filing_id,politician,member_status,state_district,source_pdf,source_year,transaction_number_in_filing,owner,asset_v8_2_cleaned,asset_v8_1,ticker_v8_2_cleaned,ticker_v8_1,asset_type,transaction_type,transaction_date,notification_date,amount_min,amount_max,amount_exact,amount_category,amount_status,filing_status,subholding,location,description,comments,page,last_page,page_parse_method,page_recovery_used,filing_page_completeness_issue,suspected_missed_pages,page_continuation_used,duplicate_geometry_rows_merged,possible_adjacent_same_signature,row_shaded,geometry_quality_score,unicode_repair_applied,unicode_repair_count,needs_review,original_pdf_url,review_level,review_reason,owner_raw,asset_raw,asset_lookup_context,transaction_type_raw,transaction_date_raw,notification_date_raw,amount_raw,continuation_raw,detail_raw,review_reason_v8_1,review_level_v8_1,needs_review_v8_1,geometry_quality_score_v8_1,ticker_candidate_raw,ticker_parse_status,ticker_validation_source,ticker_changed,asset_changed_by_ticker_resolver,raw_date_has_extra_text,raw_date_prefix,date_prefix_disagrees
20024346,Hon. Rob Bresnahan,Member,PA08,20024346.pdf,2025,1,JT,"AAON, Inc. - Common Stock","AAON, Inc. - Common Stock",AAON,AAON,ST,S,2025-01-13,2025-01-13,1001.0,15000.0,,"$1,001 - $15,000",valid_range,New,Joint Ownership LPL Account,,,,1,1,table,False,False,,False,0,True,False,95,True,20,True,https://disclosures-clerk.house.gov/public_disc/ptr-pdfs/2025/20024346.pdf,low,adjacent transaction has same core signature,JT,"AAON, Inc. - Common Stock (AAON) [ST] Filing Status: New Subholding Of: Joint Ownership LPL Ac","AAON, Inc. - Common Stock (AAON) [ST]",S ccount,01/13/2025,01/13/2025,"$1,001 - $15,000",,"JT AAON, Inc. - Common Stock (AAON) [ST] S 01/13/2025 01/13/2025 $1,001 - $15,000 Filing Status: New Subholding Of: Joint Ownership LPL Account",adjacent transaction has same core signature,low,True,95,AAON,accepted,house_ptr_structure+v8_1,False,False,False,01/13/2025,False
20024346,Hon. Rob Bresnahan,Member,PA08,20024346.pdf,2025,2,JT,"AAON, Inc. - Common Stock","AAON, Inc. - Common Stock",AAON,AAON,ST,S,2025-01-13,2025-01-13,1001.0,15000.0,,"$1,001 - $15,000",valid_range,New,Joint Ownership LPL Account,,,,1,1,table,False,False,,False,0,False,True,100,True,20,False,https://disclosures-clerk.house.gov/public_disc/ptr-pdfs/2025/20024346.pdf,,,JT,"AAON, Inc. - Common Stock (AAON) [ST]","AAON, Inc. - Common Stock (AAON) [ST]",S,01/13/2025,01/13/2025,"$1,001 - $15,000",Filing Status: New Subholding Of: Joint Ownership LPL Account,"JT AAON, Inc. - Common Stock (AAON) [ST] S 01/13/2025 01/13/2025 $1,001 - $15,000 Filing Status: New Subholding Of: Joint Ownership LPL Account",,,False,100,AAON,accepted,house_ptr_structure+v8_1,False,False,False,01/13/2025,False
20024346,Hon. Rob Bresnahan,Member,PA08,20024346.pdf,2025,3,JT,Accenture plc Class A Ordinary Shares,Accenture plc Class A Ordinary Shares,ACN,ACN,ST,S,2025-01-13,2025-01-13,1001.0,15000.0,,"$1,001 - $15,000",valid_range,New,Joint Ownership LPL Account,,,,1,1,table,False,False,,False,0,False,False,100,True,20,False,https://disclosures-clerk.house.gov/public_disc/ptr-pdfs/2025/20024346.pdf,,,JT,Accenture plc Class A Ordinary Shares (ACN) [ST] Filing Status: New Subholding Of: Joint Ownership LPL Ac,Accenture plc Class A Ordinary Shares (ACN) [ST],S ccount,01/13/2025,01/13/2025,"$1,001 - $15,000",,"JT Accenture plc Class A Ordinary Shares (ACN) [ST] S 01/13/2025 01/13/2025 $1,001 - $15,000 Filing Status: New Subholding Of: Joint Ownership LPL Account",,,False,100,ACN,accepted,house_ptr_structure+v8_1,False,False,False,01/13/2025,False
20024346,Hon. Rob Bresnahan,Member,PA08,20024346.pdf,2025,4,JT,Adobe Inc. - Common Stock,Adobe Inc. - Common Stock,ADBE,ADBE,ST,S,2025-01-13,2025-01-13,1001.0,15000.0,,"$1,001 - $15,000",valid_range,New,Joint Ownership LPL Account,,,,1,1,table,False,False,,False,0,False,True,100,True,20,False,https://disclosures-clerk.house.gov/public_disc/ptr-pdfs/2025/20024346.pdf,,,JT,Adobe Inc. - Common Stock (ADBE) [ST],Adobe Inc. - Common Stock (ADBE) [ST],S,01/13/2025,01/13/2025,"$1,001 - $15,000",Filing Status: New Subholding Of: Joint Ownership LPL Account,"JT Adobe Inc. - Common Stock (ADBE) [ST] S 01/13/2025 01/13/2025 $1,001 - $15,000 Filing Status: New Subholding Of: Joint Ownership LPL Account",,,False,100,ADBE,accepted,house_ptr_structure+v8_1,False,False,False,01/13/2025,False
20024346,Hon. Rob Bresnahan,Member,PA08,20024346.pdf,2025,5,JT,"Advanced Drainage Systems, Inc. Common Stock","Advanced Drainage Systems, Inc. Common Stock",WMS,WMS,ST,S,2025-01-13,2025-01-13,1001.0,15000.0,,"$1,001 - $15,000",valid_range,New,Joint Ownership LPL Account,,,,1,1,table,False,False,,False,0,False,False,100,True,20,False,https://disclosures-clerk.house.gov/public_disc/ptr-pdfs/2025/20024346.pdf,,,JT,"Advanced Drainage Systems, Inc. Common Stock (WMS) [ST] Filing Status: New Subholding Of: Joint Ownership LPL Ac","Advanced Drainage Systems, Inc. Common Stock (WMS) [ST]",S ccount,01/13/2025,01/13/2025,"$1,001 - $15,000",,"JT Advanced Drainage Systems, Inc. Common Stock (WMS) [ST] S 01/13/2025 01/13/2025 $1,001 - $15,000 Filing Status: New Subholding Of: Joint Ownership LPL Account",,,False,100,WMS,accepted,house_ptr_structure+v8_1,False,False,False,01/13/2025,False
20024346,Hon. Rob Bresnahan,Member,PA08,20024346.pdf,2025,6,JT,"Advanced Micro Devices, Inc.","Advanced Micro Devices, Inc.",AMD,AMD,ST,S,2025-01-13,2025-01-13,1001.0,15000.0,,"$1,001 - $15,000",valid_range,New,Joint Ownership LPL Account,,,,1,1,table,False,False,,False,0,False,True,100,True,20,False,https://disclosures-clerk.house.gov/public_disc/ptr-pdfs/2025/20024346.pdf,,,JT,"Advanced Micro Devices, Inc. (AMD) [ST]","Advanced Micro Devices, Inc. (AMD) [ST]",S,01/13/2025,01/13/2025,"$1,001 - $15,000",Filing Status: New Subholding Of: Joint Ownership LPL Account,"JT Advanced Micro Devices, Inc. (AMD) [ST] S 01/13/2025 01/13/2025 $1,001 - $15,000 Filing Status: New Subholding Of: Joint Ownership LPL Account",,,False,100,AMD,accepted,house_ptr_structure+v8_1,False,False,False,01/13/2025,False
20024346,Hon. Rob Bresnahan,Member,PA08,20024346.pdf,2025,7,,Alibaba Group Holding Limited American Depositary Shares each representing eight Ordinary share,Alibaba Group Holding Limited American Depositary Shares each representing eight Ordinary share,BABA,BABA,ST,P,2025-01-29,2025-01-29,1001.0,15000.0,,"$1,001 - $15,000",valid_range,New,JP Morgan Brokerage Account #2,,,,2,2,table,False,False,,False,0,True,False,95,True,20,True,https://disclosures-clerk.house.gov/public_disc/ptr-pdfs/2025/20024346.pdf,low,adjacent transaction has same core signature,,Alibaba Group Holding Limited American Depositary Shares each representing eight Ordinary share (BABA) [ST] Filing Status: New Subholding Of: JP Morgan Brokerage Ac,Alibaba Group Holding Limited American Depositary Shares each representing eight Ordinary share (BABA) [ST],P ccount #2,01/29/2025,01/29/2025,"$1,001 - $15,000",,"Alibaba Group Holding Limited American Depositary Shares each representing eight Ordinary share (BABA) [ST] P 01/29/2025 01/29/2025 $1,001 - $15,000 Filing Status: New Subholding Of: JP Morgan Brokerage Account #2",adjacent transaction has same core signature,low,True,95,BABA,accepted,house_ptr_structure+v8_1,False,False,False,01/29/2025,False
20024346,Hon. Rob Bresnahan,Member,PA08,20024346.pdf,2025,8,,Alibaba Group Holding Limited American Depositary Shares each representing eight Ordinary share,Alibaba Group Holding Limited American Depositary Shares each representing eight Ordinary share,BABA,BABA,ST,P,2025-01-29,2025-01-29,1001.0,15000.0,,"$1,001 - $15,000",valid_range,New,JP Morgan Brokerage Account #2,,,,2,2,table,False,False,,False,0,False,True,100,True,20,False,https://disclosures-clerk.house.gov/public_disc/ptr-pdfs/2025/20024346.pdf,,,,Alibaba Group Holding Limited American Depositary Shares each representing eight Ordinary share (BABA) [ST],Alibaba Group Holding Limited American Depositary Shares each representing eight Ordinary share (BABA) [ST],P,01/29/2025,01/29/2025,"$1,001 - $15,000",Filing Status: New Subholding Of: JP Morgan Brokerage Account #2,"Alibaba Group Holding Limited American Depositary Shares each representing eight Ordinary share (BABA) [ST] P 01/29/2025 01/29/2025 $1,001 - $15,000 Filing Status: New Subholding Of: JP Morgan Brokerage Account #2",,,False,100,BABA,accepted,house_ptr_structure+v8_1,False,False,False,01/29/2025,False
20024346,Hon. Rob Bresnahan,Member,PA08,20024346.pdf,2025,9,,Alibaba Group Holding Limited American Depositary Shares each representing eight Ordinary share,Alibaba Group Holding Limited American Depositary Shares each representing eight Ordinary share,BABA,BABA,ST,P,2025-01-30,2025-01-30,1001.0,15000.0,,"$1,001 - $15,000",valid_range,New,JP Morgan Brokerage Account #2,,,,2,2,table,False,False,,False,0,False,False,100,True,20,False,https://disclosures-clerk.house.gov/public_disc/ptr-pdfs/2025/20024346.pdf,,,,Alibaba Group Holding Limited American Depositary Shares each representing eight Ordinary share (BABA) [ST] Filing Status: New Subholding Of: JP Morgan Brokerage Ac,Alibaba Group Holding Limited American Depositary Shares each representing eight Ordinary share (BABA) [ST],P ccount #2,01/30/2025,01/30/2025,"$1,001 - $15,000",,"Alibaba Group Holding Limited American Depositary Shares each representing eight Ordinary share (BABA) [ST] P 01/30/2025 01/30/2025 $1,001 - $15,000 Filing Status: New Subholding Of: JP Morgan Brokerage Account #2",,,False,100,BABA,accepted,house_ptr_structure+v8_1,False,False,False,01/30/2025,False
20024346,Hon. Rob Bresnahan,Member,PA08,20024346.pdf,2025,10,,Alibaba Group Holding Limited American Depositary Shares each representing eight Ordinary share,Alibaba Group Holding Limited American Depositary Shares each representing eight Ordinary share,BABA,BABA,ST,P,2025-01-29,2025-01-29,1001.0,15000.0,,"$1,001 - $15,000",valid_range,New,JP Morgan Brokerage Account #2,,,,2,2,table,False,False,,False,0,False,True,100,True,20,False,https://disclosures-clerk.house.gov/public_disc/ptr-pdfs/2025/20024346.pdf,,,,Alibaba Group Holding Limited American Depositary Shares each representing eight Ordinary share (BABA) [ST],Alibaba Group Holding Limited American Depositary Shares each representing eight Ordinary share (BABA) [ST],P,01/29/2025,01/29/2025,"$1,001 - $15,000",Filing Status: New Subholding Of: JP Morgan Brokerage Account #2,"Alibaba Group Holding Limited American Depositary Shares each representing eight Ordinary share (BABA) [ST] P 01/29/2025 01/29/2025 $1,001 - $15,000 Filing Status: New Subholding Of: JP Morgan Brokerage Account #2",,,False,100,BABA,accepted,house_ptr_structure+v8_1,False,False,False,01/29/2025,False
20024346,Hon. Rob Bresnahan,Member,PA08,20024346.pdf,2025,11,,Alphabet Inc. - Class C Capital Stock,Alphabet Inc. - Class C Capital Stock,GOOG,GOOG,ST,S,2025-01-21,2025-01-21,50001.0,100000.0,,"$50,001 - $100,000",valid_range,New,LPL Account I,,,,2,2,table,False,False,,False,0,False,False,100,True,20,False,https://disclosures-clerk.house.gov/public_disc/ptr-pdfs/2025/20024346.pdf,,,,Alphabet Inc. - Class C Capital Stock (GOOG) [ST] Filing Status: New Subholding Of: LPL Account I,Alphabet Inc. - Class C Capital Stock (GOOG) [ST],S,01/21/2025,01/21/2025,"$50,001 - $100,000",,"Alphabet Inc. - Class C Capital Stock (GOOG) [ST] S 01/21/2025 01/21/2025 $50,001 - $100,000 Filing Status: New Subholding Of: LPL Account I",,,False,100,GOOG,accepted,house_ptr_structure+v8_1,False,False,False,01/21/2025,False
20024346,Hon. Rob Bresnahan,Member,PA08,20024346.pdf,2025,12,JT,Alphabet Inc. - Class C Capital Stock,Alphabet Inc. - Class C Capital Stock,GOOG,GOOG,ST,S,2025-01-13,2025-01-13,1001.0,15000.0,,"$1,001 - $15,000",valid_range,New,Joint Ownership LPL Account,,,,2,2,table,False,False,,False,0,False,True,100,True,20,False,https://disclosures-clerk.house.gov/public_disc/ptr-pdfs/2025/20024346.pdf,,,JT,Alphabet Inc. - Class C Capital Stock (GOOG) [ST],Alphabet Inc. - Class C Capital Stock (GOOG) [ST],S,01/13/2025,01/13/2025,"$1,001 - $15,000",Filing Status: New Subholding Of: Joint Ownership LPL Account,"JT Alphabet Inc. - Class C Capital Stock (GOOG) [ST] S 01/13/2025 01/13/2025 $1,001 - $15,000 Filing Status: New Subholding Of: Joint Ownership LPL Account",,,False,100,GOOG,accepted,house_ptr_structure+v8_1,False,False,False,01/13/2025,False
20024346,Hon. Rob Bresnahan,Member,PA08,20024346.pdf,2025,13,JT,"ANSYS, Inc. - Common Stock","ANSYS, Inc. - Common Stock",ANSS,ANSS,ST,S,2025-01-13,2025-01-13,1001.0,15000.0,,"$1,001 - $15,000",valid_range,New,Joint Ownership LPL Account,,,,2,2,table,False,False,,False,0,False,False,100,True,20,False,https://disclosures-clerk.house.gov/public_disc/ptr-pdfs/2025/20024346.pdf,,,JT,"ANSYS, Inc. - Common Stock (ANSS) [ST] Filing Status: New Subholding Of: Joint Ownership LPL Ac","ANSYS, Inc. - Common Stock (ANSS) [ST]",S ccount,01/13/2025,01/13/2025,"$1,001 - $15,000",,"JT ANSYS, Inc. - Common Stock (ANSS) [ST] S 01/13/2025 01/13/2025 $1,001 - $15,000 Filing Status: New Subholding Of: Joint Ownership LPL Account",,,False,100,ANSS,accepted,house_ptr_structure+v8_1,False,False,False,01/13/2025,False
20024346,Hon. Rob Bresnahan,Member,PA08,20024346.pdf,2025,14,JT,"AppFolio, Inc. - Class A Common Stock","AppFolio, Inc. - Class A Common Stock",APPF,APPF,ST,S,2025-01-13,2025-01-13,1001.0,15000.0,,"$1,001 - $15,000",valid_range,New $200?,Joint Ownership LPL Account,,,,2,3,table,False,False,,True,0,False,True,98,True,20,False,https://disclosures-clerk.house.gov/public_disc/ptr-pdfs/2025/20024346.pdf,,,JT,"AppFolio, Inc. - Class A Common Stock (APPF) [ST]","AppFolio, Inc. - Class A Common Stock (APPF) [ST]",S,01/13/2025,01/13/2025,"$1,001 - $15,000",Filing Status: New $200? Subholding Of: Joint Ownership LPL Account,"JT AppFolio, Inc. - Class A Common Stock (APPF) [ST] S 01/13/2025 01/13/2025 $1,001 - $15,000 Filing Status: New $200? Subholding Of: Joint Ownership LPL Account",,,False,98,APPF,accepted,house_ptr_structure+v8_1,False,False,False,01/13/2025,False
20024346,Hon. Rob Bresnahan,Member,PA08,20024346.pdf,2025,15,JT,"Arista Networks, Inc. Common Stock","Arista Networks, Inc. Common Stock",ANET,ANET,ST,S,2025-01-13,2025-01-13,1001.0,15000.0,,"$1,001 - $15,000",valid_range,New,Joint Ownership LPL Account,,,,3,3,table,False,False,,False,0,False,False,100,True,20,False,https://disclosures-clerk.house.gov/public_disc/ptr-pdfs/2025/20024346.pdf,,,JT,"Arista Networks, Inc. Common Stock (ANET) [ST] Filing Status: New Subholding Of: Joint Ownership LPL Ac","Arista Networks, Inc. Common Stock (ANET) [ST]",S ccount,01/13/2025,01/13/2025,"$1,001 - $15,000",,"JT Arista Networks, Inc. Common Stock (ANET) [ST] S 01/13/2025 01/13/2025 $1,001 - $15,000 Filing Status: New Subholding Of: Joint Ownership LPL Account",,,False,100,ANET,accepted,house_ptr_structure+v8_1,False,False,False,01/13/2025,False
20024346,Hon. Rob Bresnahan,Member,PA08,20024346.pdf,2025,16,,Atlassian Corporation - Class A Common Stock,Atlassian Corporation - Class A Common Stock,TEAM,TEAM,ST,P,2025-01-28,2025-01-28,1001.0,15000.0,,"$1,001 - $15,000",valid_range,New,JP Morgan Brokerage Account #2,,,,3,3,table,False,False,,False,0,True,True,95,True,20,True,https://disclosures-clerk.house.gov/public_disc/ptr-pdfs/2025/20024346.pdf,low,adjacent transaction has same core signature,,Atlassian Corporation - Class A Common Stock (TEAM) [ST],Atlassian Corporation - Class A Common Stock (TEAM) [ST],P,01/28/2025,01/28/2025,"$1,001 - $15,000",Filing Status: New Subholding Of: JP Morgan Brokerage Account #2,"Atlassian Corporation - Class A Common Stock (TEAM) [ST] P 01/28/2025 01/28/2025 $1,001 - $15,000 Filing Status: New Subholding Of: JP Morgan Brokerage Account #2",adjacent transaction has same core signature,low,True,95,TEAM,accepted,house_ptr_structure+v8_1,False,False,False,01/28/2025,False
20024346,Hon. Rob Bresnahan,Member,PA08,20024346.pdf,2025,17,,Atlassian Corporation - Class A Common Stock,Atlassian Corporation - Class A Common Stock,TEAM,TEAM,ST,P,2025-01-28,2025-01-28,1001.0,15000.0,,"$1,001 - $15,000",valid_range,New,JP Morgan Brokerage Account #2,,,,3,3,table,False,False,,False,0,True,False,95,True,20,True,https://disclosures-clerk.house.gov/public_disc/ptr-pdfs/2025/20024346.pdf,low,adjacent transaction has same core signature,,Atlassian Corporation - Class A Common Stock (TEAM) [ST] Filing Status: New Subholding Of: JP Morgan Brokerage Ac,Atlassian Corporation - Class A Common Stock (TEAM) [ST],P ccount #2,01/28/2025,01/28/2025,"$1,001 - $15,000",,"Atlassian Corporation - Class A Common Stock (TEAM) [ST] P 01/28/2025 01/28/2025 $1,001 - $15,000 Filing Status: New Subholding Of: JP Morgan Brokerage Account #2",adjacent transaction has same core signature,low,True,95,TEAM,accepted,house_ptr_structure+v8_1,False,False,False,01/28/2025,False
20024346,Hon. Rob Bresnahan,Member,PA08,20024346.pdf,2025,18,,Atlassian Corporation - Class A Common Stock,Atlassian Corporation - Class A Common Stock,TEAM,TEAM,ST,P,2025-01-28,2025-01-28,1001.0,15000.0,,"$1,001 - $15,000",valid_range,New,JP Morgan Brokerage Account #2,,,,3,3,table,False,False,,False,0,False,True,100,True,20,False,https://disclosures-clerk.house.gov/public_disc/ptr-pdfs/2025/20024346.pdf,,,,Atlassian Corporation - Class A Common Stock (TEAM) [ST],Atlassian Corporation - Class A Common Stock (TEAM) [ST],P,01/28/2025,01/28/2025,"$1,001 - $15,000",Filing Status: New Subholding Of: JP Morgan Brokerage Account #2,"Atlassian Corporation - Class A Common Stock (TEAM) [ST] P 01/28/2025 01/28/2025 $1,001 - $15,000 Filing Status: New Subholding Of: JP Morgan Brokerage Account #2",,,False,100,TEAM,accepted,house_ptr_structure+v8_1,False,False,False,01/28/2025,False
20024346,Hon. Rob Bresnahan,Member,PA08,20024346.pdf,2025,19,JT,"Axon Enterprise, Inc. - Common Stock","Axon Enterprise, Inc. - Common Stock",AXON,AXON,ST,S,2025-01-13,2025-01-13,1001.0,15000.0,,"$1,001 - $15,000",valid_range,New,Joint Ownership LPL Account,,,,3,3,table,False,False,,False,0,False,False,100,True,20,False,https://disclosures-clerk.house.gov/public_disc/ptr-pdfs/2025/20024346.pdf,,,JT,"Axon Enterprise, Inc. - Common Stock (AXON) [ST] Filing Status: New Subholding Of: Joint Ownership LPL Ac","Axon Enterprise, Inc. - Common Stock (AXON) [ST]",S ccount,01/13/2025,01/13/2025,"$1,001 - $15,000",,"JT Axon Enterprise, Inc. - Common Stock (AXON) [ST] S 01/13/2025 01/13/2025 $1,001 - $15,000 Filing Status: New Subholding Of: Joint Ownership LPL Account",,,False,100,AXON,accepted,house_ptr_structure+v8_1,False,False,False,01/13/2025,False
20024346,Hon. Rob Bresnahan,Member,PA08,20024346.pdf,2025,20,,Berkshire Hathaway Inc. New Common Stock,Berkshire Hathaway Inc. New Common Stock,BRK.B,BRK.B,OP,S,2025-01-15,2025-01-15,15001.0,50000.0,,"$15,001 - $50,000",valid_range,New,LPL Account I,,C 380.00,,3,3,table,False,False,,False,0,False,True,100,True,30,False,https://disclosures-clerk.house.gov/public_disc/ptr-pdfs/2025/20024346.pdf,,,,Berkshire Hathaway Inc. New Common Stock (BRK.B) [OP],Berkshire Hathaway Inc. New Common Stock (BRK.B) [OP],S,01/15/2025,01/15/2025,"$15,001 - $50,000",Filing Status: New Subholding Of: LPL Account I Description: C 380.00,"Berkshire Hathaway Inc. New Common Stock (BRK.B) [OP] S 01/15/2025 01/15/2025 $15,001 - $50,000 Filing Status: New Subholding Of: LPL Account I Description: C 380.00",,,False,100,,not_applicable,,False,False,False,01/15/2025,False
20024346,Hon. Rob Bresnahan,Member,PA08,20024346.pdf,2025,21,,Berkshire Hathaway Inc. New Common Stock,Berkshire Hathaway Inc. New Common Stock,BRK.B,BRK.B,ST,S,2025-01-15,2025-01-15,15001.0,50000.0,,"$15,001 - $50,000",valid_range,New,LPL Account I,,,,3,3,table,False,False,,False,0,False,False,100,True,20,False,https://disclosures-clerk.house.gov/public_disc/ptr-pdfs/2025/20024346.pdf,,,,Berkshire Hathaway Inc. New Common Stock (BRK.B) [ST] Filing Status: New Subholding Of: LPL Account I,Berkshire Hathaway Inc. New Common Stock (BRK.B) [ST],S,01/15/2025,01/15/2025,"$15,001 - $50,000",,"Berkshire Hathaway Inc. New Common Stock (BRK.B) [ST] S 01/15/2025 01/15/2025 $15,001 - $50,000 Filing Status: New Subholding Of: LPL Account I",,,False,100,BRK.B,accepted,house_ptr_structure+v8_1,False,False,False,01/15/2025,False
20024346,Hon. Rob Bresnahan,Member,PA08,20024346.pdf,2025,22,JT,Berkshire Hathaway Inc. New Common Stock,Berkshire Hathaway Inc. New Common Stock,BRK.B,BRK.B,OP,P,2025-01-13,2025-01-13,1001.0,15000.0,,"$1,001 - $15,000",valid_range,New,Joint Ownership LPL Account,,CALL BERKSHIRE CL B NEW $300 EXP 01/17/25 CLASS B,,3,3,table,False,False,,False,0,False,True,100,True,30,False,https://disclosures-clerk.house.gov/public_disc/ptr-pdfs/2025/20024346.pdf,,,JT,Berkshire Hathaway Inc. New Common Stock (BRK.B) [OP],Berkshire Hathaway Inc. New Common Stock (BRK.B) [OP],P,01/13/2025,01/13/2025,"$1,001 - $15,000",Filing Status: New Subholding Of: Joint Ownership LPL Account Description: CALL BERKSHIRE CL B NEW $300 EXP 01/17/25 CLASS B,"JT Berkshire Hathaway Inc. New Common Stock (BRK.B) [OP] P 01/13/2025 01/13/2025 $1,001 - $15,000 Filing Status: New Subholding Of: Joint Ownership LPL Account Description: CALL BERKSHIRE CL B NEW $300 EXP 01/17/25 CLASS B",,,False,100,,not_applicable,,False,False,False,01/13/2025,False
20024346,Hon. Rob Bresnahan,Member,PA08,20024346.pdf,2025,23,JT,Berkshire Hathaway Inc. New,Berkshire Hathaway Inc. New,BRK.B,BRK.B,ST,P,2025-01-13,2025-01-13,15001.0,50000.0,,"$15,001 - $50,000",valid_range,New,Joint Ownership LPL Account,,,,3,4,table,False,False,,True,0,False,False,98,True,20,False,https://disclosures-clerk.house.gov/public_disc/ptr-pdfs/2025/20024346.pdf,,,JT,Berkshire Hathaway Inc. New,"Berkshire Hathaway Inc. New Common Stock (BRK.B) [ST] $50,000",P,01/13/2025,01/13/2025,"$15,001 -","Common Stock (BRK.B) [ST] $50,000 Filing Status: New Subholding Of: Joint Ownership LPL Account","JT Berkshire Hathaway Inc. New P 01/13/2025 01/13/2025 $15,001 - Common Stock (BRK.B) [ST] $50,000 Filing Status: New Subholding Of: Joint Ownership LPL Account",,,False,98,BRK.B,accepted,house_ptr_structure+v8_1,False,False,False,01/13/2025,False
20024346,Hon. Rob Bresnahan,Member,PA08,20024346.pdf,2025,24,,Berkshire Hathaway Inc. New Common Stock,Berkshire Hathaway Inc. New Common Stock,BRK.B,BRK.B,OP,P,2025-01-15,2025-01-15,50001.0,100000.0,,"$50,001 - $100,000",valid_range,New,LPL Account I,,EXP 01/17/25 CLASS B C 300.00,,4,4,table,False,False,,False,0,False,True,100,True,30,False,https://disclosures-clerk.house.gov/public_disc/ptr-pdfs/2025/20024346.pdf,,,,Berkshire Hathaway Inc. New Common Stock (BRK.B) [OP],Berkshire Hathaway Inc. New Common Stock (BRK.B) [OP],P,01/15/2025,01/15/2025,"$50,001 - $100,000",Filing Status: New Subholding Of: LPL Account I Description: EXP 01/17/25 CLASS B C 300.00,"Berkshire Hathaway Inc. New Common Stock (BRK.B) [OP] P 01/15/2025 01/15/2025 $50,001 - $100,000 Filing Status: New Subholding Of: LPL Account I Description: EXP 01/17/25 CLASS B C 300.00",,,False,100,,not_applicable,,False,False,False,01/15/2025,False
20024346,Hon. Rob Bresnahan,Member,PA08,20024346.pdf,2025,25,JT,Berkshire Hathaway Inc. New Common Stock,Berkshire Hathaway Inc. New Common Stock,BRK.B,BRK.B,ST,S,2025-01-13,2025-01-13,15001.0,50000.0,,"$15,001 - $50,000",valid_range,New,Joint Ownership LPL Account,,,,4,4,table,False,False,,False,0,False,False,100,True,20,False,https://disclosures-clerk.house.gov/public_disc/ptr-pdfs/2025/20024346.pdf,,,JT,Berkshire Hathaway Inc. New Common Stock (BRK.B) [ST] Filing Status: New Subholding Of: Joint Ownership LPL Ac,Berkshire Hathaway Inc. New Common Stock (BRK.B) [ST],S ccount,01/13/2025,01/13/2025,"$15,001 - $50,000",,"JT Berkshire Hathaway Inc. New Common Stock (BRK.B) [ST] S 01/13/2025 01/13/2025 $15,001 - $50,000 Filing Status: New Subholding Of: Joint Ownership LPL Account",,,False,100,BRK.B,accepted,house_ptr_structure+v8_1,False,False,False,01/13/2025,False
20024346,Hon. Rob Bresnahan,Member,PA08,20024346.pdf,2025,26,JT,Berkshire Hathaway Inc. New Common Stock,Berkshire Hathaway Inc. New Common Stock,BRK.B,BRK.B,ST,P,2025-01-13,2025-01-10,15001.0,50000.0,,"$15,001 - $50,000",valid_range,New,Joint Ownership LPL Account,,,,4,4,table,False,False,,False,0,False,True,75,True,20,True,https://disclosures-clerk.house.gov/public_disc/ptr-pdfs/2025/20024346.pdf,high,notification date before transaction date,JT,Berkshire Hathaway Inc. New Common Stock (BRK.B) [ST],Berkshire Hathaway Inc. New Common Stock (BRK.B) [ST],P,01/13/2025,01/10/2025,"$15,001 - $50,000",Filing Status: New Subholding Of: Joint Ownership LPL Account,"JT Berkshire Hathaway Inc. New Common Stock (BRK.B) [ST] P 01/13/2025 01/10/2025 $15,001 - $50,000 Filing Status: New Subholding Of: Joint Ownership LPL Account",notification date before transaction date,high,True,75,BRK.B,accepted,house_ptr_structure+v8_1,False,False,False,01/13/2025,False
20024346,Hon. Rob Bresnahan,Member,PA08,20024346.pdf,2025,27,JT,Berkshire Hathaway Inc. New Common Stock,Berkshire Hathaway Inc. New Common Stock,BRK.B,BRK.B,OP,P,2025-01-13,2025-01-13,1001.0,15000.0,,"$1,001 - $15,000",valid_range,New,Joint Ownership LPL Account,,CALL BERKSHIRE CL B NEW $300 EXP 01/17/25 CLASS B,,4,4,table,False,False,,False,0,False,False,100,True,30,False,https://disclosures-clerk.house.gov/public_disc/ptr-pdfs/2025/20024346.pdf,,,JT,Berkshire Hathaway Inc. New Common Stock (BRK.B) [OP] Filing Status: New Subholding Of: Joint Ownership LPL Ac Description: CALL BERKSHIRE CL B NE,Berkshire Hathaway Inc. New Common Stock (BRK.B) [OP],P ccount EW $300 EXP 01,01/13/2025 1/17/25 CLASS,01/13/2025 B,"$1,001 - $15,000",,"JT Berkshire Hathaway Inc. New Common Stock (BRK.B) [OP] P 01/13/2025 01/13/2025 $1,001 - $15,000 Filing Status: New Subholding Of: Joint Ownership LPL Account Description: CALL BERKSHIRE CL B NEW $300 EXP 01/17/25 CLASS B",,,False,100,,not_applicable,,False,False,True,01/13/2025,False
20024346,Hon. Rob Bresnahan,Member,PA08,20024346.pdf,2025,28,JT,"Berry Global Group, Inc. Common Stock","Berry Global Group, Inc. Common Stock",BERY,BERY,ST,S,2025-01-13,2025-01-13,1001.0,15000.0,,"$1,001 - $15,000",valid_range,New,Joint Ownership LPL Account,,,,4,4,table,False,False,,False,0,False,True,100,True,20,False,https://disclosures-clerk.house.gov/public_disc/ptr-pdfs/2025/20024346.pdf,,,JT,"Berry Global Group, Inc. Common Stock (BERY) [ST]","Berry Global Group, Inc. Common Stock (BERY) [ST]",S,01/13/2025,01/13/2025,"$1,001 - $15,000",Filing Status: New Subholding Of: Joint Ownership LPL Account,"JT Berry Global Group, Inc. Common Stock (BERY) [ST] S 01/13/2025 01/13/2025 $1,001 - $15,000 Filing Status: New Subholding Of: Joint Ownership LPL Account",,,False,100,BERY,accepted,house_ptr_structure+v8_1,False,False,False,01/13/2025,False
20024346,Hon. Rob Bresnahan,Member,PA08,20024346.pdf,2025,29,JT,Boeing Company,Boeing Company,BA,BA,ST,S,2025-01-13,2025-01-13,15001.0,50000.0,,"$15,001 - $50,000",valid_range,New,Joint Ownership LPL Account,,,,4,4,table,False,False,,False,0,False,False,100,True,20,False,https://disclosures-clerk.house.gov/public_disc/ptr-pdfs/2025/20024346.pdf,,,JT,Boeing Company (BA) [ST] Filing Status: New Subholding Of: Joint Ownership LPL Ac,Boeing Company (BA) [ST],S ccount,01/13/2025,01/13/2025,"$15,001 - $50,000",,"JT Boeing Company (BA) [ST] S 01/13/2025 01/13/2025 $15,001 - $50,000 Filing Status: New Subholding Of: Joint Ownership LPL Account",,,False,100,BA,accepted,house_ptr_structure+v8_1,False,False,False,01/13/2025,False
20024346,Hon. Rob Bresnahan,Member,PA08,20024346.pdf,2025,30,JT,Booz Allen Hamilton Holding Corporation Common Stock,Booz Allen Hamilton Holding Corporation Common Stock,BAH,BAH,ST,S,2025-01-13,2025-01-13,1001.0,15000.0,,"$1,001 - $15,000",valid_range,New,Joint Ownership LPL Account,,,,4,4,table,False,False,,False,0,False,True,100,True,20,False,https://disclosures-clerk.house.gov/public_disc/ptr-pdfs/2025/20024346.pdf,,,JT,Booz Allen Hamilton Holding Corporation Common Stock (BAH) [ST],Booz Allen Hamilton Holding Corporation Common Stock (BAH) [ST],S,01/13/2025,01/13/2025,"$1,001 - $15,000",Filing Status: New Subholding Of: Joint Ownership LPL Account,"JT Booz Allen Hamilton Holding Corporation Common Stock (BAH) [ST] S 01/13/2025 01/13/2025 $1,001 - $15,000 Filing Status: New Subholding Of: Joint Ownership LPL Account",,,False,100,BAH,accepted,house_ptr_structure+v8_1,False,False,False,01/13/2025,False
20024346,Hon. Rob Bresnahan,Member,PA08,20024346.pdf,2025,31,,Broadcom Inc. - Common Stock,Broadcom Inc. - Common Stock,AVGO,AVGO,ST,S,2025-01-28,2025-01-28,1001.0,15000.0,,"$1,001 - $15,000",valid_range,New,JP Morgan Brokerage Account #2,,,,4,5,table,False,False,,True,0,False,False,98,True,20,False,https://disclosures-clerk.house.gov/public_disc/ptr-pdfs/2025/20024346.pdf,,,,Broadcom Inc. - Common Stock (AVGO) [ST] Filing Status: New,Broadcom Inc. - Common Stock (AVGO) [ST] Subholding Of: JP Morgan Brokerage Account #2,S,01/28/2025,01/28/2025,"$1,001 - $15,000",Subholding Of: JP Morgan Brokerage Account #2,"Broadcom Inc. - Common Stock (AVGO) [ST] S 01/28/2025 01/28/2025 $1,001 - $15,000 Filing Status: New Subholding Of: JP Morgan Brokerage Account #2",,,False,98,AVGO,accepted,house_ptr_structure+v8_1,False,False,False,01/28/2025,False
20024346,Hon. Rob Bresnahan,Member,PA08,20024346.pdf,2025,32,JT,"Broadridge Financial Solutions, Inc. Common Stock","Broadridge Financial Solutions, Inc. Common Stock",BR,BR,ST,S,2025-01-13,2025-01-13,1001.0,15000.0,,"$1,001 - $15,000",valid_range,New,Joint Ownership LPL Account,,,,5,5,table,False,False,,False,0,False,True,100,True,20,False,https://disclosures-clerk.house.gov/public_disc/ptr-pdfs/2025/20024346.pdf,,,JT,"Broadridge Financial Solutions, Inc. Common Stock (BR) [ST]","Broadridge Financial Solutions, Inc. Common Stock (BR) [ST]",S,01/13/2025,01/13/2025,"$1,001 - $15,000",Filing Status: New Subholding Of: Joint Ownership LPL Account,"JT Broadridge Financial Solutions, Inc. Common Stock (BR) [ST] S 01/13/2025 01/13/2025 $1,001 - $15,000 Filing Status: New Subholding Of: Joint Ownership LPL Account",,,False,100,BR,accepted,house_ptr_structure+v8_1,False,False,False,01/13/2025,False
20024346,Hon. Rob Bresnahan,Member,PA08,20024346.pdf,2025,33,JT,"Brown & Brown, Inc. Common Stock","Brown & Brown, Inc. Common Stock",BRO,BRO,ST,S,2025-01-13,2025-01-13,1001.0,15000.0,,"$1,001 - $15,000",valid_range,New,Joint Ownership LPL Account,,,,5,5,table,False,False,,False,0,False,False,100,True,20,False,https://disclosures-clerk.house.gov/public_disc/ptr-pdfs/2025/20024346.pdf,,,JT,"Brown & Brown, Inc. Common Stock (BRO) [ST] Filing Status: New Subholding Of: Joint Ownership LPL Ac","Brown & Brown, Inc. Common Stock (BRO) [ST]",S ccount,01/13/2025,01/13/2025,"$1,001 - $15,000",,"JT Brown & Brown, Inc. Common Stock (BRO) [ST] S 01/13/2025 01/13/2025 $1,001 - $15,000 Filing Status: New Subholding Of: Joint Ownership LPL Account",,,False,100,BRO,accepted,house_ptr_structure+v8_1,False,False,False,01/13/2025,False
20024346,Hon. Rob Bresnahan,Member,PA08,20024346.pdf,2025,34,JT,"Cadence Design Systems, Inc. - Common Stock","Cadence Design Systems, Inc. - Common Stock",CDNS,CDNS,ST,S,2025-01-13,2025-01-13,1001.0,15000.0,,"$1,001 - $15,000",valid_range,New,Joint Ownership LPL Account,,,,5,5,table,False,False,,False,0,False,True,100,True,20,False,https://disclosures-clerk.house.gov/public_disc/ptr-pdfs/2025/20024346.pdf,,,JT,"Cadence Design Systems, Inc. - Common Stock (CDNS) [ST]","Cadence Design Systems, Inc. - Common Stock (CDNS) [ST]",S,01/13/2025,01/13/2025,"$1,001 - $15,000",Filing Status: New Subholding Of: Joint Ownership LPL Account,"JT Cadence Design Systems, Inc. - Common Stock (CDNS) [ST] S 01/13/2025 01/13/2025 $1,001 - $15,000 Filing Status: New Subholding Of: Joint Ownership LPL Account",,,False,100,CDNS,accepted,house_ptr_structure+v8_1,False,False,False,01/13/2025,False
20024346,Hon. Rob Bresnahan,Member,PA08,20024346.pdf,2025,35,JT,CDW Corporation - Common Stock,CDW Corporation - Common Stock,CDW,CDW,ST,S,2025-01-13,2025-01-13,1001.0,15000.0,,"$1,001 - $15,000",valid_range,New,Joint Ownership LPL Account,,,,5,5,table,False,False,,False,0,False,False,100,True,20,False,https://disclosures-clerk.house.gov/public_disc/ptr-pdfs/2025/20024346.pdf,,,JT,CDW Corporation - Common Stock (CDW) [ST] Filing Status: New Subholding Of: Joint Ownership LPL Ac,CDW Corporation - Common Stock (CDW) [ST],S ccount,01/13/2025,01/13/2025,"$1,001 - $15,000",,"JT CDW Corporation - Common Stock (CDW) [ST] S 01/13/2025 01/13/2025 $1,001 - $15,000 Filing Status: New Subholding Of: Joint Ownership LPL Account",,,False,100,CDW,accepted,house_ptr_structure+v8_1,False,False,False,01/13/2025,False
20024346,Hon. Rob Bresnahan,Member,PA08,20024346.pdf,2025,36,JT,"Celsius Holdings, Inc.","Celsius Holdings, Inc.",CELH,CELH,ST,S,2025-01-13,2025-01-13,1001.0,15000.0,,"$1,001 - $15,000",valid_range,New,Joint Ownership LPL Account,,,,5,5,table,False,False,,False,0,False,True,100,True,20,False,https://disclosures-clerk.house.gov/public_disc/ptr-pdfs/2025/20024346.pdf,,,JT,"Celsius Holdings, Inc. (CELH) [ST]","Celsius Holdings, Inc. (CELH) [ST]",S,01/13/2025,01/13/2025,"$1,001 - $15,000",Filing Status: New Subholding Of: Joint Ownership LPL Account,"JT Celsius Holdings, Inc. (CELH) [ST] S 01/13/2025 01/13/2025 $1,001 - $15,000 Filing Status: New Subholding Of: Joint Ownership LPL Account",,,False,100,CELH,accepted,house_ptr_structure+v8_1,False,False,False,01/13/2025,False
20024346,Hon. Rob Bresnahan,Member,PA08,20024346.pdf,2025,37,JT,Chevron Corporation Common Stock,Chevron Corporation Common Stock,CVX,CVX,ST,S,2025-01-13,2025-01-13,1001.0,15000.0,,"$1,001 - $15,000",valid_range,New,Joint Ownership LPL Account,,,,5,5,table,False,False,,False,0,False,False,100,True,20,False,https://disclosures-clerk.house.gov/public_disc/ptr-pdfs/2025/20024346.pdf,,,JT,Chevron Corporation Common Stock (CVX) [ST] Filing Status: New Subholding Of: Joint Ownership LPL Ac,Chevron Corporation Common Stock (CVX) [ST],S ccount,01/13/2025,01/13/2025,"$1,001 - $15,000",,"JT Chevron Corporation Common Stock (CVX) [ST] S 01/13/2025 01/13/2025 $1,001 - $15,000 Filing Status: New Subholding Of: Joint Ownership LPL Account",,,False,100,CVX,accepted,house_ptr_structure+v8_1,False,False,False,01/13/2025,False
20024346,Hon. Rob Bresnahan,Member,PA08,20024346.pdf,2025,38,JT,"Chipotle Mexican Grill, Inc. Common Stock","Chipotle Mexican Grill, Inc. Common Stock",CMG,CMG,ST,S,2025-01-13,2025-01-13,1001.0,15000.0,,"$1,001 - $15,000",valid_range,New,Joint Ownership LPL Account,,,,5,5,table,False,False,,False,0,False,True,100,True,20,False,https://disclosures-clerk.house.gov/public_disc/ptr-pdfs/2025/20024346.pdf,,,JT,"Chipotle Mexican Grill, Inc. Common Stock (CMG) [ST]","Chipotle Mexican Grill, Inc. Common Stock (CMG) [ST]",S,01/13/2025,01/13/2025,"$1,001 - $15,000",Filing Status: New Subholding Of: Joint Ownership LPL Account,"JT Chipotle Mexican Grill, Inc. Common Stock (CMG) [ST] S 01/13/2025 01/13/2025 $1,001 - $15,000 Filing Status: New Subholding Of: Joint Ownership LPL Account",,,False,100,CMG,accepted,house_ptr_structure+v8_1,False,False,False,01/13/2025,False
20024346,Hon. Rob Bresnahan,Member,PA08,20024346.pdf,2025,39,JT,"Churchill Downs, Incorporated - Common Stock","Churchill Downs, Incorporated - Common Stock",CHDN,CHDN,ST,S,2025-01-13,2025-01-13,1001.0,15000.0,,"$1,001 - $15,000",valid_range,New,Joint Ownership LPL Account,,,,5,5,table,False,False,,False,0,False,False,100,True,20,False,https://disclosures-clerk.house.gov/public_disc/ptr-pdfs/2025/20024346.pdf,,,JT,"Churchill Downs, Incorporated - Common Stock (CHDN) [ST] Filing Status: New Subholding Of: Joint Ownership LPL Ac","Churchill Downs, Incorporated - Common Stock (CHDN) [ST]",S ccount,01/13/2025,01/13/2025,"$1,001 - $15,000",,"JT Churchill Downs, Incorporated - Common Stock (CHDN) [ST] S 01/13/2025 01/13/2025 $1,001 - $15,000 Filing Status: New Subholding Of: Joint Ownership LPL Account",,,False,100,CHDN,accepted,house_ptr_structure+v8_1,False,False,False,01/13/2025,False
20024346,Hon. Rob Bresnahan,Member,PA08,20024346.pdf,2025,40,JT,"Clean Harbors, Inc. Common Stock","Clean Harbors, Inc. Common Stock",CLH,CLH,ST,S,2025-01-13,2025-01-13,1001.0,15000.0,,"$1,001 - $15,000",valid_range,New,Joint Ownership LPL Account Type Date Gains > $200?,,,,5,6,table,False,False,,True,0,False,True,98,True,20,False,https://disclosures-clerk.house.gov/public_disc/ptr-pdfs/2025/20024346.pdf,,,JT,"Clean Harbors, Inc. Common Stock (CLH) [ST]","Clean Harbors, Inc. Common Stock (CLH) [ST]",S,01/13/2025,01/13/2025,"$1,001 - $15,000",Filing Status: New Subholding Of: Joint Ownership LPL Account Type Date Gains > $200?,"JT Clean Harbors, Inc. Common Stock (CLH) [ST] S 01/13/2025 01/13/2025 $1,001 - $15,000 Filing Status: New Subholding Of: Joint Ownership LPL Account Type Date Gains > $200?",,,False,98,CLH,accepted,house_ptr_structure+v8_1,False,False,False,01/13/2025,False
20024346,Hon. Rob Bresnahan,Member,PA08,20024346.pdf,2025,41,,Coca-Cola Company,Coca-Cola Company,KO,KO,ST,S,2025-01-21,2025-01-21,1001.0,15000.0,,"$1,001 - $15,000",valid_range,New,Kuharchik 401k,,,,6,6,table,False,False,,False,0,False,False,100,True,20,False,https://disclosures-clerk.house.gov/public_disc/ptr-pdfs/2025/20024346.pdf,,,,Coca-Cola Company (KO) [ST] Filing Status: New Subholding Of: Kuharchik 401k,Coca-Cola Company (KO) [ST],S,01/21/2025,01/21/2025,"$1,001 - $15,000",,"Coca-Cola Company (KO) [ST] S 01/21/2025 01/21/2025 $1,001 - $15,000 Filing Status: New Subholding Of: Kuharchik 401k",,,False,100,KO,accepted,house_ptr_structure+v8_1,False,False,False,01/21/2025,False
20024346,Hon. Rob Bresnahan,Member,PA08,20024346.pdf,2025,42,JT,"Comfort Systems USA, Inc. Common Stock","Comfort Systems USA, Inc. Common Stock",FIX,FIX,ST,S,2025-01-13,2025-01-13,1001.0,15000.0,,"$1,001 - $15,000",valid_range,New,Joint Ownership LPL Account,,,,6,6,table,False,False,,False,0,False,True,100,True,20,False,https://disclosures-clerk.house.gov/public_disc/ptr-pdfs/2025/20024346.pdf,,,JT,"Comfort Systems USA, Inc. Common Stock (FIX) [ST]","Comfort Systems USA, Inc. Common Stock (FIX) [ST]",S,01/13/2025,01/13/2025,"$1,001 - $15,000",Filing Status: New Subholding Of: Joint Ownership LPL Account,"JT Comfort Systems USA, Inc. Common Stock (FIX) [ST] S 01/13/2025 01/13/2025 $1,001 - $15,000 Filing Status: New Subholding Of: Joint Ownership LPL Account",,,False,100,FIX,accepted,house_ptr_structure+v8_1,False,False,False,01/13/2025,False
20024346,Hon. Rob Bresnahan,Member,PA08,20024346.pdf,2025,43,,Credo Technology Group Holding Ltd - Ordinary Shares,Credo Technology Group Holding Ltd - Ordinary Shares,CRDO,CRDO,ST,S,2025-01-29,2025-01-29,1001.0,15000.0,,"$1,001 - $15,000",valid_range,New,JP Morgan Brokerage Account #2,,,,6,6,table,False,False,,False,0,True,False,95,True,20,True,https://disclosures-clerk.house.gov/public_disc/ptr-pdfs/2025/20024346.pdf,low,adjacent transaction has same core signature,,Credo Technology Group Holding Ltd - Ordinary Shares (CRDO) [ST] Filing Status: New Subholding Of: JP Morgan Brokerage Ac,Credo Technology Group Holding Ltd - Ordinary Shares (CRDO) [ST],S ccount #2,01/29/2025,01/29/2025,"$1,001 - $15,000",,"Credo Technology Group Holding Ltd - Ordinary Shares (CRDO) [ST] S 01/29/2025 01/29/2025 $1,001 - $15,000 Filing Status: New Subholding Of: JP Morgan Brokerage Account #2",adjacent transaction has same core signature,low,True,95,CRDO,accepted,house_ptr_structure+v8_1,False,False,False,01/29/2025,False
20024346,Hon. Rob Bresnahan,Member,PA08,20024346.pdf,2025,44,,Credo Technology Group Holding Ltd - Ordinary Shares,Credo Technology Group Holding Ltd - Ordinary Shares,CRDO,CRDO,ST,S,2025-01-29,2025-01-29,1001.0,15000.0,,"$1,001 - $15,000",valid_range,New,JP Morgan Brokerage Account #2,,,,6,6,table,False,False,,False,0,True,True,95,True,20,True,https://disclosures-clerk.house.gov/public_disc/ptr-pdfs/2025/20024346.pdf,low,adjacent transaction has same core signature,,Credo Technology Group Holding Ltd - Ordinary Shares (CRDO) [ST],Credo Technology Group Holding Ltd - Ordinary Shares (CRDO) [ST],S,01/29/2025,01/29/2025,"$1,001 - $15,000",Filing Status: New Subholding Of: JP Morgan Brokerage Account #2,"Credo Technology Group Holding Ltd - Ordinary Shares (CRDO) [ST] S 01/29/2025 01/29/2025 $1,001 - $15,000 Filing Status: New Subholding Of: JP Morgan Brokerage Account #2",adjacent transaction has same core signature,low,True,95,CRDO,accepted,house_ptr_structure+v8_1,False,False,False,01/29/2025,False
20024346,Hon. Rob Bresnahan,Member,PA08,20024346.pdf,2025,45,,Credo Technology Group Holding Ltd - Ordinary Shares,Credo Technology Group Holding Ltd - Ordinary Shares,CRDO,CRDO,ST,S,2025-01-29,2025-01-29,1001.0,15000.0,,"$1,001 - $15,000",valid_range,New,JP Morgan Brokerage Account #2,,,,6,6,table,False,False,,False,0,False,False,100,True,20,False,https://disclosures-clerk.house.gov/public_disc/ptr-pdfs/2025/20024346.pdf,,,,Credo Technology Group Holding Ltd - Ordinary Shares (CRDO) [ST] Filing Status: New Subholding Of: JP Morgan Brokerage Ac,Credo Technology Group Holding Ltd - Ordinary Shares (CRDO) [ST],S ccount #2,01/29/2025,01/29/2025,"$1,001 - $15,000",,"Credo Technology Group Holding Ltd - Ordinary Shares (CRDO) [ST] S 01/29/2025 01/29/2025 $1,001 - $15,000 Filing Status: New Subholding Of: JP Morgan Brokerage Account #2",,,False,100,CRDO,accepted,house_ptr_structure+v8_1,False,False,False,01/29/2025,False
20024346,Hon. Rob Bresnahan,Member,PA08,20024346.pdf,2025,46,,"CrowdStrike Holdings, Inc. - Class A Common Stock","CrowdStrike Holdings, Inc. - Class A Common Stock",CRWD,CRWD,ST,P,2025-01-28,2025-01-28,1001.0,15000.0,,"$1,001 - $15,000",valid_range,New,JP Morgan Brokerage Account #2,,,,6,6,table,False,False,,False,0,True,True,95,True,20,True,https://disclosures-clerk.house.gov/public_disc/ptr-pdfs/2025/20024346.pdf,low,adjacent transaction has same core signature,,"CrowdStrike Holdings, Inc. - Class A Common Stock (CRWD) [ST]","CrowdStrike Holdings, Inc. - Class A Common Stock (CRWD) [ST]",P,01/28/2025,01/28/2025,"$1,001 - $15,000",Filing Status: New Subholding Of: JP Morgan Brokerage Account #2,"CrowdStrike Holdings, Inc. - Class A Common Stock (CRWD) [ST] P 01/28/2025 01/28/2025 $1,001 - $15,000 Filing Status: New Subholding Of: JP Morgan Brokerage Account #2",adjacent transaction has same core signature,low,True,95,CRWD,accepted,house_ptr_structure+v8_1,False,False,False,01/28/2025,False
20024346,Hon. Rob Bresnahan,Member,PA08,20024346.pdf,2025,47,,"CrowdStrike Holdings, Inc. - Class A Common Stock","CrowdStrike Holdings, Inc. - Class A Common Stock",CRWD,CRWD,ST,P,2025-01-28,2025-01-28,1001.0,15000.0,,"$1,001 - $15,000",valid_range,New,JP Morgan Brokerage Account #2,,,,6,6,table,False,False,,False,0,False,False,100,True,20,False,https://disclosures-clerk.house.gov/public_disc/ptr-pdfs/2025/20024346.pdf,,,,"CrowdStrike Holdings, Inc. - Class A Common Stock (CRWD) [ST] Filing Status: New Subholding Of: JP Morgan Brokerage Ac","CrowdStrike Holdings, Inc. - Class A Common Stock (CRWD) [ST]",P ccount #2,01/28/2025,01/28/2025,"$1,001 - $15,000",,"CrowdStrike Holdings, Inc. - Class A Common Stock (CRWD) [ST] P 01/28/2025 01/28/2025 $1,001 - $15,000 Filing Status: New Subholding Of: JP Morgan Brokerage Account #2",,,False,100,CRWD,accepted,house_ptr_structure+v8_1,False,False,False,01/28/2025,False
20024346,Hon. Rob Bresnahan,Member,PA08,20024346.pdf,2025,48,JT,"CrowdStrike Holdings, Inc. - Class A Common Stock","CrowdStrike Holdings, Inc. - Class A Common Stock",CRWD,CRWD,ST,S,2025-01-13,2025-01-13,1001.0,15000.0,,"$1,001 - $15,000",valid_range,New,Joint Ownership LPL Account,,,,6,6,table,False,False,,False,0,False,True,100,True,20,False,https://disclosures-clerk.house.gov/public_disc/ptr-pdfs/2025/20024346.pdf,,,JT,"CrowdStrike Holdings, Inc. - Class A Common Stock (CRWD) [ST]","CrowdStrike Holdings, Inc. - Class A Common Stock (CRWD) [ST]",S,01/13/2025,01/13/2025,"$1,001 - $15,000",Filing Status: New Subholding Of: Joint Ownership LPL Account,"JT CrowdStrike Holdings, Inc. - Class A Common Stock (CRWD) [ST] S 01/13/2025 01/13/2025 $1,001 - $15,000 Filing Status: New Subholding Of: Joint Ownership LPL Account",,,False,100,CRWD,accepted,house_ptr_structure+v8_1,False,False,False,01/13/2025,False
20024346,Hon. Rob Bresnahan,Member,PA08,20024346.pdf,2025,49,,"CrowdStrike Holdings, Inc. - Class A Common Stock","CrowdStrike Holdings, Inc. - Class A Common Stock",CRWD,CRWD,ST,P,2025-01-28,2025-01-28,1001.0,15000.0,,"$1,001 - $15,000",valid_range,New,JP Morgan Brokerage Account #2,,,,6,6,table,False,False,,False,0,False,False,100,True,20,False,https://disclosures-clerk.house.gov/public_disc/ptr-pdfs/2025/20024346.pdf,,,,"CrowdStrike Holdings, Inc. - Class A Common Stock (CRWD) [ST] Filing Status: New Subholding Of: JP Morgan Brokerage Ac","CrowdStrike Holdings, Inc. - Class A Common Stock (CRWD) [ST]",P ccount #2,01/28/2025,01/28/2025,"$1,001 - $15,000",,"CrowdStrike Holdings, Inc. - Class A Common Stock (CRWD) [ST] P 01/28/2025 01/28/2025 $1,001 - $15,000 Filing Status: New Subholding Of: JP Morgan Brokerage Account #2",,,False,100,CRWD,accepted,house_ptr_structure+v8_1,False,False,False,01/28/2025,False
20024346,Hon. Rob Bresnahan,Member,PA08,20024346.pdf,2025,50,JT,"Darden Restaurants, Inc. Common Stock","Darden Restaurants, Inc. Common Stock",DRI,DRI,ST,S,2025-01-13,2025-01-13,1001.0,15000.0,,"$1,001 - $15,000",valid_range,New,Joint Ownership LPL Account,,,,7,7,table,False,False,,False,0,False,True,100,True,20,False,https://disclosures-clerk.house.gov/public_disc/ptr-pdfs/2025/20024346.pdf,,,JT,"Darden Restaurants, Inc. Common Stock (DRI) [ST]","Darden Restaurants, Inc. Common Stock (DRI) [ST]",S,01/13/2025,01/13/2025,"$1,001 - $15,000",Filing Status: New Subholding Of: Joint Ownership LPL Account,"JT Darden Restaurants, Inc. Common Stock (DRI) [ST] S 01/13/2025 01/13/2025 $1,001 - $15,000 Filing Status: New Subholding Of: Joint Ownership LPL Account",,,False,100,DRI,accepted,house_ptr_structure+v8_1,False,False,False,01/13/2025,False
20024346,Hon. Rob Bresnahan,Member,PA08,20024346.pdf,2025,51,JT,Deckers Outdoor Corporation,Deckers Outdoor Corporation,DECK,DECK,ST,S,2025-01-13,2025-01-13,1001.0,15000.0,,"$1,001 - $15,000",valid_range,New,Joint Ownership LPL Account,,,,7,7,table,False,False,,False,0,False,False,100,True,20,False,https://disclosures-clerk.house.gov/public_disc/ptr-pdfs/2025/20024346.pdf,,,JT,Deckers Outdoor Corporation (DECK) [ST] Filing Status: New Subholding Of: Joint Ownership LPL Ac,Deckers Outdoor Corporation (DECK) [ST],S ccount,01/13/2025,01/13/2025,"$1,001 - $15,000",,"JT Deckers Outdoor Corporation (DECK) [ST] S 01/13/2025 01/13/2025 $1,001 - $15,000 Filing Status: New Subholding Of: Joint Ownership LPL Account",,,False,100,DECK,accepted,house_ptr_structure+v8_1,False,False,False,01/13/2025,False
20024346,Hon. Rob Bresnahan,Member,PA08,20024346.pdf,2025,52,JT,"Dropbox, Inc. - Class A Common Stock","Dropbox, Inc. - Class A Common Stock",DBX,DBX,ST,S,2025-01-13,2025-01-13,1001.0,15000.0,,"$1,001 - $15,000",valid_range,New,Joint Ownership LPL Account,,,,7,7,table,False,False,,False,0,False,True,100,True,20,False,https://disclosures-clerk.house.gov/public_disc/ptr-pdfs/2025/20024346.pdf,,,JT,"Dropbox, Inc. - Class A Common Stock (DBX) [ST]","Dropbox, Inc. - Class A Common Stock (DBX) [ST]",S,01/13/2025,01/13/2025,"$1,001 - $15,000",Filing Status: New Subholding Of: Joint Ownership LPL Account,"JT Dropbox, Inc. - Class A Common Stock (DBX) [ST] S 01/13/2025 01/13/2025 $1,001 - $15,000 Filing Status: New Subholding Of: Joint Ownership LPL Account",,,False,100,DBX,accepted,house_ptr_structure+v8_1,False,False,False,01/13/2025,False
20024346,Hon. Rob Bresnahan,Member,PA08,20024346.pdf,2025,53,JT,"e.l.f. Beauty, Inc. Common Stock","e.l.f. Beauty, Inc. Common Stock",ELF,ELF,ST,S,2025-01-13,2025-01-13,1001.0,15000.0,,"$1,001 - $15,000",valid_range,New,Joint Ownership LPL Account,,,,7,7,table,False,False,,False,0,False,False,100,True,20,False,https://disclosures-clerk.house.gov/public_disc/ptr-pdfs/2025/20024346.pdf,,,JT,"e.l.f. Beauty, Inc. Common Stock (ELF) [ST] Filing Status: New Subholding Of: Joint Ownership LPL Ac","e.l.f. Beauty, Inc. Common Stock (ELF) [ST]",S ccount,01/13/2025,01/13/2025,"$1,001 - $15,000",,"JT e.l.f. Beauty, Inc. Common Stock (ELF) [ST] S 01/13/2025 01/13/2025 $1,001 - $15,000 Filing Status: New Subholding Of: Joint Ownership LPL Account",,,False,100,ELF,accepted,house_ptr_structure+v8_1,False,False,False,01/13/2025,False
20024346,Hon. Rob Bresnahan,Member,PA08,20024346.pdf,2025,54,JT,"Elevance Health, Inc. Common Stock","Elevance Health, Inc. Common Stock",ELV,ELV,ST,S,2025-01-13,2025-01-13,1001.0,15000.0,,"$1,001 - $15,000",valid_range,New,Joint Ownership LPL Account,,,,7,7,table,False,False,,False,0,False,True,100,True,20,False,https://disclosures-clerk.house.gov/public_disc/ptr-pdfs/2025/20024346.pdf,,,JT,"Elevance Health, Inc. Common Stock (ELV) [ST]","Elevance Health, Inc. Common Stock (ELV) [ST]",S,01/13/2025,01/13/2025,"$1,001 - $15,000",Filing Status: New Subholding Of: Joint Ownership LPL Account,"JT Elevance Health, Inc. Common Stock (ELV) [ST] S 01/13/2025 01/13/2025 $1,001 - $15,000 Filing Status: New Subholding Of: Joint Ownership LPL Account",,,False,100,ELV,accepted,house_ptr_structure+v8_1,False,False,False,01/13/2025,False
20024346,Hon. Rob Bresnahan,Member,PA08,20024346.pdf,2025,55,JT,"EMCOR Group, Inc. Common Stock","EMCOR Group, Inc. Common Stock",EME,EME,ST,S,2025-01-13,2025-01-13,1001.0,15000.0,,"$1,001 - $15,000",valid_range,New,Joint Ownership LPL Account,,,,7,7,table,False,False,,False,0,False,False,100,True,20,False,https://disclosures-clerk.house.gov/public_disc/ptr-pdfs/2025/20024346.pdf,,,JT,"EMCOR Group, Inc. Common Stock (EME) [ST] Filing Status: New Subholding Of: Joint Ownership LPL Ac","EMCOR Group, Inc. Common Stock (EME) [ST]",S ccount,01/13/2025,01/13/2025,"$1,001 - $15,000",,"JT EMCOR Group, Inc. Common Stock (EME) [ST] S 01/13/2025 01/13/2025 $1,001 - $15,000 Filing Status: New Subholding Of: Joint Ownership LPL Account",,,False,100,EME,accepted,house_ptr_structure+v8_1,False,False,False,01/13/2025,False
20024346,Hon. Rob Bresnahan,Member,PA08,20024346.pdf,2025,56,JT,"Fortinet, Inc. - Common Stock","Fortinet, Inc. - Common Stock",FTNT,FTNT,ST,S,2025-01-13,2025-01-13,1001.0,15000.0,,"$1,001 - $15,000",valid_range,New,Joint Ownership LPL Account,,,,7,7,table,False,False,,False,0,False,True,100,True,20,False,https://disclosures-clerk.house.gov/public_disc/ptr-pdfs/2025/20024346.pdf,,,JT,"Fortinet, Inc. - Common Stock (FTNT) [ST]","Fortinet, Inc. - Common Stock (FTNT) [ST]",S,01/13/2025,01/13/2025,"$1,001 - $15,000",Filing Status: New Subholding Of: Joint Ownership LPL Account,"JT Fortinet, Inc. - Common Stock (FTNT) [ST] S 01/13/2025 01/13/2025 $1,001 - $15,000 Filing Status: New Subholding Of: Joint Ownership LPL Account",,,False,100,FTNT,accepted,house_ptr_structure+v8_1,False,False,False,01/13/2025,False
20024346,Hon. Rob Bresnahan,Member,PA08,20024346.pdf,2025,57,JT,GoDaddy Inc. Class A Common Stock,GoDaddy Inc. Class A Common Stock,GDDY,GDDY,ST,S,2025-01-13,2025-01-13,1001.0,15000.0,,"$1,001 - $15,000",valid_range,New,Joint Ownership LPL Account,,,,7,7,table,False,False,,False,0,False,False,100,True,20,False,https://disclosures-clerk.house.gov/public_disc/ptr-pdfs/2025/20024346.pdf,,,JT,GoDaddy Inc. Class A Common Stock (GDDY) [ST] Filing Status: New Subholding Of: Joint Ownership LPL Ac,GoDaddy Inc. Class A Common Stock (GDDY) [ST],S ccount,01/13/2025,01/13/2025,"$1,001 - $15,000",,"JT GoDaddy Inc. Class A Common Stock (GDDY) [ST] S 01/13/2025 01/13/2025 $1,001 - $15,000 Filing Status: New Subholding Of: Joint Ownership LPL Account",,,False,100,GDDY,accepted,house_ptr_structure+v8_1,False,False,False,01/13/2025,False
20024346,Hon. Rob Bresnahan,Member,PA08,20024346.pdf,2025,58,JT,Graphic Packaging Holding Company,Graphic Packaging Holding Company,GPK,GPK,ST,S,2025-01-13,2025-01-13,1001.0,15000.0,,"$1,001 - $15,000",valid_range,New,Joint Ownership LPL Account,,,,7,7,table,False,False,,False,0,False,True,100,True,20,False,https://disclosures-clerk.house.gov/public_disc/ptr-pdfs/2025/20024346.pdf,,,JT,Graphic Packaging Holding Company (GPK) [ST],Graphic Packaging Holding Company (GPK) [ST],S,01/13/2025,01/13/2025,"$1,001 - $15,000",Filing Status: New Subholding Of: Joint Ownership LPL Account,"JT Graphic Packaging Holding Company (GPK) [ST] S 01/13/2025 01/13/2025 $1,001 - $15,000 Filing Status: New Subholding Of: Joint Ownership LPL Account",,,False,100,GPK,accepted,house_ptr_structure+v8_1,False,False,False,01/13/2025,False
20024346,Hon. Rob Bresnahan,Member,PA08,20024346.pdf,2025,59,JT,"HealthEquity, Inc. - Common Stock","HealthEquity, Inc. - Common Stock",HQY,HQY,ST,S,2025-01-13,2025-01-13,1001.0,15000.0,,"$1,001 - $15,000",valid_range,New,Joint Ownership LPL Account,,,,8,8,table,False,False,,False,0,False,False,100,True,20,False,https://disclosures-clerk.house.gov/public_disc/ptr-pdfs/2025/20024346.pdf,,,JT,"HealthEquity, Inc. - Common Stock (HQY) [ST] Filing Status: New Subholding Of: Joint Ownership LPL Ac","HealthEquity, Inc. - Common Stock (HQY) [ST]",S ccount,01/13/2025,01/13/2025,"$1,001 - $15,000",,"JT HealthEquity, Inc. - Common Stock (HQY) [ST] S 01/13/2025 01/13/2025 $1,001 - $15,000 Filing Status: New Subholding Of: Joint Ownership LPL Account",,,False,100,HQY,accepted,house_ptr_structure+v8_1,False,False,False,01/13/2025,False
20024346,Hon. Rob Bresnahan,Member,PA08,20024346.pdf,2025,60,JT,Heico Corporation Common Stock,Heico Corporation Common Stock,HEI,HEI,ST,S,2025-01-13,2025-01-13,1001.0,15000.0,,"$1,001 - $15,000",valid_range,New,Joint Ownership LPL Account,,,,8,8,table,False,False,,False,0,True,True,95,True,20,True,https://disclosures-clerk.house.gov/public_disc/ptr-pdfs/2025/20024346.pdf,low,adjacent transaction has same core signature,JT,Heico Corporation Common Stock (HEI) [ST],Heico Corporation Common Stock (HEI) [ST],S,01/13/2025,01/13/2025,"$1,001 - $15,000",Filing Status: New Subholding Of: Joint Ownership LPL Account,"JT Heico Corporation Common Stock (HEI) [ST] S 01/13/2025 01/13/2025 $1,001 - $15,000 Filing Status: New Subholding Of: Joint Ownership LPL Account",adjacent transaction has same core signature,low,True,95,HEI,accepted,house_ptr_structure+v8_1,False,False,False,01/13/2025,False
20024346,Hon. Rob Bresnahan,Member,PA08,20024346.pdf,2025,61,JT,Heico Corporation Common Stock,Heico Corporation Common Stock,HEI,HEI,ST,S,2025-01-13,2025-01-13,1001.0,15000.0,,"$1,001 - $15,000",valid_range,New,Joint Ownership LPL Account,,,,8,8,table,False,False,,False,0,False,False,100,True,20,False,https://disclosures-clerk.house.gov/public_disc/ptr-pdfs/2025/20024346.pdf,,,JT,Heico Corporation Common Stock (HEI) [ST] Filing Status: New Subholding Of: Joint Ownership LPL Ac,Heico Corporation Common Stock (HEI) [ST],S ccount,01/13/2025,01/13/2025,"$1,001 - $15,000",,"JT Heico Corporation Common Stock (HEI) [ST] S 01/13/2025 01/13/2025 $1,001 - $15,000 Filing Status: New Subholding Of: Joint Ownership LPL Account",,,False,100,HEI,accepted,house_ptr_structure+v8_1,False,False,False,01/13/2025,False
20024346,Hon. Rob Bresnahan,Member,PA08,20024346.pdf,2025,62,JT,Ingersoll Rand Inc. Common Stock,Ingersoll Rand Inc. Common Stock,IR,IR,ST,S,2025-01-13,2025-01-13,1001.0,15000.0,,"$1,001 - $15,000",valid_range,New,Joint Ownership LPL Account,,,,8,8,table,False,False,,False,0,False,True,100,True,20,False,https://disclosures-clerk.house.gov/public_disc/ptr-pdfs/2025/20024346.pdf,,,JT,Ingersoll Rand Inc. Common Stock (IR) [ST],Ingersoll Rand Inc. Common Stock (IR) [ST],S,01/13/2025,01/13/2025,"$1,001 - $15,000",Filing Status: New Subholding Of: Joint Ownership LPL Account,"JT Ingersoll Rand Inc. Common Stock (IR) [ST] S 01/13/2025 01/13/2025 $1,001 - $15,000 Filing Status: New Subholding Of: Joint Ownership LPL Account",,,False,100,IR,accepted,house_ptr_structure+v8_1,False,False,False,01/13/2025,False
20024346,Hon. Rob Bresnahan,Member,PA08,20024346.pdf,2025,63,JT,"Installed Building Products, Inc. Common Stock","Installed Building Products, Inc. Common Stock",IBP,IBP,ST,S,2025-01-13,2025-01-13,1001.0,15000.0,,"$1,001 - $15,000",valid_range,New,Joint Ownership LPL Account,,,,8,8,table,False,False,,False,0,False,False,100,True,20,False,https://disclosures-clerk.house.gov/public_disc/ptr-pdfs/2025/20024346.pdf,,,JT,"Installed Building Products, Inc. Common Stock (IBP) [ST] Filing Status: New Subholding Of: Joint Ownership LPL Ac","Installed Building Products, Inc. Common Stock (IBP) [ST]",S ccount,01/13/2025,01/13/2025,"$1,001 - $15,000",,"JT Installed Building Products, Inc. Common Stock (IBP) [ST] S 01/13/2025 01/13/2025 $1,001 - $15,000 Filing Status: New Subholding Of: Joint Ownership LPL Account",,,False,100,IBP,accepted,house_ptr_structure+v8_1,False,False,False,01/13/2025,False
20024346,Hon. Rob Bresnahan,Member,PA08,20024346.pdf,2025,64,,Intel Corporation - Common Stock,Intel Corporation - Common Stock,INTC,INTC,ST,P,2025-02-03,2025-02-03,1001.0,15000.0,,"$1,001 - $15,000",valid_range,New,JP Morgan Brokerage Account #2,,,,8,8,table,False,False,,False,0,True,True,95,True,20,True,https://disclosures-clerk.house.gov/public_disc/ptr-pdfs/2025/20024346.pdf,low,adjacent transaction has same core signature,,Intel Corporation - Common Stock (INTC) [ST],Intel Corporation - Common Stock (INTC) [ST],P,02/03/2025,02/03/2025,"$1,001 - $15,000",Filing Status: New Subholding Of: JP Morgan Brokerage Account #2,"Intel Corporation - Common Stock (INTC) [ST] P 02/03/2025 02/03/2025 $1,001 - $15,000 Filing Status: New Subholding Of: JP Morgan Brokerage Account #2",adjacent transaction has same core signature,low,True,95,INTC,accepted,house_ptr_structure+v8_1,False,False,False,02/03/2025,False
20024346,Hon. Rob Bresnahan,Member,PA08,20024346.pdf,2025,65,,Intel Corporation - Common Stock,Intel Corporation - Common Stock,INTC,INTC,ST,P,2025-02-03,2025-02-03,1001.0,15000.0,,"$1,001 - $15,000",valid_range,New,JP Morgan Brokerage Account #2,,,,8,8,table,False,False,,False,0,True,False,95,True,20,True,https://disclosures-clerk.house.gov/public_disc/ptr-pdfs/2025/20024346.pdf,low,adjacent transaction has same core signature,,Intel Corporation - Common Stock (INTC) [ST] Filing Status: New Subholding Of: JP Morgan Brokerage Ac,Intel Corporation - Common Stock (INTC) [ST],P ccount #2,02/03/2025,02/03/2025,"$1,001 - $15,000",,"Intel Corporation - Common Stock (INTC) [ST] P 02/03/2025 02/03/2025 $1,001 - $15,000 Filing Status: New Subholding Of: JP Morgan Brokerage Account #2",adjacent transaction has same core signature,low,True,95,INTC,accepted,house_ptr_structure+v8_1,False,False,False,02/03/2025,False
20024346,Hon. Rob Bresnahan,Member,PA08,20024346.pdf,2025,66,,Intel Corporation - Common Stock,Intel Corporation - Common Stock,INTC,INTC,ST,P,2025-02-03,2025-02-03,1001.0,15000.0,,"$1,001 - $15,000",valid_range,New,JP Morgan Brokerage Account #2,,,,8,8,table,False,False,,False,0,False,True,100,True,20,False,https://disclosures-clerk.house.gov/public_disc/ptr-pdfs/2025/20024346.pdf,,,,Intel Corporation - Common Stock (INTC) [ST],Intel Corporation - Common Stock (INTC) [ST],P,02/03/2025,02/03/2025,"$1,001 - $15,000",Filing Status: New Subholding Of: JP Morgan Brokerage Account #2,"Intel Corporation - Common Stock (INTC) [ST] P 02/03/2025 02/03/2025 $1,001 - $15,000 Filing Status: New Subholding Of: JP Morgan Brokerage Account #2",,,False,100,INTC,accepted,house_ptr_structure+v8_1,False,False,False,02/03/2025,False
20024346,Hon. Rob Bresnahan,Member,PA08,20024346.pdf,2025,67,JT,Intercontinental Exchange Inc. Common Stock,Intercontinental Exchange Inc. Common Stock,ICE,ICE,ST,S,2025-01-13,2025-01-13,1001.0,15000.0,,"$1,001 - $15,000",valid_range,New,Joint Ownership LPL Account,,,,8,8,table,False,False,,False,0,False,False,100,True,20,False,https://disclosures-clerk.house.gov/public_disc/ptr-pdfs/2025/20024346.pdf,,,JT,Intercontinental Exchange Inc. Common Stock (ICE) [ST] Filing Status: New Subholding Of: Joint Ownership LPL Ac,Intercontinental Exchange Inc. Common Stock (ICE) [ST],S ccount,01/13/2025,01/13/2025,"$1,001 - $15,000",,"JT Intercontinental Exchange Inc. Common Stock (ICE) [ST] S 01/13/2025 01/13/2025 $1,001 - $15,000 Filing Status: New Subholding Of: Joint Ownership LPL Account",,,False,100,ICE,accepted,house_ptr_structure+v8_1,False,False,False,01/13/2025,False
20024346,Hon. Rob Bresnahan,Member,PA08,20024346.pdf,2025,68,JT,Intuit Inc. - Common Stock,Intuit Inc. - Common Stock,INTU,INTU,ST,S,2025-01-13,2025-01-13,1001.0,15000.0,,"$1,001 - $15,000",valid_range,New,Joint Ownership LPL Account,,,,9,9,table,False,False,,False,0,False,True,100,True,20,False,https://disclosures-clerk.house.gov/public_disc/ptr-pdfs/2025/20024346.pdf,,,JT,Intuit Inc. - Common Stock (INTU) [ST],Intuit Inc. - Common Stock (INTU) [ST],S,01/13/2025,01/13/2025,"$1,001 - $15,000",Filing Status: New Subholding Of: Joint Ownership LPL Account,"JT Intuit Inc. - Common Stock (INTU) [ST] S 01/13/2025 01/13/2025 $1,001 - $15,000 Filing Status: New Subholding Of: Joint Ownership LPL Account",,,False,100,INTU,accepted,house_ptr_structure+v8_1,False,False,False,01/13/2025,False
20024346,Hon. Rob Bresnahan,Member,PA08,20024346.pdf,2025,69,,Lam Research Corporation - Common Stock,Lam Research Corporation - Common Stock,LRCX,LRCX,ST,P,2025-01-16,2025-01-16,1001.0,15000.0,,"$1,001 - $15,000",valid_range,New,JP Morgan Brokerage Account #2,,,,9,9,table,False,False,,False,0,False,False,100,True,20,False,https://disclosures-clerk.house.gov/public_disc/ptr-pdfs/2025/20024346.pdf,,,,Lam Research Corporation - Common Stock (LRCX) [ST] Filing Status: New Subholding Of: JP Morgan Brokerage Ac,Lam Research Corporation - Common Stock (LRCX) [ST],P ccount #2,01/16/2025,01/16/2025,"$1,001 - $15,000",,"Lam Research Corporation - Common Stock (LRCX) [ST] P 01/16/2025 01/16/2025 $1,001 - $15,000 Filing Status: New Subholding Of: JP Morgan Brokerage Account #2",,,False,100,LRCX,accepted,house_ptr_structure+v8_1,False,False,False,01/16/2025,False
20024346,Hon. Rob Bresnahan,Member,PA08,20024346.pdf,2025,70,JT,"Lamb Weston Holdings, Inc. Common Stock","Lamb Weston Holdings, Inc. Common Stock",LW,LW,ST,S,2025-01-13,2025-01-13,1001.0,15000.0,,"$1,001 - $15,000",valid_range,New,Joint Ownership LPL Account,,,,9,9,table,False,False,,False,0,False,True,100,True,20,False,https://disclosures-clerk.house.gov/public_disc/ptr-pdfs/2025/20024346.pdf,,,JT,"Lamb Weston Holdings, Inc. Common Stock (LW) [ST]","Lamb Weston Holdings, Inc. Common Stock (LW) [ST]",S,01/13/2025,01/13/2025,"$1,001 - $15,000",Filing Status: New Subholding Of: Joint Ownership LPL Account,"JT Lamb Weston Holdings, Inc. Common Stock (LW) [ST] S 01/13/2025 01/13/2025 $1,001 - $15,000 Filing Status: New Subholding Of: Joint Ownership LPL Account",,,False,100,LW,accepted,house_ptr_structure+v8_1,False,False,False,01/13/2025,False
20024346,Hon. Rob Bresnahan,Member,PA08,20024346.pdf,2025,71,JT,Linde plc - Ordinary Shares,Linde plc - Ordinary Shares,LIN,LIN,ST,S,2025-01-13,2025-01-13,1001.0,15000.0,,"$1,001 - $15,000",valid_range,New,Joint Ownership LPL Account,,,,9,9,table,False,False,,False,0,False,False,100,True,20,False,https://disclosures-clerk.house.gov/public_disc/ptr-pdfs/2025/20024346.pdf,,,JT,Linde plc - Ordinary Shares (LIN) [ST] Filing Status: New Subholding Of: Joint Ownership LPL Ac,Linde plc - Ordinary Shares (LIN) [ST],S ccount,01/13/2025,01/13/2025,"$1,001 - $15,000",,"JT Linde plc - Ordinary Shares (LIN) [ST] S 01/13/2025 01/13/2025 $1,001 - $15,000 Filing Status: New Subholding Of: Joint Ownership LPL Account",,,False,100,LIN,accepted,house_ptr_structure+v8_1,False,False,False,01/13/2025,False
20024346,Hon. Rob Bresnahan,Member,PA08,20024346.pdf,2025,72,,"Lowe's Companies, Inc. Common Stock","Lowe's Companies, Inc. Common Stock",LOW,LOW,ST,S,2025-02-07,2025-02-07,15001.0,50000.0,,"$15,001 - $50,000",valid_range,New,LPL Account I,,,,9,9,table,False,False,,False,0,False,True,100,True,20,False,https://disclosures-clerk.house.gov/public_disc/ptr-pdfs/2025/20024346.pdf,,,,"Lowe's Companies, Inc. Common Stock (LOW) [ST]","Lowe's Companies, Inc. Common Stock (LOW) [ST]",S,02/07/2025,02/07/2025,"$15,001 - $50,000",Filing Status: New Subholding Of: LPL Account I,"Lowe's Companies, Inc. Common Stock (LOW) [ST] S 02/07/2025 02/07/2025 $15,001 - $50,000 Filing Status: New Subholding Of: LPL Account I",,,False,100,LOW,accepted,house_ptr_structure+v8_1,False,False,False,02/07/2025,False
20024346,Hon. Rob Bresnahan,Member,PA08,20024346.pdf,2025,73,JT,lululemon athletica inc. - Common Stock,lululemon athletica inc. - Common Stock,LULU,LULU,ST,S,2025-01-13,2025-01-13,1001.0,15000.0,,"$1,001 - $15,000",valid_range,New,Joint Ownership LPL Account,,,,9,9,table,False,False,,False,0,False,False,100,True,20,False,https://disclosures-clerk.house.gov/public_disc/ptr-pdfs/2025/20024346.pdf,,,JT,lululemon athletica inc. - Common Stock (LULU) [ST] Filing Status: New Subholding Of: Joint Ownership LPL Ac,lululemon athletica inc. - Common Stock (LULU) [ST],S ccount,01/13/2025,01/13/2025,"$1,001 - $15,000",,"JT lululemon athletica inc. - Common Stock (LULU) [ST] S 01/13/2025 01/13/2025 $1,001 - $15,000 Filing Status: New Subholding Of: Joint Ownership LPL Account",,,False,100,LULU,accepted,house_ptr_structure+v8_1,False,False,False,01/13/2025,False
20024346,Hon. Rob Bresnahan,Member,PA08,20024346.pdf,2025,74,JT,"Manhattan Associates, Inc. - Common Stock","Manhattan Associates, Inc. - Common Stock",MANH,MANH,ST,S,2025-01-13,2025-01-13,1001.0,15000.0,,"$1,001 - $15,000",valid_range,New,Joint Ownership LPL Account,,,,9,9,table,False,False,,False,0,False,True,100,True,20,False,https://disclosures-clerk.house.gov/public_disc/ptr-pdfs/2025/20024346.pdf,,,JT,"Manhattan Associates, Inc. - Common Stock (MANH) [ST]","Manhattan Associates, Inc. - Common Stock (MANH) [ST]",S,01/13/2025,01/13/2025,"$1,001 - $15,000",Filing Status: New Subholding Of: Joint Ownership LPL Account,"JT Manhattan Associates, Inc. - Common Stock (MANH) [ST] S 01/13/2025 01/13/2025 $1,001 - $15,000 Filing Status: New Subholding Of: Joint Ownership LPL Account",,,False,100,MANH,accepted,house_ptr_structure+v8_1,False,False,False,01/13/2025,False
20024346,Hon. Rob Bresnahan,Member,PA08,20024346.pdf,2025,75,,"Manhattan Associates, Inc. - Common Stock","Manhattan Associates, Inc. - Common Stock",MANH,MANH,ST,S,2025-01-29,2025-01-29,1001.0,15000.0,,"$1,001 - $15,000",valid_range,New,JP Morgan Brokerage Account #2,,,,9,9,table,False,False,,False,0,False,False,100,True,20,False,https://disclosures-clerk.house.gov/public_disc/ptr-pdfs/2025/20024346.pdf,,,,"Manhattan Associates, Inc. - Common Stock (MANH) [ST] Filing Status: New Subholding Of: JP Morgan Brokerage Ac","Manhattan Associates, Inc. - Common Stock (MANH) [ST]",S ccount #2,01/29/2025,01/29/2025,"$1,001 - $15,000",,"Manhattan Associates, Inc. - Common Stock (MANH) [ST] S 01/29/2025 01/29/2025 $1,001 - $15,000 Filing Status: New Subholding Of: JP Morgan Brokerage Account #2",,,False,100,MANH,accepted,house_ptr_structure+v8_1,False,False,False,01/29/2025,False
20024346,Hon. Rob Bresnahan,Member,PA08,20024346.pdf,2025,76,,"Manhattan Associates, Inc. - Common Stock","Manhattan Associates, Inc. - Common Stock",MANH,MANH,ST,S,2025-01-29,2025-02-11,1001.0,15000.0,,"$1,001 - $15,000",valid_range,New,JP Morgan Brokerage Account #2,,,,9,9,table,False,False,,False,0,False,True,100,True,20,False,https://disclosures-clerk.house.gov/public_disc/ptr-pdfs/2025/20024346.pdf,,,,"Manhattan Associates, Inc. - Common Stock (MANH) [ST]","Manhattan Associates, Inc. - Common Stock (MANH) [ST]",S,01/29/2025,02/11/2025,"$1,001 - $15,000",Filing Status: New Subholding Of: JP Morgan Brokerage Account #2,"Manhattan Associates, Inc. - Common Stock (MANH) [ST] S 01/29/2025 02/11/2025 $1,001 - $15,000 Filing Status: New Subholding Of: JP Morgan Brokerage Account #2",,,False,100,MANH,accepted,house_ptr_structure+v8_1,False,False,False,01/29/2025,False
20024346,Hon. Rob Bresnahan,Member,PA08,20024346.pdf,2025,77,,"Manhattan Associates, Inc. - Common Stock","Manhattan Associates, Inc. - Common Stock",MANH,MANH,ST,S,2025-01-29,2025-01-29,1001.0,15000.0,,"$1,001 - $15,000",valid_range,New,JP Morgan Brokerage Account #2,,,,10,10,table,False,False,,False,0,False,False,100,True,20,False,https://disclosures-clerk.house.gov/public_disc/ptr-pdfs/2025/20024346.pdf,,,,"Manhattan Associates, Inc. - Common Stock (MANH) [ST] Filing Status: New Subholding Of: JP Morgan Brokerage Ac","Manhattan Associates, Inc. - Common Stock (MANH) [ST]",S ccount #2,01/29/2025,01/29/2025,"$1,001 - $15,000",,"Manhattan Associates, Inc. - Common Stock (MANH) [ST] S 01/29/2025 01/29/2025 $1,001 - $15,000 Filing Status: New Subholding Of: JP Morgan Brokerage Account #2",,,False,100,MANH,accepted,house_ptr_structure+v8_1,False,False,False,01/29/2025,False
20024346,Hon. Rob Bresnahan,Member,PA08,20024346.pdf,2025,78,JT,Mastercard Incorporated Common Stock,Mastercard Incorporated Common Stock,MA,MA,ST,S,2025-01-13,2025-01-13,1001.0,15000.0,,"$1,001 - $15,000",valid_range,New,Joint Ownership LPL Account,,,,10,10,table,False,False,,False,0,False,True,100,True,20,False,https://disclosures-clerk.house.gov/public_disc/ptr-pdfs/2025/20024346.pdf,,,JT,Mastercard Incorporated Common Stock (MA) [ST],Mastercard Incorporated Common Stock (MA) [ST],S,01/13/2025,01/13/2025,"$1,001 - $15,000",Filing Status: New Subholding Of: Joint Ownership LPL Account,"JT Mastercard Incorporated Common Stock (MA) [ST] S 01/13/2025 01/13/2025 $1,001 - $15,000 Filing Status: New Subholding Of: Joint Ownership LPL Account",,,False,100,MA,accepted,house_ptr_structure+v8_1,False,False,False,01/13/2025,False
20024346,Hon. Rob Bresnahan,Member,PA08,20024346.pdf,2025,79,JT,"Medpace Holdings, Inc. - Common Stock","Medpace Holdings, Inc. - Common Stock",MEDP,MEDP,ST,S,2025-01-13,2025-01-13,1001.0,15000.0,,"$1,001 - $15,000",valid_range,New,Joint Ownership LPL Account,,,,10,10,table,False,False,,False,0,False,False,100,True,20,False,https://disclosures-clerk.house.gov/public_disc/ptr-pdfs/2025/20024346.pdf,,,JT,"Medpace Holdings, Inc. - Common Stock (MEDP) [ST] Filing Status: New Subholding Of: Joint Ownership LPL Ac","Medpace Holdings, Inc. - Common Stock (MEDP) [ST]",S ccount,01/13/2025,01/13/2025,"$1,001 - $15,000",,"JT Medpace Holdings, Inc. - Common Stock (MEDP) [ST] S 01/13/2025 01/13/2025 $1,001 - $15,000 Filing Status: New Subholding Of: Joint Ownership LPL Account",,,False,100,MEDP,accepted,house_ptr_structure+v8_1,False,False,False,01/13/2025,False
20024346,Hon. Rob Bresnahan,Member,PA08,20024346.pdf,2025,80,,"Meta Platforms, Inc. - Class A Common Stock","Meta Platforms, Inc. - Class A Common Stock",META,META,ST,S,2025-01-29,2025-01-29,1001.0,15000.0,,"$1,001 - $15,000",valid_range,New,JP Morgan Brokerage Account #2,,,,10,10,table,False,False,,False,0,True,True,95,True,20,True,https://disclosures-clerk.house.gov/public_disc/ptr-pdfs/2025/20024346.pdf,low,adjacent transaction has same core signature,,"Meta Platforms, Inc. - Class A Common Stock (META) [ST]","Meta Platforms, Inc. - Class A Common Stock (META) [ST]",S,01/29/2025,01/29/2025,"$1,001 - $15,000",Filing Status: New Subholding Of: JP Morgan Brokerage Account #2,"Meta Platforms, Inc. - Class A Common Stock (META) [ST] S 01/29/2025 01/29/2025 $1,001 - $15,000 Filing Status: New Subholding Of: JP Morgan Brokerage Account #2",adjacent transaction has same core signature,low,True,95,META,accepted,house_ptr_structure+v8_1,False,False,False,01/29/2025,False
20024346,Hon. Rob Bresnahan,Member,PA08,20024346.pdf,2025,81,,"Meta Platforms, Inc. - Class A Common Stock","Meta Platforms, Inc. - Class A Common Stock",META,META,ST,S,2025-01-29,2025-01-29,1001.0,15000.0,,"$1,001 - $15,000",valid_range,New,JP Morgan Brokerage Account #2,,,,10,10,table,False,False,,False,0,False,False,100,True,20,False,https://disclosures-clerk.house.gov/public_disc/ptr-pdfs/2025/20024346.pdf,,,,"Meta Platforms, Inc. - Class A Common Stock (META) [ST] Filing Status: New Subholding Of: JP Morgan Brokerage Ac","Meta Platforms, Inc. - Class A Common Stock (META) [ST]",S ccount #2,01/29/2025,01/29/2025,"$1,001 - $15,000",,"Meta Platforms, Inc. - Class A Common Stock (META) [ST] S 01/29/2025 01/29/2025 $1,001 - $15,000 Filing Status: New Subholding Of: JP Morgan Brokerage Account #2",,,False,100,META,accepted,house_ptr_structure+v8_1,False,False,False,01/29/2025,False
20024346,Hon. Rob Bresnahan,Member,PA08,20024346.pdf,2025,82,JT,Microsoft Corporation - Common Stock,Microsoft Corporation - Common Stock,MSFT,MSFT,ST,S,2025-01-13,2025-01-13,1001.0,15000.0,,"$1,001 - $15,000",valid_range,New,Joint Ownership LPL Account,,,,10,10,table,False,False,,False,0,False,True,100,True,20,False,https://disclosures-clerk.house.gov/public_disc/ptr-pdfs/2025/20024346.pdf,,,JT,Microsoft Corporation - Common Stock (MSFT) [ST],Microsoft Corporation - Common Stock (MSFT) [ST],S,01/13/2025,01/13/2025,"$1,001 - $15,000",Filing Status: New Subholding Of: Joint Ownership LPL Account,"JT Microsoft Corporation - Common Stock (MSFT) [ST] S 01/13/2025 01/13/2025 $1,001 - $15,000 Filing Status: New Subholding Of: Joint Ownership LPL Account",,,False,100,MSFT,accepted,house_ptr_structure+v8_1,False,False,False,01/13/2025,False
20024346,Hon. Rob Bresnahan,Member,PA08,20024346.pdf,2025,83,,Microsoft Corporation - Common Stock,Microsoft Corporation - Common Stock,MSFT,MSFT,ST,S,2025-01-30,2025-02-11,1001.0,15000.0,,"$1,001 - $15,000",valid_range,New,JP Morgan Brokerage Account #2,,,,10,10,table,False,False,,False,0,True,False,95,True,20,True,https://disclosures-clerk.house.gov/public_disc/ptr-pdfs/2025/20024346.pdf,low,adjacent transaction has same core signature,,Microsoft Corporation - Common Stock (MSFT) [ST] Filing Status: New Subholding Of: JP Morgan Brokerage Ac,Microsoft Corporation - Common Stock (MSFT) [ST],S ccount #2,01/30/2025,02/11/2025,"$1,001 - $15,000",,"Microsoft Corporation - Common Stock (MSFT) [ST] S 01/30/2025 02/11/2025 $1,001 - $15,000 Filing Status: New Subholding Of: JP Morgan Brokerage Account #2",adjacent transaction has same core signature,low,True,95,MSFT,accepted,house_ptr_structure+v8_1,False,False,False,01/30/2025,False
20024346,Hon. Rob Bresnahan,Member,PA08,20024346.pdf,2025,84,,Microsoft Corporation - Common Stock,Microsoft Corporation - Common Stock,MSFT,MSFT,ST,S,2025-01-30,2025-02-11,1001.0,15000.0,,"$1,001 - $15,000",valid_range,New,JP Morgan Brokerage Account #2,,,,10,10,table,False,False,,False,0,False,True,100,True,20,False,https://disclosures-clerk.house.gov/public_disc/ptr-pdfs/2025/20024346.pdf,,,,Microsoft Corporation - Common Stock (MSFT) [ST],Microsoft Corporation - Common Stock (MSFT) [ST],S,01/30/2025,02/11/2025,"$1,001 - $15,000",Filing Status: New Subholding Of: JP Morgan Brokerage Account #2,"Microsoft Corporation - Common Stock (MSFT) [ST] S 01/30/2025 02/11/2025 $1,001 - $15,000 Filing Status: New Subholding Of: JP Morgan Brokerage Account #2",,,False,100,MSFT,accepted,house_ptr_structure+v8_1,False,False,False,01/30/2025,False
20024346,Hon. Rob Bresnahan,Member,PA08,20024346.pdf,2025,85,JT,Molina Healthcare Inc Common Stock,Molina Healthcare Inc Common Stock,MOH,MOH,ST,S,2025-01-13,2025-01-13,1001.0,15000.0,,"$1,001 - $15,000",valid_range,New,Joint Ownership LPL Account,,,,10,10,table,False,False,,False,0,False,False,100,True,20,False,https://disclosures-clerk.house.gov/public_disc/ptr-pdfs/2025/20024346.pdf,,,JT,Molina Healthcare Inc Common Stock (MOH) [ST] Filing Status: New Subholding Of: Joint Ownership LPL Ac,Molina Healthcare Inc Common Stock (MOH) [ST],S ccount,01/13/2025,01/13/2025,"$1,001 - $15,000",,"JT Molina Healthcare Inc Common Stock (MOH) [ST] S 01/13/2025 01/13/2025 $1,001 - $15,000 Filing Status: New Subholding Of: Joint Ownership LPL Account",,,False,100,MOH,accepted,house_ptr_structure+v8_1,False,False,False,01/13/2025,False
20024346,Hon. Rob Bresnahan,Member,PA08,20024346.pdf,2025,86,JT,"Monolithic Power Systems, Inc. - Common Stock","Monolithic Power Systems, Inc. - Common Stock",MPWR,MPWR,ST,S,2025-01-13,2025-01-13,1001.0,15000.0,,"$1,001 - $15,000",valid_range,New,Joint Ownership LPL Account,,,,11,11,table,False,False,,False,0,False,True,100,True,20,False,https://disclosures-clerk.house.gov/public_disc/ptr-pdfs/2025/20024346.pdf,,,JT,"Monolithic Power Systems, Inc. - Common Stock (MPWR) [ST]","Monolithic Power Systems, Inc. - Common Stock (MPWR) [ST]",S,01/13/2025,01/13/2025,"$1,001 - $15,000",Filing Status: New Subholding Of: Joint Ownership LPL Account,"JT Monolithic Power Systems, Inc. - Common Stock (MPWR) [ST] S 01/13/2025 01/13/2025 $1,001 - $15,000 Filing Status: New Subholding Of: Joint Ownership LPL Account",,,False,100,MPWR,accepted,house_ptr_structure+v8_1,False,False,False,01/13/2025,False
20024346,Hon. Rob Bresnahan,Member,PA08,20024346.pdf,2025,87,JT,MSCI Inc. Common Stock,MSCI Inc. Common Stock,MSCI,MSCI,ST,S,2025-01-13,2025-01-13,1001.0,15000.0,,"$1,001 - $15,000",valid_range,New,Joint Ownership LPL Account,,,,11,11,table,False,False,,False,0,False,False,100,True,20,False,https://disclosures-clerk.house.gov/public_disc/ptr-pdfs/2025/20024346.pdf,,,JT,MSCI Inc. Common Stock (MSCI) [ST] Filing Status: New Subholding Of: Joint Ownership LPL Ac,MSCI Inc. Common Stock (MSCI) [ST],S ccount,01/13/2025,01/13/2025,"$1,001 - $15,000",,"JT MSCI Inc. Common Stock (MSCI) [ST] S 01/13/2025 01/13/2025 $1,001 - $15,000 Filing Status: New Subholding Of: Joint Ownership LPL Account",,,False,100,MSCI,accepted,house_ptr_structure+v8_1,False,False,False,01/13/2025,False
20024346,Hon. Rob Bresnahan,Member,PA08,20024346.pdf,2025,88,JT,"Netflix, Inc. - Common Stock","Netflix, Inc. - Common Stock",NFLX,NFLX,ST,S,2025-01-13,2025-01-13,1001.0,15000.0,,"$1,001 - $15,000",valid_range,New,Joint Ownership LPL Account,,,,11,11,table,False,False,,False,0,False,True,100,True,20,False,https://disclosures-clerk.house.gov/public_disc/ptr-pdfs/2025/20024346.pdf,,,JT,"Netflix, Inc. - Common Stock (NFLX) [ST]","Netflix, Inc. - Common Stock (NFLX) [ST]",S,01/13/2025,01/13/2025,"$1,001 - $15,000",Filing Status: New Subholding Of: Joint Ownership LPL Account,"JT Netflix, Inc. - Common Stock (NFLX) [ST] S 01/13/2025 01/13/2025 $1,001 - $15,000 Filing Status: New Subholding Of: Joint Ownership LPL Account",,,False,100,NFLX,accepted,house_ptr_structure+v8_1,False,False,False,01/13/2025,False
20024346,Hon. Rob Bresnahan,Member,PA08,20024346.pdf,2025,89,JT,"Nutanix, Inc. - Class A Common Stock","Nutanix, Inc. - Class A Common Stock",NTNX,NTNX,ST,S,2025-01-13,2025-01-13,1001.0,15000.0,,"$1,001 - $15,000",valid_range,New,Joint Ownership LPL Account,,,,11,11,table,False,False,,False,0,False,False,100,True,20,False,https://disclosures-clerk.house.gov/public_disc/ptr-pdfs/2025/20024346.pdf,,,JT,"Nutanix, Inc. - Class A Common Stock (NTNX) [ST] Filing Status: New Subholding Of: Joint Ownership LPL Ac","Nutanix, Inc. - Class A Common Stock (NTNX) [ST]",S ccount,01/13/2025,01/13/2025,"$1,001 - $15,000",,"JT Nutanix, Inc. - Class A Common Stock (NTNX) [ST] S 01/13/2025 01/13/2025 $1,001 - $15,000 Filing Status: New Subholding Of: Joint Ownership LPL Account",,,False,100,NTNX,accepted,house_ptr_structure+v8_1,False,False,False,01/13/2025,False
20024346,Hon. Rob Bresnahan,Member,PA08,20024346.pdf,2025,90,,NVIDIA Corporation - Common Stock,NVIDIA Corporation - Common Stock,NVDA,NVDA,ST,S (partial),2025-01-28,2025-02-11,1001.0,15000.0,,"$1,001 - $15,000",valid_range,New,JP Morgan Brokerage Account #2,,,,11,11,table,False,False,,False,0,False,True,100,True,20,False,https://disclosures-clerk.house.gov/public_disc/ptr-pdfs/2025/20024346.pdf,,,,NVIDIA Corporation - Common Stock (NVDA) [ST],NVIDIA Corporation - Common Stock (NVDA) [ST],S (partial),01/28/2025,02/11/2025,"$1,001 - $15,000",Filing Status: New Subholding Of: JP Morgan Brokerage Account #2,"NVIDIA Corporation - Common Stock (NVDA) [ST] S (partial) 01/28/2025 02/11/2025 $1,001 - $15,000 Filing Status: New Subholding Of: JP Morgan Brokerage Account #2",,,False,100,NVDA,accepted,house_ptr_structure+v8_1,False,False,False,01/28/2025,False
20024346,Hon. Rob Bresnahan,Member,PA08,20024346.pdf,2025,91,,NVIDIA Corporation - Common Stock,NVIDIA Corporation - Common Stock,NVDA,NVDA,ST,S,2025-01-29,2025-01-29,1001.0,15000.0,,"$1,001 - $15,000",valid_range,New,JP Morgan Brokerage Account #2,,,,11,11,table,False,False,,False,0,True,False,95,True,20,True,https://disclosures-clerk.house.gov/public_disc/ptr-pdfs/2025/20024346.pdf,low,adjacent transaction has same core signature,,NVIDIA Corporation - Common Stock (NVDA) [ST] Filing Status: New Subholding Of: JP Morgan Brokerage Ac,NVIDIA Corporation - Common Stock (NVDA) [ST],S ccount #2,01/29/2025,01/29/2025,"$1,001 - $15,000",,"NVIDIA Corporation - Common Stock (NVDA) [ST] S 01/29/2025 01/29/2025 $1,001 - $15,000 Filing Status: New Subholding Of: JP Morgan Brokerage Account #2",adjacent transaction has same core signature,low,True,95,NVDA,accepted,house_ptr_structure+v8_1,False,False,False,01/29/2025,False
20024346,Hon. Rob Bresnahan,Member,PA08,20024346.pdf,2025,92,,NVIDIA Corporation - Common Stock,NVIDIA Corporation - Common Stock,NVDA,NVDA,ST,S,2025-01-29,2025-01-29,1001.0,15000.0,,"$1,001 - $15,000",valid_range,New,JP Morgan Brokerage Account #2,,,,11,11,table,False,False,,False,0,False,True,100,True,20,False,https://disclosures-clerk.house.gov/public_disc/ptr-pdfs/2025/20024346.pdf,,,,NVIDIA Corporation - Common Stock (NVDA) [ST],NVIDIA Corporation - Common Stock (NVDA) [ST],S,01/29/2025,01/29/2025,"$1,001 - $15,000",Filing Status: New Subholding Of: JP Morgan Brokerage Account #2,"NVIDIA Corporation - Common Stock (NVDA) [ST] S 01/29/2025 01/29/2025 $1,001 - $15,000 Filing Status: New Subholding Of: JP Morgan Brokerage Account #2",,,False,100,NVDA,accepted,house_ptr_structure+v8_1,False,False,False,01/29/2025,False
20024346,Hon. Rob Bresnahan,Member,PA08,20024346.pdf,2025,93,JT,"NVR, Inc. Common Stock","NVR, Inc. Common Stock",NVR,NVR,ST,S,2025-01-13,2025-01-13,1001.0,15000.0,,"$1,001 - $15,000",valid_range,New,Joint Ownership LPL Account,,,,11,11,table,False,False,,False,0,False,False,100,True,20,False,https://disclosures-clerk.house.gov/public_disc/ptr-pdfs/2025/20024346.pdf,,,JT,"NVR, Inc. Common Stock (NVR) [ST] Filing Status: New Subholding Of: Joint Ownership LPL Ac","NVR, Inc. Common Stock (NVR) [ST]",S ccount,01/13/2025,01/13/2025,"$1,001 - $15,000",,"JT NVR, Inc. Common Stock (NVR) [ST] S 01/13/2025 01/13/2025 $1,001 - $15,000 Filing Status: New Subholding Of: Joint Ownership LPL Account",,,False,100,NVR,accepted,house_ptr_structure+v8_1,False,False,False,01/13/2025,False
20024346,Hon. Rob Bresnahan,Member,PA08,20024346.pdf,2025,94,JT,PACCAR Inc. - Common Stock,PACCAR Inc. - Common Stock,PCAR,PCAR,ST,S,2025-01-13,2025-01-13,1001.0,15000.0,,"$1,001 - $15,000",valid_range,New,Joint Ownership LPL Account,,,,11,11,table,False,False,,False,0,False,True,100,True,20,False,https://disclosures-clerk.house.gov/public_disc/ptr-pdfs/2025/20024346.pdf,,,JT,PACCAR Inc. - Common Stock (PCAR) [ST],PACCAR Inc. - Common Stock (PCAR) [ST],S,01/13/2025,01/13/2025,"$1,001 - $15,000",Filing Status: New Subholding Of: Joint Ownership LPL Account,"JT PACCAR Inc. - Common Stock (PCAR) [ST] S 01/13/2025 01/13/2025 $1,001 - $15,000 Filing Status: New Subholding Of: Joint Ownership LPL Account",,,False,100,PCAR,accepted,house_ptr_structure+v8_1,False,False,False,01/13/2025,False
20024346,Hon. Rob Bresnahan,Member,PA08,20024346.pdf,2025,95,JT,"Palo Alto Networks, Inc.","Palo Alto Networks, Inc.",PANW,PANW,ST,S,2025-01-13,2025-01-13,1001.0,15000.0,,"$1,001 - $15,000",valid_range,New,Joint Ownership LPL Account,,,,11,12,table,False,False,,True,0,False,False,98,True,20,False,https://disclosures-clerk.house.gov/public_disc/ptr-pdfs/2025/20024346.pdf,,,JT,"Palo Alto Networks, Inc. (PANW) [ST]","Palo Alto Networks, Inc. (PANW) [ST]",S,01/13/2025,01/13/2025,"$1,001 - $15,000",Filing Status: New Subholding Of: Joint Ownership LPL Account,"JT Palo Alto Networks, Inc. (PANW) [ST] S 01/13/2025 01/13/2025 $1,001 - $15,000 Filing Status: New Subholding Of: Joint Ownership LPL Account",,,False,98,PANW,accepted,house_ptr_structure+v8_1,False,False,False,01/13/2025,False
20024346,Hon. Rob Bresnahan,Member,PA08,20024346.pdf,2025,96,JT,"Paychex, Inc. - Common Stock","Paychex, Inc. - Common Stock",PAYX,PAYX,ST,S,2025-01-13,2025-01-13,1001.0,15000.0,,"$1,001 - $15,000",valid_range,New,Joint Ownership LPL Account,,,,12,12,table,False,False,,False,0,False,True,100,True,20,False,https://disclosures-clerk.house.gov/public_disc/ptr-pdfs/2025/20024346.pdf,,,JT,"Paychex, Inc. - Common Stock (PAYX) [ST]","Paychex, Inc. - Common Stock (PAYX) [ST]",S,01/13/2025,01/13/2025,"$1,001 - $15,000",Filing Status: New Subholding Of: Joint Ownership LPL Account,"JT Paychex, Inc. - Common Stock (PAYX) [ST] S 01/13/2025 01/13/2025 $1,001 - $15,000 Filing Status: New Subholding Of: Joint Ownership LPL Account",,,False,100,PAYX,accepted,house_ptr_structure+v8_1,False,False,False,01/13/2025,False
20024346,Hon. Rob Bresnahan,Member,PA08,20024346.pdf,2025,97,JT,Paylocity Holding Corporation - Common Stock,Paylocity Holding Corporation - Common Stock,PCTY,PCTY,ST,S,2025-01-13,2025-01-13,1001.0,15000.0,,"$1,001 - $15,000",valid_range,New,Joint Ownership LPL Account,,,,12,12,table,False,False,,False,0,False,False,100,True,20,False,https://disclosures-clerk.house.gov/public_disc/ptr-pdfs/2025/20024346.pdf,,,JT,Paylocity Holding Corporation - Common Stock (PCTY) [ST] Filing Status: New Subholding Of: Joint Ownership LPL Ac,Paylocity Holding Corporation - Common Stock (PCTY) [ST],S ccount,01/13/2025,01/13/2025,"$1,001 - $15,000",,"JT Paylocity Holding Corporation - Common Stock (PCTY) [ST] S 01/13/2025 01/13/2025 $1,001 - $15,000 Filing Status: New Subholding Of: Joint Ownership LPL Account",,,False,100,PCTY,accepted,house_ptr_structure+v8_1,False,False,False,01/13/2025,False
20024346,Hon. Rob Bresnahan,Member,PA08,20024346.pdf,2025,98,JT,Performance Food Group Company Common Stock,Performance Food Group Company Common Stock,PFGC,PFGC,ST,S,2025-01-13,2025-01-13,1001.0,15000.0,,"$1,001 - $15,000",valid_range,New,Joint Ownership LPL Account,,,,12,12,table,False,False,,False,0,False,True,100,True,20,False,https://disclosures-clerk.house.gov/public_disc/ptr-pdfs/2025/20024346.pdf,,,JT,Performance Food Group Company Common Stock (PFGC) [ST],Performance Food Group Company Common Stock (PFGC) [ST],S,01/13/2025,01/13/2025,"$1,001 - $15,000",Filing Status: New Subholding Of: Joint Ownership LPL Account,"JT Performance Food Group Company Common Stock (PFGC) [ST] S 01/13/2025 01/13/2025 $1,001 - $15,000 Filing Status: New Subholding Of: Joint Ownership LPL Account",,,False,100,PFGC,accepted,house_ptr_structure+v8_1,False,False,False,01/13/2025,False
20024346,Hon. Rob Bresnahan,Member,PA08,20024346.pdf,2025,99,JT,"Pure Storage, Inc. Class A Common Stock","Pure Storage, Inc. Class A Common Stock",PSTG,PSTG,ST,S,2025-01-13,2025-01-13,1001.0,15000.0,,"$1,001 - $15,000",valid_range,New,Joint Ownership LPL Account,,,,12,12,table,False,False,,False,0,False,False,100,True,20,False,https://disclosures-clerk.house.gov/public_disc/ptr-pdfs/2025/20024346.pdf,,,JT,"Pure Storage, Inc. Class A Common Stock (PSTG) [ST] Filing Status: New Subholding Of: Joint Ownership LPL Ac","Pure Storage, Inc. Class A Common Stock (PSTG) [ST]",S ccount,01/13/2025,01/13/2025,"$1,001 - $15,000",,"JT Pure Storage, Inc. Class A Common Stock (PSTG) [ST] S 01/13/2025 01/13/2025 $1,001 - $15,000 Filing Status: New Subholding Of: Joint Ownership LPL Account",,,False,100,PSTG,accepted,house_ptr_structure+v8_1,False,False,False,01/13/2025,False
20024346,Hon. Rob Bresnahan,Member,PA08,20024346.pdf,2025,100,JT,"Quanta Services, Inc. Common Stock","Quanta Services, Inc. Common Stock",PWR,PWR,ST,S,2025-01-13,2025-01-13,1001.0,15000.0,,"$1,001 - $15,000",valid_range,New,Joint Ownership LPL Account,,,,12,12,table,False,False,,False,0,False,True,100,True,20,False,https://disclosures-clerk.house.gov/public_disc/ptr-pdfs/2025/20024346.pdf,,,JT,"Quanta Services, Inc. Common Stock (PWR) [ST]","Quanta Services, Inc. Common Stock (PWR) [ST]",S,01/13/2025,01/13/2025,"$1,001 - $15,000",Filing Status: New Subholding Of: Joint Ownership LPL Account,"JT Quanta Services, Inc. Common Stock (PWR) [ST] S 01/13/2025 01/13/2025 $1,001 - $15,000 Filing Status: New Subholding Of: Joint Ownership LPL Account",,,False,100,PWR,accepted,house_ptr_structure+v8_1,False,False,False,01/13/2025,False
20024346,Hon. Rob Bresnahan,Member,PA08,20024346.pdf,2025,101,JT,ResMed Inc. Common Stock,ResMed Inc. Common Stock,RMD,RMD,ST,S,2025-01-13,2025-01-13,1001.0,15000.0,,"$1,001 - $15,000",valid_range,New,Joint Ownership LPL Account,,,,12,12,table,False,False,,False,0,False,False,100,True,20,False,https://disclosures-clerk.house.gov/public_disc/ptr-pdfs/2025/20024346.pdf,,,JT,ResMed Inc. Common Stock (RMD) [ST] Filing Status: New Subholding Of: Joint Ownership LPL Ac,ResMed Inc. Common Stock (RMD) [ST],S ccount,01/13/2025,01/13/2025,"$1,001 - $15,000",,"JT ResMed Inc. Common Stock (RMD) [ST] S 01/13/2025 01/13/2025 $1,001 - $15,000 Filing Status: New Subholding Of: Joint Ownership LPL Account",,,False,100,RMD,accepted,house_ptr_structure+v8_1,False,False,False,01/13/2025,False
20024346,Hon. Rob Bresnahan,Member,PA08,20024346.pdf,2025,102,,"Robinhood Markets, Inc. - Class A Common Stock","Robinhood Markets, Inc. - Class A Common Stock",HOOD,HOOD,ST,S,2025-01-29,2025-01-29,1001.0,15000.0,,"$1,001 - $15,000",valid_range,New,JP Morgan Brokerage Account #2,,,,12,12,table,False,False,,False,0,True,True,95,True,20,True,https://disclosures-clerk.house.gov/public_disc/ptr-pdfs/2025/20024346.pdf,low,adjacent transaction has same core signature,,"Robinhood Markets, Inc. - Class A Common Stock (HOOD) [ST]","Robinhood Markets, Inc. - Class A Common Stock (HOOD) [ST]",S,01/29/2025,01/29/2025,"$1,001 - $15,000",Filing Status: New Subholding Of: JP Morgan Brokerage Account #2,"Robinhood Markets, Inc. - Class A Common Stock (HOOD) [ST] S 01/29/2025 01/29/2025 $1,001 - $15,000 Filing Status: New Subholding Of: JP Morgan Brokerage Account #2",adjacent transaction has same core signature,low,True,95,HOOD,accepted,house_ptr_structure+v8_1,False,False,False,01/29/2025,False
20024346,Hon. Rob Bresnahan,Member,PA08,20024346.pdf,2025,103,,"Robinhood Markets, Inc. - Class A Common Stock","Robinhood Markets, Inc. - Class A Common Stock",HOOD,HOOD,ST,S,2025-01-29,2025-01-29,1001.0,15000.0,,"$1,001 - $15,000",valid_range,New,JP Morgan Brokerage Account #2,,,,12,12,table,False,False,,False,0,True,False,95,True,20,True,https://disclosures-clerk.house.gov/public_disc/ptr-pdfs/2025/20024346.pdf,low,adjacent transaction has same core signature,,"Robinhood Markets, Inc. - Class A Common Stock (HOOD) [ST] Filing Status: New Subholding Of: JP Morgan Brokerage Ac","Robinhood Markets, Inc. - Class A Common Stock (HOOD) [ST]",S ccount #2,01/29/2025,01/29/2025,"$1,001 - $15,000",,"Robinhood Markets, Inc. - Class A Common Stock (HOOD) [ST] S 01/29/2025 01/29/2025 $1,001 - $15,000 Filing Status: New Subholding Of: JP Morgan Brokerage Account #2",adjacent transaction has same core signature,low,True,95,HOOD,accepted,house_ptr_structure+v8_1,False,False,False,01/29/2025,False
20024346,Hon. Rob Bresnahan,Member,PA08,20024346.pdf,2025,104,,"Robinhood Markets, Inc. - Class A Common Stock","Robinhood Markets, Inc. - Class A Common Stock",HOOD,HOOD,ST,S,2025-01-29,2025-01-29,1001.0,15000.0,,"$1,001 - $15,000",valid_range,New,JP Morgan Brokerage Account #2,,,,12,13,table,False,False,,True,0,False,True,98,True,20,False,https://disclosures-clerk.house.gov/public_disc/ptr-pdfs/2025/20024346.pdf,,,,"Robinhood Markets, Inc. - Class A Common Stock (HOOD) [ST]","Robinhood Markets, Inc. - Class A Common Stock (HOOD) [ST] Type Date Gains > $200?",S,01/29/2025,01/29/2025,"$1,001 - $15,000",Type Date Gains > $200? Filing Status: New Subholding Of: JP Morgan Brokerage Account #2,"Robinhood Markets, Inc. - Class A Common Stock (HOOD) [ST] S 01/29/2025 01/29/2025 $1,001 - $15,000 Type Date Gains > $200? Filing Status: New Subholding Of: JP Morgan Brokerage Account #2",,,False,98,HOOD,accepted,house_ptr_structure+v8_1,False,False,False,01/29/2025,False
20024346,Hon. Rob Bresnahan,Member,PA08,20024346.pdf,2025,105,JT,Royal Caribbean Cruises Ltd. Common Stock,Royal Caribbean Cruises Ltd. Common Stock,RCL,RCL,ST,S,2025-01-13,2025-01-13,1001.0,15000.0,,"$1,001 - $15,000",valid_range,New,Joint Ownership LPL Account,,,,13,13,table,False,False,,False,0,False,False,100,True,20,False,https://disclosures-clerk.house.gov/public_disc/ptr-pdfs/2025/20024346.pdf,,,JT,Royal Caribbean Cruises Ltd. Common Stock (RCL) [ST] Filing Status: New Subholding Of: Joint Ownership LPL Ac,Royal Caribbean Cruises Ltd. Common Stock (RCL) [ST],S ccount,01/13/2025,01/13/2025,"$1,001 - $15,000",,"JT Royal Caribbean Cruises Ltd. Common Stock (RCL) [ST] S 01/13/2025 01/13/2025 $1,001 - $15,000 Filing Status: New Subholding Of: Joint Ownership LPL Account",,,False,100,RCL,accepted,house_ptr_structure+v8_1,False,False,False,01/13/2025,False
20024346,Hon. Rob Bresnahan,Member,PA08,20024346.pdf,2025,106,JT,"Saia, Inc. - Common Stock","Saia, Inc. - Common Stock",SAIA,SAIA,ST,S,2025-01-13,2025-01-13,1001.0,15000.0,,"$1,001 - $15,000",valid_range,New,Joint Ownership LPL Account,,,,13,13,table,False,False,,False,0,False,True,100,True,20,False,https://disclosures-clerk.house.gov/public_disc/ptr-pdfs/2025/20024346.pdf,,,JT,"Saia, Inc. - Common Stock (SAIA) [ST]","Saia, Inc. - Common Stock (SAIA) [ST]",S,01/13/2025,01/13/2025,"$1,001 - $15,000",Filing Status: New Subholding Of: Joint Ownership LPL Account,"JT Saia, Inc. - Common Stock (SAIA) [ST] S 01/13/2025 01/13/2025 $1,001 - $15,000 Filing Status: New Subholding Of: Joint Ownership LPL Account",,,False,100,SAIA,accepted,house_ptr_structure+v8_1,False,False,False,01/13/2025,False
20024346,Hon. Rob Bresnahan,Member,PA08,20024346.pdf,2025,107,,"Salesforce, Inc. Common Stock","Salesforce, Inc. Common Stock",CRM,CRM,ST,S,2025-01-21,2025-01-21,15001.0,50000.0,,"$15,001 - $50,000",valid_range,New,LPL Account I,,,,13,13,table,False,False,,False,0,False,False,100,True,20,False,https://disclosures-clerk.house.gov/public_disc/ptr-pdfs/2025/20024346.pdf,,,,"Salesforce, Inc. Common Stock (CRM) [ST] Filing Status: New Subholding Of: LPL Account I","Salesforce, Inc. Common Stock (CRM) [ST]",S,01/21/2025,01/21/2025,"$15,001 - $50,000",,"Salesforce, Inc. Common Stock (CRM) [ST] S 01/21/2025 01/21/2025 $15,001 - $50,000 Filing Status: New Subholding Of: LPL Account I",,,False,100,CRM,accepted,house_ptr_structure+v8_1,False,False,False,01/21/2025,False
20024346,Hon. Rob Bresnahan,Member,PA08,20024346.pdf,2025,108,JT,"Salesforce, Inc. Common Stock","Salesforce, Inc. Common Stock",CRM,CRM,ST,S,2025-01-13,2025-01-13,1001.0,15000.0,,"$1,001 - $15,000",valid_range,New,Joint Ownership LPL Account,,,,13,13,table,False,False,,False,0,False,True,100,True,20,False,https://disclosures-clerk.house.gov/public_disc/ptr-pdfs/2025/20024346.pdf,,,JT,"Salesforce, Inc. Common Stock (CRM) [ST]","Salesforce, Inc. Common Stock (CRM) [ST]",S,01/13/2025,01/13/2025,"$1,001 - $15,000",Filing Status: New Subholding Of: Joint Ownership LPL Account,"JT Salesforce, Inc. Common Stock (CRM) [ST] S 01/13/2025 01/13/2025 $1,001 - $15,000 Filing Status: New Subholding Of: Joint Ownership LPL Account",,,False,100,CRM,accepted,house_ptr_structure+v8_1,False,False,False,01/13/2025,False
20024346,Hon. Rob Bresnahan,Member,PA08,20024346.pdf,2025,109,JT,SBA Communications Corporation - Class A Common Stock,SBA Communications Corporation - Class A Common Stock,SBAC,SBAC,ST,S,2025-01-13,2025-01-13,1001.0,15000.0,,"$1,001 - $15,000",valid_range,New,Joint Ownership LPL Account,,,,13,13,table,False,False,,False,0,False,False,100,True,20,False,https://disclosures-clerk.house.gov/public_disc/ptr-pdfs/2025/20024346.pdf,,,JT,SBA Communications Corporation - Class A Common Stock (SBAC) [ST] Filing Status: New Subholding Of: Joint Ownership LPL Ac,SBA Communications Corporation - Class A Common Stock (SBAC) [ST],S ccount,01/13/2025,01/13/2025,"$1,001 - $15,000",,"JT SBA Communications Corporation - Class A Common Stock (SBAC) [ST] S 01/13/2025 01/13/2025 $1,001 - $15,000 Filing Status: New Subholding Of: Joint Ownership LPL Account",,,False,100,SBAC,accepted,house_ptr_structure+v8_1,False,False,False,01/13/2025,False
20024346,Hon. Rob Bresnahan,Member,PA08,20024346.pdf,2025,110,JT,"ServiceNow, Inc. Common Stock","ServiceNow, Inc. Common Stock",NOW,NOW,ST,S,2025-01-13,2025-01-13,1001.0,15000.0,,"$1,001 - $15,000",valid_range,New,Joint Ownership LPL Account,,,,13,13,table,False,False,,False,0,False,True,100,True,20,False,https://disclosures-clerk.house.gov/public_disc/ptr-pdfs/2025/20024346.pdf,,,JT,"ServiceNow, Inc. Common Stock (NOW) [ST]","ServiceNow, Inc. Common Stock (NOW) [ST]",S,01/13/2025,01/13/2025,"$1,001 - $15,000",Filing Status: New Subholding Of: Joint Ownership LPL Account,"JT ServiceNow, Inc. Common Stock (NOW) [ST] S 01/13/2025 01/13/2025 $1,001 - $15,000 Filing Status: New Subholding Of: Joint Ownership LPL Account",,,False,100,NOW,accepted,house_ptr_structure+v8_1,False,False,False,01/13/2025,False
20024346,Hon. Rob Bresnahan,Member,PA08,20024346.pdf,2025,111,,"ServiceNow, Inc. Common Stock","ServiceNow, Inc. Common Stock",NOW,NOW,ST,P,2025-02-03,2025-02-03,1001.0,15000.0,,"$1,001 - $15,000",valid_range,New,JP Morgan Brokerage Account #2,,,,13,13,table,False,False,,False,0,True,False,95,True,20,True,https://disclosures-clerk.house.gov/public_disc/ptr-pdfs/2025/20024346.pdf,low,adjacent transaction has same core signature,,"ServiceNow, Inc. Common Stock (NOW) [ST] Filing Status: New Subholding Of: JP Morgan Brokerage Ac","ServiceNow, Inc. Common Stock (NOW) [ST]",P ccount #2,02/03/2025,02/03/2025,"$1,001 - $15,000",,"ServiceNow, Inc. Common Stock (NOW) [ST] P 02/03/2025 02/03/2025 $1,001 - $15,000 Filing Status: New Subholding Of: JP Morgan Brokerage Account #2",adjacent transaction has same core signature,low,True,95,NOW,accepted,house_ptr_structure+v8_1,False,False,False,02/03/2025,False
20024346,Hon. Rob Bresnahan,Member,PA08,20024346.pdf,2025,112,,"ServiceNow, Inc. Common Stock","ServiceNow, Inc. Common Stock",NOW,NOW,ST,P,2025-02-03,2025-02-03,1001.0,15000.0,,"$1,001 - $15,000",valid_range,New,JP Morgan Brokerage Account #2,,,,13,13,table,False,False,,False,0,False,True,100,True,20,False,https://disclosures-clerk.house.gov/public_disc/ptr-pdfs/2025/20024346.pdf,,,,"ServiceNow, Inc. Common Stock (NOW) [ST]","ServiceNow, Inc. Common Stock (NOW) [ST]",P,02/03/2025,02/03/2025,"$1,001 - $15,000",Filing Status: New Subholding Of: JP Morgan Brokerage Account #2,"ServiceNow, Inc. Common Stock (NOW) [ST] P 02/03/2025 02/03/2025 $1,001 - $15,000 Filing Status: New Subholding Of: JP Morgan Brokerage Account #2",,,False,100,NOW,accepted,house_ptr_structure+v8_1,False,False,False,02/03/2025,False
20024346,Hon. Rob Bresnahan,Member,PA08,20024346.pdf,2025,113,JT,"Super Micro Computer, Inc. - Common Stock","Super Micro Computer, Inc. - Common Stock",SMCI,SMCI,ST,S,2025-01-13,2025-01-13,1001.0,15000.0,,"$1,001 - $15,000",valid_range,New,Joint Ownership LPL Account,,,,13,14,table,False,False,,True,0,False,False,98,True,20,False,https://disclosures-clerk.house.gov/public_disc/ptr-pdfs/2025/20024346.pdf,,,JT,"Super Micro Computer, Inc. - Common Stock (SMCI) [ST]","Super Micro Computer, Inc. - Common Stock (SMCI) [ST]",S,01/13/2025,01/13/2025,"$1,001 - $15,000",Filing Status: New Subholding Of: Joint Ownership LPL Account,"JT Super Micro Computer, Inc. - Common Stock (SMCI) [ST] S 01/13/2025 01/13/2025 $1,001 - $15,000 Filing Status: New Subholding Of: Joint Ownership LPL Account",,,False,98,SMCI,accepted,house_ptr_structure+v8_1,False,False,False,01/13/2025,False
20024346,Hon. Rob Bresnahan,Member,PA08,20024346.pdf,2025,114,JT,"Synopsys, Inc. - Common Stock","Synopsys, Inc. - Common Stock",SNPS,SNPS,ST,S,2025-01-13,2025-01-13,1001.0,15000.0,,"$1,001 - $15,000",valid_range,New,Joint Ownership LPL Account,,,,14,14,table,False,False,,False,0,False,True,100,True,20,False,https://disclosures-clerk.house.gov/public_disc/ptr-pdfs/2025/20024346.pdf,,,JT,"Synopsys, Inc. - Common Stock (SNPS) [ST]","Synopsys, Inc. - Common Stock (SNPS) [ST]",S,01/13/2025,01/13/2025,"$1,001 - $15,000",Filing Status: New Subholding Of: Joint Ownership LPL Account,"JT Synopsys, Inc. - Common Stock (SNPS) [ST] S 01/13/2025 01/13/2025 $1,001 - $15,000 Filing Status: New Subholding Of: Joint Ownership LPL Account",,,False,100,SNPS,accepted,house_ptr_structure+v8_1,False,False,False,01/13/2025,False
20024346,Hon. Rob Bresnahan,Member,PA08,20024346.pdf,2025,115,,"Take-Two Interactive Software, Inc. - Common Stock","Take-Two Interactive Software, Inc. - Common Stock",TTWO,TTWO,ST,P,2025-02-03,2025-02-03,1001.0,15000.0,,"$1,001 - $15,000",valid_range,New,JP Morgan Brokerage Account #2,,,,14,14,table,False,False,,False,0,True,False,95,True,20,True,https://disclosures-clerk.house.gov/public_disc/ptr-pdfs/2025/20024346.pdf,low,adjacent transaction has same core signature,,"Take-Two Interactive Software, Inc. - Common Stock (TTWO) [ST] Filing Status: New Subholding Of: JP Morgan Brokerage Ac","Take-Two Interactive Software, Inc. - Common Stock (TTWO) [ST]",P ccount #2,02/03/2025,02/03/2025,"$1,001 - $15,000",,"Take-Two Interactive Software, Inc. - Common Stock (TTWO) [ST] P 02/03/2025 02/03/2025 $1,001 - $15,000 Filing Status: New Subholding Of: JP Morgan Brokerage Account #2",adjacent transaction has same core signature,low,True,95,TTWO,accepted,house_ptr_structure+v8_1,False,False,False,02/03/2025,False
20024346,Hon. Rob Bresnahan,Member,PA08,20024346.pdf,2025,116,,"Take-Two Interactive Software, Inc. - Common Stock","Take-Two Interactive Software, Inc. - Common Stock",TTWO,TTWO,ST,P,2025-02-03,2025-02-03,1001.0,15000.0,,"$1,001 - $15,000",valid_range,New,JP Morgan Brokerage Account #2,,,,14,14,table,False,False,,False,0,True,True,95,True,20,True,https://disclosures-clerk.house.gov/public_disc/ptr-pdfs/2025/20024346.pdf,low,adjacent transaction has same core signature,,"Take-Two Interactive Software, Inc. - Common Stock (TTWO) [ST]","Take-Two Interactive Software, Inc. - Common Stock (TTWO) [ST]",P,02/03/2025,02/03/2025,"$1,001 - $15,000",Filing Status: New Subholding Of: JP Morgan Brokerage Account #2,"Take-Two Interactive Software, Inc. - Common Stock (TTWO) [ST] P 02/03/2025 02/03/2025 $1,001 - $15,000 Filing Status: New Subholding Of: JP Morgan Brokerage Account #2",adjacent transaction has same core signature,low,True,95,TTWO,accepted,house_ptr_structure+v8_1,False,False,False,02/03/2025,False
20024346,Hon. Rob Bresnahan,Member,PA08,20024346.pdf,2025,117,,"Take-Two Interactive Software, Inc. - Common Stock","Take-Two Interactive Software, Inc. - Common Stock",TTWO,TTWO,ST,P,2025-02-03,2025-02-03,1001.0,15000.0,,"$1,001 - $15,000",valid_range,New,JP Morgan Brokerage Account #2,,,,14,14,table,False,False,,False,0,False,False,100,True,20,False,https://disclosures-clerk.house.gov/public_disc/ptr-pdfs/2025/20024346.pdf,,,,"Take-Two Interactive Software, Inc. - Common Stock (TTWO) [ST] Filing Status: New Subholding Of: JP Morgan Brokerage Ac","Take-Two Interactive Software, Inc. - Common Stock (TTWO) [ST]",P ccount #2,02/03/2025,02/03/2025,"$1,001 - $15,000",,"Take-Two Interactive Software, Inc. - Common Stock (TTWO) [ST] P 02/03/2025 02/03/2025 $1,001 - $15,000 Filing Status: New Subholding Of: JP Morgan Brokerage Account #2",,,False,100,TTWO,accepted,house_ptr_structure+v8_1,False,False,False,02/03/2025,False
20024346,Hon. Rob Bresnahan,Member,PA08,20024346.pdf,2025,118,JT,The Cigna Group Common Stock,The Cigna Group Common Stock,CI,CI,ST,S,2025-01-13,2025-01-13,1001.0,15000.0,,"$1,001 - $15,000",valid_range,New,Joint Ownership LPL Account,,,,14,14,table,False,False,,False,0,False,True,100,True,20,False,https://disclosures-clerk.house.gov/public_disc/ptr-pdfs/2025/20024346.pdf,,,JT,The Cigna Group Common Stock (CI) [ST],The Cigna Group Common Stock (CI) [ST],S,01/13/2025,01/13/2025,"$1,001 - $15,000",Filing Status: New Subholding Of: Joint Ownership LPL Account,"JT The Cigna Group Common Stock (CI) [ST] S 01/13/2025 01/13/2025 $1,001 - $15,000 Filing Status: New Subholding Of: Joint Ownership LPL Account",,,False,100,CI,accepted,house_ptr_structure+v8_1,False,False,False,01/13/2025,False
20024346,Hon. Rob Bresnahan,Member,PA08,20024346.pdf,2025,119,JT,"T-Mobile US, Inc.","T-Mobile US, Inc.",TMUS,TMUS,ST,S,2025-01-13,2025-01-13,1001.0,15000.0,,"$1,001 - $15,000",valid_range,New,Joint Ownership LPL Account,,,,14,14,table,False,False,,False,0,False,False,100,True,20,False,https://disclosures-clerk.house.gov/public_disc/ptr-pdfs/2025/20024346.pdf,,,JT,"T-Mobile US, Inc. (TMUS) [ST] Filing Status: New Subholding Of: Joint Ownership LPL Ac","T-Mobile US, Inc. (TMUS) [ST]",S ccount,01/13/2025,01/13/2025,"$1,001 - $15,000",,"JT T-Mobile US, Inc. (TMUS) [ST] S 01/13/2025 01/13/2025 $1,001 - $15,000 Filing Status: New Subholding Of: Joint Ownership LPL Account",,,False,100,TMUS,accepted,house_ptr_structure+v8_1,False,False,False,01/13/2025,False
20024346,Hon. Rob Bresnahan,Member,PA08,20024346.pdf,2025,120,JT,Transdigm Group Incorporated Common Stock,Transdigm Group Incorporated Common Stock,TDG,TDG,ST,S,2025-01-13,2025-01-13,1001.0,15000.0,,"$1,001 - $15,000",valid_range,New,Joint Ownership LPL Account,,,,14,14,table,False,False,,False,0,False,True,100,True,20,False,https://disclosures-clerk.house.gov/public_disc/ptr-pdfs/2025/20024346.pdf,,,JT,Transdigm Group Incorporated Common Stock (TDG) [ST],Transdigm Group Incorporated Common Stock (TDG) [ST],S,01/13/2025,01/13/2025,"$1,001 - $15,000",Filing Status: New Subholding Of: Joint Ownership LPL Account,"JT Transdigm Group Incorporated Common Stock (TDG) [ST] S 01/13/2025 01/13/2025 $1,001 - $15,000 Filing Status: New Subholding Of: Joint Ownership LPL Account",,,False,100,TDG,accepted,house_ptr_structure+v8_1,False,False,False,01/13/2025,False
20024346,Hon. Rob Bresnahan,Member,PA08,20024346.pdf,2025,121,JT,"United Rentals, Inc. Common Stock","United Rentals, Inc. Common Stock",URI,URI,ST,S,2025-01-13,2025-01-13,1001.0,15000.0,,"$1,001 - $15,000",valid_range,New,Joint Ownership LPL Account,,,,14,14,table,False,False,,False,0,False,False,100,True,20,False,https://disclosures-clerk.house.gov/public_disc/ptr-pdfs/2025/20024346.pdf,,,JT,"United Rentals, Inc. Common Stock (URI) [ST] Filing Status: New Subholding Of: Joint Ownership LPL Ac","United Rentals, Inc. Common Stock (URI) [ST]",S ccount,01/13/2025,01/13/2025,"$1,001 - $15,000",,"JT United Rentals, Inc. Common Stock (URI) [ST] S 01/13/2025 01/13/2025 $1,001 - $15,000 Filing Status: New Subholding Of: Joint Ownership LPL Account",,,False,100,URI,accepted,house_ptr_structure+v8_1,False,False,False,01/13/2025,False
20024346,Hon. Rob Bresnahan,Member,PA08,20024346.pdf,2025,122,JT,UnitedHealth Group Incorporated Common Stock,UnitedHealth Group Incorporated Common Stock,UNH,UNH,ST,S,2025-01-13,2025-01-13,1001.0,15000.0,,"$1,001 - $15,000",valid_range,New,Joint Ownership LPL Account,,,,14,15,table,False,False,,True,0,False,True,98,True,20,False,https://disclosures-clerk.house.gov/public_disc/ptr-pdfs/2025/20024346.pdf,,,JT,UnitedHealth Group Incorporated Common Stock (UNH) [ST],UnitedHealth Group Incorporated Common Stock (UNH) [ST],S,01/13/2025,01/13/2025,"$1,001 - $15,000",Filing Status: New Subholding Of: Joint Ownership LPL Account,"JT UnitedHealth Group Incorporated Common Stock (UNH) [ST] S 01/13/2025 01/13/2025 $1,001 - $15,000 Filing Status: New Subholding Of: Joint Ownership LPL Account",,,False,98,UNH,accepted,house_ptr_structure+v8_1,False,False,False,01/13/2025,False
20024346,Hon. Rob Bresnahan,Member,PA08,20024346.pdf,2025,123,JT,Walt Disney Company,Walt Disney Company,DIS,DIS,ST,S,2025-01-13,2025-01-13,1001.0,15000.0,,"$1,001 - $15,000",valid_range,New,Joint Ownership LPL Account,,,,15,15,table,False,False,,False,0,False,False,100,True,20,False,https://disclosures-clerk.house.gov/public_disc/ptr-pdfs/2025/20024346.pdf,,,JT,Walt Disney Company (DIS) [ST] Filing Status: New Subholding Of: Joint Ownership LPL Ac,Walt Disney Company (DIS) [ST],S ccount,01/13/2025,01/13/2025,"$1,001 - $15,000",,"JT Walt Disney Company (DIS) [ST] S 01/13/2025 01/13/2025 $1,001 - $15,000 Filing Status: New Subholding Of: Joint Ownership LPL Account",,,False,100,DIS,accepted,house_ptr_structure+v8_1,False,False,False,01/13/2025,False
20024346,Hon. Rob Bresnahan,Member,PA08,20024346.pdf,2025,124,,Walt Disney Company,Walt Disney Company,DIS,DIS,ST,S,2025-01-21,2025-01-21,15001.0,50000.0,,"$15,001 - $50,000",valid_range,New,LPL Account I,,,,15,15,table,False,False,,False,0,False,True,100,True,20,False,https://disclosures-clerk.house.gov/public_disc/ptr-pdfs/2025/20024346.pdf,,,,Walt Disney Company (DIS) [ST],Walt Disney Company (DIS) [ST],S,01/21/2025,01/21/2025,"$15,001 - $50,000",Filing Status: New Subholding Of: LPL Account I,"Walt Disney Company (DIS) [ST] S 01/21/2025 01/21/2025 $15,001 - $50,000 Filing Status: New Subholding Of: LPL Account I",,,False,100,DIS,accepted,house_ptr_structure+v8_1,False,False,False,01/21/2025,False
20024346,Hon. Rob Bresnahan,Member,PA08,20024346.pdf,2025,125,JT,Westinghouse Air Brake Technologies Corporation Common Stock,Westinghouse Air Brake Technologies Corporation Common Stock,WAB,WAB,ST,S,2025-01-13,2025-01-13,1001.0,15000.0,,"$1,001 - $15,000",valid_range,New,Joint Ownership LPL Account,,,,15,15,table,False,False,,False,0,False,False,100,True,20,False,https://disclosures-clerk.house.gov/public_disc/ptr-pdfs/2025/20024346.pdf,,,JT,Westinghouse Air Brake Technologies Corporation Common Stock (WAB) [ST] Filing Status: New Subholding Of: Joint Ownership LPL Ac,Westinghouse Air Brake Technologies Corporation Common Stock (WAB) [ST],S ccount,01/13/2025,01/13/2025,"$1,001 - $15,000",,"JT Westinghouse Air Brake Technologies Corporation Common Stock (WAB) [ST] S 01/13/2025 01/13/2025 $1,001 - $15,000 Filing Status: New Subholding Of: Joint Ownership LPL Account",,,False,100,WAB,accepted,house_ptr_structure+v8_1,False,False,False,01/13/2025,False
20024346,Hon. Rob Bresnahan,Member,PA08,20024346.pdf,2025,126,JT,WillScot Holdings Corporation - Class A Common Stock,WillScot Holdings Corporation - Class A Common Stock,WSC,WSC,ST,S,2025-01-13,2025-01-13,1001.0,15000.0,,"$1,001 - $15,000",valid_range,New,Joint Ownership LPL Account,,,,15,15,table,False,False,,False,0,False,True,100,True,20,False,https://disclosures-clerk.house.gov/public_disc/ptr-pdfs/2025/20024346.pdf,,,JT,WillScot Holdings Corporation - Class A Common Stock (WSC) [ST],WillScot Holdings Corporation - Class A Common Stock (WSC) [ST],S,01/13/2025,01/13/2025,"$1,001 - $15,000",Filing Status: New Subholding Of: Joint Ownership LPL Account,"JT WillScot Holdings Corporation - Class A Common Stock (WSC) [ST] S 01/13/2025 01/13/2025 $1,001 - $15,000 Filing Status: New Subholding Of: Joint Ownership LPL Account",,,False,100,WSC,accepted,house_ptr_structure+v8_1,False,False,False,01/13/2025,False
20024346,Hon. Rob Bresnahan,Member,PA08,20024346.pdf,2025,127,,"Zoom Communications, Inc. - Class A Common Stock","Zoom Communications, Inc. - Class A Common Stock",ZM,ZM,ST,P,2025-01-28,2025-01-28,1001.0,15000.0,,"$1,001 - $15,000",valid_range,New,JP Morgan Brokerage Account #2,,,,15,15,table,False,False,,False,0,True,False,95,True,20,True,https://disclosures-clerk.house.gov/public_disc/ptr-pdfs/2025/20024346.pdf,low,adjacent transaction has same core signature,,"Zoom Communications, Inc. - Class A Common Stock (ZM) [ST] Filing Status: New Subholding Of: JP Morgan Brokerage Ac","Zoom Communications, Inc. - Class A Common Stock (ZM) [ST]",P ccount #2,01/28/2025,01/28/2025,"$1,001 - $15,000",,"Zoom Communications, Inc. - Class A Common Stock (ZM) [ST] P 01/28/2025 01/28/2025 $1,001 - $15,000 Filing Status: New Subholding Of: JP Morgan Brokerage Account #2",adjacent transaction has same core signature,low,True,95,ZM,accepted,house_ptr_structure+v8_1,False,False,False,01/28/2025,False
20024346,Hon. Rob Bresnahan,Member,PA08,20024346.pdf,2025,128,,"Zoom Communications, Inc. - Class A Common Stock","Zoom Communications, Inc. - Class A Common Stock",ZM,ZM,ST,P,2025-01-28,2025-01-28,1001.0,15000.0,,"$1,001 - $15,000",valid_range,New,JP Morgan Brokerage Account #2,,,,15,15,table,False,False,,False,0,True,True,95,True,20,True,https://disclosures-clerk.house.gov/public_disc/ptr-pdfs/2025/20024346.pdf,low,adjacent transaction has same core signature,,"Zoom Communications, Inc. - Class A Common Stock (ZM) [ST]","Zoom Communications, Inc. - Class A Common Stock (ZM) [ST]",P,01/28/2025,01/28/2025,"$1,001 - $15,000",Filing Status: New Subholding Of: JP Morgan Brokerage Account #2,"Zoom Communications, Inc. - Class A Common Stock (ZM) [ST] P 01/28/2025 01/28/2025 $1,001 - $15,000 Filing Status: New Subholding Of: JP Morgan Brokerage Account #2",adjacent transaction has same core signature,low,True,95,ZM,accepted,house_ptr_structure+v8_1,False,False,False,01/28/2025,False
20024346,Hon. Rob Bresnahan,Member,PA08,20024346.pdf,2025,129,,"Zoom Communications, Inc. - Class A Common Stock","Zoom Communications, Inc. - Class A Common Stock",ZM,ZM,ST,P,2025-01-28,2025-01-28,1001.0,15000.0,,"$1,001 - $15,000",valid_range,New,JP Morgan Brokerage Account #2,,,,15,15,table,False,False,,False,0,False,False,100,True,20,False,https://disclosures-clerk.house.gov/public_disc/ptr-pdfs/2025/20024346.pdf,,,,"Zoom Communications, Inc. - Class A Common Stock (ZM) [ST] Filing Status: New Subholding Of: JP Morgan Brokerage Ac","Zoom Communications, Inc. - Class A Common Stock (ZM) [ST]",P ccount #2,01/28/2025,01/28/2025,"$1,001 - $15,000",,"Zoom Communications, Inc. - Class A Common Stock (ZM) [ST] P 01/28/2025 01/28/2025 $1,001 - $15,000 Filing Status: New Subholding Of: JP Morgan Brokerage Account #2",,,False,100,ZM,accepted,house_ptr_structure+v8_1,False,False,False,01/28/2025,False
20024346,Hon. Rob Bresnahan,Member,PA08,20024346.pdf,2025,130,JT,"Zscaler, Inc. - Common Stock","Zscaler, Inc. - Common Stock",ZS,ZS,ST,S,2025-01-13,2025-01-13,1001.0,15000.0,,"$1,001 - $15,000",valid_range,New,Joint Ownership LPL Account,,,,15,15,table,False,False,,False,0,False,True,100,True,20,False,https://disclosures-clerk.house.gov/public_disc/ptr-pdfs/2025/20024346.pdf,,,JT,"Zscaler, Inc. - Common Stock (ZS) [ST]","Zscaler, Inc. - Common Stock (ZS) [ST]",S,01/13/2025,01/13/2025,"$1,001 - $15,000",Filing Status: New Subholding Of: Joint Ownership LPL Account,"JT Zscaler, Inc. - Common Stock (ZS) [ST] S 01/13/2025 01/13/2025 $1,001 - $15,000 Filing Status: New Subholding Of: Joint Ownership LPL Account",,,False,100,ZS,accepted,house_ptr_structure+v8_1,False,False,False,01/13/2025,False
