filing_id,politician,member_status,state_district,source_pdf,source_year,transaction_number_in_filing,owner,asset_v8_2_cleaned,asset_v8_1,ticker_v8_2_cleaned,ticker_v8_1,asset_type,transaction_type,transaction_date,notification_date,amount_min,amount_max,amount_exact,amount_category,amount_status,filing_status,subholding,location,description,comments,page,last_page,page_parse_method,page_recovery_used,filing_page_completeness_issue,suspected_missed_pages,page_continuation_used,duplicate_geometry_rows_merged,possible_adjacent_same_signature,row_shaded,geometry_quality_score,unicode_repair_applied,unicode_repair_count,needs_review,original_pdf_url,review_level,review_reason,owner_raw,asset_raw,asset_lookup_context,transaction_type_raw,transaction_date_raw,notification_date_raw,amount_raw,continuation_raw,detail_raw,review_reason_v8_1,review_level_v8_1,needs_review_v8_1,geometry_quality_score_v8_1,ticker_candidate_raw,ticker_parse_status,ticker_validation_source,ticker_changed,asset_changed_by_ticker_resolver,raw_date_has_extra_text,raw_date_prefix,date_prefix_disagrees
20029038,Hon. Jefferson Shreve,Member,IN06,20029038.pdf,2025,1,,Accenture plc Class A Ordinary Shares,Accenture plc Class A Ordinary Shares,ACN,ACN,ST,S,2025-03-31,2025-04-03,15001.0,50000.0,,"$15,001 - $50,000",valid_range,New,CRT - Standard Unit Trust,,Portfolio Rebalance,,1,1,table,False,False,,False,0,False,False,100,True,30,False,https://disclosures-clerk.house.gov/public_disc/ptr-pdfs/2025/20029038.pdf,,,,Accenture plc Class A Ordinary Shares (ACN) [ST] Filing Status: New Subholding Of: CRT - Standard Unit Tru Description: Portfolio Rebalance,Accenture plc Class A Ordinary Shares (ACN) [ST],S ust,03/31/2025,04/03/2025,"$15,001 - $50,000",,"Accenture plc Class A Ordinary Shares (ACN) [ST] S 03/31/2025 04/03/2025 $15,001 - $50,000 Filing Status: New Subholding Of: CRT - Standard Unit Trust Description: Portfolio Rebalance",,,False,100,ACN,accepted,house_ptr_structure+v8_1,False,False,False,03/31/2025,False
20029038,Hon. Jefferson Shreve,Member,IN06,20029038.pdf,2025,2,,"Advanced Micro Devices, Inc.","Advanced Micro Devices, Inc.",AMD,AMD,ST,P,2025-03-31,2025-04-03,50001.0,100000.0,,"$50,001 - $100,000",valid_range,New,CRT - Standard Unit Trust,,Portfolio Rebalance,,1,1,table,False,False,,False,0,False,True,100,True,30,False,https://disclosures-clerk.house.gov/public_disc/ptr-pdfs/2025/20029038.pdf,,,,"Advanced Micro Devices, Inc. (AMD) [ST]","Advanced Micro Devices, Inc. (AMD) [ST]",P,03/31/2025,04/03/2025,"$50,001 - $100,000",Filing Status: New Subholding Of: CRT - Standard Unit Trust Description: Portfolio Rebalance,"Advanced Micro Devices, Inc. (AMD) [ST] P 03/31/2025 04/03/2025 $50,001 - $100,000 Filing Status: New Subholding Of: CRT - Standard Unit Trust Description: Portfolio Rebalance",,,False,100,AMD,accepted,house_ptr_structure+v8_1,False,False,False,03/31/2025,False
20029038,Hon. Jefferson Shreve,Member,IN06,20029038.pdf,2025,3,,"Advanced Micro Devices, Inc.","Advanced Micro Devices, Inc.",AMD,AMD,ST,P,2025-03-05,2025-03-28,15001.0,50000.0,,"$15,001 - $50,000",valid_range,New,CRT - Standard Unit Trust,,Portfolio Rebalance,,1,1,table,False,False,,False,0,False,False,100,True,30,False,https://disclosures-clerk.house.gov/public_disc/ptr-pdfs/2025/20029038.pdf,,,,"Advanced Micro Devices, Inc. (AMD) [ST] Filing Status: New Subholding Of: CRT - Standard Unit Tru Description: Portfolio Rebalance","Advanced Micro Devices, Inc. (AMD) [ST]",P ust,03/05/2025,03/28/2025,"$15,001 - $50,000",,"Advanced Micro Devices, Inc. (AMD) [ST] P 03/05/2025 03/28/2025 $15,001 - $50,000 Filing Status: New Subholding Of: CRT - Standard Unit Trust Description: Portfolio Rebalance",,,False,100,AMD,accepted,house_ptr_structure+v8_1,False,False,False,03/05/2025,False
20029038,Hon. Jefferson Shreve,Member,IN06,20029038.pdf,2025,4,,"Agilent Technologies, Inc. Common Stock","Agilent Technologies, Inc. Common Stock",A,A,ST,S,2025-03-13,2025-03-28,15001.0,50000.0,,"$15,001 - $50,000",valid_range,New,CRT - Standard Unit Trust,,Portfolio Rebalance,,1,1,table,False,False,,False,0,False,True,100,True,30,False,https://disclosures-clerk.house.gov/public_disc/ptr-pdfs/2025/20029038.pdf,,,,"Agilent Technologies, Inc. Common Stock (A) [ST]","Agilent Technologies, Inc. Common Stock (A) [ST]",S,03/13/2025,03/28/2025,"$15,001 - $50,000",Filing Status: New Subholding Of: CRT - Standard Unit Trust Description: Portfolio Rebalance,"Agilent Technologies, Inc. Common Stock (A) [ST] S 03/13/2025 03/28/2025 $15,001 - $50,000 Filing Status: New Subholding Of: CRT - Standard Unit Trust Description: Portfolio Rebalance",,,False,100,A,accepted,house_ptr_structure+v8_1,False,False,False,03/13/2025,False
20029038,Hon. Jefferson Shreve,Member,IN06,20029038.pdf,2025,5,,"Air Products and Chemicals, Inc. Common Stock","Air Products and Chemicals, Inc. Common Stock",APD,APD,ST,S,2025-03-31,2025-04-03,15001.0,50000.0,,"$15,001 - $50,000",valid_range,New,CRT - Standard Unit Trust,,Portfolio Rebalance,,1,1,table,False,False,,False,0,False,False,100,True,30,False,https://disclosures-clerk.house.gov/public_disc/ptr-pdfs/2025/20029038.pdf,,,,"Air Products and Chemicals, Inc. Common Stock (APD) [ST] Filing Status: New Subholding Of: CRT - Standard Unit Tru Description: Portfolio Rebalance","Air Products and Chemicals, Inc. Common Stock (APD) [ST]",S ust,03/31/2025,04/03/2025,"$15,001 - $50,000",,"Air Products and Chemicals, Inc. Common Stock (APD) [ST] S 03/31/2025 04/03/2025 $15,001 - $50,000 Filing Status: New Subholding Of: CRT - Standard Unit Trust Description: Portfolio Rebalance",,,False,100,APD,accepted,house_ptr_structure+v8_1,False,False,False,03/31/2025,False
20029038,Hon. Jefferson Shreve,Member,IN06,20029038.pdf,2025,6,,"Akamai Technologies, Inc. - Common Stock","Akamai Technologies, Inc. - Common Stock",AKAM,AKAM,ST,P,2025-03-31,2025-04-03,15001.0,50000.0,,"$15,001 - $50,000",valid_range,New,CRT - Standard Unit Trust,,Portfolio Rebalance,,2,2,table,False,False,,False,0,False,True,100,True,30,False,https://disclosures-clerk.house.gov/public_disc/ptr-pdfs/2025/20029038.pdf,,,,"Akamai Technologies, Inc. - Common Stock (AKAM) [ST]","Akamai Technologies, Inc. - Common Stock (AKAM) [ST]",P,03/31/2025,04/03/2025,"$15,001 - $50,000",Filing Status: New Subholding Of: CRT - Standard Unit Trust Description: Portfolio Rebalance,"Akamai Technologies, Inc. - Common Stock (AKAM) [ST] P 03/31/2025 04/03/2025 $15,001 - $50,000 Filing Status: New Subholding Of: CRT - Standard Unit Trust Description: Portfolio Rebalance",,,False,100,AKAM,accepted,house_ptr_structure+v8_1,False,False,False,03/31/2025,False
20029038,Hon. Jefferson Shreve,Member,IN06,20029038.pdf,2025,7,,American Express Company Common Stock,American Express Company Common Stock,AXP,AXP,ST,S (partial),2025-03-05,2025-03-28,15001.0,50000.0,,"$15,001 - $50,000",valid_range,New,CRT - Standard Unit Trust,,Portfolio Rebalance,,2,2,table,False,False,,False,0,False,False,100,True,30,False,https://disclosures-clerk.house.gov/public_disc/ptr-pdfs/2025/20029038.pdf,,,,American Express Company Common Stock (AXP) [ST] Filing Status: New Subholding Of: CRT - Standard Unit Tru Description: Portfolio Rebalance,American Express Company Common Stock (AXP) [ST],S (partial) ust,03/05/2025,03/28/2025,"$15,001 - $50,000",,"American Express Company Common Stock (AXP) [ST] S (partial) 03/05/2025 03/28/2025 $15,001 - $50,000 Filing Status: New Subholding Of: CRT - Standard Unit Trust Description: Portfolio Rebalance",,,False,100,AXP,accepted,house_ptr_structure+v8_1,False,False,False,03/05/2025,False
20029038,Hon. Jefferson Shreve,Member,IN06,20029038.pdf,2025,8,,"American International Group, Inc. New Common Stock","American International Group, Inc. New Common Stock",AIG,AIG,ST,P,2025-03-13,1935-03-28,15001.0,50000.0,,"$15,001 - $50,000",valid_range,New,CRT - Standard Unit Trust,,Portfolio Rebalance,,2,2,table,False,False,,False,0,False,True,45,True,30,True,https://disclosures-clerk.house.gov/public_disc/ptr-pdfs/2025/20029038.pdf,high,implausible notification date year; notification date before transaction date,,"American International Group, Inc. New Common Stock (AIG) [ST]","American International Group, Inc. New Common Stock (AIG) [ST]",P,03/13/2025,03/28/1935,"$15,001 - $50,000",Filing Status: New Subholding Of: CRT - Standard Unit Trust Description: Portfolio Rebalance,"American International Group, Inc. New Common Stock (AIG) [ST] P 03/13/2025 03/28/1935 $15,001 - $50,000 Filing Status: New Subholding Of: CRT - Standard Unit Trust Description: Portfolio Rebalance",implausible notification date year; notification date before transaction date,high,True,45,AIG,accepted,house_ptr_structure+v8_1,False,False,False,03/13/2025,False
20029038,Hon. Jefferson Shreve,Member,IN06,20029038.pdf,2025,9,,"Analog Devices, Inc. - Common Stock","Analog Devices, Inc. - Common Stock",ADI,ADI,ST,S (partial),2025-03-05,2025-03-28,50001.0,100000.0,,"$50,001 - $100,000",valid_range,New,CRT - Standard Unit Trust,,Portfolio Rebalance,,2,2,table,False,False,,False,0,False,False,100,True,30,False,https://disclosures-clerk.house.gov/public_disc/ptr-pdfs/2025/20029038.pdf,,,,"Analog Devices, Inc. - Common Stock (ADI) [ST] Filing Status: New Subholding Of: CRT - Standard Unit Tru Description: Portfolio Rebalance","Analog Devices, Inc. - Common Stock (ADI) [ST]",S (partial) ust,03/05/2025,03/28/2025,"$50,001 - $100,000",,"Analog Devices, Inc. - Common Stock (ADI) [ST] S (partial) 03/05/2025 03/28/2025 $50,001 - $100,000 Filing Status: New Subholding Of: CRT - Standard Unit Trust Description: Portfolio Rebalance",,,False,100,ADI,accepted,house_ptr_structure+v8_1,False,False,False,03/05/2025,False
20029038,Hon. Jefferson Shreve,Member,IN06,20029038.pdf,2025,10,,"Analog Devices, Inc. - Common Stock","Analog Devices, Inc. - Common Stock",ADI,ADI,ST,P,2025-03-31,2025-04-03,15001.0,50000.0,,"$15,001 - $50,000",valid_range,New,CRT - Standard Unit Trust,,Portfolio Rebalance,,2,2,table,False,False,,False,0,False,True,100,True,30,False,https://disclosures-clerk.house.gov/public_disc/ptr-pdfs/2025/20029038.pdf,,,,"Analog Devices, Inc. - Common Stock (ADI) [ST]","Analog Devices, Inc. - Common Stock (ADI) [ST]",P,03/31/2025,04/03/2025,"$15,001 - $50,000",Filing Status: New Subholding Of: CRT - Standard Unit Trust Description: Portfolio Rebalance,"Analog Devices, Inc. - Common Stock (ADI) [ST] P 03/31/2025 04/03/2025 $15,001 - $50,000 Filing Status: New Subholding Of: CRT - Standard Unit Trust Description: Portfolio Rebalance",,,False,100,ADI,accepted,house_ptr_structure+v8_1,False,False,False,03/31/2025,False
20029038,Hon. Jefferson Shreve,Member,IN06,20029038.pdf,2025,11,,Aon plc Class A Ordinary Shares,Aon plc Class A Ordinary Shares,AON,AON,ST,P,2025-03-13,1935-03-28,15001.0,50000.0,,"$15,001 - $50,000",valid_range,New,CRT - Standard Unit Trust,,Portfolio Rebalance,,2,2,table,False,False,,False,0,False,False,45,True,30,True,https://disclosures-clerk.house.gov/public_disc/ptr-pdfs/2025/20029038.pdf,high,implausible notification date year; notification date before transaction date,,Aon plc Class A Ordinary Shares (AON) [ST] Filing Status: New Subholding Of: CRT - Standard Unit Tru Description: Portfolio Rebalance,Aon plc Class A Ordinary Shares (AON) [ST],P ust,03/13/2025,03/28/1935,"$15,001 - $50,000",,"Aon plc Class A Ordinary Shares (AON) [ST] P 03/13/2025 03/28/1935 $15,001 - $50,000 Filing Status: New Subholding Of: CRT - Standard Unit Trust Description: Portfolio Rebalance",implausible notification date year; notification date before transaction date,high,True,45,AON,accepted,house_ptr_structure+v8_1,False,False,False,03/13/2025,False
20029038,Hon. Jefferson Shreve,Member,IN06,20029038.pdf,2025,12,,Apple Inc. - Common Stock,Apple Inc. - Common Stock,AAPL,AAPL,ST,P,2025-03-31,2025-04-03,15001.0,50000.0,,"$15,001 - $50,000",valid_range,New,CRT - Standard Unit Trust,,Portfolio Rebalance,,2,2,table,False,False,,False,0,False,True,100,True,30,False,https://disclosures-clerk.house.gov/public_disc/ptr-pdfs/2025/20029038.pdf,,,,Apple Inc. - Common Stock (AAPL) [ST],Apple Inc. - Common Stock (AAPL) [ST],P,03/31/2025,04/03/2025,"$15,001 - $50,000",Filing Status: New Subholding Of: CRT - Standard Unit Trust Description: Portfolio Rebalance,"Apple Inc. - Common Stock (AAPL) [ST] P 03/31/2025 04/03/2025 $15,001 - $50,000 Filing Status: New Subholding Of: CRT - Standard Unit Trust Description: Portfolio Rebalance",,,False,100,AAPL,accepted,house_ptr_structure+v8_1,False,False,False,03/31/2025,False
20029038,Hon. Jefferson Shreve,Member,IN06,20029038.pdf,2025,13,,"Applied Materials, Inc. - Common Stock","Applied Materials, Inc. - Common Stock",AMAT,AMAT,ST,P,2025-03-13,2025-03-28,15001.0,50000.0,,"$15,001 - $50,000",valid_range,New,CRT - Standard Unit Trust,,Portfolio Rebalance,,2,3,table,False,False,,True,0,False,False,98,True,30,False,https://disclosures-clerk.house.gov/public_disc/ptr-pdfs/2025/20029038.pdf,,,,"Applied Materials, Inc. - Common Stock (AMAT) [ST] Filing Status: New","Applied Materials, Inc. - Common Stock (AMAT) [ST] Subholding Of: CRT - Standard Unit Trust Description: Portfolio Rebalance",P,03/13/2025,03/28/2025,"$15,001 - $50,000",Subholding Of: CRT - Standard Unit Trust Description: Portfolio Rebalance,"Applied Materials, Inc. - Common Stock (AMAT) [ST] P 03/13/2025 03/28/2025 $15,001 - $50,000 Filing Status: New Subholding Of: CRT - Standard Unit Trust Description: Portfolio Rebalance",,,False,98,AMAT,accepted,house_ptr_structure+v8_1,False,False,False,03/13/2025,False
20029038,Hon. Jefferson Shreve,Member,IN06,20029038.pdf,2025,14,,Applovin Corporation - Class A Common Stock,Applovin Corporation - Class A Common Stock,APP,APP,ST,S,2025-03-05,2025-03-28,15001.0,50000.0,,"$15,001 - $50,000",valid_range,New,CRT - Standard Unit Trust,,Portfolio Rebalance,,3,3,table,False,False,,False,0,False,True,100,True,30,False,https://disclosures-clerk.house.gov/public_disc/ptr-pdfs/2025/20029038.pdf,,,,Applovin Corporation - Class A Common Stock (APP) [ST],Applovin Corporation - Class A Common Stock (APP) [ST],S,03/05/2025,03/28/2025,"$15,001 - $50,000",Filing Status: New Subholding Of: CRT - Standard Unit Trust Description: Portfolio Rebalance,"Applovin Corporation - Class A Common Stock (APP) [ST] S 03/05/2025 03/28/2025 $15,001 - $50,000 Filing Status: New Subholding Of: CRT - Standard Unit Trust Description: Portfolio Rebalance",,,False,100,APP,accepted,house_ptr_structure+v8_1,False,False,False,03/05/2025,False
20029038,Hon. Jefferson Shreve,Member,IN06,20029038.pdf,2025,15,,Ares Management Corporation Class A Common Stock,Ares Management Corporation Class A Common Stock,ARES,ARES,ST,S,2025-03-13,2025-03-28,15001.0,50000.0,,"$15,001 - $50,000",valid_range,New,CRT - Standard Unit Trust,,Portfolio Rebalance,,3,3,table,False,False,,False,0,False,False,100,True,30,False,https://disclosures-clerk.house.gov/public_disc/ptr-pdfs/2025/20029038.pdf,,,,Ares Management Corporation Class A Common Stock (ARES) [ST] Filing Status: New Subholding Of: CRT - Standard Unit Tru Description: Portfolio Rebalance,Ares Management Corporation Class A Common Stock (ARES) [ST],S ust,03/13/2025,03/28/2025,"$15,001 - $50,000",,"Ares Management Corporation Class A Common Stock (ARES) [ST] S 03/13/2025 03/28/2025 $15,001 - $50,000 Filing Status: New Subholding Of: CRT - Standard Unit Trust Description: Portfolio Rebalance",,,False,100,ARES,accepted,house_ptr_structure+v8_1,False,False,False,03/13/2025,False
20029038,Hon. Jefferson Shreve,Member,IN06,20029038.pdf,2025,16,,"Arista Networks, Inc. Common Stock","Arista Networks, Inc. Common Stock",ANET,ANET,ST,S,2025-03-05,2025-03-28,15001.0,50000.0,,"$15,001 - $50,000",valid_range,New,CRT - Standard Unit Trust,,Portfolio Rebalance,,3,3,table,False,False,,False,0,False,True,100,True,30,False,https://disclosures-clerk.house.gov/public_disc/ptr-pdfs/2025/20029038.pdf,,,,"Arista Networks, Inc. Common Stock (ANET) [ST]","Arista Networks, Inc. Common Stock (ANET) [ST]",S,03/05/2025,03/28/2025,"$15,001 - $50,000",Filing Status: New Subholding Of: CRT - Standard Unit Trust Description: Portfolio Rebalance,"Arista Networks, Inc. Common Stock (ANET) [ST] S 03/05/2025 03/28/2025 $15,001 - $50,000 Filing Status: New Subholding Of: CRT - Standard Unit Trust Description: Portfolio Rebalance",,,False,100,ANET,accepted,house_ptr_structure+v8_1,False,False,False,03/05/2025,False
20029038,Hon. Jefferson Shreve,Member,IN06,20029038.pdf,2025,17,,"Autodesk, Inc. - Common Stock","Autodesk, Inc. - Common Stock",ADSK,ADSK,ST,S,2025-03-13,2025-03-28,15001.0,50000.0,,"$15,001 - $50,000",valid_range,New,CRT - Standard Unit Trust,,Portfolio Rebalance,,3,3,table,False,False,,False,0,False,False,100,True,30,False,https://disclosures-clerk.house.gov/public_disc/ptr-pdfs/2025/20029038.pdf,,,,"Autodesk, Inc. - Common Stock (ADSK) [ST] Filing Status: New Subholding Of: CRT - Standard Unit Tru Description: Portfolio Rebalance","Autodesk, Inc. - Common Stock (ADSK) [ST]",S ust,03/13/2025,03/28/2025,"$15,001 - $50,000",,"Autodesk, Inc. - Common Stock (ADSK) [ST] S 03/13/2025 03/28/2025 $15,001 - $50,000 Filing Status: New Subholding Of: CRT - Standard Unit Trust Description: Portfolio Rebalance",,,False,100,ADSK,accepted,house_ptr_structure+v8_1,False,False,False,03/13/2025,False
20029038,Hon. Jefferson Shreve,Member,IN06,20029038.pdf,2025,18,,"Axon Enterprise, Inc. - Common Stock","Axon Enterprise, Inc. - Common Stock",AXON,AXON,ST,P,2025-03-05,2025-03-28,15001.0,50000.0,,"$15,001 - $50,000",valid_range,New,CRT - Standard Unit Trust,,Portfolio Rebalance,,3,3,table,False,False,,False,0,False,True,100,True,30,False,https://disclosures-clerk.house.gov/public_disc/ptr-pdfs/2025/20029038.pdf,,,,"Axon Enterprise, Inc. - Common Stock (AXON) [ST]","Axon Enterprise, Inc. - Common Stock (AXON) [ST]",P,03/05/2025,03/28/2025,"$15,001 - $50,000",Filing Status: New Subholding Of: CRT - Standard Unit Trust Description: Portfolio Rebalance,"Axon Enterprise, Inc. - Common Stock (AXON) [ST] P 03/05/2025 03/28/2025 $15,001 - $50,000 Filing Status: New Subholding Of: CRT - Standard Unit Trust Description: Portfolio Rebalance",,,False,100,AXON,accepted,house_ptr_structure+v8_1,False,False,False,03/05/2025,False
20029038,Hon. Jefferson Shreve,Member,IN06,20029038.pdf,2025,19,,Ball Corporation Common Stock,Ball Corporation Common Stock,BALL,BALL,ST,P,2025-03-05,2025-03-28,15001.0,50000.0,,"$15,001 - $50,000",valid_range,New,CRT - Standard Unit Trust,,Portfolio Rebalance,,3,3,table,False,False,,False,0,False,False,100,True,30,False,https://disclosures-clerk.house.gov/public_disc/ptr-pdfs/2025/20029038.pdf,,,,Ball Corporation Common Stock (BALL) [ST] Filing Status: New Subholding Of: CRT - Standard Unit Tru Description: Portfolio Rebalance,Ball Corporation Common Stock (BALL) [ST],P ust,03/05/2025,03/28/2025,"$15,001 - $50,000",,"Ball Corporation Common Stock (BALL) [ST] P 03/05/2025 03/28/2025 $15,001 - $50,000 Filing Status: New Subholding Of: CRT - Standard Unit Trust Description: Portfolio Rebalance",,,False,100,BALL,accepted,house_ptr_structure+v8_1,False,False,False,03/05/2025,False
20029038,Hon. Jefferson Shreve,Member,IN06,20029038.pdf,2025,20,,"Becton, Dickinson and Company Common Stock","Becton, Dickinson and Company Common Stock",BDX,BDX,ST,S,2025-03-05,2025-03-28,15001.0,50000.0,,"$15,001 - $50,000",valid_range,New,CRT - Standard Unit Trust,,Portfolio Rebalance,,3,3,table,False,False,,False,0,False,True,100,True,30,False,https://disclosures-clerk.house.gov/public_disc/ptr-pdfs/2025/20029038.pdf,,,,"Becton, Dickinson and Company Common Stock (BDX) [ST]","Becton, Dickinson and Company Common Stock (BDX) [ST]",S,03/05/2025,03/28/2025,"$15,001 - $50,000",Filing Status: New Subholding Of: CRT - Standard Unit Trust Description: Portfolio Rebalance,"Becton, Dickinson and Company Common Stock (BDX) [ST] S 03/05/2025 03/28/2025 $15,001 - $50,000 Filing Status: New Subholding Of: CRT - Standard Unit Trust Description: Portfolio Rebalance",,,False,100,BDX,accepted,house_ptr_structure+v8_1,False,False,False,03/05/2025,False
20029038,Hon. Jefferson Shreve,Member,IN06,20029038.pdf,2025,21,,"BlackRock, Inc. Common Stock","BlackRock, Inc. Common Stock",BLK,BLK,ST,P,2025-03-31,2025-04-03,50001.0,100000.0,,"$50,001 - $100,000",valid_range,New,CRT - Standard Unit Trust,,Portfolio Rebalance,,4,4,table,False,False,,False,0,False,False,100,True,30,False,https://disclosures-clerk.house.gov/public_disc/ptr-pdfs/2025/20029038.pdf,,,,"BlackRock, Inc. Common Stock (BLK) [ST] Filing Status: New Subholding Of: CRT - Standard Unit Tru Description: Portfolio Rebalance","BlackRock, Inc. Common Stock (BLK) [ST]",P ust,03/31/2025,04/03/2025,"$50,001 - $100,000",,"BlackRock, Inc. Common Stock (BLK) [ST] P 03/31/2025 04/03/2025 $50,001 - $100,000 Filing Status: New Subholding Of: CRT - Standard Unit Trust Description: Portfolio Rebalance",,,False,100,BLK,accepted,house_ptr_structure+v8_1,False,False,False,03/31/2025,False
20029038,Hon. Jefferson Shreve,Member,IN06,20029038.pdf,2025,22,,"Block, Inc. Class A Common Stock,","Block, Inc. Class A Common Stock,",XYZ,XYZ,ST,P,2025-03-31,2025-04-03,50001.0,100000.0,,"$50,001 - $100,000",valid_range,New,CRT - Standard Unit Trust,,Portfolio Rebalance,,4,4,table,False,False,,False,0,False,True,100,True,30,False,https://disclosures-clerk.house.gov/public_disc/ptr-pdfs/2025/20029038.pdf,,,,"Block, Inc. Class A Common Stock, (XYZ) [ST]","Block, Inc. Class A Common Stock, (XYZ) [ST]",P,03/31/2025,04/03/2025,"$50,001 - $100,000",Filing Status: New Subholding Of: CRT - Standard Unit Trust Description: Portfolio Rebalance,"Block, Inc. Class A Common Stock, (XYZ) [ST] P 03/31/2025 04/03/2025 $50,001 - $100,000 Filing Status: New Subholding Of: CRT - Standard Unit Trust Description: Portfolio Rebalance",,,False,100,XYZ,accepted,house_ptr_structure+v8_1,False,False,False,03/31/2025,False
20029038,Hon. Jefferson Shreve,Member,IN06,20029038.pdf,2025,23,,Broadcom Inc. - Common Stock,Broadcom Inc. - Common Stock,AVGO,AVGO,ST,P,2025-03-13,1935-03-28,15001.0,50000.0,,"$15,001 - $50,000",valid_range,New,CRT - Standard Unit Trust,,Portfolio Rebalance,,4,4,table,False,False,,False,0,False,False,45,True,30,True,https://disclosures-clerk.house.gov/public_disc/ptr-pdfs/2025/20029038.pdf,high,implausible notification date year; notification date before transaction date,,Broadcom Inc. - Common Stock (AVGO) [ST] Filing Status: New Subholding Of: CRT - Standard Unit Tru Description: Portfolio Rebalance,Broadcom Inc. - Common Stock (AVGO) [ST],P ust,03/13/2025,03/28/1935,"$15,001 - $50,000",,"Broadcom Inc. - Common Stock (AVGO) [ST] P 03/13/2025 03/28/1935 $15,001 - $50,000 Filing Status: New Subholding Of: CRT - Standard Unit Trust Description: Portfolio Rebalance",implausible notification date year; notification date before transaction date,high,True,45,AVGO,accepted,house_ptr_structure+v8_1,False,False,False,03/13/2025,False
20029038,Hon. Jefferson Shreve,Member,IN06,20029038.pdf,2025,24,,"Buckle, Inc.","Buckle, Inc.",BKE,BKE,ST,S,2025-03-05,2025-03-28,15001.0,50000.0,,"$15,001 - $50,000",valid_range,New,CRT - Standard Unit Trust,,Portfolio Rebalance,,4,4,table,False,False,,False,0,False,True,100,True,30,False,https://disclosures-clerk.house.gov/public_disc/ptr-pdfs/2025/20029038.pdf,,,,"Buckle, Inc. (BKE) [ST]","Buckle, Inc. (BKE) [ST]",S,03/05/2025,03/28/2025,"$15,001 - $50,000",Filing Status: New Subholding Of: CRT - Standard Unit Trust Description: Portfolio Rebalance,"Buckle, Inc. (BKE) [ST] S 03/05/2025 03/28/2025 $15,001 - $50,000 Filing Status: New Subholding Of: CRT - Standard Unit Trust Description: Portfolio Rebalance",,,False,100,BKE,accepted,house_ptr_structure+v8_1,False,False,False,03/05/2025,False
20029038,Hon. Jefferson Shreve,Member,IN06,20029038.pdf,2025,25,,"Caesars Entertainment, Inc. - Common Stock","Caesars Entertainment, Inc. - Common Stock",CZR,CZR,ST,P,2025-03-13,2025-03-28,15001.0,50000.0,,"$15,001 - $50,000",valid_range,New,CRT - Standard Unit Trust,,Portfolio Rebalance,,4,4,table,False,False,,False,0,False,False,100,True,30,False,https://disclosures-clerk.house.gov/public_disc/ptr-pdfs/2025/20029038.pdf,,,,"Caesars Entertainment, Inc. - Common Stock (CZR) [ST] Filing Status: New Subholding Of: CRT - Standard Unit Tru Description: Portfolio Rebalance","Caesars Entertainment, Inc. - Common Stock (CZR) [ST]",P ust,03/13/2025,03/28/2025,"$15,001 - $50,000",,"Caesars Entertainment, Inc. - Common Stock (CZR) [ST] P 03/13/2025 03/28/2025 $15,001 - $50,000 Filing Status: New Subholding Of: CRT - Standard Unit Trust Description: Portfolio Rebalance",,,False,100,CZR,accepted,house_ptr_structure+v8_1,False,False,False,03/13/2025,False
20029038,Hon. Jefferson Shreve,Member,IN06,20029038.pdf,2025,26,,"Caesars Entertainment, Inc. - Common Stock","Caesars Entertainment, Inc. - Common Stock",CZR,CZR,ST,S,2025-03-31,2025-04-03,15001.0,50000.0,,"$15,001 - $50,000",valid_range,New,CRT - Standard Unit Trust,,Portfolio Rebalance,,4,4,table,False,False,,False,0,False,True,100,True,30,False,https://disclosures-clerk.house.gov/public_disc/ptr-pdfs/2025/20029038.pdf,,,,"Caesars Entertainment, Inc. - Common Stock (CZR) [ST]","Caesars Entertainment, Inc. - Common Stock (CZR) [ST]",S,03/31/2025,04/03/2025,"$15,001 - $50,000",Filing Status: New Subholding Of: CRT - Standard Unit Trust Description: Portfolio Rebalance,"Caesars Entertainment, Inc. - Common Stock (CZR) [ST] S 03/31/2025 04/03/2025 $15,001 - $50,000 Filing Status: New Subholding Of: CRT - Standard Unit Trust Description: Portfolio Rebalance",,,False,100,CZR,accepted,house_ptr_structure+v8_1,False,False,False,03/31/2025,False
20029038,Hon. Jefferson Shreve,Member,IN06,20029038.pdf,2025,27,,"Caterpillar, Inc. Common Stock","Caterpillar, Inc. Common Stock",CAT,CAT,ST,S,2025-03-13,2025-03-28,15001.0,50000.0,,"$15,001 - $50,000",valid_range,New,CRT - Standard Unit Trust,,Portfolio Rebalance,,4,4,table,False,False,,False,0,False,False,100,True,30,False,https://disclosures-clerk.house.gov/public_disc/ptr-pdfs/2025/20029038.pdf,,,,"Caterpillar, Inc. Common Stock (CAT) [ST] Filing Status: New Subholding Of: CRT - Standard Unit Tru Description: Portfolio Rebalance","Caterpillar, Inc. Common Stock (CAT) [ST]",S ust,03/13/2025,03/28/2025,"$15,001 - $50,000",,"Caterpillar, Inc. Common Stock (CAT) [ST] S 03/13/2025 03/28/2025 $15,001 - $50,000 Filing Status: New Subholding Of: CRT - Standard Unit Trust Description: Portfolio Rebalance",,,False,100,CAT,accepted,house_ptr_structure+v8_1,False,False,False,03/13/2025,False
20029038,Hon. Jefferson Shreve,Member,IN06,20029038.pdf,2025,28,,"Cboe Global Markets, Inc.","Cboe Global Markets, Inc.",CBOE,CBOE,ST,P,2025-03-13,1935-03-28,15001.0,50000.0,,"$15,001 - $50,000",valid_range,New $200?,CRT - Standard Unit Trust,,Portfolio Rebalance,,4,5,table,False,False,,True,0,False,True,43,True,30,True,https://disclosures-clerk.house.gov/public_disc/ptr-pdfs/2025/20029038.pdf,high,implausible notification date year; notification date before transaction date,,"Cboe Global Markets, Inc. (CBOE) [ST]","Cboe Global Markets, Inc. (CBOE) [ST]",P,03/13/2025,03/28/1935,"$15,001 - $50,000",Filing Status: New $200? Subholding Of: CRT - Standard Unit Trust Description: Portfolio Rebalance,"Cboe Global Markets, Inc. (CBOE) [ST] P 03/13/2025 03/28/1935 $15,001 - $50,000 Filing Status: New $200? Subholding Of: CRT - Standard Unit Trust Description: Portfolio Rebalance",implausible notification date year; notification date before transaction date,high,True,43,CBOE,accepted,house_ptr_structure+v8_1,False,False,False,03/13/2025,False
20029038,Hon. Jefferson Shreve,Member,IN06,20029038.pdf,2025,29,,"Cboe Global Markets, Inc.","Cboe Global Markets, Inc.",CBOE,CBOE,ST,P,2025-03-05,2025-03-28,15001.0,50000.0,,"$15,001 - $50,000",valid_range,New,CRT - Standard Unit Trust,,Portfolio Rebalance,,5,5,table,False,False,,False,0,False,False,100,True,30,False,https://disclosures-clerk.house.gov/public_disc/ptr-pdfs/2025/20029038.pdf,,,,"Cboe Global Markets, Inc. (CBOE) [ST] Filing Status: New Subholding Of: CRT - Standard Unit Tru Description: Portfolio Rebalance","Cboe Global Markets, Inc. (CBOE) [ST]",P ust,03/05/2025,03/28/2025,"$15,001 - $50,000",,"Cboe Global Markets, Inc. (CBOE) [ST] P 03/05/2025 03/28/2025 $15,001 - $50,000 Filing Status: New Subholding Of: CRT - Standard Unit Trust Description: Portfolio Rebalance",,,False,100,CBOE,accepted,house_ptr_structure+v8_1,False,False,False,03/05/2025,False
20029038,Hon. Jefferson Shreve,Member,IN06,20029038.pdf,2025,30,,Centene Corporation Common Stock,Centene Corporation Common Stock,CNC,CNC,ST,P,2025-03-05,2025-03-28,15001.0,50000.0,,"$15,001 - $50,000",valid_range,New,CRT - Standard Unit Trust,,Portfolio Rebalance,,5,5,table,False,False,,False,0,False,True,100,True,30,False,https://disclosures-clerk.house.gov/public_disc/ptr-pdfs/2025/20029038.pdf,,,,Centene Corporation Common Stock (CNC) [ST],Centene Corporation Common Stock (CNC) [ST],P,03/05/2025,03/28/2025,"$15,001 - $50,000",Filing Status: New Subholding Of: CRT - Standard Unit Trust Description: Portfolio Rebalance,"Centene Corporation Common Stock (CNC) [ST] P 03/05/2025 03/28/2025 $15,001 - $50,000 Filing Status: New Subholding Of: CRT - Standard Unit Trust Description: Portfolio Rebalance",,,False,100,CNC,accepted,house_ptr_structure+v8_1,False,False,False,03/05/2025,False
20029038,Hon. Jefferson Shreve,Member,IN06,20029038.pdf,2025,31,,"Chipotle Mexican Grill, Inc. Common Stock","Chipotle Mexican Grill, Inc. Common Stock",CMG,CMG,ST,S,2025-03-13,2025-03-28,15001.0,50000.0,,"$15,001 - $50,000",valid_range,New,CRT - Standard Unit Trust,,Portfolio Rebalance,,5,5,table,False,False,,False,0,False,False,100,True,30,False,https://disclosures-clerk.house.gov/public_disc/ptr-pdfs/2025/20029038.pdf,,,,"Chipotle Mexican Grill, Inc. Common Stock (CMG) [ST] Filing Status: New Subholding Of: CRT - Standard Unit Tru Description: Portfolio Rebalance","Chipotle Mexican Grill, Inc. Common Stock (CMG) [ST]",S ust,03/13/2025,03/28/2025,"$15,001 - $50,000",,"Chipotle Mexican Grill, Inc. Common Stock (CMG) [ST] S 03/13/2025 03/28/2025 $15,001 - $50,000 Filing Status: New Subholding Of: CRT - Standard Unit Trust Description: Portfolio Rebalance",,,False,100,CMG,accepted,house_ptr_structure+v8_1,False,False,False,03/13/2025,False
20029038,Hon. Jefferson Shreve,Member,IN06,20029038.pdf,2025,32,,"Coinbase Global, Inc. - Class A Common Stock","Coinbase Global, Inc. - Class A Common Stock",COIN,COIN,ST,S,2025-03-31,2025-04-03,15001.0,50000.0,,"$15,001 - $50,000",valid_range,New,CRT - Standard Unit Trust,,Portfolio Rebalance,,5,5,table,False,False,,False,0,False,True,100,True,30,False,https://disclosures-clerk.house.gov/public_disc/ptr-pdfs/2025/20029038.pdf,,,,"Coinbase Global, Inc. - Class A Common Stock (COIN) [ST]","Coinbase Global, Inc. - Class A Common Stock (COIN) [ST]",S,03/31/2025,04/03/2025,"$15,001 - $50,000",Filing Status: New Subholding Of: CRT - Standard Unit Trust Description: Portfolio Rebalance,"Coinbase Global, Inc. - Class A Common Stock (COIN) [ST] S 03/31/2025 04/03/2025 $15,001 - $50,000 Filing Status: New Subholding Of: CRT - Standard Unit Trust Description: Portfolio Rebalance",,,False,100,COIN,accepted,house_ptr_structure+v8_1,False,False,False,03/31/2025,False
20029038,Hon. Jefferson Shreve,Member,IN06,20029038.pdf,2025,33,,Comcast Corporation - Class A Common Stock,Comcast Corporation - Class A Common Stock,CMCSA,CMCSA,ST,P,2025-03-31,2025-04-03,15001.0,50000.0,,"$15,001 - $50,000",valid_range,New,CRT - Standard Unit Trust,,Portfolio Rebalance,,5,5,table,False,False,,False,0,False,False,100,True,30,False,https://disclosures-clerk.house.gov/public_disc/ptr-pdfs/2025/20029038.pdf,,,,Comcast Corporation - Class A Common Stock (CMCSA) [ST] Filing Status: New Subholding Of: CRT - Standard Unit Tru Description: Portfolio Rebalance,Comcast Corporation - Class A Common Stock (CMCSA) [ST],P ust,03/31/2025,04/03/2025,"$15,001 - $50,000",,"Comcast Corporation - Class A Common Stock (CMCSA) [ST] P 03/31/2025 04/03/2025 $15,001 - $50,000 Filing Status: New Subholding Of: CRT - Standard Unit Trust Description: Portfolio Rebalance",,,False,100,CMCSA,accepted,house_ptr_structure+v8_1,False,False,False,03/31/2025,False
20029038,Hon. Jefferson Shreve,Member,IN06,20029038.pdf,2025,34,,ConocoPhillips Common Stock,ConocoPhillips Common Stock,COP,COP,ST,S,2025-03-05,2025-03-28,15001.0,50000.0,,"$15,001 - $50,000",valid_range,New,CRT - Standard Unit Trust,,Portfolio Rebalance,,5,5,table,False,False,,False,0,False,True,100,True,30,False,https://disclosures-clerk.house.gov/public_disc/ptr-pdfs/2025/20029038.pdf,,,,ConocoPhillips Common Stock (COP) [ST],ConocoPhillips Common Stock (COP) [ST],S,03/05/2025,03/28/2025,"$15,001 - $50,000",Filing Status: New Subholding Of: CRT - Standard Unit Trust Description: Portfolio Rebalance,"ConocoPhillips Common Stock (COP) [ST] S 03/05/2025 03/28/2025 $15,001 - $50,000 Filing Status: New Subholding Of: CRT - Standard Unit Trust Description: Portfolio Rebalance",,,False,100,COP,accepted,house_ptr_structure+v8_1,False,False,False,03/05/2025,False
20029038,Hon. Jefferson Shreve,Member,IN06,20029038.pdf,2025,35,,Constellation Energy Corporation - Common Stock,Constellation Energy Corporation - Common Stock,CEG,CEG,ST,S,2025-03-31,2025-04-03,15001.0,50000.0,,"$15,001 - $50,000",valid_range,New,CRT - Standard Unit Trust,,Portfolio Rebalance,,5,5,table,False,False,,False,0,False,False,100,True,30,False,https://disclosures-clerk.house.gov/public_disc/ptr-pdfs/2025/20029038.pdf,,,,Constellation Energy Corporation - Common Stock (CEG) [ST] Filing Status: New Subholding Of: CRT - Standard Unit Tru Description: Portfolio Rebalance,Constellation Energy Corporation - Common Stock (CEG) [ST],S ust,03/31/2025,04/03/2025,"$15,001 - $50,000",,"Constellation Energy Corporation - Common Stock (CEG) [ST] S 03/31/2025 04/03/2025 $15,001 - $50,000 Filing Status: New Subholding Of: CRT - Standard Unit Trust Description: Portfolio Rebalance",,,False,100,CEG,accepted,house_ptr_structure+v8_1,False,False,False,03/31/2025,False
20029038,Hon. Jefferson Shreve,Member,IN06,20029038.pdf,2025,36,,Costco Wholesale Corporation - Common Stock,Costco Wholesale Corporation - Common Stock,COST,COST,ST,S (partial),2025-03-31,2025-04-03,15001.0,50000.0,,"$15,001 - $50,000",valid_range,New,CRT - Standard Unit Trust,,Portfolio Rebalance,,6,6,table,False,False,,False,0,False,True,100,True,30,False,https://disclosures-clerk.house.gov/public_disc/ptr-pdfs/2025/20029038.pdf,,,,Costco Wholesale Corporation - Common Stock (COST) [ST],Costco Wholesale Corporation - Common Stock (COST) [ST],S (partial),03/31/2025,04/03/2025,"$15,001 - $50,000",Filing Status: New Subholding Of: CRT - Standard Unit Trust Description: Portfolio Rebalance,"Costco Wholesale Corporation - Common Stock (COST) [ST] S (partial) 03/31/2025 04/03/2025 $15,001 - $50,000 Filing Status: New Subholding Of: CRT - Standard Unit Trust Description: Portfolio Rebalance",,,False,100,COST,accepted,house_ptr_structure+v8_1,False,False,False,03/31/2025,False
20029038,Hon. Jefferson Shreve,Member,IN06,20029038.pdf,2025,37,,CSX Corporation,CSX Corporation,CSX,CSX,ST,S,2025-03-13,2025-03-28,15001.0,50000.0,,"$15,001 - $50,000",valid_range,New,CRT - Standard Unit Trust,,Portfolio Rebalance,,6,6,table,False,False,,False,0,False,False,100,True,30,False,https://disclosures-clerk.house.gov/public_disc/ptr-pdfs/2025/20029038.pdf,,,,CSX Corporation (CSX) [ST] Filing Status: New Subholding Of: CRT - Standard Unit Tru Description: Portfolio Rebalance,CSX Corporation (CSX) [ST],S ust,03/13/2025,03/28/2025,"$15,001 - $50,000",,"CSX Corporation (CSX) [ST] S 03/13/2025 03/28/2025 $15,001 - $50,000 Filing Status: New Subholding Of: CRT - Standard Unit Trust Description: Portfolio Rebalance",,,False,100,CSX,accepted,house_ptr_structure+v8_1,False,False,False,03/13/2025,False
20029038,Hon. Jefferson Shreve,Member,IN06,20029038.pdf,2025,38,,"Delta Air Lines, Inc. Common Stock","Delta Air Lines, Inc. Common Stock",DAL,DAL,ST,S,2025-03-13,2025-03-28,15001.0,50000.0,,"$15,001 - $50,000",valid_range,New,CRT - Standard Unit Trust,,Portfolio Rebalance,,6,6,table,False,False,,False,0,False,True,100,True,30,False,https://disclosures-clerk.house.gov/public_disc/ptr-pdfs/2025/20029038.pdf,,,,"Delta Air Lines, Inc. Common Stock (DAL) [ST]","Delta Air Lines, Inc. Common Stock (DAL) [ST]",S,03/13/2025,03/28/2025,"$15,001 - $50,000",Filing Status: New Subholding Of: CRT - Standard Unit Trust Description: Portfolio Rebalance,"Delta Air Lines, Inc. Common Stock (DAL) [ST] S 03/13/2025 03/28/2025 $15,001 - $50,000 Filing Status: New Subholding Of: CRT - Standard Unit Trust Description: Portfolio Rebalance",,,False,100,DAL,accepted,house_ptr_structure+v8_1,False,False,False,03/13/2025,False
20029038,Hon. Jefferson Shreve,Member,IN06,20029038.pdf,2025,39,,Dollar General Corporation Common Stock,Dollar General Corporation Common Stock,DG,DG,ST,P,2025-03-05,2025-03-28,15001.0,50000.0,,"$15,001 - $50,000",valid_range,New,CRT - Standard Unit Trust,,Portfolio Rebalance,,6,6,table,False,False,,False,0,False,False,100,True,30,False,https://disclosures-clerk.house.gov/public_disc/ptr-pdfs/2025/20029038.pdf,,,,Dollar General Corporation Common Stock (DG) [ST] Filing Status: New Subholding Of: CRT - Standard Unit Tru Description: Portfolio Rebalance,Dollar General Corporation Common Stock (DG) [ST],P ust,03/05/2025,03/28/2025,"$15,001 - $50,000",,"Dollar General Corporation Common Stock (DG) [ST] P 03/05/2025 03/28/2025 $15,001 - $50,000 Filing Status: New Subholding Of: CRT - Standard Unit Trust Description: Portfolio Rebalance",,,False,100,DG,accepted,house_ptr_structure+v8_1,False,False,False,03/05/2025,False
20029038,Hon. Jefferson Shreve,Member,IN06,20029038.pdf,2025,40,,"DuPont de Nemours, Inc. Common Stock","DuPont de Nemours, Inc. Common Stock",DD,DD,ST,S,2025-03-31,2025-04-03,15001.0,50000.0,,"$15,001 - $50,000",valid_range,New,CRT - Standard Unit Trust,,Portfolio Rebalance,,6,6,table,False,False,,False,0,False,True,100,True,30,False,https://disclosures-clerk.house.gov/public_disc/ptr-pdfs/2025/20029038.pdf,,,,"DuPont de Nemours, Inc. Common Stock (DD) [ST]","DuPont de Nemours, Inc. Common Stock (DD) [ST]",S,03/31/2025,04/03/2025,"$15,001 - $50,000",Filing Status: New Subholding Of: CRT - Standard Unit Trust Description: Portfolio Rebalance,"DuPont de Nemours, Inc. Common Stock (DD) [ST] S 03/31/2025 04/03/2025 $15,001 - $50,000 Filing Status: New Subholding Of: CRT - Standard Unit Trust Description: Portfolio Rebalance",,,False,100,DD,accepted,house_ptr_structure+v8_1,False,False,False,03/31/2025,False
20029038,Hon. Jefferson Shreve,Member,IN06,20029038.pdf,2025,41,,"EPAM Systems, Inc. Common Stock","EPAM Systems, Inc. Common Stock",EPAM,EPAM,ST,P,2025-03-31,2025-04-03,15001.0,50000.0,,"$15,001 - $50,000",valid_range,New,CRT - Standard Unit Trust,,Portfolio Rebalance,,6,6,table,False,False,,False,0,False,False,100,True,30,False,https://disclosures-clerk.house.gov/public_disc/ptr-pdfs/2025/20029038.pdf,,,,"EPAM Systems, Inc. Common Stock (EPAM) [ST] Filing Status: New Subholding Of: CRT - Standard Unit Tru Description: Portfolio Rebalance","EPAM Systems, Inc. Common Stock (EPAM) [ST]",P ust,03/31/2025,04/03/2025,"$15,001 - $50,000",,"EPAM Systems, Inc. Common Stock (EPAM) [ST] P 03/31/2025 04/03/2025 $15,001 - $50,000 Filing Status: New Subholding Of: CRT - Standard Unit Trust Description: Portfolio Rebalance",,,False,100,EPAM,accepted,house_ptr_structure+v8_1,False,False,False,03/31/2025,False
20029038,Hon. Jefferson Shreve,Member,IN06,20029038.pdf,2025,42,,"Exponent, Inc. - Common Stock","Exponent, Inc. - Common Stock",EXPO,EXPO,ST,P,2025-03-13,1935-03-28,15001.0,50000.0,,"$15,001 - $50,000",valid_range,New,CRT - Standard Unit Trust,,Portfolio Rebalance,,6,6,table,False,False,,False,0,False,True,45,True,30,True,https://disclosures-clerk.house.gov/public_disc/ptr-pdfs/2025/20029038.pdf,high,implausible notification date year; notification date before transaction date,,"Exponent, Inc. - Common Stock (EXPO) [ST]","Exponent, Inc. - Common Stock (EXPO) [ST]",P,03/13/2025,03/28/1935,"$15,001 - $50,000",Filing Status: New Subholding Of: CRT - Standard Unit Trust Description: Portfolio Rebalance,"Exponent, Inc. - Common Stock (EXPO) [ST] P 03/13/2025 03/28/1935 $15,001 - $50,000 Filing Status: New Subholding Of: CRT - Standard Unit Trust Description: Portfolio Rebalance",implausible notification date year; notification date before transaction date,high,True,45,EXPO,accepted,house_ptr_structure+v8_1,False,False,False,03/13/2025,False
20029038,Hon. Jefferson Shreve,Member,IN06,20029038.pdf,2025,43,,First Busey Corporation - Common Stock,First Busey Corporation - Common Stock,BUSE,BUSE,ST,P,2025-03-13,1935-03-28,15001.0,50000.0,,"$15,001 - $50,000",valid_range,New,CRT - Standard Unit Trust,,Portfolio Rebalance,,6,7,table,False,False,,True,0,False,False,43,True,30,True,https://disclosures-clerk.house.gov/public_disc/ptr-pdfs/2025/20029038.pdf,high,implausible notification date year; notification date before transaction date,,First Busey Corporation - Common Stock (BUSE) [ST] Filing Status: New,First Busey Corporation - Common Stock (BUSE) [ST] Subholding Of: CRT - Standard Unit Trust Description: Portfolio Rebalance,P,03/13/2025,03/28/1935,"$15,001 - $50,000",Subholding Of: CRT - Standard Unit Trust Description: Portfolio Rebalance,"First Busey Corporation - Common Stock (BUSE) [ST] P 03/13/2025 03/28/1935 $15,001 - $50,000 Filing Status: New Subholding Of: CRT - Standard Unit Trust Description: Portfolio Rebalance",implausible notification date year; notification date before transaction date,high,True,43,BUSE,accepted,house_ptr_structure+v8_1,False,False,False,03/13/2025,False
20029038,Hon. Jefferson Shreve,Member,IN06,20029038.pdf,2025,44,,"Fortune Brands Innovations, Inc. Common Stock","Fortune Brands Innovations, Inc. Common Stock",FBIN,FBIN,ST,P,2025-03-13,1935-03-28,15001.0,50000.0,,"$15,001 - $50,000",valid_range,New,CRT - Standard Unit Trust,,Portfolio Rebalance,,7,7,table,False,False,,False,0,False,True,45,True,30,True,https://disclosures-clerk.house.gov/public_disc/ptr-pdfs/2025/20029038.pdf,high,implausible notification date year; notification date before transaction date,,"Fortune Brands Innovations, Inc. Common Stock (FBIN) [ST]","Fortune Brands Innovations, Inc. Common Stock (FBIN) [ST]",P,03/13/2025,03/28/1935,"$15,001 - $50,000",Filing Status: New Subholding Of: CRT - Standard Unit Trust Description: Portfolio Rebalance,"Fortune Brands Innovations, Inc. Common Stock (FBIN) [ST] P 03/13/2025 03/28/1935 $15,001 - $50,000 Filing Status: New Subholding Of: CRT - Standard Unit Trust Description: Portfolio Rebalance",implausible notification date year; notification date before transaction date,high,True,45,FBIN,accepted,house_ptr_structure+v8_1,False,False,False,03/13/2025,False
20029038,Hon. Jefferson Shreve,Member,IN06,20029038.pdf,2025,45,,"Gilead Sciences, Inc. - Common Stock","Gilead Sciences, Inc. - Common Stock",GILD,GILD,ST,P,2025-03-31,2025-04-03,15001.0,50000.0,,"$15,001 - $50,000",valid_range,New,CRT - Standard Unit Trust,,Portfolio Rebalance,,7,7,table,False,False,,False,0,False,False,100,True,30,False,https://disclosures-clerk.house.gov/public_disc/ptr-pdfs/2025/20029038.pdf,,,,"Gilead Sciences, Inc. - Common Stock (GILD) [ST] Filing Status: New Subholding Of: CRT - Standard Unit Tru Description: Portfolio Rebalance","Gilead Sciences, Inc. - Common Stock (GILD) [ST]",P ust,03/31/2025,04/03/2025,"$15,001 - $50,000",,"Gilead Sciences, Inc. - Common Stock (GILD) [ST] P 03/31/2025 04/03/2025 $15,001 - $50,000 Filing Status: New Subholding Of: CRT - Standard Unit Trust Description: Portfolio Rebalance",,,False,100,GILD,accepted,house_ptr_structure+v8_1,False,False,False,03/31/2025,False
20029038,Hon. Jefferson Shreve,Member,IN06,20029038.pdf,2025,46,,"Goldman Sachs Group, Inc.","Goldman Sachs Group, Inc.",GS,GS,ST,P,2025-03-05,2025-03-28,15001.0,50000.0,,"$15,001 - $50,000",valid_range,New,CRT - Standard Unit Trust,,Portfolio Rebalance,,7,7,table,False,False,,False,0,False,True,100,True,30,False,https://disclosures-clerk.house.gov/public_disc/ptr-pdfs/2025/20029038.pdf,,,,"Goldman Sachs Group, Inc. (GS) [ST]","Goldman Sachs Group, Inc. (GS) [ST]",P,03/05/2025,03/28/2025,"$15,001 - $50,000",Filing Status: New Subholding Of: CRT - Standard Unit Trust Description: Portfolio Rebalance,"Goldman Sachs Group, Inc. (GS) [ST] P 03/05/2025 03/28/2025 $15,001 - $50,000 Filing Status: New Subholding Of: CRT - Standard Unit Trust Description: Portfolio Rebalance",,,False,100,GS,accepted,house_ptr_structure+v8_1,False,False,False,03/05/2025,False
20029038,Hon. Jefferson Shreve,Member,IN06,20029038.pdf,2025,47,,Halliburton Company Common Stock,Halliburton Company Common Stock,HAL,HAL,ST,S (partial),2025-03-13,2025-03-28,15001.0,50000.0,,"$15,001 - $50,000",valid_range,New,CRT - Standard Unit Trust,,Portfolio Rebalance,,7,7,table,False,False,,False,0,False,False,100,True,30,False,https://disclosures-clerk.house.gov/public_disc/ptr-pdfs/2025/20029038.pdf,,,,Halliburton Company Common Stock (HAL) [ST] Filing Status: New Subholding Of: CRT - Standard Unit Tru Description: Portfolio Rebalance,Halliburton Company Common Stock (HAL) [ST],S (partial) ust,03/13/2025,03/28/2025,"$15,001 - $50,000",,"Halliburton Company Common Stock (HAL) [ST] S (partial) 03/13/2025 03/28/2025 $15,001 - $50,000 Filing Status: New Subholding Of: CRT - Standard Unit Trust Description: Portfolio Rebalance",,,False,100,HAL,accepted,house_ptr_structure+v8_1,False,False,False,03/13/2025,False
20029038,Hon. Jefferson Shreve,Member,IN06,20029038.pdf,2025,48,,"Harley-Davidson, Inc. Common Stock","Harley-Davidson, Inc. Common Stock",HOG,HOG,ST,P,2025-03-31,2025-04-03,15001.0,50000.0,,"$15,001 - $50,000",valid_range,New,CRT - Standard Unit Trust,,Portfolio Rebalance,,7,7,table,False,False,,False,0,False,True,100,True,30,False,https://disclosures-clerk.house.gov/public_disc/ptr-pdfs/2025/20029038.pdf,,,,"Harley-Davidson, Inc. Common Stock (HOG) [ST]","Harley-Davidson, Inc. Common Stock (HOG) [ST]",P,03/31/2025,04/03/2025,"$15,001 - $50,000",Filing Status: New Subholding Of: CRT - Standard Unit Trust Description: Portfolio Rebalance,"Harley-Davidson, Inc. Common Stock (HOG) [ST] P 03/31/2025 04/03/2025 $15,001 - $50,000 Filing Status: New Subholding Of: CRT - Standard Unit Trust Description: Portfolio Rebalance",,,False,100,HOG,accepted,house_ptr_structure+v8_1,False,False,False,03/31/2025,False
20029038,Hon. Jefferson Shreve,Member,IN06,20029038.pdf,2025,49,,Heico Corporation Common Stock,Heico Corporation Common Stock,HEI.A,HEI.A,ST,P,2025-03-13,1935-03-28,15001.0,50000.0,,"$15,001 - $50,000",valid_range,New,CRT - Standard Unit Trust,,Portfolio Rebalance,,7,7,table,False,False,,False,0,False,False,45,True,30,True,https://disclosures-clerk.house.gov/public_disc/ptr-pdfs/2025/20029038.pdf,high,implausible notification date year; notification date before transaction date,,Heico Corporation Common Stock (HEI.A) [ST] Filing Status: New Subholding Of: CRT - Standard Unit Tru Description: Portfolio Rebalance,Heico Corporation Common Stock (HEI.A) [ST],P ust,03/13/2025,03/28/1935,"$15,001 - $50,000",,"Heico Corporation Common Stock (HEI.A) [ST] P 03/13/2025 03/28/1935 $15,001 - $50,000 Filing Status: New Subholding Of: CRT - Standard Unit Trust Description: Portfolio Rebalance",implausible notification date year; notification date before transaction date,high,True,45,HEI.A,accepted,house_ptr_structure+v8_1,False,False,False,03/13/2025,False
20029038,Hon. Jefferson Shreve,Member,IN06,20029038.pdf,2025,50,,Herc Holdings Inc. Common Stock,Herc Holdings Inc. Common Stock,HRI,HRI,ST,S,2025-03-05,2025-03-28,15001.0,50000.0,,"$15,001 - $50,000",valid_range,New,CRT - Standard Unit Trust,,Portfolio Rebalance,,7,7,table,False,False,,False,0,False,True,100,True,30,False,https://disclosures-clerk.house.gov/public_disc/ptr-pdfs/2025/20029038.pdf,,,,Herc Holdings Inc. Common Stock (HRI) [ST],Herc Holdings Inc. Common Stock (HRI) [ST],S,03/05/2025,03/28/2025,"$15,001 - $50,000",Filing Status: New Subholding Of: CRT - Standard Unit Trust Description: Portfolio Rebalance,"Herc Holdings Inc. Common Stock (HRI) [ST] S 03/05/2025 03/28/2025 $15,001 - $50,000 Filing Status: New Subholding Of: CRT - Standard Unit Trust Description: Portfolio Rebalance",,,False,100,HRI,accepted,house_ptr_structure+v8_1,False,False,False,03/05/2025,False
20029038,Hon. Jefferson Shreve,Member,IN06,20029038.pdf,2025,51,,"Highwoods Properties, Inc. Common Stock","Highwoods Properties, Inc. Common Stock",HIW,HIW,ST,P,2025-03-13,1935-03-28,15001.0,50000.0,,"$15,001 - $50,000",valid_range,New,CRT - Standard Unit Trust,,Portfolio Rebalance,,8,8,table,False,False,,False,0,False,False,45,True,30,True,https://disclosures-clerk.house.gov/public_disc/ptr-pdfs/2025/20029038.pdf,high,implausible notification date year; notification date before transaction date,,"Highwoods Properties, Inc. Common Stock (HIW) [ST] Filing Status: New Subholding Of: CRT - Standard Unit Tru Description: Portfolio Rebalance","Highwoods Properties, Inc. Common Stock (HIW) [ST]",P ust,03/13/2025,03/28/1935,"$15,001 - $50,000",,"Highwoods Properties, Inc. Common Stock (HIW) [ST] P 03/13/2025 03/28/1935 $15,001 - $50,000 Filing Status: New Subholding Of: CRT - Standard Unit Trust Description: Portfolio Rebalance",implausible notification date year; notification date before transaction date,high,True,45,HIW,accepted,house_ptr_structure+v8_1,False,False,False,03/13/2025,False
20029038,Hon. Jefferson Shreve,Member,IN06,20029038.pdf,2025,52,,"Highwoods Properties, Inc. Common Stock","Highwoods Properties, Inc. Common Stock",HIW,HIW,ST,P,2025-03-05,2025-03-28,15001.0,50000.0,,"$15,001 - $50,000",valid_range,New,CRT - Standard Unit Trust,,Portfolio Rebalance,,8,8,table,False,False,,False,0,False,True,100,True,30,False,https://disclosures-clerk.house.gov/public_disc/ptr-pdfs/2025/20029038.pdf,,,,"Highwoods Properties, Inc. Common Stock (HIW) [ST]","Highwoods Properties, Inc. Common Stock (HIW) [ST]",P,03/05/2025,03/28/2025,"$15,001 - $50,000",Filing Status: New Subholding Of: CRT - Standard Unit Trust Description: Portfolio Rebalance,"Highwoods Properties, Inc. Common Stock (HIW) [ST] P 03/05/2025 03/28/2025 $15,001 - $50,000 Filing Status: New Subholding Of: CRT - Standard Unit Trust Description: Portfolio Rebalance",,,False,100,HIW,accepted,house_ptr_structure+v8_1,False,False,False,03/05/2025,False
20029038,Hon. Jefferson Shreve,Member,IN06,20029038.pdf,2025,53,,HNI Corporation Common Stock,HNI Corporation Common Stock,HNI,HNI,ST,P,2025-03-31,2025-04-03,15001.0,50000.0,,"$15,001 - $50,000",valid_range,New,CRT - Standard Unit Trust,,Portfolio Rebalance,,8,8,table,False,False,,False,0,False,False,100,True,30,False,https://disclosures-clerk.house.gov/public_disc/ptr-pdfs/2025/20029038.pdf,,,,HNI Corporation Common Stock (HNI) [ST] Filing Status: New Subholding Of: CRT - Standard Unit Tru Description: Portfolio Rebalance,HNI Corporation Common Stock (HNI) [ST],P ust,03/31/2025,04/03/2025,"$15,001 - $50,000",,"HNI Corporation Common Stock (HNI) [ST] P 03/31/2025 04/03/2025 $15,001 - $50,000 Filing Status: New Subholding Of: CRT - Standard Unit Trust Description: Portfolio Rebalance",,,False,100,HNI,accepted,house_ptr_structure+v8_1,False,False,False,03/31/2025,False
20029038,Hon. Jefferson Shreve,Member,IN06,20029038.pdf,2025,54,,"Home BancShares, Inc. Common Stock","Home BancShares, Inc. Common Stock",HOMB,HOMB,ST,S (partial),2025-03-05,2025-03-28,15001.0,50000.0,,"$15,001 - $50,000",valid_range,New,CRT - Standard Unit Trust,,Portfolio Rebalance,,8,8,table,False,False,,False,0,False,True,100,True,30,False,https://disclosures-clerk.house.gov/public_disc/ptr-pdfs/2025/20029038.pdf,,,,"Home BancShares, Inc. Common Stock (HOMB) [ST]","Home BancShares, Inc. Common Stock (HOMB) [ST]",S (partial),03/05/2025,03/28/2025,"$15,001 - $50,000",Filing Status: New Subholding Of: CRT - Standard Unit Trust Description: Portfolio Rebalance,"Home BancShares, Inc. Common Stock (HOMB) [ST] S (partial) 03/05/2025 03/28/2025 $15,001 - $50,000 Filing Status: New Subholding Of: CRT - Standard Unit Trust Description: Portfolio Rebalance",,,False,100,HOMB,accepted,house_ptr_structure+v8_1,False,False,False,03/05/2025,False
20029038,Hon. Jefferson Shreve,Member,IN06,20029038.pdf,2025,55,,"Home Depot, Inc.","Home Depot, Inc.",HD,HD,ST,P,2025-03-31,2025-04-03,15001.0,50000.0,,"$15,001 - $50,000",valid_range,New,CRT - Standard Unit Trust,,Portfolio Rebalance,,8,8,table,False,False,,False,0,False,False,100,True,30,False,https://disclosures-clerk.house.gov/public_disc/ptr-pdfs/2025/20029038.pdf,,,,"Home Depot, Inc. (HD) [ST] Filing Status: New Subholding Of: CRT - Standard Unit Tru Description: Portfolio Rebalance","Home Depot, Inc. (HD) [ST]",P ust,03/31/2025,04/03/2025,"$15,001 - $50,000",,"Home Depot, Inc. (HD) [ST] P 03/31/2025 04/03/2025 $15,001 - $50,000 Filing Status: New Subholding Of: CRT - Standard Unit Trust Description: Portfolio Rebalance",,,False,100,HD,accepted,house_ptr_structure+v8_1,False,False,False,03/31/2025,False
20029038,Hon. Jefferson Shreve,Member,IN06,20029038.pdf,2025,56,,Hubbell Inc Common Stock,Hubbell Inc Common Stock,HUBB,HUBB,ST,P,2025-03-31,2025-04-03,15001.0,50000.0,,"$15,001 - $50,000",valid_range,New,CRT - Standard Unit Trust,,Portfolio Rebalance,,8,8,table,False,False,,False,0,False,True,100,True,30,False,https://disclosures-clerk.house.gov/public_disc/ptr-pdfs/2025/20029038.pdf,,,,Hubbell Inc Common Stock (HUBB) [ST],Hubbell Inc Common Stock (HUBB) [ST],P,03/31/2025,04/03/2025,"$15,001 - $50,000",Filing Status: New Subholding Of: CRT - Standard Unit Trust Description: Portfolio Rebalance,"Hubbell Inc Common Stock (HUBB) [ST] P 03/31/2025 04/03/2025 $15,001 - $50,000 Filing Status: New Subholding Of: CRT - Standard Unit Trust Description: Portfolio Rebalance",,,False,100,HUBB,accepted,house_ptr_structure+v8_1,False,False,False,03/31/2025,False
20029038,Hon. Jefferson Shreve,Member,IN06,20029038.pdf,2025,57,,"IDACORP, Inc. Common Stock","IDACORP, Inc. Common Stock",IDA,IDA,ST,S (partial),2025-03-05,2025-03-28,15001.0,50000.0,,"$15,001 - $50,000",valid_range,New,CRT - Standard Unit Trust,,Portfolio Rebalance,,8,8,table,False,False,,False,0,False,False,100,True,30,False,https://disclosures-clerk.house.gov/public_disc/ptr-pdfs/2025/20029038.pdf,,,,"IDACORP, Inc. Common Stock (IDA) [ST] Filing Status: New Subholding Of: CRT - Standard Unit Tru Description: Portfolio Rebalance","IDACORP, Inc. Common Stock (IDA) [ST]",S (partial) ust,03/05/2025,03/28/2025,"$15,001 - $50,000",,"IDACORP, Inc. Common Stock (IDA) [ST] S (partial) 03/05/2025 03/28/2025 $15,001 - $50,000 Filing Status: New Subholding Of: CRT - Standard Unit Trust Description: Portfolio Rebalance",,,False,100,IDA,accepted,house_ptr_structure+v8_1,False,False,False,03/05/2025,False
20029038,Hon. Jefferson Shreve,Member,IN06,20029038.pdf,2025,58,,IDEX Corporation Common Stock,IDEX Corporation Common Stock,IEX,IEX,ST,S,2025-03-31,2025-04-03,15001.0,50000.0,,"$15,001 - $50,000",valid_range,New $200?,CRT - Standard Unit Trust,,Portfolio Rebalance,,8,9,table,False,False,,True,0,False,True,98,True,30,False,https://disclosures-clerk.house.gov/public_disc/ptr-pdfs/2025/20029038.pdf,,,,IDEX Corporation Common Stock (IEX) [ST],IDEX Corporation Common Stock (IEX) [ST],S,03/31/2025,04/03/2025,"$15,001 - $50,000",Filing Status: New $200? Subholding Of: CRT - Standard Unit Trust Description: Portfolio Rebalance,"IDEX Corporation Common Stock (IEX) [ST] S 03/31/2025 04/03/2025 $15,001 - $50,000 Filing Status: New $200? Subholding Of: CRT - Standard Unit Trust Description: Portfolio Rebalance",,,False,98,IEX,accepted,house_ptr_structure+v8_1,False,False,False,03/31/2025,False
20029038,Hon. Jefferson Shreve,Member,IN06,20029038.pdf,2025,59,,"IDEXX Laboratories, Inc. - Common Stock","IDEXX Laboratories, Inc. - Common Stock",IDXX,IDXX,ST,P,2025-03-13,1935-03-28,15001.0,50000.0,,"$15,001 - $50,000",valid_range,New,CRT - Standard Unit Trust,,Portfolio Rebalance,,9,9,table,False,False,,False,0,False,False,45,True,30,True,https://disclosures-clerk.house.gov/public_disc/ptr-pdfs/2025/20029038.pdf,high,implausible notification date year; notification date before transaction date,,"IDEXX Laboratories, Inc. - Common Stock (IDXX) [ST] Filing Status: New Subholding Of: CRT - Standard Unit Tru Description: Portfolio Rebalance","IDEXX Laboratories, Inc. - Common Stock (IDXX) [ST]",P ust,03/13/2025,03/28/1935,"$15,001 - $50,000",,"IDEXX Laboratories, Inc. - Common Stock (IDXX) [ST] P 03/13/2025 03/28/1935 $15,001 - $50,000 Filing Status: New Subholding Of: CRT - Standard Unit Trust Description: Portfolio Rebalance",implausible notification date year; notification date before transaction date,high,True,45,IDXX,accepted,house_ptr_structure+v8_1,False,False,False,03/13/2025,False
20029038,Hon. Jefferson Shreve,Member,IN06,20029038.pdf,2025,60,,Intel Corporation - Common Stock,Intel Corporation - Common Stock,INTC,INTC,ST,P,2025-03-13,2025-03-28,15001.0,50000.0,,"$15,001 - $50,000",valid_range,New,CRT - Standard Unit Trust,,Portfolio Rebalance,,9,9,table,False,False,,False,0,False,True,100,True,30,False,https://disclosures-clerk.house.gov/public_disc/ptr-pdfs/2025/20029038.pdf,,,,Intel Corporation - Common Stock (INTC) [ST],Intel Corporation - Common Stock (INTC) [ST],P,03/13/2025,03/28/2025,"$15,001 - $50,000",Filing Status: New Subholding Of: CRT - Standard Unit Trust Description: Portfolio Rebalance,"Intel Corporation - Common Stock (INTC) [ST] P 03/13/2025 03/28/2025 $15,001 - $50,000 Filing Status: New Subholding Of: CRT - Standard Unit Trust Description: Portfolio Rebalance",,,False,100,INTC,accepted,house_ptr_structure+v8_1,False,False,False,03/13/2025,False
20029038,Hon. Jefferson Shreve,Member,IN06,20029038.pdf,2025,61,,ITT Inc. Common Stock,ITT Inc. Common Stock,ITT,ITT,ST,S,2025-03-31,2025-04-03,15001.0,50000.0,,"$15,001 - $50,000",valid_range,New,CRT - Standard Unit Trust,,Portfolio Rebalance,,9,9,table,False,False,,False,0,False,False,100,True,30,False,https://disclosures-clerk.house.gov/public_disc/ptr-pdfs/2025/20029038.pdf,,,,ITT Inc. Common Stock (ITT) [ST] Filing Status: New Subholding Of: CRT - Standard Unit Tru Description: Portfolio Rebalance,ITT Inc. Common Stock (ITT) [ST],S ust,03/31/2025,04/03/2025,"$15,001 - $50,000",,"ITT Inc. Common Stock (ITT) [ST] S 03/31/2025 04/03/2025 $15,001 - $50,000 Filing Status: New Subholding Of: CRT - Standard Unit Trust Description: Portfolio Rebalance",,,False,100,ITT,accepted,house_ptr_structure+v8_1,False,False,False,03/31/2025,False
20029038,Hon. Jefferson Shreve,Member,IN06,20029038.pdf,2025,62,,Johnson & Johnson Common Stock,Johnson & Johnson Common Stock,JNJ,JNJ,ST,P,2025-03-05,2025-03-28,15001.0,50000.0,,"$15,001 - $50,000",valid_range,New,CRT - Standard Unit Trust,,Portfolio Rebalance,,9,9,table,False,False,,False,0,False,True,100,True,30,False,https://disclosures-clerk.house.gov/public_disc/ptr-pdfs/2025/20029038.pdf,,,,Johnson & Johnson Common Stock (JNJ) [ST],Johnson & Johnson Common Stock (JNJ) [ST],P,03/05/2025,03/28/2025,"$15,001 - $50,000",Filing Status: New Subholding Of: CRT - Standard Unit Trust Description: Portfolio Rebalance,"Johnson & Johnson Common Stock (JNJ) [ST] P 03/05/2025 03/28/2025 $15,001 - $50,000 Filing Status: New Subholding Of: CRT - Standard Unit Trust Description: Portfolio Rebalance",,,False,100,JNJ,accepted,house_ptr_structure+v8_1,False,False,False,03/05/2025,False
20029038,Hon. Jefferson Shreve,Member,IN06,20029038.pdf,2025,63,,JP Morgan Chase & Co. Common Stock,JP Morgan Chase & Co. Common Stock,JPM,JPM,ST,S (partial),2025-03-13,2025-03-28,15001.0,50000.0,,"$15,001 - $50,000",valid_range,New,CRT - Standard Unit Trust,,Portfolio Rebalance,,9,9,table,False,False,,False,0,False,False,100,True,30,False,https://disclosures-clerk.house.gov/public_disc/ptr-pdfs/2025/20029038.pdf,,,,JP Morgan Chase & Co. Common Stock (JPM) [ST] Filing Status: New Subholding Of: CRT - Standard Unit Tru Description: Portfolio Rebalance,JP Morgan Chase & Co. Common Stock (JPM) [ST],S (partial) ust,03/13/2025,03/28/2025,"$15,001 - $50,000",,"JP Morgan Chase & Co. Common Stock (JPM) [ST] S (partial) 03/13/2025 03/28/2025 $15,001 - $50,000 Filing Status: New Subholding Of: CRT - Standard Unit Trust Description: Portfolio Rebalance",,,False,100,JPM,accepted,house_ptr_structure+v8_1,False,False,False,03/13/2025,False
20029038,Hon. Jefferson Shreve,Member,IN06,20029038.pdf,2025,64,,Lam Research Corporation - Common Stock,Lam Research Corporation - Common Stock,LRCX,LRCX,ST,P,2025-03-31,2025-04-03,50001.0,100000.0,,"$50,001 - $100,000",valid_range,New,CRT - Standard Unit Trust,,Portfolio Rebalance,,9,9,table,False,False,,False,0,False,True,100,True,30,False,https://disclosures-clerk.house.gov/public_disc/ptr-pdfs/2025/20029038.pdf,,,,Lam Research Corporation - Common Stock (LRCX) [ST],Lam Research Corporation - Common Stock (LRCX) [ST],P,03/31/2025,04/03/2025,"$50,001 - $100,000",Filing Status: New Subholding Of: CRT - Standard Unit Trust Description: Portfolio Rebalance,"Lam Research Corporation - Common Stock (LRCX) [ST] P 03/31/2025 04/03/2025 $50,001 - $100,000 Filing Status: New Subholding Of: CRT - Standard Unit Trust Description: Portfolio Rebalance",,,False,100,LRCX,accepted,house_ptr_structure+v8_1,False,False,False,03/31/2025,False
20029038,Hon. Jefferson Shreve,Member,IN06,20029038.pdf,2025,65,,Lam Research Corporation - Common Stock,Lam Research Corporation - Common Stock,LRCX,LRCX,ST,S (partial),2025-03-05,2025-03-28,50001.0,100000.0,,"$50,001 - $100,000",valid_range,New,CRT - Standard Unit Trust,,Portfolio Rebalance,,9,9,table,False,False,,False,0,False,False,100,True,30,False,https://disclosures-clerk.house.gov/public_disc/ptr-pdfs/2025/20029038.pdf,,,,Lam Research Corporation - Common Stock (LRCX) [ST] Filing Status: New Subholding Of: CRT - Standard Unit Tru Description: Portfolio Rebalance,Lam Research Corporation - Common Stock (LRCX) [ST],S (partial) ust,03/05/2025,03/28/2025,"$50,001 - $100,000",,"Lam Research Corporation - Common Stock (LRCX) [ST] S (partial) 03/05/2025 03/28/2025 $50,001 - $100,000 Filing Status: New Subholding Of: CRT - Standard Unit Trust Description: Portfolio Rebalance",,,False,100,LRCX,accepted,house_ptr_structure+v8_1,False,False,False,03/05/2025,False
20029038,Hon. Jefferson Shreve,Member,IN06,20029038.pdf,2025,66,,"Lazard, Inc. Common Stock","Lazard, Inc. Common Stock",LAZ,LAZ,ST,S,2025-03-31,2025-04-03,15001.0,50000.0,,"$15,001 - $50,000",valid_range,New,CRT - Standard Unit Trust,,Portfolio Rebalance,,10,10,table,False,False,,False,0,False,True,100,True,30,False,https://disclosures-clerk.house.gov/public_disc/ptr-pdfs/2025/20029038.pdf,,,,"Lazard, Inc. Common Stock (LAZ) [ST]","Lazard, Inc. Common Stock (LAZ) [ST]",S,03/31/2025,04/03/2025,"$15,001 - $50,000",Filing Status: New Subholding Of: CRT - Standard Unit Trust Description: Portfolio Rebalance,"Lazard, Inc. Common Stock (LAZ) [ST] S 03/31/2025 04/03/2025 $15,001 - $50,000 Filing Status: New Subholding Of: CRT - Standard Unit Trust Description: Portfolio Rebalance",,,False,100,LAZ,accepted,house_ptr_structure+v8_1,False,False,False,03/31/2025,False
20029038,Hon. Jefferson Shreve,Member,IN06,20029038.pdf,2025,67,,Lennar Corporation Class A Common Stock,Lennar Corporation Class A Common Stock,LEN,LEN,ST,S,2025-03-31,2025-04-03,15001.0,50000.0,,"$15,001 - $50,000",valid_range,New,CRT - Standard Unit Trust,,Portfolio Rebalance,,10,10,table,False,False,,False,0,False,False,100,True,30,False,https://disclosures-clerk.house.gov/public_disc/ptr-pdfs/2025/20029038.pdf,,,,Lennar Corporation Class A Common Stock (LEN) [ST] Filing Status: New Subholding Of: CRT - Standard Unit Tru Description: Portfolio Rebalance,Lennar Corporation Class A Common Stock (LEN) [ST],S ust,03/31/2025,04/03/2025,"$15,001 - $50,000",,"Lennar Corporation Class A Common Stock (LEN) [ST] S 03/31/2025 04/03/2025 $15,001 - $50,000 Filing Status: New Subholding Of: CRT - Standard Unit Trust Description: Portfolio Rebalance",,,False,100,LEN,accepted,house_ptr_structure+v8_1,False,False,False,03/31/2025,False
20029038,Hon. Jefferson Shreve,Member,IN06,20029038.pdf,2025,68,,"LGI Homes, Inc. - Common Stock","LGI Homes, Inc. - Common Stock",LGIH,LGIH,ST,P,2025-03-05,2025-03-27,15001.0,50000.0,,"$15,001 - $50,000",valid_range,New,CRT - Standard Unit Trust,,Portfolio Rebalance,,10,10,table,False,False,,False,0,False,True,100,True,30,False,https://disclosures-clerk.house.gov/public_disc/ptr-pdfs/2025/20029038.pdf,,,,"LGI Homes, Inc. - Common Stock (LGIH) [ST]","LGI Homes, Inc. - Common Stock (LGIH) [ST]",P,03/05/2025,03/27/2025,"$15,001 - $50,000",Filing Status: New Subholding Of: CRT - Standard Unit Trust Description: Portfolio Rebalance,"LGI Homes, Inc. - Common Stock (LGIH) [ST] P 03/05/2025 03/27/2025 $15,001 - $50,000 Filing Status: New Subholding Of: CRT - Standard Unit Trust Description: Portfolio Rebalance",,,False,100,LGIH,accepted,house_ptr_structure+v8_1,False,False,False,03/05/2025,False
20029038,Hon. Jefferson Shreve,Member,IN06,20029038.pdf,2025,69,,"Littelfuse, Inc. - Common Stock","Littelfuse, Inc. - Common Stock",LFUS,LFUS,ST,S,2025-03-13,2025-03-28,15001.0,50000.0,,"$15,001 - $50,000",valid_range,New,CRT - Standard Unit Trust,,Portfolio Rebalance,,10,10,table,False,False,,False,0,False,False,100,True,30,False,https://disclosures-clerk.house.gov/public_disc/ptr-pdfs/2025/20029038.pdf,,,,"Littelfuse, Inc. - Common Stock (LFUS) [ST] Filing Status: New Subholding Of: CRT - Standard Unit Tru Description: Portfolio Rebalance","Littelfuse, Inc. - Common Stock (LFUS) [ST]",S ust,03/13/2025,03/28/2025,"$15,001 - $50,000",,"Littelfuse, Inc. - Common Stock (LFUS) [ST] S 03/13/2025 03/28/2025 $15,001 - $50,000 Filing Status: New Subholding Of: CRT - Standard Unit Trust Description: Portfolio Rebalance",,,False,100,LFUS,accepted,house_ptr_structure+v8_1,False,False,False,03/13/2025,False
20029038,Hon. Jefferson Shreve,Member,IN06,20029038.pdf,2025,70,,Marathon Petroleum Corporation Common Stock,Marathon Petroleum Corporation Common Stock,MPC,MPC,ST,P,2025-03-05,2025-03-28,15001.0,50000.0,,"$15,001 - $50,000",valid_range,New,CRT - Standard Unit Trust,,Portfolio Rebalance,,10,10,table,False,False,,False,0,False,True,100,True,30,False,https://disclosures-clerk.house.gov/public_disc/ptr-pdfs/2025/20029038.pdf,,,,Marathon Petroleum Corporation Common Stock (MPC) [ST],Marathon Petroleum Corporation Common Stock (MPC) [ST],P,03/05/2025,03/28/2025,"$15,001 - $50,000",Filing Status: New Subholding Of: CRT - Standard Unit Trust Description: Portfolio Rebalance,"Marathon Petroleum Corporation Common Stock (MPC) [ST] P 03/05/2025 03/28/2025 $15,001 - $50,000 Filing Status: New Subholding Of: CRT - Standard Unit Trust Description: Portfolio Rebalance",,,False,100,MPC,accepted,house_ptr_structure+v8_1,False,False,False,03/05/2025,False
20029038,Hon. Jefferson Shreve,Member,IN06,20029038.pdf,2025,71,,"Marvell Technology, Inc. - Common Stock","Marvell Technology, Inc. - Common Stock",MRVL,MRVL,ST,S,2025-03-05,2025-03-28,15001.0,50000.0,,"$15,001 - $50,000",valid_range,New,CRT - Standard Unit Trust,,Portfolio Rebalance,,10,10,table,False,False,,False,0,False,False,100,True,30,False,https://disclosures-clerk.house.gov/public_disc/ptr-pdfs/2025/20029038.pdf,,,,"Marvell Technology, Inc. - Common Stock (MRVL) [ST] Filing Status: New Subholding Of: CRT - Standard Unit Tru Description: Portfolio Rebalance","Marvell Technology, Inc. - Common Stock (MRVL) [ST]",S ust,03/05/2025,03/28/2025,"$15,001 - $50,000",,"Marvell Technology, Inc. - Common Stock (MRVL) [ST] S 03/05/2025 03/28/2025 $15,001 - $50,000 Filing Status: New Subholding Of: CRT - Standard Unit Trust Description: Portfolio Rebalance",,,False,100,MRVL,accepted,house_ptr_structure+v8_1,False,False,False,03/05/2025,False
20029038,Hon. Jefferson Shreve,Member,IN06,20029038.pdf,2025,72,,McDonald's Corporation Common Stock,McDonald's Corporation Common Stock,MCD,MCD,ST,P,2025-03-05,2025-03-28,15001.0,50000.0,,"$15,001 - $50,000",valid_range,New,CRT - Standard Unit Trust,,Portfolio Rebalance,,10,10,table,False,False,,False,0,False,True,100,True,30,False,https://disclosures-clerk.house.gov/public_disc/ptr-pdfs/2025/20029038.pdf,,,,McDonald's Corporation Common Stock (MCD) [ST],McDonald's Corporation Common Stock (MCD) [ST],P,03/05/2025,03/28/2025,"$15,001 - $50,000",Filing Status: New Subholding Of: CRT - Standard Unit Trust Description: Portfolio Rebalance,"McDonald's Corporation Common Stock (MCD) [ST] P 03/05/2025 03/28/2025 $15,001 - $50,000 Filing Status: New Subholding Of: CRT - Standard Unit Trust Description: Portfolio Rebalance",,,False,100,MCD,accepted,house_ptr_structure+v8_1,False,False,False,03/05/2025,False
20029038,Hon. Jefferson Shreve,Member,IN06,20029038.pdf,2025,73,,Newmont Corporation,Newmont Corporation,NEM,NEM,ST,P,2025-03-13,1935-03-28,15001.0,50000.0,,"$15,001 - $50,000",valid_range,New,CRT - Standard Unit Trust,,Portfolio Rebalance,,10,11,table,False,False,,True,0,False,False,43,True,30,True,https://disclosures-clerk.house.gov/public_disc/ptr-pdfs/2025/20029038.pdf,high,implausible notification date year; notification date before transaction date,,Newmont Corporation (NEM) [ST] Filing Status: New,Newmont Corporation (NEM) [ST] Subholding Of: CRT - Standard Unit Trust Description: Portfolio Rebalance,P,03/13/2025,03/28/1935,"$15,001 - $50,000",Subholding Of: CRT - Standard Unit Trust Description: Portfolio Rebalance,"Newmont Corporation (NEM) [ST] P 03/13/2025 03/28/1935 $15,001 - $50,000 Filing Status: New Subholding Of: CRT - Standard Unit Trust Description: Portfolio Rebalance",implausible notification date year; notification date before transaction date,high,True,43,NEM,accepted,house_ptr_structure+v8_1,False,False,False,03/13/2025,False
20029038,Hon. Jefferson Shreve,Member,IN06,20029038.pdf,2025,74,,"Nike, Inc. Common Stock","Nike, Inc. Common Stock",NKE,NKE,ST,S,2025-03-31,2025-04-03,15001.0,50000.0,,"$15,001 - $50,000",valid_range,New,CRT - Standard Unit Trust,,Portfolio Rebalance,,11,11,table,False,False,,False,0,False,True,100,True,30,False,https://disclosures-clerk.house.gov/public_disc/ptr-pdfs/2025/20029038.pdf,,,,"Nike, Inc. Common Stock (NKE) [ST]","Nike, Inc. Common Stock (NKE) [ST]",S,03/31/2025,04/03/2025,"$15,001 - $50,000",Filing Status: New Subholding Of: CRT - Standard Unit Trust Description: Portfolio Rebalance,"Nike, Inc. Common Stock (NKE) [ST] S 03/31/2025 04/03/2025 $15,001 - $50,000 Filing Status: New Subholding Of: CRT - Standard Unit Trust Description: Portfolio Rebalance",,,False,100,NKE,accepted,house_ptr_structure+v8_1,False,False,False,03/31/2025,False
20029038,Hon. Jefferson Shreve,Member,IN06,20029038.pdf,2025,75,,Norfolk Southern Corporation Common Stock,Norfolk Southern Corporation Common Stock,NSC,NSC,ST,P,2025-03-31,2025-04-03,15001.0,50000.0,,"$15,001 - $50,000",valid_range,New,CRT - Standard Unit Trust,,Portfolio Rebalance,,11,11,table,False,False,,False,0,False,False,100,True,30,False,https://disclosures-clerk.house.gov/public_disc/ptr-pdfs/2025/20029038.pdf,,,,Norfolk Southern Corporation Common Stock (NSC) [ST] Filing Status: New Subholding Of: CRT - Standard Unit Tru Description: Portfolio Rebalance,Norfolk Southern Corporation Common Stock (NSC) [ST],P ust,03/31/2025,04/03/2025,"$15,001 - $50,000",,"Norfolk Southern Corporation Common Stock (NSC) [ST] P 03/31/2025 04/03/2025 $15,001 - $50,000 Filing Status: New Subholding Of: CRT - Standard Unit Trust Description: Portfolio Rebalance",,,False,100,NSC,accepted,house_ptr_structure+v8_1,False,False,False,03/31/2025,False
20029038,Hon. Jefferson Shreve,Member,IN06,20029038.pdf,2025,76,,Nucor Corporation Common Stock,Nucor Corporation Common Stock,NUE,NUE,ST,S,2025-03-31,2025-04-03,15001.0,50000.0,,"$15,001 - $50,000",valid_range,New,CRT - Standard Unit Trust,,Portfolio Rebalance,,11,11,table,False,False,,False,0,False,True,100,True,30,False,https://disclosures-clerk.house.gov/public_disc/ptr-pdfs/2025/20029038.pdf,,,,Nucor Corporation Common Stock (NUE) [ST],Nucor Corporation Common Stock (NUE) [ST],S,03/31/2025,04/03/2025,"$15,001 - $50,000",Filing Status: New Subholding Of: CRT - Standard Unit Trust Description: Portfolio Rebalance,"Nucor Corporation Common Stock (NUE) [ST] S 03/31/2025 04/03/2025 $15,001 - $50,000 Filing Status: New Subholding Of: CRT - Standard Unit Trust Description: Portfolio Rebalance",,,False,100,NUE,accepted,house_ptr_structure+v8_1,False,False,False,03/31/2025,False
20029038,Hon. Jefferson Shreve,Member,IN06,20029038.pdf,2025,77,,Nucor Corporation Common Stock,Nucor Corporation Common Stock,NUE,NUE,ST,P,2025-03-05,2025-03-28,15001.0,50000.0,,"$15,001 - $50,000",valid_range,New,CRT - Standard Unit Trust,,Portfolio Rebalance,,11,11,table,False,False,,False,0,False,False,100,True,30,False,https://disclosures-clerk.house.gov/public_disc/ptr-pdfs/2025/20029038.pdf,,,,Nucor Corporation Common Stock (NUE) [ST] Filing Status: New Subholding Of: CRT - Standard Unit Tru Description: Portfolio Rebalance,Nucor Corporation Common Stock (NUE) [ST],P ust,03/05/2025,03/28/2025,"$15,001 - $50,000",,"Nucor Corporation Common Stock (NUE) [ST] P 03/05/2025 03/28/2025 $15,001 - $50,000 Filing Status: New Subholding Of: CRT - Standard Unit Trust Description: Portfolio Rebalance",,,False,100,NUE,accepted,house_ptr_structure+v8_1,False,False,False,03/05/2025,False
20029038,Hon. Jefferson Shreve,Member,IN06,20029038.pdf,2025,78,,nVent Electric plc Ordinary Shares,nVent Electric plc Ordinary Shares,NVT,NVT,ST,S,2025-03-05,2025-03-28,15001.0,50000.0,,"$15,001 - $50,000",valid_range,New,CRT - Standard Unit Trust,,Portfolio Rebalance,,11,11,table,False,False,,False,0,False,True,100,True,30,False,https://disclosures-clerk.house.gov/public_disc/ptr-pdfs/2025/20029038.pdf,,,,nVent Electric plc Ordinary Shares (NVT) [ST],nVent Electric plc Ordinary Shares (NVT) [ST],S,03/05/2025,03/28/2025,"$15,001 - $50,000",Filing Status: New Subholding Of: CRT - Standard Unit Trust Description: Portfolio Rebalance,"nVent Electric plc Ordinary Shares (NVT) [ST] S 03/05/2025 03/28/2025 $15,001 - $50,000 Filing Status: New Subholding Of: CRT - Standard Unit Trust Description: Portfolio Rebalance",,,False,100,NVT,accepted,house_ptr_structure+v8_1,False,False,False,03/05/2025,False
20029038,Hon. Jefferson Shreve,Member,IN06,20029038.pdf,2025,79,,NVIDIA Corporation - Common Stock,NVIDIA Corporation - Common Stock,NVDA,NVDA,ST,S (partial),2025-03-31,2025-04-03,100001.0,250000.0,,"$100,001 - $250,000",valid_range,New,CRT - Standard Unit Trust,,Portfolio Rebalance,,11,11,table,False,False,,False,0,False,False,100,True,30,False,https://disclosures-clerk.house.gov/public_disc/ptr-pdfs/2025/20029038.pdf,,,,NVIDIA Corporation - Common Stock (NVDA) [ST] Filing Status: New Subholding Of: CRT - Standard Unit Tru Description: Portfolio Rebalance,NVIDIA Corporation - Common Stock (NVDA) [ST],S (partial) ust,03/31/2025,04/03/2025,"$100,001 - $250,000",,"NVIDIA Corporation - Common Stock (NVDA) [ST] S (partial) 03/31/2025 04/03/2025 $100,001 - $250,000 Filing Status: New Subholding Of: CRT - Standard Unit Trust Description: Portfolio Rebalance",,,False,100,NVDA,accepted,house_ptr_structure+v8_1,False,False,False,03/31/2025,False
20029038,Hon. Jefferson Shreve,Member,IN06,20029038.pdf,2025,80,,Oracle Corporation Common Stock,Oracle Corporation Common Stock,ORCL,ORCL,ST,P,2025-03-05,2025-03-28,15001.0,50000.0,,"$15,001 - $50,000",valid_range,New,CRT - Standard Unit Trust,,Portfolio Rebalance,,11,11,table,False,False,,False,0,False,True,100,True,30,False,https://disclosures-clerk.house.gov/public_disc/ptr-pdfs/2025/20029038.pdf,,,,Oracle Corporation Common Stock (ORCL) [ST],Oracle Corporation Common Stock (ORCL) [ST],P,03/05/2025,03/28/2025,"$15,001 - $50,000",Filing Status: New Subholding Of: CRT - Standard Unit Trust Description: Portfolio Rebalance,"Oracle Corporation Common Stock (ORCL) [ST] P 03/05/2025 03/28/2025 $15,001 - $50,000 Filing Status: New Subholding Of: CRT - Standard Unit Trust Description: Portfolio Rebalance",,,False,100,ORCL,accepted,house_ptr_structure+v8_1,False,False,False,03/05/2025,False
20029038,Hon. Jefferson Shreve,Member,IN06,20029038.pdf,2025,81,,"PayPal Holdings, Inc. - Common Stock","PayPal Holdings, Inc. - Common Stock",PYPL,PYPL,ST,S,2025-03-05,2025-03-28,15001.0,50000.0,,"$15,001 - $50,000",valid_range,New,CRT - Standard Unit Trust,,Portfolio Rebalance,,12,12,table,False,False,,False,0,False,False,100,True,30,False,https://disclosures-clerk.house.gov/public_disc/ptr-pdfs/2025/20029038.pdf,,,,"PayPal Holdings, Inc. - Common Stock (PYPL) [ST] Filing Status: New Subholding Of: CRT - Standard Unit Tru Description: Portfolio Rebalance","PayPal Holdings, Inc. - Common Stock (PYPL) [ST]",S ust,03/05/2025,03/28/2025,"$15,001 - $50,000",,"PayPal Holdings, Inc. - Common Stock (PYPL) [ST] S 03/05/2025 03/28/2025 $15,001 - $50,000 Filing Status: New Subholding Of: CRT - Standard Unit Trust Description: Portfolio Rebalance",,,False,100,PYPL,accepted,house_ptr_structure+v8_1,False,False,False,03/05/2025,False
20029038,Hon. Jefferson Shreve,Member,IN06,20029038.pdf,2025,82,,"Prudential Financial, Inc. Common Stock","Prudential Financial, Inc. Common Stock",PRU,PRU,ST,P,2025-03-13,1935-03-28,15001.0,50000.0,,"$15,001 - $50,000",valid_range,New,CRT - Standard Unit Trust,,Portfolio Rebalance,,12,12,table,False,False,,False,0,False,True,45,True,30,True,https://disclosures-clerk.house.gov/public_disc/ptr-pdfs/2025/20029038.pdf,high,implausible notification date year; notification date before transaction date,,"Prudential Financial, Inc. Common Stock (PRU) [ST]","Prudential Financial, Inc. Common Stock (PRU) [ST]",P,03/13/2025,03/28/1935,"$15,001 - $50,000",Filing Status: New Subholding Of: CRT - Standard Unit Trust Description: Portfolio Rebalance,"Prudential Financial, Inc. Common Stock (PRU) [ST] P 03/13/2025 03/28/1935 $15,001 - $50,000 Filing Status: New Subholding Of: CRT - Standard Unit Trust Description: Portfolio Rebalance",implausible notification date year; notification date before transaction date,high,True,45,PRU,accepted,house_ptr_structure+v8_1,False,False,False,03/13/2025,False
20029038,Hon. Jefferson Shreve,Member,IN06,20029038.pdf,2025,83,,"Quanta Services, Inc. Common Stock","Quanta Services, Inc. Common Stock",PWR,PWR,ST,P,2025-03-31,2025-04-03,15001.0,50000.0,,"$15,001 - $50,000",valid_range,New,CRT - Standard Unit Trust,,Portfolio Rebalance,,12,12,table,False,False,,False,0,False,False,100,True,30,False,https://disclosures-clerk.house.gov/public_disc/ptr-pdfs/2025/20029038.pdf,,,,"Quanta Services, Inc. Common Stock (PWR) [ST] Filing Status: New Subholding Of: CRT - Standard Unit Tru Description: Portfolio Rebalance","Quanta Services, Inc. Common Stock (PWR) [ST]",P ust,03/31/2025,04/03/2025,"$15,001 - $50,000",,"Quanta Services, Inc. Common Stock (PWR) [ST] P 03/31/2025 04/03/2025 $15,001 - $50,000 Filing Status: New Subholding Of: CRT - Standard Unit Trust Description: Portfolio Rebalance",,,False,100,PWR,accepted,house_ptr_structure+v8_1,False,False,False,03/31/2025,False
20029038,Hon. Jefferson Shreve,Member,IN06,20029038.pdf,2025,84,,"Rapid7, Inc. - Common Stock","Rapid7, Inc. - Common Stock",RPD,RPD,ST,P,2025-03-31,2025-04-03,15001.0,50000.0,,"$15,001 - $50,000",valid_range,New,CRT - Standard Unit Trust,,Portfolio Rebalance,,12,12,table,False,False,,False,0,False,True,100,True,30,False,https://disclosures-clerk.house.gov/public_disc/ptr-pdfs/2025/20029038.pdf,,,,"Rapid7, Inc. - Common Stock (RPD) [ST]","Rapid7, Inc. - Common Stock (RPD) [ST]",P,03/31/2025,04/03/2025,"$15,001 - $50,000",Filing Status: New Subholding Of: CRT - Standard Unit Trust Description: Portfolio Rebalance,"Rapid7, Inc. - Common Stock (RPD) [ST] P 03/31/2025 04/03/2025 $15,001 - $50,000 Filing Status: New Subholding Of: CRT - Standard Unit Trust Description: Portfolio Rebalance",,,False,100,RPD,accepted,house_ptr_structure+v8_1,False,False,False,03/31/2025,False
20029038,Hon. Jefferson Shreve,Member,IN06,20029038.pdf,2025,85,,RLI Corp. Common Stock,RLI Corp. Common Stock,RLI,RLI,ST,S (partial),2025-03-13,2025-03-28,15001.0,50000.0,,"$15,001 - $50,000",valid_range,New,CRT - Standard Unit Trust,,Portfolio Rebalance,,12,12,table,False,False,,False,0,False,False,100,True,30,False,https://disclosures-clerk.house.gov/public_disc/ptr-pdfs/2025/20029038.pdf,,,,RLI Corp. Common Stock (RLI) [ST] Filing Status: New Subholding Of: CRT - Standard Unit Tru Description: Portfolio Rebalance,RLI Corp. Common Stock (RLI) [ST],S (partial) ust,03/13/2025,03/28/2025,"$15,001 - $50,000",,"RLI Corp. Common Stock (RLI) [ST] S (partial) 03/13/2025 03/28/2025 $15,001 - $50,000 Filing Status: New Subholding Of: CRT - Standard Unit Trust Description: Portfolio Rebalance",,,False,100,RLI,accepted,house_ptr_structure+v8_1,False,False,False,03/13/2025,False
20029038,Hon. Jefferson Shreve,Member,IN06,20029038.pdf,2025,86,,"Ross Stores, Inc. - Common Stock","Ross Stores, Inc. - Common Stock",ROST,ROST,ST,S,2025-03-13,2025-03-28,15001.0,50000.0,,"$15,001 - $50,000",valid_range,New,CRT - Standard Unit Trust,,Portfolio Rebalance,,12,12,table,False,False,,False,0,False,True,100,True,30,False,https://disclosures-clerk.house.gov/public_disc/ptr-pdfs/2025/20029038.pdf,,,,"Ross Stores, Inc. - Common Stock (ROST) [ST]","Ross Stores, Inc. - Common Stock (ROST) [ST]",S,03/13/2025,03/28/2025,"$15,001 - $50,000",Filing Status: New Subholding Of: CRT - Standard Unit Trust Description: Portfolio Rebalance,"Ross Stores, Inc. - Common Stock (ROST) [ST] S 03/13/2025 03/28/2025 $15,001 - $50,000 Filing Status: New Subholding Of: CRT - Standard Unit Trust Description: Portfolio Rebalance",,,False,100,ROST,accepted,house_ptr_structure+v8_1,False,False,False,03/13/2025,False
20029038,Hon. Jefferson Shreve,Member,IN06,20029038.pdf,2025,87,,Schlumberger N.V. Common Stock,Schlumberger N.V. Common Stock,SLB,SLB,ST,P,2025-03-13,1935-03-28,15001.0,50000.0,,"$15,001 - $50,000",valid_range,New,CRT - Standard Unit Trust,,Portfolio Rebalance,,12,12,table,False,False,,False,0,False,False,45,True,30,True,https://disclosures-clerk.house.gov/public_disc/ptr-pdfs/2025/20029038.pdf,high,implausible notification date year; notification date before transaction date,,Schlumberger N.V. Common Stock (SLB) [ST] Filing Status: New Subholding Of: CRT - Standard Unit Tru Description: Portfolio Rebalance,Schlumberger N.V. Common Stock (SLB) [ST],P ust,03/13/2025,03/28/1935,"$15,001 - $50,000",,"Schlumberger N.V. Common Stock (SLB) [ST] P 03/13/2025 03/28/1935 $15,001 - $50,000 Filing Status: New Subholding Of: CRT - Standard Unit Trust Description: Portfolio Rebalance",implausible notification date year; notification date before transaction date,high,True,45,SLB,accepted,house_ptr_structure+v8_1,False,False,False,03/13/2025,False
20029038,Hon. Jefferson Shreve,Member,IN06,20029038.pdf,2025,88,,"Schneider National, Inc. Common Stock","Schneider National, Inc. Common Stock",SNDR,SNDR,ST,S,2025-03-05,2025-03-28,15001.0,50000.0,,"$15,001 - $50,000",valid_range,New $200?,CRT - Standard Unit Trust,,Portfolio Rebalance,,12,13,table,False,False,,True,0,False,True,98,True,30,False,https://disclosures-clerk.house.gov/public_disc/ptr-pdfs/2025/20029038.pdf,,,,"Schneider National, Inc. Common Stock (SNDR) [ST]","Schneider National, Inc. Common Stock (SNDR) [ST]",S,03/05/2025,03/28/2025,"$15,001 - $50,000",Filing Status: New $200? Subholding Of: CRT - Standard Unit Trust Description: Portfolio Rebalance,"Schneider National, Inc. Common Stock (SNDR) [ST] S 03/05/2025 03/28/2025 $15,001 - $50,000 Filing Status: New $200? Subholding Of: CRT - Standard Unit Trust Description: Portfolio Rebalance",,,False,98,SNDR,accepted,house_ptr_structure+v8_1,False,False,False,03/05/2025,False
20029038,Hon. Jefferson Shreve,Member,IN06,20029038.pdf,2025,89,,"ServiceNow, Inc. Common Stock","ServiceNow, Inc. Common Stock",NOW,NOW,ST,S,2025-03-31,2025-04-03,50001.0,100000.0,,"$50,001 - $100,000",valid_range,New,CRT - Standard Unit Trust,,Portfolio Rebalance,,13,13,table,False,False,,False,0,False,False,100,True,30,False,https://disclosures-clerk.house.gov/public_disc/ptr-pdfs/2025/20029038.pdf,,,,"ServiceNow, Inc. Common Stock (NOW) [ST] Filing Status: New Subholding Of: CRT - Standard Unit Tru Description: Portfolio Rebalance","ServiceNow, Inc. Common Stock (NOW) [ST]",S ust,03/31/2025,04/03/2025,"$50,001 - $100,000",,"ServiceNow, Inc. Common Stock (NOW) [ST] S 03/31/2025 04/03/2025 $50,001 - $100,000 Filing Status: New Subholding Of: CRT - Standard Unit Trust Description: Portfolio Rebalance",,,False,100,NOW,accepted,house_ptr_structure+v8_1,False,False,False,03/31/2025,False
20029038,Hon. Jefferson Shreve,Member,IN06,20029038.pdf,2025,90,,"Simon Property Group, Inc. Common Stock","Simon Property Group, Inc. Common Stock",SPG,SPG,ST,S,2025-03-31,2025-04-03,50001.0,100000.0,,"$50,001 - $100,000",valid_range,New,CRT - Standard Unit Trust,,Portfolio Rebalance,,13,13,table,False,False,,False,0,False,True,100,True,30,False,https://disclosures-clerk.house.gov/public_disc/ptr-pdfs/2025/20029038.pdf,,,,"Simon Property Group, Inc. Common Stock (SPG) [ST]","Simon Property Group, Inc. Common Stock (SPG) [ST]",S,03/31/2025,04/03/2025,"$50,001 - $100,000",Filing Status: New Subholding Of: CRT - Standard Unit Trust Description: Portfolio Rebalance,"Simon Property Group, Inc. Common Stock (SPG) [ST] S 03/31/2025 04/03/2025 $50,001 - $100,000 Filing Status: New Subholding Of: CRT - Standard Unit Trust Description: Portfolio Rebalance",,,False,100,SPG,accepted,house_ptr_structure+v8_1,False,False,False,03/31/2025,False
20029038,Hon. Jefferson Shreve,Member,IN06,20029038.pdf,2025,91,,Stryker Corporation Common Stock,Stryker Corporation Common Stock,SYK,SYK,ST,S (partial),2025-03-13,2025-03-28,50001.0,100000.0,,"$50,001 - $100,000",valid_range,New,CRT - Standard Unit Trust,,Portfolio Rebalance,,13,13,table,False,False,,False,0,False,False,100,True,30,False,https://disclosures-clerk.house.gov/public_disc/ptr-pdfs/2025/20029038.pdf,,,,Stryker Corporation Common Stock (SYK) [ST] Filing Status: New Subholding Of: CRT - Standard Unit Tru Description: Portfolio Rebalance,Stryker Corporation Common Stock (SYK) [ST],S (partial) ust,03/13/2025,03/28/2025,"$50,001 - $100,000",,"Stryker Corporation Common Stock (SYK) [ST] S (partial) 03/13/2025 03/28/2025 $50,001 - $100,000 Filing Status: New Subholding Of: CRT - Standard Unit Trust Description: Portfolio Rebalance",,,False,100,SYK,accepted,house_ptr_structure+v8_1,False,False,False,03/13/2025,False
20029038,Hon. Jefferson Shreve,Member,IN06,20029038.pdf,2025,92,,"Synopsys, Inc. - Common Stock","Synopsys, Inc. - Common Stock",SNPS,SNPS,ST,S,2025-03-13,2025-03-28,15001.0,50000.0,,"$15,001 - $50,000",valid_range,New,CRT - Standard Unit Trust,,Portfolio Rebalance,,13,13,table,False,False,,False,0,False,True,100,True,30,False,https://disclosures-clerk.house.gov/public_disc/ptr-pdfs/2025/20029038.pdf,,,,"Synopsys, Inc. - Common Stock (SNPS) [ST]","Synopsys, Inc. - Common Stock (SNPS) [ST]",S,03/13/2025,03/28/2025,"$15,001 - $50,000",Filing Status: New Subholding Of: CRT - Standard Unit Trust Description: Portfolio Rebalance,"Synopsys, Inc. - Common Stock (SNPS) [ST] S 03/13/2025 03/28/2025 $15,001 - $50,000 Filing Status: New Subholding Of: CRT - Standard Unit Trust Description: Portfolio Rebalance",,,False,100,SNPS,accepted,house_ptr_structure+v8_1,False,False,False,03/13/2025,False
20029038,Hon. Jefferson Shreve,Member,IN06,20029038.pdf,2025,93,,Sysco Corporation Common Stock,Sysco Corporation Common Stock,SYY,SYY,ST,S (partial),2025-03-05,2025-03-28,15001.0,50000.0,,"$15,001 - $50,000",valid_range,New,CRT - Standard Unit Trust,,Portfolio Rebalance,,13,13,table,False,False,,False,0,False,False,100,True,30,False,https://disclosures-clerk.house.gov/public_disc/ptr-pdfs/2025/20029038.pdf,,,,Sysco Corporation Common Stock (SYY) [ST] Filing Status: New Subholding Of: CRT - Standard Unit Tru Description: Portfolio Rebalance,Sysco Corporation Common Stock (SYY) [ST],S (partial) ust,03/05/2025,03/28/2025,"$15,001 - $50,000",,"Sysco Corporation Common Stock (SYY) [ST] S (partial) 03/05/2025 03/28/2025 $15,001 - $50,000 Filing Status: New Subholding Of: CRT - Standard Unit Trust Description: Portfolio Rebalance",,,False,100,SYY,accepted,house_ptr_structure+v8_1,False,False,False,03/05/2025,False
20029038,Hon. Jefferson Shreve,Member,IN06,20029038.pdf,2025,94,,Target Corporation Common Stock,Target Corporation Common Stock,TGT,TGT,ST,P,2025-03-05,2025-03-28,15001.0,50000.0,,"$15,001 - $50,000",valid_range,New,CRT - Standard Unit Trust,,Portfolio Rebalance,,13,13,table,False,False,,False,0,False,True,100,True,30,False,https://disclosures-clerk.house.gov/public_disc/ptr-pdfs/2025/20029038.pdf,,,,Target Corporation Common Stock (TGT) [ST],Target Corporation Common Stock (TGT) [ST],P,03/05/2025,03/28/2025,"$15,001 - $50,000",Filing Status: New Subholding Of: CRT - Standard Unit Trust Description: Portfolio Rebalance,"Target Corporation Common Stock (TGT) [ST] P 03/05/2025 03/28/2025 $15,001 - $50,000 Filing Status: New Subholding Of: CRT - Standard Unit Trust Description: Portfolio Rebalance",,,False,100,TGT,accepted,house_ptr_structure+v8_1,False,False,False,03/05/2025,False
20029038,Hon. Jefferson Shreve,Member,IN06,20029038.pdf,2025,95,,Texas Instruments Incorporated - Common Stock,Texas Instruments Incorporated - Common Stock,TXN,TXN,ST,P,2025-03-13,1935-03-28,15001.0,50000.0,,"$15,001 - $50,000",valid_range,New,CRT - Standard Unit Trust,,Portfolio Rebalance,,13,13,table,False,False,,False,0,False,False,45,True,30,True,https://disclosures-clerk.house.gov/public_disc/ptr-pdfs/2025/20029038.pdf,high,implausible notification date year; notification date before transaction date,,Texas Instruments Incorporated - Common Stock (TXN) [ST] Filing Status: New Subholding Of: CRT - Standard Unit Tru Description: Portfolio Rebalance,Texas Instruments Incorporated - Common Stock (TXN) [ST],P ust,03/13/2025,03/28/1935,"$15,001 - $50,000",,"Texas Instruments Incorporated - Common Stock (TXN) [ST] P 03/13/2025 03/28/1935 $15,001 - $50,000 Filing Status: New Subholding Of: CRT - Standard Unit Trust Description: Portfolio Rebalance",implausible notification date year; notification date before transaction date,high,True,45,TXN,accepted,house_ptr_structure+v8_1,False,False,False,03/13/2025,False
20029038,Hon. Jefferson Shreve,Member,IN06,20029038.pdf,2025,96,,Texas Instruments Incorporated - Common Stock,Texas Instruments Incorporated - Common Stock,TXN,TXN,ST,P,2025-03-31,2025-04-03,15001.0,50000.0,,"$15,001 - $50,000",valid_range,New,CRT - Standard Unit Trust,,Portfolio Rebalance,,14,14,table,False,False,,False,0,False,True,100,True,30,False,https://disclosures-clerk.house.gov/public_disc/ptr-pdfs/2025/20029038.pdf,,,,Texas Instruments Incorporated - Common Stock (TXN) [ST],Texas Instruments Incorporated - Common Stock (TXN) [ST],P,03/31/2025,04/03/2025,"$15,001 - $50,000",Filing Status: New Subholding Of: CRT - Standard Unit Trust Description: Portfolio Rebalance,"Texas Instruments Incorporated - Common Stock (TXN) [ST] P 03/31/2025 04/03/2025 $15,001 - $50,000 Filing Status: New Subholding Of: CRT - Standard Unit Trust Description: Portfolio Rebalance",,,False,100,TXN,accepted,house_ptr_structure+v8_1,False,False,False,03/31/2025,False
20029038,Hon. Jefferson Shreve,Member,IN06,20029038.pdf,2025,97,,The Carlyle Group Inc. - Common Stock,The Carlyle Group Inc. - Common Stock,CG,CG,ST,S,2025-03-05,2025-03-28,15001.0,50000.0,,"$15,001 - $50,000",valid_range,New,CRT - Standard Unit Trust,,Portfolio Rebalance,,14,14,table,False,False,,False,0,False,False,100,True,30,False,https://disclosures-clerk.house.gov/public_disc/ptr-pdfs/2025/20029038.pdf,,,,The Carlyle Group Inc. - Common Stock (CG) [ST] Filing Status: New Subholding Of: CRT - Standard Unit Tru Description: Portfolio Rebalance,The Carlyle Group Inc. - Common Stock (CG) [ST],S ust,03/05/2025,03/28/2025,"$15,001 - $50,000",,"The Carlyle Group Inc. - Common Stock (CG) [ST] S 03/05/2025 03/28/2025 $15,001 - $50,000 Filing Status: New Subholding Of: CRT - Standard Unit Trust Description: Portfolio Rebalance",,,False,100,CG,accepted,house_ptr_structure+v8_1,False,False,False,03/05/2025,False
20029038,Hon. Jefferson Shreve,Member,IN06,20029038.pdf,2025,98,,"The Trade Desk, Inc. - Class A Common Stock","The Trade Desk, Inc. - Class A Common Stock",TTD,TTD,ST,P,2025-03-31,2025-04-03,15001.0,50000.0,,"$15,001 - $50,000",valid_range,New,CRT - Standard Unit Trust,,Portfolio Rebalance,,14,14,table,False,False,,False,0,False,True,100,True,30,False,https://disclosures-clerk.house.gov/public_disc/ptr-pdfs/2025/20029038.pdf,,,,"The Trade Desk, Inc. - Class A Common Stock (TTD) [ST]","The Trade Desk, Inc. - Class A Common Stock (TTD) [ST]",P,03/31/2025,04/03/2025,"$15,001 - $50,000",Filing Status: New Subholding Of: CRT - Standard Unit Trust Description: Portfolio Rebalance,"The Trade Desk, Inc. - Class A Common Stock (TTD) [ST] P 03/31/2025 04/03/2025 $15,001 - $50,000 Filing Status: New Subholding Of: CRT - Standard Unit Trust Description: Portfolio Rebalance",,,False,100,TTD,accepted,house_ptr_structure+v8_1,False,False,False,03/31/2025,False
20029038,Hon. Jefferson Shreve,Member,IN06,20029038.pdf,2025,99,,Trane Technologies plc,Trane Technologies plc,TT,TT,ST,S,2025-03-05,2025-03-28,15001.0,50000.0,,"$15,001 - $50,000",valid_range,New,CRT - Standard Unit Trust,,Portfolio Rebalance,,14,14,table,False,False,,False,0,False,False,100,True,30,False,https://disclosures-clerk.house.gov/public_disc/ptr-pdfs/2025/20029038.pdf,,,,Trane Technologies plc (TT) [ST] Filing Status: New Subholding Of: CRT - Standard Unit Tru Description: Portfolio Rebalance,Trane Technologies plc (TT) [ST],S ust,03/05/2025,03/28/2025,"$15,001 - $50,000",,"Trane Technologies plc (TT) [ST] S 03/05/2025 03/28/2025 $15,001 - $50,000 Filing Status: New Subholding Of: CRT - Standard Unit Trust Description: Portfolio Rebalance",,,False,100,TT,accepted,house_ptr_structure+v8_1,False,False,False,03/05/2025,False
20029038,Hon. Jefferson Shreve,Member,IN06,20029038.pdf,2025,100,,Transdigm Group Incorporated Common Stock,Transdigm Group Incorporated Common Stock,TDG,TDG,ST,P,2025-03-05,2025-03-28,15001.0,50000.0,,"$15,001 - $50,000",valid_range,New,CRT - Standard Unit Trust,,Portfolio Rebalance,,14,14,table,False,False,,False,0,False,True,100,True,30,False,https://disclosures-clerk.house.gov/public_disc/ptr-pdfs/2025/20029038.pdf,,,,Transdigm Group Incorporated Common Stock (TDG) [ST],Transdigm Group Incorporated Common Stock (TDG) [ST],P,03/05/2025,03/28/2025,"$15,001 - $50,000",Filing Status: New Subholding Of: CRT - Standard Unit Trust Description: Portfolio Rebalance,"Transdigm Group Incorporated Common Stock (TDG) [ST] P 03/05/2025 03/28/2025 $15,001 - $50,000 Filing Status: New Subholding Of: CRT - Standard Unit Trust Description: Portfolio Rebalance",,,False,100,TDG,accepted,house_ptr_structure+v8_1,False,False,False,03/05/2025,False
20029038,Hon. Jefferson Shreve,Member,IN06,20029038.pdf,2025,101,,"United Community Banks, Inc. Common Stock","United Community Banks, Inc. Common Stock",UCB,UCB,ST,P,2025-03-31,2025-04-03,15001.0,50000.0,,"$15,001 - $50,000",valid_range,New,CRT - Standard Unit Trust,,Portfolio Rebalance,,14,14,table,False,False,,False,0,False,False,100,True,30,False,https://disclosures-clerk.house.gov/public_disc/ptr-pdfs/2025/20029038.pdf,,,,"United Community Banks, Inc. Common Stock (UCB) [ST] Filing Status: New Subholding Of: CRT - Standard Unit Tru Description: Portfolio Rebalance","United Community Banks, Inc. Common Stock (UCB) [ST]",P ust,03/31/2025,04/03/2025,"$15,001 - $50,000",,"United Community Banks, Inc. Common Stock (UCB) [ST] P 03/31/2025 04/03/2025 $15,001 - $50,000 Filing Status: New Subholding Of: CRT - Standard Unit Trust Description: Portfolio Rebalance",,,False,100,UCB,accepted,house_ptr_structure+v8_1,False,False,False,03/31/2025,False
20029038,Hon. Jefferson Shreve,Member,IN06,20029038.pdf,2025,102,,UnitedHealth Group Incorporated Common Stock,UnitedHealth Group Incorporated Common Stock,UNH,UNH,ST,P,2025-03-31,2025-04-03,15001.0,50000.0,,"$15,001 - $50,000",valid_range,New,CRT - Standard Unit Trust,,Portfolio Rebalance,,14,14,table,False,False,,False,0,False,True,100,True,30,False,https://disclosures-clerk.house.gov/public_disc/ptr-pdfs/2025/20029038.pdf,,,,UnitedHealth Group Incorporated Common Stock (UNH) [ST],UnitedHealth Group Incorporated Common Stock (UNH) [ST],P,03/31/2025,04/03/2025,"$15,001 - $50,000",Filing Status: New Subholding Of: CRT - Standard Unit Trust Description: Portfolio Rebalance,"UnitedHealth Group Incorporated Common Stock (UNH) [ST] P 03/31/2025 04/03/2025 $15,001 - $50,000 Filing Status: New Subholding Of: CRT - Standard Unit Trust Description: Portfolio Rebalance",,,False,100,UNH,accepted,house_ptr_structure+v8_1,False,False,False,03/31/2025,False
20029038,Hon. Jefferson Shreve,Member,IN06,20029038.pdf,2025,103,,Valero Energy Corporation Common Stock,Valero Energy Corporation Common Stock,VLO,VLO,ST,P,2025-03-13,1935-03-28,15001.0,50000.0,,"$15,001 - $50,000",valid_range,New,CRT - Standard Unit Trust,,Portfolio Rebalance,,14,15,table,False,False,,True,0,False,False,43,True,30,True,https://disclosures-clerk.house.gov/public_disc/ptr-pdfs/2025/20029038.pdf,high,implausible notification date year; notification date before transaction date,,Valero Energy Corporation Common Stock (VLO) [ST] Filing Status: New,Valero Energy Corporation Common Stock (VLO) [ST] Subholding Of: CRT - Standard Unit Trust Description: Portfolio Rebalance,P,03/13/2025,03/28/1935,"$15,001 - $50,000",Subholding Of: CRT - Standard Unit Trust Description: Portfolio Rebalance,"Valero Energy Corporation Common Stock (VLO) [ST] P 03/13/2025 03/28/1935 $15,001 - $50,000 Filing Status: New Subholding Of: CRT - Standard Unit Trust Description: Portfolio Rebalance",implausible notification date year; notification date before transaction date,high,True,43,VLO,accepted,house_ptr_structure+v8_1,False,False,False,03/13/2025,False
20029038,Hon. Jefferson Shreve,Member,IN06,20029038.pdf,2025,104,,"Vaxcyte, Inc. - Common Stock","Vaxcyte, Inc. - Common Stock",PCVX,PCVX,ST,S,2025-03-05,2025-03-28,15001.0,50000.0,,"$15,001 - $50,000",valid_range,New,CRT - Standard Unit Trust,,Portfolio Rebalance,,15,15,table,False,False,,False,0,False,True,100,True,30,False,https://disclosures-clerk.house.gov/public_disc/ptr-pdfs/2025/20029038.pdf,,,,"Vaxcyte, Inc. - Common Stock (PCVX) [ST]","Vaxcyte, Inc. - Common Stock (PCVX) [ST]",S,03/05/2025,03/28/2025,"$15,001 - $50,000",Filing Status: New Subholding Of: CRT - Standard Unit Trust Description: Portfolio Rebalance,"Vaxcyte, Inc. - Common Stock (PCVX) [ST] S 03/05/2025 03/28/2025 $15,001 - $50,000 Filing Status: New Subholding Of: CRT - Standard Unit Trust Description: Portfolio Rebalance",,,False,100,PCVX,accepted,house_ptr_structure+v8_1,False,False,False,03/05/2025,False
20029038,Hon. Jefferson Shreve,Member,IN06,20029038.pdf,2025,105,,Vertex Pharmaceuticals Incorporated - Common Stock,Vertex Pharmaceuticals Incorporated - Common Stock,VRTX,VRTX,ST,P,2025-03-13,1935-03-28,15001.0,50000.0,,"$15,001 - $50,000",valid_range,New,CRT - Standard Unit Trust,,Portfolio Rebalance,,15,15,table,False,False,,False,0,False,False,45,True,30,True,https://disclosures-clerk.house.gov/public_disc/ptr-pdfs/2025/20029038.pdf,high,implausible notification date year; notification date before transaction date,,Vertex Pharmaceuticals Incorporated - Common Stock (VRTX) [ST] Filing Status: New Subholding Of: CRT - Standard Unit Tru Description: Portfolio Rebalance,Vertex Pharmaceuticals Incorporated - Common Stock (VRTX) [ST],P ust,03/13/2025,03/28/1935,"$15,001 - $50,000",,"Vertex Pharmaceuticals Incorporated - Common Stock (VRTX) [ST] P 03/13/2025 03/28/1935 $15,001 - $50,000 Filing Status: New Subholding Of: CRT - Standard Unit Trust Description: Portfolio Rebalance",implausible notification date year; notification date before transaction date,high,True,45,VRTX,accepted,house_ptr_structure+v8_1,False,False,False,03/13/2025,False
20029038,Hon. Jefferson Shreve,Member,IN06,20029038.pdf,2025,106,,Vicor Corporation - Common Stock,Vicor Corporation - Common Stock,VICR,VICR,ST,P,2025-03-05,2025-03-28,15001.0,50000.0,,"$15,001 - $50,000",valid_range,New,CRT - Standard Unit Trust,,Portfolio Rebalance,,15,15,table,False,False,,False,0,False,True,100,True,30,False,https://disclosures-clerk.house.gov/public_disc/ptr-pdfs/2025/20029038.pdf,,,,Vicor Corporation - Common Stock (VICR) [ST],Vicor Corporation - Common Stock (VICR) [ST],P,03/05/2025,03/28/2025,"$15,001 - $50,000",Filing Status: New Subholding Of: CRT - Standard Unit Trust Description: Portfolio Rebalance,"Vicor Corporation - Common Stock (VICR) [ST] P 03/05/2025 03/28/2025 $15,001 - $50,000 Filing Status: New Subholding Of: CRT - Standard Unit Trust Description: Portfolio Rebalance",,,False,100,VICR,accepted,house_ptr_structure+v8_1,False,False,False,03/05/2025,False
20029038,Hon. Jefferson Shreve,Member,IN06,20029038.pdf,2025,107,,Vicor Corporation - Common Stock,Vicor Corporation - Common Stock,VICR,VICR,ST,S,2025-03-31,2025-04-03,15001.0,50000.0,,"$15,001 - $50,000",valid_range,New,CRT - Standard Unit Trust,,Portfolio Rebalance,,15,15,table,False,False,,False,0,False,False,100,True,30,False,https://disclosures-clerk.house.gov/public_disc/ptr-pdfs/2025/20029038.pdf,,,,Vicor Corporation - Common Stock (VICR) [ST] Filing Status: New Subholding Of: CRT - Standard Unit Tru Description: Portfolio Rebalance,Vicor Corporation - Common Stock (VICR) [ST],S ust,03/31/2025,04/03/2025,"$15,001 - $50,000",,"Vicor Corporation - Common Stock (VICR) [ST] S 03/31/2025 04/03/2025 $15,001 - $50,000 Filing Status: New Subholding Of: CRT - Standard Unit Trust Description: Portfolio Rebalance",,,False,100,VICR,accepted,house_ptr_structure+v8_1,False,False,False,03/31/2025,False
20029038,Hon. Jefferson Shreve,Member,IN06,20029038.pdf,2025,108,,"Vishay Intertechnology, Inc. Common Stock","Vishay Intertechnology, Inc. Common Stock",VSH,VSH,ST,S,2025-03-05,2025-03-28,15001.0,50000.0,,"$15,001 - $50,000",valid_range,New,CRT - Standard Unit Trust,,Portfolio Rebalance,,15,15,table,False,False,,False,0,False,True,100,True,30,False,https://disclosures-clerk.house.gov/public_disc/ptr-pdfs/2025/20029038.pdf,,,,"Vishay Intertechnology, Inc. Common Stock (VSH) [ST]","Vishay Intertechnology, Inc. Common Stock (VSH) [ST]",S,03/05/2025,03/28/2025,"$15,001 - $50,000",Filing Status: New Subholding Of: CRT - Standard Unit Trust Description: Portfolio Rebalance,"Vishay Intertechnology, Inc. Common Stock (VSH) [ST] S 03/05/2025 03/28/2025 $15,001 - $50,000 Filing Status: New Subholding Of: CRT - Standard Unit Trust Description: Portfolio Rebalance",,,False,100,VSH,accepted,house_ptr_structure+v8_1,False,False,False,03/05/2025,False
20029038,Hon. Jefferson Shreve,Member,IN06,20029038.pdf,2025,109,,Vistra Corp. Common Stock,Vistra Corp. Common Stock,VST,VST,ST,P,2025-03-05,2025-03-28,15001.0,50000.0,,"$15,001 - $50,000",valid_range,New,CRT - Standard Unit Trust,,Portfolio Rebalance,,15,15,table,False,False,,False,0,False,False,100,True,30,False,https://disclosures-clerk.house.gov/public_disc/ptr-pdfs/2025/20029038.pdf,,,,Vistra Corp. Common Stock (VST) [ST] Filing Status: New Subholding Of: CRT - Standard Unit Tru Description: Portfolio Rebalance,Vistra Corp. Common Stock (VST) [ST],P ust,03/05/2025,03/28/2025,"$15,001 - $50,000",,"Vistra Corp. Common Stock (VST) [ST] P 03/05/2025 03/28/2025 $15,001 - $50,000 Filing Status: New Subholding Of: CRT - Standard Unit Trust Description: Portfolio Rebalance",,,False,100,VST,accepted,house_ptr_structure+v8_1,False,False,False,03/05/2025,False
20029038,Hon. Jefferson Shreve,Member,IN06,20029038.pdf,2025,110,,Walt Disney Company,Walt Disney Company,DIS,DIS,ST,S (partial),2025-03-05,2025-03-28,15001.0,50000.0,,"$15,001 - $50,000",valid_range,New,CRT - Standard Unit Trust,,Portfolio Rebalance,,15,15,table,False,False,,False,0,False,True,100,True,30,False,https://disclosures-clerk.house.gov/public_disc/ptr-pdfs/2025/20029038.pdf,,,,Walt Disney Company (DIS) [ST],Walt Disney Company (DIS) [ST],S (partial),03/05/2025,03/28/2025,"$15,001 - $50,000",Filing Status: New Subholding Of: CRT - Standard Unit Trust Description: Portfolio Rebalance,"Walt Disney Company (DIS) [ST] S (partial) 03/05/2025 03/28/2025 $15,001 - $50,000 Filing Status: New Subholding Of: CRT - Standard Unit Trust Description: Portfolio Rebalance",,,False,100,DIS,accepted,house_ptr_structure+v8_1,False,False,False,03/05/2025,False
20029038,Hon. Jefferson Shreve,Member,IN06,20029038.pdf,2025,111,,Wells Fargo & Company Common Stock,Wells Fargo & Company Common Stock,WFC,WFC,ST,P,2025-03-13,1935-03-28,15001.0,50000.0,,"$15,001 - $50,000",valid_range,New,CRT - Standard Unit Trust,,Portfolio Rebalance,,16,16,table,False,False,,False,0,False,False,45,True,30,True,https://disclosures-clerk.house.gov/public_disc/ptr-pdfs/2025/20029038.pdf,high,implausible notification date year; notification date before transaction date,,Wells Fargo & Company Common Stock (WFC) [ST] Filing Status: New Subholding Of: CRT - Standard Unit Tru Description: Portfolio Rebalance,Wells Fargo & Company Common Stock (WFC) [ST],P ust,03/13/2025,03/28/1935,"$15,001 - $50,000",,"Wells Fargo & Company Common Stock (WFC) [ST] P 03/13/2025 03/28/1935 $15,001 - $50,000 Filing Status: New Subholding Of: CRT - Standard Unit Trust Description: Portfolio Rebalance",implausible notification date year; notification date before transaction date,high,True,45,WFC,accepted,house_ptr_structure+v8_1,False,False,False,03/13/2025,False
20029038,Hon. Jefferson Shreve,Member,IN06,20029038.pdf,2025,112,,Western Digital Corporation - Common Stock,Western Digital Corporation - Common Stock,WDC,WDC,ST,S,2025-03-13,2025-03-28,15001.0,50000.0,,"$15,001 - $50,000",valid_range,New,CRT - Standard Unit Trust,,Portfolio Rebalance,,16,16,table,False,False,,False,0,False,True,100,True,30,False,https://disclosures-clerk.house.gov/public_disc/ptr-pdfs/2025/20029038.pdf,,,,Western Digital Corporation - Common Stock (WDC) [ST],Western Digital Corporation - Common Stock (WDC) [ST],S,03/13/2025,03/28/2025,"$15,001 - $50,000",Filing Status: New Subholding Of: CRT - Standard Unit Trust Description: Portfolio Rebalance,"Western Digital Corporation - Common Stock (WDC) [ST] S 03/13/2025 03/28/2025 $15,001 - $50,000 Filing Status: New Subholding Of: CRT - Standard Unit Trust Description: Portfolio Rebalance",,,False,100,WDC,accepted,house_ptr_structure+v8_1,False,False,False,03/13/2025,False
20029038,Hon. Jefferson Shreve,Member,IN06,20029038.pdf,2025,113,,Weyerhaeuser Company Common Stock,Weyerhaeuser Company Common Stock,WY,WY,ST,P,2025-03-13,1935-03-28,15001.0,50000.0,,"$15,001 - $50,000",valid_range,New,CRT - Standard Unit Trust,,Portfolio Rebalance,,16,16,table,False,False,,False,0,False,False,45,True,30,True,https://disclosures-clerk.house.gov/public_disc/ptr-pdfs/2025/20029038.pdf,high,implausible notification date year; notification date before transaction date,,Weyerhaeuser Company Common Stock (WY) [ST] Filing Status: New Subholding Of: CRT - Standard Unit Tru Description: Portfolio Rebalance,Weyerhaeuser Company Common Stock (WY) [ST],P ust,03/13/2025,03/28/1935,"$15,001 - $50,000",,"Weyerhaeuser Company Common Stock (WY) [ST] P 03/13/2025 03/28/1935 $15,001 - $50,000 Filing Status: New Subholding Of: CRT - Standard Unit Trust Description: Portfolio Rebalance",implausible notification date year; notification date before transaction date,high,True,45,WY,accepted,house_ptr_structure+v8_1,False,False,False,03/13/2025,False
20029038,Hon. Jefferson Shreve,Member,IN06,20029038.pdf,2025,114,,Zoetis Inc. Class A Common Stock,Zoetis Inc. Class A Common Stock,ZTS,ZTS,ST,P,2025-03-05,2025-03-28,15001.0,50000.0,,"$15,001 - $50,000",valid_range,New,CRT - Standard Unit Trust,,Portfolio Rebalance,,16,16,table,False,False,,False,0,False,True,100,True,30,False,https://disclosures-clerk.house.gov/public_disc/ptr-pdfs/2025/20029038.pdf,,,,Zoetis Inc. Class A Common Stock (ZTS) [ST],Zoetis Inc. Class A Common Stock (ZTS) [ST],P,03/05/2025,03/28/2025,"$15,001 - $50,000",Filing Status: New Subholding Of: CRT - Standard Unit Trust Description: Portfolio Rebalance,"Zoetis Inc. Class A Common Stock (ZTS) [ST] P 03/05/2025 03/28/2025 $15,001 - $50,000 Filing Status: New Subholding Of: CRT - Standard Unit Trust Description: Portfolio Rebalance",,,False,100,ZTS,accepted,house_ptr_structure+v8_1,False,False,False,03/05/2025,False
