filing_id,politician,member_status,state_district,source_pdf,source_year,transaction_number_in_filing,owner,asset_v8_2_cleaned,asset_v8_1,ticker_v8_2_cleaned,ticker_v8_1,asset_type,transaction_type,transaction_date,notification_date,amount_min,amount_max,amount_exact,amount_category,amount_status,filing_status,subholding,location,description,comments,page,last_page,page_parse_method,page_recovery_used,filing_page_completeness_issue,suspected_missed_pages,page_continuation_used,duplicate_geometry_rows_merged,possible_adjacent_same_signature,row_shaded,geometry_quality_score,unicode_repair_applied,unicode_repair_count,needs_review,original_pdf_url,review_level,review_reason,owner_raw,asset_raw,asset_lookup_context,transaction_type_raw,transaction_date_raw,notification_date_raw,amount_raw,continuation_raw,detail_raw,review_reason_v8_1,review_level_v8_1,needs_review_v8_1,geometry_quality_score_v8_1,ticker_candidate_raw,ticker_parse_status,ticker_validation_source,ticker_changed,asset_changed_by_ticker_resolver,raw_date_has_extra_text,raw_date_prefix,date_prefix_disagrees,amount_exact_before_p2,amount_status_before_p2
20030291,Hon. Rob Bresnahan,Member,PA08,20030291.pdf,2025,1,,AbbVie Inc. Common Stock,AbbVie Inc. Common Stock,ABBV,ABBV,ST,S,2025-04-08,2025-04-08,1001.0,15000.0,,"$1,001 - $15,000",valid_range,New,JP Morgan Brokerage Account,,,,1,1,table,False,False,,False,0,False,False,100,True,20,False,https://disclosures-clerk.house.gov/public_disc/ptr-pdfs/2025/20030291.pdf,,,,AbbVie Inc. Common Stock (ABBV) [ST] Filing Status: New Subholding Of: JP Morgan Brokerage Ac,AbbVie Inc. Common Stock (ABBV) [ST],S ccount,04/08/2025,04/08/2025,"$1,001 - $15,000",,"AbbVie Inc. Common Stock (ABBV) [ST] S 04/08/2025 04/08/2025 $1,001 - $15,000 Filing Status: New Subholding Of: JP Morgan Brokerage Account",,,False,100,ABBV,accepted,house_ptr_structure+v8_1,False,False,False,04/08/2025,False,,valid_range
20030291,Hon. Rob Bresnahan,Member,PA08,20030291.pdf,2025,2,,Adobe Inc. - Common Stock,Adobe Inc. - Common Stock,ADBE,ADBE,ST,P,2025-04-08,2025-04-08,15001.0,50000.0,,"$15,001 - $50,000",valid_range,New,JP Morgan Brokerage Account,,,,1,1,table,False,False,,False,0,False,True,100,True,20,False,https://disclosures-clerk.house.gov/public_disc/ptr-pdfs/2025/20030291.pdf,,,,Adobe Inc. - Common Stock (ADBE) [ST],Adobe Inc. - Common Stock (ADBE) [ST],P,04/08/2025,04/08/2025,"$15,001 - $50,000",Filing Status: New Subholding Of: JP Morgan Brokerage Account,"Adobe Inc. - Common Stock (ADBE) [ST] P 04/08/2025 04/08/2025 $15,001 - $50,000 Filing Status: New Subholding Of: JP Morgan Brokerage Account",,,False,100,ADBE,accepted,house_ptr_structure+v8_1,False,False,False,04/08/2025,False,,valid_range
20030291,Hon. Rob Bresnahan,Member,PA08,20030291.pdf,2025,3,,"Align Technology, Inc. - Common Stock","Align Technology, Inc. - Common Stock",ALGN,ALGN,ST,S,2025-04-08,2025-04-08,1001.0,15000.0,,"$1,001 - $15,000",valid_range,New,JP Morgan Brokerage Account,,,,1,1,table,False,False,,False,0,False,False,100,True,20,False,https://disclosures-clerk.house.gov/public_disc/ptr-pdfs/2025/20030291.pdf,,,,"Align Technology, Inc. - Common Stock (ALGN) [ST] Filing Status: New Subholding Of: JP Morgan Brokerage Ac","Align Technology, Inc. - Common Stock (ALGN) [ST]",S ccount,04/08/2025,04/08/2025,"$1,001 - $15,000",,"Align Technology, Inc. - Common Stock (ALGN) [ST] S 04/08/2025 04/08/2025 $1,001 - $15,000 Filing Status: New Subholding Of: JP Morgan Brokerage Account",,,False,100,ALGN,accepted,house_ptr_structure+v8_1,False,False,False,04/08/2025,False,,valid_range
20030291,Hon. Rob Bresnahan,Member,PA08,20030291.pdf,2025,4,,"Amazon.com, Inc. - Common Stock","Amazon.com, Inc. - Common Stock",AMZN,AMZN,ST,P,2025-04-08,2025-04-08,1001.0,15000.0,,"$1,001 - $15,000",valid_range,New,JP Morgan Brokerage Account,,,,1,1,table,False,False,,False,0,False,True,100,True,20,False,https://disclosures-clerk.house.gov/public_disc/ptr-pdfs/2025/20030291.pdf,,,,"Amazon.com, Inc. - Common Stock (AMZN) [ST]","Amazon.com, Inc. - Common Stock (AMZN) [ST]",P,04/08/2025,04/08/2025,"$1,001 - $15,000",Filing Status: New Subholding Of: JP Morgan Brokerage Account,"Amazon.com, Inc. - Common Stock (AMZN) [ST] P 04/08/2025 04/08/2025 $1,001 - $15,000 Filing Status: New Subholding Of: JP Morgan Brokerage Account",,,False,100,AMZN,accepted,house_ptr_structure+v8_1,False,False,False,04/08/2025,False,,valid_range
20030291,Hon. Rob Bresnahan,Member,PA08,20030291.pdf,2025,5,,Ameren Corporation Common Stock,Ameren Corporation Common Stock,AEE,AEE,ST,P,2025-04-08,2025-04-08,1001.0,15000.0,,"$1,001 - $15,000",valid_range,New,JP Morgan Brokerage Account,,,,1,1,table,False,False,,False,0,False,False,100,True,20,False,https://disclosures-clerk.house.gov/public_disc/ptr-pdfs/2025/20030291.pdf,,,,Ameren Corporation Common Stock (AEE) [ST] Filing Status: New Subholding Of: JP Morgan Brokerage Ac,Ameren Corporation Common Stock (AEE) [ST],P ccount,04/08/2025,04/08/2025,"$1,001 - $15,000",,"Ameren Corporation Common Stock (AEE) [ST] P 04/08/2025 04/08/2025 $1,001 - $15,000 Filing Status: New Subholding Of: JP Morgan Brokerage Account",,,False,100,AEE,accepted,house_ptr_structure+v8_1,False,False,False,04/08/2025,False,,valid_range
20030291,Hon. Rob Bresnahan,Member,PA08,20030291.pdf,2025,6,,American Tower Corporation,American Tower Corporation,AMT,AMT,ST,P,2025-04-08,2025-04-08,1001.0,15000.0,,"$1,001 - $15,000",valid_range,New,JP Morgan Brokerage Account,,,,1,1,table,False,False,,False,0,False,True,100,True,20,False,https://disclosures-clerk.house.gov/public_disc/ptr-pdfs/2025/20030291.pdf,,,,American Tower Corporation (AMT) [ST],American Tower Corporation (AMT) [ST],P,04/08/2025,04/08/2025,"$1,001 - $15,000",Filing Status: New Subholding Of: JP Morgan Brokerage Account,"American Tower Corporation (AMT) [ST] P 04/08/2025 04/08/2025 $1,001 - $15,000 Filing Status: New Subholding Of: JP Morgan Brokerage Account",,,False,100,AMT,accepted,house_ptr_structure+v8_1,False,False,False,04/08/2025,False,,valid_range
20030291,Hon. Rob Bresnahan,Member,PA08,20030291.pdf,2025,7,,"AMETEK, Inc.","AMETEK, Inc.",AME,AME,ST,S,2025-04-08,2025-04-08,1001.0,15000.0,,"$1,001 - $15,000",valid_range,New,JP Morgan Brokerage Account,,,,2,2,table,False,False,,False,0,False,False,100,True,20,False,https://disclosures-clerk.house.gov/public_disc/ptr-pdfs/2025/20030291.pdf,,,,"AMETEK, Inc. (AME) [ST] Filing Status: New Subholding Of: JP Morgan Brokerage Ac","AMETEK, Inc. (AME) [ST]",S ccount,04/08/2025,04/08/2025,"$1,001 - $15,000",,"AMETEK, Inc. (AME) [ST] S 04/08/2025 04/08/2025 $1,001 - $15,000 Filing Status: New Subholding Of: JP Morgan Brokerage Account",,,False,100,AME,accepted,house_ptr_structure+v8_1,False,False,False,04/08/2025,False,,valid_range
20030291,Hon. Rob Bresnahan,Member,PA08,20030291.pdf,2025,8,,Amgen Inc. - Common Stock,Amgen Inc. - Common Stock,AMGN,AMGN,ST,S,2025-04-08,2025-04-08,1001.0,15000.0,,"$1,001 - $15,000",valid_range,New,JP Morgan Brokerage Account,,,,2,2,table,False,False,,False,0,False,True,100,True,20,False,https://disclosures-clerk.house.gov/public_disc/ptr-pdfs/2025/20030291.pdf,,,,Amgen Inc. - Common Stock (AMGN) [ST],Amgen Inc. - Common Stock (AMGN) [ST],S,04/08/2025,04/08/2025,"$1,001 - $15,000",Filing Status: New Subholding Of: JP Morgan Brokerage Account,"Amgen Inc. - Common Stock (AMGN) [ST] S 04/08/2025 04/08/2025 $1,001 - $15,000 Filing Status: New Subholding Of: JP Morgan Brokerage Account",,,False,100,AMGN,accepted,house_ptr_structure+v8_1,False,False,False,04/08/2025,False,,valid_range
20030291,Hon. Rob Bresnahan,Member,PA08,20030291.pdf,2025,9,,Amphenol Corporation Common Stock,Amphenol Corporation Common Stock,APH,APH,ST,P,2025-04-08,2025-04-08,1001.0,15000.0,,"$1,001 - $15,000",valid_range,New,JP Morgan Brokerage Account,,,,2,2,table,False,False,,False,0,False,False,100,True,20,False,https://disclosures-clerk.house.gov/public_disc/ptr-pdfs/2025/20030291.pdf,,,,Amphenol Corporation Common Stock (APH) [ST] Filing Status: New Subholding Of: JP Morgan Brokerage Ac,Amphenol Corporation Common Stock (APH) [ST],P ccount,04/08/2025,04/08/2025,"$1,001 - $15,000",,"Amphenol Corporation Common Stock (APH) [ST] P 04/08/2025 04/08/2025 $1,001 - $15,000 Filing Status: New Subholding Of: JP Morgan Brokerage Account",,,False,100,APH,accepted,house_ptr_structure+v8_1,False,False,False,04/08/2025,False,,valid_range
20030291,Hon. Rob Bresnahan,Member,PA08,20030291.pdf,2025,10,,"Analog Devices, Inc. - Common Stock","Analog Devices, Inc. - Common Stock",ADI,ADI,ST,P,2025-04-08,2025-04-08,1001.0,15000.0,,"$1,001 - $15,000",valid_range,New,JP Morgan Brokerage Account,,,,2,2,table,False,False,,False,0,False,True,100,True,20,False,https://disclosures-clerk.house.gov/public_disc/ptr-pdfs/2025/20030291.pdf,,,,"Analog Devices, Inc. - Common Stock (ADI) [ST]","Analog Devices, Inc. - Common Stock (ADI) [ST]",P,04/08/2025,04/08/2025,"$1,001 - $15,000",Filing Status: New Subholding Of: JP Morgan Brokerage Account,"Analog Devices, Inc. - Common Stock (ADI) [ST] P 04/08/2025 04/08/2025 $1,001 - $15,000 Filing Status: New Subholding Of: JP Morgan Brokerage Account",,,False,100,ADI,accepted,house_ptr_structure+v8_1,False,False,False,04/08/2025,False,,valid_range
20030291,Hon. Rob Bresnahan,Member,PA08,20030291.pdf,2025,11,,"Applied Materials, Inc. - Common Stock","Applied Materials, Inc. - Common Stock",AMAT,AMAT,ST,S,2025-04-08,2025-04-08,1001.0,15000.0,,"$1,001 - $15,000",valid_range,New,JP Morgan Brokerage Account,,,,2,2,table,False,False,,False,0,False,False,100,True,20,False,https://disclosures-clerk.house.gov/public_disc/ptr-pdfs/2025/20030291.pdf,,,,"Applied Materials, Inc. - Common Stock (AMAT) [ST] Filing Status: New Subholding Of: JP Morgan Brokerage Ac","Applied Materials, Inc. - Common Stock (AMAT) [ST]",S ccount,04/08/2025,04/08/2025,"$1,001 - $15,000",,"Applied Materials, Inc. - Common Stock (AMAT) [ST] S 04/08/2025 04/08/2025 $1,001 - $15,000 Filing Status: New Subholding Of: JP Morgan Brokerage Account",,,False,100,AMAT,accepted,house_ptr_structure+v8_1,False,False,False,04/08/2025,False,,valid_range
20030291,Hon. Rob Bresnahan,Member,PA08,20030291.pdf,2025,12,,Archer-Daniels-Midland Company Common Stock,Archer-Daniels-Midland Company Common Stock,ADM,ADM,ST,P,2025-04-08,2025-04-08,1001.0,15000.0,,"$1,001 - $15,000",valid_range,New,JP Morgan Brokerage Account,,,,2,2,table,False,False,,False,0,False,True,100,True,20,False,https://disclosures-clerk.house.gov/public_disc/ptr-pdfs/2025/20030291.pdf,,,,Archer-Daniels-Midland Company Common Stock (ADM) [ST],Archer-Daniels-Midland Company Common Stock (ADM) [ST],P,04/08/2025,04/08/2025,"$1,001 - $15,000",Filing Status: New Subholding Of: JP Morgan Brokerage Account,"Archer-Daniels-Midland Company Common Stock (ADM) [ST] P 04/08/2025 04/08/2025 $1,001 - $15,000 Filing Status: New Subholding Of: JP Morgan Brokerage Account",,,False,100,ADM,accepted,house_ptr_structure+v8_1,False,False,False,04/08/2025,False,,valid_range
20030291,Hon. Rob Bresnahan,Member,PA08,20030291.pdf,2025,13,,Avery Dennison Corporation Common Stock,Avery Dennison Corporation Common Stock,AVY,AVY,ST,S,2025-04-08,2025-04-08,1001.0,15000.0,,"$1,001 - $15,000",valid_range,New,JP Morgan Brokerage Account,,,,2,2,table,False,False,,False,0,False,False,100,True,20,False,https://disclosures-clerk.house.gov/public_disc/ptr-pdfs/2025/20030291.pdf,,,,Avery Dennison Corporation Common Stock (AVY) [ST] Filing Status: New Subholding Of: JP Morgan Brokerage Ac,Avery Dennison Corporation Common Stock (AVY) [ST],S ccount,04/08/2025,04/08/2025,"$1,001 - $15,000",,"Avery Dennison Corporation Common Stock (AVY) [ST] S 04/08/2025 04/08/2025 $1,001 - $15,000 Filing Status: New Subholding Of: JP Morgan Brokerage Account",,,False,100,AVY,accepted,house_ptr_structure+v8_1,False,False,False,04/08/2025,False,,valid_range
20030291,Hon. Rob Bresnahan,Member,PA08,20030291.pdf,2025,14,,Bank of America Corporation Common Stock,Bank of America Corporation Common Stock,BAC,BAC,ST,S,2025-04-08,2025-04-08,1001.0,15000.0,,"$1,001 - $15,000",valid_range,New,JP Morgan Brokerage Account,,,,2,2,table,False,False,,False,0,False,True,100,True,20,False,https://disclosures-clerk.house.gov/public_disc/ptr-pdfs/2025/20030291.pdf,,,,Bank of America Corporation Common Stock (BAC) [ST],Bank of America Corporation Common Stock (BAC) [ST],S,04/08/2025,04/08/2025,"$1,001 - $15,000",Filing Status: New Subholding Of: JP Morgan Brokerage Account,"Bank of America Corporation Common Stock (BAC) [ST] S 04/08/2025 04/08/2025 $1,001 - $15,000 Filing Status: New Subholding Of: JP Morgan Brokerage Account",,,False,100,BAC,accepted,house_ptr_structure+v8_1,False,False,False,04/08/2025,False,,valid_range
20030291,Hon. Rob Bresnahan,Member,PA08,20030291.pdf,2025,15,,Biogen Inc. - Common Stock,Biogen Inc. - Common Stock,BIIB,BIIB,ST,S,2025-04-08,2025-04-08,1001.0,15000.0,,"$1,001 - $15,000",valid_range,New,JP Morgan Brokerage Account,,,,2,2,table,False,False,,False,0,False,False,100,True,20,False,https://disclosures-clerk.house.gov/public_disc/ptr-pdfs/2025/20030291.pdf,,,,Biogen Inc. - Common Stock (BIIB) [ST] Filing Status: New Subholding Of: JP Morgan Brokerage Ac,Biogen Inc. - Common Stock (BIIB) [ST],S ccount,04/08/2025,04/08/2025,"$1,001 - $15,000",,"Biogen Inc. - Common Stock (BIIB) [ST] S 04/08/2025 04/08/2025 $1,001 - $15,000 Filing Status: New Subholding Of: JP Morgan Brokerage Account",,,False,100,BIIB,accepted,house_ptr_structure+v8_1,False,False,False,04/08/2025,False,,valid_range
20030291,Hon. Rob Bresnahan,Member,PA08,20030291.pdf,2025,16,,Bio-Techne Corp - Common Stock,Bio-Techne Corp - Common Stock,TECH,TECH,ST,S,2025-04-08,2025-04-08,1001.0,15000.0,,"$1,001 - $15,000",valid_range,New,JP Morgan Brokerage Account,,,,3,3,table,False,False,,False,0,False,True,100,True,20,False,https://disclosures-clerk.house.gov/public_disc/ptr-pdfs/2025/20030291.pdf,,,,Bio-Techne Corp - Common Stock (TECH) [ST],Bio-Techne Corp - Common Stock (TECH) [ST],S,04/08/2025,04/08/2025,"$1,001 - $15,000",Filing Status: New Subholding Of: JP Morgan Brokerage Account,"Bio-Techne Corp - Common Stock (TECH) [ST] S 04/08/2025 04/08/2025 $1,001 - $15,000 Filing Status: New Subholding Of: JP Morgan Brokerage Account",,,False,100,TECH,accepted,house_ptr_structure+v8_1,False,False,False,04/08/2025,False,,valid_range
20030291,Hon. Rob Bresnahan,Member,PA08,20030291.pdf,2025,17,,"Broadridge Financial Solutions, Inc. Common Stock","Broadridge Financial Solutions, Inc. Common Stock",BR,BR,ST,P,2025-04-08,2025-04-08,1001.0,15000.0,,"$1,001 - $15,000",valid_range,New,JP Morgan Brokerage Account,,,,3,3,table,False,False,,False,0,False,False,100,True,20,False,https://disclosures-clerk.house.gov/public_disc/ptr-pdfs/2025/20030291.pdf,,,,"Broadridge Financial Solutions, Inc. Common Stock (BR) [ST] Filing Status: New Subholding Of: JP Morgan Brokerage Ac","Broadridge Financial Solutions, Inc. Common Stock (BR) [ST]",P ccount,04/08/2025,04/08/2025,"$1,001 - $15,000",,"Broadridge Financial Solutions, Inc. Common Stock (BR) [ST] P 04/08/2025 04/08/2025 $1,001 - $15,000 Filing Status: New Subholding Of: JP Morgan Brokerage Account",,,False,100,BR,accepted,house_ptr_structure+v8_1,False,False,False,04/08/2025,False,,valid_range
20030291,Hon. Rob Bresnahan,Member,PA08,20030291.pdf,2025,18,,"Cardinal Health, Inc. Common Stock","Cardinal Health, Inc. Common Stock",CAH,CAH,ST,P,2025-04-08,2025-04-08,1001.0,15000.0,,"$1,001 - $15,000",valid_range,New,JP Morgan Brokerage Account,,,,3,3,table,False,False,,False,0,False,True,100,True,20,False,https://disclosures-clerk.house.gov/public_disc/ptr-pdfs/2025/20030291.pdf,,,,"Cardinal Health, Inc. Common Stock (CAH) [ST]","Cardinal Health, Inc. Common Stock (CAH) [ST]",P,04/08/2025,04/08/2025,"$1,001 - $15,000",Filing Status: New Subholding Of: JP Morgan Brokerage Account,"Cardinal Health, Inc. Common Stock (CAH) [ST] P 04/08/2025 04/08/2025 $1,001 - $15,000 Filing Status: New Subholding Of: JP Morgan Brokerage Account",,,False,100,CAH,accepted,house_ptr_structure+v8_1,False,False,False,04/08/2025,False,,valid_range
20030291,Hon. Rob Bresnahan,Member,PA08,20030291.pdf,2025,19,,"Caterpillar, Inc. Common Stock","Caterpillar, Inc. Common Stock",CAT,CAT,ST,S,2025-04-08,2025-04-08,1001.0,15000.0,,"$1,001 - $15,000",valid_range,New,JP Morgan Brokerage Account,,,,3,3,table,False,False,,False,0,False,False,100,True,20,False,https://disclosures-clerk.house.gov/public_disc/ptr-pdfs/2025/20030291.pdf,,,,"Caterpillar, Inc. Common Stock (CAT) [ST] Filing Status: New Subholding Of: JP Morgan Brokerage Ac","Caterpillar, Inc. Common Stock (CAT) [ST]",S ccount,04/08/2025,04/08/2025,"$1,001 - $15,000",,"Caterpillar, Inc. Common Stock (CAT) [ST] S 04/08/2025 04/08/2025 $1,001 - $15,000 Filing Status: New Subholding Of: JP Morgan Brokerage Account",,,False,100,CAT,accepted,house_ptr_structure+v8_1,False,False,False,04/08/2025,False,,valid_range
20030291,Hon. Rob Bresnahan,Member,PA08,20030291.pdf,2025,20,,CDW Corporation - Common Stock,CDW Corporation - Common Stock,CDW,CDW,ST,P,2025-04-08,2025-04-08,1001.0,15000.0,,"$1,001 - $15,000",valid_range,New,JP Morgan Brokerage Account,,,,3,3,table,False,False,,False,0,False,True,100,True,20,False,https://disclosures-clerk.house.gov/public_disc/ptr-pdfs/2025/20030291.pdf,,,,CDW Corporation - Common Stock (CDW) [ST],CDW Corporation - Common Stock (CDW) [ST],P,04/08/2025,04/08/2025,"$1,001 - $15,000",Filing Status: New Subholding Of: JP Morgan Brokerage Account,"CDW Corporation - Common Stock (CDW) [ST] P 04/08/2025 04/08/2025 $1,001 - $15,000 Filing Status: New Subholding Of: JP Morgan Brokerage Account",,,False,100,CDW,accepted,house_ptr_structure+v8_1,False,False,False,04/08/2025,False,,valid_range
20030291,Hon. Rob Bresnahan,Member,PA08,20030291.pdf,2025,21,,Centene Corporation Common Stock,Centene Corporation Common Stock,CNC,CNC,ST,P,2025-04-08,2025-04-08,1001.0,15000.0,,"$1,001 - $15,000",valid_range,New,JP Morgan Brokerage Account,,,,3,3,table,False,False,,False,0,False,False,100,True,20,False,https://disclosures-clerk.house.gov/public_disc/ptr-pdfs/2025/20030291.pdf,,,,Centene Corporation Common Stock (CNC) [ST] Filing Status: New Subholding Of: JP Morgan Brokerage Ac,Centene Corporation Common Stock (CNC) [ST],P ccount,04/08/2025,04/08/2025,"$1,001 - $15,000",,"Centene Corporation Common Stock (CNC) [ST] P 04/08/2025 04/08/2025 $1,001 - $15,000 Filing Status: New Subholding Of: JP Morgan Brokerage Account",,,False,100,CNC,accepted,house_ptr_structure+v8_1,False,False,False,04/08/2025,False,,valid_range
20030291,Hon. Rob Bresnahan,Member,PA08,20030291.pdf,2025,22,,"Charles River Laboratories International, Inc. Common Stock","Charles River Laboratories International, Inc. Common Stock",CRL,CRL,ST,P,2025-04-08,2025-04-08,15001.0,50000.0,,"$15,001 - $50,000",valid_range,New,JP Morgan Brokerage Account,,,,3,3,table,False,False,,False,0,False,True,100,True,20,False,https://disclosures-clerk.house.gov/public_disc/ptr-pdfs/2025/20030291.pdf,,,,"Charles River Laboratories International, Inc. Common Stock (CRL) [ST]","Charles River Laboratories International, Inc. Common Stock (CRL) [ST]",P,04/08/2025,04/08/2025,"$15,001 - $50,000",Filing Status: New Subholding Of: JP Morgan Brokerage Account,"Charles River Laboratories International, Inc. Common Stock (CRL) [ST] P 04/08/2025 04/08/2025 $15,001 - $50,000 Filing Status: New Subholding Of: JP Morgan Brokerage Account",,,False,100,CRL,accepted,house_ptr_structure+v8_1,False,False,False,04/08/2025,False,,valid_range
20030291,Hon. Rob Bresnahan,Member,PA08,20030291.pdf,2025,23,,"Charter Communications, Inc. - Class A Common Stock","Charter Communications, Inc. - Class A Common Stock",CHTR,CHTR,ST,P,2025-04-08,2025-04-08,1001.0,15000.0,,"$1,001 - $15,000",valid_range,New,JP Morgan Brokerage Account,,,,3,3,table,False,False,,False,0,False,False,100,True,20,False,https://disclosures-clerk.house.gov/public_disc/ptr-pdfs/2025/20030291.pdf,,,,"Charter Communications, Inc. - Class A Common Stock (CHTR) [ST] Filing Status: New Subholding Of: JP Morgan Brokerage Ac","Charter Communications, Inc. - Class A Common Stock (CHTR) [ST]",P ccount,04/08/2025,04/08/2025,"$1,001 - $15,000",,"Charter Communications, Inc. - Class A Common Stock (CHTR) [ST] P 04/08/2025 04/08/2025 $1,001 - $15,000 Filing Status: New Subholding Of: JP Morgan Brokerage Account",,,False,100,CHTR,accepted,house_ptr_structure+v8_1,False,False,False,04/08/2025,False,,valid_range
20030291,Hon. Rob Bresnahan,Member,PA08,20030291.pdf,2025,24,,Chevron Corporation Common Stock,Chevron Corporation Common Stock,CVX,CVX,ST,S,2025-04-08,2025-04-08,1001.0,15000.0,,"$1,001 - $15,000",valid_range,New,JP Morgan Brokerage Account ID Owner Asset Transaction Type Date Notification Date Amount Cap. Gains > $200?,,,,3,4,table,True,False,,True,0,False,True,98,True,20,False,https://disclosures-clerk.house.gov/public_disc/ptr-pdfs/2025/20030291.pdf,,,,Chevron Corporation Common Stock (CVX) [ST],Chevron Corporation Common Stock (CVX) [ST],S,04/08/2025,04/08/2025,"$1,001 - $15,000",Filing Status: New Subholding Of: JP Morgan Brokerage Account ID Owner Asset Transaction Type Date Notification Date Amount Cap. Gains > $200?,"Chevron Corporation Common Stock (CVX) [ST] S 04/08/2025 04/08/2025 $1,001 - $15,000 Filing Status: New Subholding Of: JP Morgan Brokerage Account ID Owner Asset Transaction Type Date Notification Date Amount Cap. Gains > $200?",,,False,98,CVX,accepted,house_ptr_structure+v8_1,False,False,False,04/08/2025,False,,valid_range
20030291,Hon. Rob Bresnahan,Member,PA08,20030291.pdf,2025,25,,"Cloudflare, Inc. Class A Common Stock","Cloudflare, Inc. Class A Common Stock",NET,NET,ST,S,2025-04-08,2025-04-08,1001.0,15000.0,,"$1,001 - $15,000",valid_range,New,JP Morgan Brokerage Account #2,,,,4,4,relaxed_table,True,False,,False,0,False,False,100,True,20,False,https://disclosures-clerk.house.gov/public_disc/ptr-pdfs/2025/20030291.pdf,,,,"Cloudflare, Inc. Class A Common Stock (NET) [ST] Filing Status: New Subholding Of: JP Morgan Brokerage Ac","Cloudflare, Inc. Class A Common Stock (NET) [ST]",S ccount #2,04/08/2025,04/08/2025,"$1,001 - $15,000",,"Cloudflare, Inc. Class A Common Stock (NET) [ST] S 04/08/2025 04/08/2025 $1,001 - $15,000 Filing Status: New Subholding Of: JP Morgan Brokerage Account #2",,,False,100,NET,accepted,house_ptr_structure+v8_1,False,False,False,04/08/2025,False,,valid_range
20030291,Hon. Rob Bresnahan,Member,PA08,20030291.pdf,2025,26,,CME Group Inc. - Class A Common Stock,CME Group Inc. - Class A Common Stock,CME,CME,ST,P,2025-04-08,2025-04-08,1001.0,15000.0,,"$1,001 - $15,000",valid_range,New,JP Morgan Brokerage Account,,,,4,4,relaxed_table,True,False,,False,0,False,True,100,True,20,False,https://disclosures-clerk.house.gov/public_disc/ptr-pdfs/2025/20030291.pdf,,,,CME Group Inc. - Class A Common Stock (CME) [ST],CME Group Inc. - Class A Common Stock (CME) [ST],P,04/08/2025,04/08/2025,"$1,001 - $15,000",Filing Status: New Subholding Of: JP Morgan Brokerage Account,"CME Group Inc. - Class A Common Stock (CME) [ST] P 04/08/2025 04/08/2025 $1,001 - $15,000 Filing Status: New Subholding Of: JP Morgan Brokerage Account",,,False,100,CME,accepted,house_ptr_structure+v8_1,False,False,False,04/08/2025,False,,valid_range
20030291,Hon. Rob Bresnahan,Member,PA08,20030291.pdf,2025,27,,Comcast Corporation - Class A Common Stock,Comcast Corporation - Class A Common Stock,CMCSA,CMCSA,ST,P,2025-04-08,2025-04-08,15001.0,50000.0,,"$15,001 - $50,000",valid_range,New,JP Morgan Brokerage Account,,,,4,4,relaxed_table,True,False,,False,0,False,False,100,True,20,False,https://disclosures-clerk.house.gov/public_disc/ptr-pdfs/2025/20030291.pdf,,,,Comcast Corporation - Class A Common Stock (CMCSA) [ST] Filing Status: New Subholding Of: JP Morgan Brokerage Ac,Comcast Corporation - Class A Common Stock (CMCSA) [ST],P ccount,04/08/2025,04/08/2025,"$15,001 - $50,000",,"Comcast Corporation - Class A Common Stock (CMCSA) [ST] P 04/08/2025 04/08/2025 $15,001 - $50,000 Filing Status: New Subholding Of: JP Morgan Brokerage Account",,,False,100,CMCSA,accepted,house_ptr_structure+v8_1,False,False,False,04/08/2025,False,,valid_range
20030291,Hon. Rob Bresnahan,Member,PA08,20030291.pdf,2025,28,,"ConAgra Brands, Inc. Common Stock","ConAgra Brands, Inc. Common Stock",CAG,CAG,ST,S,2025-04-08,2025-04-08,1001.0,15000.0,,"$1,001 - $15,000",valid_range,New,JP Morgan Brokerage Account,,,,4,4,relaxed_table,True,False,,False,0,False,True,100,True,20,False,https://disclosures-clerk.house.gov/public_disc/ptr-pdfs/2025/20030291.pdf,,,,"ConAgra Brands, Inc. Common Stock (CAG) [ST]","ConAgra Brands, Inc. Common Stock (CAG) [ST]",S,04/08/2025,04/08/2025,"$1,001 - $15,000",Filing Status: New Subholding Of: JP Morgan Brokerage Account,"ConAgra Brands, Inc. Common Stock (CAG) [ST] S 04/08/2025 04/08/2025 $1,001 - $15,000 Filing Status: New Subholding Of: JP Morgan Brokerage Account",,,False,100,CAG,accepted,house_ptr_structure+v8_1,False,False,False,04/08/2025,False,,valid_range
20030291,Hon. Rob Bresnahan,Member,PA08,20030291.pdf,2025,29,,ConocoPhillips Common Stock,ConocoPhillips Common Stock,COP,COP,ST,S,2025-04-08,2025-04-08,1001.0,15000.0,,"$1,001 - $15,000",valid_range,New,JP Morgan Brokerage Account,,,,4,4,relaxed_table,True,False,,False,0,False,False,100,True,20,False,https://disclosures-clerk.house.gov/public_disc/ptr-pdfs/2025/20030291.pdf,,,,ConocoPhillips Common Stock (COP) [ST] Filing Status: New Subholding Of: JP Morgan Brokerage Ac,ConocoPhillips Common Stock (COP) [ST],S ccount,04/08/2025,04/08/2025,"$1,001 - $15,000",,"ConocoPhillips Common Stock (COP) [ST] S 04/08/2025 04/08/2025 $1,001 - $15,000 Filing Status: New Subholding Of: JP Morgan Brokerage Account",,,False,100,COP,accepted,house_ptr_structure+v8_1,False,False,False,04/08/2025,False,,valid_range
20030291,Hon. Rob Bresnahan,Member,PA08,20030291.pdf,2025,30,,"Constellation Brands, Inc. Common Stock","Constellation Brands, Inc. Common Stock",STZ,STZ,ST,P,2025-04-08,2025-04-08,1001.0,15000.0,,"$1,001 - $15,000",valid_range,New,JP Morgan Brokerage Account,,,,4,4,relaxed_table,True,False,,False,0,False,True,100,True,20,False,https://disclosures-clerk.house.gov/public_disc/ptr-pdfs/2025/20030291.pdf,,,,"Constellation Brands, Inc. Common Stock (STZ) [ST]","Constellation Brands, Inc. Common Stock (STZ) [ST]",P,04/08/2025,04/08/2025,"$1,001 - $15,000",Filing Status: New Subholding Of: JP Morgan Brokerage Account,"Constellation Brands, Inc. Common Stock (STZ) [ST] P 04/08/2025 04/08/2025 $1,001 - $15,000 Filing Status: New Subholding Of: JP Morgan Brokerage Account",,,False,100,STZ,accepted,house_ptr_structure+v8_1,False,False,False,04/08/2025,False,,valid_range
20030291,Hon. Rob Bresnahan,Member,PA08,20030291.pdf,2025,31,,Corning Incorporated Common Stock,Corning Incorporated Common Stock,GLW,GLW,ST,P,2025-04-08,2025-04-08,1001.0,15000.0,,"$1,001 - $15,000",valid_range,New,JP Morgan Brokerage Account,,,,4,4,relaxed_table,True,False,,False,0,False,False,100,True,20,False,https://disclosures-clerk.house.gov/public_disc/ptr-pdfs/2025/20030291.pdf,,,,Corning Incorporated Common Stock (GLW) [ST] Filing Status: New Subholding Of: JP Morgan Brokerage Ac,Corning Incorporated Common Stock (GLW) [ST],P ccount,04/08/2025,04/08/2025,"$1,001 - $15,000",,"Corning Incorporated Common Stock (GLW) [ST] P 04/08/2025 04/08/2025 $1,001 - $15,000 Filing Status: New Subholding Of: JP Morgan Brokerage Account",,,False,100,GLW,accepted,house_ptr_structure+v8_1,False,False,False,04/08/2025,False,,valid_range
20030291,Hon. Rob Bresnahan,Member,PA08,20030291.pdf,2025,32,,"Crexendo, Inc.","Crexendo, Inc.",EXE,EXE,ST,P,2025-04-08,2025-04-08,1001.0,15000.0,,"$1,001 - $15,000",valid_range,New,JP Morgan Brokerage Account,,,,4,4,relaxed_table,True,False,,False,0,False,True,100,True,20,False,https://disclosures-clerk.house.gov/public_disc/ptr-pdfs/2025/20030291.pdf,,,,"Crexendo, Inc. (EXE) [ST]","Crexendo, Inc. (EXE) [ST]",P,04/08/2025,04/08/2025,"$1,001 - $15,000",Filing Status: New Subholding Of: JP Morgan Brokerage Account,"Crexendo, Inc. (EXE) [ST] P 04/08/2025 04/08/2025 $1,001 - $15,000 Filing Status: New Subholding Of: JP Morgan Brokerage Account",,,False,100,EXE,accepted,house_ptr_structure+v8_1,False,False,False,04/08/2025,False,,valid_range
20030291,Hon. Rob Bresnahan,Member,PA08,20030291.pdf,2025,33,,"D.R. Horton, Inc. Common Stock","D.R. Horton, Inc. Common Stock",DHI,DHI,ST,P,2025-04-08,2025-04-08,1001.0,15000.0,,"$1,001 - $15,000",valid_range,New,JP Morgan Brokerage Account,,,,4,4,relaxed_table,True,False,,False,0,False,False,100,True,20,False,https://disclosures-clerk.house.gov/public_disc/ptr-pdfs/2025/20030291.pdf,,,,"D.R. Horton, Inc. Common Stock (DHI) [ST] Filing Status: New Subholding Of: JP Morgan Brokerage Ac","D.R. Horton, Inc. Common Stock (DHI) [ST]",P ccount,04/08/2025,04/08/2025,"$1,001 - $15,000",,"D.R. Horton, Inc. Common Stock (DHI) [ST] P 04/08/2025 04/08/2025 $1,001 - $15,000 Filing Status: New Subholding Of: JP Morgan Brokerage Account",,,False,100,DHI,accepted,house_ptr_structure+v8_1,False,False,False,04/08/2025,False,,valid_range
20030291,Hon. Rob Bresnahan,Member,PA08,20030291.pdf,2025,34,,Danaher Corporation Common Stock,Danaher Corporation Common Stock,DHR,DHR,ST,P,2025-04-08,2025-04-08,15001.0,50000.0,,"$15,001 - $50,000",valid_range,New,JP Morgan Brokerage Account,,,,5,5,table,False,False,,False,0,False,True,100,True,20,False,https://disclosures-clerk.house.gov/public_disc/ptr-pdfs/2025/20030291.pdf,,,,Danaher Corporation Common Stock (DHR) [ST],Danaher Corporation Common Stock (DHR) [ST],P,04/08/2025,04/08/2025,"$15,001 - $50,000",Filing Status: New Subholding Of: JP Morgan Brokerage Account,"Danaher Corporation Common Stock (DHR) [ST] P 04/08/2025 04/08/2025 $15,001 - $50,000 Filing Status: New Subholding Of: JP Morgan Brokerage Account",,,False,100,DHR,accepted,house_ptr_structure+v8_1,False,False,False,04/08/2025,False,,valid_range
20030291,Hon. Rob Bresnahan,Member,PA08,20030291.pdf,2025,35,,"Darden Restaurants, Inc. Common Stock","Darden Restaurants, Inc. Common Stock",DRI,DRI,ST,P,2025-04-08,2025-04-08,1001.0,15000.0,,"$1,001 - $15,000",valid_range,New,JP Morgan Brokerage Account,,,,5,5,table,False,False,,False,0,False,False,100,True,20,False,https://disclosures-clerk.house.gov/public_disc/ptr-pdfs/2025/20030291.pdf,,,,"Darden Restaurants, Inc. Common Stock (DRI) [ST] Filing Status: New Subholding Of: JP Morgan Brokerage Ac","Darden Restaurants, Inc. Common Stock (DRI) [ST]",P ccount,04/08/2025,04/08/2025,"$1,001 - $15,000",,"Darden Restaurants, Inc. Common Stock (DRI) [ST] P 04/08/2025 04/08/2025 $1,001 - $15,000 Filing Status: New Subholding Of: JP Morgan Brokerage Account",,,False,100,DRI,accepted,house_ptr_structure+v8_1,False,False,False,04/08/2025,False,,valid_range
20030291,Hon. Rob Bresnahan,Member,PA08,20030291.pdf,2025,36,,DBA Sempra Common Stock,DBA Sempra Common Stock,SRE,SRE,ST,P,2025-04-08,2025-04-08,1001.0,15000.0,,"$1,001 - $15,000",valid_range,New,JP Morgan Brokerage Account,,,,5,5,table,False,False,,False,0,False,True,100,True,20,False,https://disclosures-clerk.house.gov/public_disc/ptr-pdfs/2025/20030291.pdf,,,,DBA Sempra Common Stock (SRE) [ST],DBA Sempra Common Stock (SRE) [ST],P,04/08/2025,04/08/2025,"$1,001 - $15,000",Filing Status: New Subholding Of: JP Morgan Brokerage Account,"DBA Sempra Common Stock (SRE) [ST] P 04/08/2025 04/08/2025 $1,001 - $15,000 Filing Status: New Subholding Of: JP Morgan Brokerage Account",,,False,100,SRE,accepted,house_ptr_structure+v8_1,False,False,False,04/08/2025,False,,valid_range
20030291,Hon. Rob Bresnahan,Member,PA08,20030291.pdf,2025,37,,Dell Technologies Inc. Class C Common Stock,Dell Technologies Inc. Class C Common Stock,DELL,DELL,ST,P,2025-04-08,2025-04-08,1001.0,15000.0,,"$1,001 - $15,000",valid_range,New,JP Morgan Brokerage Account,,,,5,5,table,False,False,,False,0,False,False,100,True,20,False,https://disclosures-clerk.house.gov/public_disc/ptr-pdfs/2025/20030291.pdf,,,,Dell Technologies Inc. Class C Common Stock (DELL) [ST] Filing Status: New Subholding Of: JP Morgan Brokerage Ac,Dell Technologies Inc. Class C Common Stock (DELL) [ST],P ccount,04/08/2025,04/08/2025,"$1,001 - $15,000",,"Dell Technologies Inc. Class C Common Stock (DELL) [ST] P 04/08/2025 04/08/2025 $1,001 - $15,000 Filing Status: New Subholding Of: JP Morgan Brokerage Account",,,False,100,DELL,accepted,house_ptr_structure+v8_1,False,False,False,04/08/2025,False,,valid_range
20030291,Hon. Rob Bresnahan,Member,PA08,20030291.pdf,2025,38,,"Delta Air Lines, Inc. Common Stock","Delta Air Lines, Inc. Common Stock",DAL,DAL,ST,P,2025-04-08,2025-04-08,1001.0,15000.0,,"$1,001 - $15,000",valid_range,New,JP Morgan Brokerage Account,,,,5,5,table,False,False,,False,0,False,True,100,True,20,False,https://disclosures-clerk.house.gov/public_disc/ptr-pdfs/2025/20030291.pdf,,,,"Delta Air Lines, Inc. Common Stock (DAL) [ST]","Delta Air Lines, Inc. Common Stock (DAL) [ST]",P,04/08/2025,04/08/2025,"$1,001 - $15,000",Filing Status: New Subholding Of: JP Morgan Brokerage Account,"Delta Air Lines, Inc. Common Stock (DAL) [ST] P 04/08/2025 04/08/2025 $1,001 - $15,000 Filing Status: New Subholding Of: JP Morgan Brokerage Account",,,False,100,DAL,accepted,house_ptr_structure+v8_1,False,False,False,04/08/2025,False,,valid_range
20030291,Hon. Rob Bresnahan,Member,PA08,20030291.pdf,2025,39,,Devon Energy Corporation Common Stock,Devon Energy Corporation Common Stock,DVN,DVN,ST,P,2025-04-08,2025-04-08,1001.0,15000.0,,"$1,001 - $15,000",valid_range,New,JP Morgan Brokerage Account,,,,5,5,table,False,False,,False,0,False,False,100,True,20,False,https://disclosures-clerk.house.gov/public_disc/ptr-pdfs/2025/20030291.pdf,,,,Devon Energy Corporation Common Stock (DVN) [ST] Filing Status: New Subholding Of: JP Morgan Brokerage Ac,Devon Energy Corporation Common Stock (DVN) [ST],P ccount,04/08/2025,04/08/2025,"$1,001 - $15,000",,"Devon Energy Corporation Common Stock (DVN) [ST] P 04/08/2025 04/08/2025 $1,001 - $15,000 Filing Status: New Subholding Of: JP Morgan Brokerage Account",,,False,100,DVN,accepted,house_ptr_structure+v8_1,False,False,False,04/08/2025,False,,valid_range
20030291,Hon. Rob Bresnahan,Member,PA08,20030291.pdf,2025,40,,"Diamondback Energy, Inc. - Common Stock","Diamondback Energy, Inc. - Common Stock",FANG,FANG,ST,S,2025-04-08,2025-04-08,1001.0,15000.0,,"$1,001 - $15,000",valid_range,New,JP Morgan Brokerage Account,,,,5,5,table,False,False,,False,0,False,True,100,True,20,False,https://disclosures-clerk.house.gov/public_disc/ptr-pdfs/2025/20030291.pdf,,,,"Diamondback Energy, Inc. - Common Stock (FANG) [ST]","Diamondback Energy, Inc. - Common Stock (FANG) [ST]",S,04/08/2025,04/08/2025,"$1,001 - $15,000",Filing Status: New Subholding Of: JP Morgan Brokerage Account,"Diamondback Energy, Inc. - Common Stock (FANG) [ST] S 04/08/2025 04/08/2025 $1,001 - $15,000 Filing Status: New Subholding Of: JP Morgan Brokerage Account",,,False,100,FANG,accepted,house_ptr_structure+v8_1,False,False,False,04/08/2025,False,,valid_range
20030291,Hon. Rob Bresnahan,Member,PA08,20030291.pdf,2025,41,,"DoorDash, Inc. - Common Stock","DoorDash, Inc. - Common Stock",DASH,DASH,ST,P,2025-04-08,2025-04-08,1001.0,15000.0,,"$1,001 - $15,000",valid_range,New,JP Morgan Brokerage Account,,,,5,5,table,False,False,,False,0,False,False,100,True,20,False,https://disclosures-clerk.house.gov/public_disc/ptr-pdfs/2025/20030291.pdf,,,,"DoorDash, Inc. - Common Stock (DASH) [ST] Filing Status: New Subholding Of: JP Morgan Brokerage Ac","DoorDash, Inc. - Common Stock (DASH) [ST]",P ccount,04/08/2025,04/08/2025,"$1,001 - $15,000",,"DoorDash, Inc. - Common Stock (DASH) [ST] P 04/08/2025 04/08/2025 $1,001 - $15,000 Filing Status: New Subholding Of: JP Morgan Brokerage Account",,,False,100,DASH,accepted,house_ptr_structure+v8_1,False,False,False,04/08/2025,False,,valid_range
20030291,Hon. Rob Bresnahan,Member,PA08,20030291.pdf,2025,42,,Dover Corporation Common Stock,Dover Corporation Common Stock,DOV,DOV,ST,P,2025-04-08,2025-04-08,1001.0,15000.0,,"$1,001 - $15,000",valid_range,New,JP Morgan Brokerage Account,,,,5,5,table,False,False,,False,0,False,True,100,True,20,False,https://disclosures-clerk.house.gov/public_disc/ptr-pdfs/2025/20030291.pdf,,,,Dover Corporation Common Stock (DOV) [ST],Dover Corporation Common Stock (DOV) [ST],P,04/08/2025,04/08/2025,"$1,001 - $15,000",Filing Status: New Subholding Of: JP Morgan Brokerage Account,"Dover Corporation Common Stock (DOV) [ST] P 04/08/2025 04/08/2025 $1,001 - $15,000 Filing Status: New Subholding Of: JP Morgan Brokerage Account",,,False,100,DOV,accepted,house_ptr_structure+v8_1,False,False,False,04/08/2025,False,,valid_range
20030291,Hon. Rob Bresnahan,Member,PA08,20030291.pdf,2025,43,,Edwards Lifesciences Corporation Common Stock,Edwards Lifesciences Corporation Common Stock,EW,EW,ST,P,2025-04-08,2025-04-08,1001.0,15000.0,,"$1,001 - $15,000",valid_range,New,JP Morgan Brokerage Account,,,,6,6,table,False,False,,False,0,False,False,100,True,20,False,https://disclosures-clerk.house.gov/public_disc/ptr-pdfs/2025/20030291.pdf,,,,Edwards Lifesciences Corporation Common Stock (EW) [ST] Filing Status: New Subholding Of: JP Morgan Brokerage Ac,Edwards Lifesciences Corporation Common Stock (EW) [ST],P ccount,04/08/2025,04/08/2025,"$1,001 - $15,000",,"Edwards Lifesciences Corporation Common Stock (EW) [ST] P 04/08/2025 04/08/2025 $1,001 - $15,000 Filing Status: New Subholding Of: JP Morgan Brokerage Account",,,False,100,EW,accepted,house_ptr_structure+v8_1,False,False,False,04/08/2025,False,,valid_range
20030291,Hon. Rob Bresnahan,Member,PA08,20030291.pdf,2025,44,,Electronic Arts Inc. - Common Stock,Electronic Arts Inc. - Common Stock,EA,EA,ST,S,2025-04-08,2025-04-08,1001.0,15000.0,,"$1,001 - $15,000",valid_range,New,JP Morgan Brokerage Account,,,,6,6,table,False,False,,False,0,False,True,100,True,20,False,https://disclosures-clerk.house.gov/public_disc/ptr-pdfs/2025/20030291.pdf,,,,Electronic Arts Inc. - Common Stock (EA) [ST],Electronic Arts Inc. - Common Stock (EA) [ST],S,04/08/2025,04/08/2025,"$1,001 - $15,000",Filing Status: New Subholding Of: JP Morgan Brokerage Account,"Electronic Arts Inc. - Common Stock (EA) [ST] S 04/08/2025 04/08/2025 $1,001 - $15,000 Filing Status: New Subholding Of: JP Morgan Brokerage Account",,,False,100,EA,accepted,house_ptr_structure+v8_1,False,False,False,04/08/2025,False,,valid_range
20030291,Hon. Rob Bresnahan,Member,PA08,20030291.pdf,2025,45,,EQT Corporation Common Stock,EQT Corporation Common Stock,EQT,EQT,ST,P,2025-04-08,2025-04-08,1001.0,15000.0,,"$1,001 - $15,000",valid_range,New,JP Morgan Brokerage Account,,,,6,6,table,False,False,,False,0,False,False,100,True,20,False,https://disclosures-clerk.house.gov/public_disc/ptr-pdfs/2025/20030291.pdf,,,,EQT Corporation Common Stock (EQT) [ST] Filing Status: New Subholding Of: JP Morgan Brokerage Ac,EQT Corporation Common Stock (EQT) [ST],P ccount,04/08/2025,04/08/2025,"$1,001 - $15,000",,"EQT Corporation Common Stock (EQT) [ST] P 04/08/2025 04/08/2025 $1,001 - $15,000 Filing Status: New Subholding Of: JP Morgan Brokerage Account",,,False,100,EQT,accepted,house_ptr_structure+v8_1,False,False,False,04/08/2025,False,,valid_range
20030291,Hon. Rob Bresnahan,Member,PA08,20030291.pdf,2025,46,,"Equifax, Inc. Common Stock","Equifax, Inc. Common Stock",EFX,EFX,ST,P,2025-04-08,2025-04-08,1001.0,15000.0,,"$1,001 - $15,000",valid_range,New,JP Morgan Brokerage Account,,,,6,6,table,False,False,,False,0,False,True,100,True,20,False,https://disclosures-clerk.house.gov/public_disc/ptr-pdfs/2025/20030291.pdf,,,,"Equifax, Inc. Common Stock (EFX) [ST]","Equifax, Inc. Common Stock (EFX) [ST]",P,04/08/2025,04/08/2025,"$1,001 - $15,000",Filing Status: New Subholding Of: JP Morgan Brokerage Account,"Equifax, Inc. Common Stock (EFX) [ST] P 04/08/2025 04/08/2025 $1,001 - $15,000 Filing Status: New Subholding Of: JP Morgan Brokerage Account",,,False,100,EFX,accepted,house_ptr_structure+v8_1,False,False,False,04/08/2025,False,,valid_range
20030291,Hon. Rob Bresnahan,Member,PA08,20030291.pdf,2025,47,,Eversource Energy,Eversource Energy,ES,ES,ST,P,2025-04-08,2025-04-08,1001.0,15000.0,,"$1,001 - $15,000",valid_range,New,JP Morgan Brokerage Account,,,,6,6,table,False,False,,False,0,False,False,100,True,20,False,https://disclosures-clerk.house.gov/public_disc/ptr-pdfs/2025/20030291.pdf,,,,Eversource Energy (ES) [ST] Filing Status: New Subholding Of: JP Morgan Brokerage Ac,Eversource Energy (ES) [ST],P ccount,04/08/2025,04/08/2025,"$1,001 - $15,000",,"Eversource Energy (ES) [ST] P 04/08/2025 04/08/2025 $1,001 - $15,000 Filing Status: New Subholding Of: JP Morgan Brokerage Account",,,False,100,ES,accepted,house_ptr_structure+v8_1,False,False,False,04/08/2025,False,,valid_range
20030291,Hon. Rob Bresnahan,Member,PA08,20030291.pdf,2025,48,,Exxon Mobil Corporation Common Stock,Exxon Mobil Corporation Common Stock,XOM,XOM,ST,P,2025-04-08,2025-04-08,1001.0,15000.0,,"$1,001 - $15,000",valid_range,New,JP Morgan Brokerage Account,,,,6,6,table,False,False,,False,0,False,True,100,True,20,False,https://disclosures-clerk.house.gov/public_disc/ptr-pdfs/2025/20030291.pdf,,,,Exxon Mobil Corporation Common Stock (XOM) [ST],Exxon Mobil Corporation Common Stock (XOM) [ST],P,04/08/2025,04/08/2025,"$1,001 - $15,000",Filing Status: New Subholding Of: JP Morgan Brokerage Account,"Exxon Mobil Corporation Common Stock (XOM) [ST] P 04/08/2025 04/08/2025 $1,001 - $15,000 Filing Status: New Subholding Of: JP Morgan Brokerage Account",,,False,100,XOM,accepted,house_ptr_structure+v8_1,False,False,False,04/08/2025,False,,valid_range
20030291,Hon. Rob Bresnahan,Member,PA08,20030291.pdf,2025,49,,"First Solar, Inc. - Common Stock","First Solar, Inc. - Common Stock",FSLR,FSLR,ST,S,2025-04-08,2025-04-08,1001.0,15000.0,,"$1,001 - $15,000",valid_range,New,JP Morgan Brokerage Account,,,,6,6,table,False,False,,False,0,False,False,100,True,20,False,https://disclosures-clerk.house.gov/public_disc/ptr-pdfs/2025/20030291.pdf,,,,"First Solar, Inc. - Common Stock (FSLR) [ST] Filing Status: New Subholding Of: JP Morgan Brokerage Ac","First Solar, Inc. - Common Stock (FSLR) [ST]",S ccount,04/08/2025,04/08/2025,"$1,001 - $15,000",,"First Solar, Inc. - Common Stock (FSLR) [ST] S 04/08/2025 04/08/2025 $1,001 - $15,000 Filing Status: New Subholding Of: JP Morgan Brokerage Account",,,False,100,FSLR,accepted,house_ptr_structure+v8_1,False,False,False,04/08/2025,False,,valid_range
20030291,Hon. Rob Bresnahan,Member,PA08,20030291.pdf,2025,50,,Ford Motor Company Common Stock,Ford Motor Company Common Stock,F,F,ST,P,2025-04-08,2025-04-08,1001.0,15000.0,,"$1,001 - $15,000",valid_range,New,JP Morgan Brokerage Account,,,,6,6,table,False,False,,False,0,False,True,100,True,20,False,https://disclosures-clerk.house.gov/public_disc/ptr-pdfs/2025/20030291.pdf,,,,Ford Motor Company Common Stock (F) [ST],Ford Motor Company Common Stock (F) [ST],P,04/08/2025,04/08/2025,"$1,001 - $15,000",Filing Status: New Subholding Of: JP Morgan Brokerage Account,"Ford Motor Company Common Stock (F) [ST] P 04/08/2025 04/08/2025 $1,001 - $15,000 Filing Status: New Subholding Of: JP Morgan Brokerage Account",,,False,100,F,accepted,house_ptr_structure+v8_1,False,False,False,04/08/2025,False,,valid_range
20030291,Hon. Rob Bresnahan,Member,PA08,20030291.pdf,2025,51,,Fortive Corporation Common Stock,Fortive Corporation Common Stock,FTV,FTV,ST,P,2025-04-08,2025-04-08,1001.0,15000.0,,"$1,001 - $15,000",valid_range,New,JP Morgan Brokerage Account,,,,6,6,table,False,False,,False,0,False,False,100,True,20,False,https://disclosures-clerk.house.gov/public_disc/ptr-pdfs/2025/20030291.pdf,,,,Fortive Corporation Common Stock (FTV) [ST] Filing Status: New Subholding Of: JP Morgan Brokerage Ac,Fortive Corporation Common Stock (FTV) [ST],P ccount,04/08/2025,04/08/2025,"$1,001 - $15,000",,"Fortive Corporation Common Stock (FTV) [ST] P 04/08/2025 04/08/2025 $1,001 - $15,000 Filing Status: New Subholding Of: JP Morgan Brokerage Account",,,False,100,FTV,accepted,house_ptr_structure+v8_1,False,False,False,04/08/2025,False,,valid_range
20030291,Hon. Rob Bresnahan,Member,PA08,20030291.pdf,2025,52,,General Dynamics Corporation,General Dynamics Corporation,GD,GD,ST,S,2025-04-08,2025-04-08,1001.0,15000.0,,"$1,001 - $15,000",valid_range,New,JP Morgan Brokerage Account,,,,6,7,table,False,False,,True,0,False,True,98,True,20,False,https://disclosures-clerk.house.gov/public_disc/ptr-pdfs/2025/20030291.pdf,,,,General Dynamics Corporation,General Dynamics Corporation yp $200? Common Stock (GD) [ST],S,04/08/2025,04/08/2025,"$1,001 - $15,000",yp $200? Common Stock (GD) [ST] Filing Status: New Subholding Of: JP Morgan Brokerage Account,"General Dynamics Corporation S 04/08/2025 04/08/2025 $1,001 - $15,000 yp $200? Common Stock (GD) [ST] Filing Status: New Subholding Of: JP Morgan Brokerage Account",,,False,98,GD,accepted,house_ptr_structure+v8_1,False,False,False,04/08/2025,False,,valid_range
20030291,Hon. Rob Bresnahan,Member,PA08,20030291.pdf,2025,53,,General Motors Company Common Stock,General Motors Company Common Stock,GM,GM,ST,P,2025-04-08,2025-04-08,1001.0,15000.0,,"$1,001 - $15,000",valid_range,New,JP Morgan Brokerage Account,,,,7,7,table,False,False,,False,0,False,False,100,True,20,False,https://disclosures-clerk.house.gov/public_disc/ptr-pdfs/2025/20030291.pdf,,,,General Motors Company Common Stock (GM) [ST] Filing Status: New Subholding Of: JP Morgan Brokerage Ac,General Motors Company Common Stock (GM) [ST],P ccount,04/08/2025,04/08/2025,"$1,001 - $15,000",,"General Motors Company Common Stock (GM) [ST] P 04/08/2025 04/08/2025 $1,001 - $15,000 Filing Status: New Subholding Of: JP Morgan Brokerage Account",,,False,100,GM,accepted,house_ptr_structure+v8_1,False,False,False,04/08/2025,False,,valid_range
20030291,Hon. Rob Bresnahan,Member,PA08,20030291.pdf,2025,54,,GoDaddy Inc. Class A Common Stock,GoDaddy Inc. Class A Common Stock,GDDY,GDDY,ST,P,2025-04-08,2025-04-08,1001.0,15000.0,,"$1,001 - $15,000",valid_range,New,JP Morgan Brokerage Account,,,,7,7,table,False,False,,False,0,False,True,100,True,20,False,https://disclosures-clerk.house.gov/public_disc/ptr-pdfs/2025/20030291.pdf,,,,GoDaddy Inc. Class A Common Stock (GDDY) [ST],GoDaddy Inc. Class A Common Stock (GDDY) [ST],P,04/08/2025,04/08/2025,"$1,001 - $15,000",Filing Status: New Subholding Of: JP Morgan Brokerage Account,"GoDaddy Inc. Class A Common Stock (GDDY) [ST] P 04/08/2025 04/08/2025 $1,001 - $15,000 Filing Status: New Subholding Of: JP Morgan Brokerage Account",,,False,100,GDDY,accepted,house_ptr_structure+v8_1,False,False,False,04/08/2025,False,,valid_range
20030291,Hon. Rob Bresnahan,Member,PA08,20030291.pdf,2025,55,,"Henry Schein, Inc. - Common Stock","Henry Schein, Inc. - Common Stock",HSIC,HSIC,ST,P,2025-04-08,2025-04-08,1001.0,15000.0,,"$1,001 - $15,000",valid_range,New,JP Morgan Brokerage Account,,,,7,7,table,False,False,,False,0,False,False,100,True,20,False,https://disclosures-clerk.house.gov/public_disc/ptr-pdfs/2025/20030291.pdf,,,,"Henry Schein, Inc. - Common Stock (HSIC) [ST] Filing Status: New Subholding Of: JP Morgan Brokerage Ac","Henry Schein, Inc. - Common Stock (HSIC) [ST]",P ccount,04/08/2025,04/08/2025,"$1,001 - $15,000",,"Henry Schein, Inc. - Common Stock (HSIC) [ST] P 04/08/2025 04/08/2025 $1,001 - $15,000 Filing Status: New Subholding Of: JP Morgan Brokerage Account",,,False,100,HSIC,accepted,house_ptr_structure+v8_1,False,False,False,04/08/2025,False,,valid_range
20030291,Hon. Rob Bresnahan,Member,PA08,20030291.pdf,2025,56,,Honeywell International Inc.,Honeywell International Inc.,HON,HON,ST,S,2025-04-08,2025-04-08,1001.0,15000.0,,"$1,001 - $15,000",valid_range,New,JP Morgan Brokerage Account,,,,7,7,table,False,False,,False,0,True,True,95,True,20,True,https://disclosures-clerk.house.gov/public_disc/ptr-pdfs/2025/20030291.pdf,low,adjacent transaction has same core signature,,Honeywell International Inc. (HON) [ST],Honeywell International Inc. (HON) [ST],S,04/08/2025,04/08/2025,"$1,001 - $15,000",Filing Status: New Subholding Of: JP Morgan Brokerage Account,"Honeywell International Inc. (HON) [ST] S 04/08/2025 04/08/2025 $1,001 - $15,000 Filing Status: New Subholding Of: JP Morgan Brokerage Account",adjacent transaction has same core signature,low,True,95,HON,accepted,house_ptr_structure+v8_1,False,False,False,04/08/2025,False,,valid_range
20030291,Hon. Rob Bresnahan,Member,PA08,20030291.pdf,2025,57,,Honeywell International Inc.,Honeywell International Inc.,HON,HON,ST,S,2025-04-08,2025-04-08,1001.0,15000.0,,"$1,001 - $15,000",valid_range,New,JP Morgan Brokerage Account,,,,7,7,table,False,False,,False,0,False,False,100,True,20,False,https://disclosures-clerk.house.gov/public_disc/ptr-pdfs/2025/20030291.pdf,,,,Honeywell International Inc. (HON) [ST] Filing Status: New Subholding Of: JP Morgan Brokerage Ac,Honeywell International Inc. (HON) [ST],S ccount,04/08/2025,04/08/2025,"$1,001 - $15,000",,"Honeywell International Inc. (HON) [ST] S 04/08/2025 04/08/2025 $1,001 - $15,000 Filing Status: New Subholding Of: JP Morgan Brokerage Account",,,False,100,HON,accepted,house_ptr_structure+v8_1,False,False,False,04/08/2025,False,,valid_range
20030291,Hon. Rob Bresnahan,Member,PA08,20030291.pdf,2025,58,,Huntington Bancshares Incorporated - Common Stock,Huntington Bancshares Incorporated - Common Stock,HBAN,HBAN,ST,S,2025-04-08,2025-04-08,1001.0,15000.0,,"$1,001 - $15,000",valid_range,New,JP Morgan Brokerage Account,,,,7,7,table,False,False,,False,0,False,True,100,True,20,False,https://disclosures-clerk.house.gov/public_disc/ptr-pdfs/2025/20030291.pdf,,,,Huntington Bancshares Incorporated - Common Stock (HBAN) [ST],Huntington Bancshares Incorporated - Common Stock (HBAN) [ST],S,04/08/2025,04/08/2025,"$1,001 - $15,000",Filing Status: New Subholding Of: JP Morgan Brokerage Account,"Huntington Bancshares Incorporated - Common Stock (HBAN) [ST] S 04/08/2025 04/08/2025 $1,001 - $15,000 Filing Status: New Subholding Of: JP Morgan Brokerage Account",,,False,100,HBAN,accepted,house_ptr_structure+v8_1,False,False,False,04/08/2025,False,,valid_range
20030291,Hon. Rob Bresnahan,Member,PA08,20030291.pdf,2025,59,,Ingersoll Rand Inc. Common Stock,Ingersoll Rand Inc. Common Stock,IR,IR,ST,P,2025-04-08,2025-04-08,1001.0,15000.0,,"$1,001 - $15,000",valid_range,New,JP Morgan Brokerage Account,,,,7,7,table,False,False,,False,0,False,False,100,True,20,False,https://disclosures-clerk.house.gov/public_disc/ptr-pdfs/2025/20030291.pdf,,,,Ingersoll Rand Inc. Common Stock (IR) [ST] Filing Status: New Subholding Of: JP Morgan Brokerage Ac,Ingersoll Rand Inc. Common Stock (IR) [ST],P ccount,04/08/2025,04/08/2025,"$1,001 - $15,000",,"Ingersoll Rand Inc. Common Stock (IR) [ST] P 04/08/2025 04/08/2025 $1,001 - $15,000 Filing Status: New Subholding Of: JP Morgan Brokerage Account",,,False,100,IR,accepted,house_ptr_structure+v8_1,False,False,False,04/08/2025,False,,valid_range
20030291,Hon. Rob Bresnahan,Member,PA08,20030291.pdf,2025,60,,"IQVIA Holdings, Inc. Common Stock","IQVIA Holdings, Inc. Common Stock",IQV,IQV,ST,P,2025-04-08,2025-04-08,15001.0,50000.0,,"$15,001 - $50,000",valid_range,New,JP Morgan Brokerage Account,,,,7,7,table,False,False,,False,0,False,True,100,True,20,False,https://disclosures-clerk.house.gov/public_disc/ptr-pdfs/2025/20030291.pdf,,,,"IQVIA Holdings, Inc. Common Stock (IQV) [ST]","IQVIA Holdings, Inc. Common Stock (IQV) [ST]",P,04/08/2025,04/08/2025,"$15,001 - $50,000",Filing Status: New Subholding Of: JP Morgan Brokerage Account,"IQVIA Holdings, Inc. Common Stock (IQV) [ST] P 04/08/2025 04/08/2025 $15,001 - $50,000 Filing Status: New Subholding Of: JP Morgan Brokerage Account",,,False,100,IQV,accepted,house_ptr_structure+v8_1,False,False,False,04/08/2025,False,,valid_range
20030291,Hon. Rob Bresnahan,Member,PA08,20030291.pdf,2025,61,,Kellanova Common Stock,Kellanova Common Stock,K,K,ST,P,2025-04-08,2025-04-08,1001.0,15000.0,,"$1,001 - $15,000",valid_range,New,JP Morgan Brokerage Account,,,,7,8,table,False,False,,True,0,False,False,98,True,20,False,https://disclosures-clerk.house.gov/public_disc/ptr-pdfs/2025/20030291.pdf,,,,Kellanova Common Stock (K) [ST],Kellanova Common Stock (K) [ST],P,04/08/2025,04/08/2025,"$1,001 - $15,000",Filing Status: New Subholding Of: JP Morgan Brokerage Account,"Kellanova Common Stock (K) [ST] P 04/08/2025 04/08/2025 $1,001 - $15,000 Filing Status: New Subholding Of: JP Morgan Brokerage Account",,,False,98,K,accepted,house_ptr_structure+v8_1,False,False,False,04/08/2025,False,,valid_range
20030291,Hon. Rob Bresnahan,Member,PA08,20030291.pdf,2025,62,,Keysight Technologies Inc. Common Stock,Keysight Technologies Inc. Common Stock,KEYS,KEYS,ST,P,2025-04-08,2025-04-08,1001.0,15000.0,,"$1,001 - $15,000",valid_range,New,JP Morgan Brokerage Account,,,,8,8,table,False,False,,False,0,False,True,100,True,20,False,https://disclosures-clerk.house.gov/public_disc/ptr-pdfs/2025/20030291.pdf,,,,Keysight Technologies Inc. Common Stock (KEYS) [ST],Keysight Technologies Inc. Common Stock (KEYS) [ST],P,04/08/2025,04/08/2025,"$1,001 - $15,000",Filing Status: New Subholding Of: JP Morgan Brokerage Account,"Keysight Technologies Inc. Common Stock (KEYS) [ST] P 04/08/2025 04/08/2025 $1,001 - $15,000 Filing Status: New Subholding Of: JP Morgan Brokerage Account",,,False,100,KEYS,accepted,house_ptr_structure+v8_1,False,False,False,04/08/2025,False,,valid_range
20030291,Hon. Rob Bresnahan,Member,PA08,20030291.pdf,2025,63,,KKR & Co. Inc. Common Stock,KKR & Co. Inc. Common Stock,KKR,KKR,ST,S,2025-04-08,2025-04-08,1001.0,15000.0,,"$1,001 - $15,000",valid_range,New,JP Morgan Brokerage Account,,,,8,8,table,False,False,,False,0,False,False,100,True,20,False,https://disclosures-clerk.house.gov/public_disc/ptr-pdfs/2025/20030291.pdf,,,,KKR & Co. Inc. Common Stock (KKR) [ST] Filing Status: New Subholding Of: JP Morgan Brokerage Ac,KKR & Co. Inc. Common Stock (KKR) [ST],S ccount,04/08/2025,04/08/2025,"$1,001 - $15,000",,"KKR & Co. Inc. Common Stock (KKR) [ST] S 04/08/2025 04/08/2025 $1,001 - $15,000 Filing Status: New Subholding Of: JP Morgan Brokerage Account",,,False,100,KKR,accepted,house_ptr_structure+v8_1,False,False,False,04/08/2025,False,,valid_range
20030291,Hon. Rob Bresnahan,Member,PA08,20030291.pdf,2025,64,,Labcorp Holdings Inc. Common Stock,Labcorp Holdings Inc. Common Stock,LH,LH,ST,S,2025-04-08,2025-04-08,1001.0,15000.0,,"$1,001 - $15,000",valid_range,New,JP Morgan Brokerage Account,,,,8,8,table,False,False,,False,0,False,True,100,True,20,False,https://disclosures-clerk.house.gov/public_disc/ptr-pdfs/2025/20030291.pdf,,,,Labcorp Holdings Inc. Common Stock (LH) [ST],Labcorp Holdings Inc. Common Stock (LH) [ST],S,04/08/2025,04/08/2025,"$1,001 - $15,000",Filing Status: New Subholding Of: JP Morgan Brokerage Account,"Labcorp Holdings Inc. Common Stock (LH) [ST] S 04/08/2025 04/08/2025 $1,001 - $15,000 Filing Status: New Subholding Of: JP Morgan Brokerage Account",,,False,100,LH,accepted,house_ptr_structure+v8_1,False,False,False,04/08/2025,False,,valid_range
20030291,Hon. Rob Bresnahan,Member,PA08,20030291.pdf,2025,65,,Lam Research Corporation - Common Stock,Lam Research Corporation - Common Stock,LRCX,LRCX,ST,S,2025-04-08,2025-04-08,1001.0,15000.0,,"$1,001 - $15,000",valid_range,New,JP Morgan Brokerage Account,,,,8,8,table,False,False,,False,0,False,False,100,True,20,False,https://disclosures-clerk.house.gov/public_disc/ptr-pdfs/2025/20030291.pdf,,,,Lam Research Corporation - Common Stock (LRCX) [ST] Filing Status: New Subholding Of: JP Morgan Brokerage Ac,Lam Research Corporation - Common Stock (LRCX) [ST],S ccount,04/08/2025,04/08/2025,"$1,001 - $15,000",,"Lam Research Corporation - Common Stock (LRCX) [ST] S 04/08/2025 04/08/2025 $1,001 - $15,000 Filing Status: New Subholding Of: JP Morgan Brokerage Account",,,False,100,LRCX,accepted,house_ptr_structure+v8_1,False,False,False,04/08/2025,False,,valid_range
20030291,Hon. Rob Bresnahan,Member,PA08,20030291.pdf,2025,66,,Linde plc - Ordinary Shares,Linde plc - Ordinary Shares,LIN,LIN,ST,S,2025-04-08,2025-04-08,1001.0,15000.0,,"$1,001 - $15,000",valid_range,New,JP Morgan Brokerage Account,,,,8,8,table,False,False,,False,0,False,True,100,True,20,False,https://disclosures-clerk.house.gov/public_disc/ptr-pdfs/2025/20030291.pdf,,,,Linde plc - Ordinary Shares (LIN) [ST],Linde plc - Ordinary Shares (LIN) [ST],S,04/08/2025,04/08/2025,"$1,001 - $15,000",Filing Status: New Subholding Of: JP Morgan Brokerage Account,"Linde plc - Ordinary Shares (LIN) [ST] S 04/08/2025 04/08/2025 $1,001 - $15,000 Filing Status: New Subholding Of: JP Morgan Brokerage Account",,,False,100,LIN,accepted,house_ptr_structure+v8_1,False,False,False,04/08/2025,False,,valid_range
20030291,Hon. Rob Bresnahan,Member,PA08,20030291.pdf,2025,67,,"Lowe's Companies, Inc. Common Stock","Lowe's Companies, Inc. Common Stock",LOW,LOW,ST,S,2025-04-08,2025-04-08,1001.0,15000.0,,"$1,001 - $15,000",valid_range,New,JP Morgan Brokerage Account,,,,8,8,table,False,False,,False,0,False,False,100,True,20,False,https://disclosures-clerk.house.gov/public_disc/ptr-pdfs/2025/20030291.pdf,,,,"Lowe's Companies, Inc. Common Stock (LOW) [ST] Filing Status: New Subholding Of: JP Morgan Brokerage Ac","Lowe's Companies, Inc. Common Stock (LOW) [ST]",S ccount,04/08/2025,04/08/2025,"$1,001 - $15,000",,"Lowe's Companies, Inc. Common Stock (LOW) [ST] S 04/08/2025 04/08/2025 $1,001 - $15,000 Filing Status: New Subholding Of: JP Morgan Brokerage Account",,,False,100,LOW,accepted,house_ptr_structure+v8_1,False,False,False,04/08/2025,False,,valid_range
20030291,Hon. Rob Bresnahan,Member,PA08,20030291.pdf,2025,68,,Marathon Petroleum Corporation Common Stock,Marathon Petroleum Corporation Common Stock,MPC,MPC,ST,S,2025-04-08,2025-04-08,1001.0,15000.0,,"$1,001 - $15,000",valid_range,New,JP Morgan Brokerage Account,,,,8,8,table,False,False,,False,0,False,True,100,True,20,False,https://disclosures-clerk.house.gov/public_disc/ptr-pdfs/2025/20030291.pdf,,,,Marathon Petroleum Corporation Common Stock (MPC) [ST],Marathon Petroleum Corporation Common Stock (MPC) [ST],S,04/08/2025,04/08/2025,"$1,001 - $15,000",Filing Status: New Subholding Of: JP Morgan Brokerage Account,"Marathon Petroleum Corporation Common Stock (MPC) [ST] S 04/08/2025 04/08/2025 $1,001 - $15,000 Filing Status: New Subholding Of: JP Morgan Brokerage Account",,,False,100,MPC,accepted,house_ptr_structure+v8_1,False,False,False,04/08/2025,False,,valid_range
20030291,Hon. Rob Bresnahan,Member,PA08,20030291.pdf,2025,69,,"Merck & Company, Inc. Common Stock","Merck & Company, Inc. Common Stock",MRK,MRK,ST,P,2025-04-08,2025-04-08,15001.0,50000.0,,"$15,001 - $50,000",valid_range,New,JP Morgan Brokerage Account,,,,8,8,table,False,False,,False,0,False,False,100,True,20,False,https://disclosures-clerk.house.gov/public_disc/ptr-pdfs/2025/20030291.pdf,,,,"Merck & Company, Inc. Common Stock (MRK) [ST] Filing Status: New Subholding Of: JP Morgan Brokerage Ac","Merck & Company, Inc. Common Stock (MRK) [ST]",P ccount,04/08/2025,04/08/2025,"$15,001 - $50,000",,"Merck & Company, Inc. Common Stock (MRK) [ST] P 04/08/2025 04/08/2025 $15,001 - $50,000 Filing Status: New Subholding Of: JP Morgan Brokerage Account",,,False,100,MRK,accepted,house_ptr_structure+v8_1,False,False,False,04/08/2025,False,,valid_range
20030291,Hon. Rob Bresnahan,Member,PA08,20030291.pdf,2025,70,,"Meta Platforms, Inc. - Class A Common Stock","Meta Platforms, Inc. - Class A Common Stock",META,META,ST,S (partial),2025-04-16,2025-04-16,1001.0,15000.0,,"$1,001 - $15,000",valid_range,New,JP Morgan Brokerage Account #2,,,,8,9,table,False,False,,True,0,False,True,98,True,20,False,https://disclosures-clerk.house.gov/public_disc/ptr-pdfs/2025/20030291.pdf,,,,"Meta Platforms, Inc. - Class A Common Stock (META) [ST]","Meta Platforms, Inc. - Class A Common Stock (META) [ST] ID Owner Asset Transaction Type Date Notification Date Amount Cap. Gains > $200?",S (partial),04/16/2025,04/16/2025,"$1,001 - $15,000",ID Owner Asset Transaction Type Date Notification Date Amount Cap. Gains > $200? Filing Status: New Subholding Of: JP Morgan Brokerage Account #2,"Meta Platforms, Inc. - Class A Common Stock (META) [ST] S (partial) 04/16/2025 04/16/2025 $1,001 - $15,000 ID Owner Asset Transaction Type Date Notification Date Amount Cap. Gains > $200? Filing Status: New Subholding Of: JP Morgan Brokerage Account #2",,,False,98,META,accepted,house_ptr_structure+v8_1,False,False,False,04/16/2025,False,,valid_range
20030291,Hon. Rob Bresnahan,Member,PA08,20030291.pdf,2025,71,,"Meta Platforms, Inc. - Class A Common Stock","Meta Platforms, Inc. - Class A Common Stock",META,META,ST,S,2025-04-17,2025-04-17,1001.0,15000.0,,"$1,001 - $15,000",valid_range,New,JP Morgan Brokerage Account #2,,,,9,9,table,False,False,,False,0,False,False,100,True,20,False,https://disclosures-clerk.house.gov/public_disc/ptr-pdfs/2025/20030291.pdf,,,,"Meta Platforms, Inc. - Class A Common Stock (META) [ST] Filing Status: New Subholding Of: JP Morgan Brokerage Ac","Meta Platforms, Inc. - Class A Common Stock (META) [ST]",S ccount #2,04/17/2025,04/17/2025,"$1,001 - $15,000",,"Meta Platforms, Inc. - Class A Common Stock (META) [ST] S 04/17/2025 04/17/2025 $1,001 - $15,000 Filing Status: New Subholding Of: JP Morgan Brokerage Account #2",,,False,100,META,accepted,house_ptr_structure+v8_1,False,False,False,04/17/2025,False,,valid_range
20030291,Hon. Rob Bresnahan,Member,PA08,20030291.pdf,2025,72,,Microchip Technology Incorporated - Common Stock,Microchip Technology Incorporated - Common Stock,MCHP,MCHP,ST,P,2025-04-08,2025-04-08,1001.0,15000.0,,"$1,001 - $15,000",valid_range,New,JP Morgan Brokerage Account,,,,9,9,table,False,False,,False,0,False,True,100,True,20,False,https://disclosures-clerk.house.gov/public_disc/ptr-pdfs/2025/20030291.pdf,,,,Microchip Technology Incorporated - Common Stock (MCHP) [ST],Microchip Technology Incorporated - Common Stock (MCHP) [ST],P,04/08/2025,04/08/2025,"$1,001 - $15,000",Filing Status: New Subholding Of: JP Morgan Brokerage Account,"Microchip Technology Incorporated - Common Stock (MCHP) [ST] P 04/08/2025 04/08/2025 $1,001 - $15,000 Filing Status: New Subholding Of: JP Morgan Brokerage Account",,,False,100,MCHP,accepted,house_ptr_structure+v8_1,False,False,False,04/08/2025,False,,valid_range
20030291,Hon. Rob Bresnahan,Member,PA08,20030291.pdf,2025,73,,"Micron Technology, Inc. - Common Stock","Micron Technology, Inc. - Common Stock",MU,MU,ST,S,2025-04-08,2025-04-08,1001.0,15000.0,,"$1,001 - $15,000",valid_range,New,JP Morgan Brokerage Account,,,,9,9,table,False,False,,False,0,False,False,100,True,20,False,https://disclosures-clerk.house.gov/public_disc/ptr-pdfs/2025/20030291.pdf,,,,"Micron Technology, Inc. - Common Stock (MU) [ST] Filing Status: New Subholding Of: JP Morgan Brokerage Ac","Micron Technology, Inc. - Common Stock (MU) [ST]",S ccount,04/08/2025,04/08/2025,"$1,001 - $15,000",,"Micron Technology, Inc. - Common Stock (MU) [ST] S 04/08/2025 04/08/2025 $1,001 - $15,000 Filing Status: New Subholding Of: JP Morgan Brokerage Account",,,False,100,MU,accepted,house_ptr_structure+v8_1,False,False,False,04/08/2025,False,,valid_range
20030291,Hon. Rob Bresnahan,Member,PA08,20030291.pdf,2025,74,,Microsoft Corporation - Common Stock,Microsoft Corporation - Common Stock,MSFT,MSFT,ST,P,2025-04-08,2025-04-08,15001.0,50000.0,,"$15,001 - $50,000",valid_range,New,JP Morgan Brokerage Account,,,,9,9,table,False,False,,False,0,False,True,100,True,20,False,https://disclosures-clerk.house.gov/public_disc/ptr-pdfs/2025/20030291.pdf,,,,Microsoft Corporation - Common Stock (MSFT) [ST],Microsoft Corporation - Common Stock (MSFT) [ST],P,04/08/2025,04/08/2025,"$15,001 - $50,000",Filing Status: New Subholding Of: JP Morgan Brokerage Account,"Microsoft Corporation - Common Stock (MSFT) [ST] P 04/08/2025 04/08/2025 $15,001 - $50,000 Filing Status: New Subholding Of: JP Morgan Brokerage Account",,,False,100,MSFT,accepted,house_ptr_structure+v8_1,False,False,False,04/08/2025,False,,valid_range
20030291,Hon. Rob Bresnahan,Member,PA08,20030291.pdf,2025,75,,Microsoft Corporation - Common Stock,Microsoft Corporation - Common Stock,MSFT,MSFT,ST,P,2025-04-08,2025-04-08,1001.0,15000.0,,"$1,001 - $15,000",valid_range,New,JP Morgan Brokerage Account #2,,,,9,9,table,False,False,,False,0,False,False,100,True,20,False,https://disclosures-clerk.house.gov/public_disc/ptr-pdfs/2025/20030291.pdf,,,,Microsoft Corporation - Common Stock (MSFT) [ST] Filing Status: New Subholding Of: JP Morgan Brokerage Ac,Microsoft Corporation - Common Stock (MSFT) [ST],P ccount #2,04/08/2025,04/08/2025,"$1,001 - $15,000",,"Microsoft Corporation - Common Stock (MSFT) [ST] P 04/08/2025 04/08/2025 $1,001 - $15,000 Filing Status: New Subholding Of: JP Morgan Brokerage Account #2",,,False,100,MSFT,accepted,house_ptr_structure+v8_1,False,False,False,04/08/2025,False,,valid_range
20030291,Hon. Rob Bresnahan,Member,PA08,20030291.pdf,2025,76,,"Moderna, Inc. - Common Stock","Moderna, Inc. - Common Stock",MRNA,MRNA,ST,S,2025-04-08,2025-04-08,1001.0,15000.0,,"$1,001 - $15,000",valid_range,New,JP Morgan Brokerage Account,,,,9,9,table,False,False,,False,0,False,True,100,True,20,False,https://disclosures-clerk.house.gov/public_disc/ptr-pdfs/2025/20030291.pdf,,,,"Moderna, Inc. - Common Stock (MRNA) [ST]","Moderna, Inc. - Common Stock (MRNA) [ST]",S,04/08/2025,04/08/2025,"$1,001 - $15,000",Filing Status: New Subholding Of: JP Morgan Brokerage Account,"Moderna, Inc. - Common Stock (MRNA) [ST] S 04/08/2025 04/08/2025 $1,001 - $15,000 Filing Status: New Subholding Of: JP Morgan Brokerage Account",,,False,100,MRNA,accepted,house_ptr_structure+v8_1,False,False,False,04/08/2025,False,,valid_range
20030291,Hon. Rob Bresnahan,Member,PA08,20030291.pdf,2025,77,,"Monolithic Power Systems, Inc. - Common Stock","Monolithic Power Systems, Inc. - Common Stock",MPWR,MPWR,ST,P,2025-04-08,2025-04-08,1001.0,15000.0,,"$1,001 - $15,000",valid_range,New,JP Morgan Brokerage Account,,,,9,9,table,False,False,,False,0,False,False,100,True,20,False,https://disclosures-clerk.house.gov/public_disc/ptr-pdfs/2025/20030291.pdf,,,,"Monolithic Power Systems, Inc. - Common Stock (MPWR) [ST] Filing Status: New Subholding Of: JP Morgan Brokerage Ac","Monolithic Power Systems, Inc. - Common Stock (MPWR) [ST]",P ccount,04/08/2025,04/08/2025,"$1,001 - $15,000",,"Monolithic Power Systems, Inc. - Common Stock (MPWR) [ST] P 04/08/2025 04/08/2025 $1,001 - $15,000 Filing Status: New Subholding Of: JP Morgan Brokerage Account",,,False,100,MPWR,accepted,house_ptr_structure+v8_1,False,False,False,04/08/2025,False,,valid_range
20030291,Hon. Rob Bresnahan,Member,PA08,20030291.pdf,2025,78,,MSCI Inc. Common Stock,MSCI Inc. Common Stock,MSCI,MSCI,ST,P,2025-04-08,2025-04-08,1001.0,15000.0,,"$1,001 - $15,000",valid_range,New,JP Morgan Brokerage Account,,,,9,9,table,False,False,,False,0,False,True,100,True,20,False,https://disclosures-clerk.house.gov/public_disc/ptr-pdfs/2025/20030291.pdf,,,,MSCI Inc. Common Stock (MSCI) [ST],MSCI Inc. Common Stock (MSCI) [ST],P,04/08/2025,04/08/2025,"$1,001 - $15,000",Filing Status: New Subholding Of: JP Morgan Brokerage Account,"MSCI Inc. Common Stock (MSCI) [ST] P 04/08/2025 04/08/2025 $1,001 - $15,000 Filing Status: New Subholding Of: JP Morgan Brokerage Account",,,False,100,MSCI,accepted,house_ptr_structure+v8_1,False,False,False,04/08/2025,False,,valid_range
20030291,Hon. Rob Bresnahan,Member,PA08,20030291.pdf,2025,79,,Newmont Corporation,Newmont Corporation,NEM,NEM,ST,P,2025-04-08,2025-04-08,1001.0,15000.0,,"$1,001 - $15,000",valid_range,New,JP Morgan Brokerage Account,,,,9,10,table,False,False,,True,0,False,False,98,True,20,False,https://disclosures-clerk.house.gov/public_disc/ptr-pdfs/2025/20030291.pdf,,,,Newmont Corporation (NEM) [ST],Newmont Corporation (NEM) [ST],P,04/08/2025,04/08/2025,"$1,001 - $15,000",Filing Status: New Subholding Of: JP Morgan Brokerage Account,"Newmont Corporation (NEM) [ST] P 04/08/2025 04/08/2025 $1,001 - $15,000 Filing Status: New Subholding Of: JP Morgan Brokerage Account",,,False,98,NEM,accepted,house_ptr_structure+v8_1,False,False,False,04/08/2025,False,,valid_range
20030291,Hon. Rob Bresnahan,Member,PA08,20030291.pdf,2025,80,,"NextEra Energy, Inc. Common Stock","NextEra Energy, Inc. Common Stock",NEE,NEE,ST,S,2025-04-08,2025-04-08,1001.0,15000.0,,"$1,001 - $15,000",valid_range,New,JP Morgan Brokerage Account,,,,10,10,table,False,False,,False,0,False,True,100,True,20,False,https://disclosures-clerk.house.gov/public_disc/ptr-pdfs/2025/20030291.pdf,,,,"NextEra Energy, Inc. Common Stock (NEE) [ST]","NextEra Energy, Inc. Common Stock (NEE) [ST]",S,04/08/2025,04/08/2025,"$1,001 - $15,000",Filing Status: New Subholding Of: JP Morgan Brokerage Account,"NextEra Energy, Inc. Common Stock (NEE) [ST] S 04/08/2025 04/08/2025 $1,001 - $15,000 Filing Status: New Subholding Of: JP Morgan Brokerage Account",,,False,100,NEE,accepted,house_ptr_structure+v8_1,False,False,False,04/08/2025,False,,valid_range
20030291,Hon. Rob Bresnahan,Member,PA08,20030291.pdf,2025,81,,"Nike, Inc. Common Stock","Nike, Inc. Common Stock",NKE,NKE,ST,P,2025-04-08,2025-04-08,1001.0,15000.0,,"$1,001 - $15,000",valid_range,New,JP Morgan Brokerage Account,,,,10,10,table,False,False,,False,0,False,False,100,True,20,False,https://disclosures-clerk.house.gov/public_disc/ptr-pdfs/2025/20030291.pdf,,,,"Nike, Inc. Common Stock (NKE) [ST] Filing Status: New Subholding Of: JP Morgan Brokerage Ac","Nike, Inc. Common Stock (NKE) [ST]",P ccount,04/08/2025,04/08/2025,"$1,001 - $15,000",,"Nike, Inc. Common Stock (NKE) [ST] P 04/08/2025 04/08/2025 $1,001 - $15,000 Filing Status: New Subholding Of: JP Morgan Brokerage Account",,,False,100,NKE,accepted,house_ptr_structure+v8_1,False,False,False,04/08/2025,False,,valid_range
20030291,Hon. Rob Bresnahan,Member,PA08,20030291.pdf,2025,82,,Nordson Corporation - Common Stock,Nordson Corporation - Common Stock,NDSN,NDSN,ST,S,2025-04-08,2025-04-08,1001.0,15000.0,,"$1,001 - $15,000",valid_range,New,JP Morgan Brokerage Account,,,,10,10,table,False,False,,False,0,False,True,100,True,20,False,https://disclosures-clerk.house.gov/public_disc/ptr-pdfs/2025/20030291.pdf,,,,Nordson Corporation - Common Stock (NDSN) [ST],Nordson Corporation - Common Stock (NDSN) [ST],S,04/08/2025,04/08/2025,"$1,001 - $15,000",Filing Status: New Subholding Of: JP Morgan Brokerage Account,"Nordson Corporation - Common Stock (NDSN) [ST] S 04/08/2025 04/08/2025 $1,001 - $15,000 Filing Status: New Subholding Of: JP Morgan Brokerage Account",,,False,100,NDSN,accepted,house_ptr_structure+v8_1,False,False,False,04/08/2025,False,,valid_range
20030291,Hon. Rob Bresnahan,Member,PA08,20030291.pdf,2025,83,,NXP Semiconductors N.V. - Common Stock,NXP Semiconductors N.V. - Common Stock,NXPI,NXPI,ST,P,2025-04-08,2025-04-08,1001.0,15000.0,,"$1,001 - $15,000",valid_range,New,JP Morgan Brokerage Account,,,,10,10,table,False,False,,False,0,False,False,100,True,20,False,https://disclosures-clerk.house.gov/public_disc/ptr-pdfs/2025/20030291.pdf,,,,NXP Semiconductors N.V. - Common Stock (NXPI) [ST] Filing Status: New Subholding Of: JP Morgan Brokerage Ac,NXP Semiconductors N.V. - Common Stock (NXPI) [ST],P ccount,04/08/2025,04/08/2025,"$1,001 - $15,000",,"NXP Semiconductors N.V. - Common Stock (NXPI) [ST] P 04/08/2025 04/08/2025 $1,001 - $15,000 Filing Status: New Subholding Of: JP Morgan Brokerage Account",,,False,100,NXPI,accepted,house_ptr_structure+v8_1,False,False,False,04/08/2025,False,,valid_range
20030291,Hon. Rob Bresnahan,Member,PA08,20030291.pdf,2025,84,,"Okta, Inc. - Class A Common Stock","Okta, Inc. - Class A Common Stock",OKTA,OKTA,ST,P,2025-04-08,2025-04-08,1001.0,15000.0,,"$1,001 - $15,000",valid_range,New,JP Morgan Brokerage Account #2,,,,10,10,table,False,False,,False,0,False,True,100,True,20,False,https://disclosures-clerk.house.gov/public_disc/ptr-pdfs/2025/20030291.pdf,,,,"Okta, Inc. - Class A Common Stock (OKTA) [ST]","Okta, Inc. - Class A Common Stock (OKTA) [ST]",P,04/08/2025,04/08/2025,"$1,001 - $15,000",Filing Status: New Subholding Of: JP Morgan Brokerage Account #2,"Okta, Inc. - Class A Common Stock (OKTA) [ST] P 04/08/2025 04/08/2025 $1,001 - $15,000 Filing Status: New Subholding Of: JP Morgan Brokerage Account #2",,,False,100,OKTA,accepted,house_ptr_structure+v8_1,False,False,False,04/08/2025,False,,valid_range
20030291,Hon. Rob Bresnahan,Member,PA08,20030291.pdf,2025,85,,"Old Dominion Freight Line, Inc. - Common Stock","Old Dominion Freight Line, Inc. - Common Stock",ODFL,ODFL,ST,P,2025-04-08,2025-04-08,1001.0,15000.0,,"$1,001 - $15,000",valid_range,New,JP Morgan Brokerage Account,,,,10,10,table,False,False,,False,0,False,False,100,True,20,False,https://disclosures-clerk.house.gov/public_disc/ptr-pdfs/2025/20030291.pdf,,,,"Old Dominion Freight Line, Inc. - Common Stock (ODFL) [ST] Filing Status: New Subholding Of: JP Morgan Brokerage Ac","Old Dominion Freight Line, Inc. - Common Stock (ODFL) [ST]",P ccount,04/08/2025,04/08/2025,"$1,001 - $15,000",,"Old Dominion Freight Line, Inc. - Common Stock (ODFL) [ST] P 04/08/2025 04/08/2025 $1,001 - $15,000 Filing Status: New Subholding Of: JP Morgan Brokerage Account",,,False,100,ODFL,accepted,house_ptr_structure+v8_1,False,False,False,04/08/2025,False,,valid_range
20030291,Hon. Rob Bresnahan,Member,PA08,20030291.pdf,2025,86,,Omnicom Group Inc. Common Stock,Omnicom Group Inc. Common Stock,OMC,OMC,ST,S,2025-04-08,2025-04-08,1001.0,15000.0,,"$1,001 - $15,000",valid_range,New,JP Morgan Brokerage Account,,,,10,10,table,False,False,,False,0,False,True,100,True,20,False,https://disclosures-clerk.house.gov/public_disc/ptr-pdfs/2025/20030291.pdf,,,,Omnicom Group Inc. Common Stock (OMC) [ST],Omnicom Group Inc. Common Stock (OMC) [ST],S,04/08/2025,04/08/2025,"$1,001 - $15,000",Filing Status: New Subholding Of: JP Morgan Brokerage Account,"Omnicom Group Inc. Common Stock (OMC) [ST] S 04/08/2025 04/08/2025 $1,001 - $15,000 Filing Status: New Subholding Of: JP Morgan Brokerage Account",,,False,100,OMC,accepted,house_ptr_structure+v8_1,False,False,False,04/08/2025,False,,valid_range
20030291,Hon. Rob Bresnahan,Member,PA08,20030291.pdf,2025,87,,Oracle Corporation Common Stock,Oracle Corporation Common Stock,ORCL,ORCL,ST,S,2025-04-08,2025-04-08,1001.0,15000.0,,"$1,001 - $15,000",valid_range,New,JP Morgan Brokerage Account,,,,10,10,table,False,False,,False,0,False,False,100,True,20,False,https://disclosures-clerk.house.gov/public_disc/ptr-pdfs/2025/20030291.pdf,,,,Oracle Corporation Common Stock (ORCL) [ST] Filing Status: New Subholding Of: JP Morgan Brokerage Ac,Oracle Corporation Common Stock (ORCL) [ST],S ccount,04/08/2025,04/08/2025,"$1,001 - $15,000",,"Oracle Corporation Common Stock (ORCL) [ST] S 04/08/2025 04/08/2025 $1,001 - $15,000 Filing Status: New Subholding Of: JP Morgan Brokerage Account",,,False,100,ORCL,accepted,house_ptr_structure+v8_1,False,False,False,04/08/2025,False,,valid_range
20030291,Hon. Rob Bresnahan,Member,PA08,20030291.pdf,2025,88,,PA ST UNIV 5.0% 09/01/2035 DTD 09/10/2024 PAR CALL,PA ST UNIV 5.0% 09/01/2035 DTD 09/10/2024 PAR CALL,,,GS,P,2025-04-08,2025-04-08,50001.0,100000.0,,"$50,001 - $100,000",valid_range,New $200?,JP Morgan Brokerage Account #4,,,,10,11,table,False,False,,True,0,False,True,98,True,20,False,https://disclosures-clerk.house.gov/public_disc/ptr-pdfs/2025/20030291.pdf,,,,PA ST UNIV 5.0% 09/01/2035 DTD 09/10/2024 PAR CALL [GS],PA ST UNIV 5.0% 09/01/2035 DTD 09/10/2024 PAR CALL [GS],P,04/08/2025,04/08/2025,"$50,001 - $100,000",Filing Status: New $200? Subholding Of: JP Morgan Brokerage Account #4,"PA ST UNIV 5.0% 09/01/2035 DTD 09/10/2024 PAR CALL [GS] P 04/08/2025 04/08/2025 $50,001 - $100,000 Filing Status: New $200? Subholding Of: JP Morgan Brokerage Account #4",,,False,98,,not_applicable,,False,False,False,04/08/2025,False,,valid_range
20030291,Hon. Rob Bresnahan,Member,PA08,20030291.pdf,2025,89,,PACCAR Inc. - Common Stock,PACCAR Inc. - Common Stock,PCAR,PCAR,ST,P,2025-04-08,2025-04-08,1001.0,15000.0,,"$1,001 - $15,000",valid_range,New,JP Morgan Brokerage Account,,,,11,11,table,False,False,,False,0,False,False,100,True,20,False,https://disclosures-clerk.house.gov/public_disc/ptr-pdfs/2025/20030291.pdf,,,,PACCAR Inc. - Common Stock (PCAR) [ST] Filing Status: New Subholding Of: JP Morgan Brokerage Ac,PACCAR Inc. - Common Stock (PCAR) [ST],P ccount,04/08/2025,04/08/2025,"$1,001 - $15,000",,"PACCAR Inc. - Common Stock (PCAR) [ST] P 04/08/2025 04/08/2025 $1,001 - $15,000 Filing Status: New Subholding Of: JP Morgan Brokerage Account",,,False,100,PCAR,accepted,house_ptr_structure+v8_1,False,False,False,04/08/2025,False,,valid_range
20030291,Hon. Rob Bresnahan,Member,PA08,20030291.pdf,2025,90,,Palantir Technologies Inc. - Class A Common Stock,Palantir Technologies Inc. - Class A Common Stock,PLTR,PLTR,ST,P,2025-04-08,2025-04-08,1001.0,15000.0,,"$1,001 - $15,000",valid_range,New,JP Morgan Brokerage Account,,,,11,11,table,False,False,,False,0,False,True,100,True,20,False,https://disclosures-clerk.house.gov/public_disc/ptr-pdfs/2025/20030291.pdf,,,,Palantir Technologies Inc. - Class A Common Stock (PLTR) [ST],Palantir Technologies Inc. - Class A Common Stock (PLTR) [ST],P,04/08/2025,04/08/2025,"$1,001 - $15,000",Filing Status: New Subholding Of: JP Morgan Brokerage Account,"Palantir Technologies Inc. - Class A Common Stock (PLTR) [ST] P 04/08/2025 04/08/2025 $1,001 - $15,000 Filing Status: New Subholding Of: JP Morgan Brokerage Account",,,False,100,PLTR,accepted,house_ptr_structure+v8_1,False,False,False,04/08/2025,False,,valid_range
20030291,Hon. Rob Bresnahan,Member,PA08,20030291.pdf,2025,91,,"PayPal Holdings, Inc. - Common Stock","PayPal Holdings, Inc. - Common Stock",PYPL,PYPL,ST,P,2025-04-08,2025-04-08,1001.0,15000.0,,"$1,001 - $15,000",valid_range,New,JP Morgan Brokerage Account,,,,11,11,table,False,False,,False,0,False,False,100,True,20,False,https://disclosures-clerk.house.gov/public_disc/ptr-pdfs/2025/20030291.pdf,,,,"PayPal Holdings, Inc. - Common Stock (PYPL) [ST] Filing Status: New Subholding Of: JP Morgan Brokerage Ac","PayPal Holdings, Inc. - Common Stock (PYPL) [ST]",P ccount,04/08/2025,04/08/2025,"$1,001 - $15,000",,"PayPal Holdings, Inc. - Common Stock (PYPL) [ST] P 04/08/2025 04/08/2025 $1,001 - $15,000 Filing Status: New Subholding Of: JP Morgan Brokerage Account",,,False,100,PYPL,accepted,house_ptr_structure+v8_1,False,False,False,04/08/2025,False,,valid_range
20030291,Hon. Rob Bresnahan,Member,PA08,20030291.pdf,2025,92,,"Pepsico, Inc.","Pepsico, Inc.",PEP,PEP,ST,P,2025-04-08,2025-04-08,15001.0,50000.0,,"$15,001 - $50,000",valid_range,New,JP Morgan Brokerage Account,,,,11,11,table,False,False,,False,0,False,True,100,True,20,False,https://disclosures-clerk.house.gov/public_disc/ptr-pdfs/2025/20030291.pdf,,,,"Pepsico, Inc. (PEP) [ST]","Pepsico, Inc. (PEP) [ST]",P,04/08/2025,04/08/2025,"$15,001 - $50,000",Filing Status: New Subholding Of: JP Morgan Brokerage Account,"Pepsico, Inc. (PEP) [ST] P 04/08/2025 04/08/2025 $15,001 - $50,000 Filing Status: New Subholding Of: JP Morgan Brokerage Account",,,False,100,PEP,accepted,house_ptr_structure+v8_1,False,False,False,04/08/2025,False,,valid_range
20030291,Hon. Rob Bresnahan,Member,PA08,20030291.pdf,2025,93,,PTC Inc. - Common Stock,PTC Inc. - Common Stock,PTC,PTC,ST,S,2025-04-08,2025-04-08,1001.0,15000.0,,"$1,001 - $15,000",valid_range,New,JP Morgan Brokerage Account,,,,11,11,table,False,False,,False,0,False,False,100,True,20,False,https://disclosures-clerk.house.gov/public_disc/ptr-pdfs/2025/20030291.pdf,,,,PTC Inc. - Common Stock (PTC) [ST] Filing Status: New Subholding Of: JP Morgan Brokerage Ac,PTC Inc. - Common Stock (PTC) [ST],S ccount,04/08/2025,04/08/2025,"$1,001 - $15,000",,"PTC Inc. - Common Stock (PTC) [ST] S 04/08/2025 04/08/2025 $1,001 - $15,000 Filing Status: New Subholding Of: JP Morgan Brokerage Account",,,False,100,PTC,accepted,house_ptr_structure+v8_1,False,False,False,04/08/2025,False,,valid_range
20030291,Hon. Rob Bresnahan,Member,PA08,20030291.pdf,2025,94,,"Reddit, Inc. Class A Common Stock","Reddit, Inc. Class A Common Stock",RDDT,RDDT,ST,S,2025-04-08,2025-04-08,1001.0,15000.0,,"$1,001 - $15,000",valid_range,New,JP Morgan Brokerage Account,,,,11,11,table,False,False,,False,0,True,True,95,True,20,True,https://disclosures-clerk.house.gov/public_disc/ptr-pdfs/2025/20030291.pdf,low,adjacent transaction has same core signature,,"Reddit, Inc. Class A Common Stock (RDDT) [ST]","Reddit, Inc. Class A Common Stock (RDDT) [ST]",S,04/08/2025,04/08/2025,"$1,001 - $15,000",Filing Status: New Subholding Of: JP Morgan Brokerage Account,"Reddit, Inc. Class A Common Stock (RDDT) [ST] S 04/08/2025 04/08/2025 $1,001 - $15,000 Filing Status: New Subholding Of: JP Morgan Brokerage Account",adjacent transaction has same core signature,low,True,95,RDDT,accepted,house_ptr_structure+v8_1,False,False,False,04/08/2025,False,,valid_range
20030291,Hon. Rob Bresnahan,Member,PA08,20030291.pdf,2025,95,,"Reddit, Inc. Class A Common Stock","Reddit, Inc. Class A Common Stock",RDDT,RDDT,ST,S,2025-04-08,2025-04-08,1001.0,15000.0,,"$1,001 - $15,000",valid_range,New,JP Morgan Brokerage Account #2,,,,11,11,table,False,False,,False,0,False,False,100,True,20,False,https://disclosures-clerk.house.gov/public_disc/ptr-pdfs/2025/20030291.pdf,,,,"Reddit, Inc. Class A Common Stock (RDDT) [ST] Filing Status: New Subholding Of: JP Morgan Brokerage Ac","Reddit, Inc. Class A Common Stock (RDDT) [ST]",S ccount #2,04/08/2025,04/08/2025,"$1,001 - $15,000",,"Reddit, Inc. Class A Common Stock (RDDT) [ST] S 04/08/2025 04/08/2025 $1,001 - $15,000 Filing Status: New Subholding Of: JP Morgan Brokerage Account #2",,,False,100,RDDT,accepted,house_ptr_structure+v8_1,False,False,False,04/08/2025,False,,valid_range
20030291,Hon. Rob Bresnahan,Member,PA08,20030291.pdf,2025,96,,"Regeneron Pharmaceuticals, Inc. - Common Stock","Regeneron Pharmaceuticals, Inc. - Common Stock",REGN,REGN,ST,S,2025-04-08,2025-04-08,1001.0,15000.0,,"$1,001 - $15,000",valid_range,New,JP Morgan Brokerage Account,,,,11,11,table,False,False,,False,0,False,True,100,True,20,False,https://disclosures-clerk.house.gov/public_disc/ptr-pdfs/2025/20030291.pdf,,,,"Regeneron Pharmaceuticals, Inc. - Common Stock (REGN) [ST]","Regeneron Pharmaceuticals, Inc. - Common Stock (REGN) [ST]",S,04/08/2025,04/08/2025,"$1,001 - $15,000",Filing Status: New Subholding Of: JP Morgan Brokerage Account,"Regeneron Pharmaceuticals, Inc. - Common Stock (REGN) [ST] S 04/08/2025 04/08/2025 $1,001 - $15,000 Filing Status: New Subholding Of: JP Morgan Brokerage Account",,,False,100,REGN,accepted,house_ptr_structure+v8_1,False,False,False,04/08/2025,False,,valid_range
20030291,Hon. Rob Bresnahan,Member,PA08,20030291.pdf,2025,97,,"Revvity, Inc. Common Stock","Revvity, Inc. Common Stock",RVTY,RVTY,ST,S,2025-04-08,2025-04-08,1001.0,15000.0,,"$1,001 - $15,000",valid_range,New,JP Morgan Brokerage Account,,,,11,12,table,False,False,,True,0,False,False,98,True,20,False,https://disclosures-clerk.house.gov/public_disc/ptr-pdfs/2025/20030291.pdf,,,,"Revvity, Inc. Common Stock (RVTY) [ST] Filing Status: New","Revvity, Inc. Common Stock (RVTY) [ST] Subholding Of: JP Morgan Brokerage Account",S,04/08/2025,04/08/2025,"$1,001 - $15,000",Subholding Of: JP Morgan Brokerage Account,"Revvity, Inc. Common Stock (RVTY) [ST] S 04/08/2025 04/08/2025 $1,001 - $15,000 Filing Status: New Subholding Of: JP Morgan Brokerage Account",,,False,98,RVTY,accepted,house_ptr_structure+v8_1,False,False,False,04/08/2025,False,,valid_range
20030291,Hon. Rob Bresnahan,Member,PA08,20030291.pdf,2025,98,,Royal Caribbean Cruises Ltd. Common Stock,Royal Caribbean Cruises Ltd. Common Stock,RCL,RCL,ST,P,2025-04-08,2025-04-08,1001.0,15000.0,,"$1,001 - $15,000",valid_range,New,JP Morgan Brokerage Account,,,,12,12,table,False,False,,False,0,False,True,100,True,20,False,https://disclosures-clerk.house.gov/public_disc/ptr-pdfs/2025/20030291.pdf,,,,Royal Caribbean Cruises Ltd. Common Stock (RCL) [ST],Royal Caribbean Cruises Ltd. Common Stock (RCL) [ST],P,04/08/2025,04/08/2025,"$1,001 - $15,000",Filing Status: New Subholding Of: JP Morgan Brokerage Account,"Royal Caribbean Cruises Ltd. Common Stock (RCL) [ST] P 04/08/2025 04/08/2025 $1,001 - $15,000 Filing Status: New Subholding Of: JP Morgan Brokerage Account",,,False,100,RCL,accepted,house_ptr_structure+v8_1,False,False,False,04/08/2025,False,,valid_range
20030291,Hon. Rob Bresnahan,Member,PA08,20030291.pdf,2025,99,,S&P Global Inc. Common Stock,S&P Global Inc. Common Stock,SPGI,SPGI,ST,P,2025-04-08,2025-04-08,15001.0,50000.0,,"$15,001 - $50,000",valid_range,New,JP Morgan Brokerage Account,,,,12,12,table,False,False,,False,0,False,False,100,True,20,False,https://disclosures-clerk.house.gov/public_disc/ptr-pdfs/2025/20030291.pdf,,,,S&P Global Inc. Common Stock (SPGI) [ST] Filing Status: New Subholding Of: JP Morgan Brokerage Ac,S&P Global Inc. Common Stock (SPGI) [ST],P ccount,04/08/2025,04/08/2025,"$15,001 - $50,000",,"S&P Global Inc. Common Stock (SPGI) [ST] P 04/08/2025 04/08/2025 $15,001 - $50,000 Filing Status: New Subholding Of: JP Morgan Brokerage Account",,,False,100,SPGI,accepted,house_ptr_structure+v8_1,False,False,False,04/08/2025,False,,valid_range
20030291,Hon. Rob Bresnahan,Member,PA08,20030291.pdf,2025,100,,Sandisk Corporation - Common Stock,Sandisk Corporation - Common Stock,SNDK,SNDK,ST,S,2025-04-08,2025-04-08,1001.0,15000.0,,"$1,001 - $15,000",valid_range,New,JP Morgan Brokerage Account #2,,,,12,12,table,False,False,,False,0,False,True,100,True,20,False,https://disclosures-clerk.house.gov/public_disc/ptr-pdfs/2025/20030291.pdf,,,,Sandisk Corporation - Common Stock (SNDK) [ST],Sandisk Corporation - Common Stock (SNDK) [ST],S,04/08/2025,04/08/2025,"$1,001 - $15,000",Filing Status: New Subholding Of: JP Morgan Brokerage Account #2,"Sandisk Corporation - Common Stock (SNDK) [ST] S 04/08/2025 04/08/2025 $1,001 - $15,000 Filing Status: New Subholding Of: JP Morgan Brokerage Account #2",,,False,100,SNDK,accepted,house_ptr_structure+v8_1,False,False,False,04/08/2025,False,,valid_range
20030291,Hon. Rob Bresnahan,Member,PA08,20030291.pdf,2025,101,,Seagate Technology Holdings PLC - Ordinary Shares,Seagate Technology Holdings PLC - Ordinary Shares,STX,STX,ST,S,2025-04-08,2025-04-08,1001.0,15000.0,,"$1,001 - $15,000",valid_range,New,JP Morgan Brokerage Account,,,,12,12,table,False,False,,False,0,False,False,100,True,20,False,https://disclosures-clerk.house.gov/public_disc/ptr-pdfs/2025/20030291.pdf,,,,Seagate Technology Holdings PLC - Ordinary Shares (STX) [ST] Filing Status: New Subholding Of: JP Morgan Brokerage Ac,Seagate Technology Holdings PLC - Ordinary Shares (STX) [ST],S ccount,04/08/2025,04/08/2025,"$1,001 - $15,000",,"Seagate Technology Holdings PLC - Ordinary Shares (STX) [ST] S 04/08/2025 04/08/2025 $1,001 - $15,000 Filing Status: New Subholding Of: JP Morgan Brokerage Account",,,False,100,STX,accepted,house_ptr_structure+v8_1,False,False,False,04/08/2025,False,,valid_range
20030291,Hon. Rob Bresnahan,Member,PA08,20030291.pdf,2025,102,,Stryker Corporation Common Stock,Stryker Corporation Common Stock,SYK,SYK,ST,S,2025-04-08,2025-04-08,1001.0,15000.0,,"$1,001 - $15,000",valid_range,New,JP Morgan Brokerage Account,,,,12,12,table,False,False,,False,0,True,True,95,True,20,True,https://disclosures-clerk.house.gov/public_disc/ptr-pdfs/2025/20030291.pdf,low,adjacent transaction has same core signature,,Stryker Corporation Common Stock (SYK) [ST],Stryker Corporation Common Stock (SYK) [ST],S,04/08/2025,04/08/2025,"$1,001 - $15,000",Filing Status: New Subholding Of: JP Morgan Brokerage Account,"Stryker Corporation Common Stock (SYK) [ST] S 04/08/2025 04/08/2025 $1,001 - $15,000 Filing Status: New Subholding Of: JP Morgan Brokerage Account",adjacent transaction has same core signature,low,True,95,SYK,accepted,house_ptr_structure+v8_1,False,False,False,04/08/2025,False,,valid_range
20030291,Hon. Rob Bresnahan,Member,PA08,20030291.pdf,2025,103,,Stryker Corporation Common Stock,Stryker Corporation Common Stock,SYK,SYK,ST,S,2025-04-08,2025-04-08,1001.0,15000.0,,"$1,001 - $15,000",valid_range,New,JP Morgan Brokerage Account,,,,12,12,table,False,False,,False,0,False,False,100,True,20,False,https://disclosures-clerk.house.gov/public_disc/ptr-pdfs/2025/20030291.pdf,,,,Stryker Corporation Common Stock (SYK) [ST] Filing Status: New Subholding Of: JP Morgan Brokerage Ac,Stryker Corporation Common Stock (SYK) [ST],S ccount,04/08/2025,04/08/2025,"$1,001 - $15,000",,"Stryker Corporation Common Stock (SYK) [ST] S 04/08/2025 04/08/2025 $1,001 - $15,000 Filing Status: New Subholding Of: JP Morgan Brokerage Account",,,False,100,SYK,accepted,house_ptr_structure+v8_1,False,False,False,04/08/2025,False,,valid_range
20030291,Hon. Rob Bresnahan,Member,PA08,20030291.pdf,2025,104,,"Super Micro Computer, Inc. - Common Stock","Super Micro Computer, Inc. - Common Stock",SMCI,SMCI,ST,S,2025-04-08,2025-04-08,1001.0,15000.0,,"$1,001 - $15,000",valid_range,New,JP Morgan Brokerage Account,,,,12,12,table,False,False,,False,0,False,True,100,True,20,False,https://disclosures-clerk.house.gov/public_disc/ptr-pdfs/2025/20030291.pdf,,,,"Super Micro Computer, Inc. - Common Stock (SMCI) [ST]","Super Micro Computer, Inc. - Common Stock (SMCI) [ST]",S,04/08/2025,04/08/2025,"$1,001 - $15,000",Filing Status: New Subholding Of: JP Morgan Brokerage Account,"Super Micro Computer, Inc. - Common Stock (SMCI) [ST] S 04/08/2025 04/08/2025 $1,001 - $15,000 Filing Status: New Subholding Of: JP Morgan Brokerage Account",,,False,100,SMCI,accepted,house_ptr_structure+v8_1,False,False,False,04/08/2025,False,,valid_range
20030291,Hon. Rob Bresnahan,Member,PA08,20030291.pdf,2025,105,,"Take-Two Interactive Software, Inc. - Common Stock","Take-Two Interactive Software, Inc. - Common Stock",TTWO,TTWO,ST,P,2025-04-08,2025-04-08,1001.0,15000.0,,"$1,001 - $15,000",valid_range,New,JP Morgan Brokerage Account,,,,12,12,table,False,False,,False,0,False,False,100,True,20,False,https://disclosures-clerk.house.gov/public_disc/ptr-pdfs/2025/20030291.pdf,,,,"Take-Two Interactive Software, Inc. - Common Stock (TTWO) [ST] Filing Status: New Subholding Of: JP Morgan Brokerage Ac","Take-Two Interactive Software, Inc. - Common Stock (TTWO) [ST]",P ccount,04/08/2025,04/08/2025,"$1,001 - $15,000",,"Take-Two Interactive Software, Inc. - Common Stock (TTWO) [ST] P 04/08/2025 04/08/2025 $1,001 - $15,000 Filing Status: New Subholding Of: JP Morgan Brokerage Account",,,False,100,TTWO,accepted,house_ptr_structure+v8_1,False,False,False,04/08/2025,False,,valid_range
20030291,Hon. Rob Bresnahan,Member,PA08,20030291.pdf,2025,106,,TE Connectivity plc Ordinary Shares,TE Connectivity plc Ordinary Shares,TEL,TEL,ST,P,2025-04-08,2025-04-08,1001.0,15000.0,,"$1,001 - $15,000",valid_range,New $200?,JP Morgan Brokerage Account,,,,12,13,table,False,False,,True,0,False,True,98,True,20,False,https://disclosures-clerk.house.gov/public_disc/ptr-pdfs/2025/20030291.pdf,,,,TE Connectivity plc Ordinary Shares (TEL) [ST],TE Connectivity plc Ordinary Shares (TEL) [ST],P,04/08/2025,04/08/2025,"$1,001 - $15,000",Filing Status: New $200? Subholding Of: JP Morgan Brokerage Account,"TE Connectivity plc Ordinary Shares (TEL) [ST] P 04/08/2025 04/08/2025 $1,001 - $15,000 Filing Status: New $200? Subholding Of: JP Morgan Brokerage Account",,,False,98,TEL,accepted,house_ptr_structure+v8_1,False,False,False,04/08/2025,False,,valid_range
20030291,Hon. Rob Bresnahan,Member,PA08,20030291.pdf,2025,107,,Teledyne Technologies Incorporated Common Stock,Teledyne Technologies Incorporated Common Stock,TDY,TDY,ST,P,2025-04-08,2025-04-08,1001.0,15000.0,,"$1,001 - $15,000",valid_range,New,JP Morgan Brokerage Account,,,,13,13,table,False,False,,False,0,False,False,100,True,20,False,https://disclosures-clerk.house.gov/public_disc/ptr-pdfs/2025/20030291.pdf,,,,Teledyne Technologies Incorporated Common Stock (TDY) [ST] Filing Status: New Subholding Of: JP Morgan Brokerage Ac,Teledyne Technologies Incorporated Common Stock (TDY) [ST],P ccount,04/08/2025,04/08/2025,"$1,001 - $15,000",,"Teledyne Technologies Incorporated Common Stock (TDY) [ST] P 04/08/2025 04/08/2025 $1,001 - $15,000 Filing Status: New Subholding Of: JP Morgan Brokerage Account",,,False,100,TDY,accepted,house_ptr_structure+v8_1,False,False,False,04/08/2025,False,,valid_range
20030291,Hon. Rob Bresnahan,Member,PA08,20030291.pdf,2025,108,,"Tesla, Inc. - Common Stock","Tesla, Inc. - Common Stock",TSLA,TSLA,ST,P,2025-04-08,2025-04-08,1001.0,15000.0,,"$1,001 - $15,000",valid_range,New,JP Morgan Brokerage Account,,,,13,13,table,False,False,,False,0,False,True,100,True,20,False,https://disclosures-clerk.house.gov/public_disc/ptr-pdfs/2025/20030291.pdf,,,,"Tesla, Inc. - Common Stock (TSLA) [ST]","Tesla, Inc. - Common Stock (TSLA) [ST]",P,04/08/2025,04/08/2025,"$1,001 - $15,000",Filing Status: New Subholding Of: JP Morgan Brokerage Account,"Tesla, Inc. - Common Stock (TSLA) [ST] P 04/08/2025 04/08/2025 $1,001 - $15,000 Filing Status: New Subholding Of: JP Morgan Brokerage Account",,,False,100,TSLA,accepted,house_ptr_structure+v8_1,False,False,False,04/08/2025,False,,valid_range
20030291,Hon. Rob Bresnahan,Member,PA08,20030291.pdf,2025,109,,Texas Pacific Land Corporation Common Stock,Texas Pacific Land Corporation Common Stock,TPL,TPL,ST,P,2025-04-08,2025-04-08,1001.0,15000.0,,"$1,001 - $15,000",valid_range,New,JP Morgan Brokerage Account,,,,13,13,table,False,False,,False,0,False,False,100,True,20,False,https://disclosures-clerk.house.gov/public_disc/ptr-pdfs/2025/20030291.pdf,,,,Texas Pacific Land Corporation Common Stock (TPL) [ST] Filing Status: New Subholding Of: JP Morgan Brokerage Ac,Texas Pacific Land Corporation Common Stock (TPL) [ST],P ccount,04/08/2025,04/08/2025,"$1,001 - $15,000",,"Texas Pacific Land Corporation Common Stock (TPL) [ST] P 04/08/2025 04/08/2025 $1,001 - $15,000 Filing Status: New Subholding Of: JP Morgan Brokerage Account",,,False,100,TPL,accepted,house_ptr_structure+v8_1,False,False,False,04/08/2025,False,,valid_range
20030291,Hon. Rob Bresnahan,Member,PA08,20030291.pdf,2025,110,,Tractor Supply Company - Common Stock,Tractor Supply Company - Common Stock,TSCO,TSCO,ST,S,2025-04-08,2025-04-08,1001.0,15000.0,,"$1,001 - $15,000",valid_range,New,JP Morgan Brokerage Account,,,,13,13,table,False,False,,False,0,False,True,100,True,20,False,https://disclosures-clerk.house.gov/public_disc/ptr-pdfs/2025/20030291.pdf,,,,Tractor Supply Company - Common Stock (TSCO) [ST],Tractor Supply Company - Common Stock (TSCO) [ST],S,04/08/2025,04/08/2025,"$1,001 - $15,000",Filing Status: New Subholding Of: JP Morgan Brokerage Account,"Tractor Supply Company - Common Stock (TSCO) [ST] S 04/08/2025 04/08/2025 $1,001 - $15,000 Filing Status: New Subholding Of: JP Morgan Brokerage Account",,,False,100,TSCO,accepted,house_ptr_structure+v8_1,False,False,False,04/08/2025,False,,valid_range
20030291,Hon. Rob Bresnahan,Member,PA08,20030291.pdf,2025,111,,Truist Financial Corporation Common Stock,Truist Financial Corporation Common Stock,TFC,TFC,ST,S,2025-04-08,2025-04-08,1001.0,15000.0,,"$1,001 - $15,000",valid_range,New,JP Morgan Brokerage Account,,,,13,13,table,False,False,,False,0,False,False,100,True,20,False,https://disclosures-clerk.house.gov/public_disc/ptr-pdfs/2025/20030291.pdf,,,,Truist Financial Corporation Common Stock (TFC) [ST] Filing Status: New Subholding Of: JP Morgan Brokerage Ac,Truist Financial Corporation Common Stock (TFC) [ST],S ccount,04/08/2025,04/08/2025,"$1,001 - $15,000",,"Truist Financial Corporation Common Stock (TFC) [ST] S 04/08/2025 04/08/2025 $1,001 - $15,000 Filing Status: New Subholding Of: JP Morgan Brokerage Account",,,False,100,TFC,accepted,house_ptr_structure+v8_1,False,False,False,04/08/2025,False,,valid_range
20030291,Hon. Rob Bresnahan,Member,PA08,20030291.pdf,2025,112,,Union Pacific Corporation Common Stock,Union Pacific Corporation Common Stock,UNP,UNP,ST,P,2025-04-08,2025-04-08,1001.0,15000.0,,"$1,001 - $15,000",valid_range,New,JP Morgan Brokerage Account,,,,13,13,table,False,False,,False,0,False,True,100,True,20,False,https://disclosures-clerk.house.gov/public_disc/ptr-pdfs/2025/20030291.pdf,,,,Union Pacific Corporation Common Stock (UNP) [ST],Union Pacific Corporation Common Stock (UNP) [ST],P,04/08/2025,04/08/2025,"$1,001 - $15,000",Filing Status: New Subholding Of: JP Morgan Brokerage Account,"Union Pacific Corporation Common Stock (UNP) [ST] P 04/08/2025 04/08/2025 $1,001 - $15,000 Filing Status: New Subholding Of: JP Morgan Brokerage Account",,,False,100,UNP,accepted,house_ptr_structure+v8_1,False,False,False,04/08/2025,False,,valid_range
20030291,Hon. Rob Bresnahan,Member,PA08,20030291.pdf,2025,113,,"United Parcel Service, Inc. Common Stock","United Parcel Service, Inc. Common Stock",UPS,UPS,ST,P,2025-04-08,2025-04-08,1001.0,15000.0,,"$1,001 - $15,000",valid_range,New,JP Morgan Brokerage Account,,,,13,13,table,False,False,,False,0,False,False,100,True,20,False,https://disclosures-clerk.house.gov/public_disc/ptr-pdfs/2025/20030291.pdf,,,,"United Parcel Service, Inc. Common Stock (UPS) [ST] Filing Status: New Subholding Of: JP Morgan Brokerage Ac","United Parcel Service, Inc. Common Stock (UPS) [ST]",P ccount,04/08/2025,04/08/2025,"$1,001 - $15,000",,"United Parcel Service, Inc. Common Stock (UPS) [ST] P 04/08/2025 04/08/2025 $1,001 - $15,000 Filing Status: New Subholding Of: JP Morgan Brokerage Account",,,False,100,UPS,accepted,house_ptr_structure+v8_1,False,False,False,04/08/2025,False,,valid_range
20030291,Hon. Rob Bresnahan,Member,PA08,20030291.pdf,2025,114,,"United Rentals, Inc. Common Stock","United Rentals, Inc. Common Stock",URI,URI,ST,P,2025-04-08,2025-04-08,1001.0,15000.0,,"$1,001 - $15,000",valid_range,New,JP Morgan Brokerage Account,,,,13,13,table,False,False,,False,0,False,True,100,True,20,False,https://disclosures-clerk.house.gov/public_disc/ptr-pdfs/2025/20030291.pdf,,,,"United Rentals, Inc. Common Stock (URI) [ST]","United Rentals, Inc. Common Stock (URI) [ST]",P,04/08/2025,04/08/2025,"$1,001 - $15,000",Filing Status: New Subholding Of: JP Morgan Brokerage Account,"United Rentals, Inc. Common Stock (URI) [ST] P 04/08/2025 04/08/2025 $1,001 - $15,000 Filing Status: New Subholding Of: JP Morgan Brokerage Account",,,False,100,URI,accepted,house_ptr_structure+v8_1,False,False,False,04/08/2025,False,,valid_range
20030291,Hon. Rob Bresnahan,Member,PA08,20030291.pdf,2025,115,,UnitedHealth Group Incorporated Common Stock,UnitedHealth Group Incorporated Common Stock,UNH,UNH,ST,P,2025-04-08,2025-04-08,15001.0,50000.0,,"$15,001 - $50,000",valid_range,New,JP Morgan Brokerage Account,,,,13,14,table,False,False,,True,0,False,False,98,True,20,False,https://disclosures-clerk.house.gov/public_disc/ptr-pdfs/2025/20030291.pdf,,,,UnitedHealth Group Incorporated Common Stock (UNH) [ST] Filing Status: New,UnitedHealth Group Incorporated Common Stock (UNH) [ST] Subholding Of: JP Morgan Brokerage Account,P,04/08/2025,04/08/2025,"$15,001 - $50,000",Subholding Of: JP Morgan Brokerage Account,"UnitedHealth Group Incorporated Common Stock (UNH) [ST] P 04/08/2025 04/08/2025 $15,001 - $50,000 Filing Status: New Subholding Of: JP Morgan Brokerage Account",,,False,98,UNH,accepted,house_ptr_structure+v8_1,False,False,False,04/08/2025,False,,valid_range
20030291,Hon. Rob Bresnahan,Member,PA08,20030291.pdf,2025,116,,UNIV OF WA WA UNIV REVENUES REF-SER A,UNIV OF WA WA UNIV REVENUES REF-SER A,,,GS,P,2025-04-10,2025-04-10,50001.0,100000.0,,"$50,001 - $100,000",valid_range,New,JP Morgan Brokerage Account #4,,,,14,14,table,False,False,,False,0,False,True,100,True,20,False,https://disclosures-clerk.house.gov/public_disc/ptr-pdfs/2025/20030291.pdf,,,,UNIV OF WA WA UNIV REVENUES REF-SER A [GS],UNIV OF WA WA UNIV REVENUES REF-SER A [GS],P,04/10/2025,04/10/2025,"$50,001 - $100,000",Filing Status: New Subholding Of: JP Morgan Brokerage Account #4,"UNIV OF WA WA UNIV REVENUES REF-SER A [GS] P 04/10/2025 04/10/2025 $50,001 - $100,000 Filing Status: New Subholding Of: JP Morgan Brokerage Account #4",,,False,100,,not_applicable,,False,False,False,04/10/2025,False,,valid_range
20030291,Hon. Rob Bresnahan,Member,PA08,20030291.pdf,2025,117,,Verizon Communications Inc. Common Stock,Verizon Communications Inc. Common Stock,VZ,VZ,ST,P,2025-04-08,2025-04-08,15001.0,50000.0,,"$15,001 - $50,000",valid_range,New,JP Morgan Brokerage Account,,,,14,14,table,False,False,,False,0,False,False,100,True,20,False,https://disclosures-clerk.house.gov/public_disc/ptr-pdfs/2025/20030291.pdf,,,,Verizon Communications Inc. Common Stock (VZ) [ST] Filing Status: New Subholding Of: JP Morgan Brokerage Ac,Verizon Communications Inc. Common Stock (VZ) [ST],P ccount,04/08/2025,04/08/2025,"$15,001 - $50,000",,"Verizon Communications Inc. Common Stock (VZ) [ST] P 04/08/2025 04/08/2025 $15,001 - $50,000 Filing Status: New Subholding Of: JP Morgan Brokerage Account",,,False,100,VZ,accepted,house_ptr_structure+v8_1,False,False,False,04/08/2025,False,,valid_range
20030291,Hon. Rob Bresnahan,Member,PA08,20030291.pdf,2025,118,,Viatris Inc. - Common Stock,Viatris Inc. - Common Stock,VTRS,VTRS,ST,S,2025-04-08,2025-04-08,1001.0,15000.0,,"$1,001 - $15,000",valid_range,New,JP Morgan Brokerage Account,,,,14,14,table,False,False,,False,0,False,True,100,True,20,False,https://disclosures-clerk.house.gov/public_disc/ptr-pdfs/2025/20030291.pdf,,,,Viatris Inc. - Common Stock (VTRS) [ST],Viatris Inc. - Common Stock (VTRS) [ST],S,04/08/2025,04/08/2025,"$1,001 - $15,000",Filing Status: New Subholding Of: JP Morgan Brokerage Account,"Viatris Inc. - Common Stock (VTRS) [ST] S 04/08/2025 04/08/2025 $1,001 - $15,000 Filing Status: New Subholding Of: JP Morgan Brokerage Account",,,False,100,VTRS,accepted,house_ptr_structure+v8_1,False,False,False,04/08/2025,False,,valid_range
20030291,Hon. Rob Bresnahan,Member,PA08,20030291.pdf,2025,119,,Visa Inc.,Visa Inc.,V,V,ST,P,2025-04-08,2025-04-08,15001.0,50000.0,,"$15,001 - $50,000",valid_range,New,JP Morgan Brokerage Account,,,,14,14,table,False,False,,False,0,False,False,100,True,20,False,https://disclosures-clerk.house.gov/public_disc/ptr-pdfs/2025/20030291.pdf,,,,Visa Inc. (V) [ST] Filing Status: New Subholding Of: JP Morgan Brokerage Ac,Visa Inc. (V) [ST],P ccount,04/08/2025,04/08/2025,"$15,001 - $50,000",,"Visa Inc. (V) [ST] P 04/08/2025 04/08/2025 $15,001 - $50,000 Filing Status: New Subholding Of: JP Morgan Brokerage Account",,,False,100,V,accepted,house_ptr_structure+v8_1,False,False,False,04/08/2025,False,,valid_range
20030291,Hon. Rob Bresnahan,Member,PA08,20030291.pdf,2025,120,,Walt Disney Company,Walt Disney Company,DIS,DIS,ST,S,2025-04-08,2025-04-08,1001.0,15000.0,,"$1,001 - $15,000",valid_range,New,JP Morgan Brokerage Account,,,,14,14,table,False,False,,False,0,False,True,100,True,20,False,https://disclosures-clerk.house.gov/public_disc/ptr-pdfs/2025/20030291.pdf,,,,Walt Disney Company (DIS) [ST],Walt Disney Company (DIS) [ST],S,04/08/2025,04/08/2025,"$1,001 - $15,000",Filing Status: New Subholding Of: JP Morgan Brokerage Account,"Walt Disney Company (DIS) [ST] S 04/08/2025 04/08/2025 $1,001 - $15,000 Filing Status: New Subholding Of: JP Morgan Brokerage Account",,,False,100,DIS,accepted,house_ptr_structure+v8_1,False,False,False,04/08/2025,False,,valid_range
20030291,Hon. Rob Bresnahan,Member,PA08,20030291.pdf,2025,121,,Waters Corporation Common Stock,Waters Corporation Common Stock,WAT,WAT,ST,S,2025-04-08,2025-04-08,1001.0,15000.0,,"$1,001 - $15,000",valid_range,New,JP Morgan Brokerage Account,,,,14,14,table,False,False,,False,0,False,False,100,True,20,False,https://disclosures-clerk.house.gov/public_disc/ptr-pdfs/2025/20030291.pdf,,,,Waters Corporation Common Stock (WAT) [ST] Filing Status: New Subholding Of: JP Morgan Brokerage Ac,Waters Corporation Common Stock (WAT) [ST],S ccount,04/08/2025,04/08/2025,"$1,001 - $15,000",,"Waters Corporation Common Stock (WAT) [ST] S 04/08/2025 04/08/2025 $1,001 - $15,000 Filing Status: New Subholding Of: JP Morgan Brokerage Account",,,False,100,WAT,accepted,house_ptr_structure+v8_1,False,False,False,04/08/2025,False,,valid_range
20030291,Hon. Rob Bresnahan,Member,PA08,20030291.pdf,2025,122,,"WEC Energy Group, Inc. Common Stock","WEC Energy Group, Inc. Common Stock",WEC,WEC,ST,P,2025-04-08,2025-04-08,1001.0,15000.0,,"$1,001 - $15,000",valid_range,New,JP Morgan Brokerage Account,,,,14,14,table,False,False,,False,0,False,True,100,True,20,False,https://disclosures-clerk.house.gov/public_disc/ptr-pdfs/2025/20030291.pdf,,,,"WEC Energy Group, Inc. Common Stock (WEC) [ST]","WEC Energy Group, Inc. Common Stock (WEC) [ST]",P,04/08/2025,04/08/2025,"$1,001 - $15,000",Filing Status: New Subholding Of: JP Morgan Brokerage Account,"WEC Energy Group, Inc. Common Stock (WEC) [ST] P 04/08/2025 04/08/2025 $1,001 - $15,000 Filing Status: New Subholding Of: JP Morgan Brokerage Account",,,False,100,WEC,accepted,house_ptr_structure+v8_1,False,False,False,04/08/2025,False,,valid_range
20030291,Hon. Rob Bresnahan,Member,PA08,20030291.pdf,2025,123,,"West Pharmaceutical Services, Inc. Common Stock","West Pharmaceutical Services, Inc. Common Stock",WST,WST,ST,S,2025-04-08,2025-04-08,1001.0,15000.0,,"$1,001 - $15,000",valid_range,New,JP Morgan Brokerage Account,,,,14,14,table,False,False,,False,0,False,False,100,True,20,False,https://disclosures-clerk.house.gov/public_disc/ptr-pdfs/2025/20030291.pdf,,,,"West Pharmaceutical Services, Inc. Common Stock (WST) [ST] Filing Status: New Subholding Of: JP Morgan Brokerage Ac","West Pharmaceutical Services, Inc. Common Stock (WST) [ST]",S ccount,04/08/2025,04/08/2025,"$1,001 - $15,000",,"West Pharmaceutical Services, Inc. Common Stock (WST) [ST] S 04/08/2025 04/08/2025 $1,001 - $15,000 Filing Status: New Subholding Of: JP Morgan Brokerage Account",,,False,100,WST,accepted,house_ptr_structure+v8_1,False,False,False,04/08/2025,False,,valid_range
20030291,Hon. Rob Bresnahan,Member,PA08,20030291.pdf,2025,124,,Western Digital Corporation - Common Stock,Western Digital Corporation - Common Stock,WDC,WDC,ST,S,2025-04-11,2025-04-11,1001.0,15000.0,,"$1,001 - $15,000",valid_range,New,JP Morgan Brokerage Account #2 Type Date Gains > $200?,,,,14,15,table,False,False,,True,0,False,True,98,True,20,False,https://disclosures-clerk.house.gov/public_disc/ptr-pdfs/2025/20030291.pdf,,,,Western Digital Corporation - Common Stock (WDC) [ST],Western Digital Corporation - Common Stock (WDC) [ST],S,04/11/2025,04/11/2025,"$1,001 - $15,000",Filing Status: New Subholding Of: JP Morgan Brokerage Account #2 Type Date Gains > $200?,"Western Digital Corporation - Common Stock (WDC) [ST] S 04/11/2025 04/11/2025 $1,001 - $15,000 Filing Status: New Subholding Of: JP Morgan Brokerage Account #2 Type Date Gains > $200?",,,False,98,WDC,accepted,house_ptr_structure+v8_1,False,False,False,04/11/2025,False,,valid_range
20030291,Hon. Rob Bresnahan,Member,PA08,20030291.pdf,2025,125,,Western Digital Corporation - Common Stock,Western Digital Corporation - Common Stock,WDC,WDC,ST,S (partial),2025-04-10,2025-04-10,1001.0,15000.0,,"$1,001 - $15,000",valid_range,New,JP Morgan Brokerage Account #2,,,,15,15,table,False,False,,False,0,False,False,100,True,20,False,https://disclosures-clerk.house.gov/public_disc/ptr-pdfs/2025/20030291.pdf,,,,Western Digital Corporation - Common Stock (WDC) [ST] Filing Status: New Subholding Of: JP Morgan Brokerage Ac,Western Digital Corporation - Common Stock (WDC) [ST],S (partial) ccount #2,04/10/2025,04/10/2025,"$1,001 - $15,000",,"Western Digital Corporation - Common Stock (WDC) [ST] S (partial) 04/10/2025 04/10/2025 $1,001 - $15,000 Filing Status: New Subholding Of: JP Morgan Brokerage Account #2",,,False,100,WDC,accepted,house_ptr_structure+v8_1,False,False,False,04/10/2025,False,,valid_range
20030291,Hon. Rob Bresnahan,Member,PA08,20030291.pdf,2025,126,,"Workday, Inc. - Class A Common Stock","Workday, Inc. - Class A Common Stock",WDAY,WDAY,ST,P,2025-04-08,2025-04-08,1001.0,15000.0,,"$1,001 - $15,000",valid_range,New,JP Morgan Brokerage Account,,,,15,15,table,False,False,,False,0,False,True,100,True,20,False,https://disclosures-clerk.house.gov/public_disc/ptr-pdfs/2025/20030291.pdf,,,,"Workday, Inc. - Class A Common Stock (WDAY) [ST]","Workday, Inc. - Class A Common Stock (WDAY) [ST]",P,04/08/2025,04/08/2025,"$1,001 - $15,000",Filing Status: New Subholding Of: JP Morgan Brokerage Account,"Workday, Inc. - Class A Common Stock (WDAY) [ST] P 04/08/2025 04/08/2025 $1,001 - $15,000 Filing Status: New Subholding Of: JP Morgan Brokerage Account",,,False,100,WDAY,accepted,house_ptr_structure+v8_1,False,False,False,04/08/2025,False,,valid_range
20030291,Hon. Rob Bresnahan,Member,PA08,20030291.pdf,2025,127,,"Zimmer Biomet Holdings, Inc. Common Stock","Zimmer Biomet Holdings, Inc. Common Stock",ZBH,ZBH,ST,P,2025-04-08,2025-04-08,1001.0,15000.0,,"$1,001 - $15,000",valid_range,New,JP Morgan Brokerage Account,,,,15,15,table,False,False,,False,0,False,False,100,True,20,False,https://disclosures-clerk.house.gov/public_disc/ptr-pdfs/2025/20030291.pdf,,,,"Zimmer Biomet Holdings, Inc. Common Stock (ZBH) [ST] Filing Status: New Subholding Of: JP Morgan Brokerage Ac","Zimmer Biomet Holdings, Inc. Common Stock (ZBH) [ST]",P ccount,04/08/2025,04/08/2025,"$1,001 - $15,000",,"Zimmer Biomet Holdings, Inc. Common Stock (ZBH) [ST] P 04/08/2025 04/08/2025 $1,001 - $15,000 Filing Status: New Subholding Of: JP Morgan Brokerage Account",,,False,100,ZBH,accepted,house_ptr_structure+v8_1,False,False,False,04/08/2025,False,,valid_range
