filing_id,politician,member_status,state_district,source_pdf,source_year,transaction_number_in_filing,owner,asset_v8_2_cleaned,asset_v8_1,ticker_v8_2_cleaned,ticker_v8_1,asset_type,transaction_type,transaction_date,notification_date,amount_min,amount_max,amount_exact,amount_category,amount_status,filing_status,subholding,location,description,comments,page,last_page,page_parse_method,page_recovery_used,filing_page_completeness_issue,suspected_missed_pages,page_continuation_used,duplicate_geometry_rows_merged,possible_adjacent_same_signature,row_shaded,geometry_quality_score,unicode_repair_applied,unicode_repair_count,needs_review,original_pdf_url,review_level,review_reason,owner_raw,asset_raw,asset_lookup_context,transaction_type_raw,transaction_date_raw,notification_date_raw,amount_raw,continuation_raw,detail_raw,review_reason_v8_1,review_level_v8_1,needs_review_v8_1,geometry_quality_score_v8_1,ticker_candidate_raw,ticker_parse_status,ticker_validation_source,ticker_changed,asset_changed_by_ticker_resolver,raw_date_has_extra_text,raw_date_prefix,date_prefix_disagrees,amount_exact_before_p2,amount_status_before_p2
20030387,Hon. Jefferson Shreve,Member,IN06,20030387.pdf,2025,1,,3M Company Common Stock,3M Company Common Stock,MMM,MMM,ST,S,2025-05-12,2025-05-15,15001.0,50000.0,,"$15,001 - $50,000",valid_range,New,CRT - Standard Unit Trust,,Account Closing,,1,1,table,False,False,,False,0,False,False,100,True,30,False,https://disclosures-clerk.house.gov/public_disc/ptr-pdfs/2025/20030387.pdf,,,,3M Company Common Stock (MMM) [ST] Filing Status: New Subholding Of: CRT - Standard Unit Tru Description: Account Closing,3M Company Common Stock (MMM) [ST],S ust,05/12/2025,05/15/2025,"$15,001 - $50,000",,"3M Company Common Stock (MMM) [ST] S 05/12/2025 05/15/2025 $15,001 - $50,000 Filing Status: New Subholding Of: CRT - Standard Unit Trust Description: Account Closing",,,False,100,MMM,accepted,house_ptr_structure+v8_1,False,False,False,05/12/2025,False,,valid_range
20030387,Hon. Jefferson Shreve,Member,IN06,20030387.pdf,2025,2,,Abbott Laboratories Common Stock,Abbott Laboratories Common Stock,ABT,ABT,ST,S,2025-05-12,2025-05-15,50001.0,100000.0,,"$50,001 - $100,000",valid_range,New,CRT - Standard Unit Trust,,Account Closing,,1,1,table,False,False,,False,0,False,True,100,True,30,False,https://disclosures-clerk.house.gov/public_disc/ptr-pdfs/2025/20030387.pdf,,,,Abbott Laboratories Common Stock (ABT) [ST],Abbott Laboratories Common Stock (ABT) [ST],S,05/12/2025,05/15/2025,"$50,001 - $100,000",Filing Status: New Subholding Of: CRT - Standard Unit Trust Description: Account Closing,"Abbott Laboratories Common Stock (ABT) [ST] S 05/12/2025 05/15/2025 $50,001 - $100,000 Filing Status: New Subholding Of: CRT - Standard Unit Trust Description: Account Closing",,,False,100,ABT,accepted,house_ptr_structure+v8_1,False,False,False,05/12/2025,False,,valid_range
20030387,Hon. Jefferson Shreve,Member,IN06,20030387.pdf,2025,3,,Adobe Inc. - Common Stock,Adobe Inc. - Common Stock,ADBE,ADBE,ST,S,2025-05-12,2025-05-15,15001.0,50000.0,,"$15,001 - $50,000",valid_range,New,CRT - Standard Unit Trust,,Account Closing,,1,1,table,False,False,,False,0,False,False,100,True,30,False,https://disclosures-clerk.house.gov/public_disc/ptr-pdfs/2025/20030387.pdf,,,,Adobe Inc. - Common Stock (ADBE) [ST] Filing Status: New Subholding Of: CRT - Standard Unit Tru Description: Account Closing,Adobe Inc. - Common Stock (ADBE) [ST],S ust,05/12/2025,05/15/2025,"$15,001 - $50,000",,"Adobe Inc. - Common Stock (ADBE) [ST] S 05/12/2025 05/15/2025 $15,001 - $50,000 Filing Status: New Subholding Of: CRT - Standard Unit Trust Description: Account Closing",,,False,100,ADBE,accepted,house_ptr_structure+v8_1,False,False,False,05/12/2025,False,,valid_range
20030387,Hon. Jefferson Shreve,Member,IN06,20030387.pdf,2025,4,,Adobe Inc. - Common Stock,Adobe Inc. - Common Stock,ADBE,ADBE,ST,P,2025-05-08,2025-05-15,15001.0,50000.0,,"$15,001 - $50,000",valid_range,New,CRT - Standard Unit Trust,,Portfolio Rebalance,,1,1,table,False,False,,False,0,False,True,100,True,30,False,https://disclosures-clerk.house.gov/public_disc/ptr-pdfs/2025/20030387.pdf,,,,Adobe Inc. - Common Stock (ADBE) [ST],Adobe Inc. - Common Stock (ADBE) [ST],P,05/08/2025,05/15/2025,"$15,001 - $50,000",Filing Status: New Subholding Of: CRT - Standard Unit Trust Description: Portfolio Rebalance,"Adobe Inc. - Common Stock (ADBE) [ST] P 05/08/2025 05/15/2025 $15,001 - $50,000 Filing Status: New Subholding Of: CRT - Standard Unit Trust Description: Portfolio Rebalance",,,False,100,ADBE,accepted,house_ptr_structure+v8_1,False,False,False,05/08/2025,False,,valid_range
20030387,Hon. Jefferson Shreve,Member,IN06,20030387.pdf,2025,5,,"Advanced Micro Devices, Inc.","Advanced Micro Devices, Inc.",AMD,AMD,ST,S,2025-05-12,2025-05-15,50001.0,100000.0,,"$50,001 - $100,000",valid_range,New,CRT - Standard Unit Trust,,Account Closing,,1,1,table,False,False,,False,0,False,False,100,True,30,False,https://disclosures-clerk.house.gov/public_disc/ptr-pdfs/2025/20030387.pdf,,,,"Advanced Micro Devices, Inc. (AMD) [ST] Filing Status: New Subholding Of: CRT - Standard Unit Tru Description: Account Closing","Advanced Micro Devices, Inc. (AMD) [ST]",S ust,05/12/2025,05/15/2025,"$50,001 - $100,000",,"Advanced Micro Devices, Inc. (AMD) [ST] S 05/12/2025 05/15/2025 $50,001 - $100,000 Filing Status: New Subholding Of: CRT - Standard Unit Trust Description: Account Closing",,,False,100,AMD,accepted,house_ptr_structure+v8_1,False,False,False,05/12/2025,False,,valid_range
20030387,Hon. Jefferson Shreve,Member,IN06,20030387.pdf,2025,6,,"Advanced Micro Devices, Inc. - Common Stock","Advanced Micro Devices, Inc. - Common Stock",AMD,AMD,ST,P,2025-05-08,2025-05-15,15001.0,50000.0,,"$15,001 - $50,000",valid_range,New,CRT - Standard Unit Trust,,Portfolio Rebalance,,2,2,table,False,False,,False,0,False,True,100,True,30,False,https://disclosures-clerk.house.gov/public_disc/ptr-pdfs/2025/20030387.pdf,,,,"Advanced Micro Devices, Inc. - Common Stock (AMD) [ST]","Advanced Micro Devices, Inc. - Common Stock (AMD) [ST]",P,05/08/2025,05/15/2025,"$15,001 - $50,000",Filing Status: New Subholding Of: CRT - Standard Unit Trust Description: Portfolio Rebalance,"Advanced Micro Devices, Inc. - Common Stock (AMD) [ST] P 05/08/2025 05/15/2025 $15,001 - $50,000 Filing Status: New Subholding Of: CRT - Standard Unit Trust Description: Portfolio Rebalance",,,False,100,AMD,accepted,house_ptr_structure+v8_1,False,False,False,05/08/2025,False,,valid_range
20030387,Hon. Jefferson Shreve,Member,IN06,20030387.pdf,2025,7,,"Agilent Technologies, Inc. Common Stock","Agilent Technologies, Inc. Common Stock",A,A,ST,S,2025-05-12,2025-05-15,15001.0,50000.0,,"$15,001 - $50,000",valid_range,New,CRT - Standard Unit Trust,,Account Closing,,2,2,table,False,False,,False,0,False,False,100,True,30,False,https://disclosures-clerk.house.gov/public_disc/ptr-pdfs/2025/20030387.pdf,,,,"Agilent Technologies, Inc. Common Stock (A) [ST] Filing Status: New Subholding Of: CRT - Standard Unit Tru Description: Account Closing","Agilent Technologies, Inc. Common Stock (A) [ST]",S ust,05/12/2025,05/15/2025,"$15,001 - $50,000",,"Agilent Technologies, Inc. Common Stock (A) [ST] S 05/12/2025 05/15/2025 $15,001 - $50,000 Filing Status: New Subholding Of: CRT - Standard Unit Trust Description: Account Closing",,,False,100,A,accepted,house_ptr_structure+v8_1,False,False,False,05/12/2025,False,,valid_range
20030387,Hon. Jefferson Shreve,Member,IN06,20030387.pdf,2025,8,,"Akamai Technologies, Inc. - Common Stock","Akamai Technologies, Inc. - Common Stock",AKAM,AKAM,ST,S,2025-05-12,2025-05-15,15001.0,50000.0,,"$15,001 - $50,000",valid_range,New,CRT - Standard Unit Trust,,Account Closing,,2,2,table,False,False,,False,0,False,True,100,True,30,False,https://disclosures-clerk.house.gov/public_disc/ptr-pdfs/2025/20030387.pdf,,,,"Akamai Technologies, Inc. - Common Stock (AKAM) [ST]","Akamai Technologies, Inc. - Common Stock (AKAM) [ST]",S,05/12/2025,05/15/2025,"$15,001 - $50,000",Filing Status: New Subholding Of: CRT - Standard Unit Trust Description: Account Closing,"Akamai Technologies, Inc. - Common Stock (AKAM) [ST] S 05/12/2025 05/15/2025 $15,001 - $50,000 Filing Status: New Subholding Of: CRT - Standard Unit Trust Description: Account Closing",,,False,100,AKAM,accepted,house_ptr_structure+v8_1,False,False,False,05/12/2025,False,,valid_range
20030387,Hon. Jefferson Shreve,Member,IN06,20030387.pdf,2025,9,,Albemarle Corporation Common Stock,Albemarle Corporation Common Stock,ALB,ALB,ST,S,2025-05-12,2025-05-15,15001.0,50000.0,,"$15,001 - $50,000",valid_range,New,CRT - Standard Unit Trust,,Account Closing,,2,2,table,False,False,,False,0,False,False,100,True,30,False,https://disclosures-clerk.house.gov/public_disc/ptr-pdfs/2025/20030387.pdf,,,,Albemarle Corporation Common Stock (ALB) [ST] Filing Status: New Subholding Of: CRT - Standard Unit Tru Description: Account Closing,Albemarle Corporation Common Stock (ALB) [ST],S ust,05/12/2025,05/15/2025,"$15,001 - $50,000",,"Albemarle Corporation Common Stock (ALB) [ST] S 05/12/2025 05/15/2025 $15,001 - $50,000 Filing Status: New Subholding Of: CRT - Standard Unit Trust Description: Account Closing",,,False,100,ALB,accepted,house_ptr_structure+v8_1,False,False,False,05/12/2025,False,,valid_range
20030387,Hon. Jefferson Shreve,Member,IN06,20030387.pdf,2025,10,,"Alnylam Pharmaceuticals, Inc. - Common Stock","Alnylam Pharmaceuticals, Inc. - Common Stock",ALNY,ALNY,ST,S,2025-05-12,2025-05-15,15001.0,50000.0,,"$15,001 - $50,000",valid_range,New,CRT - Standard Unit Trust,,Account Closing,,2,2,table,False,False,,False,0,False,True,100,True,30,False,https://disclosures-clerk.house.gov/public_disc/ptr-pdfs/2025/20030387.pdf,,,,"Alnylam Pharmaceuticals, Inc. - Common Stock (ALNY) [ST]","Alnylam Pharmaceuticals, Inc. - Common Stock (ALNY) [ST]",S,05/12/2025,05/15/2025,"$15,001 - $50,000",Filing Status: New Subholding Of: CRT - Standard Unit Trust Description: Account Closing,"Alnylam Pharmaceuticals, Inc. - Common Stock (ALNY) [ST] S 05/12/2025 05/15/2025 $15,001 - $50,000 Filing Status: New Subholding Of: CRT - Standard Unit Trust Description: Account Closing",,,False,100,ALNY,accepted,house_ptr_structure+v8_1,False,False,False,05/12/2025,False,,valid_range
20030387,Hon. Jefferson Shreve,Member,IN06,20030387.pdf,2025,11,,Alphabet Inc. - Class A Common Stock,Alphabet Inc. - Class A Common Stock,GOOGL,GOOGL,ST,S,2025-05-12,2025-05-15,100001.0,250000.0,,"$100,001 - $250,000",valid_range,New,CRT - Standard Unit Trust,,Account Closing,,2,2,table,False,False,,False,0,False,False,100,True,30,False,https://disclosures-clerk.house.gov/public_disc/ptr-pdfs/2025/20030387.pdf,,,,Alphabet Inc. - Class A Common Stock (GOOGL) [ST] Filing Status: New Subholding Of: CRT - Standard Unit Tru Description: Account Closing,Alphabet Inc. - Class A Common Stock (GOOGL) [ST],S ust,05/12/2025,05/15/2025,"$100,001 - $250,000",,"Alphabet Inc. - Class A Common Stock (GOOGL) [ST] S 05/12/2025 05/15/2025 $100,001 - $250,000 Filing Status: New Subholding Of: CRT - Standard Unit Trust Description: Account Closing",,,False,100,GOOGL,accepted,house_ptr_structure+v8_1,False,False,False,05/12/2025,False,,valid_range
20030387,Hon. Jefferson Shreve,Member,IN06,20030387.pdf,2025,12,,Alphabet Inc. - Class C Capital Stock,Alphabet Inc. - Class C Capital Stock,GOOG,GOOG,ST,S,2025-05-12,2025-05-15,100001.0,250000.0,,"$100,001 - $250,000",valid_range,New,CRT - Standard Unit Trust,,Account Closing,,2,2,table,False,False,,False,0,False,True,100,True,30,False,https://disclosures-clerk.house.gov/public_disc/ptr-pdfs/2025/20030387.pdf,,,,Alphabet Inc. - Class C Capital Stock (GOOG) [ST],Alphabet Inc. - Class C Capital Stock (GOOG) [ST],S,05/12/2025,05/15/2025,"$100,001 - $250,000",Filing Status: New Subholding Of: CRT - Standard Unit Trust Description: Account Closing,"Alphabet Inc. - Class C Capital Stock (GOOG) [ST] S 05/12/2025 05/15/2025 $100,001 - $250,000 Filing Status: New Subholding Of: CRT - Standard Unit Trust Description: Account Closing",,,False,100,GOOG,accepted,house_ptr_structure+v8_1,False,False,False,05/12/2025,False,,valid_range
20030387,Hon. Jefferson Shreve,Member,IN06,20030387.pdf,2025,13,,"Amazon.com, Inc. - Common Stock","Amazon.com, Inc. - Common Stock",AMZN,AMZN,ST,S,2025-05-12,2025-05-15,250001.0,500000.0,,"$250,001 - $500,000",valid_range,New,CRT - Standard Unit Trust,,Account Closing,,2,3,table,False,False,,True,0,False,False,98,True,30,False,https://disclosures-clerk.house.gov/public_disc/ptr-pdfs/2025/20030387.pdf,,,,"Amazon.com, Inc. - Common Stock (AMZN) [ST] Filing Status: New","Amazon.com, Inc. - Common Stock (AMZN) [ST] Subholding Of: CRT - Standard Unit Trust Description: Account Closing",S,05/12/2025,05/15/2025,"$250,001 - $500,000",Subholding Of: CRT - Standard Unit Trust Description: Account Closing,"Amazon.com, Inc. - Common Stock (AMZN) [ST] S 05/12/2025 05/15/2025 $250,001 - $500,000 Filing Status: New Subholding Of: CRT - Standard Unit Trust Description: Account Closing",,,False,98,AMZN,accepted,house_ptr_structure+v8_1,False,False,False,05/12/2025,False,,valid_range
20030387,Hon. Jefferson Shreve,Member,IN06,20030387.pdf,2025,14,,"American Eagle Outfitters, Inc. Common Stock","American Eagle Outfitters, Inc. Common Stock",AEO,AEO,ST,P,2025-05-08,2025-05-15,15001.0,50000.0,,"$15,001 - $50,000",valid_range,New,CRT - Standard Unit Trust,,Portfolio Rebalance,,3,3,table,False,False,,False,0,False,True,100,True,30,False,https://disclosures-clerk.house.gov/public_disc/ptr-pdfs/2025/20030387.pdf,,,,"American Eagle Outfitters, Inc. Common Stock (AEO) [ST]","American Eagle Outfitters, Inc. Common Stock (AEO) [ST]",P,05/08/2025,05/15/2025,"$15,001 - $50,000",Filing Status: New Subholding Of: CRT - Standard Unit Trust Description: Portfolio Rebalance,"American Eagle Outfitters, Inc. Common Stock (AEO) [ST] P 05/08/2025 05/15/2025 $15,001 - $50,000 Filing Status: New Subholding Of: CRT - Standard Unit Trust Description: Portfolio Rebalance",,,False,100,AEO,accepted,house_ptr_structure+v8_1,False,False,False,05/08/2025,False,,valid_range
20030387,Hon. Jefferson Shreve,Member,IN06,20030387.pdf,2025,15,,"American Eagle Outfitters, Inc. Common Stock","American Eagle Outfitters, Inc. Common Stock",AEO,AEO,ST,S,2025-05-12,2025-05-15,15001.0,50000.0,,"$15,001 - $50,000",valid_range,New,CRT - Standard Unit Trust,,Account Closing,,3,3,table,False,False,,False,0,False,False,100,True,30,False,https://disclosures-clerk.house.gov/public_disc/ptr-pdfs/2025/20030387.pdf,,,,"American Eagle Outfitters, Inc. Common Stock (AEO) [ST] Filing Status: New Subholding Of: CRT - Standard Unit Tru Description: Account Closing","American Eagle Outfitters, Inc. Common Stock (AEO) [ST]",S ust,05/12/2025,05/15/2025,"$15,001 - $50,000",,"American Eagle Outfitters, Inc. Common Stock (AEO) [ST] S 05/12/2025 05/15/2025 $15,001 - $50,000 Filing Status: New Subholding Of: CRT - Standard Unit Trust Description: Account Closing",,,False,100,AEO,accepted,house_ptr_structure+v8_1,False,False,False,05/12/2025,False,,valid_range
20030387,Hon. Jefferson Shreve,Member,IN06,20030387.pdf,2025,16,,American Express Company Common Stock,American Express Company Common Stock,AXP,AXP,ST,S,2025-05-12,2025-05-15,15001.0,50000.0,,"$15,001 - $50,000",valid_range,New,CRT - Standard Unit Trust,,Account Closing,,3,3,table,False,False,,False,0,False,True,100,True,30,False,https://disclosures-clerk.house.gov/public_disc/ptr-pdfs/2025/20030387.pdf,,,,American Express Company Common Stock (AXP) [ST],American Express Company Common Stock (AXP) [ST],S,05/12/2025,05/15/2025,"$15,001 - $50,000",Filing Status: New Subholding Of: CRT - Standard Unit Trust Description: Account Closing,"American Express Company Common Stock (AXP) [ST] S 05/12/2025 05/15/2025 $15,001 - $50,000 Filing Status: New Subholding Of: CRT - Standard Unit Trust Description: Account Closing",,,False,100,AXP,accepted,house_ptr_structure+v8_1,False,False,False,05/12/2025,False,,valid_range
20030387,Hon. Jefferson Shreve,Member,IN06,20030387.pdf,2025,17,,American Express Company Common Stock,American Express Company Common Stock,AXP,AXP,ST,P,2025-05-08,2025-05-15,15001.0,50000.0,,"$15,001 - $50,000",valid_range,New,CRT - Standard Unit Trust,,Portfolio Rebalance,,3,3,table,False,False,,False,0,False,False,100,True,30,False,https://disclosures-clerk.house.gov/public_disc/ptr-pdfs/2025/20030387.pdf,,,,American Express Company Common Stock (AXP) [ST] Filing Status: New Subholding Of: CRT - Standard Unit Tru Description: Portfolio Rebalance,American Express Company Common Stock (AXP) [ST],P ust,05/08/2025,05/15/2025,"$15,001 - $50,000",,"American Express Company Common Stock (AXP) [ST] P 05/08/2025 05/15/2025 $15,001 - $50,000 Filing Status: New Subholding Of: CRT - Standard Unit Trust Description: Portfolio Rebalance",,,False,100,AXP,accepted,house_ptr_structure+v8_1,False,False,False,05/08/2025,False,,valid_range
20030387,Hon. Jefferson Shreve,Member,IN06,20030387.pdf,2025,18,,"American International Group, Inc. New Common Stock","American International Group, Inc. New Common Stock",AIG,AIG,ST,S,2025-05-12,2025-05-15,15001.0,50000.0,,"$15,001 - $50,000",valid_range,New,CRT - Standard Unit Trust,,Account Closing,,3,3,table,False,False,,False,0,False,True,100,True,30,False,https://disclosures-clerk.house.gov/public_disc/ptr-pdfs/2025/20030387.pdf,,,,"American International Group, Inc. New Common Stock (AIG) [ST]","American International Group, Inc. New Common Stock (AIG) [ST]",S,05/12/2025,05/15/2025,"$15,001 - $50,000",Filing Status: New Subholding Of: CRT - Standard Unit Trust Description: Account Closing,"American International Group, Inc. New Common Stock (AIG) [ST] S 05/12/2025 05/15/2025 $15,001 - $50,000 Filing Status: New Subholding Of: CRT - Standard Unit Trust Description: Account Closing",,,False,100,AIG,accepted,house_ptr_structure+v8_1,False,False,False,05/12/2025,False,,valid_range
20030387,Hon. Jefferson Shreve,Member,IN06,20030387.pdf,2025,19,,American Tower Corporation,American Tower Corporation,AMT,AMT,ST,S,2025-05-12,2025-05-15,15001.0,50000.0,,"$15,001 - $50,000",valid_range,New,CRT - Standard Unit Trust,,Account Closing,,3,3,table,False,False,,False,0,False,False,100,True,30,False,https://disclosures-clerk.house.gov/public_disc/ptr-pdfs/2025/20030387.pdf,,,,American Tower Corporation (AMT) [ST] Filing Status: New Subholding Of: CRT - Standard Unit Tru Description: Account Closing,American Tower Corporation (AMT) [ST],S ust,05/12/2025,05/15/2025,"$15,001 - $50,000",,"American Tower Corporation (AMT) [ST] S 05/12/2025 05/15/2025 $15,001 - $50,000 Filing Status: New Subholding Of: CRT - Standard Unit Trust Description: Account Closing",,,False,100,AMT,accepted,house_ptr_structure+v8_1,False,False,False,05/12/2025,False,,valid_range
20030387,Hon. Jefferson Shreve,Member,IN06,20030387.pdf,2025,20,,"American Water Works Company, Inc. Common Stock","American Water Works Company, Inc. Common Stock",AWK,AWK,ST,S,2025-05-12,2025-05-15,15001.0,50000.0,,"$15,001 - $50,000",valid_range,New,CRT - Standard Unit Trust,,Account Closing,,3,3,table,False,False,,False,0,False,True,100,True,30,False,https://disclosures-clerk.house.gov/public_disc/ptr-pdfs/2025/20030387.pdf,,,,"American Water Works Company, Inc. Common Stock (AWK) [ST]","American Water Works Company, Inc. Common Stock (AWK) [ST]",S,05/12/2025,05/15/2025,"$15,001 - $50,000",Filing Status: New Subholding Of: CRT - Standard Unit Trust Description: Account Closing,"American Water Works Company, Inc. Common Stock (AWK) [ST] S 05/12/2025 05/15/2025 $15,001 - $50,000 Filing Status: New Subholding Of: CRT - Standard Unit Trust Description: Account Closing",,,False,100,AWK,accepted,house_ptr_structure+v8_1,False,False,False,05/12/2025,False,,valid_range
20030387,Hon. Jefferson Shreve,Member,IN06,20030387.pdf,2025,21,,Amgen Inc. - Common Stock,Amgen Inc. - Common Stock,AMGN,AMGN,ST,S,2025-05-12,2025-05-15,15001.0,50000.0,,"$15,001 - $50,000",valid_range,New,CRT - Standard Unit Trust,,Account Closing,,4,4,table,False,False,,False,0,False,False,100,True,30,False,https://disclosures-clerk.house.gov/public_disc/ptr-pdfs/2025/20030387.pdf,,,,Amgen Inc. - Common Stock (AMGN) [ST] Filing Status: New Subholding Of: CRT - Standard Unit Tru Description: Account Closing,Amgen Inc. - Common Stock (AMGN) [ST],S ust,05/12/2025,05/15/2025,"$15,001 - $50,000",,"Amgen Inc. - Common Stock (AMGN) [ST] S 05/12/2025 05/15/2025 $15,001 - $50,000 Filing Status: New Subholding Of: CRT - Standard Unit Trust Description: Account Closing",,,False,100,AMGN,accepted,house_ptr_structure+v8_1,False,False,False,05/12/2025,False,,valid_range
20030387,Hon. Jefferson Shreve,Member,IN06,20030387.pdf,2025,22,,"Analog Devices, Inc. - Common Stock","Analog Devices, Inc. - Common Stock",ADI,ADI,ST,S,2025-05-12,2025-05-15,15001.0,50000.0,,"$15,001 - $50,000",valid_range,New,CRT - Standard Unit Trust,,Account Closing,,4,4,table,False,False,,False,0,False,True,100,True,30,False,https://disclosures-clerk.house.gov/public_disc/ptr-pdfs/2025/20030387.pdf,,,,"Analog Devices, Inc. - Common Stock (ADI) [ST]","Analog Devices, Inc. - Common Stock (ADI) [ST]",S,05/12/2025,05/15/2025,"$15,001 - $50,000",Filing Status: New Subholding Of: CRT - Standard Unit Trust Description: Account Closing,"Analog Devices, Inc. - Common Stock (ADI) [ST] S 05/12/2025 05/15/2025 $15,001 - $50,000 Filing Status: New Subholding Of: CRT - Standard Unit Trust Description: Account Closing",,,False,100,ADI,accepted,house_ptr_structure+v8_1,False,False,False,05/12/2025,False,,valid_range
20030387,Hon. Jefferson Shreve,Member,IN06,20030387.pdf,2025,23,,Aon plc Class A Ordinary Shares,Aon plc Class A Ordinary Shares,AON,AON,ST,S,2025-05-08,2025-05-15,15001.0,50000.0,,"$15,001 - $50,000",valid_range,New,CRT - Standard Unit Trust,,Portfolio Rebalance,,4,4,table,False,False,,False,0,False,False,100,True,30,False,https://disclosures-clerk.house.gov/public_disc/ptr-pdfs/2025/20030387.pdf,,,,Aon plc Class A Ordinary Shares (AON) [ST] Filing Status: New Subholding Of: CRT - Standard Unit Tru Description: Portfolio Rebalance,Aon plc Class A Ordinary Shares (AON) [ST],S ust,05/08/2025,05/15/2025,"$15,001 - $50,000",,"Aon plc Class A Ordinary Shares (AON) [ST] S 05/08/2025 05/15/2025 $15,001 - $50,000 Filing Status: New Subholding Of: CRT - Standard Unit Trust Description: Portfolio Rebalance",,,False,100,AON,accepted,house_ptr_structure+v8_1,False,False,False,05/08/2025,False,,valid_range
20030387,Hon. Jefferson Shreve,Member,IN06,20030387.pdf,2025,24,,Apple Inc. - Common Stock,Apple Inc. - Common Stock,AAPL,AAPL,ST,S (partial),2025-05-08,2025-05-15,500001.0,1000000.0,,"$500,001 - $1,000,000",valid_range,New,CRT - Standard Unit Trust,,Portfolio Rebalance,,4,4,table,False,False,,False,0,False,True,100,True,30,False,https://disclosures-clerk.house.gov/public_disc/ptr-pdfs/2025/20030387.pdf,,,,Apple Inc. - Common Stock (AAPL) [ST],Apple Inc. - Common Stock (AAPL) [ST],S (partial),05/08/2025,05/15/2025,"$500,001 - $1,000,000",Filing Status: New Subholding Of: CRT - Standard Unit Trust Description: Portfolio Rebalance,"Apple Inc. - Common Stock (AAPL) [ST] S (partial) 05/08/2025 05/15/2025 $500,001 - $1,000,000 Filing Status: New Subholding Of: CRT - Standard Unit Trust Description: Portfolio Rebalance",,,False,100,AAPL,accepted,house_ptr_structure+v8_1,False,False,False,05/08/2025,False,,valid_range
20030387,Hon. Jefferson Shreve,Member,IN06,20030387.pdf,2025,25,,Apple Inc. - Common Stock,Apple Inc. - Common Stock,AAPL,AAPL,ST,S,2025-05-12,2025-05-15,100001.0,250000.0,,"$100,001 - $250,000",valid_range,New,CRT - Standard Unit Trust,,Account Closing,,4,4,table,False,False,,False,0,False,False,100,True,30,False,https://disclosures-clerk.house.gov/public_disc/ptr-pdfs/2025/20030387.pdf,,,,Apple Inc. - Common Stock (AAPL) [ST] Filing Status: New Subholding Of: CRT - Standard Unit Tru Description: Account Closing,Apple Inc. - Common Stock (AAPL) [ST],S ust,05/12/2025,05/15/2025,"$100,001 - $250,000",,"Apple Inc. - Common Stock (AAPL) [ST] S 05/12/2025 05/15/2025 $100,001 - $250,000 Filing Status: New Subholding Of: CRT - Standard Unit Trust Description: Account Closing",,,False,100,AAPL,accepted,house_ptr_structure+v8_1,False,False,False,05/12/2025,False,,valid_range
20030387,Hon. Jefferson Shreve,Member,IN06,20030387.pdf,2025,26,,"Applied Materials, Inc. - Common Stock","Applied Materials, Inc. - Common Stock",AMAT,AMAT,ST,S (partial),2025-05-08,2025-05-15,50001.0,100000.0,,"$50,001 - $100,000",valid_range,New,CRT - Standard Unit Trust,,Portfolio Rebalance,,4,4,table,False,False,,False,0,False,True,100,True,30,False,https://disclosures-clerk.house.gov/public_disc/ptr-pdfs/2025/20030387.pdf,,,,"Applied Materials, Inc. - Common Stock (AMAT) [ST]","Applied Materials, Inc. - Common Stock (AMAT) [ST]",S (partial),05/08/2025,05/15/2025,"$50,001 - $100,000",Filing Status: New Subholding Of: CRT - Standard Unit Trust Description: Portfolio Rebalance,"Applied Materials, Inc. - Common Stock (AMAT) [ST] S (partial) 05/08/2025 05/15/2025 $50,001 - $100,000 Filing Status: New Subholding Of: CRT - Standard Unit Trust Description: Portfolio Rebalance",,,False,100,AMAT,accepted,house_ptr_structure+v8_1,False,False,False,05/08/2025,False,,valid_range
20030387,Hon. Jefferson Shreve,Member,IN06,20030387.pdf,2025,27,,"Applied Materials, Inc. - Common Stock","Applied Materials, Inc. - Common Stock",AMAT,AMAT,ST,S,2025-05-12,2025-05-15,50001.0,100000.0,,"$50,001 - $100,000",valid_range,New,CRT - Standard Unit Trust,,Account Closing,,4,4,table,False,False,,False,0,False,False,100,True,30,False,https://disclosures-clerk.house.gov/public_disc/ptr-pdfs/2025/20030387.pdf,,,,"Applied Materials, Inc. - Common Stock (AMAT) [ST] Filing Status: New Subholding Of: CRT - Standard Unit Tru Description: Account Closing","Applied Materials, Inc. - Common Stock (AMAT) [ST]",S ust,05/12/2025,05/15/2025,"$50,001 - $100,000",,"Applied Materials, Inc. - Common Stock (AMAT) [ST] S 05/12/2025 05/15/2025 $50,001 - $100,000 Filing Status: New Subholding Of: CRT - Standard Unit Trust Description: Account Closing",,,False,100,AMAT,accepted,house_ptr_structure+v8_1,False,False,False,05/12/2025,False,,valid_range
20030387,Hon. Jefferson Shreve,Member,IN06,20030387.pdf,2025,28,,Applovin Corporation - Class A Common Stock,Applovin Corporation - Class A Common Stock,APP,APP,ST,S,2025-05-12,2025-05-15,15001.0,50000.0,,"$15,001 - $50,000",valid_range,New $200?,CRT - Standard Unit Trust,,Account Closing,,4,5,table,False,False,,True,0,False,True,98,True,30,False,https://disclosures-clerk.house.gov/public_disc/ptr-pdfs/2025/20030387.pdf,,,,Applovin Corporation - Class A Common Stock (APP) [ST],Applovin Corporation - Class A Common Stock (APP) [ST],S,05/12/2025,05/15/2025,"$15,001 - $50,000",Filing Status: New $200? Subholding Of: CRT - Standard Unit Trust Description: Account Closing,"Applovin Corporation - Class A Common Stock (APP) [ST] S 05/12/2025 05/15/2025 $15,001 - $50,000 Filing Status: New $200? Subholding Of: CRT - Standard Unit Trust Description: Account Closing",,,False,98,APP,accepted,house_ptr_structure+v8_1,False,False,False,05/12/2025,False,,valid_range
20030387,Hon. Jefferson Shreve,Member,IN06,20030387.pdf,2025,29,,Aptiv PLC Ordinary Shares,Aptiv PLC Ordinary Shares,APTV,APTV,ST,S,2025-05-12,2025-05-15,15001.0,50000.0,,"$15,001 - $50,000",valid_range,New,CRT - Standard Unit Trust,,Account Closing,,5,5,table,False,False,,False,0,False,False,100,True,30,False,https://disclosures-clerk.house.gov/public_disc/ptr-pdfs/2025/20030387.pdf,,,,Aptiv PLC Ordinary Shares (APTV) [ST] Filing Status: New Subholding Of: CRT - Standard Unit Tru Description: Account Closing,Aptiv PLC Ordinary Shares (APTV) [ST],S ust,05/12/2025,05/15/2025,"$15,001 - $50,000",,"Aptiv PLC Ordinary Shares (APTV) [ST] S 05/12/2025 05/15/2025 $15,001 - $50,000 Filing Status: New Subholding Of: CRT - Standard Unit Trust Description: Account Closing",,,False,100,APTV,accepted,house_ptr_structure+v8_1,False,False,False,05/12/2025,False,,valid_range
20030387,Hon. Jefferson Shreve,Member,IN06,20030387.pdf,2025,30,,Aptiv PLC Ordinary Shares,Aptiv PLC Ordinary Shares,APTV,APTV,ST,S (partial),2025-05-08,2025-05-15,15001.0,50000.0,,"$15,001 - $50,000",valid_range,New,CRT - Standard Unit Trust,,Portfolio Rebalance,,5,5,table,False,False,,False,0,False,True,100,True,30,False,https://disclosures-clerk.house.gov/public_disc/ptr-pdfs/2025/20030387.pdf,,,,Aptiv PLC Ordinary Shares (APTV) [ST],Aptiv PLC Ordinary Shares (APTV) [ST],S (partial),05/08/2025,05/15/2025,"$15,001 - $50,000",Filing Status: New Subholding Of: CRT - Standard Unit Trust Description: Portfolio Rebalance,"Aptiv PLC Ordinary Shares (APTV) [ST] S (partial) 05/08/2025 05/15/2025 $15,001 - $50,000 Filing Status: New Subholding Of: CRT - Standard Unit Trust Description: Portfolio Rebalance",,,False,100,APTV,accepted,house_ptr_structure+v8_1,False,False,False,05/08/2025,False,,valid_range
20030387,Hon. Jefferson Shreve,Member,IN06,20030387.pdf,2025,31,,Arch Capital Group Ltd. - Common Stock,Arch Capital Group Ltd. - Common Stock,ACGL,ACGL,ST,S,2025-05-12,2025-05-15,15001.0,50000.0,,"$15,001 - $50,000",valid_range,New,CRT - Standard Unit Trust,,Account Closing,,5,5,table,False,False,,False,0,False,False,100,True,30,False,https://disclosures-clerk.house.gov/public_disc/ptr-pdfs/2025/20030387.pdf,,,,Arch Capital Group Ltd. - Common Stock (ACGL) [ST] Filing Status: New Subholding Of: CRT - Standard Unit Tru Description: Account Closing,Arch Capital Group Ltd. - Common Stock (ACGL) [ST],S ust,05/12/2025,05/15/2025,"$15,001 - $50,000",,"Arch Capital Group Ltd. - Common Stock (ACGL) [ST] S 05/12/2025 05/15/2025 $15,001 - $50,000 Filing Status: New Subholding Of: CRT - Standard Unit Trust Description: Account Closing",,,False,100,ACGL,accepted,house_ptr_structure+v8_1,False,False,False,05/12/2025,False,,valid_range
20030387,Hon. Jefferson Shreve,Member,IN06,20030387.pdf,2025,32,,Ares Management Corporation Class A Common Stock,Ares Management Corporation Class A Common Stock,ARES,ARES,ST,S,2025-05-12,2025-05-15,50001.0,100000.0,,"$50,001 - $100,000",valid_range,New,CRT - Standard Unit Trust,,Account Closing,,5,5,table,False,False,,False,0,False,True,100,True,30,False,https://disclosures-clerk.house.gov/public_disc/ptr-pdfs/2025/20030387.pdf,,,,Ares Management Corporation Class A Common Stock (ARES) [ST],Ares Management Corporation Class A Common Stock (ARES) [ST],S,05/12/2025,05/15/2025,"$50,001 - $100,000",Filing Status: New Subholding Of: CRT - Standard Unit Trust Description: Account Closing,"Ares Management Corporation Class A Common Stock (ARES) [ST] S 05/12/2025 05/15/2025 $50,001 - $100,000 Filing Status: New Subholding Of: CRT - Standard Unit Trust Description: Account Closing",,,False,100,ARES,accepted,house_ptr_structure+v8_1,False,False,False,05/12/2025,False,,valid_range
20030387,Hon. Jefferson Shreve,Member,IN06,20030387.pdf,2025,33,,"Arista Networks, Inc. Common Stock","Arista Networks, Inc. Common Stock",ANET,ANET,ST,S,2025-05-12,2025-05-15,50001.0,100000.0,,"$50,001 - $100,000",valid_range,New,CRT - Standard Unit Trust,,Account Closing,,5,5,table,False,False,,False,0,False,False,100,True,30,False,https://disclosures-clerk.house.gov/public_disc/ptr-pdfs/2025/20030387.pdf,,,,"Arista Networks, Inc. Common Stock (ANET) [ST] Filing Status: New Subholding Of: CRT - Standard Unit Tru Description: Account Closing","Arista Networks, Inc. Common Stock (ANET) [ST]",S ust,05/12/2025,05/15/2025,"$50,001 - $100,000",,"Arista Networks, Inc. Common Stock (ANET) [ST] S 05/12/2025 05/15/2025 $50,001 - $100,000 Filing Status: New Subholding Of: CRT - Standard Unit Trust Description: Account Closing",,,False,100,ANET,accepted,house_ptr_structure+v8_1,False,False,False,05/12/2025,False,,valid_range
20030387,Hon. Jefferson Shreve,Member,IN06,20030387.pdf,2025,34,,AT&T Inc.,AT&T Inc.,T,T,ST,S,2025-05-12,2025-05-15,15001.0,50000.0,,"$15,001 - $50,000",valid_range,New,CRT - Standard Unit Trust,,Account Closing,,5,5,table,False,False,,False,0,False,True,100,True,30,False,https://disclosures-clerk.house.gov/public_disc/ptr-pdfs/2025/20030387.pdf,,,,AT&T Inc. (T) [ST],AT&T Inc. (T) [ST],S,05/12/2025,05/15/2025,"$15,001 - $50,000",Filing Status: New Subholding Of: CRT - Standard Unit Trust Description: Account Closing,"AT&T Inc. (T) [ST] S 05/12/2025 05/15/2025 $15,001 - $50,000 Filing Status: New Subholding Of: CRT - Standard Unit Trust Description: Account Closing",,,False,100,T,accepted,house_ptr_structure+v8_1,False,False,False,05/12/2025,False,,valid_range
20030387,Hon. Jefferson Shreve,Member,IN06,20030387.pdf,2025,35,,"Autodesk, Inc. - Common Stock","Autodesk, Inc. - Common Stock",ADSK,ADSK,ST,S,2025-05-12,2025-05-15,15001.0,50000.0,,"$15,001 - $50,000",valid_range,New,CRT - Standard Unit Trust,,Account Closing,,5,5,table,False,False,,False,0,False,False,100,True,30,False,https://disclosures-clerk.house.gov/public_disc/ptr-pdfs/2025/20030387.pdf,,,,"Autodesk, Inc. - Common Stock (ADSK) [ST] Filing Status: New Subholding Of: CRT - Standard Unit Tru Description: Account Closing","Autodesk, Inc. - Common Stock (ADSK) [ST]",S ust,05/12/2025,05/15/2025,"$15,001 - $50,000",,"Autodesk, Inc. - Common Stock (ADSK) [ST] S 05/12/2025 05/15/2025 $15,001 - $50,000 Filing Status: New Subholding Of: CRT - Standard Unit Trust Description: Account Closing",,,False,100,ADSK,accepted,house_ptr_structure+v8_1,False,False,False,05/12/2025,False,,valid_range
20030387,Hon. Jefferson Shreve,Member,IN06,20030387.pdf,2025,36,,"Automatic Data Processing, Inc. - Common Stock","Automatic Data Processing, Inc. - Common Stock",ADP,ADP,ST,S,2025-05-12,2025-05-15,50001.0,100000.0,,"$50,001 - $100,000",valid_range,New,CRT - Standard Unit Trust,,Account Closing,,6,6,table,False,False,,False,0,False,True,100,True,30,False,https://disclosures-clerk.house.gov/public_disc/ptr-pdfs/2025/20030387.pdf,,,,"Automatic Data Processing, Inc. - Common Stock (ADP) [ST]","Automatic Data Processing, Inc. - Common Stock (ADP) [ST]",S,05/12/2025,05/15/2025,"$50,001 - $100,000",Filing Status: New Subholding Of: CRT - Standard Unit Trust Description: Account Closing,"Automatic Data Processing, Inc. - Common Stock (ADP) [ST] S 05/12/2025 05/15/2025 $50,001 - $100,000 Filing Status: New Subholding Of: CRT - Standard Unit Trust Description: Account Closing",,,False,100,ADP,accepted,house_ptr_structure+v8_1,False,False,False,05/12/2025,False,,valid_range
20030387,Hon. Jefferson Shreve,Member,IN06,20030387.pdf,2025,37,,"AutoZone, Inc. Common Stock","AutoZone, Inc. Common Stock",AZO,AZO,ST,S,2025-05-12,2025-05-15,50001.0,100000.0,,"$50,001 - $100,000",valid_range,New,CRT - Standard Unit Trust,,Account Closing,,6,6,table,False,False,,False,0,False,False,100,True,30,False,https://disclosures-clerk.house.gov/public_disc/ptr-pdfs/2025/20030387.pdf,,,,"AutoZone, Inc. Common Stock (AZO) [ST] Filing Status: New Subholding Of: CRT - Standard Unit Tru Description: Account Closing","AutoZone, Inc. Common Stock (AZO) [ST]",S ust,05/12/2025,05/15/2025,"$50,001 - $100,000",,"AutoZone, Inc. Common Stock (AZO) [ST] S 05/12/2025 05/15/2025 $50,001 - $100,000 Filing Status: New Subholding Of: CRT - Standard Unit Trust Description: Account Closing",,,False,100,AZO,accepted,house_ptr_structure+v8_1,False,False,False,05/12/2025,False,,valid_range
20030387,Hon. Jefferson Shreve,Member,IN06,20030387.pdf,2025,38,,"Axon Enterprise, Inc. - Common Stock","Axon Enterprise, Inc. - Common Stock",AXON,AXON,ST,S,2025-05-12,2025-05-15,15001.0,50000.0,,"$15,001 - $50,000",valid_range,New,CRT - Standard Unit Trust,,Account Closing,,6,6,table,False,False,,False,0,False,True,100,True,30,False,https://disclosures-clerk.house.gov/public_disc/ptr-pdfs/2025/20030387.pdf,,,,"Axon Enterprise, Inc. - Common Stock (AXON) [ST]","Axon Enterprise, Inc. - Common Stock (AXON) [ST]",S,05/12/2025,05/15/2025,"$15,001 - $50,000",Filing Status: New Subholding Of: CRT - Standard Unit Trust Description: Account Closing,"Axon Enterprise, Inc. - Common Stock (AXON) [ST] S 05/12/2025 05/15/2025 $15,001 - $50,000 Filing Status: New Subholding Of: CRT - Standard Unit Trust Description: Account Closing",,,False,100,AXON,accepted,house_ptr_structure+v8_1,False,False,False,05/12/2025,False,,valid_range
20030387,Hon. Jefferson Shreve,Member,IN06,20030387.pdf,2025,39,,Ball Corporation Common Stock,Ball Corporation Common Stock,BALL,BALL,ST,S,2025-05-12,2025-05-15,15001.0,50000.0,,"$15,001 - $50,000",valid_range,New,CRT - Standard Unit Trust,,Account Closing,,6,6,table,False,False,,False,0,False,False,100,True,30,False,https://disclosures-clerk.house.gov/public_disc/ptr-pdfs/2025/20030387.pdf,,,,Ball Corporation Common Stock (BALL) [ST] Filing Status: New Subholding Of: CRT - Standard Unit Tru Description: Account Closing,Ball Corporation Common Stock (BALL) [ST],S ust,05/12/2025,05/15/2025,"$15,001 - $50,000",,"Ball Corporation Common Stock (BALL) [ST] S 05/12/2025 05/15/2025 $15,001 - $50,000 Filing Status: New Subholding Of: CRT - Standard Unit Trust Description: Account Closing",,,False,100,BALL,accepted,house_ptr_structure+v8_1,False,False,False,05/12/2025,False,,valid_range
20030387,Hon. Jefferson Shreve,Member,IN06,20030387.pdf,2025,40,,Ball Corporation Common Stock,Ball Corporation Common Stock,BALL,BALL,ST,S (partial),2025-05-08,2025-05-15,15001.0,50000.0,,"$15,001 - $50,000",valid_range,New,CRT - Standard Unit Trust,,Portfolio Rebalance,,6,6,table,False,False,,False,0,False,True,100,True,30,False,https://disclosures-clerk.house.gov/public_disc/ptr-pdfs/2025/20030387.pdf,,,,Ball Corporation Common Stock (BALL) [ST],Ball Corporation Common Stock (BALL) [ST],S (partial),05/08/2025,05/15/2025,"$15,001 - $50,000",Filing Status: New Subholding Of: CRT - Standard Unit Trust Description: Portfolio Rebalance,"Ball Corporation Common Stock (BALL) [ST] S (partial) 05/08/2025 05/15/2025 $15,001 - $50,000 Filing Status: New Subholding Of: CRT - Standard Unit Trust Description: Portfolio Rebalance",,,False,100,BALL,accepted,house_ptr_structure+v8_1,False,False,False,05/08/2025,False,,valid_range
20030387,Hon. Jefferson Shreve,Member,IN06,20030387.pdf,2025,41,,Bank of America Corporation Common Stock,Bank of America Corporation Common Stock,BAC,BAC,ST,P,2025-05-08,2025-05-15,15001.0,50000.0,,"$15,001 - $50,000",valid_range,New,CRT - Standard Unit Trust,,Portfolio Rebalance,,6,6,table,False,False,,False,0,False,False,100,True,30,False,https://disclosures-clerk.house.gov/public_disc/ptr-pdfs/2025/20030387.pdf,,,,Bank of America Corporation Common Stock (BAC) [ST] Filing Status: New Subholding Of: CRT - Standard Unit Tru Description: Portfolio Rebalance,Bank of America Corporation Common Stock (BAC) [ST],P ust,05/08/2025,05/15/2025,"$15,001 - $50,000",,"Bank of America Corporation Common Stock (BAC) [ST] P 05/08/2025 05/15/2025 $15,001 - $50,000 Filing Status: New Subholding Of: CRT - Standard Unit Trust Description: Portfolio Rebalance",,,False,100,BAC,accepted,house_ptr_structure+v8_1,False,False,False,05/08/2025,False,,valid_range
20030387,Hon. Jefferson Shreve,Member,IN06,20030387.pdf,2025,42,,Bank of America Corporation Common Stock,Bank of America Corporation Common Stock,BAC,BAC,ST,S,2025-05-12,2025-05-15,15001.0,50000.0,,"$15,001 - $50,000",valid_range,New,CRT - Standard Unit Trust,,Account Closing,,6,6,table,False,False,,False,0,False,True,100,True,30,False,https://disclosures-clerk.house.gov/public_disc/ptr-pdfs/2025/20030387.pdf,,,,Bank of America Corporation Common Stock (BAC) [ST],Bank of America Corporation Common Stock (BAC) [ST],S,05/12/2025,05/15/2025,"$15,001 - $50,000",Filing Status: New Subholding Of: CRT - Standard Unit Trust Description: Account Closing,"Bank of America Corporation Common Stock (BAC) [ST] S 05/12/2025 05/15/2025 $15,001 - $50,000 Filing Status: New Subholding Of: CRT - Standard Unit Trust Description: Account Closing",,,False,100,BAC,accepted,house_ptr_structure+v8_1,False,False,False,05/12/2025,False,,valid_range
20030387,Hon. Jefferson Shreve,Member,IN06,20030387.pdf,2025,43,,Berkshire Hathaway Inc. New Common Stock,Berkshire Hathaway Inc. New Common Stock,BRK.B,BRK.B,ST,S,2025-05-12,2025-05-15,100001.0,250000.0,,"$100,001 - $250,000",valid_range,New,CRT - Standard Unit Trust,,Account Closing,,6,7,table,False,False,,True,0,False,False,98,True,30,False,https://disclosures-clerk.house.gov/public_disc/ptr-pdfs/2025/20030387.pdf,,,,Berkshire Hathaway Inc. New Common Stock (BRK.B) [ST] Filing Status: New,Berkshire Hathaway Inc. New Common Stock (BRK.B) [ST] Subholding Of: CRT - Standard Unit Trust Description: Account Closing,S,05/12/2025,05/15/2025,"$100,001 - $250,000",Subholding Of: CRT - Standard Unit Trust Description: Account Closing,"Berkshire Hathaway Inc. New Common Stock (BRK.B) [ST] S 05/12/2025 05/15/2025 $100,001 - $250,000 Filing Status: New Subholding Of: CRT - Standard Unit Trust Description: Account Closing",,,False,98,BRK.B,accepted,house_ptr_structure+v8_1,False,False,False,05/12/2025,False,,valid_range
20030387,Hon. Jefferson Shreve,Member,IN06,20030387.pdf,2025,44,,"BlackRock, Inc. Common Stock","BlackRock, Inc. Common Stock",BLK,BLK,ST,S,2025-05-12,2025-05-15,50001.0,100000.0,,"$50,001 - $100,000",valid_range,New,CRT - Standard Unit Trust,,Account Closing,,7,7,table,False,False,,False,0,False,True,100,True,30,False,https://disclosures-clerk.house.gov/public_disc/ptr-pdfs/2025/20030387.pdf,,,,"BlackRock, Inc. Common Stock (BLK) [ST]","BlackRock, Inc. Common Stock (BLK) [ST]",S,05/12/2025,05/15/2025,"$50,001 - $100,000",Filing Status: New Subholding Of: CRT - Standard Unit Trust Description: Account Closing,"BlackRock, Inc. Common Stock (BLK) [ST] S 05/12/2025 05/15/2025 $50,001 - $100,000 Filing Status: New Subholding Of: CRT - Standard Unit Trust Description: Account Closing",,,False,100,BLK,accepted,house_ptr_structure+v8_1,False,False,False,05/12/2025,False,,valid_range
20030387,Hon. Jefferson Shreve,Member,IN06,20030387.pdf,2025,45,,"BlackRock, Inc. Common Stock","BlackRock, Inc. Common Stock",BLK,BLK,ST,S (partial),2025-05-08,2025-05-15,50001.0,100000.0,,"$50,001 - $100,000",valid_range,New,CRT - Standard Unit Trust,,Portfolio Rebalance,,7,7,table,False,False,,False,0,False,False,100,True,30,False,https://disclosures-clerk.house.gov/public_disc/ptr-pdfs/2025/20030387.pdf,,,,"BlackRock, Inc. Common Stock (BLK) [ST] Filing Status: New Subholding Of: CRT - Standard Unit Tru Description: Portfolio Rebalance","BlackRock, Inc. Common Stock (BLK) [ST]",S (partial) ust,05/08/2025,05/15/2025,"$50,001 - $100,000",,"BlackRock, Inc. Common Stock (BLK) [ST] S (partial) 05/08/2025 05/15/2025 $50,001 - $100,000 Filing Status: New Subholding Of: CRT - Standard Unit Trust Description: Portfolio Rebalance",,,False,100,BLK,accepted,house_ptr_structure+v8_1,False,False,False,05/08/2025,False,,valid_range
20030387,Hon. Jefferson Shreve,Member,IN06,20030387.pdf,2025,46,,"Block, Inc. Class A Common Stock,","Block, Inc. Class A Common Stock,",XYZ,XYZ,ST,S,2025-05-08,2025-05-15,15001.0,50000.0,,"$15,001 - $50,000",valid_range,New,CRT - Standard Unit Trust,,Portfolio Rebalance,,7,7,table,False,False,,False,0,False,True,100,True,30,False,https://disclosures-clerk.house.gov/public_disc/ptr-pdfs/2025/20030387.pdf,,,,"Block, Inc. Class A Common Stock, (XYZ) [ST]","Block, Inc. Class A Common Stock, (XYZ) [ST]",S,05/08/2025,05/15/2025,"$15,001 - $50,000",Filing Status: New Subholding Of: CRT - Standard Unit Trust Description: Portfolio Rebalance,"Block, Inc. Class A Common Stock, (XYZ) [ST] S 05/08/2025 05/15/2025 $15,001 - $50,000 Filing Status: New Subholding Of: CRT - Standard Unit Trust Description: Portfolio Rebalance",,,False,100,XYZ,accepted,house_ptr_structure+v8_1,False,False,False,05/08/2025,False,,valid_range
20030387,Hon. Jefferson Shreve,Member,IN06,20030387.pdf,2025,47,,Boeing Company,Boeing Company,BA,BA,ST,S,2025-05-12,2025-05-15,50001.0,100000.0,,"$50,001 - $100,000",valid_range,New,CRT - Standard Unit Trust,,Account Closing,,7,7,table,False,False,,False,0,False,False,100,True,30,False,https://disclosures-clerk.house.gov/public_disc/ptr-pdfs/2025/20030387.pdf,,,,Boeing Company (BA) [ST] Filing Status: New Subholding Of: CRT - Standard Unit Tru Description: Account Closing,Boeing Company (BA) [ST],S ust,05/12/2025,05/15/2025,"$50,001 - $100,000",,"Boeing Company (BA) [ST] S 05/12/2025 05/15/2025 $50,001 - $100,000 Filing Status: New Subholding Of: CRT - Standard Unit Trust Description: Account Closing",,,False,100,BA,accepted,house_ptr_structure+v8_1,False,False,False,05/12/2025,False,,valid_range
20030387,Hon. Jefferson Shreve,Member,IN06,20030387.pdf,2025,48,,Booking Holdings Inc. - Common Stock,Booking Holdings Inc. - Common Stock,BKNG,BKNG,ST,S,2025-05-12,2025-05-15,50001.0,100000.0,,"$50,001 - $100,000",valid_range,New,CRT - Standard Unit Trust,,Account Closing,,7,7,table,False,False,,False,0,False,True,100,True,30,False,https://disclosures-clerk.house.gov/public_disc/ptr-pdfs/2025/20030387.pdf,,,,Booking Holdings Inc. - Common Stock (BKNG) [ST],Booking Holdings Inc. - Common Stock (BKNG) [ST],S,05/12/2025,05/15/2025,"$50,001 - $100,000",Filing Status: New Subholding Of: CRT - Standard Unit Trust Description: Account Closing,"Booking Holdings Inc. - Common Stock (BKNG) [ST] S 05/12/2025 05/15/2025 $50,001 - $100,000 Filing Status: New Subholding Of: CRT - Standard Unit Trust Description: Account Closing",,,False,100,BKNG,accepted,house_ptr_structure+v8_1,False,False,False,05/12/2025,False,,valid_range
20030387,Hon. Jefferson Shreve,Member,IN06,20030387.pdf,2025,49,,Boston Scientific Corporation Common Stock,Boston Scientific Corporation Common Stock,BSX,BSX,ST,S,2025-05-12,2025-05-15,15001.0,50000.0,,"$15,001 - $50,000",valid_range,New,CRT - Standard Unit Trust,,Account Closing,,7,7,table,False,False,,False,0,False,False,100,True,30,False,https://disclosures-clerk.house.gov/public_disc/ptr-pdfs/2025/20030387.pdf,,,,Boston Scientific Corporation Common Stock (BSX) [ST] Filing Status: New Subholding Of: CRT - Standard Unit Tru Description: Account Closing,Boston Scientific Corporation Common Stock (BSX) [ST],S ust,05/12/2025,05/15/2025,"$15,001 - $50,000",,"Boston Scientific Corporation Common Stock (BSX) [ST] S 05/12/2025 05/15/2025 $15,001 - $50,000 Filing Status: New Subholding Of: CRT - Standard Unit Trust Description: Account Closing",,,False,100,BSX,accepted,house_ptr_structure+v8_1,False,False,False,05/12/2025,False,,valid_range
20030387,Hon. Jefferson Shreve,Member,IN06,20030387.pdf,2025,50,,Bristol-Myers Squibb Company Common Stock,Bristol-Myers Squibb Company Common Stock,BMY,BMY,ST,S,2025-05-12,2025-05-15,15001.0,50000.0,,"$15,001 - $50,000",valid_range,New,CRT - Standard Unit Trust,,Account Closing,,7,7,table,False,False,,False,0,False,True,100,True,30,False,https://disclosures-clerk.house.gov/public_disc/ptr-pdfs/2025/20030387.pdf,,,,Bristol-Myers Squibb Company Common Stock (BMY) [ST],Bristol-Myers Squibb Company Common Stock (BMY) [ST],S,05/12/2025,05/15/2025,"$15,001 - $50,000",Filing Status: New Subholding Of: CRT - Standard Unit Trust Description: Account Closing,"Bristol-Myers Squibb Company Common Stock (BMY) [ST] S 05/12/2025 05/15/2025 $15,001 - $50,000 Filing Status: New Subholding Of: CRT - Standard Unit Trust Description: Account Closing",,,False,100,BMY,accepted,house_ptr_structure+v8_1,False,False,False,05/12/2025,False,,valid_range
20030387,Hon. Jefferson Shreve,Member,IN06,20030387.pdf,2025,51,,Broadcom Inc. - Common Stock,Broadcom Inc. - Common Stock,AVGO,AVGO,ST,S,2025-05-12,2025-05-15,15001.0,50000.0,,"$15,001 - $50,000",valid_range,New,CRT - Standard Unit Trust,,Account Closing,,8,8,table,False,False,,False,0,False,False,100,True,30,False,https://disclosures-clerk.house.gov/public_disc/ptr-pdfs/2025/20030387.pdf,,,,Broadcom Inc. - Common Stock (AVGO) [ST] Filing Status: New Subholding Of: CRT - Standard Unit Tru Description: Account Closing,Broadcom Inc. - Common Stock (AVGO) [ST],S ust,05/12/2025,05/15/2025,"$15,001 - $50,000",,"Broadcom Inc. - Common Stock (AVGO) [ST] S 05/12/2025 05/15/2025 $15,001 - $50,000 Filing Status: New Subholding Of: CRT - Standard Unit Trust Description: Account Closing",,,False,100,AVGO,accepted,house_ptr_structure+v8_1,False,False,False,05/12/2025,False,,valid_range
20030387,Hon. Jefferson Shreve,Member,IN06,20030387.pdf,2025,52,,"Buckle, Inc.","Buckle, Inc.",BKE,BKE,ST,S,2025-05-12,2025-05-15,15001.0,50000.0,,"$15,001 - $50,000",valid_range,New,CRT - Standard Unit Trust,,Account Closing,,8,8,table,False,False,,False,0,False,True,100,True,30,False,https://disclosures-clerk.house.gov/public_disc/ptr-pdfs/2025/20030387.pdf,,,,"Buckle, Inc. (BKE) [ST]","Buckle, Inc. (BKE) [ST]",S,05/12/2025,05/15/2025,"$15,001 - $50,000",Filing Status: New Subholding Of: CRT - Standard Unit Trust Description: Account Closing,"Buckle, Inc. (BKE) [ST] S 05/12/2025 05/15/2025 $15,001 - $50,000 Filing Status: New Subholding Of: CRT - Standard Unit Trust Description: Account Closing",,,False,100,BKE,accepted,house_ptr_structure+v8_1,False,False,False,05/12/2025,False,,valid_range
20030387,Hon. Jefferson Shreve,Member,IN06,20030387.pdf,2025,53,,"Cadence Design Systems, Inc. - Common Stock","Cadence Design Systems, Inc. - Common Stock",CDNS,CDNS,ST,S,2025-05-12,2025-05-15,50001.0,100000.0,,"$50,001 - $100,000",valid_range,New,CRT - Standard Unit Trust,,Account Closing,,8,8,table,False,False,,False,0,False,False,100,True,30,False,https://disclosures-clerk.house.gov/public_disc/ptr-pdfs/2025/20030387.pdf,,,,"Cadence Design Systems, Inc. - Common Stock (CDNS) [ST] Filing Status: New Subholding Of: CRT - Standard Unit Tru Description: Account Closing","Cadence Design Systems, Inc. - Common Stock (CDNS) [ST]",S ust,05/12/2025,05/15/2025,"$50,001 - $100,000",,"Cadence Design Systems, Inc. - Common Stock (CDNS) [ST] S 05/12/2025 05/15/2025 $50,001 - $100,000 Filing Status: New Subholding Of: CRT - Standard Unit Trust Description: Account Closing",,,False,100,CDNS,accepted,house_ptr_structure+v8_1,False,False,False,05/12/2025,False,,valid_range
20030387,Hon. Jefferson Shreve,Member,IN06,20030387.pdf,2025,54,,Carnival Corporation Common Stock,Carnival Corporation Common Stock,CCL,CCL,ST,P,2025-05-08,2025-05-15,15001.0,50000.0,,"$15,001 - $50,000",valid_range,New,CRT - Standard Unit Trust,,Portfolio Rebalance,,8,8,table,False,False,,False,0,False,True,100,True,30,False,https://disclosures-clerk.house.gov/public_disc/ptr-pdfs/2025/20030387.pdf,,,,Carnival Corporation Common Stock (CCL) [ST],Carnival Corporation Common Stock (CCL) [ST],P,05/08/2025,05/15/2025,"$15,001 - $50,000",Filing Status: New Subholding Of: CRT - Standard Unit Trust Description: Portfolio Rebalance,"Carnival Corporation Common Stock (CCL) [ST] P 05/08/2025 05/15/2025 $15,001 - $50,000 Filing Status: New Subholding Of: CRT - Standard Unit Trust Description: Portfolio Rebalance",,,False,100,CCL,accepted,house_ptr_structure+v8_1,False,False,False,05/08/2025,False,,valid_range
20030387,Hon. Jefferson Shreve,Member,IN06,20030387.pdf,2025,55,,Carnival Corporation Common Stock,Carnival Corporation Common Stock,CCL,CCL,ST,S,2025-05-12,2025-05-15,15001.0,50000.0,,"$15,001 - $50,000",valid_range,New,CRT - Standard Unit Trust,,Account Closing,,8,8,table,False,False,,False,0,False,False,100,True,30,False,https://disclosures-clerk.house.gov/public_disc/ptr-pdfs/2025/20030387.pdf,,,,Carnival Corporation Common Stock (CCL) [ST] Filing Status: New Subholding Of: CRT - Standard Unit Tru Description: Account Closing,Carnival Corporation Common Stock (CCL) [ST],S ust,05/12/2025,05/15/2025,"$15,001 - $50,000",,"Carnival Corporation Common Stock (CCL) [ST] S 05/12/2025 05/15/2025 $15,001 - $50,000 Filing Status: New Subholding Of: CRT - Standard Unit Trust Description: Account Closing",,,False,100,CCL,accepted,house_ptr_structure+v8_1,False,False,False,05/12/2025,False,,valid_range
20030387,Hon. Jefferson Shreve,Member,IN06,20030387.pdf,2025,56,,"Casella Waste Systems, Inc. - Class A Common Stock","Casella Waste Systems, Inc. - Class A Common Stock",CWST,CWST,ST,S,2025-05-12,2025-05-15,50001.0,100000.0,,"$50,001 - $100,000",valid_range,New,CRT - Standard Unit Trust,,Account Closing,,8,8,table,False,False,,False,0,False,True,100,True,30,False,https://disclosures-clerk.house.gov/public_disc/ptr-pdfs/2025/20030387.pdf,,,,"Casella Waste Systems, Inc. - Class A Common Stock (CWST) [ST]","Casella Waste Systems, Inc. - Class A Common Stock (CWST) [ST]",S,05/12/2025,05/15/2025,"$50,001 - $100,000",Filing Status: New Subholding Of: CRT - Standard Unit Trust Description: Account Closing,"Casella Waste Systems, Inc. - Class A Common Stock (CWST) [ST] S 05/12/2025 05/15/2025 $50,001 - $100,000 Filing Status: New Subholding Of: CRT - Standard Unit Trust Description: Account Closing",,,False,100,CWST,accepted,house_ptr_structure+v8_1,False,False,False,05/12/2025,False,,valid_range
20030387,Hon. Jefferson Shreve,Member,IN06,20030387.pdf,2025,57,,"Caterpillar, Inc. Common Stock","Caterpillar, Inc. Common Stock",CAT,CAT,ST,S,2025-05-12,2025-05-15,15001.0,50000.0,,"$15,001 - $50,000",valid_range,New,CRT - Standard Unit Trust,,Account Closing,,8,8,table,False,False,,False,0,False,False,100,True,30,False,https://disclosures-clerk.house.gov/public_disc/ptr-pdfs/2025/20030387.pdf,,,,"Caterpillar, Inc. Common Stock (CAT) [ST] Filing Status: New Subholding Of: CRT - Standard Unit Tru Description: Account Closing","Caterpillar, Inc. Common Stock (CAT) [ST]",S ust,05/12/2025,05/15/2025,"$15,001 - $50,000",,"Caterpillar, Inc. Common Stock (CAT) [ST] S 05/12/2025 05/15/2025 $15,001 - $50,000 Filing Status: New Subholding Of: CRT - Standard Unit Trust Description: Account Closing",,,False,100,CAT,accepted,house_ptr_structure+v8_1,False,False,False,05/12/2025,False,,valid_range
20030387,Hon. Jefferson Shreve,Member,IN06,20030387.pdf,2025,58,,"Cboe Global Markets, Inc.","Cboe Global Markets, Inc.",CBOE,CBOE,ST,S,2025-05-12,2025-05-15,50001.0,100000.0,,"$50,001 - $100,000",valid_range,New $200?,CRT - Standard Unit Trust,,Account Closing,,8,9,table,False,False,,True,0,False,True,98,True,30,False,https://disclosures-clerk.house.gov/public_disc/ptr-pdfs/2025/20030387.pdf,,,,"Cboe Global Markets, Inc. (CBOE) [ST]","Cboe Global Markets, Inc. (CBOE) [ST]",S,05/12/2025,05/15/2025,"$50,001 - $100,000",Filing Status: New $200? Subholding Of: CRT - Standard Unit Trust Description: Account Closing,"Cboe Global Markets, Inc. (CBOE) [ST] S 05/12/2025 05/15/2025 $50,001 - $100,000 Filing Status: New $200? Subholding Of: CRT - Standard Unit Trust Description: Account Closing",,,False,98,CBOE,accepted,house_ptr_structure+v8_1,False,False,False,05/12/2025,False,,valid_range
20030387,Hon. Jefferson Shreve,Member,IN06,20030387.pdf,2025,59,,"Cencora, Inc. Common Stock","Cencora, Inc. Common Stock",COR,COR,ST,S,2025-05-12,2025-05-15,50001.0,100000.0,,"$50,001 - $100,000",valid_range,New,CRT - Standard Unit Trust,,Account Closing,,9,9,table,False,False,,False,0,False,False,100,True,30,False,https://disclosures-clerk.house.gov/public_disc/ptr-pdfs/2025/20030387.pdf,,,,"Cencora, Inc. Common Stock (COR) [ST] Filing Status: New Subholding Of: CRT - Standard Unit Tru Description: Account Closing","Cencora, Inc. Common Stock (COR) [ST]",S ust,05/12/2025,05/15/2025,"$50,001 - $100,000",,"Cencora, Inc. Common Stock (COR) [ST] S 05/12/2025 05/15/2025 $50,001 - $100,000 Filing Status: New Subholding Of: CRT - Standard Unit Trust Description: Account Closing",,,False,100,COR,accepted,house_ptr_structure+v8_1,False,False,False,05/12/2025,False,,valid_range
20030387,Hon. Jefferson Shreve,Member,IN06,20030387.pdf,2025,60,,Centene Corporation Common Stock,Centene Corporation Common Stock,CNC,CNC,ST,S,2025-05-12,2025-05-15,15001.0,50000.0,,"$15,001 - $50,000",valid_range,New,CRT - Standard Unit Trust,,Account Closing,,9,9,table,False,False,,False,0,False,True,100,True,30,False,https://disclosures-clerk.house.gov/public_disc/ptr-pdfs/2025/20030387.pdf,,,,Centene Corporation Common Stock (CNC) [ST],Centene Corporation Common Stock (CNC) [ST],S,05/12/2025,05/15/2025,"$15,001 - $50,000",Filing Status: New Subholding Of: CRT - Standard Unit Trust Description: Account Closing,"Centene Corporation Common Stock (CNC) [ST] S 05/12/2025 05/15/2025 $15,001 - $50,000 Filing Status: New Subholding Of: CRT - Standard Unit Trust Description: Account Closing",,,False,100,CNC,accepted,house_ptr_structure+v8_1,False,False,False,05/12/2025,False,,valid_range
20030387,Hon. Jefferson Shreve,Member,IN06,20030387.pdf,2025,61,,"Charles River Laboratories International, Inc. Common Stock","Charles River Laboratories International, Inc. Common Stock",CRL,CRL,ST,S,2025-05-12,2025-05-15,15001.0,50000.0,,"$15,001 - $50,000",valid_range,New,CRT - Standard Unit Trust,,Account Closing,,9,9,table,False,False,,False,0,False,False,100,True,30,False,https://disclosures-clerk.house.gov/public_disc/ptr-pdfs/2025/20030387.pdf,,,,"Charles River Laboratories International, Inc. Common Stock (CRL) [ST] Filing Status: New Subholding Of: CRT - Standard Unit Tru Description: Account Closing","Charles River Laboratories International, Inc. Common Stock (CRL) [ST]",S ust,05/12/2025,05/15/2025,"$15,001 - $50,000",,"Charles River Laboratories International, Inc. Common Stock (CRL) [ST] S 05/12/2025 05/15/2025 $15,001 - $50,000 Filing Status: New Subholding Of: CRT - Standard Unit Trust Description: Account Closing",,,False,100,CRL,accepted,house_ptr_structure+v8_1,False,False,False,05/12/2025,False,,valid_range
20030387,Hon. Jefferson Shreve,Member,IN06,20030387.pdf,2025,62,,"Charles River Laboratories International, Inc. Common Stock","Charles River Laboratories International, Inc. Common Stock",CRL,CRL,ST,P,2025-05-08,2025-05-15,15001.0,50000.0,,"$15,001 - $50,000",valid_range,New,CRT - Standard Unit Trust,,Portfolio Rebalance,,9,9,table,False,False,,False,0,False,True,100,True,30,False,https://disclosures-clerk.house.gov/public_disc/ptr-pdfs/2025/20030387.pdf,,,,"Charles River Laboratories International, Inc. Common Stock (CRL) [ST]","Charles River Laboratories International, Inc. Common Stock (CRL) [ST]",P,05/08/2025,05/15/2025,"$15,001 - $50,000",Filing Status: New Subholding Of: CRT - Standard Unit Trust Description: Portfolio Rebalance,"Charles River Laboratories International, Inc. Common Stock (CRL) [ST] P 05/08/2025 05/15/2025 $15,001 - $50,000 Filing Status: New Subholding Of: CRT - Standard Unit Trust Description: Portfolio Rebalance",,,False,100,CRL,accepted,house_ptr_structure+v8_1,False,False,False,05/08/2025,False,,valid_range
20030387,Hon. Jefferson Shreve,Member,IN06,20030387.pdf,2025,63,,Charles Schwab Corporation,Charles Schwab Corporation,SCHW,SCHW,ST,S,2025-05-12,2025-05-15,15001.0,50000.0,,"$15,001 - $50,000",valid_range,New,CRT - Standard Unit Trust,,Account Closing,,9,9,table,False,False,,False,0,False,False,100,True,30,False,https://disclosures-clerk.house.gov/public_disc/ptr-pdfs/2025/20030387.pdf,,,,Charles Schwab Corporation (SCHW) [ST] Filing Status: New Subholding Of: CRT - Standard Unit Tru Description: Account Closing,Charles Schwab Corporation (SCHW) [ST],S ust,05/12/2025,05/15/2025,"$15,001 - $50,000",,"Charles Schwab Corporation (SCHW) [ST] S 05/12/2025 05/15/2025 $15,001 - $50,000 Filing Status: New Subholding Of: CRT - Standard Unit Trust Description: Account Closing",,,False,100,SCHW,accepted,house_ptr_structure+v8_1,False,False,False,05/12/2025,False,,valid_range
20030387,Hon. Jefferson Shreve,Member,IN06,20030387.pdf,2025,64,,"Charter Communications, Inc. - Class A Common Stock","Charter Communications, Inc. - Class A Common Stock",CHTR,CHTR,ST,S,2025-05-12,2025-05-15,15001.0,50000.0,,"$15,001 - $50,000",valid_range,New,CRT - Standard Unit Trust,,Account Closing,,9,9,table,False,False,,False,0,False,True,100,True,30,False,https://disclosures-clerk.house.gov/public_disc/ptr-pdfs/2025/20030387.pdf,,,,"Charter Communications, Inc. - Class A Common Stock (CHTR) [ST]","Charter Communications, Inc. - Class A Common Stock (CHTR) [ST]",S,05/12/2025,05/15/2025,"$15,001 - $50,000",Filing Status: New Subholding Of: CRT - Standard Unit Trust Description: Account Closing,"Charter Communications, Inc. - Class A Common Stock (CHTR) [ST] S 05/12/2025 05/15/2025 $15,001 - $50,000 Filing Status: New Subholding Of: CRT - Standard Unit Trust Description: Account Closing",,,False,100,CHTR,accepted,house_ptr_structure+v8_1,False,False,False,05/12/2025,False,,valid_range
20030387,Hon. Jefferson Shreve,Member,IN06,20030387.pdf,2025,65,,"Cheniere Energy, Inc. Common Stock","Cheniere Energy, Inc. Common Stock",LNG,LNG,ST,S,2025-05-12,2025-05-15,15001.0,50000.0,,"$15,001 - $50,000",valid_range,New,CRT - Standard Unit Trust,,Account Closing,,9,9,table,False,False,,False,0,False,False,100,True,30,False,https://disclosures-clerk.house.gov/public_disc/ptr-pdfs/2025/20030387.pdf,,,,"Cheniere Energy, Inc. Common Stock (LNG) [ST] Filing Status: New Subholding Of: CRT - Standard Unit Tru Description: Account Closing","Cheniere Energy, Inc. Common Stock (LNG) [ST]",S ust,05/12/2025,05/15/2025,"$15,001 - $50,000",,"Cheniere Energy, Inc. Common Stock (LNG) [ST] S 05/12/2025 05/15/2025 $15,001 - $50,000 Filing Status: New Subholding Of: CRT - Standard Unit Trust Description: Account Closing",,,False,100,LNG,accepted,house_ptr_structure+v8_1,False,False,False,05/12/2025,False,,valid_range
20030387,Hon. Jefferson Shreve,Member,IN06,20030387.pdf,2025,66,,Chevron Corporation Common Stock,Chevron Corporation Common Stock,CVX,CVX,ST,S (partial),2025-05-08,2025-05-15,15001.0,50000.0,,"$15,001 - $50,000",valid_range,New,CRT - Standard Unit Trust,,Portfolio Rebalance,,10,10,table,False,False,,False,0,False,True,100,True,30,False,https://disclosures-clerk.house.gov/public_disc/ptr-pdfs/2025/20030387.pdf,,,,Chevron Corporation Common Stock (CVX) [ST],Chevron Corporation Common Stock (CVX) [ST],S (partial),05/08/2025,05/15/2025,"$15,001 - $50,000",Filing Status: New Subholding Of: CRT - Standard Unit Trust Description: Portfolio Rebalance,"Chevron Corporation Common Stock (CVX) [ST] S (partial) 05/08/2025 05/15/2025 $15,001 - $50,000 Filing Status: New Subholding Of: CRT - Standard Unit Trust Description: Portfolio Rebalance",,,False,100,CVX,accepted,house_ptr_structure+v8_1,False,False,False,05/08/2025,False,,valid_range
20030387,Hon. Jefferson Shreve,Member,IN06,20030387.pdf,2025,67,,Chevron Corporation Common Stock,Chevron Corporation Common Stock,CVX,CVX,ST,S,2025-05-12,2025-05-15,15001.0,50000.0,,"$15,001 - $50,000",valid_range,New,CRT - Standard Unit Trust,,Account Closing,,10,10,table,False,False,,False,0,False,False,100,True,30,False,https://disclosures-clerk.house.gov/public_disc/ptr-pdfs/2025/20030387.pdf,,,,Chevron Corporation Common Stock (CVX) [ST] Filing Status: New Subholding Of: CRT - Standard Unit Tru Description: Account Closing,Chevron Corporation Common Stock (CVX) [ST],S ust,05/12/2025,05/15/2025,"$15,001 - $50,000",,"Chevron Corporation Common Stock (CVX) [ST] S 05/12/2025 05/15/2025 $15,001 - $50,000 Filing Status: New Subholding Of: CRT - Standard Unit Trust Description: Account Closing",,,False,100,CVX,accepted,house_ptr_structure+v8_1,False,False,False,05/12/2025,False,,valid_range
20030387,Hon. Jefferson Shreve,Member,IN06,20030387.pdf,2025,68,,"Chipotle Mexican Grill, Inc. Common Stock","Chipotle Mexican Grill, Inc. Common Stock",CMG,CMG,ST,S,2025-05-12,2025-05-15,50001.0,100000.0,,"$50,001 - $100,000",valid_range,New,CRT - Standard Unit Trust,,Account Closing,,10,10,table,False,False,,False,0,False,True,100,True,30,False,https://disclosures-clerk.house.gov/public_disc/ptr-pdfs/2025/20030387.pdf,,,,"Chipotle Mexican Grill, Inc. Common Stock (CMG) [ST]","Chipotle Mexican Grill, Inc. Common Stock (CMG) [ST]",S,05/12/2025,05/15/2025,"$50,001 - $100,000",Filing Status: New Subholding Of: CRT - Standard Unit Trust Description: Account Closing,"Chipotle Mexican Grill, Inc. Common Stock (CMG) [ST] S 05/12/2025 05/15/2025 $50,001 - $100,000 Filing Status: New Subholding Of: CRT - Standard Unit Trust Description: Account Closing",,,False,100,CMG,accepted,house_ptr_structure+v8_1,False,False,False,05/12/2025,False,,valid_range
20030387,Hon. Jefferson Shreve,Member,IN06,20030387.pdf,2025,69,,Chubb Limited Common Stock,Chubb Limited Common Stock,CB,CB,ST,S,2025-05-12,2025-05-15,15001.0,50000.0,,"$15,001 - $50,000",valid_range,New,CRT - Standard Unit Trust,,Account Closing,,10,10,table,False,False,,False,0,False,False,100,True,30,False,https://disclosures-clerk.house.gov/public_disc/ptr-pdfs/2025/20030387.pdf,,,,Chubb Limited Common Stock (CB) [ST] Filing Status: New Subholding Of: CRT - Standard Unit Tru Description: Account Closing,Chubb Limited Common Stock (CB) [ST],S ust,05/12/2025,05/15/2025,"$15,001 - $50,000",,"Chubb Limited Common Stock (CB) [ST] S 05/12/2025 05/15/2025 $15,001 - $50,000 Filing Status: New Subholding Of: CRT - Standard Unit Trust Description: Account Closing",,,False,100,CB,accepted,house_ptr_structure+v8_1,False,False,False,05/12/2025,False,,valid_range
20030387,Hon. Jefferson Shreve,Member,IN06,20030387.pdf,2025,70,,Cintas Corporation - Common Stock,Cintas Corporation - Common Stock,CTAS,CTAS,ST,S,2025-05-12,2025-05-15,50001.0,100000.0,,"$50,001 - $100,000",valid_range,New,CRT - Standard Unit Trust,,Account Closing,,10,10,table,False,False,,False,0,False,True,100,True,30,False,https://disclosures-clerk.house.gov/public_disc/ptr-pdfs/2025/20030387.pdf,,,,Cintas Corporation - Common Stock (CTAS) [ST],Cintas Corporation - Common Stock (CTAS) [ST],S,05/12/2025,05/15/2025,"$50,001 - $100,000",Filing Status: New Subholding Of: CRT - Standard Unit Trust Description: Account Closing,"Cintas Corporation - Common Stock (CTAS) [ST] S 05/12/2025 05/15/2025 $50,001 - $100,000 Filing Status: New Subholding Of: CRT - Standard Unit Trust Description: Account Closing",,,False,100,CTAS,accepted,house_ptr_structure+v8_1,False,False,False,05/12/2025,False,,valid_range
20030387,Hon. Jefferson Shreve,Member,IN06,20030387.pdf,2025,71,,Cintas Corporation - Common Stock,Cintas Corporation - Common Stock,CTAS,CTAS,ST,S (partial),2025-05-08,2025-05-15,15001.0,50000.0,,"$15,001 - $50,000",valid_range,New,CRT - Standard Unit Trust,,Portfolio Rebalance,,10,10,table,False,False,,False,0,False,False,100,True,30,False,https://disclosures-clerk.house.gov/public_disc/ptr-pdfs/2025/20030387.pdf,,,,Cintas Corporation - Common Stock (CTAS) [ST] Filing Status: New Subholding Of: CRT - Standard Unit Tru Description: Portfolio Rebalance,Cintas Corporation - Common Stock (CTAS) [ST],S (partial) ust,05/08/2025,05/15/2025,"$15,001 - $50,000",,"Cintas Corporation - Common Stock (CTAS) [ST] S (partial) 05/08/2025 05/15/2025 $15,001 - $50,000 Filing Status: New Subholding Of: CRT - Standard Unit Trust Description: Portfolio Rebalance",,,False,100,CTAS,accepted,house_ptr_structure+v8_1,False,False,False,05/08/2025,False,,valid_range
20030387,Hon. Jefferson Shreve,Member,IN06,20030387.pdf,2025,72,,"Cisco Systems, Inc. - Common Stock","Cisco Systems, Inc. - Common Stock",CSCO,CSCO,ST,S,2025-05-12,2025-05-15,50001.0,100000.0,,"$50,001 - $100,000",valid_range,New,CRT - Standard Unit Trust,,Account Closing,,10,10,table,False,False,,False,0,False,True,100,True,30,False,https://disclosures-clerk.house.gov/public_disc/ptr-pdfs/2025/20030387.pdf,,,,"Cisco Systems, Inc. - Common Stock (CSCO) [ST]","Cisco Systems, Inc. - Common Stock (CSCO) [ST]",S,05/12/2025,05/15/2025,"$50,001 - $100,000",Filing Status: New Subholding Of: CRT - Standard Unit Trust Description: Account Closing,"Cisco Systems, Inc. - Common Stock (CSCO) [ST] S 05/12/2025 05/15/2025 $50,001 - $100,000 Filing Status: New Subholding Of: CRT - Standard Unit Trust Description: Account Closing",,,False,100,CSCO,accepted,house_ptr_structure+v8_1,False,False,False,05/12/2025,False,,valid_range
20030387,Hon. Jefferson Shreve,Member,IN06,20030387.pdf,2025,73,,Citigroup Inc 5.875 2033-02-22,Citigroup Inc 5.875 2033-02-22,,,CS,S,2025-05-13,2025-05-15,50001.0,100000.0,,"$50,001 - $100,000",valid_range,New,CRT - Standard Unit Trust,,Account Closing,,10,11,table,False,False,,True,0,False,False,98,True,30,False,https://disclosures-clerk.house.gov/public_disc/ptr-pdfs/2025/20030387.pdf,,,,Citigroup Inc 5.875 2033-02-22 [CS],Citigroup Inc 5.875 2033-02-22 [CS],S,05/13/2025,05/15/2025,"$50,001 - $100,000",Filing Status: New Subholding Of: CRT - Standard Unit Trust Description: Account Closing,"Citigroup Inc 5.875 2033-02-22 [CS] S 05/13/2025 05/15/2025 $50,001 - $100,000 Filing Status: New Subholding Of: CRT - Standard Unit Trust Description: Account Closing",,,False,98,,not_applicable,,False,False,False,05/13/2025,False,,valid_range
20030387,Hon. Jefferson Shreve,Member,IN06,20030387.pdf,2025,74,,"Cloudflare, Inc. Class A Common Stock","Cloudflare, Inc. Class A Common Stock",NET,NET,ST,S,2025-05-12,2025-05-15,15001.0,50000.0,,"$15,001 - $50,000",valid_range,New,CRT - Standard Unit Trust,,Account Closing,,11,11,table,False,False,,False,0,False,True,100,True,30,False,https://disclosures-clerk.house.gov/public_disc/ptr-pdfs/2025/20030387.pdf,,,,"Cloudflare, Inc. Class A Common Stock (NET) [ST]","Cloudflare, Inc. Class A Common Stock (NET) [ST]",S,05/12/2025,05/15/2025,"$15,001 - $50,000",Filing Status: New Subholding Of: CRT - Standard Unit Trust Description: Account Closing,"Cloudflare, Inc. Class A Common Stock (NET) [ST] S 05/12/2025 05/15/2025 $15,001 - $50,000 Filing Status: New Subholding Of: CRT - Standard Unit Trust Description: Account Closing",,,False,100,NET,accepted,house_ptr_structure+v8_1,False,False,False,05/12/2025,False,,valid_range
20030387,Hon. Jefferson Shreve,Member,IN06,20030387.pdf,2025,75,,CME Group Inc. - Class A Common Stock,CME Group Inc. - Class A Common Stock,CME,CME,ST,S,2025-05-12,2025-05-15,15001.0,50000.0,,"$15,001 - $50,000",valid_range,New,CRT - Standard Unit Trust,,Account Closing,,11,11,table,False,False,,False,0,False,False,100,True,30,False,https://disclosures-clerk.house.gov/public_disc/ptr-pdfs/2025/20030387.pdf,,,,CME Group Inc. - Class A Common Stock (CME) [ST] Filing Status: New Subholding Of: CRT - Standard Unit Tru Description: Account Closing,CME Group Inc. - Class A Common Stock (CME) [ST],S ust,05/12/2025,05/15/2025,"$15,001 - $50,000",,"CME Group Inc. - Class A Common Stock (CME) [ST] S 05/12/2025 05/15/2025 $15,001 - $50,000 Filing Status: New Subholding Of: CRT - Standard Unit Trust Description: Account Closing",,,False,100,CME,accepted,house_ptr_structure+v8_1,False,False,False,05/12/2025,False,,valid_range
20030387,Hon. Jefferson Shreve,Member,IN06,20030387.pdf,2025,76,,"CNO Financial Group, Inc. Common Stock","CNO Financial Group, Inc. Common Stock",CNO,CNO,ST,S,2025-05-12,2025-05-15,15001.0,50000.0,,"$15,001 - $50,000",valid_range,New,CRT - Standard Unit Trust,,Account Closing,,11,11,table,False,False,,False,0,False,True,100,True,30,False,https://disclosures-clerk.house.gov/public_disc/ptr-pdfs/2025/20030387.pdf,,,,"CNO Financial Group, Inc. Common Stock (CNO) [ST]","CNO Financial Group, Inc. Common Stock (CNO) [ST]",S,05/12/2025,05/15/2025,"$15,001 - $50,000",Filing Status: New Subholding Of: CRT - Standard Unit Trust Description: Account Closing,"CNO Financial Group, Inc. Common Stock (CNO) [ST] S 05/12/2025 05/15/2025 $15,001 - $50,000 Filing Status: New Subholding Of: CRT - Standard Unit Trust Description: Account Closing",,,False,100,CNO,accepted,house_ptr_structure+v8_1,False,False,False,05/12/2025,False,,valid_range
20030387,Hon. Jefferson Shreve,Member,IN06,20030387.pdf,2025,77,,Coca-Cola Company,Coca-Cola Company,KO,KO,ST,S,2025-05-12,2025-05-15,100001.0,250000.0,,"$100,001 - $250,000",valid_range,New,CRT - Standard Unit Trust,,Account Closing,,11,11,table,False,False,,False,0,False,False,100,True,30,False,https://disclosures-clerk.house.gov/public_disc/ptr-pdfs/2025/20030387.pdf,,,,Coca-Cola Company (KO) [ST] Filing Status: New Subholding Of: CRT - Standard Unit Tru Description: Account Closing,Coca-Cola Company (KO) [ST],S ust,05/12/2025,05/15/2025,"$100,001 - $250,000",,"Coca-Cola Company (KO) [ST] S 05/12/2025 05/15/2025 $100,001 - $250,000 Filing Status: New Subholding Of: CRT - Standard Unit Trust Description: Account Closing",,,False,100,KO,accepted,house_ptr_structure+v8_1,False,False,False,05/12/2025,False,,valid_range
20030387,Hon. Jefferson Shreve,Member,IN06,20030387.pdf,2025,78,,"Coinbase Global, Inc. - Class A Common Stock","Coinbase Global, Inc. - Class A Common Stock",COIN,COIN,ST,P,2025-05-08,2025-05-15,15001.0,50000.0,,"$15,001 - $50,000",valid_range,New,CRT - Standard Unit Trust,,Portfolio Rebalance,,11,11,table,False,False,,False,0,False,True,100,True,30,False,https://disclosures-clerk.house.gov/public_disc/ptr-pdfs/2025/20030387.pdf,,,,"Coinbase Global, Inc. - Class A Common Stock (COIN) [ST]","Coinbase Global, Inc. - Class A Common Stock (COIN) [ST]",P,05/08/2025,05/15/2025,"$15,001 - $50,000",Filing Status: New Subholding Of: CRT - Standard Unit Trust Description: Portfolio Rebalance,"Coinbase Global, Inc. - Class A Common Stock (COIN) [ST] P 05/08/2025 05/15/2025 $15,001 - $50,000 Filing Status: New Subholding Of: CRT - Standard Unit Trust Description: Portfolio Rebalance",,,False,100,COIN,accepted,house_ptr_structure+v8_1,False,False,False,05/08/2025,False,,valid_range
20030387,Hon. Jefferson Shreve,Member,IN06,20030387.pdf,2025,79,,"Coinbase Global, Inc. - Class A Common Stock","Coinbase Global, Inc. - Class A Common Stock",COIN,COIN,ST,S,2025-05-12,2025-05-15,15001.0,50000.0,,"$15,001 - $50,000",valid_range,New,CRT - Standard Unit Trust,,Account Closing,,11,11,table,False,False,,False,0,False,False,100,True,30,False,https://disclosures-clerk.house.gov/public_disc/ptr-pdfs/2025/20030387.pdf,,,,"Coinbase Global, Inc. - Class A Common Stock (COIN) [ST] Filing Status: New Subholding Of: CRT - Standard Unit Tru Description: Account Closing","Coinbase Global, Inc. - Class A Common Stock (COIN) [ST]",S ust,05/12/2025,05/15/2025,"$15,001 - $50,000",,"Coinbase Global, Inc. - Class A Common Stock (COIN) [ST] S 05/12/2025 05/15/2025 $15,001 - $50,000 Filing Status: New Subholding Of: CRT - Standard Unit Trust Description: Account Closing",,,False,100,COIN,accepted,house_ptr_structure+v8_1,False,False,False,05/12/2025,False,,valid_range
20030387,Hon. Jefferson Shreve,Member,IN06,20030387.pdf,2025,80,,Colorado St Brd Governors Univ Enterprise Sys Rev 5.000 2030-03-01,Colorado St Brd Governors Univ Enterprise Sys Rev 5.000 2030-03-01,,,GS,S,2025-05-13,2025-05-15,1001.0,15000.0,,"$1,001 - $15,000",valid_range,New,CRT - Standard Unit Trust,,Account Closing ID Owner Asset Transaction Type Date Notification Date Amount Cap. Gains > $200?,,11,12,table,True,False,,True,0,False,True,98,True,30,False,https://disclosures-clerk.house.gov/public_disc/ptr-pdfs/2025/20030387.pdf,,,,Colorado St Brd Governors Univ Enterprise Sys Rev 5.000 2030-03-01 [GS],Colorado St Brd Governors Univ Enterprise Sys Rev 5.000 2030-03-01 [GS],S,05/13/2025,05/15/2025,"$1,001 - $15,000",Filing Status: New Subholding Of: CRT - Standard Unit Trust Description: Account Closing ID Owner Asset Transaction Type Date Notification Date Amount Cap. Gains > $200?,"Colorado St Brd Governors Univ Enterprise Sys Rev 5.000 2030-03-01 [GS] S 05/13/2025 05/15/2025 $1,001 - $15,000 Filing Status: New Subholding Of: CRT - Standard Unit Trust Description: Account Closing ID Owner Asset Transaction Type Date Notification Date Amount Cap. Gains > $200?",,,False,98,,not_applicable,,False,False,False,05/13/2025,False,,valid_range
20030387,Hon. Jefferson Shreve,Member,IN06,20030387.pdf,2025,81,,Comcast 6.50% maturing 11/15/35,Comcast 6.50% maturing 11/15/35,,,CS,S,2025-05-13,2025-05-15,15001.0,50000.0,,"$15,001 - $50,000",valid_range,New,CRT - Standard Unit Trust,,Account Closing,,12,12,relaxed_table,True,False,,False,0,False,False,100,True,30,False,https://disclosures-clerk.house.gov/public_disc/ptr-pdfs/2025/20030387.pdf,,,,Comcast 6.50% maturing 11/15/35 [CS] Filing Status: New Subholding Of: CRT - Standard Unit Tru Description: Account Closing,Comcast 6.50% maturing 11/15/35 [CS],S ust,05/13/2025,05/15/2025,"$15,001 - $50,000",,"Comcast 6.50% maturing 11/15/35 [CS] S 05/13/2025 05/15/2025 $15,001 - $50,000 Filing Status: New Subholding Of: CRT - Standard Unit Trust Description: Account Closing",,,False,100,,not_applicable,,False,False,False,05/13/2025,False,,valid_range
20030387,Hon. Jefferson Shreve,Member,IN06,20030387.pdf,2025,82,,Comcast Corporation - Class A Common Stock,Comcast Corporation - Class A Common Stock,CMCSA,CMCSA,ST,S,2025-05-12,2025-05-15,15001.0,50000.0,,"$15,001 - $50,000",valid_range,New,CRT - Standard Unit Trust,,Account Closing,,12,12,relaxed_table,True,False,,False,0,False,True,100,True,30,False,https://disclosures-clerk.house.gov/public_disc/ptr-pdfs/2025/20030387.pdf,,,,Comcast Corporation - Class A Common Stock (CMCSA) [ST],Comcast Corporation - Class A Common Stock (CMCSA) [ST],S,05/12/2025,05/15/2025,"$15,001 - $50,000",Filing Status: New Subholding Of: CRT - Standard Unit Trust Description: Account Closing,"Comcast Corporation - Class A Common Stock (CMCSA) [ST] S 05/12/2025 05/15/2025 $15,001 - $50,000 Filing Status: New Subholding Of: CRT - Standard Unit Trust Description: Account Closing",,,False,100,CMCSA,accepted,house_ptr_structure+v8_1,False,False,False,05/12/2025,False,,valid_range
20030387,Hon. Jefferson Shreve,Member,IN06,20030387.pdf,2025,83,,Connecticut St Spl Tax Oblig Rev 5.00 2032-5-1/ 207758ZUO,Connecticut St Spl Tax Oblig Rev 5.00 2032-5-1/ 207758ZUO,,,GS,S,2025-05-13,2025-05-15,1001.0,15000.0,,"$1,001 - $15,000",valid_range,New,CRT - Standard Unit Trust,,Account Closing,,12,12,relaxed_table,True,False,,False,0,False,False,100,True,30,False,https://disclosures-clerk.house.gov/public_disc/ptr-pdfs/2025/20030387.pdf,,,,Connecticut St Spl Tax Oblig Rev 5.00 2032-5-1/ 207758ZUO [GS] Filing Status: New Subholding Of: CRT - Standard Unit Tru Description: Account Closing,Connecticut St Spl Tax Oblig Rev 5.00 2032-5-1/ 207758ZUO [GS],S ust,05/13/2025,05/15/2025,"$1,001 - $15,000",,"Connecticut St Spl Tax Oblig Rev 5.00 2032-5-1/ 207758ZUO [GS] S 05/13/2025 05/15/2025 $1,001 - $15,000 Filing Status: New Subholding Of: CRT - Standard Unit Trust Description: Account Closing",,,False,100,,not_applicable,,False,False,False,05/13/2025,False,,valid_range
20030387,Hon. Jefferson Shreve,Member,IN06,20030387.pdf,2025,84,,ConocoPhillips Common Stock,ConocoPhillips Common Stock,COP,COP,ST,S,2025-05-12,2025-05-15,15001.0,50000.0,,"$15,001 - $50,000",valid_range,New,CRT - Standard Unit Trust,,Account Closing,,12,12,relaxed_table,True,False,,False,0,False,True,100,True,30,False,https://disclosures-clerk.house.gov/public_disc/ptr-pdfs/2025/20030387.pdf,,,,ConocoPhillips Common Stock (COP) [ST],ConocoPhillips Common Stock (COP) [ST],S,05/12/2025,05/15/2025,"$15,001 - $50,000",Filing Status: New Subholding Of: CRT - Standard Unit Trust Description: Account Closing,"ConocoPhillips Common Stock (COP) [ST] S 05/12/2025 05/15/2025 $15,001 - $50,000 Filing Status: New Subholding Of: CRT - Standard Unit Trust Description: Account Closing",,,False,100,COP,accepted,house_ptr_structure+v8_1,False,False,False,05/12/2025,False,,valid_range
20030387,Hon. Jefferson Shreve,Member,IN06,20030387.pdf,2025,85,,Constellation Energy Corporation - Common Stock,Constellation Energy Corporation - Common Stock,CEG,CEG,ST,P,2025-05-08,2025-05-15,15001.0,50000.0,,"$15,001 - $50,000",valid_range,New,CRT - Standard Unit Trust,,Portfolio Rebalance,,12,12,relaxed_table,True,False,,False,0,False,False,100,True,30,False,https://disclosures-clerk.house.gov/public_disc/ptr-pdfs/2025/20030387.pdf,,,,Constellation Energy Corporation - Common Stock (CEG) [ST] Filing Status: New Subholding Of: CRT - Standard Unit Tru Description: Portfolio Rebalance,Constellation Energy Corporation - Common Stock (CEG) [ST],P ust,05/08/2025,05/15/2025,"$15,001 - $50,000",,"Constellation Energy Corporation - Common Stock (CEG) [ST] P 05/08/2025 05/15/2025 $15,001 - $50,000 Filing Status: New Subholding Of: CRT - Standard Unit Trust Description: Portfolio Rebalance",,,False,100,CEG,accepted,house_ptr_structure+v8_1,False,False,False,05/08/2025,False,,valid_range
20030387,Hon. Jefferson Shreve,Member,IN06,20030387.pdf,2025,86,,Constellation Energy Corporation - Common Stock,Constellation Energy Corporation - Common Stock,CEG,CEG,ST,S,2025-05-12,2025-05-15,15001.0,50000.0,,"$15,001 - $50,000",valid_range,New,CRT - Standard Unit Trust,,Account Closing,,12,12,relaxed_table,True,False,,False,0,False,True,100,True,30,False,https://disclosures-clerk.house.gov/public_disc/ptr-pdfs/2025/20030387.pdf,,,,Constellation Energy Corporation - Common Stock (CEG) [ST],Constellation Energy Corporation - Common Stock (CEG) [ST],S,05/12/2025,05/15/2025,"$15,001 - $50,000",Filing Status: New Subholding Of: CRT - Standard Unit Trust Description: Account Closing,"Constellation Energy Corporation - Common Stock (CEG) [ST] S 05/12/2025 05/15/2025 $15,001 - $50,000 Filing Status: New Subholding Of: CRT - Standard Unit Trust Description: Account Closing",,,False,100,CEG,accepted,house_ptr_structure+v8_1,False,False,False,05/12/2025,False,,valid_range
20030387,Hon. Jefferson Shreve,Member,IN06,20030387.pdf,2025,87,,"Copart, Inc. - Common Stock","Copart, Inc. - Common Stock",CPRT,CPRT,ST,S,2025-05-12,2025-05-15,15001.0,50000.0,,"$15,001 - $50,000",valid_range,New,CRT - Standard Unit Trust,,Account Closing,,12,12,relaxed_table,True,False,,False,0,False,False,100,True,30,False,https://disclosures-clerk.house.gov/public_disc/ptr-pdfs/2025/20030387.pdf,,,,"Copart, Inc. - Common Stock (CPRT) [ST] Filing Status: New Subholding Of: CRT - Standard Unit Tru Description: Account Closing","Copart, Inc. - Common Stock (CPRT) [ST]",S ust,05/12/2025,05/15/2025,"$15,001 - $50,000",,"Copart, Inc. - Common Stock (CPRT) [ST] S 05/12/2025 05/15/2025 $15,001 - $50,000 Filing Status: New Subholding Of: CRT - Standard Unit Trust Description: Account Closing",,,False,100,CPRT,accepted,house_ptr_structure+v8_1,False,False,False,05/12/2025,False,,valid_range
20030387,Hon. Jefferson Shreve,Member,IN06,20030387.pdf,2025,88,,Corpus Christi Tex Indpt Sch Dist 4.000 2028-08-15,Corpus Christi Tex Indpt Sch Dist 4.000 2028-08-15,,,GS,S,2025-05-13,2025-05-15,50001.0,100000.0,,"$50,001 - $100,000",valid_range,New,CRT - Standard Unit Trust,,Account Closing,,12,13,relaxed_table,True,False,,True,0,False,True,98,True,30,False,https://disclosures-clerk.house.gov/public_disc/ptr-pdfs/2025/20030387.pdf,,,,Corpus Christi Tex Indpt Sch Dist 4.000 2028-08-15 [GS],Corpus Christi Tex Indpt Sch Dist 4.000 2028-08-15 [GS],S,05/13/2025,05/15/2025,"$50,001 - $100,000",Filing Status: New Subholding Of: CRT - Standard Unit Trust Description: Account Closing,"Corpus Christi Tex Indpt Sch Dist 4.000 2028-08-15 [GS] S 05/13/2025 05/15/2025 $50,001 - $100,000 Filing Status: New Subholding Of: CRT - Standard Unit Trust Description: Account Closing",,,False,98,,not_applicable,,False,False,False,05/13/2025,False,,valid_range
20030387,Hon. Jefferson Shreve,Member,IN06,20030387.pdf,2025,89,,"CoStar Group, Inc. - Common Stock","CoStar Group, Inc. - Common Stock",CSGP,CSGP,ST,S,2025-05-12,2025-05-15,15001.0,50000.0,,"$15,001 - $50,000",valid_range,New,CRT - Standard Unit Trust,,Account Closing,,13,13,table,False,False,,False,0,False,False,100,True,30,False,https://disclosures-clerk.house.gov/public_disc/ptr-pdfs/2025/20030387.pdf,,,,"CoStar Group, Inc. - Common Stock (CSGP) [ST] Filing Status: New Subholding Of: CRT - Standard Unit Tru Description: Account Closing","CoStar Group, Inc. - Common Stock (CSGP) [ST]",S ust,05/12/2025,05/15/2025,"$15,001 - $50,000",,"CoStar Group, Inc. - Common Stock (CSGP) [ST] S 05/12/2025 05/15/2025 $15,001 - $50,000 Filing Status: New Subholding Of: CRT - Standard Unit Trust Description: Account Closing",,,False,100,CSGP,accepted,house_ptr_structure+v8_1,False,False,False,05/12/2025,False,,valid_range
20030387,Hon. Jefferson Shreve,Member,IN06,20030387.pdf,2025,90,,Costco Wholesale Corporation - Common Stock,Costco Wholesale Corporation - Common Stock,COST,COST,ST,S,2025-05-12,2025-05-15,100001.0,250000.0,,"$100,001 - $250,000",valid_range,New,CRT - Standard Unit Trust,,Account Closing,,13,13,table,False,False,,False,0,False,True,100,True,30,False,https://disclosures-clerk.house.gov/public_disc/ptr-pdfs/2025/20030387.pdf,,,,Costco Wholesale Corporation - Common Stock (COST) [ST],Costco Wholesale Corporation - Common Stock (COST) [ST],S,05/12/2025,05/15/2025,"$100,001 - $250,000",Filing Status: New Subholding Of: CRT - Standard Unit Trust Description: Account Closing,"Costco Wholesale Corporation - Common Stock (COST) [ST] S 05/12/2025 05/15/2025 $100,001 - $250,000 Filing Status: New Subholding Of: CRT - Standard Unit Trust Description: Account Closing",,,False,100,COST,accepted,house_ptr_structure+v8_1,False,False,False,05/12/2025,False,,valid_range
20030387,Hon. Jefferson Shreve,Member,IN06,20030387.pdf,2025,91,,Coterra Energy Inc. Common Stock,Coterra Energy Inc. Common Stock,CTRA,CTRA,ST,S,2025-05-12,2025-05-15,15001.0,50000.0,,"$15,001 - $50,000",valid_range,New,CRT - Standard Unit Trust,,Account Closing,,13,13,table,False,False,,False,0,False,False,100,True,30,False,https://disclosures-clerk.house.gov/public_disc/ptr-pdfs/2025/20030387.pdf,,,,Coterra Energy Inc. Common Stock (CTRA) [ST] Filing Status: New Subholding Of: CRT - Standard Unit Tru Description: Account Closing,Coterra Energy Inc. Common Stock (CTRA) [ST],S ust,05/12/2025,05/15/2025,"$15,001 - $50,000",,"Coterra Energy Inc. Common Stock (CTRA) [ST] S 05/12/2025 05/15/2025 $15,001 - $50,000 Filing Status: New Subholding Of: CRT - Standard Unit Trust Description: Account Closing",,,False,100,CTRA,accepted,house_ptr_structure+v8_1,False,False,False,05/12/2025,False,,valid_range
20030387,Hon. Jefferson Shreve,Member,IN06,20030387.pdf,2025,92,,Coterra Energy Inc. Common Stock,Coterra Energy Inc. Common Stock,CTRA,CTRA,ST,S (partial),2025-05-08,2025-05-15,15001.0,50000.0,,"$15,001 - $50,000",valid_range,New,CRT - Standard Unit Trust,,Portfolio Rebalance,,13,13,table,False,False,,False,0,False,True,100,True,30,False,https://disclosures-clerk.house.gov/public_disc/ptr-pdfs/2025/20030387.pdf,,,,Coterra Energy Inc. Common Stock (CTRA) [ST],Coterra Energy Inc. Common Stock (CTRA) [ST],S (partial),05/08/2025,05/15/2025,"$15,001 - $50,000",Filing Status: New Subholding Of: CRT - Standard Unit Trust Description: Portfolio Rebalance,"Coterra Energy Inc. Common Stock (CTRA) [ST] S (partial) 05/08/2025 05/15/2025 $15,001 - $50,000 Filing Status: New Subholding Of: CRT - Standard Unit Trust Description: Portfolio Rebalance",,,False,100,CTRA,accepted,house_ptr_structure+v8_1,False,False,False,05/08/2025,False,,valid_range
20030387,Hon. Jefferson Shreve,Member,IN06,20030387.pdf,2025,93,,"CrowdStrike Holdings, Inc. - Class A Common Stock","CrowdStrike Holdings, Inc. - Class A Common Stock",CRWD,CRWD,ST,S,2025-05-12,2025-05-15,15001.0,50000.0,,"$15,001 - $50,000",valid_range,New,CRT - Standard Unit Trust,,Account Closing,,13,13,table,False,False,,False,0,False,False,100,True,30,False,https://disclosures-clerk.house.gov/public_disc/ptr-pdfs/2025/20030387.pdf,,,,"CrowdStrike Holdings, Inc. - Class A Common Stock (CRWD) [ST] Filing Status: New Subholding Of: CRT - Standard Unit Tru Description: Account Closing","CrowdStrike Holdings, Inc. - Class A Common Stock (CRWD) [ST]",S ust,05/12/2025,05/15/2025,"$15,001 - $50,000",,"CrowdStrike Holdings, Inc. - Class A Common Stock (CRWD) [ST] S 05/12/2025 05/15/2025 $15,001 - $50,000 Filing Status: New Subholding Of: CRT - Standard Unit Trust Description: Account Closing",,,False,100,CRWD,accepted,house_ptr_structure+v8_1,False,False,False,05/12/2025,False,,valid_range
20030387,Hon. Jefferson Shreve,Member,IN06,20030387.pdf,2025,94,,Crown Castle Inc. Common Stock,Crown Castle Inc. Common Stock,CCI,CCI,ST,S,2025-05-12,2025-05-15,15001.0,50000.0,,"$15,001 - $50,000",valid_range,New,CRT - Standard Unit Trust,,Account Closing,,13,13,table,False,False,,False,0,False,True,100,True,30,False,https://disclosures-clerk.house.gov/public_disc/ptr-pdfs/2025/20030387.pdf,,,,Crown Castle Inc. Common Stock (CCI) [ST],Crown Castle Inc. Common Stock (CCI) [ST],S,05/12/2025,05/15/2025,"$15,001 - $50,000",Filing Status: New Subholding Of: CRT - Standard Unit Trust Description: Account Closing,"Crown Castle Inc. Common Stock (CCI) [ST] S 05/12/2025 05/15/2025 $15,001 - $50,000 Filing Status: New Subholding Of: CRT - Standard Unit Trust Description: Account Closing",,,False,100,CCI,accepted,house_ptr_structure+v8_1,False,False,False,05/12/2025,False,,valid_range
20030387,Hon. Jefferson Shreve,Member,IN06,20030387.pdf,2025,95,,CSX Corporation,CSX Corporation,CSX,CSX,ST,S,2025-05-12,2025-05-15,15001.0,50000.0,,"$15,001 - $50,000",valid_range,New,CRT - Standard Unit Trust,,Account Closing,,13,13,table,False,False,,False,0,False,False,100,True,30,False,https://disclosures-clerk.house.gov/public_disc/ptr-pdfs/2025/20030387.pdf,,,,CSX Corporation (CSX) [ST] Filing Status: New Subholding Of: CRT - Standard Unit Tru Description: Account Closing,CSX Corporation (CSX) [ST],S ust,05/12/2025,05/15/2025,"$15,001 - $50,000",,"CSX Corporation (CSX) [ST] S 05/12/2025 05/15/2025 $15,001 - $50,000 Filing Status: New Subholding Of: CRT - Standard Unit Trust Description: Account Closing",,,False,100,CSX,accepted,house_ptr_structure+v8_1,False,False,False,05/12/2025,False,,valid_range
20030387,Hon. Jefferson Shreve,Member,IN06,20030387.pdf,2025,96,,Cuyahoga Cnty Ohio Economic Dev Rev 5.000 2025-12-01,Cuyahoga Cnty Ohio Economic Dev Rev 5.000 2025-12-01,,,GS,S,2025-05-13,2025-05-15,15001.0,50000.0,,"$15,001 - $50,000",valid_range,New,CRT - Standard Unit Trust,,Account Closing,,14,14,table,False,False,,False,0,False,True,100,True,30,False,https://disclosures-clerk.house.gov/public_disc/ptr-pdfs/2025/20030387.pdf,,,,Cuyahoga Cnty Ohio Economic Dev Rev 5.000 2025-12-01 [GS],Cuyahoga Cnty Ohio Economic Dev Rev 5.000 2025-12-01 [GS],S,05/13/2025,05/15/2025,"$15,001 - $50,000",Filing Status: New Subholding Of: CRT - Standard Unit Trust Description: Account Closing,"Cuyahoga Cnty Ohio Economic Dev Rev 5.000 2025-12-01 [GS] S 05/13/2025 05/15/2025 $15,001 - $50,000 Filing Status: New Subholding Of: CRT - Standard Unit Trust Description: Account Closing",,,False,100,,not_applicable,,False,False,False,05/13/2025,False,,valid_range
20030387,Hon. Jefferson Shreve,Member,IN06,20030387.pdf,2025,97,,CVS Health Corporation Common Stock,CVS Health Corporation Common Stock,CVS,CVS,ST,S,2025-05-12,2025-05-15,15001.0,50000.0,,"$15,001 - $50,000",valid_range,New,CRT - Standard Unit Trust,,Account Closing,,14,14,table,False,False,,False,0,False,False,100,True,30,False,https://disclosures-clerk.house.gov/public_disc/ptr-pdfs/2025/20030387.pdf,,,,CVS Health Corporation Common Stock (CVS) [ST] Filing Status: New Subholding Of: CRT - Standard Unit Tru Description: Account Closing,CVS Health Corporation Common Stock (CVS) [ST],S ust,05/12/2025,05/15/2025,"$15,001 - $50,000",,"CVS Health Corporation Common Stock (CVS) [ST] S 05/12/2025 05/15/2025 $15,001 - $50,000 Filing Status: New Subholding Of: CRT - Standard Unit Trust Description: Account Closing",,,False,100,CVS,accepted,house_ptr_structure+v8_1,False,False,False,05/12/2025,False,,valid_range
20030387,Hon. Jefferson Shreve,Member,IN06,20030387.pdf,2025,98,,Cypress Fairbanks Tex Indpt Sch Dist 5.0000 2032-02-15,Cypress Fairbanks Tex Indpt Sch Dist 5.0000 2032-02-15,,,GS,S,2025-05-13,2025-05-15,1001.0,15000.0,,"$1,001 - $15,000",valid_range,New,CRT - Standard Unit Trust,,Account Closing,,14,14,table,False,False,,False,0,False,True,100,True,30,False,https://disclosures-clerk.house.gov/public_disc/ptr-pdfs/2025/20030387.pdf,,,,Cypress Fairbanks Tex Indpt Sch Dist 5.0000 2032-02-15 [GS],Cypress Fairbanks Tex Indpt Sch Dist 5.0000 2032-02-15 [GS],S,05/13/2025,05/15/2025,"$1,001 - $15,000",Filing Status: New Subholding Of: CRT - Standard Unit Trust Description: Account Closing,"Cypress Fairbanks Tex Indpt Sch Dist 5.0000 2032-02-15 [GS] S 05/13/2025 05/15/2025 $1,001 - $15,000 Filing Status: New Subholding Of: CRT - Standard Unit Trust Description: Account Closing",,,False,100,,not_applicable,,False,False,False,05/13/2025,False,,valid_range
20030387,Hon. Jefferson Shreve,Member,IN06,20030387.pdf,2025,99,,Danaher Corporation Common Stock,Danaher Corporation Common Stock,DHR,DHR,ST,S,2025-05-12,2025-05-15,15001.0,50000.0,,"$15,001 - $50,000",valid_range,New,CRT - Standard Unit Trust,,Account Closing,,14,14,table,False,False,,False,0,False,False,100,True,30,False,https://disclosures-clerk.house.gov/public_disc/ptr-pdfs/2025/20030387.pdf,,,,Danaher Corporation Common Stock (DHR) [ST] Filing Status: New Subholding Of: CRT - Standard Unit Tru Description: Account Closing,Danaher Corporation Common Stock (DHR) [ST],S ust,05/12/2025,05/15/2025,"$15,001 - $50,000",,"Danaher Corporation Common Stock (DHR) [ST] S 05/12/2025 05/15/2025 $15,001 - $50,000 Filing Status: New Subholding Of: CRT - Standard Unit Trust Description: Account Closing",,,False,100,DHR,accepted,house_ptr_structure+v8_1,False,False,False,05/12/2025,False,,valid_range
20030387,Hon. Jefferson Shreve,Member,IN06,20030387.pdf,2025,100,,Danaher Corporation Common Stock,Danaher Corporation Common Stock,DHR,DHR,ST,P,2015-05-08,2025-05-15,15001.0,50000.0,,"$15,001 - $50,000",valid_range,New,CRT - Standard Unit Trust,,Portfolio Rebalance,,14,14,table,False,False,,False,0,False,True,100,True,30,False,https://disclosures-clerk.house.gov/public_disc/ptr-pdfs/2025/20030387.pdf,,,,Danaher Corporation Common Stock (DHR) [ST],Danaher Corporation Common Stock (DHR) [ST],P,05/08/2015,05/15/2025,"$15,001 - $50,000",Filing Status: New Subholding Of: CRT - Standard Unit Trust Description: Portfolio Rebalance,"Danaher Corporation Common Stock (DHR) [ST] P 05/08/2015 05/15/2025 $15,001 - $50,000 Filing Status: New Subholding Of: CRT - Standard Unit Trust Description: Portfolio Rebalance",,,False,100,DHR,accepted,house_ptr_structure+v8_1,False,False,False,05/08/2015,False,,valid_range
20030387,Hon. Jefferson Shreve,Member,IN06,20030387.pdf,2025,101,,Deere & Company Common Stock,Deere & Company Common Stock,DE,DE,ST,S,2025-05-12,2025-05-15,50001.0,100000.0,,"$50,001 - $100,000",valid_range,New,CRT - Standard Unit Trust,,Account Closing,,14,14,table,False,False,,False,0,False,False,100,True,30,False,https://disclosures-clerk.house.gov/public_disc/ptr-pdfs/2025/20030387.pdf,,,,Deere & Company Common Stock (DE) [ST] Filing Status: New Subholding Of: CRT - Standard Unit Tru Description: Account Closing,Deere & Company Common Stock (DE) [ST],S ust,05/12/2025,05/15/2025,"$50,001 - $100,000",,"Deere & Company Common Stock (DE) [ST] S 05/12/2025 05/15/2025 $50,001 - $100,000 Filing Status: New Subholding Of: CRT - Standard Unit Trust Description: Account Closing",,,False,100,DE,accepted,house_ptr_structure+v8_1,False,False,False,05/12/2025,False,,valid_range
20030387,Hon. Jefferson Shreve,Member,IN06,20030387.pdf,2025,102,,"Delta Air Lines, Inc. Common Stock","Delta Air Lines, Inc. Common Stock",DAL,DAL,ST,P,2015-05-08,2025-05-15,15001.0,50000.0,,"$15,001 - $50,000",valid_range,New,CRT - Standard Unit Trust,,Portfolio Rebalance,,14,14,table,False,False,,False,0,False,True,100,True,30,False,https://disclosures-clerk.house.gov/public_disc/ptr-pdfs/2025/20030387.pdf,,,,"Delta Air Lines, Inc. Common Stock (DAL) [ST]","Delta Air Lines, Inc. Common Stock (DAL) [ST]",P,05/08/2015,05/15/2025,"$15,001 - $50,000",Filing Status: New Subholding Of: CRT - Standard Unit Trust Description: Portfolio Rebalance,"Delta Air Lines, Inc. Common Stock (DAL) [ST] P 05/08/2015 05/15/2025 $15,001 - $50,000 Filing Status: New Subholding Of: CRT - Standard Unit Trust Description: Portfolio Rebalance",,,False,100,DAL,accepted,house_ptr_structure+v8_1,False,False,False,05/08/2015,False,,valid_range
20030387,Hon. Jefferson Shreve,Member,IN06,20030387.pdf,2025,103,,"Delta Air Lines, Inc. Common Stock","Delta Air Lines, Inc. Common Stock",DAL,DAL,ST,S,2025-05-12,2025-05-15,15001.0,50000.0,,"$15,001 - $50,000",valid_range,New,CRT - Standard Unit Trust,,Account Closing,,14,15,table,False,False,,True,0,False,False,98,True,30,False,https://disclosures-clerk.house.gov/public_disc/ptr-pdfs/2025/20030387.pdf,,,,"Delta Air Lines, Inc. Common Stock (DAL) [ST] Filing Status: New","Delta Air Lines, Inc. Common Stock (DAL) [ST] Subholding Of: CRT - Standard Unit Trust Description: Account Closing",S,05/12/2025,05/15/2025,"$15,001 - $50,000",Subholding Of: CRT - Standard Unit Trust Description: Account Closing,"Delta Air Lines, Inc. Common Stock (DAL) [ST] S 05/12/2025 05/15/2025 $15,001 - $50,000 Filing Status: New Subholding Of: CRT - Standard Unit Trust Description: Account Closing",,,False,98,DAL,accepted,house_ptr_structure+v8_1,False,False,False,05/12/2025,False,,valid_range
20030387,Hon. Jefferson Shreve,Member,IN06,20030387.pdf,2025,104,,Denton Cnty Tex 4.0000 2029-07-15,Denton Cnty Tex 4.0000 2029-07-15,,,GS,S,2025-05-13,2025-05-15,1001.0,15000.0,,"$1,001 - $15,000",valid_range,New,CRT - Standard Unit Trust,,Account Closing,,15,15,table,False,False,,False,0,False,True,100,True,30,False,https://disclosures-clerk.house.gov/public_disc/ptr-pdfs/2025/20030387.pdf,,,,Denton Cnty Tex 4.0000 2029-07-15 [GS],Denton Cnty Tex 4.0000 2029-07-15 [GS],S,05/13/2025,05/15/2025,"$1,001 - $15,000",Filing Status: New Subholding Of: CRT - Standard Unit Trust Description: Account Closing,"Denton Cnty Tex 4.0000 2029-07-15 [GS] S 05/13/2025 05/15/2025 $1,001 - $15,000 Filing Status: New Subholding Of: CRT - Standard Unit Trust Description: Account Closing",,,False,100,,not_applicable,,False,False,False,05/13/2025,False,,valid_range
20030387,Hon. Jefferson Shreve,Member,IN06,20030387.pdf,2025,105,,Denton Tex 5.0000 2029-02-15,Denton Tex 5.0000 2029-02-15,,,GS,S,2025-05-13,2025-05-15,1001.0,15000.0,,"$1,001 - $15,000",valid_range,New,CRT - Standard Unit Trust,,Account Closing,,15,15,table,False,False,,False,0,False,False,100,True,30,False,https://disclosures-clerk.house.gov/public_disc/ptr-pdfs/2025/20030387.pdf,,,,Denton Tex 5.0000 2029-02-15 [GS] Filing Status: New Subholding Of: CRT - Standard Unit Tru Description: Account Closing,Denton Tex 5.0000 2029-02-15 [GS],S ust,05/13/2025,05/15/2025,"$1,001 - $15,000",,"Denton Tex 5.0000 2029-02-15 [GS] S 05/13/2025 05/15/2025 $1,001 - $15,000 Filing Status: New Subholding Of: CRT - Standard Unit Trust Description: Account Closing",,,False,100,,not_applicable,,False,False,False,05/13/2025,False,,valid_range
20030387,Hon. Jefferson Shreve,Member,IN06,20030387.pdf,2025,106,,Denton Tex Indpt Sch Dist 5.0000 2029-08-15,Denton Tex Indpt Sch Dist 5.0000 2029-08-15,,,GS,S,2025-05-13,2025-05-15,1001.0,15000.0,,"$1,001 - $15,000",valid_range,New,CRT - Standard Unit Trust,,Account Closing,,15,15,table,False,False,,False,0,False,True,100,True,30,False,https://disclosures-clerk.house.gov/public_disc/ptr-pdfs/2025/20030387.pdf,,,,Denton Tex Indpt Sch Dist 5.0000 2029-08-15 [GS],Denton Tex Indpt Sch Dist 5.0000 2029-08-15 [GS],S,05/13/2025,05/15/2025,"$1,001 - $15,000",Filing Status: New Subholding Of: CRT - Standard Unit Trust Description: Account Closing,"Denton Tex Indpt Sch Dist 5.0000 2029-08-15 [GS] S 05/13/2025 05/15/2025 $1,001 - $15,000 Filing Status: New Subholding Of: CRT - Standard Unit Trust Description: Account Closing",,,False,100,,not_applicable,,False,False,False,05/13/2025,False,,valid_range
20030387,Hon. Jefferson Shreve,Member,IN06,20030387.pdf,2025,107,,Devon Energy Corporation Common Stock,Devon Energy Corporation Common Stock,DVN,DVN,ST,S,2025-05-12,2025-05-15,15001.0,50000.0,,"$15,001 - $50,000",valid_range,New,CRT - Standard Unit Trust,,Account Closing,,15,15,table,False,False,,False,0,False,False,100,True,30,False,https://disclosures-clerk.house.gov/public_disc/ptr-pdfs/2025/20030387.pdf,,,,Devon Energy Corporation Common Stock (DVN) [ST] Filing Status: New Subholding Of: CRT - Standard Unit Tru Description: Account Closing,Devon Energy Corporation Common Stock (DVN) [ST],S ust,05/12/2025,05/15/2025,"$15,001 - $50,000",,"Devon Energy Corporation Common Stock (DVN) [ST] S 05/12/2025 05/15/2025 $15,001 - $50,000 Filing Status: New Subholding Of: CRT - Standard Unit Trust Description: Account Closing",,,False,100,DVN,accepted,house_ptr_structure+v8_1,False,False,False,05/12/2025,False,,valid_range
20030387,Hon. Jefferson Shreve,Member,IN06,20030387.pdf,2025,108,,Devon Energy Corporation Common Stock,Devon Energy Corporation Common Stock,DVN,DVN,ST,P,2025-05-08,2025-05-15,15001.0,50000.0,,"$15,001 - $50,000",valid_range,New,CRT - Standard Unit Trust,,Portfolio Rebalance,,15,15,table,False,False,,False,0,False,True,100,True,30,False,https://disclosures-clerk.house.gov/public_disc/ptr-pdfs/2025/20030387.pdf,,,,Devon Energy Corporation Common Stock (DVN) [ST],Devon Energy Corporation Common Stock (DVN) [ST],P,05/08/2025,05/15/2025,"$15,001 - $50,000",Filing Status: New Subholding Of: CRT - Standard Unit Trust Description: Portfolio Rebalance,"Devon Energy Corporation Common Stock (DVN) [ST] P 05/08/2025 05/15/2025 $15,001 - $50,000 Filing Status: New Subholding Of: CRT - Standard Unit Trust Description: Portfolio Rebalance",,,False,100,DVN,accepted,house_ptr_structure+v8_1,False,False,False,05/08/2025,False,,valid_range
20030387,Hon. Jefferson Shreve,Member,IN06,20030387.pdf,2025,109,,"DexCom, Inc. - Common Stock","DexCom, Inc. - Common Stock",DXCM,DXCM,ST,P,2025-05-08,2025-05-15,15001.0,50000.0,,"$15,001 - $50,000",valid_range,New,CRT - Standard Unit Trust,,Portfolio Rebalance,,15,15,table,False,False,,False,0,False,False,100,True,30,False,https://disclosures-clerk.house.gov/public_disc/ptr-pdfs/2025/20030387.pdf,,,,"DexCom, Inc. - Common Stock (DXCM) [ST] Filing Status: New Subholding Of: CRT - Standard Unit Tru Description: Portfolio Rebalance","DexCom, Inc. - Common Stock (DXCM) [ST]",P ust,05/08/2025,05/15/2025,"$15,001 - $50,000",,"DexCom, Inc. - Common Stock (DXCM) [ST] P 05/08/2025 05/15/2025 $15,001 - $50,000 Filing Status: New Subholding Of: CRT - Standard Unit Trust Description: Portfolio Rebalance",,,False,100,DXCM,accepted,house_ptr_structure+v8_1,False,False,False,05/08/2025,False,,valid_range
20030387,Hon. Jefferson Shreve,Member,IN06,20030387.pdf,2025,110,,"DexCom, Inc. - Common Stock","DexCom, Inc. - Common Stock",DXCM,DXCM,ST,S,2025-05-12,2025-05-15,15001.0,50000.0,,"$15,001 - $50,000",valid_range,New,CRT - Standard Unit Trust,,Account Closing,,15,15,table,False,False,,False,0,False,True,100,True,30,False,https://disclosures-clerk.house.gov/public_disc/ptr-pdfs/2025/20030387.pdf,,,,"DexCom, Inc. - Common Stock (DXCM) [ST]","DexCom, Inc. - Common Stock (DXCM) [ST]",S,05/12/2025,05/15/2025,"$15,001 - $50,000",Filing Status: New Subholding Of: CRT - Standard Unit Trust Description: Account Closing,"DexCom, Inc. - Common Stock (DXCM) [ST] S 05/12/2025 05/15/2025 $15,001 - $50,000 Filing Status: New Subholding Of: CRT - Standard Unit Trust Description: Account Closing",,,False,100,DXCM,accepted,house_ptr_structure+v8_1,False,False,False,05/12/2025,False,,valid_range
20030387,Hon. Jefferson Shreve,Member,IN06,20030387.pdf,2025,111,,Discover Financial Services Common,Discover Financial Services Common,DFS,DFS,ST,S,2025-05-12,2025-05-15,15001.0,50000.0,,"$15,001 - $50,000",valid_range,New,CRT - Standard Unit Trust,,Account Closing,,15,16,table,False,False,,True,0,False,False,98,True,30,False,https://disclosures-clerk.house.gov/public_disc/ptr-pdfs/2025/20030387.pdf,,,,Discover Financial Services Common,"Discover Financial Services Common Stock (DFS) [ST] $50,000",S,05/12/2025,05/15/2025,"$15,001 -","Stock (DFS) [ST] $50,000 Filing Status: New Subholding Of: CRT - Standard Unit Trust Description: Account Closing","Discover Financial Services Common S 05/12/2025 05/15/2025 $15,001 - Stock (DFS) [ST] $50,000 Filing Status: New Subholding Of: CRT - Standard Unit Trust Description: Account Closing",,,False,98,DFS,accepted,house_ptr_structure+v8_1,False,False,False,05/12/2025,False,,valid_range
20030387,Hon. Jefferson Shreve,Member,IN06,20030387.pdf,2025,112,,District Columbia Income Tax Rev 5.000 2032-03-01,District Columbia Income Tax Rev 5.000 2032-03-01,,,GS,S,2025-05-13,2025-05-15,1001.0,15000.0,,"$1,001 - $15,000",valid_range,New,CRT - Standard Unit Trust,,Account Closing,,16,16,table,False,False,,False,0,False,True,100,True,30,False,https://disclosures-clerk.house.gov/public_disc/ptr-pdfs/2025/20030387.pdf,,,,District Columbia Income Tax Rev 5.000 2032-03-01 [GS],District Columbia Income Tax Rev 5.000 2032-03-01 [GS],S,05/13/2025,05/15/2025,"$1,001 - $15,000",Filing Status: New Subholding Of: CRT - Standard Unit Trust Description: Account Closing,"District Columbia Income Tax Rev 5.000 2032-03-01 [GS] S 05/13/2025 05/15/2025 $1,001 - $15,000 Filing Status: New Subholding Of: CRT - Standard Unit Trust Description: Account Closing",,,False,100,,not_applicable,,False,False,False,05/13/2025,False,,valid_range
20030387,Hon. Jefferson Shreve,Member,IN06,20030387.pdf,2025,113,,Dollar General Corporation Common Stock,Dollar General Corporation Common Stock,DG,DG,ST,S,2025-05-12,2025-05-15,15001.0,50000.0,,"$15,001 - $50,000",valid_range,New,CRT - Standard Unit Trust,,Account Closing,,16,16,table,False,False,,False,0,False,False,100,True,30,False,https://disclosures-clerk.house.gov/public_disc/ptr-pdfs/2025/20030387.pdf,,,,Dollar General Corporation Common Stock (DG) [ST] Filing Status: New Subholding Of: CRT - Standard Unit Tru Description: Account Closing,Dollar General Corporation Common Stock (DG) [ST],S ust,05/12/2025,05/15/2025,"$15,001 - $50,000",,"Dollar General Corporation Common Stock (DG) [ST] S 05/12/2025 05/15/2025 $15,001 - $50,000 Filing Status: New Subholding Of: CRT - Standard Unit Trust Description: Account Closing",,,False,100,DG,accepted,house_ptr_structure+v8_1,False,False,False,05/12/2025,False,,valid_range
20030387,Hon. Jefferson Shreve,Member,IN06,20030387.pdf,2025,114,,"DoorDash, Inc. - Common Stock","DoorDash, Inc. - Common Stock",DASH,DASH,ST,S,2025-05-12,2025-05-15,15001.0,50000.0,,"$15,001 - $50,000",valid_range,New,CRT - Standard Unit Trust,,Account Closing,,16,16,table,False,False,,False,0,False,True,100,True,30,False,https://disclosures-clerk.house.gov/public_disc/ptr-pdfs/2025/20030387.pdf,,,,"DoorDash, Inc. - Common Stock (DASH) [ST]","DoorDash, Inc. - Common Stock (DASH) [ST]",S,05/12/2025,05/15/2025,"$15,001 - $50,000",Filing Status: New Subholding Of: CRT - Standard Unit Trust Description: Account Closing,"DoorDash, Inc. - Common Stock (DASH) [ST] S 05/12/2025 05/15/2025 $15,001 - $50,000 Filing Status: New Subholding Of: CRT - Standard Unit Trust Description: Account Closing",,,False,100,DASH,accepted,house_ptr_structure+v8_1,False,False,False,05/12/2025,False,,valid_range
20030387,Hon. Jefferson Shreve,Member,IN06,20030387.pdf,2025,115,,Douglas Cnty Neb Sch Dist No001 5.000 2028-12-15,Douglas Cnty Neb Sch Dist No001 5.000 2028-12-15,,,GS,S,2025-05-13,2025-05-15,15001.0,50000.0,,"$15,001 - $50,000",valid_range,New,CRT - Standard Unit Trust,,Account Closing,,16,16,table,False,False,,False,0,False,False,100,True,30,False,https://disclosures-clerk.house.gov/public_disc/ptr-pdfs/2025/20030387.pdf,,,,Douglas Cnty Neb Sch Dist No001 5.000 2028-12-15 [GS] Filing Status: New Subholding Of: CRT - Standard Unit Tru Description: Account Closing,Douglas Cnty Neb Sch Dist No001 5.000 2028-12-15 [GS],S ust,05/13/2025,05/15/2025,"$15,001 - $50,000",,"Douglas Cnty Neb Sch Dist No001 5.000 2028-12-15 [GS] S 05/13/2025 05/15/2025 $15,001 - $50,000 Filing Status: New Subholding Of: CRT - Standard Unit Trust Description: Account Closing",,,False,100,,not_applicable,,False,False,False,05/13/2025,False,,valid_range
20030387,Hon. Jefferson Shreve,Member,IN06,20030387.pdf,2025,116,,Ecolab Inc. Common Stock,Ecolab Inc. Common Stock,ECL,ECL,ST,S,2025-05-08,2025-05-15,100001.0,250000.0,,"$100,001 - $250,000",valid_range,New,CRT - Standard Unit Trust,,Portfolio Rebalance,,16,16,table,False,False,,False,0,False,True,100,True,30,False,https://disclosures-clerk.house.gov/public_disc/ptr-pdfs/2025/20030387.pdf,,,,Ecolab Inc. Common Stock (ECL) [ST],Ecolab Inc. Common Stock (ECL) [ST],S,05/08/2025,05/15/2025,"$100,001 - $250,000",Filing Status: New Subholding Of: CRT - Standard Unit Trust Description: Portfolio Rebalance,"Ecolab Inc. Common Stock (ECL) [ST] S 05/08/2025 05/15/2025 $100,001 - $250,000 Filing Status: New Subholding Of: CRT - Standard Unit Trust Description: Portfolio Rebalance",,,False,100,ECL,accepted,house_ptr_structure+v8_1,False,False,False,05/08/2025,False,,valid_range
20030387,Hon. Jefferson Shreve,Member,IN06,20030387.pdf,2025,117,,Edwards Lifesciences Corporation Common Stock,Edwards Lifesciences Corporation Common Stock,EW,EW,ST,S,2025-05-12,2025-05-15,50001.0,100000.0,,"$50,001 - $100,000",valid_range,New,CRT - Standard Unit Trust,,Account Closing,,16,16,table,False,False,,False,0,False,False,100,True,30,False,https://disclosures-clerk.house.gov/public_disc/ptr-pdfs/2025/20030387.pdf,,,,Edwards Lifesciences Corporation Common Stock (EW) [ST] Filing Status: New Subholding Of: CRT - Standard Unit Tru Description: Account Closing,Edwards Lifesciences Corporation Common Stock (EW) [ST],S ust,05/12/2025,05/15/2025,"$50,001 - $100,000",,"Edwards Lifesciences Corporation Common Stock (EW) [ST] S 05/12/2025 05/15/2025 $50,001 - $100,000 Filing Status: New Subholding Of: CRT - Standard Unit Trust Description: Account Closing",,,False,100,EW,accepted,house_ptr_structure+v8_1,False,False,False,05/12/2025,False,,valid_range
20030387,Hon. Jefferson Shreve,Member,IN06,20030387.pdf,2025,118,,"Elevance Health, Inc. Common Stock","Elevance Health, Inc. Common Stock",ELV,ELV,ST,S,2025-05-12,2025-05-15,15001.0,50000.0,,"$15,001 - $50,000",valid_range,New,CRT - Standard Unit Trust Type Date Gains > $200?,,Account Closing,,16,17,table,False,False,,True,0,False,True,98,True,30,False,https://disclosures-clerk.house.gov/public_disc/ptr-pdfs/2025/20030387.pdf,,,,"Elevance Health, Inc. Common Stock (ELV) [ST]","Elevance Health, Inc. Common Stock (ELV) [ST]",S,05/12/2025,05/15/2025,"$15,001 - $50,000",Filing Status: New Subholding Of: CRT - Standard Unit Trust Type Date Gains > $200? Description: Account Closing,"Elevance Health, Inc. Common Stock (ELV) [ST] S 05/12/2025 05/15/2025 $15,001 - $50,000 Filing Status: New Subholding Of: CRT - Standard Unit Trust Type Date Gains > $200? Description: Account Closing",,,False,98,ELV,accepted,house_ptr_structure+v8_1,False,False,False,05/12/2025,False,,valid_range
20030387,Hon. Jefferson Shreve,Member,IN06,20030387.pdf,2025,119,,Eli Lilly and Company Common Stock,Eli Lilly and Company Common Stock,LLY,LLY,ST,S,2025-05-12,2025-05-15,100001.0,250000.0,,"$100,001 - $250,000",valid_range,New,CRT - Standard Unit Trust,,Account Closing,,17,17,table,False,False,,False,0,False,False,100,True,30,False,https://disclosures-clerk.house.gov/public_disc/ptr-pdfs/2025/20030387.pdf,,,,Eli Lilly and Company Common Stock (LLY) [ST] Filing Status: New Subholding Of: CRT - Standard Unit Tru Description: Account Closing,Eli Lilly and Company Common Stock (LLY) [ST],S ust,05/12/2025,05/15/2025,"$100,001 - $250,000",,"Eli Lilly and Company Common Stock (LLY) [ST] S 05/12/2025 05/15/2025 $100,001 - $250,000 Filing Status: New Subholding Of: CRT - Standard Unit Trust Description: Account Closing",,,False,100,LLY,accepted,house_ptr_structure+v8_1,False,False,False,05/12/2025,False,,valid_range
20030387,Hon. Jefferson Shreve,Member,IN06,20030387.pdf,2025,120,,"EPAM Systems, Inc. Common Stock","EPAM Systems, Inc. Common Stock",EPAM,EPAM,ST,S,2025-05-12,2025-05-15,15001.0,50000.0,,"$15,001 - $50,000",valid_range,New,CRT - Standard Unit Trust,,Account Closing,,17,17,table,False,False,,False,0,False,True,100,True,30,False,https://disclosures-clerk.house.gov/public_disc/ptr-pdfs/2025/20030387.pdf,,,,"EPAM Systems, Inc. Common Stock (EPAM) [ST]","EPAM Systems, Inc. Common Stock (EPAM) [ST]",S,05/12/2025,05/15/2025,"$15,001 - $50,000",Filing Status: New Subholding Of: CRT - Standard Unit Trust Description: Account Closing,"EPAM Systems, Inc. Common Stock (EPAM) [ST] S 05/12/2025 05/15/2025 $15,001 - $50,000 Filing Status: New Subholding Of: CRT - Standard Unit Trust Description: Account Closing",,,False,100,EPAM,accepted,house_ptr_structure+v8_1,False,False,False,05/12/2025,False,,valid_range
20030387,Hon. Jefferson Shreve,Member,IN06,20030387.pdf,2025,121,,"Exponent, Inc. - Common Stock","Exponent, Inc. - Common Stock",EXPO,EXPO,ST,S,2025-05-12,2025-05-15,15001.0,50000.0,,"$15,001 - $50,000",valid_range,New,CRT - Standard Unit Trust,,Account Closing,,17,17,table,False,False,,False,0,False,False,100,True,30,False,https://disclosures-clerk.house.gov/public_disc/ptr-pdfs/2025/20030387.pdf,,,,"Exponent, Inc. - Common Stock (EXPO) [ST] Filing Status: New Subholding Of: CRT - Standard Unit Tru Description: Account Closing","Exponent, Inc. - Common Stock (EXPO) [ST]",S ust,05/12/2025,05/15/2025,"$15,001 - $50,000",,"Exponent, Inc. - Common Stock (EXPO) [ST] S 05/12/2025 05/15/2025 $15,001 - $50,000 Filing Status: New Subholding Of: CRT - Standard Unit Trust Description: Account Closing",,,False,100,EXPO,accepted,house_ptr_structure+v8_1,False,False,False,05/12/2025,False,,valid_range
20030387,Hon. Jefferson Shreve,Member,IN06,20030387.pdf,2025,122,,Exxon Mobil Corporation Common Stock,Exxon Mobil Corporation Common Stock,XOM,XOM,ST,S,2025-05-12,2025-05-15,50001.0,100000.0,,"$50,001 - $100,000",valid_range,New,CRT - Standard Unit Trust,,Account Closing,,17,17,table,False,False,,False,0,False,True,100,True,30,False,https://disclosures-clerk.house.gov/public_disc/ptr-pdfs/2025/20030387.pdf,,,,Exxon Mobil Corporation Common Stock (XOM) [ST],Exxon Mobil Corporation Common Stock (XOM) [ST],S,05/12/2025,05/15/2025,"$50,001 - $100,000",Filing Status: New Subholding Of: CRT - Standard Unit Trust Description: Account Closing,"Exxon Mobil Corporation Common Stock (XOM) [ST] S 05/12/2025 05/15/2025 $50,001 - $100,000 Filing Status: New Subholding Of: CRT - Standard Unit Trust Description: Account Closing",,,False,100,XOM,accepted,house_ptr_structure+v8_1,False,False,False,05/12/2025,False,,valid_range
20030387,Hon. Jefferson Shreve,Member,IN06,20030387.pdf,2025,123,,"Fidelity National Information Services, Inc. Common Stock","Fidelity National Information Services, Inc. Common Stock",FIS,FIS,ST,S,2025-05-12,2025-05-15,50001.0,100000.0,,"$50,001 - $100,000",valid_range,New,CRT - Standard Unit Trust,,Account Closing,,17,17,table,False,False,,False,0,False,False,100,True,30,False,https://disclosures-clerk.house.gov/public_disc/ptr-pdfs/2025/20030387.pdf,,,,"Fidelity National Information Services, Inc. Common Stock (FIS) [ST] Filing Status: New Subholding Of: CRT - Standard Unit Tru Description: Account Closing","Fidelity National Information Services, Inc. Common Stock (FIS) [ST]",S ust,05/12/2025,05/15/2025,"$50,001 - $100,000",,"Fidelity National Information Services, Inc. Common Stock (FIS) [ST] S 05/12/2025 05/15/2025 $50,001 - $100,000 Filing Status: New Subholding Of: CRT - Standard Unit Trust Description: Account Closing",,,False,100,FIS,accepted,house_ptr_structure+v8_1,False,False,False,05/12/2025,False,,valid_range
20030387,Hon. Jefferson Shreve,Member,IN06,20030387.pdf,2025,124,,First Busey Corporation - Common Stock,First Busey Corporation - Common Stock,BUSE,BUSE,ST,S,2025-05-12,2025-05-15,15001.0,50000.0,,"$15,001 - $50,000",valid_range,New,CRT - Standard Unit Trust,,Account Closing,,17,17,table,False,False,,False,0,False,True,100,True,30,False,https://disclosures-clerk.house.gov/public_disc/ptr-pdfs/2025/20030387.pdf,,,,First Busey Corporation - Common Stock (BUSE) [ST],First Busey Corporation - Common Stock (BUSE) [ST],S,05/12/2025,05/15/2025,"$15,001 - $50,000",Filing Status: New Subholding Of: CRT - Standard Unit Trust Description: Account Closing,"First Busey Corporation - Common Stock (BUSE) [ST] S 05/12/2025 05/15/2025 $15,001 - $50,000 Filing Status: New Subholding Of: CRT - Standard Unit Trust Description: Account Closing",,,False,100,BUSE,accepted,house_ptr_structure+v8_1,False,False,False,05/12/2025,False,,valid_range
20030387,Hon. Jefferson Shreve,Member,IN06,20030387.pdf,2025,125,,"Fiserv, Inc. Common Stock","Fiserv, Inc. Common Stock",FI,FI,ST,S,2025-05-12,2025-05-15,15001.0,50000.0,,"$15,001 - $50,000",valid_range,New,CRT - Standard Unit Trust,,Account Closing,,17,17,table,False,False,,False,0,False,False,100,True,30,False,https://disclosures-clerk.house.gov/public_disc/ptr-pdfs/2025/20030387.pdf,,,,"Fiserv, Inc. Common Stock (FI) [ST] Filing Status: New Subholding Of: CRT - Standard Unit Tru Description: Account Closing","Fiserv, Inc. Common Stock (FI) [ST]",S ust,05/12/2025,05/15/2025,"$15,001 - $50,000",,"Fiserv, Inc. Common Stock (FI) [ST] S 05/12/2025 05/15/2025 $15,001 - $50,000 Filing Status: New Subholding Of: CRT - Standard Unit Trust Description: Account Closing",,,False,100,FI,accepted,house_ptr_structure+v8_1,False,False,False,05/12/2025,False,,valid_range
20030387,Hon. Jefferson Shreve,Member,IN06,20030387.pdf,2025,126,,Florida St Dept Environmental Protn,Florida St Dept Environmental Protn,,,GS,S,2025-05-13,2025-05-15,1001.0,15000.0,,"$1,001 - $15,000",valid_range,New,CRT - Standard Unit Trust,,Account Closing,,17,18,table,False,False,,True,0,False,True,98,True,30,False,https://disclosures-clerk.house.gov/public_disc/ptr-pdfs/2025/20030387.pdf,,,,Florida St Dept Environmental Protn,Florida St Dept Environmental Protn yp $200? Preservation Rev 5.00 2026-07-01 [GS],S,05/13/2025,05/15/2025,"$1,001 - $15,000",yp $200? Preservation Rev 5.00 2026-07-01 [GS] Filing Status: New Subholding Of: CRT - Standard Unit Trust Description: Account Closing,"Florida St Dept Environmental Protn S 05/13/2025 05/15/2025 $1,001 - $15,000 yp $200? Preservation Rev 5.00 2026-07-01 [GS] Filing Status: New Subholding Of: CRT - Standard Unit Trust Description: Account Closing",,,False,98,,not_applicable,,False,False,False,05/13/2025,False,,valid_range
20030387,Hon. Jefferson Shreve,Member,IN06,20030387.pdf,2025,127,,Florida St Dept Transn Fing Corp Rev 5.000 2032-07-01,Florida St Dept Transn Fing Corp Rev 5.000 2032-07-01,,,GS,S,2025-05-13,2025-05-15,1001.0,15000.0,,"$1,001 - $15,000",valid_range,New,CRT - Standard Unit Trust,,Account Closing,,18,18,table,False,False,,False,0,False,False,100,True,30,False,https://disclosures-clerk.house.gov/public_disc/ptr-pdfs/2025/20030387.pdf,,,,Florida St Dept Transn Fing Corp Rev 5.000 2032-07-01 [GS] Filing Status: New Subholding Of: CRT - Standard Unit Tru Description: Account Closing,Florida St Dept Transn Fing Corp Rev 5.000 2032-07-01 [GS],S ust,05/13/2025,05/15/2025,"$1,001 - $15,000",,"Florida St Dept Transn Fing Corp Rev 5.000 2032-07-01 [GS] S 05/13/2025 05/15/2025 $1,001 - $15,000 Filing Status: New Subholding Of: CRT - Standard Unit Trust Description: Account Closing",,,False,100,,not_applicable,,False,False,False,05/13/2025,False,,valid_range
20030387,Hon. Jefferson Shreve,Member,IN06,20030387.pdf,2025,128,,Fort Bend Tex Indpt Sch Dist 5.00 2027-8-15/ 346843KW4,Fort Bend Tex Indpt Sch Dist 5.00 2027-8-15/ 346843KW4,,,GS,S,2025-05-13,2025-05-15,15001.0,50000.0,,"$15,001 - $50,000",valid_range,New,CRT - Standard Unit Trust,,Account Closing,,18,18,table,False,False,,False,0,False,True,100,True,30,False,https://disclosures-clerk.house.gov/public_disc/ptr-pdfs/2025/20030387.pdf,,,,Fort Bend Tex Indpt Sch Dist 5.00 2027-8-15/ 346843KW4 [GS],Fort Bend Tex Indpt Sch Dist 5.00 2027-8-15/ 346843KW4 [GS],S,05/13/2025,05/15/2025,"$15,001 - $50,000",Filing Status: New Subholding Of: CRT - Standard Unit Trust Description: Account Closing,"Fort Bend Tex Indpt Sch Dist 5.00 2027-8-15/ 346843KW4 [GS] S 05/13/2025 05/15/2025 $15,001 - $50,000 Filing Status: New Subholding Of: CRT - Standard Unit Trust Description: Account Closing",,,False,100,,not_applicable,,False,False,False,05/13/2025,False,,valid_range
20030387,Hon. Jefferson Shreve,Member,IN06,20030387.pdf,2025,129,,"Fortinet, Inc. - Common Stock","Fortinet, Inc. - Common Stock",FTNT,FTNT,ST,S,2025-05-12,2025-05-15,15001.0,50000.0,,"$15,001 - $50,000",valid_range,New,CRT - Standard Unit Trust,,Account Closing,,18,18,table,False,False,,False,0,False,False,100,True,30,False,https://disclosures-clerk.house.gov/public_disc/ptr-pdfs/2025/20030387.pdf,,,,"Fortinet, Inc. - Common Stock (FTNT) [ST] Filing Status: New Subholding Of: CRT - Standard Unit Tru Description: Account Closing","Fortinet, Inc. - Common Stock (FTNT) [ST]",S ust,05/12/2025,05/15/2025,"$15,001 - $50,000",,"Fortinet, Inc. - Common Stock (FTNT) [ST] S 05/12/2025 05/15/2025 $15,001 - $50,000 Filing Status: New Subholding Of: CRT - Standard Unit Trust Description: Account Closing",,,False,100,FTNT,accepted,house_ptr_structure+v8_1,False,False,False,05/12/2025,False,,valid_range
20030387,Hon. Jefferson Shreve,Member,IN06,20030387.pdf,2025,130,,GE Aerospace Common Stock,GE Aerospace Common Stock,GE,GE,ST,S,2025-05-12,2025-05-15,50001.0,100000.0,,"$50,001 - $100,000",valid_range,New,CRT - Standard Unit Trust,,Account Closing,,18,18,table,False,False,,False,0,False,True,100,True,30,False,https://disclosures-clerk.house.gov/public_disc/ptr-pdfs/2025/20030387.pdf,,,,GE Aerospace Common Stock (GE) [ST],GE Aerospace Common Stock (GE) [ST],S,05/12/2025,05/15/2025,"$50,001 - $100,000",Filing Status: New Subholding Of: CRT - Standard Unit Trust Description: Account Closing,"GE Aerospace Common Stock (GE) [ST] S 05/12/2025 05/15/2025 $50,001 - $100,000 Filing Status: New Subholding Of: CRT - Standard Unit Trust Description: Account Closing",,,False,100,GE,accepted,house_ptr_structure+v8_1,False,False,False,05/12/2025,False,,valid_range
20030387,Hon. Jefferson Shreve,Member,IN06,20030387.pdf,2025,131,,GE Aerospace Common Stock,GE Aerospace Common Stock,GE,GE,ST,P,2025-05-08,2025-05-15,50001.0,100000.0,,"$50,001 - $100,000",valid_range,New,CRT - Standard Unit Trust,,Portfolio Rebalance,,18,18,table,False,False,,False,0,False,False,100,True,30,False,https://disclosures-clerk.house.gov/public_disc/ptr-pdfs/2025/20030387.pdf,,,,GE Aerospace Common Stock (GE) [ST] Filing Status: New Subholding Of: CRT - Standard Unit Tru Description: Portfolio Rebalance,GE Aerospace Common Stock (GE) [ST],P ust,05/08/2025,05/15/2025,"$50,001 - $100,000",,"GE Aerospace Common Stock (GE) [ST] P 05/08/2025 05/15/2025 $50,001 - $100,000 Filing Status: New Subholding Of: CRT - Standard Unit Trust Description: Portfolio Rebalance",,,False,100,GE,accepted,house_ptr_structure+v8_1,False,False,False,05/08/2025,False,,valid_range
20030387,Hon. Jefferson Shreve,Member,IN06,20030387.pdf,2025,132,,GE Vernova Inc. Common Stock,GE Vernova Inc. Common Stock,GEV,GEV,ST,S,2025-05-12,2025-05-15,50001.0,100000.0,,"$50,001 - $100,000",valid_range,New,CRT - Standard Unit Trust,,Account Closing,,18,18,table,False,False,,False,0,False,True,100,True,30,False,https://disclosures-clerk.house.gov/public_disc/ptr-pdfs/2025/20030387.pdf,,,,GE Vernova Inc. Common Stock (GEV) [ST],GE Vernova Inc. Common Stock (GEV) [ST],S,05/12/2025,05/15/2025,"$50,001 - $100,000",Filing Status: New Subholding Of: CRT - Standard Unit Trust Description: Account Closing,"GE Vernova Inc. Common Stock (GEV) [ST] S 05/12/2025 05/15/2025 $50,001 - $100,000 Filing Status: New Subholding Of: CRT - Standard Unit Trust Description: Account Closing",,,False,100,GEV,accepted,house_ptr_structure+v8_1,False,False,False,05/12/2025,False,,valid_range
20030387,Hon. Jefferson Shreve,Member,IN06,20030387.pdf,2025,133,,General Motors Company Common Stock,General Motors Company Common Stock,GM,GM,ST,S,2025-05-12,2025-05-15,15001.0,50000.0,,"$15,001 - $50,000",valid_range,New,CRT - Standard Unit Trust,,Account Closing,,18,19,table,False,False,,True,0,False,False,98,True,30,False,https://disclosures-clerk.house.gov/public_disc/ptr-pdfs/2025/20030387.pdf,,,,General Motors Company Common Stock (GM) [ST] Filing Status: New,General Motors Company Common Stock (GM) [ST] Subholding Of: CRT - Standard Unit Trust Description: Account Closing,S,05/12/2025,05/15/2025,"$15,001 - $50,000",Subholding Of: CRT - Standard Unit Trust Description: Account Closing,"General Motors Company Common Stock (GM) [ST] S 05/12/2025 05/15/2025 $15,001 - $50,000 Filing Status: New Subholding Of: CRT - Standard Unit Trust Description: Account Closing",,,False,98,GM,accepted,house_ptr_structure+v8_1,False,False,False,05/12/2025,False,,valid_range
20030387,Hon. Jefferson Shreve,Member,IN06,20030387.pdf,2025,134,,General Motors Financial Company Inc 2.35 2031-01-08,General Motors Financial Company Inc 2.35 2031-01-08,,,CS,S,2025-05-13,2025-05-15,50001.0,100000.0,,"$50,001 - $100,000",valid_range,New,CRT - Standard Unit Trust,,Account Closing,,19,19,table,False,False,,False,0,False,True,100,True,30,False,https://disclosures-clerk.house.gov/public_disc/ptr-pdfs/2025/20030387.pdf,,,,General Motors Financial Company Inc 2.35 2031-01-08 [CS],General Motors Financial Company Inc 2.35 2031-01-08 [CS],S,05/13/2025,05/15/2025,"$50,001 - $100,000",Filing Status: New Subholding Of: CRT - Standard Unit Trust Description: Account Closing,"General Motors Financial Company Inc 2.35 2031-01-08 [CS] S 05/13/2025 05/15/2025 $50,001 - $100,000 Filing Status: New Subholding Of: CRT - Standard Unit Trust Description: Account Closing",,,False,100,,not_applicable,,False,False,False,05/13/2025,False,,valid_range
20030387,Hon. Jefferson Shreve,Member,IN06,20030387.pdf,2025,135,,"Gilead Sciences, Inc. - Common Stock","Gilead Sciences, Inc. - Common Stock",GILD,GILD,ST,S,2025-05-12,2025-05-15,15001.0,50000.0,,"$15,001 - $50,000",valid_range,New,CRT - Standard Unit Trust,,Account Closing,,19,19,table,False,False,,False,0,False,False,100,True,30,False,https://disclosures-clerk.house.gov/public_disc/ptr-pdfs/2025/20030387.pdf,,,,"Gilead Sciences, Inc. - Common Stock (GILD) [ST] Filing Status: New Subholding Of: CRT - Standard Unit Tru Description: Account Closing","Gilead Sciences, Inc. - Common Stock (GILD) [ST]",S ust,05/12/2025,05/15/2025,"$15,001 - $50,000",,"Gilead Sciences, Inc. - Common Stock (GILD) [ST] S 05/12/2025 05/15/2025 $15,001 - $50,000 Filing Status: New Subholding Of: CRT - Standard Unit Trust Description: Account Closing",,,False,100,GILD,accepted,house_ptr_structure+v8_1,False,False,False,05/12/2025,False,,valid_range
20030387,Hon. Jefferson Shreve,Member,IN06,20030387.pdf,2025,136,,"Goldman Sachs Group, Inc.","Goldman Sachs Group, Inc.",GS,GS,ST,P,2025-05-08,2025-05-15,15001.0,50000.0,,"$15,001 - $50,000",valid_range,New,CRT - Standard Unit Trust,,Portfolio Rebalance,,19,19,table,False,False,,False,0,False,True,100,True,30,False,https://disclosures-clerk.house.gov/public_disc/ptr-pdfs/2025/20030387.pdf,,,,"Goldman Sachs Group, Inc. (GS) [ST]","Goldman Sachs Group, Inc. (GS) [ST]",P,05/08/2025,05/15/2025,"$15,001 - $50,000",Filing Status: New Subholding Of: CRT - Standard Unit Trust Description: Portfolio Rebalance,"Goldman Sachs Group, Inc. (GS) [ST] P 05/08/2025 05/15/2025 $15,001 - $50,000 Filing Status: New Subholding Of: CRT - Standard Unit Trust Description: Portfolio Rebalance",,,False,100,GS,accepted,house_ptr_structure+v8_1,False,False,False,05/08/2025,False,,valid_range
20030387,Hon. Jefferson Shreve,Member,IN06,20030387.pdf,2025,137,,"Goldman Sachs Group, Inc.","Goldman Sachs Group, Inc.",GS,GS,ST,S,2025-05-12,2025-05-15,15001.0,50000.0,,"$15,001 - $50,000",valid_range,New,CRT - Standard Unit Trust,,Account Closing,,19,19,table,False,False,,False,0,False,False,100,True,30,False,https://disclosures-clerk.house.gov/public_disc/ptr-pdfs/2025/20030387.pdf,,,,"Goldman Sachs Group, Inc. (GS) [ST] Filing Status: New Subholding Of: CRT - Standard Unit Tru Description: Account Closing","Goldman Sachs Group, Inc. (GS) [ST]",S ust,05/12/2025,05/15/2025,"$15,001 - $50,000",,"Goldman Sachs Group, Inc. (GS) [ST] S 05/12/2025 05/15/2025 $15,001 - $50,000 Filing Status: New Subholding Of: CRT - Standard Unit Trust Description: Account Closing",,,False,100,GS,accepted,house_ptr_structure+v8_1,False,False,False,05/12/2025,False,,valid_range
20030387,Hon. Jefferson Shreve,Member,IN06,20030387.pdf,2025,138,,Grand Praire Tex 5.0000 2032-02-15,Grand Praire Tex 5.0000 2032-02-15,,,GS,S,2025-05-13,2025-05-15,15001.0,50000.0,,"$15,001 - $50,000",valid_range,New,CRT - Standard Unit Trust,,Account Closing,,19,19,table,False,False,,False,0,False,True,100,True,30,False,https://disclosures-clerk.house.gov/public_disc/ptr-pdfs/2025/20030387.pdf,,,,Grand Praire Tex 5.0000 2032-02-15 [GS],Grand Praire Tex 5.0000 2032-02-15 [GS],S,05/13/2025,05/15/2025,"$15,001 - $50,000",Filing Status: New Subholding Of: CRT - Standard Unit Trust Description: Account Closing,"Grand Praire Tex 5.0000 2032-02-15 [GS] S 05/13/2025 05/15/2025 $15,001 - $50,000 Filing Status: New Subholding Of: CRT - Standard Unit Trust Description: Account Closing",,,False,100,,not_applicable,,False,False,False,05/13/2025,False,,valid_range
20030387,Hon. Jefferson Shreve,Member,IN06,20030387.pdf,2025,139,,Greater Orlando Aviation Auth Orlando FLA Arpt Fac Rev 2032-10- 01,Greater Orlando Aviation Auth Orlando FLA Arpt Fac Rev 2032-10- 01,,,GS,S,2025-05-13,2025-05-15,1001.0,15000.0,,"$1,001 - $15,000",valid_range,New,CRT - Standard Unit Trust,,Account Closing,,19,19,table,False,False,,False,0,False,False,100,True,30,False,https://disclosures-clerk.house.gov/public_disc/ptr-pdfs/2025/20030387.pdf,,,,Greater Orlando Aviation Auth Orlando FLA Arpt Fac Rev 2032-10- 01 [GS] Filing Status: New Subholding Of: CRT - Standard Unit Tru Description: Account Closing,Greater Orlando Aviation Auth Orlando FLA Arpt Fac Rev 2032-10- 01 [GS],S ust,05/13/2025,05/15/2025,"$1,001 - $15,000",,"Greater Orlando Aviation Auth Orlando FLA Arpt Fac Rev 2032-10- 01 [GS] S 05/13/2025 05/15/2025 $1,001 - $15,000 Filing Status: New Subholding Of: CRT - Standard Unit Trust Description: Account Closing",,,False,100,,not_applicable,,False,False,False,05/13/2025,False,,valid_range
20030387,Hon. Jefferson Shreve,Member,IN06,20030387.pdf,2025,140,,Gregory Portland Tex Indpt Sch Dist 5.000 2028-02-15,Gregory Portland Tex Indpt Sch Dist 5.000 2028-02-15,,,GS,S,2025-05-13,2025-05-15,15001.0,50000.0,,"$15,001 - $50,000",valid_range,New,CRT - Standard Unit Trust,,Account Closing,,19,19,table,False,False,,False,0,False,True,100,True,30,False,https://disclosures-clerk.house.gov/public_disc/ptr-pdfs/2025/20030387.pdf,,,,Gregory Portland Tex Indpt Sch Dist 5.000 2028-02-15 [GS],Gregory Portland Tex Indpt Sch Dist 5.000 2028-02-15 [GS],S,05/13/2025,05/15/2025,"$15,001 - $50,000",Filing Status: New Subholding Of: CRT - Standard Unit Trust Description: Account Closing,"Gregory Portland Tex Indpt Sch Dist 5.000 2028-02-15 [GS] S 05/13/2025 05/15/2025 $15,001 - $50,000 Filing Status: New Subholding Of: CRT - Standard Unit Trust Description: Account Closing",,,False,100,,not_applicable,,False,False,False,05/13/2025,False,,valid_range
20030387,Hon. Jefferson Shreve,Member,IN06,20030387.pdf,2025,141,,Halliburton Company Common Stock,Halliburton Company Common Stock,HAL,HAL,ST,S,2025-05-12,2025-05-15,15001.0,50000.0,,"$15,001 - $50,000",valid_range,New,CRT - Standard Unit Trust,,Account Closing,,20,20,table,False,False,,False,0,False,False,100,True,30,False,https://disclosures-clerk.house.gov/public_disc/ptr-pdfs/2025/20030387.pdf,,,,Halliburton Company Common Stock (HAL) [ST] Filing Status: New Subholding Of: CRT - Standard Unit Tru Description: Account Closing,Halliburton Company Common Stock (HAL) [ST],S ust,05/12/2025,05/15/2025,"$15,001 - $50,000",,"Halliburton Company Common Stock (HAL) [ST] S 05/12/2025 05/15/2025 $15,001 - $50,000 Filing Status: New Subholding Of: CRT - Standard Unit Trust Description: Account Closing",,,False,100,HAL,accepted,house_ptr_structure+v8_1,False,False,False,05/12/2025,False,,valid_range
20030387,Hon. Jefferson Shreve,Member,IN06,20030387.pdf,2025,142,,Halliburton Company Common Stock,Halliburton Company Common Stock,HAL,HAL,ST,P,2025-05-08,2025-05-15,15001.0,50000.0,,"$15,001 - $50,000",valid_range,New,CRT - Standard Unit Trust,,Portfolio Rebalance,,20,20,table,False,False,,False,0,False,True,100,True,30,False,https://disclosures-clerk.house.gov/public_disc/ptr-pdfs/2025/20030387.pdf,,,,Halliburton Company Common Stock (HAL) [ST],Halliburton Company Common Stock (HAL) [ST],P,05/08/2025,05/15/2025,"$15,001 - $50,000",Filing Status: New Subholding Of: CRT - Standard Unit Trust Description: Portfolio Rebalance,"Halliburton Company Common Stock (HAL) [ST] P 05/08/2025 05/15/2025 $15,001 - $50,000 Filing Status: New Subholding Of: CRT - Standard Unit Trust Description: Portfolio Rebalance",,,False,100,HAL,accepted,house_ptr_structure+v8_1,False,False,False,05/08/2025,False,,valid_range
20030387,Hon. Jefferson Shreve,Member,IN06,20030387.pdf,2025,143,,Hanover Insurance Group Inc,Hanover Insurance Group Inc,THG,THG,ST,S,2025-05-12,2025-05-15,15001.0,50000.0,,"$15,001 - $50,000",valid_range,New,CRT - Standard Unit Trust,,Account Closing,,20,20,table,False,False,,False,0,False,False,100,True,30,False,https://disclosures-clerk.house.gov/public_disc/ptr-pdfs/2025/20030387.pdf,,,,Hanover Insurance Group Inc (THG) [ST] Filing Status: New Subholding Of: CRT - Standard Unit Tru Description: Account Closing,Hanover Insurance Group Inc (THG) [ST],S ust,05/12/2025,05/15/2025,"$15,001 - $50,000",,"Hanover Insurance Group Inc (THG) [ST] S 05/12/2025 05/15/2025 $15,001 - $50,000 Filing Status: New Subholding Of: CRT - Standard Unit Trust Description: Account Closing",,,False,100,THG,accepted,house_ptr_structure+v8_1,False,False,False,05/12/2025,False,,valid_range
20030387,Hon. Jefferson Shreve,Member,IN06,20030387.pdf,2025,144,,"Highwoods Properties, Inc. Common Stock","Highwoods Properties, Inc. Common Stock",HIW,HIW,ST,S,2025-05-12,2025-05-15,15001.0,50000.0,,"$15,001 - $50,000",valid_range,New,CRT - Standard Unit Trust,,Account Closing,,20,20,table,False,False,,False,0,False,True,100,True,30,False,https://disclosures-clerk.house.gov/public_disc/ptr-pdfs/2025/20030387.pdf,,,,"Highwoods Properties, Inc. Common Stock (HIW) [ST]","Highwoods Properties, Inc. Common Stock (HIW) [ST]",S,05/12/2025,05/15/2025,"$15,001 - $50,000",Filing Status: New Subholding Of: CRT - Standard Unit Trust Description: Account Closing,"Highwoods Properties, Inc. Common Stock (HIW) [ST] S 05/12/2025 05/15/2025 $15,001 - $50,000 Filing Status: New Subholding Of: CRT - Standard Unit Trust Description: Account Closing",,,False,100,HIW,accepted,house_ptr_structure+v8_1,False,False,False,05/12/2025,False,,valid_range
20030387,Hon. Jefferson Shreve,Member,IN06,20030387.pdf,2025,145,,HNI Corporation Common Stock,HNI Corporation Common Stock,HNI,HNI,ST,S,2025-05-08,2025-05-15,15001.0,50000.0,,"$15,001 - $50,000",valid_range,New,CRT - Standard Unit Trust,,Portfolio Rebalance,,20,20,table,False,False,,False,0,False,False,100,True,30,False,https://disclosures-clerk.house.gov/public_disc/ptr-pdfs/2025/20030387.pdf,,,,HNI Corporation Common Stock (HNI) [ST] Filing Status: New Subholding Of: CRT - Standard Unit Tru Description: Portfolio Rebalance,HNI Corporation Common Stock (HNI) [ST],S ust,05/08/2025,05/15/2025,"$15,001 - $50,000",,"HNI Corporation Common Stock (HNI) [ST] S 05/08/2025 05/15/2025 $15,001 - $50,000 Filing Status: New Subholding Of: CRT - Standard Unit Trust Description: Portfolio Rebalance",,,False,100,HNI,accepted,house_ptr_structure+v8_1,False,False,False,05/08/2025,False,,valid_range
20030387,Hon. Jefferson Shreve,Member,IN06,20030387.pdf,2025,146,,"Home BancShares, Inc. Common Stock","Home BancShares, Inc. Common Stock",HOMB,HOMB,ST,S,2025-05-12,2025-05-15,15001.0,50000.0,,"$15,001 - $50,000",valid_range,New,CRT - Standard Unit Trust,,Account Closing,,20,20,table,False,False,,False,0,False,True,100,True,30,False,https://disclosures-clerk.house.gov/public_disc/ptr-pdfs/2025/20030387.pdf,,,,"Home BancShares, Inc. Common Stock (HOMB) [ST]","Home BancShares, Inc. Common Stock (HOMB) [ST]",S,05/12/2025,05/15/2025,"$15,001 - $50,000",Filing Status: New Subholding Of: CRT - Standard Unit Trust Description: Account Closing,"Home BancShares, Inc. Common Stock (HOMB) [ST] S 05/12/2025 05/15/2025 $15,001 - $50,000 Filing Status: New Subholding Of: CRT - Standard Unit Trust Description: Account Closing",,,False,100,HOMB,accepted,house_ptr_structure+v8_1,False,False,False,05/12/2025,False,,valid_range
20030387,Hon. Jefferson Shreve,Member,IN06,20030387.pdf,2025,147,,"Home Depot, Inc.","Home Depot, Inc.",HD,HD,ST,S (partial),2025-05-08,2025-05-15,50001.0,100000.0,,"$50,001 - $100,000",valid_range,New,CRT - Standard Unit Trust,,Portfolio Rebalance,,20,20,table,False,False,,False,0,False,False,100,True,30,False,https://disclosures-clerk.house.gov/public_disc/ptr-pdfs/2025/20030387.pdf,,,,"Home Depot, Inc. (HD) [ST] Filing Status: New Subholding Of: CRT - Standard Unit Tru Description: Portfolio Rebalance","Home Depot, Inc. (HD) [ST]",S (partial) ust,05/08/2025,05/15/2025,"$50,001 - $100,000",,"Home Depot, Inc. (HD) [ST] S (partial) 05/08/2025 05/15/2025 $50,001 - $100,000 Filing Status: New Subholding Of: CRT - Standard Unit Trust Description: Portfolio Rebalance",,,False,100,HD,accepted,house_ptr_structure+v8_1,False,False,False,05/08/2025,False,,valid_range
20030387,Hon. Jefferson Shreve,Member,IN06,20030387.pdf,2025,148,,"Home Depot, Inc.","Home Depot, Inc.",HD,HD,ST,S,2025-05-12,2025-05-15,15001.0,50000.0,,"$15,001 - $50,000",valid_range,New $200?,CRT - Standard Unit Trust,,Account Closing,,20,21,table,False,False,,True,0,False,True,98,True,30,False,https://disclosures-clerk.house.gov/public_disc/ptr-pdfs/2025/20030387.pdf,,,,"Home Depot, Inc. (HD) [ST]","Home Depot, Inc. (HD) [ST]",S,05/12/2025,05/15/2025,"$15,001 - $50,000",Filing Status: New $200? Subholding Of: CRT - Standard Unit Trust Description: Account Closing,"Home Depot, Inc. (HD) [ST] S 05/12/2025 05/15/2025 $15,001 - $50,000 Filing Status: New $200? Subholding Of: CRT - Standard Unit Trust Description: Account Closing",,,False,98,HD,accepted,house_ptr_structure+v8_1,False,False,False,05/12/2025,False,,valid_range
20030387,Hon. Jefferson Shreve,Member,IN06,20030387.pdf,2025,149,,Houston Tex 5.000 2031-03-01/ 4423315C4,Houston Tex 5.000 2031-03-01/ 4423315C4,,,GS,S,2025-05-13,2025-05-15,15001.0,50000.0,,"$15,001 - $50,000",valid_range,New,CRT - Standard Unit Trust,,Account Closing,,21,21,table,False,False,,False,0,False,False,100,True,30,False,https://disclosures-clerk.house.gov/public_disc/ptr-pdfs/2025/20030387.pdf,,,,Houston Tex 5.000 2031-03-01/ 4423315C4 [GS] Filing Status: New Subholding Of: CRT - Standard Unit Tru Description: Account Closing,Houston Tex 5.000 2031-03-01/ 4423315C4 [GS],S ust,05/13/2025,05/15/2025,"$15,001 - $50,000",,"Houston Tex 5.000 2031-03-01/ 4423315C4 [GS] S 05/13/2025 05/15/2025 $15,001 - $50,000 Filing Status: New Subholding Of: CRT - Standard Unit Trust Description: Account Closing",,,False,100,,not_applicable,,False,False,False,05/13/2025,False,,valid_range
20030387,Hon. Jefferson Shreve,Member,IN06,20030387.pdf,2025,150,,Hubbell Inc Common Stock,Hubbell Inc Common Stock,HUBB,HUBB,ST,S,2025-05-12,2025-05-15,15001.0,50000.0,,"$15,001 - $50,000",valid_range,New,CRT - Standard Unit Trust,,Account Closing,,21,21,table,False,False,,False,0,False,True,100,True,30,False,https://disclosures-clerk.house.gov/public_disc/ptr-pdfs/2025/20030387.pdf,,,,Hubbell Inc Common Stock (HUBB) [ST],Hubbell Inc Common Stock (HUBB) [ST],S,05/12/2025,05/15/2025,"$15,001 - $50,000",Filing Status: New Subholding Of: CRT - Standard Unit Trust Description: Account Closing,"Hubbell Inc Common Stock (HUBB) [ST] S 05/12/2025 05/15/2025 $15,001 - $50,000 Filing Status: New Subholding Of: CRT - Standard Unit Trust Description: Account Closing",,,False,100,HUBB,accepted,house_ptr_structure+v8_1,False,False,False,05/12/2025,False,,valid_range
20030387,Hon. Jefferson Shreve,Member,IN06,20030387.pdf,2025,151,,"IDACORP, Inc. Common Stock","IDACORP, Inc. Common Stock",IDA,IDA,ST,S,2025-05-12,2025-05-15,15001.0,50000.0,,"$15,001 - $50,000",valid_range,New,CRT - Standard Unit Trust,,Account Closing,,21,21,table,False,False,,False,0,False,False,100,True,30,False,https://disclosures-clerk.house.gov/public_disc/ptr-pdfs/2025/20030387.pdf,,,,"IDACORP, Inc. Common Stock (IDA) [ST] Filing Status: New Subholding Of: CRT - Standard Unit Tru Description: Account Closing","IDACORP, Inc. Common Stock (IDA) [ST]",S ust,05/12/2025,05/15/2025,"$15,001 - $50,000",,"IDACORP, Inc. Common Stock (IDA) [ST] S 05/12/2025 05/15/2025 $15,001 - $50,000 Filing Status: New Subholding Of: CRT - Standard Unit Trust Description: Account Closing",,,False,100,IDA,accepted,house_ptr_structure+v8_1,False,False,False,05/12/2025,False,,valid_range
20030387,Hon. Jefferson Shreve,Member,IN06,20030387.pdf,2025,152,,"IDEXX Laboratories, Inc. - Common Stock","IDEXX Laboratories, Inc. - Common Stock",IDXX,IDXX,ST,S,2025-05-12,2025-05-15,100001.0,250000.0,,"$100,001 - $250,000",valid_range,New,CRT - Standard Unit Trust,,Account Closing,,21,21,table,False,False,,False,0,False,True,100,True,30,False,https://disclosures-clerk.house.gov/public_disc/ptr-pdfs/2025/20030387.pdf,,,,"IDEXX Laboratories, Inc. - Common Stock (IDXX) [ST]","IDEXX Laboratories, Inc. - Common Stock (IDXX) [ST]",S,05/12/2025,05/15/2025,"$100,001 - $250,000",Filing Status: New Subholding Of: CRT - Standard Unit Trust Description: Account Closing,"IDEXX Laboratories, Inc. - Common Stock (IDXX) [ST] S 05/12/2025 05/15/2025 $100,001 - $250,000 Filing Status: New Subholding Of: CRT - Standard Unit Trust Description: Account Closing",,,False,100,IDXX,accepted,house_ptr_structure+v8_1,False,False,False,05/12/2025,False,,valid_range
20030387,Hon. Jefferson Shreve,Member,IN06,20030387.pdf,2025,153,,International Business Machines Corporation Common Stock,International Business Machines Corporation Common Stock,IBM,IBM,ST,S,2025-05-12,2025-05-15,15001.0,50000.0,,"$15,001 - $50,000",valid_range,New,CRT - Standard Unit Trust,,Account Closing,,21,21,table,False,False,,False,0,False,False,100,True,30,False,https://disclosures-clerk.house.gov/public_disc/ptr-pdfs/2025/20030387.pdf,,,,International Business Machines Corporation Common Stock (IBM) [ST] Filing Status: New Subholding Of: CRT - Standard Unit Tru Description: Account Closing,International Business Machines Corporation Common Stock (IBM) [ST],S ust,05/12/2025,05/15/2025,"$15,001 - $50,000",,"International Business Machines Corporation Common Stock (IBM) [ST] S 05/12/2025 05/15/2025 $15,001 - $50,000 Filing Status: New Subholding Of: CRT - Standard Unit Trust Description: Account Closing",,,False,100,IBM,accepted,house_ptr_structure+v8_1,False,False,False,05/12/2025,False,,valid_range
20030387,Hon. Jefferson Shreve,Member,IN06,20030387.pdf,2025,154,,Intuit Inc. - Common Stock,Intuit Inc. - Common Stock,INTU,INTU,ST,S,2025-05-12,2025-05-15,100001.0,250000.0,,"$100,001 - $250,000",valid_range,New,CRT - Standard Unit Trust,,Account Closing,,21,21,table,False,False,,False,0,False,True,100,True,30,False,https://disclosures-clerk.house.gov/public_disc/ptr-pdfs/2025/20030387.pdf,,,,Intuit Inc. - Common Stock (INTU) [ST],Intuit Inc. - Common Stock (INTU) [ST],S,05/12/2025,05/15/2025,"$100,001 - $250,000",Filing Status: New Subholding Of: CRT - Standard Unit Trust Description: Account Closing,"Intuit Inc. - Common Stock (INTU) [ST] S 05/12/2025 05/15/2025 $100,001 - $250,000 Filing Status: New Subholding Of: CRT - Standard Unit Trust Description: Account Closing",,,False,100,INTU,accepted,house_ptr_structure+v8_1,False,False,False,05/12/2025,False,,valid_range
20030387,Hon. Jefferson Shreve,Member,IN06,20030387.pdf,2025,155,,"Intuitive Surgical, Inc. - Common Stock","Intuitive Surgical, Inc. - Common Stock",ISRG,ISRG,ST,S,2025-05-12,2025-05-15,15001.0,50000.0,,"$15,001 - $50,000",valid_range,New,CRT - Standard Unit Trust,,Account Closing,,21,21,table,False,False,,False,0,False,False,100,True,30,False,https://disclosures-clerk.house.gov/public_disc/ptr-pdfs/2025/20030387.pdf,,,,"Intuitive Surgical, Inc. - Common Stock (ISRG) [ST] Filing Status: New Subholding Of: CRT - Standard Unit Tru Description: Account Closing","Intuitive Surgical, Inc. - Common Stock (ISRG) [ST]",S ust,05/12/2025,05/15/2025,"$15,001 - $50,000",,"Intuitive Surgical, Inc. - Common Stock (ISRG) [ST] S 05/12/2025 05/15/2025 $15,001 - $50,000 Filing Status: New Subholding Of: CRT - Standard Unit Trust Description: Account Closing",,,False,100,ISRG,accepted,house_ptr_structure+v8_1,False,False,False,05/12/2025,False,,valid_range
20030387,Hon. Jefferson Shreve,Member,IN06,20030387.pdf,2025,156,,"Intuitive Surgical, Inc. - Common Stock","Intuitive Surgical, Inc. - Common Stock",ISRG,ISRG,ST,P,2025-05-08,2025-05-15,15001.0,50000.0,,"$15,001 - $50,000",valid_range,New,CRT - Standard Unit Trust,,Portfolio Rebalance,,22,22,table,False,False,,False,0,False,True,100,True,30,False,https://disclosures-clerk.house.gov/public_disc/ptr-pdfs/2025/20030387.pdf,,,,"Intuitive Surgical, Inc. - Common Stock (ISRG) [ST]","Intuitive Surgical, Inc. - Common Stock (ISRG) [ST]",P,05/08/2025,05/15/2025,"$15,001 - $50,000",Filing Status: New Subholding Of: CRT - Standard Unit Trust Description: Portfolio Rebalance,"Intuitive Surgical, Inc. - Common Stock (ISRG) [ST] P 05/08/2025 05/15/2025 $15,001 - $50,000 Filing Status: New Subholding Of: CRT - Standard Unit Trust Description: Portfolio Rebalance",,,False,100,ISRG,accepted,house_ptr_structure+v8_1,False,False,False,05/08/2025,False,,valid_range
20030387,Hon. Jefferson Shreve,Member,IN06,20030387.pdf,2025,157,,Johnson & Johnson Common Stock,Johnson & Johnson Common Stock,JNJ,JNJ,ST,S,2025-05-12,2025-05-15,50001.0,100000.0,,"$50,001 - $100,000",valid_range,New,CRT - Standard Unit Trust,,Account Closing,,22,22,table,False,False,,False,0,False,False,100,True,30,False,https://disclosures-clerk.house.gov/public_disc/ptr-pdfs/2025/20030387.pdf,,,,Johnson & Johnson Common Stock (JNJ) [ST] Filing Status: New Subholding Of: CRT - Standard Unit Tru Description: Account Closing,Johnson & Johnson Common Stock (JNJ) [ST],S ust,05/12/2025,05/15/2025,"$50,001 - $100,000",,"Johnson & Johnson Common Stock (JNJ) [ST] S 05/12/2025 05/15/2025 $50,001 - $100,000 Filing Status: New Subholding Of: CRT - Standard Unit Trust Description: Account Closing",,,False,100,JNJ,accepted,house_ptr_structure+v8_1,False,False,False,05/12/2025,False,,valid_range
20030387,Hon. Jefferson Shreve,Member,IN06,20030387.pdf,2025,158,,JP Morgan 4.912 7-25-33 '32/ 46647PDH6,JP Morgan 4.912 7-25-33 '32/ 46647PDH6,,,CS,S,2025-05-13,2025-05-15,1001.0,15000.0,,"$1,001 - $15,000",valid_range,New,CRT - Standard Unit Trust,,Account Closing,,22,22,table,False,False,,False,0,False,True,100,True,30,False,https://disclosures-clerk.house.gov/public_disc/ptr-pdfs/2025/20030387.pdf,,,,JP Morgan 4.912 7-25-33 '32/ 46647PDH6 [CS],JP Morgan 4.912 7-25-33 '32/ 46647PDH6 [CS],S,05/13/2025,05/15/2025,"$1,001 - $15,000",Filing Status: New Subholding Of: CRT - Standard Unit Trust Description: Account Closing,"JP Morgan 4.912 7-25-33 '32/ 46647PDH6 [CS] S 05/13/2025 05/15/2025 $1,001 - $15,000 Filing Status: New Subholding Of: CRT - Standard Unit Trust Description: Account Closing",,,False,100,,not_applicable,,False,False,False,05/13/2025,False,,valid_range
20030387,Hon. Jefferson Shreve,Member,IN06,20030387.pdf,2025,159,,JP Morgan Chase & Co. Common Stock,JP Morgan Chase & Co. Common Stock,JPM,JPM,ST,S,2025-05-12,2025-05-15,100001.0,250000.0,,"$100,001 - $250,000",valid_range,New,CRT - Standard Unit Trust,,Account Closing,,22,22,table,False,False,,False,0,False,False,100,True,30,False,https://disclosures-clerk.house.gov/public_disc/ptr-pdfs/2025/20030387.pdf,,,,JP Morgan Chase & Co. Common Stock (JPM) [ST] Filing Status: New Subholding Of: CRT - Standard Unit Tru Description: Account Closing,JP Morgan Chase & Co. Common Stock (JPM) [ST],S ust,05/12/2025,05/15/2025,"$100,001 - $250,000",,"JP Morgan Chase & Co. Common Stock (JPM) [ST] S 05/12/2025 05/15/2025 $100,001 - $250,000 Filing Status: New Subholding Of: CRT - Standard Unit Trust Description: Account Closing",,,False,100,JPM,accepted,house_ptr_structure+v8_1,False,False,False,05/12/2025,False,,valid_range
20030387,Hon. Jefferson Shreve,Member,IN06,20030387.pdf,2025,160,,Kansas City MO 4.0000 2030-02-01,Kansas City MO 4.0000 2030-02-01,,,GS,S,2025-05-13,2025-05-15,15001.0,50000.0,,"$15,001 - $50,000",valid_range,New,CRT - Standard Unit Trust,,Account Closing,,22,22,table,False,False,,False,0,False,True,100,True,30,False,https://disclosures-clerk.house.gov/public_disc/ptr-pdfs/2025/20030387.pdf,,,,Kansas City MO 4.0000 2030-02-01 [GS],Kansas City MO 4.0000 2030-02-01 [GS],S,05/13/2025,05/15/2025,"$15,001 - $50,000",Filing Status: New Subholding Of: CRT - Standard Unit Trust Description: Account Closing,"Kansas City MO 4.0000 2030-02-01 [GS] S 05/13/2025 05/15/2025 $15,001 - $50,000 Filing Status: New Subholding Of: CRT - Standard Unit Trust Description: Account Closing",,,False,100,,not_applicable,,False,False,False,05/13/2025,False,,valid_range
20030387,Hon. Jefferson Shreve,Member,IN06,20030387.pdf,2025,161,,Kroger Company,Kroger Company,KR,KR,ST,S,2025-05-12,2025-05-15,15001.0,50000.0,,"$15,001 - $50,000",valid_range,New,CRT - Standard Unit Trust,,Account Closing,,22,22,table,False,False,,False,0,False,False,100,True,30,False,https://disclosures-clerk.house.gov/public_disc/ptr-pdfs/2025/20030387.pdf,,,,Kroger Company (KR) [ST] Filing Status: New Subholding Of: CRT - Standard Unit Tru Description: Account Closing,Kroger Company (KR) [ST],S ust,05/12/2025,05/15/2025,"$15,001 - $50,000",,"Kroger Company (KR) [ST] S 05/12/2025 05/15/2025 $15,001 - $50,000 Filing Status: New Subholding Of: CRT - Standard Unit Trust Description: Account Closing",,,False,100,KR,accepted,house_ptr_structure+v8_1,False,False,False,05/12/2025,False,,valid_range
20030387,Hon. Jefferson Shreve,Member,IN06,20030387.pdf,2025,162,,Lakewood Ohio City Sch Dist 5.0000 2025-12-01,Lakewood Ohio City Sch Dist 5.0000 2025-12-01,,,GS,S,2025-05-13,2025-05-15,1001.0,15000.0,,"$1,001 - $15,000",valid_range,New,CRT - Standard Unit Trust,,Account Closing,,22,22,table,False,False,,False,0,False,True,100,True,30,False,https://disclosures-clerk.house.gov/public_disc/ptr-pdfs/2025/20030387.pdf,,,,Lakewood Ohio City Sch Dist 5.0000 2025-12-01 [GS],Lakewood Ohio City Sch Dist 5.0000 2025-12-01 [GS],S,05/13/2025,05/15/2025,"$1,001 - $15,000",Filing Status: New Subholding Of: CRT - Standard Unit Trust Description: Account Closing,"Lakewood Ohio City Sch Dist 5.0000 2025-12-01 [GS] S 05/13/2025 05/15/2025 $1,001 - $15,000 Filing Status: New Subholding Of: CRT - Standard Unit Trust Description: Account Closing",,,False,100,,not_applicable,,False,False,False,05/13/2025,False,,valid_range
20030387,Hon. Jefferson Shreve,Member,IN06,20030387.pdf,2025,163,,Lam Research Corporation - Common Stock,Lam Research Corporation - Common Stock,LRCX,LRCX,ST,S,2025-05-12,2025-05-15,15001.0,50000.0,,"$15,001 - $50,000",valid_range,New,CRT - Standard Unit Trust,,Account Closing,,22,23,table,False,False,,True,0,False,False,98,True,30,False,https://disclosures-clerk.house.gov/public_disc/ptr-pdfs/2025/20030387.pdf,,,,Lam Research Corporation - Common Stock (LRCX) [ST] Filing Status: New,Lam Research Corporation - Common Stock (LRCX) [ST] Subholding Of: CRT - Standard Unit Trust Description: Account Closing,S,05/12/2025,05/15/2025,"$15,001 - $50,000",Subholding Of: CRT - Standard Unit Trust Description: Account Closing,"Lam Research Corporation - Common Stock (LRCX) [ST] S 05/12/2025 05/15/2025 $15,001 - $50,000 Filing Status: New Subholding Of: CRT - Standard Unit Trust Description: Account Closing",,,False,98,LRCX,accepted,house_ptr_structure+v8_1,False,False,False,05/12/2025,False,,valid_range
20030387,Hon. Jefferson Shreve,Member,IN06,20030387.pdf,2025,164,,Laredo TEX 5.000 2031-2-15/ 516824JB6,Laredo TEX 5.000 2031-2-15/ 516824JB6,,,GS,S,2025-05-13,2025-05-15,15001.0,50000.0,,"$15,001 - $50,000",valid_range,New,CRT - Standard Unit Trust,,Account Closing,,23,23,table,False,False,,False,0,False,True,100,True,30,False,https://disclosures-clerk.house.gov/public_disc/ptr-pdfs/2025/20030387.pdf,,,,Laredo TEX 5.000 2031-2-15/ 516824JB6 [GS],Laredo TEX 5.000 2031-2-15/ 516824JB6 [GS],S,05/13/2025,05/15/2025,"$15,001 - $50,000",Filing Status: New Subholding Of: CRT - Standard Unit Trust Description: Account Closing,"Laredo TEX 5.000 2031-2-15/ 516824JB6 [GS] S 05/13/2025 05/15/2025 $15,001 - $50,000 Filing Status: New Subholding Of: CRT - Standard Unit Trust Description: Account Closing",,,False,100,,not_applicable,,False,False,False,05/13/2025,False,,valid_range
20030387,Hon. Jefferson Shreve,Member,IN06,20030387.pdf,2025,165,,Las Vegas Nev 4.000 2027-06-01,Las Vegas Nev 4.000 2027-06-01,,,GS,S,2025-05-13,2025-05-15,15001.0,50000.0,,"$15,001 - $50,000",valid_range,New,CRT - Standard Unit Trust,,Account Closing,,23,23,table,False,False,,False,0,False,False,100,True,30,False,https://disclosures-clerk.house.gov/public_disc/ptr-pdfs/2025/20030387.pdf,,,,Las Vegas Nev 4.000 2027-06-01 [GS] Filing Status: New Subholding Of: CRT - Standard Unit Tru Description: Account Closing,Las Vegas Nev 4.000 2027-06-01 [GS],S ust,05/13/2025,05/15/2025,"$15,001 - $50,000",,"Las Vegas Nev 4.000 2027-06-01 [GS] S 05/13/2025 05/15/2025 $15,001 - $50,000 Filing Status: New Subholding Of: CRT - Standard Unit Trust Description: Account Closing",,,False,100,,not_applicable,,False,False,False,05/13/2025,False,,valid_range
20030387,Hon. Jefferson Shreve,Member,IN06,20030387.pdf,2025,166,,Lennar Corporation Class A Common Stock,Lennar Corporation Class A Common Stock,LEN,LEN,ST,P,2025-05-08,2025-05-15,15001.0,50000.0,,"$15,001 - $50,000",valid_range,New,CRT - Standard Unit Trust,,Portfolio Rebalance,,23,23,table,False,False,,False,0,False,True,100,True,30,False,https://disclosures-clerk.house.gov/public_disc/ptr-pdfs/2025/20030387.pdf,,,,Lennar Corporation Class A Common Stock (LEN) [ST],Lennar Corporation Class A Common Stock (LEN) [ST],P,05/08/2025,05/15/2025,"$15,001 - $50,000",Filing Status: New Subholding Of: CRT - Standard Unit Trust Description: Portfolio Rebalance,"Lennar Corporation Class A Common Stock (LEN) [ST] P 05/08/2025 05/15/2025 $15,001 - $50,000 Filing Status: New Subholding Of: CRT - Standard Unit Trust Description: Portfolio Rebalance",,,False,100,LEN,accepted,house_ptr_structure+v8_1,False,False,False,05/08/2025,False,,valid_range
20030387,Hon. Jefferson Shreve,Member,IN06,20030387.pdf,2025,167,,Lennar Corporation Class A Common Stock,Lennar Corporation Class A Common Stock,LEN,LEN,ST,S,2025-05-12,2025-05-15,15001.0,50000.0,,"$15,001 - $50,000",valid_range,New,CRT - Standard Unit Trust,,Account Closing,,23,23,table,False,False,,False,0,False,False,100,True,30,False,https://disclosures-clerk.house.gov/public_disc/ptr-pdfs/2025/20030387.pdf,,,,Lennar Corporation Class A Common Stock (LEN) [ST] Filing Status: New Subholding Of: CRT - Standard Unit Tru Description: Account Closing,Lennar Corporation Class A Common Stock (LEN) [ST],S ust,05/12/2025,05/15/2025,"$15,001 - $50,000",,"Lennar Corporation Class A Common Stock (LEN) [ST] S 05/12/2025 05/15/2025 $15,001 - $50,000 Filing Status: New Subholding Of: CRT - Standard Unit Trust Description: Account Closing",,,False,100,LEN,accepted,house_ptr_structure+v8_1,False,False,False,05/12/2025,False,,valid_range
20030387,Hon. Jefferson Shreve,Member,IN06,20030387.pdf,2025,168,,Linde plc - Ordinary Shares,Linde plc - Ordinary Shares,LIN,LIN,ST,S,2025-05-12,2025-05-15,50001.0,100000.0,,"$50,001 - $100,000",valid_range,New,CRT - Standard Unit Trust,,Account Closing,,23,23,table,False,False,,False,0,False,True,100,True,30,False,https://disclosures-clerk.house.gov/public_disc/ptr-pdfs/2025/20030387.pdf,,,,Linde plc - Ordinary Shares (LIN) [ST],Linde plc - Ordinary Shares (LIN) [ST],S,05/12/2025,05/15/2025,"$50,001 - $100,000",Filing Status: New Subholding Of: CRT - Standard Unit Trust Description: Account Closing,"Linde plc - Ordinary Shares (LIN) [ST] S 05/12/2025 05/15/2025 $50,001 - $100,000 Filing Status: New Subholding Of: CRT - Standard Unit Trust Description: Account Closing",,,False,100,LIN,accepted,house_ptr_structure+v8_1,False,False,False,05/12/2025,False,,valid_range
20030387,Hon. Jefferson Shreve,Member,IN06,20030387.pdf,2025,169,,"Littelfuse, Inc. - Common Stock","Littelfuse, Inc. - Common Stock",LFUS,LFUS,ST,S,2025-05-12,2025-05-15,15001.0,50000.0,,"$15,001 - $50,000",valid_range,New,CRT - Standard Unit Trust,,Account Closing,,23,23,table,False,False,,False,0,False,False,100,True,30,False,https://disclosures-clerk.house.gov/public_disc/ptr-pdfs/2025/20030387.pdf,,,,"Littelfuse, Inc. - Common Stock (LFUS) [ST] Filing Status: New Subholding Of: CRT - Standard Unit Tru Description: Account Closing","Littelfuse, Inc. - Common Stock (LFUS) [ST]",S ust,05/12/2025,05/15/2025,"$15,001 - $50,000",,"Littelfuse, Inc. - Common Stock (LFUS) [ST] S 05/12/2025 05/15/2025 $15,001 - $50,000 Filing Status: New Subholding Of: CRT - Standard Unit Trust Description: Account Closing",,,False,100,LFUS,accepted,house_ptr_structure+v8_1,False,False,False,05/12/2025,False,,valid_range
20030387,Hon. Jefferson Shreve,Member,IN06,20030387.pdf,2025,170,,Lockheed Martin Corporation Common Stock,Lockheed Martin Corporation Common Stock,LMT,LMT,ST,S,2025-05-12,2025-05-15,15001.0,50000.0,,"$15,001 - $50,000",valid_range,New,CRT - Standard Unit Trust,,Account Closing,,23,23,table,False,False,,False,0,False,True,100,True,30,False,https://disclosures-clerk.house.gov/public_disc/ptr-pdfs/2025/20030387.pdf,,,,Lockheed Martin Corporation Common Stock (LMT) [ST],Lockheed Martin Corporation Common Stock (LMT) [ST],S,05/12/2025,05/15/2025,"$15,001 - $50,000",Filing Status: New Subholding Of: CRT - Standard Unit Trust Description: Account Closing,"Lockheed Martin Corporation Common Stock (LMT) [ST] S 05/12/2025 05/15/2025 $15,001 - $50,000 Filing Status: New Subholding Of: CRT - Standard Unit Trust Description: Account Closing",,,False,100,LMT,accepted,house_ptr_structure+v8_1,False,False,False,05/12/2025,False,,valid_range
20030387,Hon. Jefferson Shreve,Member,IN06,20030387.pdf,2025,171,,Lovejoy Indpt Sch Dist Tex 4.0000 2032-2-15,Lovejoy Indpt Sch Dist Tex 4.0000 2032-2-15,,,GS,S,2025-05-13,2025-05-15,15001.0,50000.0,,"$15,001 - $50,000",valid_range,New,CRT - Standard Unit Trust,,Account Closing,,24,24,table,False,False,,False,0,False,False,100,True,30,False,https://disclosures-clerk.house.gov/public_disc/ptr-pdfs/2025/20030387.pdf,,,,Lovejoy Indpt Sch Dist Tex 4.0000 2032-2-15 [GS] Filing Status: New Subholding Of: CRT - Standard Unit Tru Description: Account Closing,Lovejoy Indpt Sch Dist Tex 4.0000 2032-2-15 [GS],S ust,05/13/2025,05/15/2025,"$15,001 - $50,000",,"Lovejoy Indpt Sch Dist Tex 4.0000 2032-2-15 [GS] S 05/13/2025 05/15/2025 $15,001 - $50,000 Filing Status: New Subholding Of: CRT - Standard Unit Trust Description: Account Closing",,,False,100,,not_applicable,,False,False,False,05/13/2025,False,,valid_range
20030387,Hon. Jefferson Shreve,Member,IN06,20030387.pdf,2025,172,,"Lowe's Companies, Inc. Common Stock","Lowe's Companies, Inc. Common Stock",LOW,LOW,ST,S,2025-05-12,2025-05-15,15001.0,50000.0,,"$15,001 - $50,000",valid_range,New,CRT - Standard Unit Trust,,Account Closing,,24,24,table,False,False,,False,0,False,True,100,True,30,False,https://disclosures-clerk.house.gov/public_disc/ptr-pdfs/2025/20030387.pdf,,,,"Lowe's Companies, Inc. Common Stock (LOW) [ST]","Lowe's Companies, Inc. Common Stock (LOW) [ST]",S,05/12/2025,05/15/2025,"$15,001 - $50,000",Filing Status: New Subholding Of: CRT - Standard Unit Trust Description: Account Closing,"Lowe's Companies, Inc. Common Stock (LOW) [ST] S 05/12/2025 05/15/2025 $15,001 - $50,000 Filing Status: New Subholding Of: CRT - Standard Unit Trust Description: Account Closing",,,False,100,LOW,accepted,house_ptr_structure+v8_1,False,False,False,05/12/2025,False,,valid_range
20030387,Hon. Jefferson Shreve,Member,IN06,20030387.pdf,2025,173,,lululemon athletica inc. - Common Stock,lululemon athletica inc. - Common Stock,LULU,LULU,ST,S,2025-05-12,2025-05-15,15001.0,50000.0,,"$15,001 - $50,000",valid_range,New,CRT - Standard Unit Trust,,Account Closing,,24,24,table,False,False,,False,0,False,False,100,True,30,False,https://disclosures-clerk.house.gov/public_disc/ptr-pdfs/2025/20030387.pdf,,,,lululemon athletica inc. - Common Stock (LULU) [ST] Filing Status: New Subholding Of: CRT - Standard Unit Tru Description: Account Closing,lululemon athletica inc. - Common Stock (LULU) [ST],S ust,05/12/2025,05/15/2025,"$15,001 - $50,000",,"lululemon athletica inc. - Common Stock (LULU) [ST] S 05/12/2025 05/15/2025 $15,001 - $50,000 Filing Status: New Subholding Of: CRT - Standard Unit Trust Description: Account Closing",,,False,100,LULU,accepted,house_ptr_structure+v8_1,False,False,False,05/12/2025,False,,valid_range
20030387,Hon. Jefferson Shreve,Member,IN06,20030387.pdf,2025,174,,Marathon Petroleum Corporation Common Stock,Marathon Petroleum Corporation Common Stock,MPC,MPC,ST,S,2025-05-12,2025-05-15,15001.0,50000.0,,"$15,001 - $50,000",valid_range,New,CRT - Standard Unit Trust,,Account Closing,,24,24,table,False,False,,False,0,False,True,100,True,30,False,https://disclosures-clerk.house.gov/public_disc/ptr-pdfs/2025/20030387.pdf,,,,Marathon Petroleum Corporation Common Stock (MPC) [ST],Marathon Petroleum Corporation Common Stock (MPC) [ST],S,05/12/2025,05/15/2025,"$15,001 - $50,000",Filing Status: New Subholding Of: CRT - Standard Unit Trust Description: Account Closing,"Marathon Petroleum Corporation Common Stock (MPC) [ST] S 05/12/2025 05/15/2025 $15,001 - $50,000 Filing Status: New Subholding Of: CRT - Standard Unit Trust Description: Account Closing",,,False,100,MPC,accepted,house_ptr_structure+v8_1,False,False,False,05/12/2025,False,,valid_range
20030387,Hon. Jefferson Shreve,Member,IN06,20030387.pdf,2025,175,,"Marvell Technology, Inc. - Common Stock","Marvell Technology, Inc. - Common Stock",MRVL,MRVL,ST,S,2025-05-12,2025-05-15,50001.0,100000.0,,"$50,001 - $100,000",valid_range,New,CRT - Standard Unit Trust,,Account Closing,,24,24,table,False,False,,False,0,False,False,100,True,30,False,https://disclosures-clerk.house.gov/public_disc/ptr-pdfs/2025/20030387.pdf,,,,"Marvell Technology, Inc. - Common Stock (MRVL) [ST] Filing Status: New Subholding Of: CRT - Standard Unit Tru Description: Account Closing","Marvell Technology, Inc. - Common Stock (MRVL) [ST]",S ust,05/12/2025,05/15/2025,"$50,001 - $100,000",,"Marvell Technology, Inc. - Common Stock (MRVL) [ST] S 05/12/2025 05/15/2025 $50,001 - $100,000 Filing Status: New Subholding Of: CRT - Standard Unit Trust Description: Account Closing",,,False,100,MRVL,accepted,house_ptr_structure+v8_1,False,False,False,05/12/2025,False,,valid_range
20030387,Hon. Jefferson Shreve,Member,IN06,20030387.pdf,2025,176,,"Marvell Technology, Inc. - Common Stock","Marvell Technology, Inc. - Common Stock",MRVL,MRVL,ST,S (partial),2025-05-08,2025-05-15,15001.0,50000.0,,"$15,001 - $50,000",valid_range,New,CRT - Standard Unit Trust,,Portfolio Rebalance,,24,24,table,False,False,,False,0,False,True,100,True,30,False,https://disclosures-clerk.house.gov/public_disc/ptr-pdfs/2025/20030387.pdf,,,,"Marvell Technology, Inc. - Common Stock (MRVL) [ST]","Marvell Technology, Inc. - Common Stock (MRVL) [ST]",S (partial),05/08/2025,05/15/2025,"$15,001 - $50,000",Filing Status: New Subholding Of: CRT - Standard Unit Trust Description: Portfolio Rebalance,"Marvell Technology, Inc. - Common Stock (MRVL) [ST] S (partial) 05/08/2025 05/15/2025 $15,001 - $50,000 Filing Status: New Subholding Of: CRT - Standard Unit Trust Description: Portfolio Rebalance",,,False,100,MRVL,accepted,house_ptr_structure+v8_1,False,False,False,05/08/2025,False,,valid_range
20030387,Hon. Jefferson Shreve,Member,IN06,20030387.pdf,2025,177,,Maryland St Dept Transn Cons Transn 5.000 2029-09-01,Maryland St Dept Transn Cons Transn 5.000 2029-09-01,,,GS,S,2025-05-13,2025-05-15,1001.0,15000.0,,"$1,001 - $15,000",valid_range,New,CRT - Standard Unit Trust,,Account Closing,,24,24,table,False,False,,False,0,False,False,100,True,30,False,https://disclosures-clerk.house.gov/public_disc/ptr-pdfs/2025/20030387.pdf,,,,Maryland St Dept Transn Cons Transn 5.000 2029-09-01 [GS] Filing Status: New Subholding Of: CRT - Standard Unit Tru Description: Account Closing,Maryland St Dept Transn Cons Transn 5.000 2029-09-01 [GS],S ust,05/13/2025,05/15/2025,"$1,001 - $15,000",,"Maryland St Dept Transn Cons Transn 5.000 2029-09-01 [GS] S 05/13/2025 05/15/2025 $1,001 - $15,000 Filing Status: New Subholding Of: CRT - Standard Unit Trust Description: Account Closing",,,False,100,,not_applicable,,False,False,False,05/13/2025,False,,valid_range
20030387,Hon. Jefferson Shreve,Member,IN06,20030387.pdf,2025,178,,Mastercard Incorporated Common Stock,Mastercard Incorporated Common Stock,MA,MA,ST,S,2025-05-12,2025-05-15,50001.0,100000.0,,"$50,001 - $100,000",valid_range,New $200?,CRT - Standard Unit Trust,,Account Closing,,24,25,table,False,False,,True,0,False,True,98,True,30,False,https://disclosures-clerk.house.gov/public_disc/ptr-pdfs/2025/20030387.pdf,,,,Mastercard Incorporated Common Stock (MA) [ST],Mastercard Incorporated Common Stock (MA) [ST],S,05/12/2025,05/15/2025,"$50,001 - $100,000",Filing Status: New $200? Subholding Of: CRT - Standard Unit Trust Description: Account Closing,"Mastercard Incorporated Common Stock (MA) [ST] S 05/12/2025 05/15/2025 $50,001 - $100,000 Filing Status: New $200? Subholding Of: CRT - Standard Unit Trust Description: Account Closing",,,False,98,MA,accepted,house_ptr_structure+v8_1,False,False,False,05/12/2025,False,,valid_range
20030387,Hon. Jefferson Shreve,Member,IN06,20030387.pdf,2025,179,,"Match Group, Inc. - Common Stock","Match Group, Inc. - Common Stock",MTCH,MTCH,ST,S,2025-05-12,2025-05-15,15001.0,50000.0,,"$15,001 - $50,000",valid_range,New,CRT - Standard Unit Trust,,Account Closing,,25,25,table,False,False,,False,0,False,False,100,True,30,False,https://disclosures-clerk.house.gov/public_disc/ptr-pdfs/2025/20030387.pdf,,,,"Match Group, Inc. - Common Stock (MTCH) [ST] Filing Status: New Subholding Of: CRT - Standard Unit Tru Description: Account Closing","Match Group, Inc. - Common Stock (MTCH) [ST]",S ust,05/12/2025,05/15/2025,"$15,001 - $50,000",,"Match Group, Inc. - Common Stock (MTCH) [ST] S 05/12/2025 05/15/2025 $15,001 - $50,000 Filing Status: New Subholding Of: CRT - Standard Unit Trust Description: Account Closing",,,False,100,MTCH,accepted,house_ptr_structure+v8_1,False,False,False,05/12/2025,False,,valid_range
20030387,Hon. Jefferson Shreve,Member,IN06,20030387.pdf,2025,180,,McDonald's Corporation Common Stock,McDonald's Corporation Common Stock,MCD,MCD,ST,S,2025-05-12,2025-05-15,15001.0,50000.0,,"$15,001 - $50,000",valid_range,New,CRT - Standard Unit Trust,,Account Closing,,25,25,table,False,False,,False,0,False,True,100,True,30,False,https://disclosures-clerk.house.gov/public_disc/ptr-pdfs/2025/20030387.pdf,,,,McDonald's Corporation Common Stock (MCD) [ST],McDonald's Corporation Common Stock (MCD) [ST],S,05/12/2025,05/15/2025,"$15,001 - $50,000",Filing Status: New Subholding Of: CRT - Standard Unit Trust Description: Account Closing,"McDonald's Corporation Common Stock (MCD) [ST] S 05/12/2025 05/15/2025 $15,001 - $50,000 Filing Status: New Subholding Of: CRT - Standard Unit Trust Description: Account Closing",,,False,100,MCD,accepted,house_ptr_structure+v8_1,False,False,False,05/12/2025,False,,valid_range
20030387,Hon. Jefferson Shreve,Member,IN06,20030387.pdf,2025,181,,McKesson Corporation Common Stock,McKesson Corporation Common Stock,MCK,MCK,ST,S,2025-05-12,2025-05-15,15001.0,50000.0,,"$15,001 - $50,000",valid_range,New,CRT - Standard Unit Trust,,Account Closing,,25,25,table,False,False,,False,0,False,False,100,True,30,False,https://disclosures-clerk.house.gov/public_disc/ptr-pdfs/2025/20030387.pdf,,,,McKesson Corporation Common Stock (MCK) [ST] Filing Status: New Subholding Of: CRT - Standard Unit Tru Description: Account Closing,McKesson Corporation Common Stock (MCK) [ST],S ust,05/12/2025,05/15/2025,"$15,001 - $50,000",,"McKesson Corporation Common Stock (MCK) [ST] S 05/12/2025 05/15/2025 $15,001 - $50,000 Filing Status: New Subholding Of: CRT - Standard Unit Trust Description: Account Closing",,,False,100,MCK,accepted,house_ptr_structure+v8_1,False,False,False,05/12/2025,False,,valid_range
20030387,Hon. Jefferson Shreve,Member,IN06,20030387.pdf,2025,182,,Medtronic plc. Ordinary Shares,Medtronic plc. Ordinary Shares,MDT,MDT,ST,S,2025-05-08,2025-05-15,15001.0,50000.0,,"$15,001 - $50,000",valid_range,New,CRT - Standard Unit Trust,,Portfolio Rebalance,,25,25,table,False,False,,False,0,False,True,100,True,30,False,https://disclosures-clerk.house.gov/public_disc/ptr-pdfs/2025/20030387.pdf,,,,Medtronic plc. Ordinary Shares (MDT) [ST],Medtronic plc. Ordinary Shares (MDT) [ST],S,05/08/2025,05/15/2025,"$15,001 - $50,000",Filing Status: New Subholding Of: CRT - Standard Unit Trust Description: Portfolio Rebalance,"Medtronic plc. Ordinary Shares (MDT) [ST] S 05/08/2025 05/15/2025 $15,001 - $50,000 Filing Status: New Subholding Of: CRT - Standard Unit Trust Description: Portfolio Rebalance",,,False,100,MDT,accepted,house_ptr_structure+v8_1,False,False,False,05/08/2025,False,,valid_range
20030387,Hon. Jefferson Shreve,Member,IN06,20030387.pdf,2025,183,,Memphis TN 5.0000 2032-05-01,Memphis TN 5.0000 2032-05-01,,,GS,S,2025-05-13,2025-05-15,1001.0,15000.0,,"$1,001 - $15,000",valid_range,New,CRT - Standard Unit Trust,,Account Closing,,25,25,table,False,False,,False,0,False,False,100,True,30,False,https://disclosures-clerk.house.gov/public_disc/ptr-pdfs/2025/20030387.pdf,,,,Memphis TN 5.0000 2032-05-01 [GS] Filing Status: New Subholding Of: CRT - Standard Unit Tru Description: Account Closing,Memphis TN 5.0000 2032-05-01 [GS],S ust,05/13/2025,05/15/2025,"$1,001 - $15,000",,"Memphis TN 5.0000 2032-05-01 [GS] S 05/13/2025 05/15/2025 $1,001 - $15,000 Filing Status: New Subholding Of: CRT - Standard Unit Trust Description: Account Closing",,,False,100,,not_applicable,,False,False,False,05/13/2025,False,,valid_range
20030387,Hon. Jefferson Shreve,Member,IN06,20030387.pdf,2025,184,,Memphis-Shelby Cnty TN Indl Dev Brd Economic Dev Growth Engine TDZ Rev 5.0000 2025-11-01,Memphis-Shelby Cnty TN Indl Dev Brd Economic Dev Growth Engine TDZ Rev 5.0000 2025-11-01,,,GS,S,2025-05-13,2025-05-15,15001.0,50000.0,,"$15,001 - $50,000",valid_range,New,CRT - Standard Unit Trust,,Account Closing,,25,25,table,False,False,,False,0,False,True,100,True,30,False,https://disclosures-clerk.house.gov/public_disc/ptr-pdfs/2025/20030387.pdf,,,,Memphis-Shelby Cnty TN Indl Dev Brd Economic Dev Growth Engine TDZ Rev 5.0000 2025-11-01 [GS],Memphis-Shelby Cnty TN Indl Dev Brd Economic Dev Growth Engine TDZ Rev 5.0000 2025-11-01 [GS],S,05/13/2025,05/15/2025,"$15,001 - $50,000",Filing Status: New Subholding Of: CRT - Standard Unit Trust Description: Account Closing,"Memphis-Shelby Cnty TN Indl Dev Brd Economic Dev Growth Engine TDZ Rev 5.0000 2025-11-01 [GS] S 05/13/2025 05/15/2025 $15,001 - $50,000 Filing Status: New Subholding Of: CRT - Standard Unit Trust Description: Account Closing",,,False,100,,not_applicable,,False,False,False,05/13/2025,False,,valid_range
20030387,Hon. Jefferson Shreve,Member,IN06,20030387.pdf,2025,185,,"Meta Platforms, Inc. - Class A Common Stock","Meta Platforms, Inc. - Class A Common Stock",META,META,ST,S,2025-05-12,2025-05-15,100001.0,250000.0,,"$100,001 - $250,000",valid_range,New,CRT - Standard Unit Trust,,Account Closing,,25,25,table,False,False,,False,0,False,False,100,True,30,False,https://disclosures-clerk.house.gov/public_disc/ptr-pdfs/2025/20030387.pdf,,,,"Meta Platforms, Inc. - Class A Common Stock (META) [ST] Filing Status: New Subholding Of: CRT - Standard Unit Tru Description: Account Closing","Meta Platforms, Inc. - Class A Common Stock (META) [ST]",S ust,05/12/2025,05/15/2025,"$100,001 - $250,000",,"Meta Platforms, Inc. - Class A Common Stock (META) [ST] S 05/12/2025 05/15/2025 $100,001 - $250,000 Filing Status: New Subholding Of: CRT - Standard Unit Trust Description: Account Closing",,,False,100,META,accepted,house_ptr_structure+v8_1,False,False,False,05/12/2025,False,,valid_range
20030387,Hon. Jefferson Shreve,Member,IN06,20030387.pdf,2025,186,,Metropolitan Govt Nashville & Davidson CntyTN 4.0000 2032-01- 01/ 592112UX2,Metropolitan Govt Nashville & Davidson CntyTN 4.0000 2032-01- 01/ 592112UX2,,,GS,S,2025-05-13,2025-05-15,1001.0,15000.0,,"$1,001 - $15,000",valid_range,New,CRT - Standard Unit Trust,,Account Closing,,26,26,table,False,False,,False,0,False,True,100,True,30,False,https://disclosures-clerk.house.gov/public_disc/ptr-pdfs/2025/20030387.pdf,,,,Metropolitan Govt Nashville & Davidson CntyTN 4.0000 2032-01- 01/ 592112UX2 [GS],Metropolitan Govt Nashville & Davidson CntyTN 4.0000 2032-01- 01/ 592112UX2 [GS],S,05/13/2025,05/15/2025,"$1,001 - $15,000",Filing Status: New Subholding Of: CRT - Standard Unit Trust Description: Account Closing,"Metropolitan Govt Nashville & Davidson CntyTN 4.0000 2032-01- 01/ 592112UX2 [GS] S 05/13/2025 05/15/2025 $1,001 - $15,000 Filing Status: New Subholding Of: CRT - Standard Unit Trust Description: Account Closing",,,False,100,,not_applicable,,False,False,False,05/13/2025,False,,valid_range
20030387,Hon. Jefferson Shreve,Member,IN06,20030387.pdf,2025,187,,Microsoft Corporation - Common Stock,Microsoft Corporation - Common Stock,MSFT,MSFT,ST,S,2025-05-12,2025-05-15,500001.0,1000000.0,,"$500,001 - $1,000,000",valid_range,New,CRT - Standard Unit Trust,,Account Closing,,26,26,table,False,False,,False,0,False,False,100,True,30,False,https://disclosures-clerk.house.gov/public_disc/ptr-pdfs/2025/20030387.pdf,,,,Microsoft Corporation - Common Stock (MSFT) [ST] Filing Status: New Subholding Of: CRT - Standard Unit Tru Description: Account Closing,Microsoft Corporation - Common Stock (MSFT) [ST],S ust,05/12/2025,05/15/2025,"$500,001 - $1,000,000",,"Microsoft Corporation - Common Stock (MSFT) [ST] S 05/12/2025 05/15/2025 $500,001 - $1,000,000 Filing Status: New Subholding Of: CRT - Standard Unit Trust Description: Account Closing",,,False,100,MSFT,accepted,house_ptr_structure+v8_1,False,False,False,05/12/2025,False,,valid_range
20030387,Hon. Jefferson Shreve,Member,IN06,20030387.pdf,2025,188,,Microsoft Corporation - Common Stock,Microsoft Corporation - Common Stock,MSFT,MSFT,ST,P,2025-05-08,2025-05-15,500001.0,1000000.0,,"$500,001 - $1,000,000",valid_range,New,CRT - Standard Unit Trust,,Portfolio Rebalance,,26,26,table,False,False,,False,0,False,True,100,True,30,False,https://disclosures-clerk.house.gov/public_disc/ptr-pdfs/2025/20030387.pdf,,,,Microsoft Corporation - Common Stock (MSFT) [ST],Microsoft Corporation - Common Stock (MSFT) [ST],P,05/08/2025,05/15/2025,"$500,001 - $1,000,000",Filing Status: New Subholding Of: CRT - Standard Unit Trust Description: Portfolio Rebalance,"Microsoft Corporation - Common Stock (MSFT) [ST] P 05/08/2025 05/15/2025 $500,001 - $1,000,000 Filing Status: New Subholding Of: CRT - Standard Unit Trust Description: Portfolio Rebalance",,,False,100,MSFT,accepted,house_ptr_structure+v8_1,False,False,False,05/08/2025,False,,valid_range
20030387,Hon. Jefferson Shreve,Member,IN06,20030387.pdf,2025,189,,MicroStrategy Incorporated - Class A Common Stock,MicroStrategy Incorporated - Class A Common Stock,MSTR,MSTR,ST,S,2025-05-12,2025-05-15,15001.0,50000.0,,"$15,001 - $50,000",valid_range,New,CRT - Standard Unit Trust,,Account Closing,,26,26,table,False,False,,False,0,False,False,100,True,30,False,https://disclosures-clerk.house.gov/public_disc/ptr-pdfs/2025/20030387.pdf,,,,MicroStrategy Incorporated - Class A Common Stock (MSTR) [ST] Filing Status: New Subholding Of: CRT - Standard Unit Tru Description: Account Closing,MicroStrategy Incorporated - Class A Common Stock (MSTR) [ST],S ust,05/12/2025,05/15/2025,"$15,001 - $50,000",,"MicroStrategy Incorporated - Class A Common Stock (MSTR) [ST] S 05/12/2025 05/15/2025 $15,001 - $50,000 Filing Status: New Subholding Of: CRT - Standard Unit Trust Description: Account Closing",,,False,100,MSTR,accepted,house_ptr_structure+v8_1,False,False,False,05/12/2025,False,,valid_range
20030387,Hon. Jefferson Shreve,Member,IN06,20030387.pdf,2025,190,,Minnesota ST 5.00 2025-08-01,Minnesota ST 5.00 2025-08-01,,,GS,S,2025-05-13,2025-05-15,15001.0,50000.0,,"$15,001 - $50,000",valid_range,New,CRT - Standard Unit Trust,,Account Closing,,26,26,table,False,False,,False,0,False,True,100,True,30,False,https://disclosures-clerk.house.gov/public_disc/ptr-pdfs/2025/20030387.pdf,,,,Minnesota ST 5.00 2025-08-01 [GS],Minnesota ST 5.00 2025-08-01 [GS],S,05/13/2025,05/15/2025,"$15,001 - $50,000",Filing Status: New Subholding Of: CRT - Standard Unit Trust Description: Account Closing,"Minnesota ST 5.00 2025-08-01 [GS] S 05/13/2025 05/15/2025 $15,001 - $50,000 Filing Status: New Subholding Of: CRT - Standard Unit Trust Description: Account Closing",,,False,100,,not_applicable,,False,False,False,05/13/2025,False,,valid_range
20030387,Hon. Jefferson Shreve,Member,IN06,20030387.pdf,2025,191,,Minnesota St 5.00000 2025-08-01,Minnesota St 5.00000 2025-08-01,,,GS,S,2025-05-13,2025-05-15,15001.0,50000.0,,"$15,001 - $50,000",valid_range,New,CRT - Standard Unit Trust,,Account Closing,,26,26,table,False,False,,False,0,False,False,100,True,30,False,https://disclosures-clerk.house.gov/public_disc/ptr-pdfs/2025/20030387.pdf,,,,Minnesota St 5.00000 2025-08-01 [GS] Filing Status: New Subholding Of: CRT - Standard Unit Tru Description: Account Closing,Minnesota St 5.00000 2025-08-01 [GS],S ust,05/13/2025,05/15/2025,"$15,001 - $50,000",,"Minnesota St 5.00000 2025-08-01 [GS] S 05/13/2025 05/15/2025 $15,001 - $50,000 Filing Status: New Subholding Of: CRT - Standard Unit Trust Description: Account Closing",,,False,100,,not_applicable,,False,False,False,05/13/2025,False,,valid_range
20030387,Hon. Jefferson Shreve,Member,IN06,20030387.pdf,2025,192,,"Nasdaq, Inc. - Common Stock","Nasdaq, Inc. - Common Stock",NDAQ,NDAQ,ST,S,2025-05-12,2025-05-15,15001.0,50000.0,,"$15,001 - $50,000",valid_range,New,CRT - Standard Unit Trust,,Account Closing,,26,26,table,False,False,,False,0,False,True,100,True,30,False,https://disclosures-clerk.house.gov/public_disc/ptr-pdfs/2025/20030387.pdf,,,,"Nasdaq, Inc. - Common Stock (NDAQ) [ST]","Nasdaq, Inc. - Common Stock (NDAQ) [ST]",S,05/12/2025,05/15/2025,"$15,001 - $50,000",Filing Status: New Subholding Of: CRT - Standard Unit Trust Description: Account Closing,"Nasdaq, Inc. - Common Stock (NDAQ) [ST] S 05/12/2025 05/15/2025 $15,001 - $50,000 Filing Status: New Subholding Of: CRT - Standard Unit Trust Description: Account Closing",,,False,100,NDAQ,accepted,house_ptr_structure+v8_1,False,False,False,05/12/2025,False,,valid_range
20030387,Hon. Jefferson Shreve,Member,IN06,20030387.pdf,2025,193,,"Netflix, Inc. - Common Stock","Netflix, Inc. - Common Stock",NFLX,NFLX,ST,S,2025-05-12,2025-05-15,100001.0,250000.0,,"$100,001 - $250,000",valid_range,New,CRT - Standard Unit Trust,,Account Closing,,26,27,table,False,False,,True,0,False,False,98,True,30,False,https://disclosures-clerk.house.gov/public_disc/ptr-pdfs/2025/20030387.pdf,,,,"Netflix, Inc. - Common Stock (NFLX) [ST]","Netflix, Inc. - Common Stock (NFLX) [ST]",S,05/12/2025,05/15/2025,"$100,001 - $250,000",Filing Status: New Subholding Of: CRT - Standard Unit Trust Description: Account Closing,"Netflix, Inc. - Common Stock (NFLX) [ST] S 05/12/2025 05/15/2025 $100,001 - $250,000 Filing Status: New Subholding Of: CRT - Standard Unit Trust Description: Account Closing",,,False,98,NFLX,accepted,house_ptr_structure+v8_1,False,False,False,05/12/2025,False,,valid_range
20030387,Hon. Jefferson Shreve,Member,IN06,20030387.pdf,2025,194,,New York NY 5.0000 2028-08-01,New York NY 5.0000 2028-08-01,,,GS,S,2025-05-13,2025-05-15,15001.0,50000.0,,"$15,001 - $50,000",valid_range,New,CRT - Standard Unit Trust,,Account Closing,,27,27,table,False,False,,False,0,False,True,100,True,30,False,https://disclosures-clerk.house.gov/public_disc/ptr-pdfs/2025/20030387.pdf,,,,New York NY 5.0000 2028-08-01 [GS],New York NY 5.0000 2028-08-01 [GS],S,05/13/2025,05/15/2025,"$15,001 - $50,000",Filing Status: New Subholding Of: CRT - Standard Unit Trust Description: Account Closing,"New York NY 5.0000 2028-08-01 [GS] S 05/13/2025 05/15/2025 $15,001 - $50,000 Filing Status: New Subholding Of: CRT - Standard Unit Trust Description: Account Closing",,,False,100,,not_applicable,,False,False,False,05/13/2025,False,,valid_range
20030387,Hon. Jefferson Shreve,Member,IN06,20030387.pdf,2025,195,,New York NY 5.0000 2033-08-01,New York NY 5.0000 2033-08-01,,,GS,S,2025-05-13,2025-05-15,1001.0,15000.0,,"$1,001 - $15,000",valid_range,New,CRT - Standard Unit Trust,,Account Closing,,27,27,table,False,False,,False,0,False,False,100,True,30,False,https://disclosures-clerk.house.gov/public_disc/ptr-pdfs/2025/20030387.pdf,,,,New York NY 5.0000 2033-08-01 [GS] Filing Status: New Subholding Of: CRT - Standard Unit Tru Description: Account Closing,New York NY 5.0000 2033-08-01 [GS],S ust,05/13/2025,05/15/2025,"$1,001 - $15,000",,"New York NY 5.0000 2033-08-01 [GS] S 05/13/2025 05/15/2025 $1,001 - $15,000 Filing Status: New Subholding Of: CRT - Standard Unit Trust Description: Account Closing",,,False,100,,not_applicable,,False,False,False,05/13/2025,False,,valid_range
20030387,Hon. Jefferson Shreve,Member,IN06,20030387.pdf,2025,196,,New York NY City Transitional Fin Auth Bldg Aid Rev 5.000 2029-07-15,New York NY City Transitional Fin Auth Bldg Aid Rev 5.000 2029-07-15,,,GS,S,2025-05-13,2025-05-15,1001.0,15000.0,,"$1,001 - $15,000",valid_range,New,CRT - Standard Unit Trust,,Account Closing,,27,27,table,False,False,,False,0,False,True,100,True,30,False,https://disclosures-clerk.house.gov/public_disc/ptr-pdfs/2025/20030387.pdf,,,,New York NY City Transitional Fin Auth Bldg Aid Rev 5.000 2029-07-15 [GS],New York NY City Transitional Fin Auth Bldg Aid Rev 5.000 2029-07-15 [GS],S,05/13/2025,05/15/2025,"$1,001 - $15,000",Filing Status: New Subholding Of: CRT - Standard Unit Trust Description: Account Closing,"New York NY City Transitional Fin Auth Bldg Aid Rev 5.000 2029-07-15 [GS] S 05/13/2025 05/15/2025 $1,001 - $15,000 Filing Status: New Subholding Of: CRT - Standard Unit Trust Description: Account Closing",,,False,100,,not_applicable,,False,False,False,05/13/2025,False,,valid_range
20030387,Hon. Jefferson Shreve,Member,IN06,20030387.pdf,2025,197,,New York NY Transitional Fin Auth Bldg Aid Rev 5.0000 2030-07-15,New York NY Transitional Fin Auth Bldg Aid Rev 5.0000 2030-07-15,,,GS,S,2025-05-13,2025-05-15,1001.0,15000.0,,"$1,001 - $15,000",valid_range,New,CRT - Standard Unit Trust,,Account Closing,,27,27,table,False,False,,False,0,False,False,100,True,30,False,https://disclosures-clerk.house.gov/public_disc/ptr-pdfs/2025/20030387.pdf,,,,New York NY Transitional Fin Auth Bldg Aid Rev 5.0000 2030-07-15 [GS] Filing Status: New Subholding Of: CRT - Standard Unit Tru Description: Account Closing,New York NY Transitional Fin Auth Bldg Aid Rev 5.0000 2030-07-15 [GS],S ust,05/13/2025,05/15/2025,"$1,001 - $15,000",,"New York NY Transitional Fin Auth Bldg Aid Rev 5.0000 2030-07-15 [GS] S 05/13/2025 05/15/2025 $1,001 - $15,000 Filing Status: New Subholding Of: CRT - Standard Unit Trust Description: Account Closing",,,False,100,,not_applicable,,False,False,False,05/13/2025,False,,valid_range
20030387,Hon. Jefferson Shreve,Member,IN06,20030387.pdf,2025,198,,Newmont Corporation,Newmont Corporation,NEM,NEM,ST,S,2025-05-12,2025-05-15,15001.0,50000.0,,"$15,001 - $50,000",valid_range,New,CRT - Standard Unit Trust,,Account Closing,,27,27,table,False,False,,False,0,False,True,100,True,30,False,https://disclosures-clerk.house.gov/public_disc/ptr-pdfs/2025/20030387.pdf,,,,Newmont Corporation (NEM) [ST],Newmont Corporation (NEM) [ST],S,05/12/2025,05/15/2025,"$15,001 - $50,000",Filing Status: New Subholding Of: CRT - Standard Unit Trust Description: Account Closing,"Newmont Corporation (NEM) [ST] S 05/12/2025 05/15/2025 $15,001 - $50,000 Filing Status: New Subholding Of: CRT - Standard Unit Trust Description: Account Closing",,,False,100,NEM,accepted,house_ptr_structure+v8_1,False,False,False,05/12/2025,False,,valid_range
20030387,Hon. Jefferson Shreve,Member,IN06,20030387.pdf,2025,199,,"NextEra Energy, Inc. Common Stock","NextEra Energy, Inc. Common Stock",NEE,NEE,ST,S,2025-05-12,2025-05-15,50001.0,100000.0,,"$50,001 - $100,000",valid_range,New,CRT - Standard Unit Trust,,Account Closing,,27,27,table,False,False,,False,0,False,False,100,True,30,False,https://disclosures-clerk.house.gov/public_disc/ptr-pdfs/2025/20030387.pdf,,,,"NextEra Energy, Inc. Common Stock (NEE) [ST] Filing Status: New Subholding Of: CRT - Standard Unit Tru Description: Account Closing","NextEra Energy, Inc. Common Stock (NEE) [ST]",S ust,05/12/2025,05/15/2025,"$50,001 - $100,000",,"NextEra Energy, Inc. Common Stock (NEE) [ST] S 05/12/2025 05/15/2025 $50,001 - $100,000 Filing Status: New Subholding Of: CRT - Standard Unit Trust Description: Account Closing",,,False,100,NEE,accepted,house_ptr_structure+v8_1,False,False,False,05/12/2025,False,,valid_range
20030387,Hon. Jefferson Shreve,Member,IN06,20030387.pdf,2025,200,,NiSource Inc Common Stock,NiSource Inc Common Stock,NI,NI,ST,S,2025-05-12,2025-05-15,50001.0,100000.0,,"$50,001 - $100,000",valid_range,New,CRT - Standard Unit Trust,,Account Closing ID Owner Asset Transaction Type Date Notification Date Amount Cap. Gains > $200?,,27,28,table,True,False,,True,0,False,True,98,True,30,False,https://disclosures-clerk.house.gov/public_disc/ptr-pdfs/2025/20030387.pdf,,,,NiSource Inc Common Stock (NI) [ST],NiSource Inc Common Stock (NI) [ST],S,05/12/2025,05/15/2025,"$50,001 - $100,000",Filing Status: New Subholding Of: CRT - Standard Unit Trust Description: Account Closing ID Owner Asset Transaction Type Date Notification Date Amount Cap. Gains > $200?,"NiSource Inc Common Stock (NI) [ST] S 05/12/2025 05/15/2025 $50,001 - $100,000 Filing Status: New Subholding Of: CRT - Standard Unit Trust Description: Account Closing ID Owner Asset Transaction Type Date Notification Date Amount Cap. Gains > $200?",,,False,98,NI,accepted,house_ptr_structure+v8_1,False,False,False,05/12/2025,False,,valid_range
20030387,Hon. Jefferson Shreve,Member,IN06,20030387.pdf,2025,201,,NVIDIA Corporation - Common Stock,NVIDIA Corporation - Common Stock,NVDA,NVDA,ST,S,2025-05-12,2025-05-15,500001.0,1000000.0,,"$500,001 - $1,000,000",valid_range,New,CRT - Standard Unit Trust,,Account Closing,,28,28,relaxed_table,True,False,,False,0,False,False,100,True,30,False,https://disclosures-clerk.house.gov/public_disc/ptr-pdfs/2025/20030387.pdf,,,,NVIDIA Corporation - Common Stock (NVDA) [ST] Filing Status: New Subholding Of: CRT - Standard Unit Tru Description: Account Closing,NVIDIA Corporation - Common Stock (NVDA) [ST],S ust,05/12/2025,05/15/2025,"$500,001 - $1,000,000",,"NVIDIA Corporation - Common Stock (NVDA) [ST] S 05/12/2025 05/15/2025 $500,001 - $1,000,000 Filing Status: New Subholding Of: CRT - Standard Unit Trust Description: Account Closing",,,False,100,NVDA,accepted,house_ptr_structure+v8_1,False,False,False,05/12/2025,False,,valid_range
20030387,Hon. Jefferson Shreve,Member,IN06,20030387.pdf,2025,202,,NVIDIA Corporation - Common Stock,NVIDIA Corporation - Common Stock,NVDA,NVDA,ST,P,2025-05-08,2025-05-15,100001.0,250000.0,,"$100,001 - $250,000",valid_range,New,CRT - Standard Unit Trust,,Portfolio Rebalance,,28,28,relaxed_table,True,False,,False,0,False,True,100,True,30,False,https://disclosures-clerk.house.gov/public_disc/ptr-pdfs/2025/20030387.pdf,,,,NVIDIA Corporation - Common Stock (NVDA) [ST],NVIDIA Corporation - Common Stock (NVDA) [ST],P,05/08/2025,05/15/2025,"$100,001 - $250,000",Filing Status: New Subholding Of: CRT - Standard Unit Trust Description: Portfolio Rebalance,"NVIDIA Corporation - Common Stock (NVDA) [ST] P 05/08/2025 05/15/2025 $100,001 - $250,000 Filing Status: New Subholding Of: CRT - Standard Unit Trust Description: Portfolio Rebalance",,,False,100,NVDA,accepted,house_ptr_structure+v8_1,False,False,False,05/08/2025,False,,valid_range
20030387,Hon. Jefferson Shreve,Member,IN06,20030387.pdf,2025,203,,Occidental Petroleum Corporation Common Stock,Occidental Petroleum Corporation Common Stock,OXY,OXY,ST,P,2025-05-08,2025-05-15,15001.0,50000.0,,"$15,001 - $50,000",valid_range,New,CRT - Standard Unit Trust,,Portfolio Rebalance,,28,28,relaxed_table,True,False,,False,0,False,False,100,True,30,False,https://disclosures-clerk.house.gov/public_disc/ptr-pdfs/2025/20030387.pdf,,,,Occidental Petroleum Corporation Common Stock (OXY) [ST] Filing Status: New Subholding Of: CRT - Standard Unit Tru Description: Portfolio Rebalance,Occidental Petroleum Corporation Common Stock (OXY) [ST],P ust,05/08/2025,05/15/2025,"$15,001 - $50,000",,"Occidental Petroleum Corporation Common Stock (OXY) [ST] P 05/08/2025 05/15/2025 $15,001 - $50,000 Filing Status: New Subholding Of: CRT - Standard Unit Trust Description: Portfolio Rebalance",,,False,100,OXY,accepted,house_ptr_structure+v8_1,False,False,False,05/08/2025,False,,valid_range
20030387,Hon. Jefferson Shreve,Member,IN06,20030387.pdf,2025,204,,Occidental Petroleum Corporation Common Stock,Occidental Petroleum Corporation Common Stock,OXY,OXY,ST,S,2025-05-12,2025-05-15,15001.0,50000.0,,"$15,001 - $50,000",valid_range,New,CRT - Standard Unit Trust,,Account Closing,,28,28,relaxed_table,True,False,,False,0,False,True,100,True,30,False,https://disclosures-clerk.house.gov/public_disc/ptr-pdfs/2025/20030387.pdf,,,,Occidental Petroleum Corporation Common Stock (OXY) [ST],Occidental Petroleum Corporation Common Stock (OXY) [ST],S,05/12/2025,05/15/2025,"$15,001 - $50,000",Filing Status: New Subholding Of: CRT - Standard Unit Trust Description: Account Closing,"Occidental Petroleum Corporation Common Stock (OXY) [ST] S 05/12/2025 05/15/2025 $15,001 - $50,000 Filing Status: New Subholding Of: CRT - Standard Unit Trust Description: Account Closing",,,False,100,OXY,accepted,house_ptr_structure+v8_1,False,False,False,05/12/2025,False,,valid_range
20030387,Hon. Jefferson Shreve,Member,IN06,20030387.pdf,2025,205,,OGE Energy Corp Common Stock,OGE Energy Corp Common Stock,OGE,OGE,ST,S,2025-05-12,2025-05-15,100001.0,250000.0,,"$100,001 - $250,000",valid_range,New,CRT - Standard Unit Trust,,Account Closing,,28,28,relaxed_table,True,False,,False,0,False,False,100,True,30,False,https://disclosures-clerk.house.gov/public_disc/ptr-pdfs/2025/20030387.pdf,,,,OGE Energy Corp Common Stock (OGE) [ST] Filing Status: New Subholding Of: CRT - Standard Unit Tru Description: Account Closing,OGE Energy Corp Common Stock (OGE) [ST],S ust,05/12/2025,05/15/2025,"$100,001 - $250,000",,"OGE Energy Corp Common Stock (OGE) [ST] S 05/12/2025 05/15/2025 $100,001 - $250,000 Filing Status: New Subholding Of: CRT - Standard Unit Trust Description: Account Closing",,,False,100,OGE,accepted,house_ptr_structure+v8_1,False,False,False,05/12/2025,False,,valid_range
20030387,Hon. Jefferson Shreve,Member,IN06,20030387.pdf,2025,206,,Ohio St Spl Oblig 5.0000 2029-04-01,Ohio St Spl Oblig 5.0000 2029-04-01,,,GS,S,2025-05-13,2025-05-15,1001.0,15000.0,,"$1,001 - $15,000",valid_range,New,CRT - Standard Unit Trust,,Account Closing,,28,28,relaxed_table,True,False,,False,0,False,True,100,True,30,False,https://disclosures-clerk.house.gov/public_disc/ptr-pdfs/2025/20030387.pdf,,,,Ohio St Spl Oblig 5.0000 2029-04-01 [GS],Ohio St Spl Oblig 5.0000 2029-04-01 [GS],S,05/13/2025,05/15/2025,"$1,001 - $15,000",Filing Status: New Subholding Of: CRT - Standard Unit Trust Description: Account Closing,"Ohio St Spl Oblig 5.0000 2029-04-01 [GS] S 05/13/2025 05/15/2025 $1,001 - $15,000 Filing Status: New Subholding Of: CRT - Standard Unit Trust Description: Account Closing",,,False,100,,not_applicable,,False,False,False,05/13/2025,False,,valid_range
20030387,Hon. Jefferson Shreve,Member,IN06,20030387.pdf,2025,207,,Ohio St Wtr Dev Auth Wtr Pollution Ctl Rev 5.000 2032-06-01,Ohio St Wtr Dev Auth Wtr Pollution Ctl Rev 5.000 2032-06-01,,,GS,S,2025-05-13,2025-05-15,1001.0,15000.0,,"$1,001 - $15,000",valid_range,New,CRT - Standard Unit Trust,,Account Closing,,28,28,relaxed_table,True,False,,False,0,True,False,95,True,30,True,https://disclosures-clerk.house.gov/public_disc/ptr-pdfs/2025/20030387.pdf,low,adjacent transaction has same core signature,,Ohio St Wtr Dev Auth Wtr Pollution Ctl Rev 5.000 2032-06-01 [GS] Filing Status: New Subholding Of: CRT - Standard Unit Tru Description: Account Closing,Ohio St Wtr Dev Auth Wtr Pollution Ctl Rev 5.000 2032-06-01 [GS],S ust,05/13/2025,05/15/2025,"$1,001 - $15,000",,"Ohio St Wtr Dev Auth Wtr Pollution Ctl Rev 5.000 2032-06-01 [GS] S 05/13/2025 05/15/2025 $1,001 - $15,000 Filing Status: New Subholding Of: CRT - Standard Unit Trust Description: Account Closing",adjacent transaction has same core signature,low,True,95,,not_applicable,,False,False,False,05/13/2025,False,,valid_range
20030387,Hon. Jefferson Shreve,Member,IN06,20030387.pdf,2025,208,,Ohio St Wtr Dev Auth Wtr Pollution Ctl Rev 5.000 2032-06-01,Ohio St Wtr Dev Auth Wtr Pollution Ctl Rev 5.000 2032-06-01,,,GS,S,2025-05-13,2025-05-15,1001.0,15000.0,,"$1,001 - $15,000",valid_range,New,CRT - Standard Unit Trust,,Account Closing,,28,29,relaxed_table,True,False,,True,0,False,True,98,True,30,False,https://disclosures-clerk.house.gov/public_disc/ptr-pdfs/2025/20030387.pdf,,,,Ohio St Wtr Dev Auth Wtr Pollution Ctl Rev 5.000 2032-06-01 [GS],Ohio St Wtr Dev Auth Wtr Pollution Ctl Rev 5.000 2032-06-01 [GS],S,05/13/2025,05/15/2025,"$1,001 - $15,000",Filing Status: New Subholding Of: CRT - Standard Unit Trust Description: Account Closing,"Ohio St Wtr Dev Auth Wtr Pollution Ctl Rev 5.000 2032-06-01 [GS] S 05/13/2025 05/15/2025 $1,001 - $15,000 Filing Status: New Subholding Of: CRT - Standard Unit Trust Description: Account Closing",,,False,98,,not_applicable,,False,False,False,05/13/2025,False,,valid_range
20030387,Hon. Jefferson Shreve,Member,IN06,20030387.pdf,2025,209,,Old Republic International Corporation Common Stock,Old Republic International Corporation Common Stock,ORI,ORI,ST,S,2025-05-12,2025-05-15,15001.0,50000.0,,"$15,001 - $50,000",valid_range,New,CRT - Standard Unit Trust,,Account Closing,,29,29,table,False,False,,False,0,False,False,100,True,30,False,https://disclosures-clerk.house.gov/public_disc/ptr-pdfs/2025/20030387.pdf,,,,Old Republic International Corporation Common Stock (ORI) [ST] Filing Status: New Subholding Of: CRT - Standard Unit Tru Description: Account Closing,Old Republic International Corporation Common Stock (ORI) [ST],S ust,05/12/2025,05/15/2025,"$15,001 - $50,000",,"Old Republic International Corporation Common Stock (ORI) [ST] S 05/12/2025 05/15/2025 $15,001 - $50,000 Filing Status: New Subholding Of: CRT - Standard Unit Trust Description: Account Closing",,,False,100,ORI,accepted,house_ptr_structure+v8_1,False,False,False,05/12/2025,False,,valid_range
20030387,Hon. Jefferson Shreve,Member,IN06,20030387.pdf,2025,210,,Omaha Pub Pwr Dist Neb Elec Rev 5.0000 2027-02-01,Omaha Pub Pwr Dist Neb Elec Rev 5.0000 2027-02-01,,,GS,S,2025-05-13,2025-05-15,15001.0,50000.0,,"$15,001 - $50,000",valid_range,New,CRT - Standard Unit Trust,,Account Closing,,29,29,table,False,False,,False,0,False,True,100,True,30,False,https://disclosures-clerk.house.gov/public_disc/ptr-pdfs/2025/20030387.pdf,,,,Omaha Pub Pwr Dist Neb Elec Rev 5.0000 2027-02-01 [GS],Omaha Pub Pwr Dist Neb Elec Rev 5.0000 2027-02-01 [GS],S,05/13/2025,05/15/2025,"$15,001 - $50,000",Filing Status: New Subholding Of: CRT - Standard Unit Trust Description: Account Closing,"Omaha Pub Pwr Dist Neb Elec Rev 5.0000 2027-02-01 [GS] S 05/13/2025 05/15/2025 $15,001 - $50,000 Filing Status: New Subholding Of: CRT - Standard Unit Trust Description: Account Closing",,,False,100,,not_applicable,,False,False,False,05/13/2025,False,,valid_range
20030387,Hon. Jefferson Shreve,Member,IN06,20030387.pdf,2025,211,,Oracle Corporation Common Stock,Oracle Corporation Common Stock,ORCL,ORCL,ST,S,2025-05-12,2025-05-15,15001.0,50000.0,,"$15,001 - $50,000",valid_range,New,CRT - Standard Unit Trust,,Account Closing,,29,29,table,False,False,,False,0,False,False,100,True,30,False,https://disclosures-clerk.house.gov/public_disc/ptr-pdfs/2025/20030387.pdf,,,,Oracle Corporation Common Stock (ORCL) [ST] Filing Status: New Subholding Of: CRT - Standard Unit Tru Description: Account Closing,Oracle Corporation Common Stock (ORCL) [ST],S ust,05/12/2025,05/15/2025,"$15,001 - $50,000",,"Oracle Corporation Common Stock (ORCL) [ST] S 05/12/2025 05/15/2025 $15,001 - $50,000 Filing Status: New Subholding Of: CRT - Standard Unit Trust Description: Account Closing",,,False,100,ORCL,accepted,house_ptr_structure+v8_1,False,False,False,05/12/2025,False,,valid_range
20030387,Hon. Jefferson Shreve,Member,IN06,20030387.pdf,2025,212,,Oracle Corporation Common Stock,Oracle Corporation Common Stock,ORCL,ORCL,ST,P,2025-05-08,2025-05-15,15001.0,50000.0,,"$15,001 - $50,000",valid_range,New,CRT - Standard Unit Trust,,Portfolio Rebalance,,29,29,table,False,False,,False,0,False,True,100,True,30,False,https://disclosures-clerk.house.gov/public_disc/ptr-pdfs/2025/20030387.pdf,,,,Oracle Corporation Common Stock (ORCL) [ST],Oracle Corporation Common Stock (ORCL) [ST],P,05/08/2025,05/15/2025,"$15,001 - $50,000",Filing Status: New Subholding Of: CRT - Standard Unit Trust Description: Portfolio Rebalance,"Oracle Corporation Common Stock (ORCL) [ST] P 05/08/2025 05/15/2025 $15,001 - $50,000 Filing Status: New Subholding Of: CRT - Standard Unit Trust Description: Portfolio Rebalance",,,False,100,ORCL,accepted,house_ptr_structure+v8_1,False,False,False,05/08/2025,False,,valid_range
20030387,Hon. Jefferson Shreve,Member,IN06,20030387.pdf,2025,213,,Oregon St 5.0000 2028-12-01,Oregon St 5.0000 2028-12-01,,,GS,S,2025-05-13,2025-05-15,15001.0,50000.0,,"$15,001 - $50,000",valid_range,New,CRT - Standard Unit Trust,,Account Closing,,29,29,table,False,False,,False,0,False,False,100,True,30,False,https://disclosures-clerk.house.gov/public_disc/ptr-pdfs/2025/20030387.pdf,,,,Oregon St 5.0000 2028-12-01 [GS] Filing Status: New Subholding Of: CRT - Standard Unit Tru Description: Account Closing,Oregon St 5.0000 2028-12-01 [GS],S ust,05/13/2025,05/15/2025,"$15,001 - $50,000",,"Oregon St 5.0000 2028-12-01 [GS] S 05/13/2025 05/15/2025 $15,001 - $50,000 Filing Status: New Subholding Of: CRT - Standard Unit Trust Description: Account Closing",,,False,100,,not_applicable,,False,False,False,05/13/2025,False,,valid_range
20030387,Hon. Jefferson Shreve,Member,IN06,20030387.pdf,2025,214,,Oviedo FLA Util Rev 5.0000 2032-10- 01,Oviedo FLA Util Rev 5.0000 2032-10- 01,,,GS,S,2025-05-13,2025-05-15,1001.0,15000.0,,"$1,001 - $15,000",valid_range,New,CRT - Standard Unit Trust,,Account Closing,,29,29,table,False,False,,False,0,False,True,100,True,30,False,https://disclosures-clerk.house.gov/public_disc/ptr-pdfs/2025/20030387.pdf,,,,Oviedo FLA Util Rev 5.0000 2032-10- 01 [GS],Oviedo FLA Util Rev 5.0000 2032-10- 01 [GS],S,05/13/2025,05/15/2025,"$1,001 - $15,000",Filing Status: New Subholding Of: CRT - Standard Unit Trust Description: Account Closing,"Oviedo FLA Util Rev 5.0000 2032-10- 01 [GS] S 05/13/2025 05/15/2025 $1,001 - $15,000 Filing Status: New Subholding Of: CRT - Standard Unit Trust Description: Account Closing",,,False,100,,not_applicable,,False,False,False,05/13/2025,False,,valid_range
20030387,Hon. Jefferson Shreve,Member,IN06,20030387.pdf,2025,215,,Palantir Technologies Inc. - Class A Common Stock,Palantir Technologies Inc. - Class A Common Stock,PLTR,PLTR,ST,S,2025-05-12,2025-05-15,50001.0,100000.0,,"$50,001 - $100,000",valid_range,New,CRT - Standard Unit Trust,,Account Closing,,29,29,table,False,False,,False,0,False,False,100,True,30,False,https://disclosures-clerk.house.gov/public_disc/ptr-pdfs/2025/20030387.pdf,,,,Palantir Technologies Inc. - Class A Common Stock (PLTR) [ST] Filing Status: New Subholding Of: CRT - Standard Unit Tru Description: Account Closing,Palantir Technologies Inc. - Class A Common Stock (PLTR) [ST],S ust,05/12/2025,05/15/2025,"$50,001 - $100,000",,"Palantir Technologies Inc. - Class A Common Stock (PLTR) [ST] S 05/12/2025 05/15/2025 $50,001 - $100,000 Filing Status: New Subholding Of: CRT - Standard Unit Trust Description: Account Closing",,,False,100,PLTR,accepted,house_ptr_structure+v8_1,False,False,False,05/12/2025,False,,valid_range
20030387,Hon. Jefferson Shreve,Member,IN06,20030387.pdf,2025,216,,"Palo Alto Networks, Inc.","Palo Alto Networks, Inc.",PANW,PANW,ST,P,2025-05-08,2025-05-15,15001.0,50000.0,,"$15,001 - $50,000",valid_range,New,CRT - Standard Unit Trust,,Portfolio Rebalance,,30,30,table,False,False,,False,0,False,True,100,True,30,False,https://disclosures-clerk.house.gov/public_disc/ptr-pdfs/2025/20030387.pdf,,,,"Palo Alto Networks, Inc. (PANW) [ST]","Palo Alto Networks, Inc. (PANW) [ST]",P,05/08/2025,05/15/2025,"$15,001 - $50,000",Filing Status: New Subholding Of: CRT - Standard Unit Trust Description: Portfolio Rebalance,"Palo Alto Networks, Inc. (PANW) [ST] P 05/08/2025 05/15/2025 $15,001 - $50,000 Filing Status: New Subholding Of: CRT - Standard Unit Trust Description: Portfolio Rebalance",,,False,100,PANW,accepted,house_ptr_structure+v8_1,False,False,False,05/08/2025,False,,valid_range
20030387,Hon. Jefferson Shreve,Member,IN06,20030387.pdf,2025,217,,"Palo Alto Networks, Inc.","Palo Alto Networks, Inc.",PANW,PANW,ST,S,2025-05-12,2025-05-15,15001.0,50000.0,,"$15,001 - $50,000",valid_range,New,CRT - Standard Unit Trust,,Account Closing,,30,30,table,False,False,,False,0,False,False,100,True,30,False,https://disclosures-clerk.house.gov/public_disc/ptr-pdfs/2025/20030387.pdf,,,,"Palo Alto Networks, Inc. (PANW) [ST] Filing Status: New Subholding Of: CRT - Standard Unit Tru Description: Account Closing","Palo Alto Networks, Inc. (PANW) [ST]",S ust,05/12/2025,05/15/2025,"$15,001 - $50,000",,"Palo Alto Networks, Inc. (PANW) [ST] S 05/12/2025 05/15/2025 $15,001 - $50,000 Filing Status: New Subholding Of: CRT - Standard Unit Trust Description: Account Closing",,,False,100,PANW,accepted,house_ptr_structure+v8_1,False,False,False,05/12/2025,False,,valid_range
20030387,Hon. Jefferson Shreve,Member,IN06,20030387.pdf,2025,218,,"PayPal Holdings, Inc. - Common Stock","PayPal Holdings, Inc. - Common Stock",PYPL,PYPL,ST,S,2025-05-12,2025-05-15,15001.0,50000.0,,"$15,001 - $50,000",valid_range,New,CRT - Standard Unit Trust,,Account Closing,,30,30,table,False,False,,False,0,False,True,100,True,30,False,https://disclosures-clerk.house.gov/public_disc/ptr-pdfs/2025/20030387.pdf,,,,"PayPal Holdings, Inc. - Common Stock (PYPL) [ST]","PayPal Holdings, Inc. - Common Stock (PYPL) [ST]",S,05/12/2025,05/15/2025,"$15,001 - $50,000",Filing Status: New Subholding Of: CRT - Standard Unit Trust Description: Account Closing,"PayPal Holdings, Inc. - Common Stock (PYPL) [ST] S 05/12/2025 05/15/2025 $15,001 - $50,000 Filing Status: New Subholding Of: CRT - Standard Unit Trust Description: Account Closing",,,False,100,PYPL,accepted,house_ptr_structure+v8_1,False,False,False,05/12/2025,False,,valid_range
20030387,Hon. Jefferson Shreve,Member,IN06,20030387.pdf,2025,219,,"Pepsico, Inc.","Pepsico, Inc.",PEP,PEP,ST,S,2025-05-12,2025-05-15,15001.0,50000.0,,"$15,001 - $50,000",valid_range,New,CRT - Standard Unit Trust,,Account Closing,,30,30,table,False,False,,False,0,False,False,100,True,30,False,https://disclosures-clerk.house.gov/public_disc/ptr-pdfs/2025/20030387.pdf,,,,"Pepsico, Inc. (PEP) [ST] Filing Status: New Subholding Of: CRT - Standard Unit Tru Description: Account Closing","Pepsico, Inc. (PEP) [ST]",S ust,05/12/2025,05/15/2025,"$15,001 - $50,000",,"Pepsico, Inc. (PEP) [ST] S 05/12/2025 05/15/2025 $15,001 - $50,000 Filing Status: New Subholding Of: CRT - Standard Unit Trust Description: Account Closing",,,False,100,PEP,accepted,house_ptr_structure+v8_1,False,False,False,05/12/2025,False,,valid_range
20030387,Hon. Jefferson Shreve,Member,IN06,20030387.pdf,2025,220,,Philip Morris International Inc Common Stock,Philip Morris International Inc Common Stock,PM,PM,ST,S,2025-05-12,2025-05-15,100001.0,250000.0,,"$100,001 - $250,000",valid_range,New,CRT - Standard Unit Trust,,Account Closing,,30,30,table,False,False,,False,0,False,True,100,True,30,False,https://disclosures-clerk.house.gov/public_disc/ptr-pdfs/2025/20030387.pdf,,,,Philip Morris International Inc Common Stock (PM) [ST],Philip Morris International Inc Common Stock (PM) [ST],S,05/12/2025,05/15/2025,"$100,001 - $250,000",Filing Status: New Subholding Of: CRT - Standard Unit Trust Description: Account Closing,"Philip Morris International Inc Common Stock (PM) [ST] S 05/12/2025 05/15/2025 $100,001 - $250,000 Filing Status: New Subholding Of: CRT - Standard Unit Trust Description: Account Closing",,,False,100,PM,accepted,house_ptr_structure+v8_1,False,False,False,05/12/2025,False,,valid_range
20030387,Hon. Jefferson Shreve,Member,IN06,20030387.pdf,2025,221,,Phillips 66 Common Stock,Phillips 66 Common Stock,PSX,PSX,ST,S,2025-05-12,2025-05-15,15001.0,50000.0,,"$15,001 - $50,000",valid_range,New,CRT - Standard Unit Trust,,Account Closing,,30,30,table,False,False,,False,0,False,False,100,True,30,False,https://disclosures-clerk.house.gov/public_disc/ptr-pdfs/2025/20030387.pdf,,,,Phillips 66 Common Stock (PSX) [ST] Filing Status: New Subholding Of: CRT - Standard Unit Tru Description: Account Closing,Phillips 66 Common Stock (PSX) [ST],S ust,05/12/2025,05/15/2025,"$15,001 - $50,000",,"Phillips 66 Common Stock (PSX) [ST] S 05/12/2025 05/15/2025 $15,001 - $50,000 Filing Status: New Subholding Of: CRT - Standard Unit Trust Description: Account Closing",,,False,100,PSX,accepted,house_ptr_structure+v8_1,False,False,False,05/12/2025,False,,valid_range
20030387,Hon. Jefferson Shreve,Member,IN06,20030387.pdf,2025,222,,Pierce Cnty Wash Dist No 010 Tacoma 5.000 2025-12-01,Pierce Cnty Wash Dist No 010 Tacoma 5.000 2025-12-01,,,GS,S,2025-05-13,2025-05-15,15001.0,50000.0,,"$15,001 - $50,000",valid_range,New,CRT - Standard Unit Trust,,Account Closing,,30,30,table,False,False,,False,0,False,True,100,True,30,False,https://disclosures-clerk.house.gov/public_disc/ptr-pdfs/2025/20030387.pdf,,,,Pierce Cnty Wash Dist No 010 Tacoma 5.000 2025-12-01 [GS],Pierce Cnty Wash Dist No 010 Tacoma 5.000 2025-12-01 [GS],S,05/13/2025,05/15/2025,"$15,001 - $50,000",Filing Status: New Subholding Of: CRT - Standard Unit Trust Description: Account Closing,"Pierce Cnty Wash Dist No 010 Tacoma 5.000 2025-12-01 [GS] S 05/13/2025 05/15/2025 $15,001 - $50,000 Filing Status: New Subholding Of: CRT - Standard Unit Trust Description: Account Closing",,,False,100,,not_applicable,,False,False,False,05/13/2025,False,,valid_range
20030387,Hon. Jefferson Shreve,Member,IN06,20030387.pdf,2025,223,,Plano Tex Indpt Sch Dist 5.0000 2032-02-15,Plano Tex Indpt Sch Dist 5.0000 2032-02-15,,,GS,S,2025-05-13,2025-05-15,15001.0,50000.0,,"$15,001 - $50,000",valid_range,New,CRT - Standard Unit Trust,,Account Closing,,30,31,table,False,False,,True,0,False,False,98,True,30,False,https://disclosures-clerk.house.gov/public_disc/ptr-pdfs/2025/20030387.pdf,,,,Plano Tex Indpt Sch Dist 5.0000 2032-02-15 [GS],Plano Tex Indpt Sch Dist 5.0000 2032-02-15 [GS],S,05/13/2025,05/15/2025,"$15,001 - $50,000",Filing Status: New Subholding Of: CRT - Standard Unit Trust Description: Account Closing,"Plano Tex Indpt Sch Dist 5.0000 2032-02-15 [GS] S 05/13/2025 05/15/2025 $15,001 - $50,000 Filing Status: New Subholding Of: CRT - Standard Unit Trust Description: Account Closing",,,False,98,,not_applicable,,False,False,False,05/13/2025,False,,valid_range
20030387,Hon. Jefferson Shreve,Member,IN06,20030387.pdf,2025,224,,PNC Finl Svc 6.875 10/20/34 '33 FRN,PNC Finl Svc 6.875 10/20/34 '33 FRN,,,CS,S,2025-05-13,2025-05-15,50001.0,100000.0,,"$50,001 - $100,000",valid_range,New,CRT - Standard Unit Trust,,Account Closing,,31,31,table,False,False,,False,0,False,True,100,True,30,False,https://disclosures-clerk.house.gov/public_disc/ptr-pdfs/2025/20030387.pdf,,,,PNC Finl Svc 6.875 10/20/34 '33 FRN [CS],PNC Finl Svc 6.875 10/20/34 '33 FRN [CS],S,05/13/2025,05/15/2025,"$50,001 - $100,000",Filing Status: New Subholding Of: CRT - Standard Unit Trust Description: Account Closing,"PNC Finl Svc 6.875 10/20/34 '33 FRN [CS] S 05/13/2025 05/15/2025 $50,001 - $100,000 Filing Status: New Subholding Of: CRT - Standard Unit Trust Description: Account Closing",,,False,100,,not_applicable,,False,False,False,05/13/2025,False,,valid_range
20030387,Hon. Jefferson Shreve,Member,IN06,20030387.pdf,2025,225,,Port Tacoma Wash Rev 4.0000 2025- 12-01,Port Tacoma Wash Rev 4.0000 2025- 12-01,,,GS,S,2025-05-13,2025-05-15,1001.0,15000.0,,"$1,001 - $15,000",valid_range,New,CRT - Standard Unit Trust,,Account Closing,,31,31,table,False,False,,False,0,False,False,100,True,30,False,https://disclosures-clerk.house.gov/public_disc/ptr-pdfs/2025/20030387.pdf,,,,Port Tacoma Wash Rev 4.0000 2025- 12-01 [GS] Filing Status: New Subholding Of: CRT - Standard Unit Tru Description: Account Closing,Port Tacoma Wash Rev 4.0000 2025- 12-01 [GS],S ust,05/13/2025,05/15/2025,"$1,001 - $15,000",,"Port Tacoma Wash Rev 4.0000 2025- 12-01 [GS] S 05/13/2025 05/15/2025 $1,001 - $15,000 Filing Status: New Subholding Of: CRT - Standard Unit Trust Description: Account Closing",,,False,100,,not_applicable,,False,False,False,05/13/2025,False,,valid_range
20030387,Hon. Jefferson Shreve,Member,IN06,20030387.pdf,2025,226,,"Primerica, Inc. Common Stock","Primerica, Inc. Common Stock",PRI,PRI,ST,S,2025-05-12,2025-05-15,15001.0,50000.0,,"$15,001 - $50,000",valid_range,New,CRT - Standard Unit Trust,,Account Closing,,31,31,table,False,False,,False,0,False,True,100,True,30,False,https://disclosures-clerk.house.gov/public_disc/ptr-pdfs/2025/20030387.pdf,,,,"Primerica, Inc. Common Stock (PRI) [ST]","Primerica, Inc. Common Stock (PRI) [ST]",S,05/12/2025,05/15/2025,"$15,001 - $50,000",Filing Status: New Subholding Of: CRT - Standard Unit Trust Description: Account Closing,"Primerica, Inc. Common Stock (PRI) [ST] S 05/12/2025 05/15/2025 $15,001 - $50,000 Filing Status: New Subholding Of: CRT - Standard Unit Trust Description: Account Closing",,,False,100,PRI,accepted,house_ptr_structure+v8_1,False,False,False,05/12/2025,False,,valid_range
20030387,Hon. Jefferson Shreve,Member,IN06,20030387.pdf,2025,227,,Procter & Gamble Company,Procter & Gamble Company,PG,PG,ST,S,2025-05-12,2025-05-15,50001.0,100000.0,,"$50,001 - $100,000",valid_range,New,CRT - Standard Unit Trust,,Account Closing,,31,31,table,False,False,,False,0,False,False,100,True,30,False,https://disclosures-clerk.house.gov/public_disc/ptr-pdfs/2025/20030387.pdf,,,,Procter & Gamble Company (PG) [ST] Filing Status: New Subholding Of: CRT - Standard Unit Tru Description: Account Closing,Procter & Gamble Company (PG) [ST],S ust,05/12/2025,05/15/2025,"$50,001 - $100,000",,"Procter & Gamble Company (PG) [ST] S 05/12/2025 05/15/2025 $50,001 - $100,000 Filing Status: New Subholding Of: CRT - Standard Unit Trust Description: Account Closing",,,False,100,PG,accepted,house_ptr_structure+v8_1,False,False,False,05/12/2025,False,,valid_range
20030387,Hon. Jefferson Shreve,Member,IN06,20030387.pdf,2025,228,,Progressive Corporation,Progressive Corporation,PGR,PGR,ST,S,2025-05-12,2025-05-15,50001.0,100000.0,,"$50,001 - $100,000",valid_range,New,CRT - Standard Unit Trust,,Account Closing,,31,31,table,False,False,,False,0,False,True,100,True,30,False,https://disclosures-clerk.house.gov/public_disc/ptr-pdfs/2025/20030387.pdf,,,,Progressive Corporation (PGR) [ST],Progressive Corporation (PGR) [ST],S,05/12/2025,05/15/2025,"$50,001 - $100,000",Filing Status: New Subholding Of: CRT - Standard Unit Trust Description: Account Closing,"Progressive Corporation (PGR) [ST] S 05/12/2025 05/15/2025 $50,001 - $100,000 Filing Status: New Subholding Of: CRT - Standard Unit Trust Description: Account Closing",,,False,100,PGR,accepted,house_ptr_structure+v8_1,False,False,False,05/12/2025,False,,valid_range
20030387,Hon. Jefferson Shreve,Member,IN06,20030387.pdf,2025,229,,"Prudential Financial, Inc. Common Stock","Prudential Financial, Inc. Common Stock",PRU,PRU,ST,S,2025-05-12,2025-05-15,15001.0,50000.0,,"$15,001 - $50,000",valid_range,New,CRT - Standard Unit Trust,,Account Closing,,31,31,table,False,False,,False,0,False,False,100,True,30,False,https://disclosures-clerk.house.gov/public_disc/ptr-pdfs/2025/20030387.pdf,,,,"Prudential Financial, Inc. Common Stock (PRU) [ST] Filing Status: New Subholding Of: CRT - Standard Unit Tru Description: Account Closing","Prudential Financial, Inc. Common Stock (PRU) [ST]",S ust,05/12/2025,05/15/2025,"$15,001 - $50,000",,"Prudential Financial, Inc. Common Stock (PRU) [ST] S 05/12/2025 05/15/2025 $15,001 - $50,000 Filing Status: New Subholding Of: CRT - Standard Unit Trust Description: Account Closing",,,False,100,PRU,accepted,house_ptr_structure+v8_1,False,False,False,05/12/2025,False,,valid_range
20030387,Hon. Jefferson Shreve,Member,IN06,20030387.pdf,2025,230,,"PulteGroup, Inc. Common Stock","PulteGroup, Inc. Common Stock",PHM,PHM,ST,S,2025-05-12,2025-05-15,15001.0,50000.0,,"$15,001 - $50,000",valid_range,New,CRT - Standard Unit Trust,,Account Closing,,31,31,table,False,False,,False,0,False,True,100,True,30,False,https://disclosures-clerk.house.gov/public_disc/ptr-pdfs/2025/20030387.pdf,,,,"PulteGroup, Inc. Common Stock (PHM) [ST]","PulteGroup, Inc. Common Stock (PHM) [ST]",S,05/12/2025,05/15/2025,"$15,001 - $50,000",Filing Status: New Subholding Of: CRT - Standard Unit Trust Description: Account Closing,"PulteGroup, Inc. Common Stock (PHM) [ST] S 05/12/2025 05/15/2025 $15,001 - $50,000 Filing Status: New Subholding Of: CRT - Standard Unit Trust Description: Account Closing",,,False,100,PHM,accepted,house_ptr_structure+v8_1,False,False,False,05/12/2025,False,,valid_range
20030387,Hon. Jefferson Shreve,Member,IN06,20030387.pdf,2025,231,,"Quanta Services, Inc. Common Stock","Quanta Services, Inc. Common Stock",PWR,PWR,ST,S,2025-05-12,2025-05-15,50001.0,100000.0,,"$50,001 - $100,000",valid_range,New,CRT - Standard Unit Trust,,Account Closing,,32,32,table,False,False,,False,0,False,False,100,True,30,False,https://disclosures-clerk.house.gov/public_disc/ptr-pdfs/2025/20030387.pdf,,,,"Quanta Services, Inc. Common Stock (PWR) [ST] Filing Status: New Subholding Of: CRT - Standard Unit Tru Description: Account Closing","Quanta Services, Inc. Common Stock (PWR) [ST]",S ust,05/12/2025,05/15/2025,"$50,001 - $100,000",,"Quanta Services, Inc. Common Stock (PWR) [ST] S 05/12/2025 05/15/2025 $50,001 - $100,000 Filing Status: New Subholding Of: CRT - Standard Unit Trust Description: Account Closing",,,False,100,PWR,accepted,house_ptr_structure+v8_1,False,False,False,05/12/2025,False,,valid_range
20030387,Hon. Jefferson Shreve,Member,IN06,20030387.pdf,2025,232,,"Rapid7, Inc. - Common Stock","Rapid7, Inc. - Common Stock",RPD,RPD,ST,S,2025-05-12,2025-05-15,15001.0,50000.0,,"$15,001 - $50,000",valid_range,New,CRT - Standard Unit Trust,,Account Closing,,32,32,table,False,False,,False,0,False,True,100,True,30,False,https://disclosures-clerk.house.gov/public_disc/ptr-pdfs/2025/20030387.pdf,,,,"Rapid7, Inc. - Common Stock (RPD) [ST]","Rapid7, Inc. - Common Stock (RPD) [ST]",S,05/12/2025,05/15/2025,"$15,001 - $50,000",Filing Status: New Subholding Of: CRT - Standard Unit Trust Description: Account Closing,"Rapid7, Inc. - Common Stock (RPD) [ST] S 05/12/2025 05/15/2025 $15,001 - $50,000 Filing Status: New Subholding Of: CRT - Standard Unit Trust Description: Account Closing",,,False,100,RPD,accepted,house_ptr_structure+v8_1,False,False,False,05/12/2025,False,,valid_range
20030387,Hon. Jefferson Shreve,Member,IN06,20030387.pdf,2025,233,,Realty Income Corporation Common Stock,Realty Income Corporation Common Stock,O,O,ST,S,2025-05-12,2025-05-15,50001.0,100000.0,,"$50,001 - $100,000",valid_range,New,CRT - Standard Unit Trust,,Account Closing,,32,32,table,False,False,,False,0,False,False,100,True,30,False,https://disclosures-clerk.house.gov/public_disc/ptr-pdfs/2025/20030387.pdf,,,,Realty Income Corporation Common Stock (O) [ST] Filing Status: New Subholding Of: CRT - Standard Unit Tru Description: Account Closing,Realty Income Corporation Common Stock (O) [ST],S ust,05/12/2025,05/15/2025,"$50,001 - $100,000",,"Realty Income Corporation Common Stock (O) [ST] S 05/12/2025 05/15/2025 $50,001 - $100,000 Filing Status: New Subholding Of: CRT - Standard Unit Trust Description: Account Closing",,,False,100,O,accepted,house_ptr_structure+v8_1,False,False,False,05/12/2025,False,,valid_range
20030387,Hon. Jefferson Shreve,Member,IN06,20030387.pdf,2025,234,,RLI Corp. Common Stock,RLI Corp. Common Stock,RLI,RLI,ST,S,2025-05-12,2025-05-15,15001.0,50000.0,,"$15,001 - $50,000",valid_range,New,CRT - Standard Unit Trust,,Account Closing,,32,32,table,False,False,,False,0,False,True,100,True,30,False,https://disclosures-clerk.house.gov/public_disc/ptr-pdfs/2025/20030387.pdf,,,,RLI Corp. Common Stock (RLI) [ST],RLI Corp. Common Stock (RLI) [ST],S,05/12/2025,05/15/2025,"$15,001 - $50,000",Filing Status: New Subholding Of: CRT - Standard Unit Trust Description: Account Closing,"RLI Corp. Common Stock (RLI) [ST] S 05/12/2025 05/15/2025 $15,001 - $50,000 Filing Status: New Subholding Of: CRT - Standard Unit Trust Description: Account Closing",,,False,100,RLI,accepted,house_ptr_structure+v8_1,False,False,False,05/12/2025,False,,valid_range
20030387,Hon. Jefferson Shreve,Member,IN06,20030387.pdf,2025,235,,"Ross Stores, Inc. - Common Stock","Ross Stores, Inc. - Common Stock",ROST,ROST,ST,S,2025-05-12,2025-05-15,15001.0,50000.0,,"$15,001 - $50,000",valid_range,New,CRT - Standard Unit Trust,,Account Closing,,32,32,table,False,False,,False,0,False,False,100,True,30,False,https://disclosures-clerk.house.gov/public_disc/ptr-pdfs/2025/20030387.pdf,,,,"Ross Stores, Inc. - Common Stock (ROST) [ST] Filing Status: New Subholding Of: CRT - Standard Unit Tru Description: Account Closing","Ross Stores, Inc. - Common Stock (ROST) [ST]",S ust,05/12/2025,05/15/2025,"$15,001 - $50,000",,"Ross Stores, Inc. - Common Stock (ROST) [ST] S 05/12/2025 05/15/2025 $15,001 - $50,000 Filing Status: New Subholding Of: CRT - Standard Unit Trust Description: Account Closing",,,False,100,ROST,accepted,house_ptr_structure+v8_1,False,False,False,05/12/2025,False,,valid_range
20030387,Hon. Jefferson Shreve,Member,IN06,20030387.pdf,2025,236,,Royal Caribbean Cruises Ltd. Common Stock,Royal Caribbean Cruises Ltd. Common Stock,RCL,RCL,ST,S,2025-05-12,2025-05-15,50001.0,100000.0,,"$50,001 - $100,000",valid_range,New,CRT - Standard Unit Trust,,Account Closing,,32,32,table,False,False,,False,0,False,True,100,True,30,False,https://disclosures-clerk.house.gov/public_disc/ptr-pdfs/2025/20030387.pdf,,,,Royal Caribbean Cruises Ltd. Common Stock (RCL) [ST],Royal Caribbean Cruises Ltd. Common Stock (RCL) [ST],S,05/12/2025,05/15/2025,"$50,001 - $100,000",Filing Status: New Subholding Of: CRT - Standard Unit Trust Description: Account Closing,"Royal Caribbean Cruises Ltd. Common Stock (RCL) [ST] S 05/12/2025 05/15/2025 $50,001 - $100,000 Filing Status: New Subholding Of: CRT - Standard Unit Trust Description: Account Closing",,,False,100,RCL,accepted,house_ptr_structure+v8_1,False,False,False,05/12/2025,False,,valid_range
20030387,Hon. Jefferson Shreve,Member,IN06,20030387.pdf,2025,237,,"Royal Gold, Inc. - Common Stock","Royal Gold, Inc. - Common Stock",RGLD,RGLD,ST,S,2025-05-12,2025-05-15,50001.0,100000.0,,"$50,001 - $100,000",valid_range,New,CRT - Standard Unit Trust,,Account Closing,,32,32,table,False,False,,False,0,False,False,100,True,30,False,https://disclosures-clerk.house.gov/public_disc/ptr-pdfs/2025/20030387.pdf,,,,"Royal Gold, Inc. - Common Stock (RGLD) [ST] Filing Status: New Subholding Of: CRT - Standard Unit Tru Description: Account Closing","Royal Gold, Inc. - Common Stock (RGLD) [ST]",S ust,05/12/2025,05/15/2025,"$50,001 - $100,000",,"Royal Gold, Inc. - Common Stock (RGLD) [ST] S 05/12/2025 05/15/2025 $50,001 - $100,000 Filing Status: New Subholding Of: CRT - Standard Unit Trust Description: Account Closing",,,False,100,RGLD,accepted,house_ptr_structure+v8_1,False,False,False,05/12/2025,False,,valid_range
20030387,Hon. Jefferson Shreve,Member,IN06,20030387.pdf,2025,238,,RTX Corporation Common Stock,RTX Corporation Common Stock,RTX,RTX,ST,S,2025-05-12,2025-05-15,15001.0,50000.0,,"$15,001 - $50,000",valid_range,New $200?,CRT - Standard Unit Trust,,Account Closing,,32,33,table,False,False,,True,0,False,True,98,True,30,False,https://disclosures-clerk.house.gov/public_disc/ptr-pdfs/2025/20030387.pdf,,,,RTX Corporation Common Stock (RTX) [ST],RTX Corporation Common Stock (RTX) [ST],S,05/12/2025,05/15/2025,"$15,001 - $50,000",Filing Status: New $200? Subholding Of: CRT - Standard Unit Trust Description: Account Closing,"RTX Corporation Common Stock (RTX) [ST] S 05/12/2025 05/15/2025 $15,001 - $50,000 Filing Status: New $200? Subholding Of: CRT - Standard Unit Trust Description: Account Closing",,,False,98,RTX,accepted,house_ptr_structure+v8_1,False,False,False,05/12/2025,False,,valid_range
20030387,Hon. Jefferson Shreve,Member,IN06,20030387.pdf,2025,239,,"Rush Enterprises, Inc. - Class B Common Stock","Rush Enterprises, Inc. - Class B Common Stock",RUSHB,RUSHB,ST,S,2025-05-12,2025-05-15,50001.0,100000.0,,"$50,001 - $100,000",valid_range,New,CRT - Standard Unit Trust,,Account Closing,,33,33,table,False,False,,False,0,False,False,100,True,30,False,https://disclosures-clerk.house.gov/public_disc/ptr-pdfs/2025/20030387.pdf,,,,"Rush Enterprises, Inc. - Class B Common Stock (RUSHB) [ST] Filing Status: New Subholding Of: CRT - Standard Unit Tru Description: Account Closing","Rush Enterprises, Inc. - Class B Common Stock (RUSHB) [ST]",S ust,05/12/2025,05/15/2025,"$50,001 - $100,000",,"Rush Enterprises, Inc. - Class B Common Stock (RUSHB) [ST] S 05/12/2025 05/15/2025 $50,001 - $100,000 Filing Status: New Subholding Of: CRT - Standard Unit Trust Description: Account Closing",,,False,100,RUSHB,accepted,house_ptr_structure+v8_1,False,False,False,05/12/2025,False,,valid_range
20030387,Hon. Jefferson Shreve,Member,IN06,20030387.pdf,2025,240,,S&P Global Inc. Common Stock,S&P Global Inc. Common Stock,SPGI,SPGI,ST,S,2025-05-12,2025-05-15,50001.0,100000.0,,"$50,001 - $100,000",valid_range,New,CRT - Standard Unit Trust,,Account Closing,,33,33,table,False,False,,False,0,False,True,100,True,30,False,https://disclosures-clerk.house.gov/public_disc/ptr-pdfs/2025/20030387.pdf,,,,S&P Global Inc. Common Stock (SPGI) [ST],S&P Global Inc. Common Stock (SPGI) [ST],S,05/12/2025,05/15/2025,"$50,001 - $100,000",Filing Status: New Subholding Of: CRT - Standard Unit Trust Description: Account Closing,"S&P Global Inc. Common Stock (SPGI) [ST] S 05/12/2025 05/15/2025 $50,001 - $100,000 Filing Status: New Subholding Of: CRT - Standard Unit Trust Description: Account Closing",,,False,100,SPGI,accepted,house_ptr_structure+v8_1,False,False,False,05/12/2025,False,,valid_range
20030387,Hon. Jefferson Shreve,Member,IN06,20030387.pdf,2025,241,,"Salesforce, Inc. Common Stock","Salesforce, Inc. Common Stock",CRM,CRM,ST,S,2025-05-12,2025-05-15,15001.0,50000.0,,"$15,001 - $50,000",valid_range,New,CRT - Standard Unit Trust,,Account Closing,,33,33,table,False,False,,False,0,False,False,100,True,30,False,https://disclosures-clerk.house.gov/public_disc/ptr-pdfs/2025/20030387.pdf,,,,"Salesforce, Inc. Common Stock (CRM) [ST] Filing Status: New Subholding Of: CRT - Standard Unit Tru Description: Account Closing","Salesforce, Inc. Common Stock (CRM) [ST]",S ust,05/12/2025,05/15/2025,"$15,001 - $50,000",,"Salesforce, Inc. Common Stock (CRM) [ST] S 05/12/2025 05/15/2025 $15,001 - $50,000 Filing Status: New Subholding Of: CRT - Standard Unit Trust Description: Account Closing",,,False,100,CRM,accepted,house_ptr_structure+v8_1,False,False,False,05/12/2025,False,,valid_range
20030387,Hon. Jefferson Shreve,Member,IN06,20030387.pdf,2025,242,,"Salesforce, Inc. Common Stock","Salesforce, Inc. Common Stock",CRM,CRM,ST,P,2025-05-08,2025-05-15,15001.0,50000.0,,"$15,001 - $50,000",valid_range,New,CRT - Standard Unit Trust,,Portfolio Rebalance,,33,33,table,False,False,,False,0,False,True,100,True,30,False,https://disclosures-clerk.house.gov/public_disc/ptr-pdfs/2025/20030387.pdf,,,,"Salesforce, Inc. Common Stock (CRM) [ST]","Salesforce, Inc. Common Stock (CRM) [ST]",P,05/08/2025,05/15/2025,"$15,001 - $50,000",Filing Status: New Subholding Of: CRT - Standard Unit Trust Description: Portfolio Rebalance,"Salesforce, Inc. Common Stock (CRM) [ST] P 05/08/2025 05/15/2025 $15,001 - $50,000 Filing Status: New Subholding Of: CRT - Standard Unit Trust Description: Portfolio Rebalance",,,False,100,CRM,accepted,house_ptr_structure+v8_1,False,False,False,05/08/2025,False,,valid_range
20030387,Hon. Jefferson Shreve,Member,IN06,20030387.pdf,2025,243,,SBA Communications Corporation - Class A Common Stock,SBA Communications Corporation - Class A Common Stock,SBAC,SBAC,ST,S,2025-05-12,2025-05-15,50001.0,100000.0,,"$50,001 - $100,000",valid_range,New,CRT - Standard Unit Trust,,Account Closing,,33,33,table,False,False,,False,0,False,False,100,True,30,False,https://disclosures-clerk.house.gov/public_disc/ptr-pdfs/2025/20030387.pdf,,,,SBA Communications Corporation - Class A Common Stock (SBAC) [ST] Filing Status: New Subholding Of: CRT - Standard Unit Tru Description: Account Closing,SBA Communications Corporation - Class A Common Stock (SBAC) [ST],S ust,05/12/2025,05/15/2025,"$50,001 - $100,000",,"SBA Communications Corporation - Class A Common Stock (SBAC) [ST] S 05/12/2025 05/15/2025 $50,001 - $100,000 Filing Status: New Subholding Of: CRT - Standard Unit Trust Description: Account Closing",,,False,100,SBAC,accepted,house_ptr_structure+v8_1,False,False,False,05/12/2025,False,,valid_range
20030387,Hon. Jefferson Shreve,Member,IN06,20030387.pdf,2025,244,,"Schneider National, Inc. Common Stock","Schneider National, Inc. Common Stock",SNDR,SNDR,ST,S,2025-05-12,2025-05-15,15001.0,50000.0,,"$15,001 - $50,000",valid_range,New,CRT - Standard Unit Trust,,Account Closing,,33,33,table,False,False,,False,0,False,True,100,True,30,False,https://disclosures-clerk.house.gov/public_disc/ptr-pdfs/2025/20030387.pdf,,,,"Schneider National, Inc. Common Stock (SNDR) [ST]","Schneider National, Inc. Common Stock (SNDR) [ST]",S,05/12/2025,05/15/2025,"$15,001 - $50,000",Filing Status: New Subholding Of: CRT - Standard Unit Trust Description: Account Closing,"Schneider National, Inc. Common Stock (SNDR) [ST] S 05/12/2025 05/15/2025 $15,001 - $50,000 Filing Status: New Subholding Of: CRT - Standard Unit Trust Description: Account Closing",,,False,100,SNDR,accepted,house_ptr_structure+v8_1,False,False,False,05/12/2025,False,,valid_range
20030387,Hon. Jefferson Shreve,Member,IN06,20030387.pdf,2025,245,,Sherman Tex 5.0000 2025-08-15,Sherman Tex 5.0000 2025-08-15,,,GS,S,2025-05-13,2025-05-15,1001.0,15000.0,,"$1,001 - $15,000",valid_range,New,CRT - Standard Unit Trust,,Account Closing,,33,33,table,False,False,,False,0,False,False,100,True,30,False,https://disclosures-clerk.house.gov/public_disc/ptr-pdfs/2025/20030387.pdf,,,,Sherman Tex 5.0000 2025-08-15 [GS] Filing Status: New Subholding Of: CRT - Standard Unit Tru Description: Account Closing,Sherman Tex 5.0000 2025-08-15 [GS],S ust,05/13/2025,05/15/2025,"$1,001 - $15,000",,"Sherman Tex 5.0000 2025-08-15 [GS] S 05/13/2025 05/15/2025 $1,001 - $15,000 Filing Status: New Subholding Of: CRT - Standard Unit Trust Description: Account Closing",,,False,100,,not_applicable,,False,False,False,05/13/2025,False,,valid_range
20030387,Hon. Jefferson Shreve,Member,IN06,20030387.pdf,2025,246,,Sherwin-Williams Company,Sherwin-Williams Company,SHW,SHW,ST,S,2025-05-12,2025-05-15,15001.0,50000.0,,"$15,001 - $50,000",valid_range,New,CRT - Standard Unit Trust,,Account Closing,,34,34,table,False,False,,False,0,False,True,100,True,30,False,https://disclosures-clerk.house.gov/public_disc/ptr-pdfs/2025/20030387.pdf,,,,Sherwin-Williams Company (SHW) [ST],Sherwin-Williams Company (SHW) [ST],S,05/12/2025,05/15/2025,"$15,001 - $50,000",Filing Status: New Subholding Of: CRT - Standard Unit Trust Description: Account Closing,"Sherwin-Williams Company (SHW) [ST] S 05/12/2025 05/15/2025 $15,001 - $50,000 Filing Status: New Subholding Of: CRT - Standard Unit Trust Description: Account Closing",,,False,100,SHW,accepted,house_ptr_structure+v8_1,False,False,False,05/12/2025,False,,valid_range
20030387,Hon. Jefferson Shreve,Member,IN06,20030387.pdf,2025,247,,Snowflake Inc. Class A Common Stock,Snowflake Inc. Class A Common Stock,SNOW,SNOW,ST,S,2025-05-12,2025-05-15,15001.0,50000.0,,"$15,001 - $50,000",valid_range,New,CRT - Standard Unit Trust,,Account Closing,,34,34,table,False,False,,False,0,False,False,100,True,30,False,https://disclosures-clerk.house.gov/public_disc/ptr-pdfs/2025/20030387.pdf,,,,Snowflake Inc. Class A Common Stock (SNOW) [ST] Filing Status: New Subholding Of: CRT - Standard Unit Tru Description: Account Closing,Snowflake Inc. Class A Common Stock (SNOW) [ST],S ust,05/12/2025,05/15/2025,"$15,001 - $50,000",,"Snowflake Inc. Class A Common Stock (SNOW) [ST] S 05/12/2025 05/15/2025 $15,001 - $50,000 Filing Status: New Subholding Of: CRT - Standard Unit Trust Description: Account Closing",,,False,100,SNOW,accepted,house_ptr_structure+v8_1,False,False,False,05/12/2025,False,,valid_range
20030387,Hon. Jefferson Shreve,Member,IN06,20030387.pdf,2025,248,,South Jordan Utah Sales Tax Rev 5.00 2028-8-15,South Jordan Utah Sales Tax Rev 5.00 2028-8-15,,,GS,S,2025-05-13,2025-05-15,1001.0,15000.0,,"$1,001 - $15,000",valid_range,New,CRT - Standard Unit Trust,,Account Closing,,34,34,table,False,False,,False,0,False,True,100,True,30,False,https://disclosures-clerk.house.gov/public_disc/ptr-pdfs/2025/20030387.pdf,,,,South Jordan Utah Sales Tax Rev 5.00 2028-8-15 [GS],South Jordan Utah Sales Tax Rev 5.00 2028-8-15 [GS],S,05/13/2025,05/15/2025,"$1,001 - $15,000",Filing Status: New Subholding Of: CRT - Standard Unit Trust Description: Account Closing,"South Jordan Utah Sales Tax Rev 5.00 2028-8-15 [GS] S 05/13/2025 05/15/2025 $1,001 - $15,000 Filing Status: New Subholding Of: CRT - Standard Unit Trust Description: Account Closing",,,False,100,,not_applicable,,False,False,False,05/13/2025,False,,valid_range
20030387,Hon. Jefferson Shreve,Member,IN06,20030387.pdf,2025,249,,Southwest Allen Ind Multi Sch Bldg Corp 5.0000 2029-07-15,Southwest Allen Ind Multi Sch Bldg Corp 5.0000 2029-07-15,,,GS,S,2025-05-13,2025-05-15,15001.0,50000.0,,"$15,001 - $50,000",valid_range,New,CRT - Standard Unit Trust,,Account Closing,,34,34,table,False,False,,False,0,False,False,100,True,30,False,https://disclosures-clerk.house.gov/public_disc/ptr-pdfs/2025/20030387.pdf,,,,Southwest Allen Ind Multi Sch Bldg Corp 5.0000 2029-07-15 [GS] Filing Status: New Subholding Of: CRT - Standard Unit Tru Description: Account Closing,Southwest Allen Ind Multi Sch Bldg Corp 5.0000 2029-07-15 [GS],S ust,05/13/2025,05/15/2025,"$15,001 - $50,000",,"Southwest Allen Ind Multi Sch Bldg Corp 5.0000 2029-07-15 [GS] S 05/13/2025 05/15/2025 $15,001 - $50,000 Filing Status: New Subholding Of: CRT - Standard Unit Trust Description: Account Closing",,,False,100,,not_applicable,,False,False,False,05/13/2025,False,,valid_range
20030387,Hon. Jefferson Shreve,Member,IN06,20030387.pdf,2025,250,,Spotify Technology S.A. Ordinary Shares,Spotify Technology S.A. Ordinary Shares,SPOT,SPOT,ST,S,2025-05-12,2025-05-15,50001.0,100000.0,,"$50,001 - $100,000",valid_range,New,CRT - Standard Unit Trust,,Account Closing,,34,34,table,False,False,,False,0,False,True,100,True,30,False,https://disclosures-clerk.house.gov/public_disc/ptr-pdfs/2025/20030387.pdf,,,,Spotify Technology S.A. Ordinary Shares (SPOT) [ST],Spotify Technology S.A. Ordinary Shares (SPOT) [ST],S,05/12/2025,05/15/2025,"$50,001 - $100,000",Filing Status: New Subholding Of: CRT - Standard Unit Trust Description: Account Closing,"Spotify Technology S.A. Ordinary Shares (SPOT) [ST] S 05/12/2025 05/15/2025 $50,001 - $100,000 Filing Status: New Subholding Of: CRT - Standard Unit Trust Description: Account Closing",,,False,100,SPOT,accepted,house_ptr_structure+v8_1,False,False,False,05/12/2025,False,,valid_range
20030387,Hon. Jefferson Shreve,Member,IN06,20030387.pdf,2025,251,,Spotsylvania Cnty VA Wtr & Swr Rev 5.0000 2025-12-01,Spotsylvania Cnty VA Wtr & Swr Rev 5.0000 2025-12-01,,,GS,S,2025-05-13,2025-05-15,15001.0,50000.0,,"$15,001 - $50,000",valid_range,New,CRT - Standard Unit Trust,,Account Closing,,34,34,table,False,False,,False,0,False,False,100,True,30,False,https://disclosures-clerk.house.gov/public_disc/ptr-pdfs/2025/20030387.pdf,,,,Spotsylvania Cnty VA Wtr & Swr Rev 5.0000 2025-12-01 [GS] Filing Status: New Subholding Of: CRT - Standard Unit Tru Description: Account Closing,Spotsylvania Cnty VA Wtr & Swr Rev 5.0000 2025-12-01 [GS],S ust,05/13/2025,05/15/2025,"$15,001 - $50,000",,"Spotsylvania Cnty VA Wtr & Swr Rev 5.0000 2025-12-01 [GS] S 05/13/2025 05/15/2025 $15,001 - $50,000 Filing Status: New Subholding Of: CRT - Standard Unit Trust Description: Account Closing",,,False,100,,not_applicable,,False,False,False,05/13/2025,False,,valid_range
20030387,Hon. Jefferson Shreve,Member,IN06,20030387.pdf,2025,252,,Stryker Corporation Common Stock,Stryker Corporation Common Stock,SYK,SYK,ST,S,2025-05-12,2025-05-15,50001.0,100000.0,,"$50,001 - $100,000",valid_range,New,CRT - Standard Unit Trust,,Account Closing,,34,34,table,False,False,,False,0,False,True,100,True,30,False,https://disclosures-clerk.house.gov/public_disc/ptr-pdfs/2025/20030387.pdf,,,,Stryker Corporation Common Stock (SYK) [ST],Stryker Corporation Common Stock (SYK) [ST],S,05/12/2025,05/15/2025,"$50,001 - $100,000",Filing Status: New Subholding Of: CRT - Standard Unit Trust Description: Account Closing,"Stryker Corporation Common Stock (SYK) [ST] S 05/12/2025 05/15/2025 $50,001 - $100,000 Filing Status: New Subholding Of: CRT - Standard Unit Trust Description: Account Closing",,,False,100,SYK,accepted,house_ptr_structure+v8_1,False,False,False,05/12/2025,False,,valid_range
20030387,Hon. Jefferson Shreve,Member,IN06,20030387.pdf,2025,253,,"Synopsys, Inc. - Common Stock","Synopsys, Inc. - Common Stock",SNPS,SNPS,ST,S,2025-05-12,2025-05-15,50001.0,100000.0,,"$50,001 - $100,000",valid_range,New,CRT - Standard Unit Trust,,Account Closing,,34,35,table,False,False,,True,0,False,False,98,True,30,False,https://disclosures-clerk.house.gov/public_disc/ptr-pdfs/2025/20030387.pdf,,,,"Synopsys, Inc. - Common Stock (SNPS) [ST] Filing Status: New","Synopsys, Inc. - Common Stock (SNPS) [ST] Subholding Of: CRT - Standard Unit Trust Description: Account Closing",S,05/12/2025,05/15/2025,"$50,001 - $100,000",Subholding Of: CRT - Standard Unit Trust Description: Account Closing,"Synopsys, Inc. - Common Stock (SNPS) [ST] S 05/12/2025 05/15/2025 $50,001 - $100,000 Filing Status: New Subholding Of: CRT - Standard Unit Trust Description: Account Closing",,,False,98,SNPS,accepted,house_ptr_structure+v8_1,False,False,False,05/12/2025,False,,valid_range
20030387,Hon. Jefferson Shreve,Member,IN06,20030387.pdf,2025,254,,Sysco Corporation Common Stock,Sysco Corporation Common Stock,SYY,SYY,ST,S,2025-05-12,2025-05-15,15001.0,50000.0,,"$15,001 - $50,000",valid_range,New,CRT - Standard Unit Trust,,Account Closing,,35,35,table,False,False,,False,0,False,True,100,True,30,False,https://disclosures-clerk.house.gov/public_disc/ptr-pdfs/2025/20030387.pdf,,,,Sysco Corporation Common Stock (SYY) [ST],Sysco Corporation Common Stock (SYY) [ST],S,05/12/2025,05/15/2025,"$15,001 - $50,000",Filing Status: New Subholding Of: CRT - Standard Unit Trust Description: Account Closing,"Sysco Corporation Common Stock (SYY) [ST] S 05/12/2025 05/15/2025 $15,001 - $50,000 Filing Status: New Subholding Of: CRT - Standard Unit Trust Description: Account Closing",,,False,100,SYY,accepted,house_ptr_structure+v8_1,False,False,False,05/12/2025,False,,valid_range
20030387,Hon. Jefferson Shreve,Member,IN06,20030387.pdf,2025,255,,"Take-Two Interactive Software, Inc. - Common Stock","Take-Two Interactive Software, Inc. - Common Stock",TTWO,TTWO,ST,S,2025-05-12,2025-05-15,15001.0,50000.0,,"$15,001 - $50,000",valid_range,New,CRT - Standard Unit Trust,,Account Closing,,35,35,table,False,False,,False,0,False,False,100,True,30,False,https://disclosures-clerk.house.gov/public_disc/ptr-pdfs/2025/20030387.pdf,,,,"Take-Two Interactive Software, Inc. - Common Stock (TTWO) [ST] Filing Status: New Subholding Of: CRT - Standard Unit Tru Description: Account Closing","Take-Two Interactive Software, Inc. - Common Stock (TTWO) [ST]",S ust,05/12/2025,05/15/2025,"$15,001 - $50,000",,"Take-Two Interactive Software, Inc. - Common Stock (TTWO) [ST] S 05/12/2025 05/15/2025 $15,001 - $50,000 Filing Status: New Subholding Of: CRT - Standard Unit Trust Description: Account Closing",,,False,100,TTWO,accepted,house_ptr_structure+v8_1,False,False,False,05/12/2025,False,,valid_range
20030387,Hon. Jefferson Shreve,Member,IN06,20030387.pdf,2025,256,,"Tesla, Inc. - Common Stock","Tesla, Inc. - Common Stock",TSLA,TSLA,ST,S,2025-05-12,2025-05-15,100001.0,250000.0,,"$100,001 - $250,000",valid_range,New,CRT - Standard Unit Trust,,Account Closing,,35,35,table,False,False,,False,0,False,True,100,True,30,False,https://disclosures-clerk.house.gov/public_disc/ptr-pdfs/2025/20030387.pdf,,,,"Tesla, Inc. - Common Stock (TSLA) [ST]","Tesla, Inc. - Common Stock (TSLA) [ST]",S,05/12/2025,05/15/2025,"$100,001 - $250,000",Filing Status: New Subholding Of: CRT - Standard Unit Trust Description: Account Closing,"Tesla, Inc. - Common Stock (TSLA) [ST] S 05/12/2025 05/15/2025 $100,001 - $250,000 Filing Status: New Subholding Of: CRT - Standard Unit Trust Description: Account Closing",,,False,100,TSLA,accepted,house_ptr_structure+v8_1,False,False,False,05/12/2025,False,,valid_range
20030387,Hon. Jefferson Shreve,Member,IN06,20030387.pdf,2025,257,,Texas Instruments Incorporated - Common Stock,Texas Instruments Incorporated - Common Stock,TXN,TXN,ST,S,2025-05-12,2025-05-15,100001.0,250000.0,,"$100,001 - $250,000",valid_range,New,CRT - Standard Unit Trust,,Account Closing,,35,35,table,False,False,,False,0,False,False,100,True,30,False,https://disclosures-clerk.house.gov/public_disc/ptr-pdfs/2025/20030387.pdf,,,,Texas Instruments Incorporated - Common Stock (TXN) [ST] Filing Status: New Subholding Of: CRT - Standard Unit Tru Description: Account Closing,Texas Instruments Incorporated - Common Stock (TXN) [ST],S ust,05/12/2025,05/15/2025,"$100,001 - $250,000",,"Texas Instruments Incorporated - Common Stock (TXN) [ST] S 05/12/2025 05/15/2025 $100,001 - $250,000 Filing Status: New Subholding Of: CRT - Standard Unit Trust Description: Account Closing",,,False,100,TXN,accepted,house_ptr_structure+v8_1,False,False,False,05/12/2025,False,,valid_range
20030387,Hon. Jefferson Shreve,Member,IN06,20030387.pdf,2025,258,,Texas Instruments Incorporated - Common Stock,Texas Instruments Incorporated - Common Stock,TXN,TXN,ST,S (partial),2025-05-08,2025-05-15,15001.0,50000.0,,"$15,001 - $50,000",valid_range,New,CRT - Standard Unit Trust,,Portfolio Rebalance,,35,35,table,False,False,,False,0,False,True,100,True,30,False,https://disclosures-clerk.house.gov/public_disc/ptr-pdfs/2025/20030387.pdf,,,,Texas Instruments Incorporated - Common Stock (TXN) [ST],Texas Instruments Incorporated - Common Stock (TXN) [ST],S (partial),05/08/2025,05/15/2025,"$15,001 - $50,000",Filing Status: New Subholding Of: CRT - Standard Unit Trust Description: Portfolio Rebalance,"Texas Instruments Incorporated - Common Stock (TXN) [ST] S (partial) 05/08/2025 05/15/2025 $15,001 - $50,000 Filing Status: New Subholding Of: CRT - Standard Unit Trust Description: Portfolio Rebalance",,,False,100,TXN,accepted,house_ptr_structure+v8_1,False,False,False,05/08/2025,False,,valid_range
20030387,Hon. Jefferson Shreve,Member,IN06,20030387.pdf,2025,259,,Texas Tech Univ Revs 5.000 2029- 02-15,Texas Tech Univ Revs 5.000 2029- 02-15,,,GS,S,2025-05-13,2025-05-15,1001.0,15000.0,,"$1,001 - $15,000",valid_range,New,CRT - Standard Unit Trust,,Account Closing,,35,35,table,False,False,,False,0,False,False,100,True,30,False,https://disclosures-clerk.house.gov/public_disc/ptr-pdfs/2025/20030387.pdf,,,,Texas Tech Univ Revs 5.000 2029- 02-15 [GS] Filing Status: New Subholding Of: CRT - Standard Unit Tru Description: Account Closing,Texas Tech Univ Revs 5.000 2029- 02-15 [GS],S ust,05/13/2025,05/15/2025,"$1,001 - $15,000",,"Texas Tech Univ Revs 5.000 2029- 02-15 [GS] S 05/13/2025 05/15/2025 $1,001 - $15,000 Filing Status: New Subholding Of: CRT - Standard Unit Trust Description: Account Closing",,,False,100,,not_applicable,,False,False,False,05/13/2025,False,,valid_range
20030387,Hon. Jefferson Shreve,Member,IN06,20030387.pdf,2025,260,,The Carlyle Group Inc. - Common Stock,The Carlyle Group Inc. - Common Stock,CG,CG,ST,S,2025-05-12,2025-05-15,50001.0,100000.0,,"$50,001 - $100,000",valid_range,New,CRT - Standard Unit Trust,,Account Closing,,35,35,table,False,False,,False,0,False,True,100,True,30,False,https://disclosures-clerk.house.gov/public_disc/ptr-pdfs/2025/20030387.pdf,,,,The Carlyle Group Inc. - Common Stock (CG) [ST],The Carlyle Group Inc. - Common Stock (CG) [ST],S,05/12/2025,05/15/2025,"$50,001 - $100,000",Filing Status: New Subholding Of: CRT - Standard Unit Trust Description: Account Closing,"The Carlyle Group Inc. - Common Stock (CG) [ST] S 05/12/2025 05/15/2025 $50,001 - $100,000 Filing Status: New Subholding Of: CRT - Standard Unit Trust Description: Account Closing",,,False,100,CG,accepted,house_ptr_structure+v8_1,False,False,False,05/12/2025,False,,valid_range
20030387,Hon. Jefferson Shreve,Member,IN06,20030387.pdf,2025,261,,The Cigna Group Common Stock,The Cigna Group Common Stock,CI,CI,ST,S,2025-05-12,2025-05-15,15001.0,50000.0,,"$15,001 - $50,000",valid_range,New,CRT - Standard Unit Trust,,Account Closing,,36,36,table,False,False,,False,0,False,False,100,True,30,False,https://disclosures-clerk.house.gov/public_disc/ptr-pdfs/2025/20030387.pdf,,,,The Cigna Group Common Stock (CI) [ST] Filing Status: New Subholding Of: CRT - Standard Unit Tru Description: Account Closing,The Cigna Group Common Stock (CI) [ST],S ust,05/12/2025,05/15/2025,"$15,001 - $50,000",,"The Cigna Group Common Stock (CI) [ST] S 05/12/2025 05/15/2025 $15,001 - $50,000 Filing Status: New Subholding Of: CRT - Standard Unit Trust Description: Account Closing",,,False,100,CI,accepted,house_ptr_structure+v8_1,False,False,False,05/12/2025,False,,valid_range
20030387,Hon. Jefferson Shreve,Member,IN06,20030387.pdf,2025,262,,The J.M. Smucker Company Common Stock,The J.M. Smucker Company Common Stock,SJM,SJM,ST,S,2025-05-12,2025-05-15,15001.0,50000.0,,"$15,001 - $50,000",valid_range,New,CRT - Standard Unit Trust,,Account Closing,,36,36,table,False,False,,False,0,False,True,100,True,30,False,https://disclosures-clerk.house.gov/public_disc/ptr-pdfs/2025/20030387.pdf,,,,The J.M. Smucker Company Common Stock (SJM) [ST],The J.M. Smucker Company Common Stock (SJM) [ST],S,05/12/2025,05/15/2025,"$15,001 - $50,000",Filing Status: New Subholding Of: CRT - Standard Unit Trust Description: Account Closing,"The J.M. Smucker Company Common Stock (SJM) [ST] S 05/12/2025 05/15/2025 $15,001 - $50,000 Filing Status: New Subholding Of: CRT - Standard Unit Trust Description: Account Closing",,,False,100,SJM,accepted,house_ptr_structure+v8_1,False,False,False,05/12/2025,False,,valid_range
20030387,Hon. Jefferson Shreve,Member,IN06,20030387.pdf,2025,263,,"The Trade Desk, Inc. - Class A Common Stock","The Trade Desk, Inc. - Class A Common Stock",TTD,TTD,ST,P,2025-05-08,2025-05-15,15001.0,50000.0,,"$15,001 - $50,000",valid_range,New,CRT - Standard Unit Trust,,Portfolio Rebalance,,36,36,table,False,False,,False,0,False,False,100,True,30,False,https://disclosures-clerk.house.gov/public_disc/ptr-pdfs/2025/20030387.pdf,,,,"The Trade Desk, Inc. - Class A Common Stock (TTD) [ST] Filing Status: New Subholding Of: CRT - Standard Unit Tru Description: Portfolio Rebalance","The Trade Desk, Inc. - Class A Common Stock (TTD) [ST]",P ust,05/08/2025,05/15/2025,"$15,001 - $50,000",,"The Trade Desk, Inc. - Class A Common Stock (TTD) [ST] P 05/08/2025 05/15/2025 $15,001 - $50,000 Filing Status: New Subholding Of: CRT - Standard Unit Trust Description: Portfolio Rebalance",,,False,100,TTD,accepted,house_ptr_structure+v8_1,False,False,False,05/08/2025,False,,valid_range
20030387,Hon. Jefferson Shreve,Member,IN06,20030387.pdf,2025,264,,"The Trade Desk, Inc. - Class A Common Stock","The Trade Desk, Inc. - Class A Common Stock",TTD,TTD,ST,S,2025-05-12,2025-05-15,15001.0,50000.0,,"$15,001 - $50,000",valid_range,New,CRT - Standard Unit Trust,,Account Closing,,36,36,table,False,False,,False,0,False,True,100,True,30,False,https://disclosures-clerk.house.gov/public_disc/ptr-pdfs/2025/20030387.pdf,,,,"The Trade Desk, Inc. - Class A Common Stock (TTD) [ST]","The Trade Desk, Inc. - Class A Common Stock (TTD) [ST]",S,05/12/2025,05/15/2025,"$15,001 - $50,000",Filing Status: New Subholding Of: CRT - Standard Unit Trust Description: Account Closing,"The Trade Desk, Inc. - Class A Common Stock (TTD) [ST] S 05/12/2025 05/15/2025 $15,001 - $50,000 Filing Status: New Subholding Of: CRT - Standard Unit Trust Description: Account Closing",,,False,100,TTD,accepted,house_ptr_structure+v8_1,False,False,False,05/12/2025,False,,valid_range
20030387,Hon. Jefferson Shreve,Member,IN06,20030387.pdf,2025,265,,"TJX Companies, Inc.","TJX Companies, Inc.",TJX,TJX,ST,S,2025-05-12,2025-05-15,50001.0,100000.0,,"$50,001 - $100,000",valid_range,New,CRT - Standard Unit Trust,,Account Closing,,36,36,table,False,False,,False,0,False,False,100,True,30,False,https://disclosures-clerk.house.gov/public_disc/ptr-pdfs/2025/20030387.pdf,,,,"TJX Companies, Inc. (TJX) [ST] Filing Status: New Subholding Of: CRT - Standard Unit Tru Description: Account Closing","TJX Companies, Inc. (TJX) [ST]",S ust,05/12/2025,05/15/2025,"$50,001 - $100,000",,"TJX Companies, Inc. (TJX) [ST] S 05/12/2025 05/15/2025 $50,001 - $100,000 Filing Status: New Subholding Of: CRT - Standard Unit Trust Description: Account Closing",,,False,100,TJX,accepted,house_ptr_structure+v8_1,False,False,False,05/12/2025,False,,valid_range
20030387,Hon. Jefferson Shreve,Member,IN06,20030387.pdf,2025,266,,Trane Technologies plc,Trane Technologies plc,TT,TT,ST,S,2025-05-12,2025-05-15,50001.0,100000.0,,"$50,001 - $100,000",valid_range,New,CRT - Standard Unit Trust,,Account Closing,,36,36,table,False,False,,False,0,False,True,100,True,30,False,https://disclosures-clerk.house.gov/public_disc/ptr-pdfs/2025/20030387.pdf,,,,Trane Technologies plc (TT) [ST],Trane Technologies plc (TT) [ST],S,05/12/2025,05/15/2025,"$50,001 - $100,000",Filing Status: New Subholding Of: CRT - Standard Unit Trust Description: Account Closing,"Trane Technologies plc (TT) [ST] S 05/12/2025 05/15/2025 $50,001 - $100,000 Filing Status: New Subholding Of: CRT - Standard Unit Trust Description: Account Closing",,,False,100,TT,accepted,house_ptr_structure+v8_1,False,False,False,05/12/2025,False,,valid_range
20030387,Hon. Jefferson Shreve,Member,IN06,20030387.pdf,2025,267,,Transdigm Group Incorporated Common Stock,Transdigm Group Incorporated Common Stock,TDG,TDG,ST,S,2025-05-12,2025-05-15,15001.0,50000.0,,"$15,001 - $50,000",valid_range,New,CRT - Standard Unit Trust,,Account Closing,,36,36,table,False,False,,False,0,False,False,100,True,30,False,https://disclosures-clerk.house.gov/public_disc/ptr-pdfs/2025/20030387.pdf,,,,Transdigm Group Incorporated Common Stock (TDG) [ST] Filing Status: New Subholding Of: CRT - Standard Unit Tru Description: Account Closing,Transdigm Group Incorporated Common Stock (TDG) [ST],S ust,05/12/2025,05/15/2025,"$15,001 - $50,000",,"Transdigm Group Incorporated Common Stock (TDG) [ST] S 05/12/2025 05/15/2025 $15,001 - $50,000 Filing Status: New Subholding Of: CRT - Standard Unit Trust Description: Account Closing",,,False,100,TDG,accepted,house_ptr_structure+v8_1,False,False,False,05/12/2025,False,,valid_range
20030387,Hon. Jefferson Shreve,Member,IN06,20030387.pdf,2025,268,,Transdigm Group Incorporated Common Stock,Transdigm Group Incorporated Common Stock,TDG,TDG,ST,S (partial),2025-05-08,2025-05-15,15001.0,50000.0,,"$15,001 - $50,000",valid_range,New $200?,CRT - Standard Unit Trust,,Portfolio Rebalance,,36,37,table,False,False,,True,0,False,True,98,True,30,False,https://disclosures-clerk.house.gov/public_disc/ptr-pdfs/2025/20030387.pdf,,,,Transdigm Group Incorporated Common Stock (TDG) [ST],Transdigm Group Incorporated Common Stock (TDG) [ST],S (partial),05/08/2025,05/15/2025,"$15,001 - $50,000",Filing Status: New $200? Subholding Of: CRT - Standard Unit Trust Description: Portfolio Rebalance,"Transdigm Group Incorporated Common Stock (TDG) [ST] S (partial) 05/08/2025 05/15/2025 $15,001 - $50,000 Filing Status: New $200? Subholding Of: CRT - Standard Unit Trust Description: Portfolio Rebalance",,,False,98,TDG,accepted,house_ptr_structure+v8_1,False,False,False,05/08/2025,False,,valid_range
20030387,Hon. Jefferson Shreve,Member,IN06,20030387.pdf,2025,269,,Tri-cnty Met Transn Dist Ore Rev 5.000 2027-09-01,Tri-cnty Met Transn Dist Ore Rev 5.000 2027-09-01,,,GS,S,2025-05-13,2025-05-15,1001.0,15000.0,,"$1,001 - $15,000",valid_range,New,CRT - Standard Unit Trust,,Account Closing,,37,37,table,False,False,,False,0,False,False,100,True,30,False,https://disclosures-clerk.house.gov/public_disc/ptr-pdfs/2025/20030387.pdf,,,,Tri-cnty Met Transn Dist Ore Rev 5.000 2027-09-01 [GS] Filing Status: New Subholding Of: CRT - Standard Unit Tru Description: Account Closing,Tri-cnty Met Transn Dist Ore Rev 5.000 2027-09-01 [GS],S ust,05/13/2025,05/15/2025,"$1,001 - $15,000",,"Tri-cnty Met Transn Dist Ore Rev 5.000 2027-09-01 [GS] S 05/13/2025 05/15/2025 $1,001 - $15,000 Filing Status: New Subholding Of: CRT - Standard Unit Trust Description: Account Closing",,,False,100,,not_applicable,,False,False,False,05/13/2025,False,,valid_range
20030387,Hon. Jefferson Shreve,Member,IN06,20030387.pdf,2025,270,,"Uber Technologies, Inc. Common Stock","Uber Technologies, Inc. Common Stock",UBER,UBER,ST,S,2025-05-12,2025-05-15,50001.0,100000.0,,"$50,001 - $100,000",valid_range,New,CRT - Standard Unit Trust,,Account Closing,,37,37,table,False,False,,False,0,False,True,100,True,30,False,https://disclosures-clerk.house.gov/public_disc/ptr-pdfs/2025/20030387.pdf,,,,"Uber Technologies, Inc. Common Stock (UBER) [ST]","Uber Technologies, Inc. Common Stock (UBER) [ST]",S,05/12/2025,05/15/2025,"$50,001 - $100,000",Filing Status: New Subholding Of: CRT - Standard Unit Trust Description: Account Closing,"Uber Technologies, Inc. Common Stock (UBER) [ST] S 05/12/2025 05/15/2025 $50,001 - $100,000 Filing Status: New Subholding Of: CRT - Standard Unit Trust Description: Account Closing",,,False,100,UBER,accepted,house_ptr_structure+v8_1,False,False,False,05/12/2025,False,,valid_range
20030387,Hon. Jefferson Shreve,Member,IN06,20030387.pdf,2025,271,,Union Pacific Corporation Common Stock,Union Pacific Corporation Common Stock,UNP,UNP,ST,S,2025-05-12,2025-05-15,15001.0,50000.0,,"$15,001 - $50,000",valid_range,New,CRT - Standard Unit Trust,,Account Closing,,37,37,table,False,False,,False,0,False,False,100,True,30,False,https://disclosures-clerk.house.gov/public_disc/ptr-pdfs/2025/20030387.pdf,,,,Union Pacific Corporation Common Stock (UNP) [ST] Filing Status: New Subholding Of: CRT - Standard Unit Tru Description: Account Closing,Union Pacific Corporation Common Stock (UNP) [ST],S ust,05/12/2025,05/15/2025,"$15,001 - $50,000",,"Union Pacific Corporation Common Stock (UNP) [ST] S 05/12/2025 05/15/2025 $15,001 - $50,000 Filing Status: New Subholding Of: CRT - Standard Unit Trust Description: Account Closing",,,False,100,UNP,accepted,house_ptr_structure+v8_1,False,False,False,05/12/2025,False,,valid_range
20030387,Hon. Jefferson Shreve,Member,IN06,20030387.pdf,2025,272,,"United Community Banks, Inc. Common Stock","United Community Banks, Inc. Common Stock",UCB,UCB,ST,S,2025-05-12,2025-05-15,50001.0,100000.0,,"$50,001 - $100,000",valid_range,New,CRT - Standard Unit Trust,,Account Closing,,37,37,table,False,False,,False,0,False,True,100,True,30,False,https://disclosures-clerk.house.gov/public_disc/ptr-pdfs/2025/20030387.pdf,,,,"United Community Banks, Inc. Common Stock (UCB) [ST]","United Community Banks, Inc. Common Stock (UCB) [ST]",S,05/12/2025,05/15/2025,"$50,001 - $100,000",Filing Status: New Subholding Of: CRT - Standard Unit Trust Description: Account Closing,"United Community Banks, Inc. Common Stock (UCB) [ST] S 05/12/2025 05/15/2025 $50,001 - $100,000 Filing Status: New Subholding Of: CRT - Standard Unit Trust Description: Account Closing",,,False,100,UCB,accepted,house_ptr_structure+v8_1,False,False,False,05/12/2025,False,,valid_range
20030387,Hon. Jefferson Shreve,Member,IN06,20030387.pdf,2025,273,,"United Parcel Service, Inc. Common Stock","United Parcel Service, Inc. Common Stock",UPS,UPS,ST,S,2025-05-08,2025-05-15,15001.0,50000.0,,"$15,001 - $50,000",valid_range,New,CRT - Standard Unit Trust,,Portfolio Rebalance,,37,37,table,False,False,,False,0,False,False,100,True,30,False,https://disclosures-clerk.house.gov/public_disc/ptr-pdfs/2025/20030387.pdf,,,,"United Parcel Service, Inc. Common Stock (UPS) [ST] Filing Status: New Subholding Of: CRT - Standard Unit Tru Description: Portfolio Rebalance","United Parcel Service, Inc. Common Stock (UPS) [ST]",S ust,05/08/2025,05/15/2025,"$15,001 - $50,000",,"United Parcel Service, Inc. Common Stock (UPS) [ST] S 05/08/2025 05/15/2025 $15,001 - $50,000 Filing Status: New Subholding Of: CRT - Standard Unit Trust Description: Portfolio Rebalance",,,False,100,UPS,accepted,house_ptr_structure+v8_1,False,False,False,05/08/2025,False,,valid_range
20030387,Hon. Jefferson Shreve,Member,IN06,20030387.pdf,2025,274,,UnitedHealth Group Incorporated Common Stock,UnitedHealth Group Incorporated Common Stock,UNH,UNH,ST,S,2025-05-08,2025-05-15,15001.0,50000.0,,"$15,001 - $50,000",valid_range,New,CRT - Standard Unit Trust,,Portfolio Rebalance,,37,37,table,False,False,,False,0,False,True,100,True,30,False,https://disclosures-clerk.house.gov/public_disc/ptr-pdfs/2025/20030387.pdf,,,,UnitedHealth Group Incorporated Common Stock (UNH) [ST],UnitedHealth Group Incorporated Common Stock (UNH) [ST],S,05/08/2025,05/15/2025,"$15,001 - $50,000",Filing Status: New Subholding Of: CRT - Standard Unit Trust Description: Portfolio Rebalance,"UnitedHealth Group Incorporated Common Stock (UNH) [ST] S 05/08/2025 05/15/2025 $15,001 - $50,000 Filing Status: New Subholding Of: CRT - Standard Unit Trust Description: Portfolio Rebalance",,,False,100,UNH,accepted,house_ptr_structure+v8_1,False,False,False,05/08/2025,False,,valid_range
20030387,Hon. Jefferson Shreve,Member,IN06,20030387.pdf,2025,275,,Univest Financial Corporation - Common Stock,Univest Financial Corporation - Common Stock,UVSP,UVSP,ST,S,2025-05-12,2025-05-15,15001.0,50000.0,,"$15,001 - $50,000",valid_range,New,CRT - Standard Unit Trust,,Account Closing,,37,37,table,False,False,,False,0,False,False,100,True,30,False,https://disclosures-clerk.house.gov/public_disc/ptr-pdfs/2025/20030387.pdf,,,,Univest Financial Corporation - Common Stock (UVSP) [ST] Filing Status: New Subholding Of: CRT - Standard Unit Tru Description: Account Closing,Univest Financial Corporation - Common Stock (UVSP) [ST],S ust,05/12/2025,05/15/2025,"$15,001 - $50,000",,"Univest Financial Corporation - Common Stock (UVSP) [ST] S 05/12/2025 05/15/2025 $15,001 - $50,000 Filing Status: New Subholding Of: CRT - Standard Unit Trust Description: Account Closing",,,False,100,UVSP,accepted,house_ptr_structure+v8_1,False,False,False,05/12/2025,False,,valid_range
20030387,Hon. Jefferson Shreve,Member,IN06,20030387.pdf,2025,276,,Verizon Communications Inc. Common Stock,Verizon Communications Inc. Common Stock,VZ,VZ,ST,S,2025-05-12,2025-05-15,15001.0,50000.0,,"$15,001 - $50,000",valid_range,New,CRT - Standard Unit Trust,,Account Closing,,38,38,table,False,False,,False,0,False,True,100,True,30,False,https://disclosures-clerk.house.gov/public_disc/ptr-pdfs/2025/20030387.pdf,,,,Verizon Communications Inc. Common Stock (VZ) [ST],Verizon Communications Inc. Common Stock (VZ) [ST],S,05/12/2025,05/15/2025,"$15,001 - $50,000",Filing Status: New Subholding Of: CRT - Standard Unit Trust Description: Account Closing,"Verizon Communications Inc. Common Stock (VZ) [ST] S 05/12/2025 05/15/2025 $15,001 - $50,000 Filing Status: New Subholding Of: CRT - Standard Unit Trust Description: Account Closing",,,False,100,VZ,accepted,house_ptr_structure+v8_1,False,False,False,05/12/2025,False,,valid_range
20030387,Hon. Jefferson Shreve,Member,IN06,20030387.pdf,2025,277,,Vermillion S D Sch Dist No 13-1 5.0000 2030-08-01,Vermillion S D Sch Dist No 13-1 5.0000 2030-08-01,,,GS,S,2025-05-13,2025-05-15,1001.0,15000.0,,"$1,001 - $15,000",valid_range,New,CRT - Standard Unit Trust,,Account Closing,,38,38,table,False,False,,False,0,False,False,100,True,30,False,https://disclosures-clerk.house.gov/public_disc/ptr-pdfs/2025/20030387.pdf,,,,Vermillion S D Sch Dist No 13-1 5.0000 2030-08-01 [GS] Filing Status: New Subholding Of: CRT - Standard Unit Tru Description: Account Closing,Vermillion S D Sch Dist No 13-1 5.0000 2030-08-01 [GS],S ust,05/13/2025,05/15/2025,"$1,001 - $15,000",,"Vermillion S D Sch Dist No 13-1 5.0000 2030-08-01 [GS] S 05/13/2025 05/15/2025 $1,001 - $15,000 Filing Status: New Subholding Of: CRT - Standard Unit Trust Description: Account Closing",,,False,100,,not_applicable,,False,False,False,05/13/2025,False,,valid_range
20030387,Hon. Jefferson Shreve,Member,IN06,20030387.pdf,2025,278,,Vertex Pharmaceuticals Incorporated - Common Stock,Vertex Pharmaceuticals Incorporated - Common Stock,VRTX,VRTX,ST,S,2025-05-12,2025-05-15,15001.0,50000.0,,"$15,001 - $50,000",valid_range,New,CRT - Standard Unit Trust,,Account Closing,,38,38,table,False,False,,False,0,False,True,100,True,30,False,https://disclosures-clerk.house.gov/public_disc/ptr-pdfs/2025/20030387.pdf,,,,Vertex Pharmaceuticals Incorporated - Common Stock (VRTX) [ST],Vertex Pharmaceuticals Incorporated - Common Stock (VRTX) [ST],S,05/12/2025,05/15/2025,"$15,001 - $50,000",Filing Status: New Subholding Of: CRT - Standard Unit Trust Description: Account Closing,"Vertex Pharmaceuticals Incorporated - Common Stock (VRTX) [ST] S 05/12/2025 05/15/2025 $15,001 - $50,000 Filing Status: New Subholding Of: CRT - Standard Unit Trust Description: Account Closing",,,False,100,VRTX,accepted,house_ptr_structure+v8_1,False,False,False,05/12/2025,False,,valid_range
20030387,Hon. Jefferson Shreve,Member,IN06,20030387.pdf,2025,279,,Visa Inc.,Visa Inc.,V,V,ST,S,2025-05-12,2025-05-15,100001.0,250000.0,,"$100,001 - $250,000",valid_range,New,CRT - Standard Unit Trust,,Account Closing,,38,38,table,False,False,,False,0,False,False,100,True,30,False,https://disclosures-clerk.house.gov/public_disc/ptr-pdfs/2025/20030387.pdf,,,,Visa Inc. (V) [ST] Filing Status: New Subholding Of: CRT - Standard Unit Tru Description: Account Closing,Visa Inc. (V) [ST],S ust,05/12/2025,05/15/2025,"$100,001 - $250,000",,"Visa Inc. (V) [ST] S 05/12/2025 05/15/2025 $100,001 - $250,000 Filing Status: New Subholding Of: CRT - Standard Unit Trust Description: Account Closing",,,False,100,V,accepted,house_ptr_structure+v8_1,False,False,False,05/12/2025,False,,valid_range
20030387,Hon. Jefferson Shreve,Member,IN06,20030387.pdf,2025,280,,Vistancia Cmnty Facs Dist Arizona 4.00 2025-07-15,Vistancia Cmnty Facs Dist Arizona 4.00 2025-07-15,,,GS,S,2025-05-13,2025-05-15,50001.0,100000.0,,"$50,001 - $100,000",valid_range,New,CRT - Standard Unit Trust,,Account Closing,,38,38,table,False,False,,False,0,False,True,100,True,30,False,https://disclosures-clerk.house.gov/public_disc/ptr-pdfs/2025/20030387.pdf,,,,Vistancia Cmnty Facs Dist Arizona 4.00 2025-07-15 [GS],Vistancia Cmnty Facs Dist Arizona 4.00 2025-07-15 [GS],S,05/13/2025,05/15/2025,"$50,001 - $100,000",Filing Status: New Subholding Of: CRT - Standard Unit Trust Description: Account Closing,"Vistancia Cmnty Facs Dist Arizona 4.00 2025-07-15 [GS] S 05/13/2025 05/15/2025 $50,001 - $100,000 Filing Status: New Subholding Of: CRT - Standard Unit Trust Description: Account Closing",,,False,100,,not_applicable,,False,False,False,05/13/2025,False,,valid_range
20030387,Hon. Jefferson Shreve,Member,IN06,20030387.pdf,2025,281,,Walmart Inc. Common Stock,Walmart Inc. Common Stock,WMT,WMT,ST,S,2025-05-12,2025-05-15,100001.0,250000.0,,"$100,001 - $250,000",valid_range,New,CRT - Standard Unit Trust,,Account Closing,,38,38,table,False,False,,False,0,False,False,100,True,30,False,https://disclosures-clerk.house.gov/public_disc/ptr-pdfs/2025/20030387.pdf,,,,Walmart Inc. Common Stock (WMT) [ST] Filing Status: New Subholding Of: CRT - Standard Unit Tru Description: Account Closing,Walmart Inc. Common Stock (WMT) [ST],S ust,05/12/2025,05/15/2025,"$100,001 - $250,000",,"Walmart Inc. Common Stock (WMT) [ST] S 05/12/2025 05/15/2025 $100,001 - $250,000 Filing Status: New Subholding Of: CRT - Standard Unit Trust Description: Account Closing",,,False,100,WMT,accepted,house_ptr_structure+v8_1,False,False,False,05/12/2025,False,,valid_range
20030387,Hon. Jefferson Shreve,Member,IN06,20030387.pdf,2025,282,,Walt Disney Company,Walt Disney Company,DIS,DIS,ST,S,2025-05-12,2025-05-15,15001.0,50000.0,,"$15,001 - $50,000",valid_range,New,CRT - Standard Unit Trust,,Account Closing,,38,38,table,False,False,,False,0,False,True,100,True,30,False,https://disclosures-clerk.house.gov/public_disc/ptr-pdfs/2025/20030387.pdf,,,,Walt Disney Company (DIS) [ST],Walt Disney Company (DIS) [ST],S,05/12/2025,05/15/2025,"$15,001 - $50,000",Filing Status: New Subholding Of: CRT - Standard Unit Trust Description: Account Closing,"Walt Disney Company (DIS) [ST] S 05/12/2025 05/15/2025 $15,001 - $50,000 Filing Status: New Subholding Of: CRT - Standard Unit Trust Description: Account Closing",,,False,100,DIS,accepted,house_ptr_structure+v8_1,False,False,False,05/12/2025,False,,valid_range
20030387,Hon. Jefferson Shreve,Member,IN06,20030387.pdf,2025,283,,Walt Disney Company,Walt Disney Company,DIS,DIS,ST,P,2025-05-08,2025-05-15,15001.0,50000.0,,"$15,001 - $50,000",valid_range,New,CRT - Standard Unit Trust,,Portfolio Rebalance,,38,39,table,False,False,,True,0,False,False,98,True,30,False,https://disclosures-clerk.house.gov/public_disc/ptr-pdfs/2025/20030387.pdf,,,,Walt Disney Company (DIS) [ST] Filing Status: New,Walt Disney Company (DIS) [ST] Subholding Of: CRT - Standard Unit Trust Description: Portfolio Rebalance,P,05/08/2025,05/15/2025,"$15,001 - $50,000",Subholding Of: CRT - Standard Unit Trust Description: Portfolio Rebalance,"Walt Disney Company (DIS) [ST] P 05/08/2025 05/15/2025 $15,001 - $50,000 Filing Status: New Subholding Of: CRT - Standard Unit Trust Description: Portfolio Rebalance",,,False,98,DIS,accepted,house_ptr_structure+v8_1,False,False,False,05/08/2025,False,,valid_range
20030387,Hon. Jefferson Shreve,Member,IN06,20030387.pdf,2025,284,,"Warner Bros. Discovery, Inc. - Series A Common Stock","Warner Bros. Discovery, Inc. - Series A Common Stock",WBD,WBD,ST,S,2025-05-12,2025-05-15,15001.0,50000.0,,"$15,001 - $50,000",valid_range,New,CRT - Standard Unit Trust,,Account Closing,,39,39,table,False,False,,False,0,False,True,100,True,30,False,https://disclosures-clerk.house.gov/public_disc/ptr-pdfs/2025/20030387.pdf,,,,"Warner Bros. Discovery, Inc. - Series A Common Stock (WBD) [ST]","Warner Bros. Discovery, Inc. - Series A Common Stock (WBD) [ST]",S,05/12/2025,05/15/2025,"$15,001 - $50,000",Filing Status: New Subholding Of: CRT - Standard Unit Trust Description: Account Closing,"Warner Bros. Discovery, Inc. - Series A Common Stock (WBD) [ST] S 05/12/2025 05/15/2025 $15,001 - $50,000 Filing Status: New Subholding Of: CRT - Standard Unit Trust Description: Account Closing",,,False,100,WBD,accepted,house_ptr_structure+v8_1,False,False,False,05/12/2025,False,,valid_range
20030387,Hon. Jefferson Shreve,Member,IN06,20030387.pdf,2025,285,,Washington Cnty Tenn 4.0000 2027- 06-01,Washington Cnty Tenn 4.0000 2027- 06-01,,,GS,S,2025-05-13,2025-05-15,50001.0,100000.0,,"$50,001 - $100,000",valid_range,New,CRT - Standard Unit Trust,,Account Closing,,39,39,table,False,False,,False,0,False,False,100,True,30,False,https://disclosures-clerk.house.gov/public_disc/ptr-pdfs/2025/20030387.pdf,,,,Washington Cnty Tenn 4.0000 2027- 06-01 [GS] Filing Status: New Subholding Of: CRT - Standard Unit Tru Description: Account Closing,Washington Cnty Tenn 4.0000 2027- 06-01 [GS],S ust,05/13/2025,05/15/2025,"$50,001 - $100,000",,"Washington Cnty Tenn 4.0000 2027- 06-01 [GS] S 05/13/2025 05/15/2025 $50,001 - $100,000 Filing Status: New Subholding Of: CRT - Standard Unit Trust Description: Account Closing",,,False,100,,not_applicable,,False,False,False,05/13/2025,False,,valid_range
20030387,Hon. Jefferson Shreve,Member,IN06,20030387.pdf,2025,286,,Weld Cnty Colo Sch Dist No Re 4.50000 2025-12-01,Weld Cnty Colo Sch Dist No Re 4.50000 2025-12-01,,,GS,S,2025-05-13,2025-05-15,15001.0,50000.0,,"$15,001 - $50,000",valid_range,New,CRT - Standard Unit Trust,,Account Closing,,39,39,table,False,False,,False,0,False,True,100,True,30,False,https://disclosures-clerk.house.gov/public_disc/ptr-pdfs/2025/20030387.pdf,,,,Weld Cnty Colo Sch Dist No Re 4.50000 2025-12-01 [GS],Weld Cnty Colo Sch Dist No Re 4.50000 2025-12-01 [GS],S,05/13/2025,05/15/2025,"$15,001 - $50,000",Filing Status: New Subholding Of: CRT - Standard Unit Trust Description: Account Closing,"Weld Cnty Colo Sch Dist No Re 4.50000 2025-12-01 [GS] S 05/13/2025 05/15/2025 $15,001 - $50,000 Filing Status: New Subholding Of: CRT - Standard Unit Trust Description: Account Closing",,,False,100,,not_applicable,,False,False,False,05/13/2025,False,,valid_range
20030387,Hon. Jefferson Shreve,Member,IN06,20030387.pdf,2025,287,,Wells Fargo & Company Common Stock,Wells Fargo & Company Common Stock,WFC,WFC,ST,S,2025-05-12,2025-05-15,50001.0,100000.0,,"$50,001 - $100,000",valid_range,New,CRT - Standard Unit Trust,,Account Closing,,39,39,table,False,False,,False,0,False,False,100,True,30,False,https://disclosures-clerk.house.gov/public_disc/ptr-pdfs/2025/20030387.pdf,,,,Wells Fargo & Company Common Stock (WFC) [ST] Filing Status: New Subholding Of: CRT - Standard Unit Tru Description: Account Closing,Wells Fargo & Company Common Stock (WFC) [ST],S ust,05/12/2025,05/15/2025,"$50,001 - $100,000",,"Wells Fargo & Company Common Stock (WFC) [ST] S 05/12/2025 05/15/2025 $50,001 - $100,000 Filing Status: New Subholding Of: CRT - Standard Unit Trust Description: Account Closing",,,False,100,WFC,accepted,house_ptr_structure+v8_1,False,False,False,05/12/2025,False,,valid_range
20030387,Hon. Jefferson Shreve,Member,IN06,20030387.pdf,2025,288,,Wells Fargo 5.574 07/25/29 '28 Mtn,Wells Fargo 5.574 07/25/29 '28 Mtn,,,CS,S,2025-05-13,2025-05-15,15001.0,50000.0,,"$15,001 - $50,000",valid_range,New,CRT - Standard Unit Trust,,Account Closing,,39,39,table,False,False,,False,0,False,True,100,True,30,False,https://disclosures-clerk.house.gov/public_disc/ptr-pdfs/2025/20030387.pdf,,,,Wells Fargo 5.574 07/25/29 '28 Mtn [CS],Wells Fargo 5.574 07/25/29 '28 Mtn [CS],S,05/13/2025,05/15/2025,"$15,001 - $50,000",Filing Status: New Subholding Of: CRT - Standard Unit Trust Description: Account Closing,"Wells Fargo 5.574 07/25/29 '28 Mtn [CS] S 05/13/2025 05/15/2025 $15,001 - $50,000 Filing Status: New Subholding Of: CRT - Standard Unit Trust Description: Account Closing",,,False,100,,not_applicable,,False,False,False,05/13/2025,False,,valid_range
20030387,Hon. Jefferson Shreve,Member,IN06,20030387.pdf,2025,289,,Wells Fargo 6.491 10/23/34 '33 MTN,Wells Fargo 6.491 10/23/34 '33 MTN,,,CS,S,2025-05-13,2025-05-15,50001.0,100000.0,,"$50,001 - $100,000",valid_range,New,CRT - Standard Unit Trust,,Account Closing,,39,39,table,False,False,,False,0,False,False,100,True,30,False,https://disclosures-clerk.house.gov/public_disc/ptr-pdfs/2025/20030387.pdf,,,,Wells Fargo 6.491 10/23/34 '33 MTN [CS] Filing Status: New Subholding Of: CRT - Standard Unit Tru Description: Account Closing,Wells Fargo 6.491 10/23/34 '33 MTN [CS],S ust,05/13/2025,05/15/2025,"$50,001 - $100,000",,"Wells Fargo 6.491 10/23/34 '33 MTN [CS] S 05/13/2025 05/15/2025 $50,001 - $100,000 Filing Status: New Subholding Of: CRT - Standard Unit Trust Description: Account Closing",,,False,100,,not_applicable,,False,False,False,05/13/2025,False,,valid_range
20030387,Hon. Jefferson Shreve,Member,IN06,20030387.pdf,2025,290,,Welltower Inc. Common Stock,Welltower Inc. Common Stock,WELL,WELL,ST,S,2025-05-12,2025-05-15,50001.0,100000.0,,"$50,001 - $100,000",valid_range,New,CRT - Standard Unit Trust,,Account Closing,,39,39,table,False,False,,False,0,False,True,100,True,30,False,https://disclosures-clerk.house.gov/public_disc/ptr-pdfs/2025/20030387.pdf,,,,Welltower Inc. Common Stock (WELL) [ST],Welltower Inc. Common Stock (WELL) [ST],S,05/12/2025,05/15/2025,"$50,001 - $100,000",Filing Status: New Subholding Of: CRT - Standard Unit Trust Description: Account Closing,"Welltower Inc. Common Stock (WELL) [ST] S 05/12/2025 05/15/2025 $50,001 - $100,000 Filing Status: New Subholding Of: CRT - Standard Unit Trust Description: Account Closing",,,False,100,WELL,accepted,house_ptr_structure+v8_1,False,False,False,05/12/2025,False,,valid_range
20030387,Hon. Jefferson Shreve,Member,IN06,20030387.pdf,2025,291,,Western Digital Corporation - Common Stock,Western Digital Corporation - Common Stock,WDC,WDC,ST,S,2025-05-12,2025-05-15,15001.0,50000.0,,"$15,001 - $50,000",valid_range,New,CRT - Standard Unit Trust,,Account Closing,,40,40,table,False,False,,False,0,False,False,100,True,30,False,https://disclosures-clerk.house.gov/public_disc/ptr-pdfs/2025/20030387.pdf,,,,Western Digital Corporation - Common Stock (WDC) [ST] Filing Status: New Subholding Of: CRT - Standard Unit Tru Description: Account Closing,Western Digital Corporation - Common Stock (WDC) [ST],S ust,05/12/2025,05/15/2025,"$15,001 - $50,000",,"Western Digital Corporation - Common Stock (WDC) [ST] S 05/12/2025 05/15/2025 $15,001 - $50,000 Filing Status: New Subholding Of: CRT - Standard Unit Trust Description: Account Closing",,,False,100,WDC,accepted,house_ptr_structure+v8_1,False,False,False,05/12/2025,False,,valid_range
20030387,Hon. Jefferson Shreve,Member,IN06,20030387.pdf,2025,292,,"Williams Companies, Inc.","Williams Companies, Inc.",WMB,WMB,ST,S,2025-05-12,2025-05-15,50001.0,100000.0,,"$50,001 - $100,000",valid_range,New,CRT - Standard Unit Trust,,Account Closing,,40,40,table,False,False,,False,0,False,True,100,True,30,False,https://disclosures-clerk.house.gov/public_disc/ptr-pdfs/2025/20030387.pdf,,,,"Williams Companies, Inc. (WMB) [ST]","Williams Companies, Inc. (WMB) [ST]",S,05/12/2025,05/15/2025,"$50,001 - $100,000",Filing Status: New Subholding Of: CRT - Standard Unit Trust Description: Account Closing,"Williams Companies, Inc. (WMB) [ST] S 05/12/2025 05/15/2025 $50,001 - $100,000 Filing Status: New Subholding Of: CRT - Standard Unit Trust Description: Account Closing",,,False,100,WMB,accepted,house_ptr_structure+v8_1,False,False,False,05/12/2025,False,,valid_range
20030387,Hon. Jefferson Shreve,Member,IN06,20030387.pdf,2025,293,,"Workday, Inc. - Class A Common Stock","Workday, Inc. - Class A Common Stock",WDAY,WDAY,ST,S (partial),2025-05-08,2025-05-15,15001.0,50000.0,,"$15,001 - $50,000",valid_range,New,CRT - Standard Unit Trust,,Portfolio Rebalance,,40,40,table,False,False,,False,0,False,False,100,True,30,False,https://disclosures-clerk.house.gov/public_disc/ptr-pdfs/2025/20030387.pdf,,,,"Workday, Inc. - Class A Common Stock (WDAY) [ST] Filing Status: New Subholding Of: CRT - Standard Unit Tru Description: Portfolio Rebalance","Workday, Inc. - Class A Common Stock (WDAY) [ST]",S (partial) ust,05/08/2025,05/15/2025,"$15,001 - $50,000",,"Workday, Inc. - Class A Common Stock (WDAY) [ST] S (partial) 05/08/2025 05/15/2025 $15,001 - $50,000 Filing Status: New Subholding Of: CRT - Standard Unit Trust Description: Portfolio Rebalance",,,False,100,WDAY,accepted,house_ptr_structure+v8_1,False,False,False,05/08/2025,False,,valid_range
20030387,Hon. Jefferson Shreve,Member,IN06,20030387.pdf,2025,294,,"Workday, Inc. - Class A Common Stock","Workday, Inc. - Class A Common Stock",WDAY,WDAY,ST,S,2025-05-12,2025-05-15,50001.0,100000.0,,"$50,001 - $100,000",valid_range,New,CRT - Standard Unit Trust,,Account Closing,,40,40,table,False,False,,False,0,False,True,100,True,30,False,https://disclosures-clerk.house.gov/public_disc/ptr-pdfs/2025/20030387.pdf,,,,"Workday, Inc. - Class A Common Stock (WDAY) [ST]","Workday, Inc. - Class A Common Stock (WDAY) [ST]",S,05/12/2025,05/15/2025,"$50,001 - $100,000",Filing Status: New Subholding Of: CRT - Standard Unit Trust Description: Account Closing,"Workday, Inc. - Class A Common Stock (WDAY) [ST] S 05/12/2025 05/15/2025 $50,001 - $100,000 Filing Status: New Subholding Of: CRT - Standard Unit Trust Description: Account Closing",,,False,100,WDAY,accepted,house_ptr_structure+v8_1,False,False,False,05/12/2025,False,,valid_range
20030387,Hon. Jefferson Shreve,Member,IN06,20030387.pdf,2025,295,,Zoetis Inc. Class A Common Stock,Zoetis Inc. Class A Common Stock,ZTS,ZTS,ST,S,2025-05-12,2025-05-15,15001.0,50000.0,,"$15,001 - $50,000",valid_range,New,CRT - Standard Unit Trust,,Account Closing,,40,40,table,False,False,,False,0,False,False,100,True,30,False,https://disclosures-clerk.house.gov/public_disc/ptr-pdfs/2025/20030387.pdf,,,,Zoetis Inc. Class A Common Stock (ZTS) [ST] Filing Status: New Subholding Of: CRT - Standard Unit Tru Description: Account Closing,Zoetis Inc. Class A Common Stock (ZTS) [ST],S ust,05/12/2025,05/15/2025,"$15,001 - $50,000",,"Zoetis Inc. Class A Common Stock (ZTS) [ST] S 05/12/2025 05/15/2025 $15,001 - $50,000 Filing Status: New Subholding Of: CRT - Standard Unit Trust Description: Account Closing",,,False,100,ZTS,accepted,house_ptr_structure+v8_1,False,False,False,05/12/2025,False,,valid_range
20030387,Hon. Jefferson Shreve,Member,IN06,20030387.pdf,2025,296,,"Zoom Communications, Inc. - Class A Common Stock","Zoom Communications, Inc. - Class A Common Stock",ZM,ZM,ST,S,2025-05-12,2025-05-15,15001.0,50000.0,,"$15,001 - $50,000",valid_range,New,CRT - Standard Unit Trust,,Account Closing,,40,40,table,False,False,,False,0,False,True,100,True,30,False,https://disclosures-clerk.house.gov/public_disc/ptr-pdfs/2025/20030387.pdf,,,,"Zoom Communications, Inc. - Class A Common Stock (ZM) [ST]","Zoom Communications, Inc. - Class A Common Stock (ZM) [ST]",S,05/12/2025,05/15/2025,"$15,001 - $50,000",Filing Status: New Subholding Of: CRT - Standard Unit Trust Description: Account Closing,"Zoom Communications, Inc. - Class A Common Stock (ZM) [ST] S 05/12/2025 05/15/2025 $15,001 - $50,000 Filing Status: New Subholding Of: CRT - Standard Unit Trust Description: Account Closing",,,False,100,ZM,accepted,house_ptr_structure+v8_1,False,False,False,05/12/2025,False,,valid_range
