filing_id,politician,member_status,state_district,source_pdf,source_year,transaction_number_in_filing,owner,asset_v8_2_cleaned,asset_v8_1,ticker_v8_2_cleaned,ticker_v8_1,asset_type,transaction_type,transaction_date,notification_date,amount_min,amount_max,amount_exact,amount_category,amount_status,filing_status,subholding,location,description,comments,page,last_page,page_parse_method,page_recovery_used,filing_page_completeness_issue,suspected_missed_pages,page_continuation_used,duplicate_geometry_rows_merged,possible_adjacent_same_signature,row_shaded,geometry_quality_score,unicode_repair_applied,unicode_repair_count,needs_review,original_pdf_url,review_level,review_reason,owner_raw,asset_raw,asset_lookup_context,transaction_type_raw,transaction_date_raw,notification_date_raw,amount_raw,continuation_raw,detail_raw,review_reason_v8_1,review_level_v8_1,needs_review_v8_1,geometry_quality_score_v8_1,ticker_candidate_raw,ticker_parse_status,ticker_validation_source,ticker_changed,asset_changed_by_ticker_resolver,raw_date_has_extra_text,raw_date_prefix,date_prefix_disagrees
20030932,Hon. Lisa McClain,Member,MI09,20030932.pdf,2025,1,SP,"ACI Worldwide, Inc. - Common Stock","ACI Worldwide, Inc. - Common Stock",ACIW,ACIW,ST,P,2025-08-19,2025-09-01,1001.0,15000.0,,"$1,001 - $15,000",valid_range,New,Charles Schwab Brokerage Account 924,,,,1,1,table,False,False,,False,0,False,False,100,True,20,False,https://disclosures-clerk.house.gov/public_disc/ptr-pdfs/2025/20030932.pdf,,,SP,"ACI Worldwide, Inc. - Common Stock (ACIW) [ST] Filing Status: New Subholding Of: Charles Schwab Brokera","ACI Worldwide, Inc. - Common Stock (ACIW) [ST]",P age Account 924,08/19/2025,09/01/2025,"$1,001 - $15,000",,"SP ACI Worldwide, Inc. - Common Stock (ACIW) [ST] P 08/19/2025 09/01/2025 $1,001 - $15,000 Filing Status: New Subholding Of: Charles Schwab Brokerage Account 924",,,False,100,ACIW,accepted,house_ptr_structure+v8_1,False,False,False,08/19/2025,False
20030932,Hon. Lisa McClain,Member,MI09,20030932.pdf,2025,2,SP,Agree Realty Corporation Common Stock,Agree Realty Corporation Common Stock,ADC,ADC,ST,P,2025-08-13,2025-09-01,1001.0,15000.0,,"$1,001 - $15,000",valid_range,New,Charles Schwab Brokerage Account 924,,,,1,1,table,False,False,,False,0,False,True,100,True,20,False,https://disclosures-clerk.house.gov/public_disc/ptr-pdfs/2025/20030932.pdf,,,SP,Agree Realty Corporation Common Stock (ADC) [ST],Agree Realty Corporation Common Stock (ADC) [ST],P,08/13/2025,09/01/2025,"$1,001 - $15,000",Filing Status: New Subholding Of: Charles Schwab Brokerage Account 924,"SP Agree Realty Corporation Common Stock (ADC) [ST] P 08/13/2025 09/01/2025 $1,001 - $15,000 Filing Status: New Subholding Of: Charles Schwab Brokerage Account 924",,,False,100,ADC,accepted,house_ptr_structure+v8_1,False,False,False,08/13/2025,False
20030932,Hon. Lisa McClain,Member,MI09,20030932.pdf,2025,3,SP,"Air Products and Chemicals, Inc. Common Stock","Air Products and Chemicals, Inc. Common Stock",APD,APD,ST,P,2025-08-04,2025-08-13,1001.0,15000.0,,"$1,001 - $15,000",valid_range,New,Charles Schwab Brokerage Account 924,,,,1,1,table,False,False,,False,0,False,False,100,True,20,False,https://disclosures-clerk.house.gov/public_disc/ptr-pdfs/2025/20030932.pdf,,,SP,"Air Products and Chemicals, Inc. Common Stock (APD) [ST] Filing Status: New Subholding Of: Charles Schwab Brokera","Air Products and Chemicals, Inc. Common Stock (APD) [ST]",P age Account 924,08/04/2025,08/13/2025,"$1,001 - $15,000",,"SP Air Products and Chemicals, Inc. Common Stock (APD) [ST] P 08/04/2025 08/13/2025 $1,001 - $15,000 Filing Status: New Subholding Of: Charles Schwab Brokerage Account 924",,,False,100,APD,accepted,house_ptr_structure+v8_1,False,False,False,08/04/2025,False
20030932,Hon. Lisa McClain,Member,MI09,20030932.pdf,2025,4,SP,"Akamai Technologies, Inc. - Common Stock","Akamai Technologies, Inc. - Common Stock",AKAM,AKAM,ST,P,2025-08-13,2025-09-01,1001.0,15000.0,,"$1,001 - $15,000",valid_range,New,Charles Schwab Brokerage Account 924,,,,1,1,table,False,False,,False,0,False,True,100,True,20,False,https://disclosures-clerk.house.gov/public_disc/ptr-pdfs/2025/20030932.pdf,,,SP,"Akamai Technologies, Inc. - Common Stock (AKAM) [ST]","Akamai Technologies, Inc. - Common Stock (AKAM) [ST]",P,08/13/2025,09/01/2025,"$1,001 - $15,000",Filing Status: New Subholding Of: Charles Schwab Brokerage Account 924,"SP Akamai Technologies, Inc. - Common Stock (AKAM) [ST] P 08/13/2025 09/01/2025 $1,001 - $15,000 Filing Status: New Subholding Of: Charles Schwab Brokerage Account 924",,,False,100,AKAM,accepted,house_ptr_structure+v8_1,False,False,False,08/13/2025,False
20030932,Hon. Lisa McClain,Member,MI09,20030932.pdf,2025,5,SP,"Align Technology, Inc. - Common Stock","Align Technology, Inc. - Common Stock",ALGN,ALGN,ST,P,2025-08-04,2025-08-13,1001.0,15000.0,,"$1,001 - $15,000",valid_range,New,Charles Schwab Brokerage Account 924,,,,1,1,table,False,False,,False,0,False,False,100,True,20,False,https://disclosures-clerk.house.gov/public_disc/ptr-pdfs/2025/20030932.pdf,,,SP,"Align Technology, Inc. - Common Stock (ALGN) [ST] Filing Status: New Subholding Of: Charles Schwab Brokera","Align Technology, Inc. - Common Stock (ALGN) [ST]",P age Account 924,08/04/2025,08/13/2025,"$1,001 - $15,000",,"SP Align Technology, Inc. - Common Stock (ALGN) [ST] P 08/04/2025 08/13/2025 $1,001 - $15,000 Filing Status: New Subholding Of: Charles Schwab Brokerage Account 924",,,False,100,ALGN,accepted,house_ptr_structure+v8_1,False,False,False,08/04/2025,False
20030932,Hon. Lisa McClain,Member,MI09,20030932.pdf,2025,6,SP,Alliant Energy Corporation,Alliant Energy Corporation,LNT,LNT,ST,S,2025-08-13,2025-09-01,1001.0,15000.0,,"$1,001 - $15,000",valid_range,New,Charles Schwab Brokerage Account 924,,,,1,1,table,False,False,,False,0,False,True,100,True,20,False,https://disclosures-clerk.house.gov/public_disc/ptr-pdfs/2025/20030932.pdf,,,SP,Alliant Energy Corporation (LNT) [ST],Alliant Energy Corporation (LNT) [ST],S,08/13/2025,09/01/2025,"$1,001 - $15,000",Filing Status: New Subholding Of: Charles Schwab Brokerage Account 924,"SP Alliant Energy Corporation (LNT) [ST] S 08/13/2025 09/01/2025 $1,001 - $15,000 Filing Status: New Subholding Of: Charles Schwab Brokerage Account 924",,,False,100,LNT,accepted,house_ptr_structure+v8_1,False,False,False,08/13/2025,False
20030932,Hon. Lisa McClain,Member,MI09,20030932.pdf,2025,7,SP,Alliant Energy Corporation,Alliant Energy Corporation,LNT,LNT,ST,P,2025-08-04,2025-08-13,1001.0,15000.0,,"$1,001 - $15,000",valid_range,New,Charles Schwab Brokerage Account 924,,,,2,2,table,False,False,,False,0,False,False,100,True,20,False,https://disclosures-clerk.house.gov/public_disc/ptr-pdfs/2025/20030932.pdf,,,SP,Alliant Energy Corporation (LNT) [ST] Filing Status: New Subholding Of: Charles Schwab Brokera,Alliant Energy Corporation (LNT) [ST],P age Account 924,08/04/2025,08/13/2025,"$1,001 - $15,000",,"SP Alliant Energy Corporation (LNT) [ST] P 08/04/2025 08/13/2025 $1,001 - $15,000 Filing Status: New Subholding Of: Charles Schwab Brokerage Account 924",,,False,100,LNT,accepted,house_ptr_structure+v8_1,False,False,False,08/04/2025,False
20030932,Hon. Lisa McClain,Member,MI09,20030932.pdf,2025,8,SP,Amedisys Inc - Common Stock,Amedisys Inc - Common Stock,AMED,AMED,ST,S,2025-08-18,2025-09-01,1001.0,15000.0,,"$1,001 - $15,000",valid_range,New,Charles Schwab Brokerage Account 924,,,,2,2,table,False,False,,False,0,False,True,100,True,20,False,https://disclosures-clerk.house.gov/public_disc/ptr-pdfs/2025/20030932.pdf,,,SP,Amedisys Inc - Common Stock (AMED) [ST],Amedisys Inc - Common Stock (AMED) [ST],S,08/18/2025,09/01/2025,"$1,001 - $15,000",Filing Status: New Subholding Of: Charles Schwab Brokerage Account 924,"SP Amedisys Inc - Common Stock (AMED) [ST] S 08/18/2025 09/01/2025 $1,001 - $15,000 Filing Status: New Subholding Of: Charles Schwab Brokerage Account 924",,,False,100,AMED,accepted,house_ptr_structure+v8_1,False,False,False,08/18/2025,False
20030932,Hon. Lisa McClain,Member,MI09,20030932.pdf,2025,9,SP,Anheuser-Busch Inbev SA Sponsored ADR,Anheuser-Busch Inbev SA Sponsored ADR,BUD,BUD,ST,S,2025-08-04,2025-08-13,1001.0,15000.0,,"$1,001 - $15,000",valid_range,New,Charles Schwab Brokerage Account 924,,,,2,2,table,False,False,,False,0,False,False,100,True,20,False,https://disclosures-clerk.house.gov/public_disc/ptr-pdfs/2025/20030932.pdf,,,SP,Anheuser-Busch Inbev SA Sponsored ADR (BUD) [ST] Filing Status: New Subholding Of: Charles Schwab Brokera,Anheuser-Busch Inbev SA Sponsored ADR (BUD) [ST],S age Account 924,08/04/2025,08/13/2025,"$1,001 - $15,000",,"SP Anheuser-Busch Inbev SA Sponsored ADR (BUD) [ST] S 08/04/2025 08/13/2025 $1,001 - $15,000 Filing Status: New Subholding Of: Charles Schwab Brokerage Account 924",,,False,100,BUD,accepted,house_ptr_structure+v8_1,False,False,False,08/04/2025,False
20030932,Hon. Lisa McClain,Member,MI09,20030932.pdf,2025,10,SP,"AppFolio, Inc. - Class A Common Stock","AppFolio, Inc. - Class A Common Stock",APPF,APPF,ST,P,2025-08-13,2025-09-01,1001.0,15000.0,,"$1,001 - $15,000",valid_range,New,Charles Schwab Brokerage Account 924,,,,2,2,table,False,False,,False,0,False,True,100,True,20,False,https://disclosures-clerk.house.gov/public_disc/ptr-pdfs/2025/20030932.pdf,,,SP,"AppFolio, Inc. - Class A Common Stock (APPF) [ST]","AppFolio, Inc. - Class A Common Stock (APPF) [ST]",P,08/13/2025,09/01/2025,"$1,001 - $15,000",Filing Status: New Subholding Of: Charles Schwab Brokerage Account 924,"SP AppFolio, Inc. - Class A Common Stock (APPF) [ST] P 08/13/2025 09/01/2025 $1,001 - $15,000 Filing Status: New Subholding Of: Charles Schwab Brokerage Account 924",,,False,100,APPF,accepted,house_ptr_structure+v8_1,False,False,False,08/13/2025,False
20030932,Hon. Lisa McClain,Member,MI09,20030932.pdf,2025,11,SP,Arcelor Mittal NY Registry Shares NEW,Arcelor Mittal NY Registry Shares NEW,MT,MT,ST,S,2025-08-04,2025-08-13,1001.0,15000.0,,"$1,001 - $15,000",valid_range,New,Charles Schwab Brokerage Account 924,,,,2,2,table,False,False,,False,0,False,False,100,True,20,False,https://disclosures-clerk.house.gov/public_disc/ptr-pdfs/2025/20030932.pdf,,,SP,Arcelor Mittal NY Registry Shares NEW (MT) [ST] Filing Status: New Subholding Of: Charles Schwab Brokera,Arcelor Mittal NY Registry Shares NEW (MT) [ST],S age Account 924,08/04/2025,08/13/2025,"$1,001 - $15,000",,"SP Arcelor Mittal NY Registry Shares NEW (MT) [ST] S 08/04/2025 08/13/2025 $1,001 - $15,000 Filing Status: New Subholding Of: Charles Schwab Brokerage Account 924",,,False,100,MT,accepted,house_ptr_structure+v8_1,False,False,False,08/04/2025,False
20030932,Hon. Lisa McClain,Member,MI09,20030932.pdf,2025,12,SP,"Arista Networks, Inc. Common Stock","Arista Networks, Inc. Common Stock",ANET,ANET,ST,P,2025-08-13,2025-09-01,1001.0,15000.0,,"$1,001 - $15,000",valid_range,New,Charles Schwab Brokerage Account 924,,,,2,2,table,False,False,,False,0,False,True,100,True,20,False,https://disclosures-clerk.house.gov/public_disc/ptr-pdfs/2025/20030932.pdf,,,SP,"Arista Networks, Inc. Common Stock (ANET) [ST]","Arista Networks, Inc. Common Stock (ANET) [ST]",P,08/13/2025,09/01/2025,"$1,001 - $15,000",Filing Status: New Subholding Of: Charles Schwab Brokerage Account 924,"SP Arista Networks, Inc. Common Stock (ANET) [ST] P 08/13/2025 09/01/2025 $1,001 - $15,000 Filing Status: New Subholding Of: Charles Schwab Brokerage Account 924",,,False,100,ANET,accepted,house_ptr_structure+v8_1,False,False,False,08/13/2025,False
20030932,Hon. Lisa McClain,Member,MI09,20030932.pdf,2025,13,SP,"AvalonBay Communities, Inc. Common Stock","AvalonBay Communities, Inc. Common Stock",AVB,AVB,ST,P,2025-08-04,2025-08-13,1001.0,15000.0,,"$1,001 - $15,000",valid_range,New,Charles Schwab Brokerage Account 924,,,,2,2,table,False,False,,False,0,False,False,100,True,20,False,https://disclosures-clerk.house.gov/public_disc/ptr-pdfs/2025/20030932.pdf,,,SP,"AvalonBay Communities, Inc. Common Stock (AVB) [ST] Filing Status: New Subholding Of: Charles Schwab Brokera","AvalonBay Communities, Inc. Common Stock (AVB) [ST]",P age Account 924,08/04/2025,08/13/2025,"$1,001 - $15,000",,"SP AvalonBay Communities, Inc. Common Stock (AVB) [ST] P 08/04/2025 08/13/2025 $1,001 - $15,000 Filing Status: New Subholding Of: Charles Schwab Brokerage Account 924",,,False,100,AVB,accepted,house_ptr_structure+v8_1,False,False,False,08/04/2025,False
20030932,Hon. Lisa McClain,Member,MI09,20030932.pdf,2025,14,SP,Baxter International Inc. Common Stock,Baxter International Inc. Common Stock,BAX,BAX,ST,S,2025-08-04,2025-08-13,1001.0,15000.0,,"$1,001 - $15,000",valid_range,New,Charles Schwab Brokerage Account 924,,,,2,2,table,False,False,,False,0,False,True,100,True,20,False,https://disclosures-clerk.house.gov/public_disc/ptr-pdfs/2025/20030932.pdf,,,SP,Baxter International Inc. Common Stock (BAX) [ST],Baxter International Inc. Common Stock (BAX) [ST],S,08/04/2025,08/13/2025,"$1,001 - $15,000",Filing Status: New Subholding Of: Charles Schwab Brokerage Account 924,"SP Baxter International Inc. Common Stock (BAX) [ST] S 08/04/2025 08/13/2025 $1,001 - $15,000 Filing Status: New Subholding Of: Charles Schwab Brokerage Account 924",,,False,100,BAX,accepted,house_ptr_structure+v8_1,False,False,False,08/04/2025,False
20030932,Hon. Lisa McClain,Member,MI09,20030932.pdf,2025,15,SP,"Berkshire Hills Bancorp, Inc. Common Stock","Berkshire Hills Bancorp, Inc. Common Stock",BHLB,BHLB,ST,P,2025-08-04,2025-08-13,1001.0,15000.0,,"$1,001 - $15,000",valid_range,New,Charles Schwab Brokerage Account 924,,,,2,2,table,False,False,,False,0,False,False,100,True,20,False,https://disclosures-clerk.house.gov/public_disc/ptr-pdfs/2025/20030932.pdf,,,SP,"Berkshire Hills Bancorp, Inc. Common Stock (BHLB) [ST] Filing Status: New Subholding Of: Charles Schwab Brokera","Berkshire Hills Bancorp, Inc. Common Stock (BHLB) [ST]",P age Account 924,08/04/2025,08/13/2025,"$1,001 - $15,000",,"SP Berkshire Hills Bancorp, Inc. Common Stock (BHLB) [ST] P 08/04/2025 08/13/2025 $1,001 - $15,000 Filing Status: New Subholding Of: Charles Schwab Brokerage Account 924",,,False,100,BHLB,accepted,house_ptr_structure+v8_1,False,False,False,08/04/2025,False
20030932,Hon. Lisa McClain,Member,MI09,20030932.pdf,2025,16,SP,BHP Group Limited American Depositary Shares,BHP Group Limited American Depositary Shares,BHP,BHP,ST,S,2025-08-04,2025-08-13,1001.0,15000.0,,"$1,001 - $15,000",valid_range,New,Charles Schwab Brokerage Account 924,,,,3,3,table,False,False,,False,0,False,True,100,True,20,False,https://disclosures-clerk.house.gov/public_disc/ptr-pdfs/2025/20030932.pdf,,,SP,BHP Group Limited American Depositary Shares (BHP) [ST],BHP Group Limited American Depositary Shares (BHP) [ST],S,08/04/2025,08/13/2025,"$1,001 - $15,000",Filing Status: New Subholding Of: Charles Schwab Brokerage Account 924,"SP BHP Group Limited American Depositary Shares (BHP) [ST] S 08/04/2025 08/13/2025 $1,001 - $15,000 Filing Status: New Subholding Of: Charles Schwab Brokerage Account 924",,,False,100,BHP,accepted,house_ptr_structure+v8_1,False,False,False,08/04/2025,False
20030932,Hon. Lisa McClain,Member,MI09,20030932.pdf,2025,17,SP,"BigBear.ai, Inc. Common Stock","BigBear.ai, Inc. Common Stock",BBAI,BBAI,ST,P,2025-08-07,2025-08-13,15001.0,50000.0,,"$15,001 - $50,000",valid_range,New,Charles Schwab 401K > Schwab 824,,,,3,3,table,False,False,,False,0,False,False,100,True,20,False,https://disclosures-clerk.house.gov/public_disc/ptr-pdfs/2025/20030932.pdf,,,SP,"BigBear.ai, Inc. Common Stock (BBAI) [ST] Filing Status: New Subholding Of: Charles Schwab 401K >","BigBear.ai, Inc. Common Stock (BBAI) [ST]",P Schwab 824,08/07/2025,08/13/2025,"$15,001 - $50,000",,"SP BigBear.ai, Inc. Common Stock (BBAI) [ST] P 08/07/2025 08/13/2025 $15,001 - $50,000 Filing Status: New Subholding Of: Charles Schwab 401K > Schwab 824",,,False,100,BBAI,accepted,house_ptr_structure+v8_1,False,False,False,08/07/2025,False
20030932,Hon. Lisa McClain,Member,MI09,20030932.pdf,2025,18,SP,"BILL Holdings, Inc. Common Stock","BILL Holdings, Inc. Common Stock",BILL,BILL,ST,S,2025-08-13,2025-09-01,1001.0,15000.0,,"$1,001 - $15,000",valid_range,New,Charles Schwab Brokerage Account 924,,,,3,3,table,False,False,,False,0,False,True,100,True,20,False,https://disclosures-clerk.house.gov/public_disc/ptr-pdfs/2025/20030932.pdf,,,SP,"BILL Holdings, Inc. Common Stock (BILL) [ST]","BILL Holdings, Inc. Common Stock (BILL) [ST]",S,08/13/2025,09/01/2025,"$1,001 - $15,000",Filing Status: New Subholding Of: Charles Schwab Brokerage Account 924,"SP BILL Holdings, Inc. Common Stock (BILL) [ST] S 08/13/2025 09/01/2025 $1,001 - $15,000 Filing Status: New Subholding Of: Charles Schwab Brokerage Account 924",,,False,100,BILL,accepted,house_ptr_structure+v8_1,False,False,False,08/13/2025,False
20030932,Hon. Lisa McClain,Member,MI09,20030932.pdf,2025,19,SP,"BlackLine, Inc. - Common Stock","BlackLine, Inc. - Common Stock",BL,BL,ST,P,2025-08-13,2025-09-01,1001.0,15000.0,,"$1,001 - $15,000",valid_range,New,Charles Schwab Brokerage Account 924,,,,3,3,table,False,False,,False,0,False,False,100,True,20,False,https://disclosures-clerk.house.gov/public_disc/ptr-pdfs/2025/20030932.pdf,,,SP,"BlackLine, Inc. - Common Stock (BL) [ST] Filing Status: New Subholding Of: Charles Schwab Brokera","BlackLine, Inc. - Common Stock (BL) [ST]",P age Account 924,08/13/2025,09/01/2025,"$1,001 - $15,000",,"SP BlackLine, Inc. - Common Stock (BL) [ST] P 08/13/2025 09/01/2025 $1,001 - $15,000 Filing Status: New Subholding Of: Charles Schwab Brokerage Account 924",,,False,100,BL,accepted,house_ptr_structure+v8_1,False,False,False,08/13/2025,False
20030932,Hon. Lisa McClain,Member,MI09,20030932.pdf,2025,20,SP,"Boise Cascade, L.L.C. Common Stock","Boise Cascade, L.L.C. Common Stock",BCC,BCC,ST,P,2025-08-04,2025-08-13,1001.0,15000.0,,"$1,001 - $15,000",valid_range,New,Charles Schwab Brokerage Account 924,,,,3,3,table,False,False,,False,0,False,True,100,True,20,False,https://disclosures-clerk.house.gov/public_disc/ptr-pdfs/2025/20030932.pdf,,,SP,"Boise Cascade, L.L.C. Common Stock (BCC) [ST]","Boise Cascade, L.L.C. Common Stock (BCC) [ST]",P,08/04/2025,08/13/2025,"$1,001 - $15,000",Filing Status: New Subholding Of: Charles Schwab Brokerage Account 924,"SP Boise Cascade, L.L.C. Common Stock (BCC) [ST] P 08/04/2025 08/13/2025 $1,001 - $15,000 Filing Status: New Subholding Of: Charles Schwab Brokerage Account 924",,,False,100,BCC,accepted,house_ptr_structure+v8_1,False,False,False,08/04/2025,False
20030932,Hon. Lisa McClain,Member,MI09,20030932.pdf,2025,21,SP,Boston Scientific Corporation Common Stock,Boston Scientific Corporation Common Stock,BSX,BSX,ST,S (partial),2025-08-04,2025-08-13,1001.0,15000.0,,"$1,001 - $15,000",valid_range,New,Charles Schwab Brokerage Account 924,,,,3,3,table,False,False,,False,0,False,False,100,True,20,False,https://disclosures-clerk.house.gov/public_disc/ptr-pdfs/2025/20030932.pdf,,,SP,Boston Scientific Corporation Common Stock (BSX) [ST] Filing Status: New Subholding Of: Charles Schwab Brokera,Boston Scientific Corporation Common Stock (BSX) [ST],S (partial) age Account 924,08/04/2025,08/13/2025,"$1,001 - $15,000",,"SP Boston Scientific Corporation Common Stock (BSX) [ST] S (partial) 08/04/2025 08/13/2025 $1,001 - $15,000 Filing Status: New Subholding Of: Charles Schwab Brokerage Account 924",,,False,100,BSX,accepted,house_ptr_structure+v8_1,False,False,False,08/04/2025,False
20030932,Hon. Lisa McClain,Member,MI09,20030932.pdf,2025,22,SP,"British American Tobacco Industries, p.l.c. Common Stock ADR","British American Tobacco Industries, p.l.c. Common Stock ADR",BTI,BTI,ST,P,2025-08-04,2025-08-13,1001.0,15000.0,,"$1,001 - $15,000",valid_range,New,Charles Schwab Brokerage Account 924,,,,3,3,table,False,False,,False,0,False,True,100,True,20,False,https://disclosures-clerk.house.gov/public_disc/ptr-pdfs/2025/20030932.pdf,,,SP,"British American Tobacco Industries, p.l.c. Common Stock ADR (BTI) [ST]","British American Tobacco Industries, p.l.c. Common Stock ADR (BTI) [ST]",P,08/04/2025,08/13/2025,"$1,001 - $15,000",Filing Status: New Subholding Of: Charles Schwab Brokerage Account 924,"SP British American Tobacco Industries, p.l.c. Common Stock ADR (BTI) [ST] P 08/04/2025 08/13/2025 $1,001 - $15,000 Filing Status: New Subholding Of: Charles Schwab Brokerage Account 924",,,False,100,BTI,accepted,house_ptr_structure+v8_1,False,False,False,08/04/2025,False
20030932,Hon. Lisa McClain,Member,MI09,20030932.pdf,2025,23,SP,"Brown & Brown, Inc. Common Stock","Brown & Brown, Inc. Common Stock",BRO,BRO,ST,P,2025-08-04,2025-08-13,1001.0,15000.0,,"$1,001 - $15,000",valid_range,New,Charles Schwab Brokerage Account 924,,,,3,3,table,False,False,,False,0,False,False,100,True,20,False,https://disclosures-clerk.house.gov/public_disc/ptr-pdfs/2025/20030932.pdf,,,SP,"Brown & Brown, Inc. Common Stock (BRO) [ST] Filing Status: New Subholding Of: Charles Schwab Brokera","Brown & Brown, Inc. Common Stock (BRO) [ST]",P age Account 924,08/04/2025,08/13/2025,"$1,001 - $15,000",,"SP Brown & Brown, Inc. Common Stock (BRO) [ST] P 08/04/2025 08/13/2025 $1,001 - $15,000 Filing Status: New Subholding Of: Charles Schwab Brokerage Account 924",,,False,100,BRO,accepted,house_ptr_structure+v8_1,False,False,False,08/04/2025,False
20030932,Hon. Lisa McClain,Member,MI09,20030932.pdf,2025,24,SP,"Burlington Stores, Inc. Common Stock","Burlington Stores, Inc. Common Stock",BURL,BURL,ST,P,2025-08-13,2025-09-01,1001.0,15000.0,,"$1,001 - $15,000",valid_range,New,Charles Schwab Brokerage Account 924,,,,3,3,table,False,False,,False,0,False,True,100,True,20,False,https://disclosures-clerk.house.gov/public_disc/ptr-pdfs/2025/20030932.pdf,,,SP,"Burlington Stores, Inc. Common Stock (BURL) [ST]","Burlington Stores, Inc. Common Stock (BURL) [ST]",P,08/13/2025,09/01/2025,"$1,001 - $15,000",Filing Status: New Subholding Of: Charles Schwab Brokerage Account 924,"SP Burlington Stores, Inc. Common Stock (BURL) [ST] P 08/13/2025 09/01/2025 $1,001 - $15,000 Filing Status: New Subholding Of: Charles Schwab Brokerage Account 924",,,False,100,BURL,accepted,house_ptr_structure+v8_1,False,False,False,08/13/2025,False
20030932,Hon. Lisa McClain,Member,MI09,20030932.pdf,2025,25,SP,Carlisle Companies Incorporated Common Stock,Carlisle Companies Incorporated Common Stock,CSL,CSL,ST,S,2025-08-04,2025-08-13,1001.0,15000.0,,"$1,001 - $15,000",valid_range,New,Charles Schwab Brokerage Account 924,,,,4,4,table,False,False,,False,0,False,False,100,True,20,False,https://disclosures-clerk.house.gov/public_disc/ptr-pdfs/2025/20030932.pdf,,,SP,Carlisle Companies Incorporated Common Stock (CSL) [ST] Filing Status: New Subholding Of: Charles Schwab Brokera,Carlisle Companies Incorporated Common Stock (CSL) [ST],S age Account 924,08/04/2025,08/13/2025,"$1,001 - $15,000",,"SP Carlisle Companies Incorporated Common Stock (CSL) [ST] S 08/04/2025 08/13/2025 $1,001 - $15,000 Filing Status: New Subholding Of: Charles Schwab Brokerage Account 924",,,False,100,CSL,accepted,house_ptr_structure+v8_1,False,False,False,08/04/2025,False
20030932,Hon. Lisa McClain,Member,MI09,20030932.pdf,2025,26,SP,Carrier Global Corporation Common Stock,Carrier Global Corporation Common Stock,CARR,CARR,ST,P,2025-08-04,2025-08-13,1001.0,15000.0,,"$1,001 - $15,000",valid_range,New,Charles Schwab Brokerage Account 924,,,,4,4,table,False,False,,False,0,False,True,100,True,20,False,https://disclosures-clerk.house.gov/public_disc/ptr-pdfs/2025/20030932.pdf,,,SP,Carrier Global Corporation Common Stock (CARR) [ST],Carrier Global Corporation Common Stock (CARR) [ST],P,08/04/2025,08/13/2025,"$1,001 - $15,000",Filing Status: New Subholding Of: Charles Schwab Brokerage Account 924,"SP Carrier Global Corporation Common Stock (CARR) [ST] P 08/04/2025 08/13/2025 $1,001 - $15,000 Filing Status: New Subholding Of: Charles Schwab Brokerage Account 924",,,False,100,CARR,accepted,house_ptr_structure+v8_1,False,False,False,08/04/2025,False
20030932,Hon. Lisa McClain,Member,MI09,20030932.pdf,2025,27,SP,"Church & Dwight Company, Inc. Common Stock","Church & Dwight Company, Inc. Common Stock",CHD,CHD,ST,P,2025-08-04,2025-08-13,1001.0,15000.0,,"$1,001 - $15,000",valid_range,New,Charles Schwab Brokerage Account 924,,,,4,4,table,False,False,,False,0,False,False,100,True,20,False,https://disclosures-clerk.house.gov/public_disc/ptr-pdfs/2025/20030932.pdf,,,SP,"Church & Dwight Company, Inc. Common Stock (CHD) [ST] Filing Status: New Subholding Of: Charles Schwab Brokera","Church & Dwight Company, Inc. Common Stock (CHD) [ST]",P age Account 924,08/04/2025,08/13/2025,"$1,001 - $15,000",,"SP Church & Dwight Company, Inc. Common Stock (CHD) [ST] P 08/04/2025 08/13/2025 $1,001 - $15,000 Filing Status: New Subholding Of: Charles Schwab Brokerage Account 924",,,False,100,CHD,accepted,house_ptr_structure+v8_1,False,False,False,08/04/2025,False
20030932,Hon. Lisa McClain,Member,MI09,20030932.pdf,2025,28,SP,"Cisco Systems, Inc. - Common Stock","Cisco Systems, Inc. - Common Stock",CSCO,CSCO,ST,S,2025-08-04,2025-08-13,1001.0,15000.0,,"$1,001 - $15,000",valid_range,New,Charles Schwab Brokerage Account 924,,,,4,4,table,False,False,,False,0,False,True,100,True,20,False,https://disclosures-clerk.house.gov/public_disc/ptr-pdfs/2025/20030932.pdf,,,SP,"Cisco Systems, Inc. - Common Stock (CSCO) [ST]","Cisco Systems, Inc. - Common Stock (CSCO) [ST]",S,08/04/2025,08/13/2025,"$1,001 - $15,000",Filing Status: New Subholding Of: Charles Schwab Brokerage Account 924,"SP Cisco Systems, Inc. - Common Stock (CSCO) [ST] S 08/04/2025 08/13/2025 $1,001 - $15,000 Filing Status: New Subholding Of: Charles Schwab Brokerage Account 924",,,False,100,CSCO,accepted,house_ptr_structure+v8_1,False,False,False,08/04/2025,False
20030932,Hon. Lisa McClain,Member,MI09,20030932.pdf,2025,29,SP,CNH Industrial N.V. Common Shares,CNH Industrial N.V. Common Shares,CNH,CNH,ST,S,2025-08-04,2025-08-13,1001.0,15000.0,,"$1,001 - $15,000",valid_range,New,Charles Schwab Brokerage Account 924,,,,4,4,table,False,False,,False,0,False,False,100,True,20,False,https://disclosures-clerk.house.gov/public_disc/ptr-pdfs/2025/20030932.pdf,,,SP,CNH Industrial N.V. Common Shares (CNH) [ST] Filing Status: New Subholding Of: Charles Schwab Brokera,CNH Industrial N.V. Common Shares (CNH) [ST],S age Account 924,08/04/2025,08/13/2025,"$1,001 - $15,000",,"SP CNH Industrial N.V. Common Shares (CNH) [ST] S 08/04/2025 08/13/2025 $1,001 - $15,000 Filing Status: New Subholding Of: Charles Schwab Brokerage Account 924",,,False,100,CNH,accepted,house_ptr_structure+v8_1,False,False,False,08/04/2025,False
20030932,Hon. Lisa McClain,Member,MI09,20030932.pdf,2025,30,SP,Colgate-Palmolive Company Common Stock,Colgate-Palmolive Company Common Stock,CL,CL,ST,P,2025-08-13,2025-09-01,1001.0,15000.0,,"$1,001 - $15,000",valid_range,New,Charles Schwab Brokerage Account 924,,,,4,4,table,False,False,,False,0,False,True,100,True,20,False,https://disclosures-clerk.house.gov/public_disc/ptr-pdfs/2025/20030932.pdf,,,SP,Colgate-Palmolive Company Common Stock (CL) [ST],Colgate-Palmolive Company Common Stock (CL) [ST],P,08/13/2025,09/01/2025,"$1,001 - $15,000",Filing Status: New Subholding Of: Charles Schwab Brokerage Account 924,"SP Colgate-Palmolive Company Common Stock (CL) [ST] P 08/13/2025 09/01/2025 $1,001 - $15,000 Filing Status: New Subholding Of: Charles Schwab Brokerage Account 924",,,False,100,CL,accepted,house_ptr_structure+v8_1,False,False,False,08/13/2025,False
20030932,Hon. Lisa McClain,Member,MI09,20030932.pdf,2025,31,SP,"Commvault Systems, Inc. - Common Stock","Commvault Systems, Inc. - Common Stock",CVLT,CVLT,ST,P,2025-08-13,2025-09-01,1001.0,15000.0,,"$1,001 - $15,000",valid_range,New,Charles Schwab Brokerage Account 924,,,,4,4,table,False,False,,False,0,False,False,100,True,20,False,https://disclosures-clerk.house.gov/public_disc/ptr-pdfs/2025/20030932.pdf,,,SP,"Commvault Systems, Inc. - Common Stock (CVLT) [ST] Filing Status: New Subholding Of: Charles Schwab Brokera","Commvault Systems, Inc. - Common Stock (CVLT) [ST]",P age Account 924,08/13/2025,09/01/2025,"$1,001 - $15,000",,"SP Commvault Systems, Inc. - Common Stock (CVLT) [ST] P 08/13/2025 09/01/2025 $1,001 - $15,000 Filing Status: New Subholding Of: Charles Schwab Brokerage Account 924",,,False,100,CVLT,accepted,house_ptr_structure+v8_1,False,False,False,08/13/2025,False
20030932,Hon. Lisa McClain,Member,MI09,20030932.pdf,2025,32,SP,"ConAgra Brands, Inc. Common Stock","ConAgra Brands, Inc. Common Stock",CAG,CAG,ST,S,2025-08-04,2025-08-13,1001.0,15000.0,,"$1,001 - $15,000",valid_range,New,Charles Schwab Brokerage Account 924,,,,4,4,table,False,False,,False,0,False,True,100,True,20,False,https://disclosures-clerk.house.gov/public_disc/ptr-pdfs/2025/20030932.pdf,,,SP,"ConAgra Brands, Inc. Common Stock (CAG) [ST]","ConAgra Brands, Inc. Common Stock (CAG) [ST]",S,08/04/2025,08/13/2025,"$1,001 - $15,000",Filing Status: New Subholding Of: Charles Schwab Brokerage Account 924,"SP ConAgra Brands, Inc. Common Stock (CAG) [ST] S 08/04/2025 08/13/2025 $1,001 - $15,000 Filing Status: New Subholding Of: Charles Schwab Brokerage Account 924",,,False,100,CAG,accepted,house_ptr_structure+v8_1,False,False,False,08/04/2025,False
20030932,Hon. Lisa McClain,Member,MI09,20030932.pdf,2025,33,SP,"CoStar Group, Inc. - Common Stock","CoStar Group, Inc. - Common Stock",CSGP,CSGP,ST,P,2025-08-13,2025-09-01,1001.0,15000.0,,"$1,001 - $15,000",valid_range,New,Charles Schwab Brokerage Account 924,,,,4,4,table,False,False,,False,0,False,False,100,True,20,False,https://disclosures-clerk.house.gov/public_disc/ptr-pdfs/2025/20030932.pdf,,,SP,"CoStar Group, Inc. - Common Stock (CSGP) [ST] Filing Status: New Subholding Of: Charles Schwab Brokera","CoStar Group, Inc. - Common Stock (CSGP) [ST]",P age Account 924,08/13/2025,09/01/2025,"$1,001 - $15,000",,"SP CoStar Group, Inc. - Common Stock (CSGP) [ST] P 08/13/2025 09/01/2025 $1,001 - $15,000 Filing Status: New Subholding Of: Charles Schwab Brokerage Account 924",,,False,100,CSGP,accepted,house_ptr_structure+v8_1,False,False,False,08/13/2025,False
20030932,Hon. Lisa McClain,Member,MI09,20030932.pdf,2025,34,SP,"CrowdStrike Holdings, Inc. - Class A Common Stock","CrowdStrike Holdings, Inc. - Class A Common Stock",CRWD,CRWD,ST,S,2025-08-04,2025-08-13,1001.0,15000.0,,"$1,001 - $15,000",valid_range,New,Charles Schwab Brokerage Account 924,,,,5,5,table,False,False,,False,0,False,True,100,True,20,False,https://disclosures-clerk.house.gov/public_disc/ptr-pdfs/2025/20030932.pdf,,,SP,"CrowdStrike Holdings, Inc. - Class A Common Stock (CRWD) [ST]","CrowdStrike Holdings, Inc. - Class A Common Stock (CRWD) [ST]",S,08/04/2025,08/13/2025,"$1,001 - $15,000",Filing Status: New Subholding Of: Charles Schwab Brokerage Account 924,"SP CrowdStrike Holdings, Inc. - Class A Common Stock (CRWD) [ST] S 08/04/2025 08/13/2025 $1,001 - $15,000 Filing Status: New Subholding Of: Charles Schwab Brokerage Account 924",,,False,100,CRWD,accepted,house_ptr_structure+v8_1,False,False,False,08/04/2025,False
20030932,Hon. Lisa McClain,Member,MI09,20030932.pdf,2025,35,SP,CubeSmart Common Shares,CubeSmart Common Shares,CUBE,CUBE,ST,P,2025-08-04,2025-08-13,1001.0,15000.0,,"$1,001 - $15,000",valid_range,New,Charles Schwab Brokerage Account 924,,,,5,5,table,False,False,,False,0,False,False,100,True,20,False,https://disclosures-clerk.house.gov/public_disc/ptr-pdfs/2025/20030932.pdf,,,SP,CubeSmart Common Shares (CUBE) [ST] Filing Status: New Subholding Of: Charles Schwab Brokera,CubeSmart Common Shares (CUBE) [ST],P age Account 924,08/04/2025,08/13/2025,"$1,001 - $15,000",,"SP CubeSmart Common Shares (CUBE) [ST] P 08/04/2025 08/13/2025 $1,001 - $15,000 Filing Status: New Subholding Of: Charles Schwab Brokerage Account 924",,,False,100,CUBE,accepted,house_ptr_structure+v8_1,False,False,False,08/04/2025,False
20030932,Hon. Lisa McClain,Member,MI09,20030932.pdf,2025,36,SP,CubeSmart Common Shares,CubeSmart Common Shares,CUBE,CUBE,ST,S,2025-08-13,2025-09-01,1001.0,15000.0,,"$1,001 - $15,000",valid_range,New,Charles Schwab Brokerage Account 924,,,,5,5,table,False,False,,False,0,False,True,100,True,20,False,https://disclosures-clerk.house.gov/public_disc/ptr-pdfs/2025/20030932.pdf,,,SP,CubeSmart Common Shares (CUBE) [ST],CubeSmart Common Shares (CUBE) [ST],S,08/13/2025,09/01/2025,"$1,001 - $15,000",Filing Status: New Subholding Of: Charles Schwab Brokerage Account 924,"SP CubeSmart Common Shares (CUBE) [ST] S 08/13/2025 09/01/2025 $1,001 - $15,000 Filing Status: New Subholding Of: Charles Schwab Brokerage Account 924",,,False,100,CUBE,accepted,house_ptr_structure+v8_1,False,False,False,08/13/2025,False
20030932,Hon. Lisa McClain,Member,MI09,20030932.pdf,2025,37,SP,"Datadog, Inc. - Class A Common Stock","Datadog, Inc. - Class A Common Stock",DDOG,DDOG,ST,P,2025-08-13,2025-09-01,1001.0,15000.0,,"$1,001 - $15,000",valid_range,New,Charles Schwab Brokerage Account 924,,,,5,5,table,False,False,,False,0,False,False,100,True,20,False,https://disclosures-clerk.house.gov/public_disc/ptr-pdfs/2025/20030932.pdf,,,SP,"Datadog, Inc. - Class A Common Stock (DDOG) [ST] Filing Status: New Subholding Of: Charles Schwab Brokera","Datadog, Inc. - Class A Common Stock (DDOG) [ST]",P age Account 924,08/13/2025,09/01/2025,"$1,001 - $15,000",,"SP Datadog, Inc. - Class A Common Stock (DDOG) [ST] P 08/13/2025 09/01/2025 $1,001 - $15,000 Filing Status: New Subholding Of: Charles Schwab Brokerage Account 924",,,False,100,DDOG,accepted,house_ptr_structure+v8_1,False,False,False,08/13/2025,False
20030932,Hon. Lisa McClain,Member,MI09,20030932.pdf,2025,38,SP,Diageo plc Common Stock,Diageo plc Common Stock,DEO,DEO,ST,S,2025-08-04,2025-08-13,1001.0,15000.0,,"$1,001 - $15,000",valid_range,New,Charles Schwab Brokerage Account 924,,,,5,5,table,False,False,,False,0,False,True,100,True,20,False,https://disclosures-clerk.house.gov/public_disc/ptr-pdfs/2025/20030932.pdf,,,SP,Diageo plc Common Stock (DEO) [ST],Diageo plc Common Stock (DEO) [ST],S,08/04/2025,08/13/2025,"$1,001 - $15,000",Filing Status: New Subholding Of: Charles Schwab Brokerage Account 924,"SP Diageo plc Common Stock (DEO) [ST] S 08/04/2025 08/13/2025 $1,001 - $15,000 Filing Status: New Subholding Of: Charles Schwab Brokerage Account 924",,,False,100,DEO,accepted,house_ptr_structure+v8_1,False,False,False,08/04/2025,False
20030932,Hon. Lisa McClain,Member,MI09,20030932.pdf,2025,39,SP,"DocuSign, Inc. - Common Stock","DocuSign, Inc. - Common Stock",DOCU,DOCU,ST,S,2025-08-04,2025-08-13,1001.0,15000.0,,"$1,001 - $15,000",valid_range,New,Charles Schwab Brokerage Account 924,,,,5,5,table,False,False,,False,0,False,False,100,True,20,False,https://disclosures-clerk.house.gov/public_disc/ptr-pdfs/2025/20030932.pdf,,,SP,"DocuSign, Inc. - Common Stock (DOCU) [ST] Filing Status: New Subholding Of: Charles Schwab Brokera","DocuSign, Inc. - Common Stock (DOCU) [ST]",S age Account 924,08/04/2025,08/13/2025,"$1,001 - $15,000",,"SP DocuSign, Inc. - Common Stock (DOCU) [ST] S 08/04/2025 08/13/2025 $1,001 - $15,000 Filing Status: New Subholding Of: Charles Schwab Brokerage Account 924",,,False,100,DOCU,accepted,house_ptr_structure+v8_1,False,False,False,08/04/2025,False
20030932,Hon. Lisa McClain,Member,MI09,20030932.pdf,2025,40,SP,Dolby Laboratories Common Stock,Dolby Laboratories Common Stock,DLB,DLB,ST,S,2025-08-04,2025-08-13,1001.0,15000.0,,"$1,001 - $15,000",valid_range,New,Charles Schwab Brokerage Account 924,,,,5,5,table,False,False,,False,0,False,True,100,True,20,False,https://disclosures-clerk.house.gov/public_disc/ptr-pdfs/2025/20030932.pdf,,,SP,Dolby Laboratories Common Stock (DLB) [ST],Dolby Laboratories Common Stock (DLB) [ST],S,08/04/2025,08/13/2025,"$1,001 - $15,000",Filing Status: New Subholding Of: Charles Schwab Brokerage Account 924,"SP Dolby Laboratories Common Stock (DLB) [ST] S 08/04/2025 08/13/2025 $1,001 - $15,000 Filing Status: New Subholding Of: Charles Schwab Brokerage Account 924",,,False,100,DLB,accepted,house_ptr_structure+v8_1,False,False,False,08/04/2025,False
20030932,Hon. Lisa McClain,Member,MI09,20030932.pdf,2025,41,SP,Domino's Pizza Inc - Common Stock,Domino's Pizza Inc - Common Stock,DPZ,DPZ,ST,P,2025-08-13,2025-09-01,1001.0,15000.0,,"$1,001 - $15,000",valid_range,New,Charles Schwab Brokerage Account 924,,,,5,5,table,False,False,,False,0,False,False,100,True,20,False,https://disclosures-clerk.house.gov/public_disc/ptr-pdfs/2025/20030932.pdf,,,SP,Domino's Pizza Inc - Common Stock (DPZ) [ST] Filing Status: New Subholding Of: Charles Schwab Brokera,Domino's Pizza Inc - Common Stock (DPZ) [ST],P age Account 924,08/13/2025,09/01/2025,"$1,001 - $15,000",,"SP Domino's Pizza Inc - Common Stock (DPZ) [ST] P 08/13/2025 09/01/2025 $1,001 - $15,000 Filing Status: New Subholding Of: Charles Schwab Brokerage Account 924",,,False,100,DPZ,accepted,house_ptr_structure+v8_1,False,False,False,08/13/2025,False
20030932,Hon. Lisa McClain,Member,MI09,20030932.pdf,2025,42,SP,"Dropbox, Inc. - Class A Common Stock","Dropbox, Inc. - Class A Common Stock",DBX,DBX,ST,S,2025-08-04,2025-08-13,1001.0,15000.0,,"$1,001 - $15,000",valid_range,New,Charles Schwab Brokerage Account 924,,,,5,5,table,False,False,,False,0,False,True,100,True,20,False,https://disclosures-clerk.house.gov/public_disc/ptr-pdfs/2025/20030932.pdf,,,SP,"Dropbox, Inc. - Class A Common Stock (DBX) [ST]","Dropbox, Inc. - Class A Common Stock (DBX) [ST]",S,08/04/2025,08/13/2025,"$1,001 - $15,000",Filing Status: New Subholding Of: Charles Schwab Brokerage Account 924,"SP Dropbox, Inc. - Class A Common Stock (DBX) [ST] S 08/04/2025 08/13/2025 $1,001 - $15,000 Filing Status: New Subholding Of: Charles Schwab Brokerage Account 924",,,False,100,DBX,accepted,house_ptr_structure+v8_1,False,False,False,08/04/2025,False
20030932,Hon. Lisa McClain,Member,MI09,20030932.pdf,2025,43,SP,"Duolingo, Inc. - Class A Common","Duolingo, Inc. - Class A Common",DUOL,DUOL,ST,P,2025-08-04,2025-08-13,1001.0,15000.0,,"$1,001 - $15,000",valid_range,New,Charles Schwab Brokerage Account 924,,,,5,6,table,False,False,,True,0,False,False,98,True,20,False,https://disclosures-clerk.house.gov/public_disc/ptr-pdfs/2025/20030932.pdf,,,SP,"Duolingo, Inc. - Class A Common","Duolingo, Inc. - Class A Common Stock (DUOL) [ST]",P,08/04/2025,08/13/2025,"$1,001 - $15,000",Stock (DUOL) [ST] Filing Status: New Subholding Of: Charles Schwab Brokerage Account 924,"SP Duolingo, Inc. - Class A Common P 08/04/2025 08/13/2025 $1,001 - $15,000 Stock (DUOL) [ST] Filing Status: New Subholding Of: Charles Schwab Brokerage Account 924",,,False,98,DUOL,accepted,house_ptr_structure+v8_1,False,False,False,08/04/2025,False
20030932,Hon. Lisa McClain,Member,MI09,20030932.pdf,2025,44,SP,"Duolingo, Inc. - Class A Common Stock","Duolingo, Inc. - Class A Common Stock",DUOL,DUOL,ST,S,2025-08-13,2025-09-01,1001.0,15000.0,,"$1,001 - $15,000",valid_range,New,Charles Schwab Brokerage Account 924,,,,6,6,table,False,False,,False,0,False,True,100,True,20,False,https://disclosures-clerk.house.gov/public_disc/ptr-pdfs/2025/20030932.pdf,,,SP,"Duolingo, Inc. - Class A Common Stock (DUOL) [ST]","Duolingo, Inc. - Class A Common Stock (DUOL) [ST]",S,08/13/2025,09/01/2025,"$1,001 - $15,000",Filing Status: New Subholding Of: Charles Schwab Brokerage Account 924,"SP Duolingo, Inc. - Class A Common Stock (DUOL) [ST] S 08/13/2025 09/01/2025 $1,001 - $15,000 Filing Status: New Subholding Of: Charles Schwab Brokerage Account 924",,,False,100,DUOL,accepted,house_ptr_structure+v8_1,False,False,False,08/13/2025,False
20030932,Hon. Lisa McClain,Member,MI09,20030932.pdf,2025,45,SP,Eastman Chemical Company Common Stock,Eastman Chemical Company Common Stock,EMN,EMN,ST,S,2025-08-04,2025-08-13,1001.0,15000.0,,"$1,001 - $15,000",valid_range,New,Charles Schwab Brokerage Account 924,,,,6,6,table,False,False,,False,0,False,False,100,True,20,False,https://disclosures-clerk.house.gov/public_disc/ptr-pdfs/2025/20030932.pdf,,,SP,Eastman Chemical Company Common Stock (EMN) [ST] Filing Status: New Subholding Of: Charles Schwab Brokera,Eastman Chemical Company Common Stock (EMN) [ST],S age Account 924,08/04/2025,08/13/2025,"$1,001 - $15,000",,"SP Eastman Chemical Company Common Stock (EMN) [ST] S 08/04/2025 08/13/2025 $1,001 - $15,000 Filing Status: New Subholding Of: Charles Schwab Brokerage Account 924",,,False,100,EMN,accepted,house_ptr_structure+v8_1,False,False,False,08/04/2025,False
20030932,Hon. Lisa McClain,Member,MI09,20030932.pdf,2025,46,SP,"Elevance Health, Inc. Common Stock","Elevance Health, Inc. Common Stock",ELV,ELV,ST,S,2025-08-13,2025-09-01,1001.0,15000.0,,"$1,001 - $15,000",valid_range,New,Charles Schwab Brokerage Account 924,,,,6,6,table,False,False,,False,0,False,True,100,True,20,False,https://disclosures-clerk.house.gov/public_disc/ptr-pdfs/2025/20030932.pdf,,,SP,"Elevance Health, Inc. Common Stock (ELV) [ST]","Elevance Health, Inc. Common Stock (ELV) [ST]",S,08/13/2025,09/01/2025,"$1,001 - $15,000",Filing Status: New Subholding Of: Charles Schwab Brokerage Account 924,"SP Elevance Health, Inc. Common Stock (ELV) [ST] S 08/13/2025 09/01/2025 $1,001 - $15,000 Filing Status: New Subholding Of: Charles Schwab Brokerage Account 924",,,False,100,ELV,accepted,house_ptr_structure+v8_1,False,False,False,08/13/2025,False
20030932,Hon. Lisa McClain,Member,MI09,20030932.pdf,2025,47,SP,"Entegris, Inc. - Common Stock","Entegris, Inc. - Common Stock",ENTG,ENTG,ST,P,2025-08-04,2025-08-13,1001.0,15000.0,,"$1,001 - $15,000",valid_range,New,Charles Schwab Brokerage Account 924,,,,6,6,table,False,False,,False,0,False,False,100,True,20,False,https://disclosures-clerk.house.gov/public_disc/ptr-pdfs/2025/20030932.pdf,,,SP,"Entegris, Inc. - Common Stock (ENTG) [ST] Filing Status: New Subholding Of: Charles Schwab Brokera","Entegris, Inc. - Common Stock (ENTG) [ST]",P age Account 924,08/04/2025,08/13/2025,"$1,001 - $15,000",,"SP Entegris, Inc. - Common Stock (ENTG) [ST] P 08/04/2025 08/13/2025 $1,001 - $15,000 Filing Status: New Subholding Of: Charles Schwab Brokerage Account 924",,,False,100,ENTG,accepted,house_ptr_structure+v8_1,False,False,False,08/04/2025,False
20030932,Hon. Lisa McClain,Member,MI09,20030932.pdf,2025,48,SP,"EPAM Systems, Inc. Common Stock","EPAM Systems, Inc. Common Stock",EPAM,EPAM,ST,S,2025-08-04,2025-08-13,1001.0,15000.0,,"$1,001 - $15,000",valid_range,New,Charles Schwab Brokerage Account 924,,,,6,6,table,False,False,,False,0,False,True,100,True,20,False,https://disclosures-clerk.house.gov/public_disc/ptr-pdfs/2025/20030932.pdf,,,SP,"EPAM Systems, Inc. Common Stock (EPAM) [ST]","EPAM Systems, Inc. Common Stock (EPAM) [ST]",S,08/04/2025,08/13/2025,"$1,001 - $15,000",Filing Status: New Subholding Of: Charles Schwab Brokerage Account 924,"SP EPAM Systems, Inc. Common Stock (EPAM) [ST] S 08/04/2025 08/13/2025 $1,001 - $15,000 Filing Status: New Subholding Of: Charles Schwab Brokerage Account 924",,,False,100,EPAM,accepted,house_ptr_structure+v8_1,False,False,False,08/04/2025,False
20030932,Hon. Lisa McClain,Member,MI09,20030932.pdf,2025,49,SP,Equinor ASA,Equinor ASA,EQNR,EQNR,ST,P,2025-08-04,2025-08-13,1001.0,15000.0,,"$1,001 - $15,000",valid_range,New,Charles Schwab Brokerage Account 924,,,,6,6,table,False,False,,False,0,False,False,100,True,20,False,https://disclosures-clerk.house.gov/public_disc/ptr-pdfs/2025/20030932.pdf,,,SP,Equinor ASA (EQNR) [ST] Filing Status: New Subholding Of: Charles Schwab Brokera,Equinor ASA (EQNR) [ST],P age Account 924,08/04/2025,08/13/2025,"$1,001 - $15,000",,"SP Equinor ASA (EQNR) [ST] P 08/04/2025 08/13/2025 $1,001 - $15,000 Filing Status: New Subholding Of: Charles Schwab Brokerage Account 924",,,False,100,EQNR,accepted,house_ptr_structure+v8_1,False,False,False,08/04/2025,False
20030932,Hon. Lisa McClain,Member,MI09,20030932.pdf,2025,50,SP,Equinor ASA,Equinor ASA,EQNR,EQNR,ST,S,2025-08-13,2025-09-01,1001.0,15000.0,,"$1,001 - $15,000",valid_range,New,Charles Schwab Brokerage Account 924,,,,6,6,table,False,False,,False,0,False,True,100,True,20,False,https://disclosures-clerk.house.gov/public_disc/ptr-pdfs/2025/20030932.pdf,,,SP,Equinor ASA (EQNR) [ST],Equinor ASA (EQNR) [ST],S,08/13/2025,09/01/2025,"$1,001 - $15,000",Filing Status: New Subholding Of: Charles Schwab Brokerage Account 924,"SP Equinor ASA (EQNR) [ST] S 08/13/2025 09/01/2025 $1,001 - $15,000 Filing Status: New Subholding Of: Charles Schwab Brokerage Account 924",,,False,100,EQNR,accepted,house_ptr_structure+v8_1,False,False,False,08/13/2025,False
20030932,Hon. Lisa McClain,Member,MI09,20030932.pdf,2025,51,SP,"Exponent, Inc. - Common Stock","Exponent, Inc. - Common Stock",EXPO,EXPO,ST,P,2025-08-13,2025-09-01,1001.0,15000.0,,"$1,001 - $15,000",valid_range,New,Charles Schwab Brokerage Account 924,,,,6,6,table,False,False,,False,0,False,False,100,True,20,False,https://disclosures-clerk.house.gov/public_disc/ptr-pdfs/2025/20030932.pdf,,,SP,"Exponent, Inc. - Common Stock (EXPO) [ST] Filing Status: New Subholding Of: Charles Schwab Brokera","Exponent, Inc. - Common Stock (EXPO) [ST]",P age Account 924,08/13/2025,09/01/2025,"$1,001 - $15,000",,"SP Exponent, Inc. - Common Stock (EXPO) [ST] P 08/13/2025 09/01/2025 $1,001 - $15,000 Filing Status: New Subholding Of: Charles Schwab Brokerage Account 924",,,False,100,EXPO,accepted,house_ptr_structure+v8_1,False,False,False,08/13/2025,False
20030932,Hon. Lisa McClain,Member,MI09,20030932.pdf,2025,52,SP,"First Industrial Realty Trust, Inc. Common Stock","First Industrial Realty Trust, Inc. Common Stock",FR,FR,ST,S,2025-08-04,2025-08-13,1001.0,15000.0,,"$1,001 - $15,000",valid_range,New,Charles Schwab Brokerage Account 924,,,,6,7,table,False,False,,True,0,False,True,98,True,20,False,https://disclosures-clerk.house.gov/public_disc/ptr-pdfs/2025/20030932.pdf,,,SP,"First Industrial Realty Trust, Inc. Common Stock (FR) [ST]","First Industrial Realty Trust, Inc. Common Stock (FR) [ST]",S,08/04/2025,08/13/2025,"$1,001 - $15,000",Filing Status: New Subholding Of: Charles Schwab Brokerage Account 924,"SP First Industrial Realty Trust, Inc. Common Stock (FR) [ST] S 08/04/2025 08/13/2025 $1,001 - $15,000 Filing Status: New Subholding Of: Charles Schwab Brokerage Account 924",,,False,98,FR,accepted,house_ptr_structure+v8_1,False,False,False,08/04/2025,False
20030932,Hon. Lisa McClain,Member,MI09,20030932.pdf,2025,53,SP,Flex Ltd. - Ordinary Shares,Flex Ltd. - Ordinary Shares,FLEX,FLEX,ST,P,2025-08-04,2025-08-13,1001.0,15000.0,,"$1,001 - $15,000",valid_range,New,Charles Schwab Brokerage Account 924,,,,7,7,table,False,False,,False,0,False,False,100,True,20,False,https://disclosures-clerk.house.gov/public_disc/ptr-pdfs/2025/20030932.pdf,,,SP,Flex Ltd. - Ordinary Shares (FLEX) [ST] Filing Status: New Subholding Of: Charles Schwab Brokera,Flex Ltd. - Ordinary Shares (FLEX) [ST],P age Account 924,08/04/2025,08/13/2025,"$1,001 - $15,000",,"SP Flex Ltd. - Ordinary Shares (FLEX) [ST] P 08/04/2025 08/13/2025 $1,001 - $15,000 Filing Status: New Subholding Of: Charles Schwab Brokerage Account 924",,,False,100,FLEX,accepted,house_ptr_structure+v8_1,False,False,False,08/04/2025,False
20030932,Hon. Lisa McClain,Member,MI09,20030932.pdf,2025,54,SP,"Flowers Foods, Inc. Common Stock","Flowers Foods, Inc. Common Stock",FLO,FLO,ST,P,2025-08-04,2025-08-13,1001.0,15000.0,,"$1,001 - $15,000",valid_range,New,Charles Schwab Brokerage Account 924,,,,7,7,table,False,False,,False,0,False,True,100,True,20,False,https://disclosures-clerk.house.gov/public_disc/ptr-pdfs/2025/20030932.pdf,,,SP,"Flowers Foods, Inc. Common Stock (FLO) [ST]","Flowers Foods, Inc. Common Stock (FLO) [ST]",P,08/04/2025,08/13/2025,"$1,001 - $15,000",Filing Status: New Subholding Of: Charles Schwab Brokerage Account 924,"SP Flowers Foods, Inc. Common Stock (FLO) [ST] P 08/04/2025 08/13/2025 $1,001 - $15,000 Filing Status: New Subholding Of: Charles Schwab Brokerage Account 924",,,False,100,FLO,accepted,house_ptr_structure+v8_1,False,False,False,08/04/2025,False
20030932,Hon. Lisa McClain,Member,MI09,20030932.pdf,2025,55,SP,"Fortinet, Inc. - Common Stock","Fortinet, Inc. - Common Stock",FTNT,FTNT,ST,P,2025-08-13,2025-09-01,1001.0,15000.0,,"$1,001 - $15,000",valid_range,New,Charles Schwab Brokerage Account 924,,,,7,7,table,False,False,,False,0,False,False,100,True,20,False,https://disclosures-clerk.house.gov/public_disc/ptr-pdfs/2025/20030932.pdf,,,SP,"Fortinet, Inc. - Common Stock (FTNT) [ST] Filing Status: New Subholding Of: Charles Schwab Brokera","Fortinet, Inc. - Common Stock (FTNT) [ST]",P age Account 924,08/13/2025,09/01/2025,"$1,001 - $15,000",,"SP Fortinet, Inc. - Common Stock (FTNT) [ST] P 08/13/2025 09/01/2025 $1,001 - $15,000 Filing Status: New Subholding Of: Charles Schwab Brokerage Account 924",,,False,100,FTNT,accepted,house_ptr_structure+v8_1,False,False,False,08/13/2025,False
20030932,Hon. Lisa McClain,Member,MI09,20030932.pdf,2025,56,SP,"Four Corners Property Trust, Inc. Common Stock","Four Corners Property Trust, Inc. Common Stock",FCPT,FCPT,ST,S,2025-08-04,2025-08-13,1001.0,15000.0,,"$1,001 - $15,000",valid_range,New,Charles Schwab Brokerage Account 924,,,,7,7,table,False,False,,False,0,False,True,100,True,20,False,https://disclosures-clerk.house.gov/public_disc/ptr-pdfs/2025/20030932.pdf,,,SP,"Four Corners Property Trust, Inc. Common Stock (FCPT) [ST]","Four Corners Property Trust, Inc. Common Stock (FCPT) [ST]",S,08/04/2025,08/13/2025,"$1,001 - $15,000",Filing Status: New Subholding Of: Charles Schwab Brokerage Account 924,"SP Four Corners Property Trust, Inc. Common Stock (FCPT) [ST] S 08/04/2025 08/13/2025 $1,001 - $15,000 Filing Status: New Subholding Of: Charles Schwab Brokerage Account 924",,,False,100,FCPT,accepted,house_ptr_structure+v8_1,False,False,False,08/04/2025,False
20030932,Hon. Lisa McClain,Member,MI09,20030932.pdf,2025,57,SP,"Freeport-McMoRan, Inc. Common Stock","Freeport-McMoRan, Inc. Common Stock",FCX,FCX,ST,P,2025-08-13,2025-09-01,1001.0,15000.0,,"$1,001 - $15,000",valid_range,New,Charles Schwab Brokerage Account 924,,,,7,7,table,False,False,,False,0,False,False,100,True,20,False,https://disclosures-clerk.house.gov/public_disc/ptr-pdfs/2025/20030932.pdf,,,SP,"Freeport-McMoRan, Inc. Common Stock (FCX) [ST] Filing Status: New Subholding Of: Charles Schwab Brokera","Freeport-McMoRan, Inc. Common Stock (FCX) [ST]",P age Account 924,08/13/2025,09/01/2025,"$1,001 - $15,000",,"SP Freeport-McMoRan, Inc. Common Stock (FCX) [ST] P 08/13/2025 09/01/2025 $1,001 - $15,000 Filing Status: New Subholding Of: Charles Schwab Brokerage Account 924",,,False,100,FCX,accepted,house_ptr_structure+v8_1,False,False,False,08/13/2025,False
20030932,Hon. Lisa McClain,Member,MI09,20030932.pdf,2025,58,SP,"FTI Consulting, Inc. Common Stock","FTI Consulting, Inc. Common Stock",FCN,FCN,ST,P,2025-08-13,2025-09-01,1001.0,15000.0,,"$1,001 - $15,000",valid_range,New,Charles Schwab Brokerage Account 924,,,,7,7,table,False,False,,False,0,False,True,100,True,20,False,https://disclosures-clerk.house.gov/public_disc/ptr-pdfs/2025/20030932.pdf,,,SP,"FTI Consulting, Inc. Common Stock (FCN) [ST]","FTI Consulting, Inc. Common Stock (FCN) [ST]",P,08/13/2025,09/01/2025,"$1,001 - $15,000",Filing Status: New Subholding Of: Charles Schwab Brokerage Account 924,"SP FTI Consulting, Inc. Common Stock (FCN) [ST] P 08/13/2025 09/01/2025 $1,001 - $15,000 Filing Status: New Subholding Of: Charles Schwab Brokerage Account 924",,,False,100,FCN,accepted,house_ptr_structure+v8_1,False,False,False,08/13/2025,False
20030932,Hon. Lisa McClain,Member,MI09,20030932.pdf,2025,59,SP,"Goldman Sachs Group, Inc.","Goldman Sachs Group, Inc.",GS,GS,ST,S (partial),2025-08-04,2025-08-13,1001.0,15000.0,,"$1,001 - $15,000",valid_range,New,Charles Schwab Brokerage Account 924,,,,7,7,table,False,False,,False,0,False,False,100,True,20,False,https://disclosures-clerk.house.gov/public_disc/ptr-pdfs/2025/20030932.pdf,,,SP,"Goldman Sachs Group, Inc. (GS) [ST] Filing Status: New Subholding Of: Charles Schwab Brokera","Goldman Sachs Group, Inc. (GS) [ST]",S (partial) age Account 924,08/04/2025,08/13/2025,"$1,001 - $15,000",,"SP Goldman Sachs Group, Inc. (GS) [ST] S (partial) 08/04/2025 08/13/2025 $1,001 - $15,000 Filing Status: New Subholding Of: Charles Schwab Brokerage Account 924",,,False,100,GS,accepted,house_ptr_structure+v8_1,False,False,False,08/04/2025,False
20030932,Hon. Lisa McClain,Member,MI09,20030932.pdf,2025,60,SP,Graco Inc. Common Stock,Graco Inc. Common Stock,GGG,GGG,ST,S,2025-08-04,2025-08-13,1001.0,15000.0,,"$1,001 - $15,000",valid_range,New,Charles Schwab Brokerage Account 924,,,,7,7,table,False,False,,False,0,False,True,100,True,20,False,https://disclosures-clerk.house.gov/public_disc/ptr-pdfs/2025/20030932.pdf,,,SP,Graco Inc. Common Stock (GGG) [ST],Graco Inc. Common Stock (GGG) [ST],S,08/04/2025,08/13/2025,"$1,001 - $15,000",Filing Status: New Subholding Of: Charles Schwab Brokerage Account 924,"SP Graco Inc. Common Stock (GGG) [ST] S 08/04/2025 08/13/2025 $1,001 - $15,000 Filing Status: New Subholding Of: Charles Schwab Brokerage Account 924",,,False,100,GGG,accepted,house_ptr_structure+v8_1,False,False,False,08/04/2025,False
20030932,Hon. Lisa McClain,Member,MI09,20030932.pdf,2025,61,SP,"Group 1 Automotive, Inc. Common Stock","Group 1 Automotive, Inc. Common Stock",GPI,GPI,ST,S,2025-08-04,2025-08-13,1001.0,15000.0,,"$1,001 - $15,000",valid_range,New,Charles Schwab Brokerage Account 924,,,,7,8,table,False,False,,True,0,False,False,98,True,20,False,https://disclosures-clerk.house.gov/public_disc/ptr-pdfs/2025/20030932.pdf,,,SP,"Group 1 Automotive, Inc. Common Stock (GPI) [ST] Filing Status: New","Group 1 Automotive, Inc. Common Stock (GPI) [ST] Subholding Of: Charles Schwab Brokerage Account 924",S,08/04/2025,08/13/2025,"$1,001 - $15,000",Subholding Of: Charles Schwab Brokerage Account 924,"SP Group 1 Automotive, Inc. Common Stock (GPI) [ST] S 08/04/2025 08/13/2025 $1,001 - $15,000 Filing Status: New Subholding Of: Charles Schwab Brokerage Account 924",,,False,98,GPI,accepted,house_ptr_structure+v8_1,False,False,False,08/04/2025,False
20030932,Hon. Lisa McClain,Member,MI09,20030932.pdf,2025,62,SP,GSK plc American Depositary Shares,GSK plc American Depositary Shares,GSK,GSK,ST,P,2025-08-04,2025-08-13,1001.0,15000.0,,"$1,001 - $15,000",valid_range,New,Charles Schwab Brokerage Account 924,,,,8,8,table,False,False,,False,0,False,True,100,True,20,False,https://disclosures-clerk.house.gov/public_disc/ptr-pdfs/2025/20030932.pdf,,,SP,GSK plc American Depositary Shares (GSK) [ST],GSK plc American Depositary Shares (GSK) [ST],P,08/04/2025,08/13/2025,"$1,001 - $15,000",Filing Status: New Subholding Of: Charles Schwab Brokerage Account 924,"SP GSK plc American Depositary Shares (GSK) [ST] P 08/04/2025 08/13/2025 $1,001 - $15,000 Filing Status: New Subholding Of: Charles Schwab Brokerage Account 924",,,False,100,GSK,accepted,house_ptr_structure+v8_1,False,False,False,08/04/2025,False
20030932,Hon. Lisa McClain,Member,MI09,20030932.pdf,2025,63,SP,"Guidewire Software, Inc. Common Stock","Guidewire Software, Inc. Common Stock",GWRE,GWRE,ST,P,2025-08-04,2025-08-13,1001.0,15000.0,,"$1,001 - $15,000",valid_range,New,Charles Schwab Brokerage Account 924,,,,8,8,table,False,False,,False,0,False,False,100,True,20,False,https://disclosures-clerk.house.gov/public_disc/ptr-pdfs/2025/20030932.pdf,,,SP,"Guidewire Software, Inc. Common Stock (GWRE) [ST] Filing Status: New Subholding Of: Charles Schwab Brokera","Guidewire Software, Inc. Common Stock (GWRE) [ST]",P age Account 924,08/04/2025,08/13/2025,"$1,001 - $15,000",,"SP Guidewire Software, Inc. Common Stock (GWRE) [ST] P 08/04/2025 08/13/2025 $1,001 - $15,000 Filing Status: New Subholding Of: Charles Schwab Brokerage Account 924",,,False,100,GWRE,accepted,house_ptr_structure+v8_1,False,False,False,08/04/2025,False
20030932,Hon. Lisa McClain,Member,MI09,20030932.pdf,2025,64,SP,"Guidewire Software, Inc. Common Stock","Guidewire Software, Inc. Common Stock",GWRE,GWRE,ST,S,2025-08-13,2025-09-01,1001.0,15000.0,,"$1,001 - $15,000",valid_range,New,Charles Schwab Brokerage Account 924,,,,8,8,table,False,False,,False,0,False,True,100,True,20,False,https://disclosures-clerk.house.gov/public_disc/ptr-pdfs/2025/20030932.pdf,,,SP,"Guidewire Software, Inc. Common Stock (GWRE) [ST]","Guidewire Software, Inc. Common Stock (GWRE) [ST]",S,08/13/2025,09/01/2025,"$1,001 - $15,000",Filing Status: New Subholding Of: Charles Schwab Brokerage Account 924,"SP Guidewire Software, Inc. Common Stock (GWRE) [ST] S 08/13/2025 09/01/2025 $1,001 - $15,000 Filing Status: New Subholding Of: Charles Schwab Brokerage Account 924",,,False,100,GWRE,accepted,house_ptr_structure+v8_1,False,False,False,08/13/2025,False
20030932,Hon. Lisa McClain,Member,MI09,20030932.pdf,2025,65,SP,"HCA Healthcare, Inc. Common Stock","HCA Healthcare, Inc. Common Stock",HCA,HCA,ST,P,2025-08-19,2025-09-01,1001.0,15000.0,,"$1,001 - $15,000",valid_range,New,Charles Schwab Brokerage Account 924,,,,8,8,table,False,False,,False,0,False,False,100,True,20,False,https://disclosures-clerk.house.gov/public_disc/ptr-pdfs/2025/20030932.pdf,,,SP,"HCA Healthcare, Inc. Common Stock (HCA) [ST] Filing Status: New Subholding Of: Charles Schwab Brokera","HCA Healthcare, Inc. Common Stock (HCA) [ST]",P age Account 924,08/19/2025,09/01/2025,"$1,001 - $15,000",,"SP HCA Healthcare, Inc. Common Stock (HCA) [ST] P 08/19/2025 09/01/2025 $1,001 - $15,000 Filing Status: New Subholding Of: Charles Schwab Brokerage Account 924",,,False,100,HCA,accepted,house_ptr_structure+v8_1,False,False,False,08/19/2025,False
20030932,Hon. Lisa McClain,Member,MI09,20030932.pdf,2025,66,SP,HDFC Bank Limited Common Stock,HDFC Bank Limited Common Stock,HDB,HDB,ST,S,2025-08-04,2025-08-13,1001.0,15000.0,,"$1,001 - $15,000",valid_range,New,Charles Schwab Brokerage Account 924,,,,8,8,table,False,False,,False,0,False,True,100,True,20,False,https://disclosures-clerk.house.gov/public_disc/ptr-pdfs/2025/20030932.pdf,,,SP,HDFC Bank Limited Common Stock (HDB) [ST],HDFC Bank Limited Common Stock (HDB) [ST],S,08/04/2025,08/13/2025,"$1,001 - $15,000",Filing Status: New Subholding Of: Charles Schwab Brokerage Account 924,"SP HDFC Bank Limited Common Stock (HDB) [ST] S 08/04/2025 08/13/2025 $1,001 - $15,000 Filing Status: New Subholding Of: Charles Schwab Brokerage Account 924",,,False,100,HDB,accepted,house_ptr_structure+v8_1,False,False,False,08/04/2025,False
20030932,Hon. Lisa McClain,Member,MI09,20030932.pdf,2025,67,SP,"Healthpeak Properties, Inc. Common Stock","Healthpeak Properties, Inc. Common Stock",DOC,DOC,ST,S,2025-08-04,2025-08-13,1001.0,15000.0,,"$1,001 - $15,000",valid_range,New,Charles Schwab Brokerage Account 924,,,,8,8,table,False,False,,False,0,False,False,100,True,20,False,https://disclosures-clerk.house.gov/public_disc/ptr-pdfs/2025/20030932.pdf,,,SP,"Healthpeak Properties, Inc. Common Stock (DOC) [ST] Filing Status: New Subholding Of: Charles Schwab Brokera","Healthpeak Properties, Inc. Common Stock (DOC) [ST]",S age Account 924,08/04/2025,08/13/2025,"$1,001 - $15,000",,"SP Healthpeak Properties, Inc. Common Stock (DOC) [ST] S 08/04/2025 08/13/2025 $1,001 - $15,000 Filing Status: New Subholding Of: Charles Schwab Brokerage Account 924",,,False,100,DOC,accepted,house_ptr_structure+v8_1,False,False,False,08/04/2025,False
20030932,Hon. Lisa McClain,Member,MI09,20030932.pdf,2025,68,SP,"Hims & Hers Health, Inc. Class A Common Stock","Hims & Hers Health, Inc. Class A Common Stock",HIMS,HIMS,ST,P,2025-08-04,2025-08-13,1001.0,15000.0,,"$1,001 - $15,000",valid_range,New,Charles Schwab Brokerage Account 924,,,,8,8,table,False,False,,False,0,False,True,100,True,20,False,https://disclosures-clerk.house.gov/public_disc/ptr-pdfs/2025/20030932.pdf,,,SP,"Hims & Hers Health, Inc. Class A Common Stock (HIMS) [ST]","Hims & Hers Health, Inc. Class A Common Stock (HIMS) [ST]",P,08/04/2025,08/13/2025,"$1,001 - $15,000",Filing Status: New Subholding Of: Charles Schwab Brokerage Account 924,"SP Hims & Hers Health, Inc. Class A Common Stock (HIMS) [ST] P 08/04/2025 08/13/2025 $1,001 - $15,000 Filing Status: New Subholding Of: Charles Schwab Brokerage Account 924",,,False,100,HIMS,accepted,house_ptr_structure+v8_1,False,False,False,08/04/2025,False
20030932,Hon. Lisa McClain,Member,MI09,20030932.pdf,2025,69,SP,Honeywell International Inc.,Honeywell International Inc.,HON,HON,ST,S,2025-08-04,2025-08-13,1001.0,15000.0,,"$1,001 - $15,000",valid_range,New,Charles Schwab Brokerage Account 924,,,,8,8,table,False,False,,False,0,False,False,100,True,20,False,https://disclosures-clerk.house.gov/public_disc/ptr-pdfs/2025/20030932.pdf,,,SP,Honeywell International Inc. (HON) [ST] Filing Status: New Subholding Of: Charles Schwab Brokera,Honeywell International Inc. (HON) [ST],S age Account 924,08/04/2025,08/13/2025,"$1,001 - $15,000",,"SP Honeywell International Inc. (HON) [ST] S 08/04/2025 08/13/2025 $1,001 - $15,000 Filing Status: New Subholding Of: Charles Schwab Brokerage Account 924",,,False,100,HON,accepted,house_ptr_structure+v8_1,False,False,False,08/04/2025,False
20030932,Hon. Lisa McClain,Member,MI09,20030932.pdf,2025,70,SP,Howmet Aerospace Inc. Common Stock,Howmet Aerospace Inc. Common Stock,HWM,HWM,ST,S (partial),2025-08-04,2025-08-13,1001.0,15000.0,,"$1,001 - $15,000",valid_range,New $200?,Charles Schwab Brokerage Account 924,,,,8,9,table,False,False,,True,0,False,True,98,True,20,False,https://disclosures-clerk.house.gov/public_disc/ptr-pdfs/2025/20030932.pdf,,,SP,Howmet Aerospace Inc. Common Stock (HWM) [ST],Howmet Aerospace Inc. Common Stock (HWM) [ST],S (partial),08/04/2025,08/13/2025,"$1,001 - $15,000",Filing Status: New $200? Subholding Of: Charles Schwab Brokerage Account 924,"SP Howmet Aerospace Inc. Common Stock (HWM) [ST] S (partial) 08/04/2025 08/13/2025 $1,001 - $15,000 Filing Status: New $200? Subholding Of: Charles Schwab Brokerage Account 924",,,False,98,HWM,accepted,house_ptr_structure+v8_1,False,False,False,08/04/2025,False
20030932,Hon. Lisa McClain,Member,MI09,20030932.pdf,2025,71,SP,ICICI Bank Limited Common Stock,ICICI Bank Limited Common Stock,IBN,IBN,ST,S,2025-08-13,2025-09-01,1001.0,15000.0,,"$1,001 - $15,000",valid_range,New,Charles Schwab Brokerage Account 924,,,,9,9,table,False,False,,False,0,False,False,100,True,20,False,https://disclosures-clerk.house.gov/public_disc/ptr-pdfs/2025/20030932.pdf,,,SP,ICICI Bank Limited Common Stock (IBN) [ST] Filing Status: New Subholding Of: Charles Schwab Brokera,ICICI Bank Limited Common Stock (IBN) [ST],S age Account 924,08/13/2025,09/01/2025,"$1,001 - $15,000",,"SP ICICI Bank Limited Common Stock (IBN) [ST] S 08/13/2025 09/01/2025 $1,001 - $15,000 Filing Status: New Subholding Of: Charles Schwab Brokerage Account 924",,,False,100,IBN,accepted,house_ptr_structure+v8_1,False,False,False,08/13/2025,False
20030932,Hon. Lisa McClain,Member,MI09,20030932.pdf,2025,72,SP,IDEX Corporation Common Stock,IDEX Corporation Common Stock,IEX,IEX,ST,P,2025-08-04,2025-08-13,1001.0,15000.0,,"$1,001 - $15,000",valid_range,New,Charles Schwab Brokerage Account 924,,,,9,9,table,False,False,,False,0,False,True,100,True,20,False,https://disclosures-clerk.house.gov/public_disc/ptr-pdfs/2025/20030932.pdf,,,SP,IDEX Corporation Common Stock (IEX) [ST],IDEX Corporation Common Stock (IEX) [ST],P,08/04/2025,08/13/2025,"$1,001 - $15,000",Filing Status: New Subholding Of: Charles Schwab Brokerage Account 924,"SP IDEX Corporation Common Stock (IEX) [ST] P 08/04/2025 08/13/2025 $1,001 - $15,000 Filing Status: New Subholding Of: Charles Schwab Brokerage Account 924",,,False,100,IEX,accepted,house_ptr_structure+v8_1,False,False,False,08/04/2025,False
20030932,Hon. Lisa McClain,Member,MI09,20030932.pdf,2025,73,SP,Infosys Limited American Depositary Shares,Infosys Limited American Depositary Shares,INFY,INFY,ST,P,2025-08-04,2025-08-13,1001.0,15000.0,,"$1,001 - $15,000",valid_range,New,Charles Schwab Brokerage Account 924,,,,9,9,table,False,False,,False,0,False,False,100,True,20,False,https://disclosures-clerk.house.gov/public_disc/ptr-pdfs/2025/20030932.pdf,,,SP,Infosys Limited American Depositary Shares (INFY) [ST] Filing Status: New Subholding Of: Charles Schwab Brokera,Infosys Limited American Depositary Shares (INFY) [ST],P age Account 924,08/04/2025,08/13/2025,"$1,001 - $15,000",,"SP Infosys Limited American Depositary Shares (INFY) [ST] P 08/04/2025 08/13/2025 $1,001 - $15,000 Filing Status: New Subholding Of: Charles Schwab Brokerage Account 924",,,False,100,INFY,accepted,house_ptr_structure+v8_1,False,False,False,08/04/2025,False
20030932,Hon. Lisa McClain,Member,MI09,20030932.pdf,2025,74,SP,Infosys Limited American Depositary Shares,Infosys Limited American Depositary Shares,INFY,INFY,ST,S,2025-08-13,2025-09-01,1001.0,15000.0,,"$1,001 - $15,000",valid_range,New,Charles Schwab Brokerage Account 924,,,,9,9,table,False,False,,False,0,False,True,100,True,20,False,https://disclosures-clerk.house.gov/public_disc/ptr-pdfs/2025/20030932.pdf,,,SP,Infosys Limited American Depositary Shares (INFY) [ST],Infosys Limited American Depositary Shares (INFY) [ST],S,08/13/2025,09/01/2025,"$1,001 - $15,000",Filing Status: New Subholding Of: Charles Schwab Brokerage Account 924,"SP Infosys Limited American Depositary Shares (INFY) [ST] S 08/13/2025 09/01/2025 $1,001 - $15,000 Filing Status: New Subholding Of: Charles Schwab Brokerage Account 924",,,False,100,INFY,accepted,house_ptr_structure+v8_1,False,False,False,08/13/2025,False
20030932,Hon. Lisa McClain,Member,MI09,20030932.pdf,2025,75,SP,"Interactive Brokers Group, Inc. - Class A Common Stock","Interactive Brokers Group, Inc. - Class A Common Stock",IBKR,IBKR,ST,P,2025-08-13,2025-09-01,1001.0,15000.0,,"$1,001 - $15,000",valid_range,New,Charles Schwab Brokerage Account 924,,,,9,9,table,False,False,,False,0,False,False,100,True,20,False,https://disclosures-clerk.house.gov/public_disc/ptr-pdfs/2025/20030932.pdf,,,SP,"Interactive Brokers Group, Inc. - Class A Common Stock (IBKR) [ST] Filing Status: New Subholding Of: Charles Schwab Brokera","Interactive Brokers Group, Inc. - Class A Common Stock (IBKR) [ST]",P age Account 924,08/13/2025,09/01/2025,"$1,001 - $15,000",,"SP Interactive Brokers Group, Inc. - Class A Common Stock (IBKR) [ST] P 08/13/2025 09/01/2025 $1,001 - $15,000 Filing Status: New Subholding Of: Charles Schwab Brokerage Account 924",,,False,100,IBKR,accepted,house_ptr_structure+v8_1,False,False,False,08/13/2025,False
20030932,Hon. Lisa McClain,Member,MI09,20030932.pdf,2025,76,SP,Intuit Inc. - Common Stock,Intuit Inc. - Common Stock,INTU,INTU,ST,P,2025-08-13,2025-09-01,1001.0,15000.0,,"$1,001 - $15,000",valid_range,New,Charles Schwab Brokerage Account 924,,,,9,9,table,False,False,,False,0,False,True,100,True,20,False,https://disclosures-clerk.house.gov/public_disc/ptr-pdfs/2025/20030932.pdf,,,SP,Intuit Inc. - Common Stock (INTU) [ST],Intuit Inc. - Common Stock (INTU) [ST],P,08/13/2025,09/01/2025,"$1,001 - $15,000",Filing Status: New Subholding Of: Charles Schwab Brokerage Account 924,"SP Intuit Inc. - Common Stock (INTU) [ST] P 08/13/2025 09/01/2025 $1,001 - $15,000 Filing Status: New Subholding Of: Charles Schwab Brokerage Account 924",,,False,100,INTU,accepted,house_ptr_structure+v8_1,False,False,False,08/13/2025,False
20030932,Hon. Lisa McClain,Member,MI09,20030932.pdf,2025,77,SP,"JD.com, Inc. - American Depositary Shares","JD.com, Inc. - American Depositary Shares",JD,JD,ST,P,2025-08-13,2025-09-01,1001.0,15000.0,,"$1,001 - $15,000",valid_range,New,Charles Schwab Brokerage Account 924,,,,9,9,table,False,False,,False,0,False,False,100,True,20,False,https://disclosures-clerk.house.gov/public_disc/ptr-pdfs/2025/20030932.pdf,,,SP,"JD.com, Inc. - American Depositary Shares (JD) [ST] Filing Status: New Subholding Of: Charles Schwab Brokera","JD.com, Inc. - American Depositary Shares (JD) [ST]",P age Account 924,08/13/2025,09/01/2025,"$1,001 - $15,000",,"SP JD.com, Inc. - American Depositary Shares (JD) [ST] P 08/13/2025 09/01/2025 $1,001 - $15,000 Filing Status: New Subholding Of: Charles Schwab Brokerage Account 924",,,False,100,JD,accepted,house_ptr_structure+v8_1,False,False,False,08/13/2025,False
20030932,Hon. Lisa McClain,Member,MI09,20030932.pdf,2025,78,SP,Johnson & Johnson Common Stock,Johnson & Johnson Common Stock,JNJ,JNJ,ST,P,2025-08-04,2025-08-13,1001.0,15000.0,,"$1,001 - $15,000",valid_range,New,Charles Schwab Brokerage Account 924,,,,9,9,table,False,False,,False,0,False,True,100,True,20,False,https://disclosures-clerk.house.gov/public_disc/ptr-pdfs/2025/20030932.pdf,,,SP,Johnson & Johnson Common Stock (JNJ) [ST],Johnson & Johnson Common Stock (JNJ) [ST],P,08/04/2025,08/13/2025,"$1,001 - $15,000",Filing Status: New Subholding Of: Charles Schwab Brokerage Account 924,"SP Johnson & Johnson Common Stock (JNJ) [ST] P 08/04/2025 08/13/2025 $1,001 - $15,000 Filing Status: New Subholding Of: Charles Schwab Brokerage Account 924",,,False,100,JNJ,accepted,house_ptr_structure+v8_1,False,False,False,08/04/2025,False
20030932,Hon. Lisa McClain,Member,MI09,20030932.pdf,2025,79,SP,Kite Realty Group Trust Common Stock,Kite Realty Group Trust Common Stock,KRG,KRG,ST,P,2025-08-13,2025-09-01,1001.0,15000.0,,"$1,001 - $15,000",valid_range,New,Charles Schwab Brokerage Account 924,,,,9,10,table,False,False,,True,0,False,False,98,True,20,False,https://disclosures-clerk.house.gov/public_disc/ptr-pdfs/2025/20030932.pdf,,,SP,Kite Realty Group Trust Common Stock (KRG) [ST] Filing Status: New,Kite Realty Group Trust Common Stock (KRG) [ST] Subholding Of: Charles Schwab Brokerage Account 924,P,08/13/2025,09/01/2025,"$1,001 - $15,000",Subholding Of: Charles Schwab Brokerage Account 924,"SP Kite Realty Group Trust Common Stock (KRG) [ST] P 08/13/2025 09/01/2025 $1,001 - $15,000 Filing Status: New Subholding Of: Charles Schwab Brokerage Account 924",,,False,98,KRG,accepted,house_ptr_structure+v8_1,False,False,False,08/13/2025,False
20030932,Hon. Lisa McClain,Member,MI09,20030932.pdf,2025,80,SP,Li Auto Inc. - American Depositary Shares,Li Auto Inc. - American Depositary Shares,LI,LI,ST,P,2025-08-13,2025-09-01,1001.0,15000.0,,"$1,001 - $15,000",valid_range,New,Charles Schwab Brokerage Account 924,,,,10,10,table,False,False,,False,0,False,True,100,True,20,False,https://disclosures-clerk.house.gov/public_disc/ptr-pdfs/2025/20030932.pdf,,,SP,Li Auto Inc. - American Depositary Shares (LI) [ST],Li Auto Inc. - American Depositary Shares (LI) [ST],P,08/13/2025,09/01/2025,"$1,001 - $15,000",Filing Status: New Subholding Of: Charles Schwab Brokerage Account 924,"SP Li Auto Inc. - American Depositary Shares (LI) [ST] P 08/13/2025 09/01/2025 $1,001 - $15,000 Filing Status: New Subholding Of: Charles Schwab Brokerage Account 924",,,False,100,LI,accepted,house_ptr_structure+v8_1,False,False,False,08/13/2025,False
20030932,Hon. Lisa McClain,Member,MI09,20030932.pdf,2025,81,SP,"Lithia Motors, Inc. Common Stock","Lithia Motors, Inc. Common Stock",LAD,LAD,ST,S,2025-08-04,2025-08-13,1001.0,15000.0,,"$1,001 - $15,000",valid_range,New,Charles Schwab Brokerage Account 924,,,,10,10,table,False,False,,False,0,False,False,100,True,20,False,https://disclosures-clerk.house.gov/public_disc/ptr-pdfs/2025/20030932.pdf,,,SP,"Lithia Motors, Inc. Common Stock (LAD) [ST] Filing Status: New Subholding Of: Charles Schwab Brokera","Lithia Motors, Inc. Common Stock (LAD) [ST]",S age Account 924,08/04/2025,08/13/2025,"$1,001 - $15,000",,"SP Lithia Motors, Inc. Common Stock (LAD) [ST] S 08/04/2025 08/13/2025 $1,001 - $15,000 Filing Status: New Subholding Of: Charles Schwab Brokerage Account 924",,,False,100,LAD,accepted,house_ptr_structure+v8_1,False,False,False,08/04/2025,False
20030932,Hon. Lisa McClain,Member,MI09,20030932.pdf,2025,82,SP,Magnolia Oil & Gas Corporation Class A Common Stock,Magnolia Oil & Gas Corporation Class A Common Stock,MGY,MGY,ST,P,2025-08-04,2025-08-13,1001.0,15000.0,,"$1,001 - $15,000",valid_range,New,Charles Schwab Brokerage Account 924,,,,10,10,table,False,False,,False,0,False,True,100,True,20,False,https://disclosures-clerk.house.gov/public_disc/ptr-pdfs/2025/20030932.pdf,,,SP,Magnolia Oil & Gas Corporation Class A Common Stock (MGY) [ST],Magnolia Oil & Gas Corporation Class A Common Stock (MGY) [ST],P,08/04/2025,08/13/2025,"$1,001 - $15,000",Filing Status: New Subholding Of: Charles Schwab Brokerage Account 924,"SP Magnolia Oil & Gas Corporation Class A Common Stock (MGY) [ST] P 08/04/2025 08/13/2025 $1,001 - $15,000 Filing Status: New Subholding Of: Charles Schwab Brokerage Account 924",,,False,100,MGY,accepted,house_ptr_structure+v8_1,False,False,False,08/04/2025,False
20030932,Hon. Lisa McClain,Member,MI09,20030932.pdf,2025,83,SP,Maplebear Inc. - Common Stock,Maplebear Inc. - Common Stock,CART,CART,ST,P,2025-08-13,2025-09-01,1001.0,15000.0,,"$1,001 - $15,000",valid_range,New,Charles Schwab Brokerage Account 924,,,,10,10,table,False,False,,False,0,False,False,100,True,20,False,https://disclosures-clerk.house.gov/public_disc/ptr-pdfs/2025/20030932.pdf,,,SP,Maplebear Inc. - Common Stock (CART) [ST] Filing Status: New Subholding Of: Charles Schwab Brokera,Maplebear Inc. - Common Stock (CART) [ST],P age Account 924,08/13/2025,09/01/2025,"$1,001 - $15,000",,"SP Maplebear Inc. - Common Stock (CART) [ST] P 08/13/2025 09/01/2025 $1,001 - $15,000 Filing Status: New Subholding Of: Charles Schwab Brokerage Account 924",,,False,100,CART,accepted,house_ptr_structure+v8_1,False,False,False,08/13/2025,False
20030932,Hon. Lisa McClain,Member,MI09,20030932.pdf,2025,84,SP,"McCormick & Company, Incorporated Common Stock","McCormick & Company, Incorporated Common Stock",MKC,MKC,ST,S,2025-08-04,2025-08-13,1001.0,15000.0,,"$1,001 - $15,000",valid_range,New,Charles Schwab Brokerage Account 924,,,,10,10,table,False,False,,False,0,False,True,100,True,20,False,https://disclosures-clerk.house.gov/public_disc/ptr-pdfs/2025/20030932.pdf,,,SP,"McCormick & Company, Incorporated Common Stock (MKC) [ST]","McCormick & Company, Incorporated Common Stock (MKC) [ST]",S,08/04/2025,08/13/2025,"$1,001 - $15,000",Filing Status: New Subholding Of: Charles Schwab Brokerage Account 924,"SP McCormick & Company, Incorporated Common Stock (MKC) [ST] S 08/04/2025 08/13/2025 $1,001 - $15,000 Filing Status: New Subholding Of: Charles Schwab Brokerage Account 924",,,False,100,MKC,accepted,house_ptr_structure+v8_1,False,False,False,08/04/2025,False
20030932,Hon. Lisa McClain,Member,MI09,20030932.pdf,2025,85,SP,"Medpace Holdings, Inc. - Common Stock","Medpace Holdings, Inc. - Common Stock",MEDP,MEDP,ST,S,2025-08-04,2025-08-13,1001.0,15000.0,,"$1,001 - $15,000",valid_range,New,Charles Schwab Brokerage Account 924,,,,10,10,table,False,False,,False,0,False,False,100,True,20,False,https://disclosures-clerk.house.gov/public_disc/ptr-pdfs/2025/20030932.pdf,,,SP,"Medpace Holdings, Inc. - Common Stock (MEDP) [ST] Filing Status: New Subholding Of: Charles Schwab Brokera","Medpace Holdings, Inc. - Common Stock (MEDP) [ST]",S age Account 924,08/04/2025,08/13/2025,"$1,001 - $15,000",,"SP Medpace Holdings, Inc. - Common Stock (MEDP) [ST] S 08/04/2025 08/13/2025 $1,001 - $15,000 Filing Status: New Subholding Of: Charles Schwab Brokerage Account 924",,,False,100,MEDP,accepted,house_ptr_structure+v8_1,False,False,False,08/04/2025,False
20030932,Hon. Lisa McClain,Member,MI09,20030932.pdf,2025,86,SP,"Merck & Company, Inc. Common Stock","Merck & Company, Inc. Common Stock",MRK,MRK,ST,S,2025-08-04,2025-08-13,1001.0,15000.0,,"$1,001 - $15,000",valid_range,New,Charles Schwab Brokerage Account 924,,,,10,10,table,False,False,,False,0,False,True,100,True,20,False,https://disclosures-clerk.house.gov/public_disc/ptr-pdfs/2025/20030932.pdf,,,SP,"Merck & Company, Inc. Common Stock (MRK) [ST]","Merck & Company, Inc. Common Stock (MRK) [ST]",S,08/04/2025,08/13/2025,"$1,001 - $15,000",Filing Status: New Subholding Of: Charles Schwab Brokerage Account 924,"SP Merck & Company, Inc. Common Stock (MRK) [ST] S 08/04/2025 08/13/2025 $1,001 - $15,000 Filing Status: New Subholding Of: Charles Schwab Brokerage Account 924",,,False,100,MRK,accepted,house_ptr_structure+v8_1,False,False,False,08/04/2025,False
20030932,Hon. Lisa McClain,Member,MI09,20030932.pdf,2025,87,SP,"Micron Technology, Inc. - Common Stock","Micron Technology, Inc. - Common Stock",MU,MU,ST,S,2025-08-04,2025-08-13,1001.0,15000.0,,"$1,001 - $15,000",valid_range,New,Charles Schwab Brokerage Account 924,,,,10,10,table,False,False,,False,0,False,False,100,True,20,False,https://disclosures-clerk.house.gov/public_disc/ptr-pdfs/2025/20030932.pdf,,,SP,"Micron Technology, Inc. - Common Stock (MU) [ST] Filing Status: New Subholding Of: Charles Schwab Brokera","Micron Technology, Inc. - Common Stock (MU) [ST]",S age Account 924,08/04/2025,08/13/2025,"$1,001 - $15,000",,"SP Micron Technology, Inc. - Common Stock (MU) [ST] S 08/04/2025 08/13/2025 $1,001 - $15,000 Filing Status: New Subholding Of: Charles Schwab Brokerage Account 924",,,False,100,MU,accepted,house_ptr_structure+v8_1,False,False,False,08/04/2025,False
20030932,Hon. Lisa McClain,Member,MI09,20030932.pdf,2025,88,SP,MKS Inc. - Common Stock,MKS Inc. - Common Stock,MKSI,MKSI,ST,P,2025-08-04,2025-08-13,1001.0,15000.0,,"$1,001 - $15,000",valid_range,New $200?,Charles Schwab Brokerage Account 924,,,,10,11,table,False,False,,True,0,False,True,98,True,20,False,https://disclosures-clerk.house.gov/public_disc/ptr-pdfs/2025/20030932.pdf,,,SP,MKS Inc. - Common Stock (MKSI) [ST],MKS Inc. - Common Stock (MKSI) [ST],P,08/04/2025,08/13/2025,"$1,001 - $15,000",Filing Status: New $200? Subholding Of: Charles Schwab Brokerage Account 924,"SP MKS Inc. - Common Stock (MKSI) [ST] P 08/04/2025 08/13/2025 $1,001 - $15,000 Filing Status: New $200? Subholding Of: Charles Schwab Brokerage Account 924",,,False,98,MKSI,accepted,house_ptr_structure+v8_1,False,False,False,08/04/2025,False
20030932,Hon. Lisa McClain,Member,MI09,20030932.pdf,2025,89,SP,"Morningstar, Inc. - Common Stock","Morningstar, Inc. - Common Stock",MORN,MORN,ST,S,2025-08-04,2025-08-13,1001.0,15000.0,,"$1,001 - $15,000",valid_range,New,Charles Schwab Brokerage Account 924,,,,11,11,table,False,False,,False,0,False,False,100,True,20,False,https://disclosures-clerk.house.gov/public_disc/ptr-pdfs/2025/20030932.pdf,,,SP,"Morningstar, Inc. - Common Stock (MORN) [ST] Filing Status: New Subholding Of: Charles Schwab Brokera","Morningstar, Inc. - Common Stock (MORN) [ST]",S age Account 924,08/04/2025,08/13/2025,"$1,001 - $15,000",,"SP Morningstar, Inc. - Common Stock (MORN) [ST] S 08/04/2025 08/13/2025 $1,001 - $15,000 Filing Status: New Subholding Of: Charles Schwab Brokerage Account 924",,,False,100,MORN,accepted,house_ptr_structure+v8_1,False,False,False,08/04/2025,False
20030932,Hon. Lisa McClain,Member,MI09,20030932.pdf,2025,90,SP,"NatWest Group plc American Depositary Shares,","NatWest Group plc American Depositary Shares,",NWG,NWG,ST,P,2025-08-13,2025-09-01,1001.0,15000.0,,"$1,001 - $15,000",valid_range,New,Charles Schwab Brokerage Account 924,,,,11,11,table,False,False,,False,0,False,True,100,True,20,False,https://disclosures-clerk.house.gov/public_disc/ptr-pdfs/2025/20030932.pdf,,,SP,"NatWest Group plc American Depositary Shares, (NWG) [ST]","NatWest Group plc American Depositary Shares, (NWG) [ST]",P,08/13/2025,09/01/2025,"$1,001 - $15,000",Filing Status: New Subholding Of: Charles Schwab Brokerage Account 924,"SP NatWest Group plc American Depositary Shares, (NWG) [ST] P 08/13/2025 09/01/2025 $1,001 - $15,000 Filing Status: New Subholding Of: Charles Schwab Brokerage Account 924",,,False,100,NWG,accepted,house_ptr_structure+v8_1,False,False,False,08/13/2025,False
20030932,Hon. Lisa McClain,Member,MI09,20030932.pdf,2025,91,SP,"NetEase, Inc. - American Depositary Shares, each representing 5 ordinary shares","NetEase, Inc. - American Depositary Shares, each representing 5 ordinary shares",NTES,NTES,ST,S,2025-08-04,2025-08-13,1001.0,15000.0,,"$1,001 - $15,000",valid_range,New,Charles Schwab Brokerage Account 924,,,,11,11,table,False,False,,False,0,False,False,100,True,20,False,https://disclosures-clerk.house.gov/public_disc/ptr-pdfs/2025/20030932.pdf,,,SP,"NetEase, Inc. - American Depositary Shares, each representing 5 ordinary shares (NTES) [ST] Filing Status: New Subholding Of: Charles Schwab Brokera","NetEase, Inc. - American Depositary Shares, each representing 5 ordinary shares (NTES) [ST]",S age Account 924,08/04/2025,08/13/2025,"$1,001 - $15,000",,"SP NetEase, Inc. - American Depositary Shares, each representing 5 ordinary shares (NTES) [ST] S 08/04/2025 08/13/2025 $1,001 - $15,000 Filing Status: New Subholding Of: Charles Schwab Brokerage Account 924",,,False,100,NTES,accepted,house_ptr_structure+v8_1,False,False,False,08/04/2025,False
20030932,Hon. Lisa McClain,Member,MI09,20030932.pdf,2025,92,SP,New York Times Company,New York Times Company,NYT,NYT,ST,S,2025-08-04,2025-08-13,1001.0,15000.0,,"$1,001 - $15,000",valid_range,New,Charles Schwab Brokerage Account 924,,,,11,11,table,False,False,,False,0,False,True,100,True,20,False,https://disclosures-clerk.house.gov/public_disc/ptr-pdfs/2025/20030932.pdf,,,SP,New York Times Company (NYT) [ST],New York Times Company (NYT) [ST],S,08/04/2025,08/13/2025,"$1,001 - $15,000",Filing Status: New Subholding Of: Charles Schwab Brokerage Account 924,"SP New York Times Company (NYT) [ST] S 08/04/2025 08/13/2025 $1,001 - $15,000 Filing Status: New Subholding Of: Charles Schwab Brokerage Account 924",,,False,100,NYT,accepted,house_ptr_structure+v8_1,False,False,False,08/04/2025,False
20030932,Hon. Lisa McClain,Member,MI09,20030932.pdf,2025,93,SP,"NNN REIT, Inc. Common Stock","NNN REIT, Inc. Common Stock",NNN,NNN,ST,S,2025-08-13,2025-09-01,1001.0,15000.0,,"$1,001 - $15,000",valid_range,New,Charles Schwab Brokerage Account 924,,,,11,11,table,False,False,,False,0,False,False,100,True,20,False,https://disclosures-clerk.house.gov/public_disc/ptr-pdfs/2025/20030932.pdf,,,SP,"NNN REIT, Inc. Common Stock (NNN) [ST] Filing Status: New Subholding Of: Charles Schwab Brokera","NNN REIT, Inc. Common Stock (NNN) [ST]",S age Account 924,08/13/2025,09/01/2025,"$1,001 - $15,000",,"SP NNN REIT, Inc. Common Stock (NNN) [ST] S 08/13/2025 09/01/2025 $1,001 - $15,000 Filing Status: New Subholding Of: Charles Schwab Brokerage Account 924",,,False,100,NNN,accepted,house_ptr_structure+v8_1,False,False,False,08/13/2025,False
20030932,Hon. Lisa McClain,Member,MI09,20030932.pdf,2025,94,SP,"Northern Oil and Gas, Inc. Common Stock","Northern Oil and Gas, Inc. Common Stock",NOG,NOG,ST,S,2025-08-04,2025-08-13,1001.0,15000.0,,"$1,001 - $15,000",valid_range,New,Charles Schwab Brokerage Account 924,,,,11,11,table,False,False,,False,0,False,True,100,True,20,False,https://disclosures-clerk.house.gov/public_disc/ptr-pdfs/2025/20030932.pdf,,,SP,"Northern Oil and Gas, Inc. Common Stock (NOG) [ST]","Northern Oil and Gas, Inc. Common Stock (NOG) [ST]",S,08/04/2025,08/13/2025,"$1,001 - $15,000",Filing Status: New Subholding Of: Charles Schwab Brokerage Account 924,"SP Northern Oil and Gas, Inc. Common Stock (NOG) [ST] S 08/04/2025 08/13/2025 $1,001 - $15,000 Filing Status: New Subholding Of: Charles Schwab Brokerage Account 924",,,False,100,NOG,accepted,house_ptr_structure+v8_1,False,False,False,08/04/2025,False
20030932,Hon. Lisa McClain,Member,MI09,20030932.pdf,2025,95,SP,Novanta Inc. - Common Shares,Novanta Inc. - Common Shares,NOVT,NOVT,ST,S,2025-08-04,2025-08-13,1001.0,15000.0,,"$1,001 - $15,000",valid_range,New,Charles Schwab Brokerage Account 924,,,,11,11,table,False,False,,False,0,False,False,100,True,20,False,https://disclosures-clerk.house.gov/public_disc/ptr-pdfs/2025/20030932.pdf,,,SP,Novanta Inc. - Common Shares (NOVT) [ST] Filing Status: New Subholding Of: Charles Schwab Brokera,Novanta Inc. - Common Shares (NOVT) [ST],S age Account 924,08/04/2025,08/13/2025,"$1,001 - $15,000",,"SP Novanta Inc. - Common Shares (NOVT) [ST] S 08/04/2025 08/13/2025 $1,001 - $15,000 Filing Status: New Subholding Of: Charles Schwab Brokerage Account 924",,,False,100,NOVT,accepted,house_ptr_structure+v8_1,False,False,False,08/04/2025,False
20030932,Hon. Lisa McClain,Member,MI09,20030932.pdf,2025,96,SP,Novo Nordisk A/S Common Stock,Novo Nordisk A/S Common Stock,NVO,NVO,ST,S (partial),2025-08-04,2025-08-13,1001.0,15000.0,,"$1,001 - $15,000",valid_range,New,Charles Schwab Brokerage Account 924,,,,11,11,table,False,False,,False,0,False,True,100,True,20,False,https://disclosures-clerk.house.gov/public_disc/ptr-pdfs/2025/20030932.pdf,,,SP,Novo Nordisk A/S Common Stock (NVO) [ST],Novo Nordisk A/S Common Stock (NVO) [ST],S (partial),08/04/2025,08/13/2025,"$1,001 - $15,000",Filing Status: New Subholding Of: Charles Schwab Brokerage Account 924,"SP Novo Nordisk A/S Common Stock (NVO) [ST] S (partial) 08/04/2025 08/13/2025 $1,001 - $15,000 Filing Status: New Subholding Of: Charles Schwab Brokerage Account 924",,,False,100,NVO,accepted,house_ptr_structure+v8_1,False,False,False,08/04/2025,False
20030932,Hon. Lisa McClain,Member,MI09,20030932.pdf,2025,97,SP,OGE Energy Corp Common Stock,OGE Energy Corp Common Stock,OGE,OGE,ST,P,2025-08-13,2025-09-01,1001.0,15000.0,,"$1,001 - $15,000",valid_range,New,Charles Schwab Brokerage Account 924,,,,11,12,table,False,False,,True,0,False,False,98,True,20,False,https://disclosures-clerk.house.gov/public_disc/ptr-pdfs/2025/20030932.pdf,,,SP,OGE Energy Corp Common Stock (OGE) [ST] Filing Status: New,OGE Energy Corp Common Stock (OGE) [ST] Subholding Of: Charles Schwab Brokerage Account 924,P,08/13/2025,09/01/2025,"$1,001 - $15,000",Subholding Of: Charles Schwab Brokerage Account 924,"SP OGE Energy Corp Common Stock (OGE) [ST] P 08/13/2025 09/01/2025 $1,001 - $15,000 Filing Status: New Subholding Of: Charles Schwab Brokerage Account 924",,,False,98,OGE,accepted,house_ptr_structure+v8_1,False,False,False,08/13/2025,False
20030932,Hon. Lisa McClain,Member,MI09,20030932.pdf,2025,98,SP,"O'Reilly Automotive, Inc. - Common Stock","O'Reilly Automotive, Inc. - Common Stock",ORLY,ORLY,ST,S (partial),2025-08-04,2025-08-13,1001.0,15000.0,,"$1,001 - $15,000",valid_range,New,Charles Schwab Brokerage Account 924,,,,12,12,table,False,False,,False,0,False,True,100,True,20,False,https://disclosures-clerk.house.gov/public_disc/ptr-pdfs/2025/20030932.pdf,,,SP,"O'Reilly Automotive, Inc. - Common Stock (ORLY) [ST]","O'Reilly Automotive, Inc. - Common Stock (ORLY) [ST]",S (partial),08/04/2025,08/13/2025,"$1,001 - $15,000",Filing Status: New Subholding Of: Charles Schwab Brokerage Account 924,"SP O'Reilly Automotive, Inc. - Common Stock (ORLY) [ST] S (partial) 08/04/2025 08/13/2025 $1,001 - $15,000 Filing Status: New Subholding Of: Charles Schwab Brokerage Account 924",,,False,100,ORLY,accepted,house_ptr_structure+v8_1,False,False,False,08/04/2025,False
20030932,Hon. Lisa McClain,Member,MI09,20030932.pdf,2025,99,SP,Otis Worldwide Corporation Common Stock,Otis Worldwide Corporation Common Stock,OTIS,OTIS,ST,P,2025-08-04,2025-08-13,1001.0,15000.0,,"$1,001 - $15,000",valid_range,New,Charles Schwab Brokerage Account 924,,,,12,12,table,False,False,,False,0,False,False,100,True,20,False,https://disclosures-clerk.house.gov/public_disc/ptr-pdfs/2025/20030932.pdf,,,SP,Otis Worldwide Corporation Common Stock (OTIS) [ST] Filing Status: New Subholding Of: Charles Schwab Brokera,Otis Worldwide Corporation Common Stock (OTIS) [ST],P age Account 924,08/04/2025,08/13/2025,"$1,001 - $15,000",,"SP Otis Worldwide Corporation Common Stock (OTIS) [ST] P 08/04/2025 08/13/2025 $1,001 - $15,000 Filing Status: New Subholding Of: Charles Schwab Brokerage Account 924",,,False,100,OTIS,accepted,house_ptr_structure+v8_1,False,False,False,08/04/2025,False
20030932,Hon. Lisa McClain,Member,MI09,20030932.pdf,2025,100,SP,"Paychex, Inc. - Common Stock","Paychex, Inc. - Common Stock",PAYX,PAYX,ST,S,2025-08-04,2025-08-13,1001.0,15000.0,,"$1,001 - $15,000",valid_range,New,Charles Schwab Brokerage Account 924,,,,12,12,table,False,False,,False,0,False,True,100,True,20,False,https://disclosures-clerk.house.gov/public_disc/ptr-pdfs/2025/20030932.pdf,,,SP,"Paychex, Inc. - Common Stock (PAYX) [ST]","Paychex, Inc. - Common Stock (PAYX) [ST]",S,08/04/2025,08/13/2025,"$1,001 - $15,000",Filing Status: New Subholding Of: Charles Schwab Brokerage Account 924,"SP Paychex, Inc. - Common Stock (PAYX) [ST] S 08/04/2025 08/13/2025 $1,001 - $15,000 Filing Status: New Subholding Of: Charles Schwab Brokerage Account 924",,,False,100,PAYX,accepted,house_ptr_structure+v8_1,False,False,False,08/04/2025,False
20030932,Hon. Lisa McClain,Member,MI09,20030932.pdf,2025,101,SP,"PayPal Holdings, Inc. - Common Stock","PayPal Holdings, Inc. - Common Stock",PYPL,PYPL,ST,P,2025-08-04,2025-08-13,1001.0,15000.0,,"$1,001 - $15,000",valid_range,New,Charles Schwab Brokerage Account 924,,,,12,12,table,False,False,,False,0,False,False,100,True,20,False,https://disclosures-clerk.house.gov/public_disc/ptr-pdfs/2025/20030932.pdf,,,SP,"PayPal Holdings, Inc. - Common Stock (PYPL) [ST] Filing Status: New Subholding Of: Charles Schwab Brokera","PayPal Holdings, Inc. - Common Stock (PYPL) [ST]",P age Account 924,08/04/2025,08/13/2025,"$1,001 - $15,000",,"SP PayPal Holdings, Inc. - Common Stock (PYPL) [ST] P 08/04/2025 08/13/2025 $1,001 - $15,000 Filing Status: New Subholding Of: Charles Schwab Brokerage Account 924",,,False,100,PYPL,accepted,house_ptr_structure+v8_1,False,False,False,08/04/2025,False
20030932,Hon. Lisa McClain,Member,MI09,20030932.pdf,2025,102,SP,Performance Food Group Company Common Stock,Performance Food Group Company Common Stock,PFGC,PFGC,ST,P,2025-08-13,2025-09-01,1001.0,15000.0,,"$1,001 - $15,000",valid_range,New,Charles Schwab Brokerage Account 924,,,,12,12,table,False,False,,False,0,False,True,100,True,20,False,https://disclosures-clerk.house.gov/public_disc/ptr-pdfs/2025/20030932.pdf,,,SP,Performance Food Group Company Common Stock (PFGC) [ST],Performance Food Group Company Common Stock (PFGC) [ST],P,08/13/2025,09/01/2025,"$1,001 - $15,000",Filing Status: New Subholding Of: Charles Schwab Brokerage Account 924,"SP Performance Food Group Company Common Stock (PFGC) [ST] P 08/13/2025 09/01/2025 $1,001 - $15,000 Filing Status: New Subholding Of: Charles Schwab Brokerage Account 924",,,False,100,PFGC,accepted,house_ptr_structure+v8_1,False,False,False,08/13/2025,False
20030932,Hon. Lisa McClain,Member,MI09,20030932.pdf,2025,103,SP,"Pfizer, Inc. Common Stock","Pfizer, Inc. Common Stock",PFE,PFE,ST,S,2025-08-04,2025-08-13,1001.0,15000.0,,"$1,001 - $15,000",valid_range,New,Charles Schwab Brokerage Account 924,,,,12,12,table,False,False,,False,0,False,False,100,True,20,False,https://disclosures-clerk.house.gov/public_disc/ptr-pdfs/2025/20030932.pdf,,,SP,"Pfizer, Inc. Common Stock (PFE) [ST] Filing Status: New Subholding Of: Charles Schwab Brokera","Pfizer, Inc. Common Stock (PFE) [ST]",S age Account 924,08/04/2025,08/13/2025,"$1,001 - $15,000",,"SP Pfizer, Inc. Common Stock (PFE) [ST] S 08/04/2025 08/13/2025 $1,001 - $15,000 Filing Status: New Subholding Of: Charles Schwab Brokerage Account 924",,,False,100,PFE,accepted,house_ptr_structure+v8_1,False,False,False,08/04/2025,False
20030932,Hon. Lisa McClain,Member,MI09,20030932.pdf,2025,104,SP,"Phillips Edison & Company, Inc. - Common Stock","Phillips Edison & Company, Inc. - Common Stock",PECO,PECO,ST,S,2025-08-04,2025-08-13,1001.0,15000.0,,"$1,001 - $15,000",valid_range,New,Charles Schwab Brokerage Account 924,,,,12,12,table,False,False,,False,0,False,True,100,True,20,False,https://disclosures-clerk.house.gov/public_disc/ptr-pdfs/2025/20030932.pdf,,,SP,"Phillips Edison & Company, Inc. - Common Stock (PECO) [ST]","Phillips Edison & Company, Inc. - Common Stock (PECO) [ST]",S,08/04/2025,08/13/2025,"$1,001 - $15,000",Filing Status: New Subholding Of: Charles Schwab Brokerage Account 924,"SP Phillips Edison & Company, Inc. - Common Stock (PECO) [ST] S 08/04/2025 08/13/2025 $1,001 - $15,000 Filing Status: New Subholding Of: Charles Schwab Brokerage Account 924",,,False,100,PECO,accepted,house_ptr_structure+v8_1,False,False,False,08/04/2025,False
20030932,Hon. Lisa McClain,Member,MI09,20030932.pdf,2025,105,SP,Range Resources Corporation Common Stock,Range Resources Corporation Common Stock,RRC,RRC,ST,S,2025-08-04,2025-08-13,1001.0,15000.0,,"$1,001 - $15,000",valid_range,New,Charles Schwab Brokerage Account 924,,,,12,12,table,False,False,,False,0,False,False,100,True,20,False,https://disclosures-clerk.house.gov/public_disc/ptr-pdfs/2025/20030932.pdf,,,SP,Range Resources Corporation Common Stock (RRC) [ST] Filing Status: New Subholding Of: Charles Schwab Brokera,Range Resources Corporation Common Stock (RRC) [ST],S age Account 924,08/04/2025,08/13/2025,"$1,001 - $15,000",,"SP Range Resources Corporation Common Stock (RRC) [ST] S 08/04/2025 08/13/2025 $1,001 - $15,000 Filing Status: New Subholding Of: Charles Schwab Brokerage Account 924",,,False,100,RRC,accepted,house_ptr_structure+v8_1,False,False,False,08/04/2025,False
20030932,Hon. Lisa McClain,Member,MI09,20030932.pdf,2025,106,SP,"Reliance, Inc. Common Stock","Reliance, Inc. Common Stock",RS,RS,ST,P,2025-08-04,2025-08-13,1001.0,15000.0,,"$1,001 - $15,000",valid_range,New,Charles Schwab Brokerage Account 924 Type Date Gains > $200?,,,,12,13,table,False,False,,True,0,False,True,98,True,20,False,https://disclosures-clerk.house.gov/public_disc/ptr-pdfs/2025/20030932.pdf,,,SP,"Reliance, Inc. Common Stock (RS) [ST]","Reliance, Inc. Common Stock (RS) [ST]",P,08/04/2025,08/13/2025,"$1,001 - $15,000",Filing Status: New Subholding Of: Charles Schwab Brokerage Account 924 Type Date Gains > $200?,"SP Reliance, Inc. Common Stock (RS) [ST] P 08/04/2025 08/13/2025 $1,001 - $15,000 Filing Status: New Subholding Of: Charles Schwab Brokerage Account 924 Type Date Gains > $200?",,,False,98,RS,accepted,house_ptr_structure+v8_1,False,False,False,08/04/2025,False
20030932,Hon. Lisa McClain,Member,MI09,20030932.pdf,2025,107,SP,"Roper Technologies, Inc.","Roper Technologies, Inc.",ROP,ROP,ST,S,2025-08-04,2025-08-13,1001.0,15000.0,,"$1,001 - $15,000",valid_range,New,Charles Schwab Brokerage Account 924,,,,13,13,table,False,False,,False,0,False,False,100,True,20,False,https://disclosures-clerk.house.gov/public_disc/ptr-pdfs/2025/20030932.pdf,,,SP,"Roper Technologies, Inc. (ROP) [ST] Filing Status: New Subholding Of: Charles Schwab Brokera","Roper Technologies, Inc. (ROP) [ST]",S age Account 924,08/04/2025,08/13/2025,"$1,001 - $15,000",,"SP Roper Technologies, Inc. (ROP) [ST] S 08/04/2025 08/13/2025 $1,001 - $15,000 Filing Status: New Subholding Of: Charles Schwab Brokerage Account 924",,,False,100,ROP,accepted,house_ptr_structure+v8_1,False,False,False,08/04/2025,False
20030932,Hon. Lisa McClain,Member,MI09,20030932.pdf,2025,108,SP,"Royal Gold, Inc. - Common Stock","Royal Gold, Inc. - Common Stock",RGLD,RGLD,ST,S,2025-08-04,2025-08-13,1001.0,15000.0,,"$1,001 - $15,000",valid_range,New,Charles Schwab Brokerage Account 924,,,,13,13,table,False,False,,False,0,False,True,100,True,20,False,https://disclosures-clerk.house.gov/public_disc/ptr-pdfs/2025/20030932.pdf,,,SP,"Royal Gold, Inc. - Common Stock (RGLD) [ST]","Royal Gold, Inc. - Common Stock (RGLD) [ST]",S,08/04/2025,08/13/2025,"$1,001 - $15,000",Filing Status: New Subholding Of: Charles Schwab Brokerage Account 924,"SP Royal Gold, Inc. - Common Stock (RGLD) [ST] S 08/04/2025 08/13/2025 $1,001 - $15,000 Filing Status: New Subholding Of: Charles Schwab Brokerage Account 924",,,False,100,RGLD,accepted,house_ptr_structure+v8_1,False,False,False,08/04/2025,False
20030932,Hon. Lisa McClain,Member,MI09,20030932.pdf,2025,109,SP,"Ryman Hospitality Properties, Inc.","Ryman Hospitality Properties, Inc.",RHP,RHP,ST,P,2025-08-04,2025-08-13,1001.0,15000.0,,"$1,001 - $15,000",valid_range,New,Charles Schwab Brokerage Account 924,,,,13,13,table,False,False,,False,0,False,False,100,True,20,False,https://disclosures-clerk.house.gov/public_disc/ptr-pdfs/2025/20030932.pdf,,,SP,"Ryman Hospitality Properties, Inc. (RHP) [ST] Filing Status: New Subholding Of: Charles Schwab Brokera","Ryman Hospitality Properties, Inc. (RHP) [ST]",P age Account 924,08/04/2025,08/13/2025,"$1,001 - $15,000",,"SP Ryman Hospitality Properties, Inc. (RHP) [ST] P 08/04/2025 08/13/2025 $1,001 - $15,000 Filing Status: New Subholding Of: Charles Schwab Brokerage Account 924",,,False,100,RHP,accepted,house_ptr_structure+v8_1,False,False,False,08/04/2025,False
20030932,Hon. Lisa McClain,Member,MI09,20030932.pdf,2025,110,SP,Sanofi - American Depositary Shares,Sanofi - American Depositary Shares,SNY,SNY,ST,P,2025-08-04,2025-08-13,1001.0,15000.0,,"$1,001 - $15,000",valid_range,New,Charles Schwab Brokerage Account 924,,,,13,13,table,False,False,,False,0,False,True,100,True,20,False,https://disclosures-clerk.house.gov/public_disc/ptr-pdfs/2025/20030932.pdf,,,SP,Sanofi - American Depositary Shares (SNY) [ST],Sanofi - American Depositary Shares (SNY) [ST],P,08/04/2025,08/13/2025,"$1,001 - $15,000",Filing Status: New Subholding Of: Charles Schwab Brokerage Account 924,"SP Sanofi - American Depositary Shares (SNY) [ST] P 08/04/2025 08/13/2025 $1,001 - $15,000 Filing Status: New Subholding Of: Charles Schwab Brokerage Account 924",,,False,100,SNY,accepted,house_ptr_structure+v8_1,False,False,False,08/04/2025,False
20030932,Hon. Lisa McClain,Member,MI09,20030932.pdf,2025,111,SP,SAP SE ADS,SAP SE ADS,SAP,SAP,ST,P,2025-08-04,2025-08-13,1001.0,15000.0,,"$1,001 - $15,000",valid_range,New,Charles Schwab Brokerage Account 924,,,,13,13,table,False,False,,False,0,False,False,100,True,20,False,https://disclosures-clerk.house.gov/public_disc/ptr-pdfs/2025/20030932.pdf,,,SP,SAP SE ADS (SAP) [ST] Filing Status: New Subholding Of: Charles Schwab Brokera,SAP SE ADS (SAP) [ST],P age Account 924,08/04/2025,08/13/2025,"$1,001 - $15,000",,"SP SAP SE ADS (SAP) [ST] P 08/04/2025 08/13/2025 $1,001 - $15,000 Filing Status: New Subholding Of: Charles Schwab Brokerage Account 924",,,False,100,SAP,accepted,house_ptr_structure+v8_1,False,False,False,08/04/2025,False
20030932,Hon. Lisa McClain,Member,MI09,20030932.pdf,2025,112,SP,SAP SE ADS,SAP SE ADS,SAP,SAP,ST,S,2025-08-13,2025-09-01,1001.0,15000.0,,"$1,001 - $15,000",valid_range,New,Charles Schwab Brokerage Account 924,,,,13,13,table,False,False,,False,0,False,True,100,True,20,False,https://disclosures-clerk.house.gov/public_disc/ptr-pdfs/2025/20030932.pdf,,,SP,SAP SE ADS (SAP) [ST],SAP SE ADS (SAP) [ST],S,08/13/2025,09/01/2025,"$1,001 - $15,000",Filing Status: New Subholding Of: Charles Schwab Brokerage Account 924,"SP SAP SE ADS (SAP) [ST] S 08/13/2025 09/01/2025 $1,001 - $15,000 Filing Status: New Subholding Of: Charles Schwab Brokerage Account 924",,,False,100,SAP,accepted,house_ptr_structure+v8_1,False,False,False,08/13/2025,False
20030932,Hon. Lisa McClain,Member,MI09,20030932.pdf,2025,113,SP,"ServiceNow, Inc. Common Stock","ServiceNow, Inc. Common Stock",NOW,NOW,ST,S,2025-08-13,2025-09-01,1001.0,15000.0,,"$1,001 - $15,000",valid_range,New,Charles Schwab Brokerage Account 924,,,,13,13,table,False,False,,False,0,False,False,100,True,20,False,https://disclosures-clerk.house.gov/public_disc/ptr-pdfs/2025/20030932.pdf,,,SP,"ServiceNow, Inc. Common Stock (NOW) [ST] Filing Status: New Subholding Of: Charles Schwab Brokera","ServiceNow, Inc. Common Stock (NOW) [ST]",S age Account 924,08/13/2025,09/01/2025,"$1,001 - $15,000",,"SP ServiceNow, Inc. Common Stock (NOW) [ST] S 08/13/2025 09/01/2025 $1,001 - $15,000 Filing Status: New Subholding Of: Charles Schwab Brokerage Account 924",,,False,100,NOW,accepted,house_ptr_structure+v8_1,False,False,False,08/13/2025,False
20030932,Hon. Lisa McClain,Member,MI09,20030932.pdf,2025,114,SP,"ServiceNow, Inc. Common Stock","ServiceNow, Inc. Common Stock",NOW,NOW,ST,P,2025-08-04,2025-08-13,1001.0,15000.0,,"$1,001 - $15,000",valid_range,New,Charles Schwab Brokerage Account 924,,,,13,13,table,False,False,,False,0,False,True,100,True,20,False,https://disclosures-clerk.house.gov/public_disc/ptr-pdfs/2025/20030932.pdf,,,SP,"ServiceNow, Inc. Common Stock (NOW) [ST]","ServiceNow, Inc. Common Stock (NOW) [ST]",P,08/04/2025,08/13/2025,"$1,001 - $15,000",Filing Status: New Subholding Of: Charles Schwab Brokerage Account 924,"SP ServiceNow, Inc. Common Stock (NOW) [ST] P 08/04/2025 08/13/2025 $1,001 - $15,000 Filing Status: New Subholding Of: Charles Schwab Brokerage Account 924",,,False,100,NOW,accepted,house_ptr_structure+v8_1,False,False,False,08/04/2025,False
20030932,Hon. Lisa McClain,Member,MI09,20030932.pdf,2025,115,SP,Six Flags Entertainment Corporation Common Stock New,Six Flags Entertainment Corporation Common Stock New,FUN,FUN,ST,S,2025-08-13,2025-09-01,1001.0,15000.0,,"$1,001 - $15,000",valid_range,New,Charles Schwab Brokerage Account 924,,,,13,13,table,False,False,,False,0,False,False,100,True,20,False,https://disclosures-clerk.house.gov/public_disc/ptr-pdfs/2025/20030932.pdf,,,SP,Six Flags Entertainment Corporation Common Stock New (FUN) [ST] Filing Status: New Subholding Of: Charles Schwab Brokera,Six Flags Entertainment Corporation Common Stock New (FUN) [ST],S age Account 924,08/13/2025,09/01/2025,"$1,001 - $15,000",,"SP Six Flags Entertainment Corporation Common Stock New (FUN) [ST] S 08/13/2025 09/01/2025 $1,001 - $15,000 Filing Status: New Subholding Of: Charles Schwab Brokerage Account 924",,,False,100,FUN,accepted,house_ptr_structure+v8_1,False,False,False,08/13/2025,False
20030932,Hon. Lisa McClain,Member,MI09,20030932.pdf,2025,116,SP,Sony Group Corporation American Depositary Shares,Sony Group Corporation American Depositary Shares,SONY,SONY,ST,P,2025-08-04,2025-08-13,1001.0,15000.0,,"$1,001 - $15,000",valid_range,New,Charles Schwab Brokerage Account 924,,,,14,14,table,False,False,,False,0,False,True,100,True,20,False,https://disclosures-clerk.house.gov/public_disc/ptr-pdfs/2025/20030932.pdf,,,SP,Sony Group Corporation American Depositary Shares (SONY) [ST],Sony Group Corporation American Depositary Shares (SONY) [ST],P,08/04/2025,08/13/2025,"$1,001 - $15,000",Filing Status: New Subholding Of: Charles Schwab Brokerage Account 924,"SP Sony Group Corporation American Depositary Shares (SONY) [ST] P 08/04/2025 08/13/2025 $1,001 - $15,000 Filing Status: New Subholding Of: Charles Schwab Brokerage Account 924",,,False,100,SONY,accepted,house_ptr_structure+v8_1,False,False,False,08/04/2025,False
20030932,Hon. Lisa McClain,Member,MI09,20030932.pdf,2025,117,SP,"Synopsys, Inc. - Common Stock","Synopsys, Inc. - Common Stock",SNPS,SNPS,ST,P,2025-08-13,2025-09-01,1001.0,15000.0,,"$1,001 - $15,000",valid_range,New,Charles Schwab Brokerage Account 924,,,,14,14,table,False,False,,False,0,False,False,100,True,20,False,https://disclosures-clerk.house.gov/public_disc/ptr-pdfs/2025/20030932.pdf,,,SP,"Synopsys, Inc. - Common Stock (SNPS) [ST] Filing Status: New Subholding Of: Charles Schwab Brokera","Synopsys, Inc. - Common Stock (SNPS) [ST]",P age Account 924,08/13/2025,09/01/2025,"$1,001 - $15,000",,"SP Synopsys, Inc. - Common Stock (SNPS) [ST] P 08/13/2025 09/01/2025 $1,001 - $15,000 Filing Status: New Subholding Of: Charles Schwab Brokerage Account 924",,,False,100,SNPS,accepted,house_ptr_structure+v8_1,False,False,False,08/13/2025,False
20030932,Hon. Lisa McClain,Member,MI09,20030932.pdf,2025,118,SP,Taiwan Semiconductor Manufacturing Company Ltd.,Taiwan Semiconductor Manufacturing Company Ltd.,TSM,TSM,ST,S (partial),2025-08-28,2025-08-28,50001.0,100000.0,,"$50,001 - $100,000",valid_range,New,Charles Schwab 401K > Schwab 824,,,,14,14,table,False,False,,False,0,False,True,100,True,20,False,https://disclosures-clerk.house.gov/public_disc/ptr-pdfs/2025/20030932.pdf,,,SP,Taiwan Semiconductor Manufacturing Company Ltd. (TSM) [ST],Taiwan Semiconductor Manufacturing Company Ltd. (TSM) [ST],S (partial),08/28/2025,08/28/2025,"$50,001 - $100,000",Filing Status: New Subholding Of: Charles Schwab 401K > Schwab 824,"SP Taiwan Semiconductor Manufacturing Company Ltd. (TSM) [ST] S (partial) 08/28/2025 08/28/2025 $50,001 - $100,000 Filing Status: New Subholding Of: Charles Schwab 401K > Schwab 824",,,False,100,TSM,accepted,house_ptr_structure+v8_1,False,False,False,08/28/2025,False
20030932,Hon. Lisa McClain,Member,MI09,20030932.pdf,2025,119,SP,Tenet Healthcare Corporation Common Stock,Tenet Healthcare Corporation Common Stock,THC,THC,ST,S,2025-08-04,2025-08-13,1001.0,15000.0,,"$1,001 - $15,000",valid_range,New,Charles Schwab Brokerage Account 924,,,,14,14,table,False,False,,False,0,False,False,100,True,20,False,https://disclosures-clerk.house.gov/public_disc/ptr-pdfs/2025/20030932.pdf,,,SP,Tenet Healthcare Corporation Common Stock (THC) [ST] Filing Status: New Subholding Of: Charles Schwab Brokera,Tenet Healthcare Corporation Common Stock (THC) [ST],S age Account 924,08/04/2025,08/13/2025,"$1,001 - $15,000",,"SP Tenet Healthcare Corporation Common Stock (THC) [ST] S 08/04/2025 08/13/2025 $1,001 - $15,000 Filing Status: New Subholding Of: Charles Schwab Brokerage Account 924",,,False,100,THC,accepted,house_ptr_structure+v8_1,False,False,False,08/04/2025,False
20030932,Hon. Lisa McClain,Member,MI09,20030932.pdf,2025,120,SP,Texas Instruments Incorporated - Common Stock,Texas Instruments Incorporated - Common Stock,TXN,TXN,ST,S,2025-08-04,2025-08-13,1001.0,15000.0,,"$1,001 - $15,000",valid_range,New,Charles Schwab Brokerage Account 924,,,,14,14,table,False,False,,False,0,False,True,100,True,20,False,https://disclosures-clerk.house.gov/public_disc/ptr-pdfs/2025/20030932.pdf,,,SP,Texas Instruments Incorporated - Common Stock (TXN) [ST],Texas Instruments Incorporated - Common Stock (TXN) [ST],S,08/04/2025,08/13/2025,"$1,001 - $15,000",Filing Status: New Subholding Of: Charles Schwab Brokerage Account 924,"SP Texas Instruments Incorporated - Common Stock (TXN) [ST] S 08/04/2025 08/13/2025 $1,001 - $15,000 Filing Status: New Subholding Of: Charles Schwab Brokerage Account 924",,,False,100,TXN,accepted,house_ptr_structure+v8_1,False,False,False,08/04/2025,False
20030932,Hon. Lisa McClain,Member,MI09,20030932.pdf,2025,121,SP,Texas Pacific Land Corporation Common Stock,Texas Pacific Land Corporation Common Stock,TPL,TPL,ST,S,2025-08-13,2025-09-01,1001.0,15000.0,,"$1,001 - $15,000",valid_range,New,Charles Schwab Brokerage Account 924,,,,14,14,table,False,False,,False,0,False,False,100,True,20,False,https://disclosures-clerk.house.gov/public_disc/ptr-pdfs/2025/20030932.pdf,,,SP,Texas Pacific Land Corporation Common Stock (TPL) [ST] Filing Status: New Subholding Of: Charles Schwab Brokera,Texas Pacific Land Corporation Common Stock (TPL) [ST],S age Account 924,08/13/2025,09/01/2025,"$1,001 - $15,000",,"SP Texas Pacific Land Corporation Common Stock (TPL) [ST] S 08/13/2025 09/01/2025 $1,001 - $15,000 Filing Status: New Subholding Of: Charles Schwab Brokerage Account 924",,,False,100,TPL,accepted,house_ptr_structure+v8_1,False,False,False,08/13/2025,False
20030932,Hon. Lisa McClain,Member,MI09,20030932.pdf,2025,122,SP,"Texas Roadhouse, Inc. - Common Stock","Texas Roadhouse, Inc. - Common Stock",TXRH,TXRH,ST,P,2025-08-13,2025-09-01,1001.0,15000.0,,"$1,001 - $15,000",valid_range,New,Charles Schwab Brokerage Account 924,,,,14,14,table,False,False,,False,0,False,True,100,True,20,False,https://disclosures-clerk.house.gov/public_disc/ptr-pdfs/2025/20030932.pdf,,,SP,"Texas Roadhouse, Inc. - Common Stock (TXRH) [ST]","Texas Roadhouse, Inc. - Common Stock (TXRH) [ST]",P,08/13/2025,09/01/2025,"$1,001 - $15,000",Filing Status: New Subholding Of: Charles Schwab Brokerage Account 924,"SP Texas Roadhouse, Inc. - Common Stock (TXRH) [ST] P 08/13/2025 09/01/2025 $1,001 - $15,000 Filing Status: New Subholding Of: Charles Schwab Brokerage Account 924",,,False,100,TXRH,accepted,house_ptr_structure+v8_1,False,False,False,08/13/2025,False
20030932,Hon. Lisa McClain,Member,MI09,20030932.pdf,2025,123,SP,Textron Inc. Common Stock,Textron Inc. Common Stock,TXT,TXT,ST,P,2025-08-04,2025-08-13,1001.0,15000.0,,"$1,001 - $15,000",valid_range,New,Charles Schwab Brokerage Account 924,,,,14,14,table,False,False,,False,0,False,False,100,True,20,False,https://disclosures-clerk.house.gov/public_disc/ptr-pdfs/2025/20030932.pdf,,,SP,Textron Inc. Common Stock (TXT) [ST] Filing Status: New Subholding Of: Charles Schwab Brokera,Textron Inc. Common Stock (TXT) [ST],P age Account 924,08/04/2025,08/13/2025,"$1,001 - $15,000",,"SP Textron Inc. Common Stock (TXT) [ST] P 08/04/2025 08/13/2025 $1,001 - $15,000 Filing Status: New Subholding Of: Charles Schwab Brokerage Account 924",,,False,100,TXT,accepted,house_ptr_structure+v8_1,False,False,False,08/04/2025,False
20030932,Hon. Lisa McClain,Member,MI09,20030932.pdf,2025,124,SP,"The Trade Desk, Inc. - Class A Common Stock","The Trade Desk, Inc. - Class A Common Stock",TTD,TTD,ST,S,2025-08-13,2025-09-01,1001.0,15000.0,,"$1,001 - $15,000",valid_range,New,Charles Schwab Brokerage Account 924 ID Owner Asset Transaction Type Date Notification Date Amount Cap. Gains > $200?,,,,14,15,table,True,False,,True,0,False,True,98,True,20,False,https://disclosures-clerk.house.gov/public_disc/ptr-pdfs/2025/20030932.pdf,,,SP,"The Trade Desk, Inc. - Class A Common Stock (TTD) [ST]","The Trade Desk, Inc. - Class A Common Stock (TTD) [ST]",S,08/13/2025,09/01/2025,"$1,001 - $15,000",Filing Status: New Subholding Of: Charles Schwab Brokerage Account 924 ID Owner Asset Transaction Type Date Notification Date Amount Cap. Gains > $200?,"SP The Trade Desk, Inc. - Class A Common Stock (TTD) [ST] S 08/13/2025 09/01/2025 $1,001 - $15,000 Filing Status: New Subholding Of: Charles Schwab Brokerage Account 924 ID Owner Asset Transaction Type Date Notification Date Amount Cap. Gains > $200?",,,False,98,TTD,accepted,house_ptr_structure+v8_1,False,False,False,08/13/2025,False
20030932,Hon. Lisa McClain,Member,MI09,20030932.pdf,2025,125,SP,TotalEnergies SE,TotalEnergies SE,TTE,TTE,ST,P,2025-08-13,2025-09-01,1001.0,15000.0,,"$1,001 - $15,000",valid_range,New,Charles Schwab Brokerage Account 924,,,,15,15,relaxed_table,True,False,,False,0,False,False,100,True,20,False,https://disclosures-clerk.house.gov/public_disc/ptr-pdfs/2025/20030932.pdf,,,SP,TotalEnergies SE (TTE) [ST] Filing Status: New Subholding Of: Charles Schwab Brokera,TotalEnergies SE (TTE) [ST],P age Account 924,08/13/2025,09/01/2025,"$1,001 - $15,000",,"SP TotalEnergies SE (TTE) [ST] P 08/13/2025 09/01/2025 $1,001 - $15,000 Filing Status: New Subholding Of: Charles Schwab Brokerage Account 924",,,False,100,TTE,accepted,house_ptr_structure+v8_1,False,False,False,08/13/2025,False
20030932,Hon. Lisa McClain,Member,MI09,20030932.pdf,2025,126,SP,Toyota Motor Corporation Common Stock,Toyota Motor Corporation Common Stock,TM,TM,ST,P,2025-08-13,2025-09-01,1001.0,15000.0,,"$1,001 - $15,000",valid_range,New,Charles Schwab Brokerage Account 924,,,,15,15,relaxed_table,True,False,,False,0,False,True,100,True,20,False,https://disclosures-clerk.house.gov/public_disc/ptr-pdfs/2025/20030932.pdf,,,SP,Toyota Motor Corporation Common Stock (TM) [ST],Toyota Motor Corporation Common Stock (TM) [ST],P,08/13/2025,09/01/2025,"$1,001 - $15,000",Filing Status: New Subholding Of: Charles Schwab Brokerage Account 924,"SP Toyota Motor Corporation Common Stock (TM) [ST] P 08/13/2025 09/01/2025 $1,001 - $15,000 Filing Status: New Subholding Of: Charles Schwab Brokerage Account 924",,,False,100,TM,accepted,house_ptr_structure+v8_1,False,False,False,08/13/2025,False
20030932,Hon. Lisa McClain,Member,MI09,20030932.pdf,2025,127,SP,"Tyler Technologies, Inc. Common Stock","Tyler Technologies, Inc. Common Stock",TYL,TYL,ST,P,2025-08-13,2025-09-01,1001.0,15000.0,,"$1,001 - $15,000",valid_range,New,Charles Schwab Brokerage Account 924,,,,15,15,relaxed_table,True,False,,False,0,False,False,100,True,20,False,https://disclosures-clerk.house.gov/public_disc/ptr-pdfs/2025/20030932.pdf,,,SP,"Tyler Technologies, Inc. Common Stock (TYL) [ST] Filing Status: New Subholding Of: Charles Schwab Brokera","Tyler Technologies, Inc. Common Stock (TYL) [ST]",P age Account 924,08/13/2025,09/01/2025,"$1,001 - $15,000",,"SP Tyler Technologies, Inc. Common Stock (TYL) [ST] P 08/13/2025 09/01/2025 $1,001 - $15,000 Filing Status: New Subholding Of: Charles Schwab Brokerage Account 924",,,False,100,TYL,accepted,house_ptr_structure+v8_1,False,False,False,08/13/2025,False
20030932,Hon. Lisa McClain,Member,MI09,20030932.pdf,2025,128,SP,Unilever PLC Common Stock,Unilever PLC Common Stock,UL,UL,ST,S,2025-08-04,2025-08-13,1001.0,15000.0,,"$1,001 - $15,000",valid_range,New,Charles Schwab Brokerage Account 924,,,,15,15,relaxed_table,True,False,,False,0,False,True,100,True,20,False,https://disclosures-clerk.house.gov/public_disc/ptr-pdfs/2025/20030932.pdf,,,SP,Unilever PLC Common Stock (UL) [ST],Unilever PLC Common Stock (UL) [ST],S,08/04/2025,08/13/2025,"$1,001 - $15,000",Filing Status: New Subholding Of: Charles Schwab Brokerage Account 924,"SP Unilever PLC Common Stock (UL) [ST] S 08/04/2025 08/13/2025 $1,001 - $15,000 Filing Status: New Subholding Of: Charles Schwab Brokerage Account 924",,,False,100,UL,accepted,house_ptr_structure+v8_1,False,False,False,08/04/2025,False
20030932,Hon. Lisa McClain,Member,MI09,20030932.pdf,2025,129,SP,Union Pacific Corporation Common Stock,Union Pacific Corporation Common Stock,UNP,UNP,ST,S,2025-08-04,2025-08-13,1001.0,15000.0,,"$1,001 - $15,000",valid_range,New,Charles Schwab Brokerage Account 924,,,,15,15,relaxed_table,True,False,,False,0,False,False,100,True,20,False,https://disclosures-clerk.house.gov/public_disc/ptr-pdfs/2025/20030932.pdf,,,SP,Union Pacific Corporation Common Stock (UNP) [ST] Filing Status: New Subholding Of: Charles Schwab Brokera,Union Pacific Corporation Common Stock (UNP) [ST],S age Account 924,08/04/2025,08/13/2025,"$1,001 - $15,000",,"SP Union Pacific Corporation Common Stock (UNP) [ST] S 08/04/2025 08/13/2025 $1,001 - $15,000 Filing Status: New Subholding Of: Charles Schwab Brokerage Account 924",,,False,100,UNP,accepted,house_ptr_structure+v8_1,False,False,False,08/04/2025,False
20030932,Hon. Lisa McClain,Member,MI09,20030932.pdf,2025,130,SP,"United Parcel Service, Inc. Common Stock","United Parcel Service, Inc. Common Stock",UPS,UPS,ST,P,2025-08-04,2025-08-13,1001.0,15000.0,,"$1,001 - $15,000",valid_range,New,Charles Schwab Brokerage Account 924,,,,15,15,relaxed_table,True,False,,False,0,False,True,100,True,20,False,https://disclosures-clerk.house.gov/public_disc/ptr-pdfs/2025/20030932.pdf,,,SP,"United Parcel Service, Inc. Common Stock (UPS) [ST]","United Parcel Service, Inc. Common Stock (UPS) [ST]",P,08/04/2025,08/13/2025,"$1,001 - $15,000",Filing Status: New Subholding Of: Charles Schwab Brokerage Account 924,"SP United Parcel Service, Inc. Common Stock (UPS) [ST] P 08/04/2025 08/13/2025 $1,001 - $15,000 Filing Status: New Subholding Of: Charles Schwab Brokerage Account 924",,,False,100,UPS,accepted,house_ptr_structure+v8_1,False,False,False,08/04/2025,False
20030932,Hon. Lisa McClain,Member,MI09,20030932.pdf,2025,131,SP,UnitedHealth Group Incorporated Common Stock,UnitedHealth Group Incorporated Common Stock,UNH,UNH,ST,P,2025-08-13,2025-09-01,1001.0,15000.0,,"$1,001 - $15,000",valid_range,New,Charles Schwab Brokerage Account 924,,,,15,15,relaxed_table,True,False,,False,0,False,False,100,True,20,False,https://disclosures-clerk.house.gov/public_disc/ptr-pdfs/2025/20030932.pdf,,,SP,UnitedHealth Group Incorporated Common Stock (UNH) [ST] Filing Status: New Subholding Of: Charles Schwab Brokera,UnitedHealth Group Incorporated Common Stock (UNH) [ST],P age Account 924,08/13/2025,09/01/2025,"$1,001 - $15,000",,"SP UnitedHealth Group Incorporated Common Stock (UNH) [ST] P 08/13/2025 09/01/2025 $1,001 - $15,000 Filing Status: New Subholding Of: Charles Schwab Brokerage Account 924",,,False,100,UNH,accepted,house_ptr_structure+v8_1,False,False,False,08/13/2025,False
20030932,Hon. Lisa McClain,Member,MI09,20030932.pdf,2025,132,SP,Unum Group Common Stock,Unum Group Common Stock,UNM,UNM,ST,P,2025-08-04,2025-08-13,1001.0,15000.0,,"$1,001 - $15,000",valid_range,New,Charles Schwab Brokerage Account 924,,,,15,15,relaxed_table,True,False,,False,0,False,True,100,True,20,False,https://disclosures-clerk.house.gov/public_disc/ptr-pdfs/2025/20030932.pdf,,,SP,Unum Group Common Stock (UNM) [ST],Unum Group Common Stock (UNM) [ST],P,08/04/2025,08/13/2025,"$1,001 - $15,000",Filing Status: New Subholding Of: Charles Schwab Brokerage Account 924,"SP Unum Group Common Stock (UNM) [ST] P 08/04/2025 08/13/2025 $1,001 - $15,000 Filing Status: New Subholding Of: Charles Schwab Brokerage Account 924",,,False,100,UNM,accepted,house_ptr_structure+v8_1,False,False,False,08/04/2025,False
20030932,Hon. Lisa McClain,Member,MI09,20030932.pdf,2025,133,SP,US Foods Holding Corp. Common Stock,US Foods Holding Corp. Common Stock,USFD,USFD,ST,S,2025-08-13,2025-09-01,1001.0,15000.0,,"$1,001 - $15,000",valid_range,New,Charles Schwab Brokerage Account 924,,,,15,15,relaxed_table,True,False,,False,0,False,False,100,True,20,False,https://disclosures-clerk.house.gov/public_disc/ptr-pdfs/2025/20030932.pdf,,,SP,US Foods Holding Corp. Common Stock (USFD) [ST] Filing Status: New Subholding Of: Charles Schwab Brokera,US Foods Holding Corp. Common Stock (USFD) [ST],S age Account 924,08/13/2025,09/01/2025,"$1,001 - $15,000",,"SP US Foods Holding Corp. Common Stock (USFD) [ST] S 08/13/2025 09/01/2025 $1,001 - $15,000 Filing Status: New Subholding Of: Charles Schwab Brokerage Account 924",,,False,100,USFD,accepted,house_ptr_structure+v8_1,False,False,False,08/13/2025,False
20030932,Hon. Lisa McClain,Member,MI09,20030932.pdf,2025,134,SP,"Verisk Analytics, Inc. - Common Stock","Verisk Analytics, Inc. - Common Stock",VRSK,VRSK,ST,S,2025-08-13,2025-09-01,1001.0,15000.0,,"$1,001 - $15,000",valid_range,New,Charles Schwab Brokerage Account 924,,,,16,16,table,False,False,,False,0,False,True,100,True,20,False,https://disclosures-clerk.house.gov/public_disc/ptr-pdfs/2025/20030932.pdf,,,SP,"Verisk Analytics, Inc. - Common Stock (VRSK) [ST]","Verisk Analytics, Inc. - Common Stock (VRSK) [ST]",S,08/13/2025,09/01/2025,"$1,001 - $15,000",Filing Status: New Subholding Of: Charles Schwab Brokerage Account 924,"SP Verisk Analytics, Inc. - Common Stock (VRSK) [ST] S 08/13/2025 09/01/2025 $1,001 - $15,000 Filing Status: New Subholding Of: Charles Schwab Brokerage Account 924",,,False,100,VRSK,accepted,house_ptr_structure+v8_1,False,False,False,08/13/2025,False
20030932,Hon. Lisa McClain,Member,MI09,20030932.pdf,2025,135,SP,"Verisk Analytics, Inc. - Common Stock","Verisk Analytics, Inc. - Common Stock",VRSK,VRSK,ST,P,2025-08-04,2025-08-13,1001.0,15000.0,,"$1,001 - $15,000",valid_range,New,Charles Schwab Brokerage Account 924,,,,16,16,table,False,False,,False,0,False,False,100,True,20,False,https://disclosures-clerk.house.gov/public_disc/ptr-pdfs/2025/20030932.pdf,,,SP,"Verisk Analytics, Inc. - Common Stock (VRSK) [ST] Filing Status: New Subholding Of: Charles Schwab Brokera","Verisk Analytics, Inc. - Common Stock (VRSK) [ST]",P age Account 924,08/04/2025,08/13/2025,"$1,001 - $15,000",,"SP Verisk Analytics, Inc. - Common Stock (VRSK) [ST] P 08/04/2025 08/13/2025 $1,001 - $15,000 Filing Status: New Subholding Of: Charles Schwab Brokerage Account 924",,,False,100,VRSK,accepted,house_ptr_structure+v8_1,False,False,False,08/04/2025,False
20030932,Hon. Lisa McClain,Member,MI09,20030932.pdf,2025,136,SP,"Watsco, Inc. Common Stock","Watsco, Inc. Common Stock",WSO,WSO,ST,S,2025-08-13,2025-09-01,1001.0,15000.0,,"$1,001 - $15,000",valid_range,New,Charles Schwab Brokerage Account 924,,,,16,16,table,False,False,,False,0,False,True,100,True,20,False,https://disclosures-clerk.house.gov/public_disc/ptr-pdfs/2025/20030932.pdf,,,SP,"Watsco, Inc. Common Stock (WSO) [ST]","Watsco, Inc. Common Stock (WSO) [ST]",S,08/13/2025,09/01/2025,"$1,001 - $15,000",Filing Status: New Subholding Of: Charles Schwab Brokerage Account 924,"SP Watsco, Inc. Common Stock (WSO) [ST] S 08/13/2025 09/01/2025 $1,001 - $15,000 Filing Status: New Subholding Of: Charles Schwab Brokerage Account 924",,,False,100,WSO,accepted,house_ptr_structure+v8_1,False,False,False,08/13/2025,False
20030932,Hon. Lisa McClain,Member,MI09,20030932.pdf,2025,137,SP,Whirlpool Corporation Common Stock,Whirlpool Corporation Common Stock,WHR,WHR,ST,S,2025-08-04,2025-08-13,1001.0,15000.0,,"$1,001 - $15,000",valid_range,New,Charles Schwab Brokerage Account 924,,,,16,16,table,False,False,,False,0,False,False,100,True,20,False,https://disclosures-clerk.house.gov/public_disc/ptr-pdfs/2025/20030932.pdf,,,SP,Whirlpool Corporation Common Stock (WHR) [ST] Filing Status: New Subholding Of: Charles Schwab Brokera,Whirlpool Corporation Common Stock (WHR) [ST],S age Account 924,08/04/2025,08/13/2025,"$1,001 - $15,000",,"SP Whirlpool Corporation Common Stock (WHR) [ST] S 08/04/2025 08/13/2025 $1,001 - $15,000 Filing Status: New Subholding Of: Charles Schwab Brokerage Account 924",,,False,100,WHR,accepted,house_ptr_structure+v8_1,False,False,False,08/04/2025,False
20030932,Hon. Lisa McClain,Member,MI09,20030932.pdf,2025,138,SP,"Workday, Inc. - Class A Common Stock","Workday, Inc. - Class A Common Stock",WDAY,WDAY,ST,S,2025-08-04,2025-08-13,1001.0,15000.0,,"$1,001 - $15,000",valid_range,New,Charles Schwab Brokerage Account 924,,,,16,16,table,False,False,,False,0,False,True,100,True,20,False,https://disclosures-clerk.house.gov/public_disc/ptr-pdfs/2025/20030932.pdf,,,SP,"Workday, Inc. - Class A Common Stock (WDAY) [ST]","Workday, Inc. - Class A Common Stock (WDAY) [ST]",S,08/04/2025,08/13/2025,"$1,001 - $15,000",Filing Status: New Subholding Of: Charles Schwab Brokerage Account 924,"SP Workday, Inc. - Class A Common Stock (WDAY) [ST] S 08/04/2025 08/13/2025 $1,001 - $15,000 Filing Status: New Subholding Of: Charles Schwab Brokerage Account 924",,,False,100,WDAY,accepted,house_ptr_structure+v8_1,False,False,False,08/04/2025,False
20030932,Hon. Lisa McClain,Member,MI09,20030932.pdf,2025,139,SP,"XPO, Inc. Common Stock","XPO, Inc. Common Stock",XPO,XPO,ST,S,2025-08-04,2025-08-13,1001.0,15000.0,,"$1,001 - $15,000",valid_range,New,Charles Schwab Brokerage Account 924,,,,16,16,table,False,False,,False,0,False,False,100,True,20,False,https://disclosures-clerk.house.gov/public_disc/ptr-pdfs/2025/20030932.pdf,,,SP,"XPO, Inc. Common Stock (XPO) [ST] Filing Status: New Subholding Of: Charles Schwab Brokera","XPO, Inc. Common Stock (XPO) [ST]",S age Account 924,08/04/2025,08/13/2025,"$1,001 - $15,000",,"SP XPO, Inc. Common Stock (XPO) [ST] S 08/04/2025 08/13/2025 $1,001 - $15,000 Filing Status: New Subholding Of: Charles Schwab Brokerage Account 924",,,False,100,XPO,accepted,house_ptr_structure+v8_1,False,False,False,08/04/2025,False
20030932,Hon. Lisa McClain,Member,MI09,20030932.pdf,2025,140,SP,"Yum! Brands, Inc.","Yum! Brands, Inc.",YUM,YUM,ST,S,2025-08-13,2025-09-01,1001.0,15000.0,,"$1,001 - $15,000",valid_range,New,Charles Schwab Brokerage Account 924,,,,16,16,table,False,False,,False,0,False,True,100,True,20,False,https://disclosures-clerk.house.gov/public_disc/ptr-pdfs/2025/20030932.pdf,,,SP,"Yum! Brands, Inc. (YUM) [ST]","Yum! Brands, Inc. (YUM) [ST]",S,08/13/2025,09/01/2025,"$1,001 - $15,000",Filing Status: New Subholding Of: Charles Schwab Brokerage Account 924,"SP Yum! Brands, Inc. (YUM) [ST] S 08/13/2025 09/01/2025 $1,001 - $15,000 Filing Status: New Subholding Of: Charles Schwab Brokerage Account 924",,,False,100,YUM,accepted,house_ptr_structure+v8_1,False,False,False,08/13/2025,False
20030932,Hon. Lisa McClain,Member,MI09,20030932.pdf,2025,141,SP,Zoetis Inc. Class A Common Stock,Zoetis Inc. Class A Common Stock,ZTS,ZTS,ST,S,2025-08-04,2025-08-13,1001.0,15000.0,,"$1,001 - $15,000",valid_range,New,Charles Schwab Brokerage Account 924,,,,16,16,table,False,False,,False,0,False,False,100,True,20,False,https://disclosures-clerk.house.gov/public_disc/ptr-pdfs/2025/20030932.pdf,,,SP,Zoetis Inc. Class A Common Stock (ZTS) [ST] Filing Status: New Subholding Of: Charles Schwab Brokera,Zoetis Inc. Class A Common Stock (ZTS) [ST],S age Account 924,08/04/2025,08/13/2025,"$1,001 - $15,000",,"SP Zoetis Inc. Class A Common Stock (ZTS) [ST] S 08/04/2025 08/13/2025 $1,001 - $15,000 Filing Status: New Subholding Of: Charles Schwab Brokerage Account 924",,,False,100,ZTS,accepted,house_ptr_structure+v8_1,False,False,False,08/04/2025,False
