filing_id,politician,member_status,state_district,source_pdf,source_year,transaction_number_in_filing,owner,asset_v8_2_cleaned,asset_v8_1,ticker_v8_2_cleaned,ticker_v8_1,asset_type,transaction_type,transaction_date,notification_date,amount_min,amount_max,amount_exact,amount_category,amount_status,filing_status,subholding,location,description,comments,page,last_page,page_parse_method,page_recovery_used,filing_page_completeness_issue,suspected_missed_pages,page_continuation_used,duplicate_geometry_rows_merged,possible_adjacent_same_signature,row_shaded,geometry_quality_score,unicode_repair_applied,unicode_repair_count,needs_review,original_pdf_url,review_level,review_reason,owner_raw,asset_raw,asset_lookup_context,transaction_type_raw,transaction_date_raw,notification_date_raw,amount_raw,continuation_raw,detail_raw,review_reason_v8_1,review_level_v8_1,needs_review_v8_1,geometry_quality_score_v8_1,ticker_candidate_raw,ticker_parse_status,ticker_validation_source,ticker_changed,asset_changed_by_ticker_resolver,raw_date_has_extra_text,raw_date_prefix,date_prefix_disagrees
20030231,Hon. Jefferson Shreve,Member,IN06,20030231.pdf,2025,1,,AbbVie Inc. Common Stock,AbbVie Inc. Common Stock,ABBV,ABBV,ST,S,2025-04-17,2025-04-25,50001.0,100000.0,,"$50,001 - $100,000",valid_range,New,CRT - Standard Unit Trust,,Portfolio Rebalance,,1,1,table,False,False,,False,0,False,False,100,True,30,False,https://disclosures-clerk.house.gov/public_disc/ptr-pdfs/2025/20030231.pdf,,,,AbbVie Inc. Common Stock (ABBV) [ST] Filing Status: New Subholding Of: CRT - Standard Unit Tru Description: Portfolio Rebalance,AbbVie Inc. Common Stock (ABBV) [ST],S ust,04/17/2025,04/25/2025,"$50,001 - $100,000",,"AbbVie Inc. Common Stock (ABBV) [ST] S 04/17/2025 04/25/2025 $50,001 - $100,000 Filing Status: New Subholding Of: CRT - Standard Unit Trust Description: Portfolio Rebalance",,,False,100,ABBV,accepted,house_ptr_structure+v8_1,False,False,False,04/17/2025,False
20030231,Hon. Jefferson Shreve,Member,IN06,20030231.pdf,2025,2,,Adobe Inc. - Common Stock,Adobe Inc. - Common Stock,ADBE,ADBE,ST,S,2025-04-07,2025-04-25,15001.0,50000.0,,"$15,001 - $50,000",valid_range,New,CRT - Standard Unit Trust,,Portfolio Rebalance,,1,1,table,False,False,,False,0,False,True,100,True,30,False,https://disclosures-clerk.house.gov/public_disc/ptr-pdfs/2025/20030231.pdf,,,,Adobe Inc. - Common Stock (ADBE) [ST],Adobe Inc. - Common Stock (ADBE) [ST],S,04/07/2025,04/25/2025,"$15,001 - $50,000",Filing Status: New Subholding Of: CRT - Standard Unit Trust Description: Portfolio Rebalance,"Adobe Inc. - Common Stock (ADBE) [ST] S 04/07/2025 04/25/2025 $15,001 - $50,000 Filing Status: New Subholding Of: CRT - Standard Unit Trust Description: Portfolio Rebalance",,,False,100,ADBE,accepted,house_ptr_structure+v8_1,False,False,False,04/07/2025,False
20030231,Hon. Jefferson Shreve,Member,IN06,20030231.pdf,2025,3,,"Advanced Micro Devices, Inc.","Advanced Micro Devices, Inc.",AMD,AMD,ST,S (partial),2025-04-07,2025-04-25,50001.0,100000.0,,"$50,001 - $100,000",valid_range,New,CRT - Standard Unit Trust,,Portfolio Rebalance,,1,1,table,False,False,,False,0,False,False,100,True,30,False,https://disclosures-clerk.house.gov/public_disc/ptr-pdfs/2025/20030231.pdf,,,,"Advanced Micro Devices, Inc. (AMD) [ST] Filing Status: New Subholding Of: CRT - Standard Unit Tru Description: Portfolio Rebalance","Advanced Micro Devices, Inc. (AMD) [ST]",S (partial) ust,04/07/2025,04/25/2025,"$50,001 - $100,000",,"Advanced Micro Devices, Inc. (AMD) [ST] S (partial) 04/07/2025 04/25/2025 $50,001 - $100,000 Filing Status: New Subholding Of: CRT - Standard Unit Trust Description: Portfolio Rebalance",,,False,100,AMD,accepted,house_ptr_structure+v8_1,False,False,False,04/07/2025,False
20030231,Hon. Jefferson Shreve,Member,IN06,20030231.pdf,2025,4,,"Agilent Technologies, Inc. Common Stock","Agilent Technologies, Inc. Common Stock",A,A,ST,P,2025-04-17,2025-04-25,15001.0,50000.0,,"$15,001 - $50,000",valid_range,New,CRT - Standard Unit Trust,,Portfolio Rebalance,,1,1,table,False,False,,False,0,False,True,100,True,30,False,https://disclosures-clerk.house.gov/public_disc/ptr-pdfs/2025/20030231.pdf,,,,"Agilent Technologies, Inc. Common Stock (A) [ST]","Agilent Technologies, Inc. Common Stock (A) [ST]",P,04/17/2025,04/25/2025,"$15,001 - $50,000",Filing Status: New Subholding Of: CRT - Standard Unit Trust Description: Portfolio Rebalance,"Agilent Technologies, Inc. Common Stock (A) [ST] P 04/17/2025 04/25/2025 $15,001 - $50,000 Filing Status: New Subholding Of: CRT - Standard Unit Trust Description: Portfolio Rebalance",,,False,100,A,accepted,house_ptr_structure+v8_1,False,False,False,04/17/2025,False
20030231,Hon. Jefferson Shreve,Member,IN06,20030231.pdf,2025,5,,"Akamai Technologies, Inc. - Common Stock","Akamai Technologies, Inc. - Common Stock",AKAM,AKAM,ST,P,2025-04-07,2025-04-25,15001.0,50000.0,,"$15,001 - $50,000",valid_range,New,CRT - Standard Unit Trust,,Portfolio Rebalance,,1,1,table,False,False,,False,0,False,False,100,True,30,False,https://disclosures-clerk.house.gov/public_disc/ptr-pdfs/2025/20030231.pdf,,,,"Akamai Technologies, Inc. - Common Stock (AKAM) [ST] Filing Status: New Subholding Of: CRT - Standard Unit Tru Description: Portfolio Rebalance","Akamai Technologies, Inc. - Common Stock (AKAM) [ST]",P ust,04/07/2025,04/25/2025,"$15,001 - $50,000",,"Akamai Technologies, Inc. - Common Stock (AKAM) [ST] P 04/07/2025 04/25/2025 $15,001 - $50,000 Filing Status: New Subholding Of: CRT - Standard Unit Trust Description: Portfolio Rebalance",,,False,100,AKAM,accepted,house_ptr_structure+v8_1,False,False,False,04/07/2025,False
20030231,Hon. Jefferson Shreve,Member,IN06,20030231.pdf,2025,6,,Albemarle Corporation Common Stock,Albemarle Corporation Common Stock,ALB,ALB,ST,P,2025-04-07,2025-04-25,15001.0,50000.0,,"$15,001 - $50,000",valid_range,New,CRT - Standard Unit Trust,,Portfolio Rebalance,,2,2,table,False,False,,False,0,False,True,100,True,30,False,https://disclosures-clerk.house.gov/public_disc/ptr-pdfs/2025/20030231.pdf,,,,Albemarle Corporation Common Stock (ALB) [ST],Albemarle Corporation Common Stock (ALB) [ST],P,04/07/2025,04/25/2025,"$15,001 - $50,000",Filing Status: New Subholding Of: CRT - Standard Unit Trust Description: Portfolio Rebalance,"Albemarle Corporation Common Stock (ALB) [ST] P 04/07/2025 04/25/2025 $15,001 - $50,000 Filing Status: New Subholding Of: CRT - Standard Unit Trust Description: Portfolio Rebalance",,,False,100,ALB,accepted,house_ptr_structure+v8_1,False,False,False,04/07/2025,False
20030231,Hon. Jefferson Shreve,Member,IN06,20030231.pdf,2025,7,,American Express Company Common Stock,American Express Company Common Stock,AXP,AXP,ST,S,2025-04-07,2025-04-25,15001.0,50000.0,,"$15,001 - $50,000",valid_range,New,CRT - Standard Unit Trust,,Portfolio Rebalance,,2,2,table,False,False,,False,0,False,False,100,True,30,False,https://disclosures-clerk.house.gov/public_disc/ptr-pdfs/2025/20030231.pdf,,,,American Express Company Common Stock (AXP) [ST] Filing Status: New Subholding Of: CRT - Standard Unit Tru Description: Portfolio Rebalance,American Express Company Common Stock (AXP) [ST],S ust,04/07/2025,04/25/2025,"$15,001 - $50,000",,"American Express Company Common Stock (AXP) [ST] S 04/07/2025 04/25/2025 $15,001 - $50,000 Filing Status: New Subholding Of: CRT - Standard Unit Trust Description: Portfolio Rebalance",,,False,100,AXP,accepted,house_ptr_structure+v8_1,False,False,False,04/07/2025,False
20030231,Hon. Jefferson Shreve,Member,IN06,20030231.pdf,2025,8,,"American Water Works Company, Inc. Common Stock","American Water Works Company, Inc. Common Stock",AWK,AWK,ST,P,2025-04-07,2025-04-25,15001.0,50000.0,,"$15,001 - $50,000",valid_range,New,CRT - Standard Unit Trust,,Portfolio Rebalance,,2,2,table,False,False,,False,0,False,True,100,True,30,False,https://disclosures-clerk.house.gov/public_disc/ptr-pdfs/2025/20030231.pdf,,,,"American Water Works Company, Inc. Common Stock (AWK) [ST]","American Water Works Company, Inc. Common Stock (AWK) [ST]",P,04/07/2025,04/25/2025,"$15,001 - $50,000",Filing Status: New Subholding Of: CRT - Standard Unit Trust Description: Portfolio Rebalance,"American Water Works Company, Inc. Common Stock (AWK) [ST] P 04/07/2025 04/25/2025 $15,001 - $50,000 Filing Status: New Subholding Of: CRT - Standard Unit Trust Description: Portfolio Rebalance",,,False,100,AWK,accepted,house_ptr_structure+v8_1,False,False,False,04/07/2025,False
20030231,Hon. Jefferson Shreve,Member,IN06,20030231.pdf,2025,9,,Amgen Inc. - Common Stock,Amgen Inc. - Common Stock,AMGN,AMGN,ST,P,2025-04-11,2025-04-25,15001.0,50000.0,,"$15,001 - $50,000",valid_range,New,CRT - Standard Unit Trust,,Portfolio Rebalance,,2,2,table,False,False,,False,0,False,False,100,True,30,False,https://disclosures-clerk.house.gov/public_disc/ptr-pdfs/2025/20030231.pdf,,,,Amgen Inc. - Common Stock (AMGN) [ST] Filing Status: New Subholding Of: CRT - Standard Unit Tru Description: Portfolio Rebalance,Amgen Inc. - Common Stock (AMGN) [ST],P ust,04/11/2025,04/25/2025,"$15,001 - $50,000",,"Amgen Inc. - Common Stock (AMGN) [ST] P 04/11/2025 04/25/2025 $15,001 - $50,000 Filing Status: New Subholding Of: CRT - Standard Unit Trust Description: Portfolio Rebalance",,,False,100,AMGN,accepted,house_ptr_structure+v8_1,False,False,False,04/11/2025,False
20030231,Hon. Jefferson Shreve,Member,IN06,20030231.pdf,2025,10,,Apple Inc. - Common Stock,Apple Inc. - Common Stock,AAPL,AAPL,ST,P,2025-04-07,2025-04-25,100001.0,250000.0,,"$100,001 - $250,000",valid_range,New,CRT - Standard Unit Trust,,Portfolio Rebalance,,2,2,table,False,False,,False,0,False,True,100,True,30,False,https://disclosures-clerk.house.gov/public_disc/ptr-pdfs/2025/20030231.pdf,,,,Apple Inc. - Common Stock (AAPL) [ST],Apple Inc. - Common Stock (AAPL) [ST],P,04/07/2025,04/25/2025,"$100,001 - $250,000",Filing Status: New Subholding Of: CRT - Standard Unit Trust Description: Portfolio Rebalance,"Apple Inc. - Common Stock (AAPL) [ST] P 04/07/2025 04/25/2025 $100,001 - $250,000 Filing Status: New Subholding Of: CRT - Standard Unit Trust Description: Portfolio Rebalance",,,False,100,AAPL,accepted,house_ptr_structure+v8_1,False,False,False,04/07/2025,False
20030231,Hon. Jefferson Shreve,Member,IN06,20030231.pdf,2025,11,,"Applied Materials, Inc. - Common Stock","Applied Materials, Inc. - Common Stock",AMAT,AMAT,ST,P,2025-04-11,2025-04-25,15001.0,50000.0,,"$15,001 - $50,000",valid_range,New,CRT - Standard Unit Trust,,Portfolio Rebalance,,2,2,table,False,False,,False,0,False,False,100,True,30,False,https://disclosures-clerk.house.gov/public_disc/ptr-pdfs/2025/20030231.pdf,,,,"Applied Materials, Inc. - Common Stock (AMAT) [ST] Filing Status: New Subholding Of: CRT - Standard Unit Tru Description: Portfolio Rebalance","Applied Materials, Inc. - Common Stock (AMAT) [ST]",P ust,04/11/2025,04/25/2025,"$15,001 - $50,000",,"Applied Materials, Inc. - Common Stock (AMAT) [ST] P 04/11/2025 04/25/2025 $15,001 - $50,000 Filing Status: New Subholding Of: CRT - Standard Unit Trust Description: Portfolio Rebalance",,,False,100,AMAT,accepted,house_ptr_structure+v8_1,False,False,False,04/11/2025,False
20030231,Hon. Jefferson Shreve,Member,IN06,20030231.pdf,2025,12,,"Applied Materials, Inc. - Common Stock","Applied Materials, Inc. - Common Stock",AMAT,AMAT,ST,P,2025-04-17,2025-04-25,50001.0,100000.0,,"$50,001 - $100,000",valid_range,New,CRT - Standard Unit Trust,,Portfolio Rebalance,,2,2,table,False,False,,False,0,False,True,100,True,30,False,https://disclosures-clerk.house.gov/public_disc/ptr-pdfs/2025/20030231.pdf,,,,"Applied Materials, Inc. - Common Stock (AMAT) [ST]","Applied Materials, Inc. - Common Stock (AMAT) [ST]",P,04/17/2025,04/25/2025,"$50,001 - $100,000",Filing Status: New Subholding Of: CRT - Standard Unit Trust Description: Portfolio Rebalance,"Applied Materials, Inc. - Common Stock (AMAT) [ST] P 04/17/2025 04/25/2025 $50,001 - $100,000 Filing Status: New Subholding Of: CRT - Standard Unit Trust Description: Portfolio Rebalance",,,False,100,AMAT,accepted,house_ptr_structure+v8_1,False,False,False,04/17/2025,False
20030231,Hon. Jefferson Shreve,Member,IN06,20030231.pdf,2025,13,,Applovin Corporation - Class A Common Stock,Applovin Corporation - Class A Common Stock,APP,APP,ST,P,2025-04-07,2025-04-25,15001.0,50000.0,,"$15,001 - $50,000",valid_range,New,CRT - Standard Unit Trust,,Portfolio Rebalance,,2,3,table,False,False,,True,0,False,False,98,True,30,False,https://disclosures-clerk.house.gov/public_disc/ptr-pdfs/2025/20030231.pdf,,,,Applovin Corporation - Class A Common Stock (APP) [ST] Filing Status: New,Applovin Corporation - Class A Common Stock (APP) [ST] Subholding Of: CRT - Standard Unit Trust Description: Portfolio Rebalance,P,04/07/2025,04/25/2025,"$15,001 - $50,000",Subholding Of: CRT - Standard Unit Trust Description: Portfolio Rebalance,"Applovin Corporation - Class A Common Stock (APP) [ST] P 04/07/2025 04/25/2025 $15,001 - $50,000 Filing Status: New Subholding Of: CRT - Standard Unit Trust Description: Portfolio Rebalance",,,False,98,APP,accepted,house_ptr_structure+v8_1,False,False,False,04/07/2025,False
20030231,Hon. Jefferson Shreve,Member,IN06,20030231.pdf,2025,14,,Aptiv PLC Ordinary Shares,Aptiv PLC Ordinary Shares,APTV,APTV,ST,P,2025-04-07,2025-04-25,15001.0,50000.0,,"$15,001 - $50,000",valid_range,New,CRT - Standard Unit Trust,,Portfolio Rebalance,,3,3,table,False,False,,False,0,False,True,100,True,30,False,https://disclosures-clerk.house.gov/public_disc/ptr-pdfs/2025/20030231.pdf,,,,Aptiv PLC Ordinary Shares (APTV) [ST],Aptiv PLC Ordinary Shares (APTV) [ST],P,04/07/2025,04/25/2025,"$15,001 - $50,000",Filing Status: New Subholding Of: CRT - Standard Unit Trust Description: Portfolio Rebalance,"Aptiv PLC Ordinary Shares (APTV) [ST] P 04/07/2025 04/25/2025 $15,001 - $50,000 Filing Status: New Subholding Of: CRT - Standard Unit Trust Description: Portfolio Rebalance",,,False,100,APTV,accepted,house_ptr_structure+v8_1,False,False,False,04/07/2025,False
20030231,Hon. Jefferson Shreve,Member,IN06,20030231.pdf,2025,15,,Ares Management Corporation Class A Common Stock,Ares Management Corporation Class A Common Stock,ARES,ARES,ST,P,2025-04-17,2025-04-25,50001.0,100000.0,,"$50,001 - $100,000",valid_range,New,CRT - Standard Unit Trust,,Portfolio Rebalance,,3,3,table,False,False,,False,0,False,False,100,True,30,False,https://disclosures-clerk.house.gov/public_disc/ptr-pdfs/2025/20030231.pdf,,,,Ares Management Corporation Class A Common Stock (ARES) [ST] Filing Status: New Subholding Of: CRT - Standard Unit Tru Description: Portfolio Rebalance,Ares Management Corporation Class A Common Stock (ARES) [ST],P ust,04/17/2025,04/25/2025,"$50,001 - $100,000",,"Ares Management Corporation Class A Common Stock (ARES) [ST] P 04/17/2025 04/25/2025 $50,001 - $100,000 Filing Status: New Subholding Of: CRT - Standard Unit Trust Description: Portfolio Rebalance",,,False,100,ARES,accepted,house_ptr_structure+v8_1,False,False,False,04/17/2025,False
20030231,Hon. Jefferson Shreve,Member,IN06,20030231.pdf,2025,16,,"Arista Networks, Inc. Common Stock","Arista Networks, Inc. Common Stock",ANET,ANET,ST,P,2025-04-07,2025-04-25,15001.0,50000.0,,"$15,001 - $50,000",valid_range,New,CRT - Standard Unit Trust,,Portfolio Rebalance,,3,3,table,False,False,,False,0,False,True,100,True,30,False,https://disclosures-clerk.house.gov/public_disc/ptr-pdfs/2025/20030231.pdf,,,,"Arista Networks, Inc. Common Stock (ANET) [ST]","Arista Networks, Inc. Common Stock (ANET) [ST]",P,04/07/2025,04/25/2025,"$15,001 - $50,000",Filing Status: New Subholding Of: CRT - Standard Unit Trust Description: Portfolio Rebalance,"Arista Networks, Inc. Common Stock (ANET) [ST] P 04/07/2025 04/25/2025 $15,001 - $50,000 Filing Status: New Subholding Of: CRT - Standard Unit Trust Description: Portfolio Rebalance",,,False,100,ANET,accepted,house_ptr_structure+v8_1,False,False,False,04/07/2025,False
20030231,Hon. Jefferson Shreve,Member,IN06,20030231.pdf,2025,17,,"Autodesk, Inc. - Common Stock","Autodesk, Inc. - Common Stock",ADSK,ADSK,ST,P,2025-04-17,2025-04-25,15001.0,50000.0,,"$15,001 - $50,000",valid_range,New,CRT - Standard Unit Trust,,Portfolio Rebalance,,3,3,table,False,False,,False,0,False,False,100,True,30,False,https://disclosures-clerk.house.gov/public_disc/ptr-pdfs/2025/20030231.pdf,,,,"Autodesk, Inc. - Common Stock (ADSK) [ST] Filing Status: New Subholding Of: CRT - Standard Unit Tru Description: Portfolio Rebalance","Autodesk, Inc. - Common Stock (ADSK) [ST]",P ust,04/17/2025,04/25/2025,"$15,001 - $50,000",,"Autodesk, Inc. - Common Stock (ADSK) [ST] P 04/17/2025 04/25/2025 $15,001 - $50,000 Filing Status: New Subholding Of: CRT - Standard Unit Trust Description: Portfolio Rebalance",,,False,100,ADSK,accepted,house_ptr_structure+v8_1,False,False,False,04/17/2025,False
20030231,Hon. Jefferson Shreve,Member,IN06,20030231.pdf,2025,18,,"AvalonBay Communities, Inc. Common Stock","AvalonBay Communities, Inc. Common Stock",AVB,AVB,ST,S,2025-04-07,2025-04-25,15001.0,50000.0,,"$15,001 - $50,000",valid_range,New,CRT - Standard Unit Trust,,Portfolio Rebalance,,3,3,table,False,False,,False,0,False,True,100,True,30,False,https://disclosures-clerk.house.gov/public_disc/ptr-pdfs/2025/20030231.pdf,,,,"AvalonBay Communities, Inc. Common Stock (AVB) [ST]","AvalonBay Communities, Inc. Common Stock (AVB) [ST]",S,04/07/2025,04/25/2025,"$15,001 - $50,000",Filing Status: New Subholding Of: CRT - Standard Unit Trust Description: Portfolio Rebalance,"AvalonBay Communities, Inc. Common Stock (AVB) [ST] S 04/07/2025 04/25/2025 $15,001 - $50,000 Filing Status: New Subholding Of: CRT - Standard Unit Trust Description: Portfolio Rebalance",,,False,100,AVB,accepted,house_ptr_structure+v8_1,False,False,False,04/07/2025,False
20030231,Hon. Jefferson Shreve,Member,IN06,20030231.pdf,2025,19,,Ball Corporation Common Stock,Ball Corporation Common Stock,BALL,BALL,ST,P,2025-04-07,2025-04-25,15001.0,50000.0,,"$15,001 - $50,000",valid_range,New,CRT - Standard Unit Trust,,Portfolio Rebalance,,3,3,table,False,False,,False,0,False,False,100,True,30,False,https://disclosures-clerk.house.gov/public_disc/ptr-pdfs/2025/20030231.pdf,,,,Ball Corporation Common Stock (BALL) [ST] Filing Status: New Subholding Of: CRT - Standard Unit Tru Description: Portfolio Rebalance,Ball Corporation Common Stock (BALL) [ST],P ust,04/07/2025,04/25/2025,"$15,001 - $50,000",,"Ball Corporation Common Stock (BALL) [ST] P 04/07/2025 04/25/2025 $15,001 - $50,000 Filing Status: New Subholding Of: CRT - Standard Unit Trust Description: Portfolio Rebalance",,,False,100,BALL,accepted,house_ptr_structure+v8_1,False,False,False,04/07/2025,False
20030231,Hon. Jefferson Shreve,Member,IN06,20030231.pdf,2025,20,,Bank of America Corporation Common Stock,Bank of America Corporation Common Stock,BAC,BAC,ST,S,2025-04-07,2025-04-25,50001.0,100000.0,,"$50,001 - $100,000",valid_range,New,CRT - Standard Unit Trust,,Portfolio Rebalance,,3,3,table,False,False,,False,0,False,True,100,True,30,False,https://disclosures-clerk.house.gov/public_disc/ptr-pdfs/2025/20030231.pdf,,,,Bank of America Corporation Common Stock (BAC) [ST],Bank of America Corporation Common Stock (BAC) [ST],S,04/07/2025,04/25/2025,"$50,001 - $100,000",Filing Status: New Subholding Of: CRT - Standard Unit Trust Description: Portfolio Rebalance,"Bank of America Corporation Common Stock (BAC) [ST] S 04/07/2025 04/25/2025 $50,001 - $100,000 Filing Status: New Subholding Of: CRT - Standard Unit Trust Description: Portfolio Rebalance",,,False,100,BAC,accepted,house_ptr_structure+v8_1,False,False,False,04/07/2025,False
20030231,Hon. Jefferson Shreve,Member,IN06,20030231.pdf,2025,21,,"BlackRock, Inc. Common Stock","BlackRock, Inc. Common Stock",BLK,BLK,ST,P,2025-04-07,2025-04-25,50001.0,100000.0,,"$50,001 - $100,000",valid_range,New,CRT - Standard Unit Trust,,Portfolio Rebalance,,4,4,table,False,False,,False,0,False,False,100,True,30,False,https://disclosures-clerk.house.gov/public_disc/ptr-pdfs/2025/20030231.pdf,,,,"BlackRock, Inc. Common Stock (BLK) [ST] Filing Status: New Subholding Of: CRT - Standard Unit Tru Description: Portfolio Rebalance","BlackRock, Inc. Common Stock (BLK) [ST]",P ust,04/07/2025,04/25/2025,"$50,001 - $100,000",,"BlackRock, Inc. Common Stock (BLK) [ST] P 04/07/2025 04/25/2025 $50,001 - $100,000 Filing Status: New Subholding Of: CRT - Standard Unit Trust Description: Portfolio Rebalance",,,False,100,BLK,accepted,house_ptr_structure+v8_1,False,False,False,04/07/2025,False
20030231,Hon. Jefferson Shreve,Member,IN06,20030231.pdf,2025,22,,"Block, Inc. Class A Common Stock,","Block, Inc. Class A Common Stock,",XYZ,XYZ,ST,S (partial),2025-04-11,2025-04-25,15001.0,50000.0,,"$15,001 - $50,000",valid_range,New,CRT - Standard Unit Trust,,Portfolio Rebalance,,4,4,table,False,False,,False,0,False,True,100,True,30,False,https://disclosures-clerk.house.gov/public_disc/ptr-pdfs/2025/20030231.pdf,,,,"Block, Inc. Class A Common Stock, (XYZ) [ST]","Block, Inc. Class A Common Stock, (XYZ) [ST]",S (partial),04/11/2025,04/25/2025,"$15,001 - $50,000",Filing Status: New Subholding Of: CRT - Standard Unit Trust Description: Portfolio Rebalance,"Block, Inc. Class A Common Stock, (XYZ) [ST] S (partial) 04/11/2025 04/25/2025 $15,001 - $50,000 Filing Status: New Subholding Of: CRT - Standard Unit Trust Description: Portfolio Rebalance",,,False,100,XYZ,accepted,house_ptr_structure+v8_1,False,False,False,04/11/2025,False
20030231,Hon. Jefferson Shreve,Member,IN06,20030231.pdf,2025,23,,Booking Holdings Inc. - Common Stock,Booking Holdings Inc. - Common Stock,BKNG,BKNG,ST,P,2025-04-07,2025-04-25,15001.0,50000.0,,"$15,001 - $50,000",valid_range,New,CRT - Standard Unit Trust,,Portfolio Rebalance,,4,4,table,False,False,,False,0,False,False,100,True,30,False,https://disclosures-clerk.house.gov/public_disc/ptr-pdfs/2025/20030231.pdf,,,,Booking Holdings Inc. - Common Stock (BKNG) [ST] Filing Status: New Subholding Of: CRT - Standard Unit Tru Description: Portfolio Rebalance,Booking Holdings Inc. - Common Stock (BKNG) [ST],P ust,04/07/2025,04/25/2025,"$15,001 - $50,000",,"Booking Holdings Inc. - Common Stock (BKNG) [ST] P 04/07/2025 04/25/2025 $15,001 - $50,000 Filing Status: New Subholding Of: CRT - Standard Unit Trust Description: Portfolio Rebalance",,,False,100,BKNG,accepted,house_ptr_structure+v8_1,False,False,False,04/07/2025,False
20030231,Hon. Jefferson Shreve,Member,IN06,20030231.pdf,2025,24,,Broadcom Inc. - Common Stock,Broadcom Inc. - Common Stock,AVGO,AVGO,ST,S (partial),2025-04-17,2025-04-25,100001.0,250000.0,,"$100,001 - $250,000",valid_range,New,CRT - Standard Unit Trust,,Portfolio Rebalance,,4,4,table,False,False,,False,0,False,True,100,True,30,False,https://disclosures-clerk.house.gov/public_disc/ptr-pdfs/2025/20030231.pdf,,,,Broadcom Inc. - Common Stock (AVGO) [ST],Broadcom Inc. - Common Stock (AVGO) [ST],S (partial),04/17/2025,04/25/2025,"$100,001 - $250,000",Filing Status: New Subholding Of: CRT - Standard Unit Trust Description: Portfolio Rebalance,"Broadcom Inc. - Common Stock (AVGO) [ST] S (partial) 04/17/2025 04/25/2025 $100,001 - $250,000 Filing Status: New Subholding Of: CRT - Standard Unit Trust Description: Portfolio Rebalance",,,False,100,AVGO,accepted,house_ptr_structure+v8_1,False,False,False,04/17/2025,False
20030231,Hon. Jefferson Shreve,Member,IN06,20030231.pdf,2025,25,,Brunswick Corporation Common Stock,Brunswick Corporation Common Stock,BC,BC,ST,S,2025-04-07,2025-04-25,15001.0,50000.0,,"$15,001 - $50,000",valid_range,New,CRT - Standard Unit Trust,,Portfolio Rebalance,,4,4,table,False,False,,False,0,False,False,100,True,30,False,https://disclosures-clerk.house.gov/public_disc/ptr-pdfs/2025/20030231.pdf,,,,Brunswick Corporation Common Stock (BC) [ST] Filing Status: New Subholding Of: CRT - Standard Unit Tru Description: Portfolio Rebalance,Brunswick Corporation Common Stock (BC) [ST],S ust,04/07/2025,04/25/2025,"$15,001 - $50,000",,"Brunswick Corporation Common Stock (BC) [ST] S 04/07/2025 04/25/2025 $15,001 - $50,000 Filing Status: New Subholding Of: CRT - Standard Unit Trust Description: Portfolio Rebalance",,,False,100,BC,accepted,house_ptr_structure+v8_1,False,False,False,04/07/2025,False
20030231,Hon. Jefferson Shreve,Member,IN06,20030231.pdf,2025,26,,"Buckle, Inc.","Buckle, Inc.",BKE,BKE,ST,P,2025-04-07,2025-04-25,15001.0,50000.0,,"$15,001 - $50,000",valid_range,New,CRT - Standard Unit Trust,,Portfolio Rebalance,,4,4,table,False,False,,False,0,False,True,100,True,30,False,https://disclosures-clerk.house.gov/public_disc/ptr-pdfs/2025/20030231.pdf,,,,"Buckle, Inc. (BKE) [ST]","Buckle, Inc. (BKE) [ST]",P,04/07/2025,04/25/2025,"$15,001 - $50,000",Filing Status: New Subholding Of: CRT - Standard Unit Trust Description: Portfolio Rebalance,"Buckle, Inc. (BKE) [ST] P 04/07/2025 04/25/2025 $15,001 - $50,000 Filing Status: New Subholding Of: CRT - Standard Unit Trust Description: Portfolio Rebalance",,,False,100,BKE,accepted,house_ptr_structure+v8_1,False,False,False,04/07/2025,False
20030231,Hon. Jefferson Shreve,Member,IN06,20030231.pdf,2025,27,,Carnival Corporation Common Stock,Carnival Corporation Common Stock,CCL,CCL,ST,S,2025-04-07,2025-04-25,15001.0,50000.0,,"$15,001 - $50,000",valid_range,New,CRT - Standard Unit Trust,,Portfolio Rebalance,,4,4,table,False,False,,False,0,False,False,100,True,30,False,https://disclosures-clerk.house.gov/public_disc/ptr-pdfs/2025/20030231.pdf,,,,Carnival Corporation Common Stock (CCL) [ST] Filing Status: New Subholding Of: CRT - Standard Unit Tru Description: Portfolio Rebalance,Carnival Corporation Common Stock (CCL) [ST],S ust,04/07/2025,04/25/2025,"$15,001 - $50,000",,"Carnival Corporation Common Stock (CCL) [ST] S 04/07/2025 04/25/2025 $15,001 - $50,000 Filing Status: New Subholding Of: CRT - Standard Unit Trust Description: Portfolio Rebalance",,,False,100,CCL,accepted,house_ptr_structure+v8_1,False,False,False,04/07/2025,False
20030231,Hon. Jefferson Shreve,Member,IN06,20030231.pdf,2025,28,,"Caterpillar, Inc. Common Stock","Caterpillar, Inc. Common Stock",CAT,CAT,ST,P,2025-04-17,2025-04-25,15001.0,50000.0,,"$15,001 - $50,000",valid_range,New $200?,CRT - Standard Unit Trust,,Portfolio Rebalance,,4,5,table,False,False,,True,0,False,True,98,True,30,False,https://disclosures-clerk.house.gov/public_disc/ptr-pdfs/2025/20030231.pdf,,,,"Caterpillar, Inc. Common Stock (CAT) [ST]","Caterpillar, Inc. Common Stock (CAT) [ST]",P,04/17/2025,04/25/2025,"$15,001 - $50,000",Filing Status: New $200? Subholding Of: CRT - Standard Unit Trust Description: Portfolio Rebalance,"Caterpillar, Inc. Common Stock (CAT) [ST] P 04/17/2025 04/25/2025 $15,001 - $50,000 Filing Status: New $200? Subholding Of: CRT - Standard Unit Trust Description: Portfolio Rebalance",,,False,98,CAT,accepted,house_ptr_structure+v8_1,False,False,False,04/17/2025,False
20030231,Hon. Jefferson Shreve,Member,IN06,20030231.pdf,2025,29,,"Cboe Global Markets, Inc.","Cboe Global Markets, Inc.",CBOE,CBOE,ST,P,2025-04-07,2025-04-25,15001.0,50000.0,,"$15,001 - $50,000",valid_range,New,CRT - Standard Unit Trust,,Portfolio Rebalance,,5,5,table,False,False,,False,0,False,False,100,True,30,False,https://disclosures-clerk.house.gov/public_disc/ptr-pdfs/2025/20030231.pdf,,,,"Cboe Global Markets, Inc. (CBOE) [ST] Filing Status: New Subholding Of: CRT - Standard Unit Tru Description: Portfolio Rebalance","Cboe Global Markets, Inc. (CBOE) [ST]",P ust,04/07/2025,04/25/2025,"$15,001 - $50,000",,"Cboe Global Markets, Inc. (CBOE) [ST] P 04/07/2025 04/25/2025 $15,001 - $50,000 Filing Status: New Subholding Of: CRT - Standard Unit Trust Description: Portfolio Rebalance",,,False,100,CBOE,accepted,house_ptr_structure+v8_1,False,False,False,04/07/2025,False
20030231,Hon. Jefferson Shreve,Member,IN06,20030231.pdf,2025,30,,"Cheniere Energy, Inc. Common Stock","Cheniere Energy, Inc. Common Stock",LNG,LNG,ST,S (partial),2025-04-07,2025-04-25,15001.0,50000.0,,"$15,001 - $50,000",valid_range,New,CRT - Standard Unit Trust,,Portfolio Rebalance,,5,5,table,False,False,,False,0,False,True,100,True,30,False,https://disclosures-clerk.house.gov/public_disc/ptr-pdfs/2025/20030231.pdf,,,,"Cheniere Energy, Inc. Common Stock (LNG) [ST]","Cheniere Energy, Inc. Common Stock (LNG) [ST]",S (partial),04/07/2025,04/25/2025,"$15,001 - $50,000",Filing Status: New Subholding Of: CRT - Standard Unit Trust Description: Portfolio Rebalance,"Cheniere Energy, Inc. Common Stock (LNG) [ST] S (partial) 04/07/2025 04/25/2025 $15,001 - $50,000 Filing Status: New Subholding Of: CRT - Standard Unit Trust Description: Portfolio Rebalance",,,False,100,LNG,accepted,house_ptr_structure+v8_1,False,False,False,04/07/2025,False
20030231,Hon. Jefferson Shreve,Member,IN06,20030231.pdf,2025,31,,Chevron Corporation Common Stock,Chevron Corporation Common Stock,CVX,CVX,ST,P,2025-04-07,2025-04-25,15001.0,50000.0,,"$15,001 - $50,000",valid_range,New,CRT - Standard Unit Trust,,Portfolio Rebalance,,5,5,table,False,False,,False,0,False,False,100,True,30,False,https://disclosures-clerk.house.gov/public_disc/ptr-pdfs/2025/20030231.pdf,,,,Chevron Corporation Common Stock (CVX) [ST] Filing Status: New Subholding Of: CRT - Standard Unit Tru Description: Portfolio Rebalance,Chevron Corporation Common Stock (CVX) [ST],P ust,04/07/2025,04/25/2025,"$15,001 - $50,000",,"Chevron Corporation Common Stock (CVX) [ST] P 04/07/2025 04/25/2025 $15,001 - $50,000 Filing Status: New Subholding Of: CRT - Standard Unit Trust Description: Portfolio Rebalance",,,False,100,CVX,accepted,house_ptr_structure+v8_1,False,False,False,04/07/2025,False
20030231,Hon. Jefferson Shreve,Member,IN06,20030231.pdf,2025,32,,"Chipotle Mexican Grill, Inc. Common Stock","Chipotle Mexican Grill, Inc. Common Stock",CMG,CMG,ST,P,2025-04-17,2025-04-25,50001.0,100000.0,,"$50,001 - $100,000",valid_range,New,CRT - Standard Unit Trust,,Portfolio Rebalance,,5,5,table,False,False,,False,0,False,True,100,True,30,False,https://disclosures-clerk.house.gov/public_disc/ptr-pdfs/2025/20030231.pdf,,,,"Chipotle Mexican Grill, Inc. Common Stock (CMG) [ST]","Chipotle Mexican Grill, Inc. Common Stock (CMG) [ST]",P,04/17/2025,04/25/2025,"$50,001 - $100,000",Filing Status: New Subholding Of: CRT - Standard Unit Trust Description: Portfolio Rebalance,"Chipotle Mexican Grill, Inc. Common Stock (CMG) [ST] P 04/17/2025 04/25/2025 $50,001 - $100,000 Filing Status: New Subholding Of: CRT - Standard Unit Trust Description: Portfolio Rebalance",,,False,100,CMG,accepted,house_ptr_structure+v8_1,False,False,False,04/17/2025,False
20030231,Hon. Jefferson Shreve,Member,IN06,20030231.pdf,2025,33,,Cintas Corporation - Common Stock,Cintas Corporation - Common Stock,CTAS,CTAS,ST,P,2025-04-07,2025-04-25,50001.0,100000.0,,"$50,001 - $100,000",valid_range,New,CRT - Standard Unit Trust,,Portfolio Rebalance,,5,5,table,False,False,,False,0,False,False,100,True,30,False,https://disclosures-clerk.house.gov/public_disc/ptr-pdfs/2025/20030231.pdf,,,,Cintas Corporation - Common Stock (CTAS) [ST] Filing Status: New Subholding Of: CRT - Standard Unit Tru Description: Portfolio Rebalance,Cintas Corporation - Common Stock (CTAS) [ST],P ust,04/07/2025,04/25/2025,"$50,001 - $100,000",,"Cintas Corporation - Common Stock (CTAS) [ST] P 04/07/2025 04/25/2025 $50,001 - $100,000 Filing Status: New Subholding Of: CRT - Standard Unit Trust Description: Portfolio Rebalance",,,False,100,CTAS,accepted,house_ptr_structure+v8_1,False,False,False,04/07/2025,False
20030231,Hon. Jefferson Shreve,Member,IN06,20030231.pdf,2025,34,,"Citizens Financial Group, Inc. Common Stock","Citizens Financial Group, Inc. Common Stock",CFG,CFG,ST,S,2025-04-07,2025-04-25,15001.0,50000.0,,"$15,001 - $50,000",valid_range,New,CRT - Standard Unit Trust,,Portfolio Rebalance,,5,5,table,False,False,,False,0,False,True,100,True,30,False,https://disclosures-clerk.house.gov/public_disc/ptr-pdfs/2025/20030231.pdf,,,,"Citizens Financial Group, Inc. Common Stock (CFG) [ST]","Citizens Financial Group, Inc. Common Stock (CFG) [ST]",S,04/07/2025,04/25/2025,"$15,001 - $50,000",Filing Status: New Subholding Of: CRT - Standard Unit Trust Description: Portfolio Rebalance,"Citizens Financial Group, Inc. Common Stock (CFG) [ST] S 04/07/2025 04/25/2025 $15,001 - $50,000 Filing Status: New Subholding Of: CRT - Standard Unit Trust Description: Portfolio Rebalance",,,False,100,CFG,accepted,house_ptr_structure+v8_1,False,False,False,04/07/2025,False
20030231,Hon. Jefferson Shreve,Member,IN06,20030231.pdf,2025,35,,Clorox Company,Clorox Company,CLX,CLX,ST,S (partial),2025-04-11,2025-04-25,15001.0,50000.0,,"$15,001 - $50,000",valid_range,New,CRT - Standard Unit Trust,,Portfolio Rebalance,,5,5,table,False,False,,False,0,False,False,100,True,30,False,https://disclosures-clerk.house.gov/public_disc/ptr-pdfs/2025/20030231.pdf,,,,Clorox Company (CLX) [ST] Filing Status: New Subholding Of: CRT - Standard Unit Tru Description: Portfolio Rebalance,Clorox Company (CLX) [ST],S (partial) ust,04/11/2025,04/25/2025,"$15,001 - $50,000",,"Clorox Company (CLX) [ST] S (partial) 04/11/2025 04/25/2025 $15,001 - $50,000 Filing Status: New Subholding Of: CRT - Standard Unit Trust Description: Portfolio Rebalance",,,False,100,CLX,accepted,house_ptr_structure+v8_1,False,False,False,04/11/2025,False
20030231,Hon. Jefferson Shreve,Member,IN06,20030231.pdf,2025,36,,ConocoPhillips Common Stock,ConocoPhillips Common Stock,COP,COP,ST,P,2025-04-07,2025-04-25,15001.0,50000.0,,"$15,001 - $50,000",valid_range,New,CRT - Standard Unit Trust,,Portfolio Rebalance,,6,6,table,False,False,,False,0,False,True,100,True,30,False,https://disclosures-clerk.house.gov/public_disc/ptr-pdfs/2025/20030231.pdf,,,,ConocoPhillips Common Stock (COP) [ST],ConocoPhillips Common Stock (COP) [ST],P,04/07/2025,04/25/2025,"$15,001 - $50,000",Filing Status: New Subholding Of: CRT - Standard Unit Trust Description: Portfolio Rebalance,"ConocoPhillips Common Stock (COP) [ST] P 04/07/2025 04/25/2025 $15,001 - $50,000 Filing Status: New Subholding Of: CRT - Standard Unit Trust Description: Portfolio Rebalance",,,False,100,COP,accepted,house_ptr_structure+v8_1,False,False,False,04/07/2025,False
20030231,Hon. Jefferson Shreve,Member,IN06,20030231.pdf,2025,37,,ConocoPhillips Common Stock,ConocoPhillips Common Stock,COP,COP,ST,P,2025-04-11,2025-04-25,15001.0,50000.0,,"$15,001 - $50,000",valid_range,New,CRT - Standard Unit Trust,,Portfolio Rebalance,,6,6,table,False,False,,False,0,False,False,100,True,30,False,https://disclosures-clerk.house.gov/public_disc/ptr-pdfs/2025/20030231.pdf,,,,ConocoPhillips Common Stock (COP) [ST] Filing Status: New Subholding Of: CRT - Standard Unit Tru Description: Portfolio Rebalance,ConocoPhillips Common Stock (COP) [ST],P ust,04/11/2025,04/25/2025,"$15,001 - $50,000",,"ConocoPhillips Common Stock (COP) [ST] P 04/11/2025 04/25/2025 $15,001 - $50,000 Filing Status: New Subholding Of: CRT - Standard Unit Trust Description: Portfolio Rebalance",,,False,100,COP,accepted,house_ptr_structure+v8_1,False,False,False,04/11/2025,False
20030231,Hon. Jefferson Shreve,Member,IN06,20030231.pdf,2025,38,,Crown Castle Inc. Common Stock,Crown Castle Inc. Common Stock,CCI,CCI,ST,P,2025-04-11,2025-04-25,15001.0,50000.0,,"$15,001 - $50,000",valid_range,New,CRT - Standard Unit Trust,,Portfolio Rebalance,,6,6,table,False,False,,False,0,False,True,100,True,30,False,https://disclosures-clerk.house.gov/public_disc/ptr-pdfs/2025/20030231.pdf,,,,Crown Castle Inc. Common Stock (CCI) [ST],Crown Castle Inc. Common Stock (CCI) [ST],P,04/11/2025,04/25/2025,"$15,001 - $50,000",Filing Status: New Subholding Of: CRT - Standard Unit Trust Description: Portfolio Rebalance,"Crown Castle Inc. Common Stock (CCI) [ST] P 04/11/2025 04/25/2025 $15,001 - $50,000 Filing Status: New Subholding Of: CRT - Standard Unit Trust Description: Portfolio Rebalance",,,False,100,CCI,accepted,house_ptr_structure+v8_1,False,False,False,04/11/2025,False
20030231,Hon. Jefferson Shreve,Member,IN06,20030231.pdf,2025,39,,CSX Corporation,CSX Corporation,CSX,CSX,ST,P,2025-04-17,2025-04-25,15001.0,50000.0,,"$15,001 - $50,000",valid_range,New,CRT - Standard Unit Trust,,Portfolio Rebalance,,6,6,table,False,False,,False,0,False,False,100,True,30,False,https://disclosures-clerk.house.gov/public_disc/ptr-pdfs/2025/20030231.pdf,,,,CSX Corporation (CSX) [ST] Filing Status: New Subholding Of: CRT - Standard Unit Tru Description: Portfolio Rebalance,CSX Corporation (CSX) [ST],P ust,04/17/2025,04/25/2025,"$15,001 - $50,000",,"CSX Corporation (CSX) [ST] P 04/17/2025 04/25/2025 $15,001 - $50,000 Filing Status: New Subholding Of: CRT - Standard Unit Trust Description: Portfolio Rebalance",,,False,100,CSX,accepted,house_ptr_structure+v8_1,False,False,False,04/17/2025,False
20030231,Hon. Jefferson Shreve,Member,IN06,20030231.pdf,2025,40,,Danaher Corporation Common Stock,Danaher Corporation Common Stock,DHR,DHR,ST,S,2025-04-07,2025-04-25,15001.0,50000.0,,"$15,001 - $50,000",valid_range,New,CRT - Standard Unit Trust,,Portfolio Rebalance,,6,6,table,False,False,,False,0,False,True,100,True,30,False,https://disclosures-clerk.house.gov/public_disc/ptr-pdfs/2025/20030231.pdf,,,,Danaher Corporation Common Stock (DHR) [ST],Danaher Corporation Common Stock (DHR) [ST],S,04/07/2025,04/25/2025,"$15,001 - $50,000",Filing Status: New Subholding Of: CRT - Standard Unit Trust Description: Portfolio Rebalance,"Danaher Corporation Common Stock (DHR) [ST] S 04/07/2025 04/25/2025 $15,001 - $50,000 Filing Status: New Subholding Of: CRT - Standard Unit Trust Description: Portfolio Rebalance",,,False,100,DHR,accepted,house_ptr_structure+v8_1,False,False,False,04/07/2025,False
20030231,Hon. Jefferson Shreve,Member,IN06,20030231.pdf,2025,41,,Devon Energy Corporation Common Stock,Devon Energy Corporation Common Stock,DVN,DVN,ST,S,2025-04-07,2025-04-25,15001.0,50000.0,,"$15,001 - $50,000",valid_range,New,CRT - Standard Unit Trust,,Portfolio Rebalance,,6,6,table,False,False,,False,0,False,False,100,True,30,False,https://disclosures-clerk.house.gov/public_disc/ptr-pdfs/2025/20030231.pdf,,,,Devon Energy Corporation Common Stock (DVN) [ST] Filing Status: New Subholding Of: CRT - Standard Unit Tru Description: Portfolio Rebalance,Devon Energy Corporation Common Stock (DVN) [ST],S ust,04/07/2025,04/25/2025,"$15,001 - $50,000",,"Devon Energy Corporation Common Stock (DVN) [ST] S 04/07/2025 04/25/2025 $15,001 - $50,000 Filing Status: New Subholding Of: CRT - Standard Unit Trust Description: Portfolio Rebalance",,,False,100,DVN,accepted,house_ptr_structure+v8_1,False,False,False,04/07/2025,False
20030231,Hon. Jefferson Shreve,Member,IN06,20030231.pdf,2025,42,,"DexCom, Inc. - Common Stock","DexCom, Inc. - Common Stock",DXCM,DXCM,ST,S,2025-04-07,2025-04-25,15001.0,50000.0,,"$15,001 - $50,000",valid_range,New,CRT - Standard Unit Trust,,Portfolio Rebalance,,6,6,table,False,False,,False,0,False,True,100,True,30,False,https://disclosures-clerk.house.gov/public_disc/ptr-pdfs/2025/20030231.pdf,,,,"DexCom, Inc. - Common Stock (DXCM) [ST]","DexCom, Inc. - Common Stock (DXCM) [ST]",S,04/07/2025,04/25/2025,"$15,001 - $50,000",Filing Status: New Subholding Of: CRT - Standard Unit Trust Description: Portfolio Rebalance,"DexCom, Inc. - Common Stock (DXCM) [ST] S 04/07/2025 04/25/2025 $15,001 - $50,000 Filing Status: New Subholding Of: CRT - Standard Unit Trust Description: Portfolio Rebalance",,,False,100,DXCM,accepted,house_ptr_structure+v8_1,False,False,False,04/07/2025,False
20030231,Hon. Jefferson Shreve,Member,IN06,20030231.pdf,2025,43,,Discover Financial Services Common Stock,Discover Financial Services Common Stock,DFS,DFS,ST,S (partial),2025-04-07,2025-04-25,15001.0,50000.0,,"$15,001 - $50,000",valid_range,New,CRT - Standard Unit Trust,,Portfolio Rebalance,,6,7,table,False,False,,True,0,False,False,98,True,30,False,https://disclosures-clerk.house.gov/public_disc/ptr-pdfs/2025/20030231.pdf,,,,Discover Financial Services Common Stock (DFS) [ST] Filing Status: New,Discover Financial Services Common Stock (DFS) [ST] Subholding Of: CRT - Standard Unit Trust Description: Portfolio Rebalance,S (partial),04/07/2025,04/25/2025,"$15,001 - $50,000",Subholding Of: CRT - Standard Unit Trust Description: Portfolio Rebalance,"Discover Financial Services Common Stock (DFS) [ST] S (partial) 04/07/2025 04/25/2025 $15,001 - $50,000 Filing Status: New Subholding Of: CRT - Standard Unit Trust Description: Portfolio Rebalance",,,False,98,DFS,accepted,house_ptr_structure+v8_1,False,False,False,04/07/2025,False
20030231,Hon. Jefferson Shreve,Member,IN06,20030231.pdf,2025,44,,Ecolab Inc. Common Stock,Ecolab Inc. Common Stock,ECL,ECL,ST,P,2025-04-07,2025-04-25,100001.0,250000.0,,"$100,001 - $250,000",valid_range,New,CRT - Standard Unit Trust,,Portfolio Rebalance,,7,7,table,False,False,,False,0,False,True,100,True,30,False,https://disclosures-clerk.house.gov/public_disc/ptr-pdfs/2025/20030231.pdf,,,,Ecolab Inc. Common Stock (ECL) [ST],Ecolab Inc. Common Stock (ECL) [ST],P,04/07/2025,04/25/2025,"$100,001 - $250,000",Filing Status: New Subholding Of: CRT - Standard Unit Trust Description: Portfolio Rebalance,"Ecolab Inc. Common Stock (ECL) [ST] P 04/07/2025 04/25/2025 $100,001 - $250,000 Filing Status: New Subholding Of: CRT - Standard Unit Trust Description: Portfolio Rebalance",,,False,100,ECL,accepted,house_ptr_structure+v8_1,False,False,False,04/07/2025,False
20030231,Hon. Jefferson Shreve,Member,IN06,20030231.pdf,2025,45,,Edwards Lifesciences Corporation Common Stock,Edwards Lifesciences Corporation Common Stock,EW,EW,ST,P,2025-04-07,2025-04-25,15001.0,50000.0,,"$15,001 - $50,000",valid_range,New,CRT - Standard Unit Trust,,Portfolio Rebalance,,7,7,table,False,False,,False,0,False,False,100,True,30,False,https://disclosures-clerk.house.gov/public_disc/ptr-pdfs/2025/20030231.pdf,,,,Edwards Lifesciences Corporation Common Stock (EW) [ST] Filing Status: New Subholding Of: CRT - Standard Unit Tru Description: Portfolio Rebalance,Edwards Lifesciences Corporation Common Stock (EW) [ST],P ust,04/07/2025,04/25/2025,"$15,001 - $50,000",,"Edwards Lifesciences Corporation Common Stock (EW) [ST] P 04/07/2025 04/25/2025 $15,001 - $50,000 Filing Status: New Subholding Of: CRT - Standard Unit Trust Description: Portfolio Rebalance",,,False,100,EW,accepted,house_ptr_structure+v8_1,False,False,False,04/07/2025,False
20030231,Hon. Jefferson Shreve,Member,IN06,20030231.pdf,2025,46,,Exxon Mobil Corporation Common Stock,Exxon Mobil Corporation Common Stock,XOM,XOM,ST,P,2025-04-07,2025-04-25,15001.0,50000.0,,"$15,001 - $50,000",valid_range,New,CRT - Standard Unit Trust,,Portfolio Rebalance,,7,7,table,False,False,,False,0,False,True,100,True,30,False,https://disclosures-clerk.house.gov/public_disc/ptr-pdfs/2025/20030231.pdf,,,,Exxon Mobil Corporation Common Stock (XOM) [ST],Exxon Mobil Corporation Common Stock (XOM) [ST],P,04/07/2025,04/25/2025,"$15,001 - $50,000",Filing Status: New Subholding Of: CRT - Standard Unit Trust Description: Portfolio Rebalance,"Exxon Mobil Corporation Common Stock (XOM) [ST] P 04/07/2025 04/25/2025 $15,001 - $50,000 Filing Status: New Subholding Of: CRT - Standard Unit Trust Description: Portfolio Rebalance",,,False,100,XOM,accepted,house_ptr_structure+v8_1,False,False,False,04/07/2025,False
20030231,Hon. Jefferson Shreve,Member,IN06,20030231.pdf,2025,47,,"Fidelity National Information Services, Inc. Common Stock","Fidelity National Information Services, Inc. Common Stock",FIS,FIS,ST,P,2025-04-07,2025-04-25,15001.0,50000.0,,"$15,001 - $50,000",valid_range,New,CRT - Standard Unit Trust,,Portfolio Rebalance,,7,7,table,False,False,,False,0,False,False,100,True,30,False,https://disclosures-clerk.house.gov/public_disc/ptr-pdfs/2025/20030231.pdf,,,,"Fidelity National Information Services, Inc. Common Stock (FIS) [ST] Filing Status: New Subholding Of: CRT - Standard Unit Tru Description: Portfolio Rebalance","Fidelity National Information Services, Inc. Common Stock (FIS) [ST]",P ust,04/07/2025,04/25/2025,"$15,001 - $50,000",,"Fidelity National Information Services, Inc. Common Stock (FIS) [ST] P 04/07/2025 04/25/2025 $15,001 - $50,000 Filing Status: New Subholding Of: CRT - Standard Unit Trust Description: Portfolio Rebalance",,,False,100,FIS,accepted,house_ptr_structure+v8_1,False,False,False,04/07/2025,False
20030231,Hon. Jefferson Shreve,Member,IN06,20030231.pdf,2025,48,,First Busey Corporation - Common Stock,First Busey Corporation - Common Stock,BUSE,BUSE,ST,S (partial),2025-04-17,2025-04-25,15001.0,50000.0,,"$15,001 - $50,000",valid_range,New,CRT - Standard Unit Trust,,Portfolio Rebalance,,7,7,table,False,False,,False,0,False,True,100,True,30,False,https://disclosures-clerk.house.gov/public_disc/ptr-pdfs/2025/20030231.pdf,,,,First Busey Corporation - Common Stock (BUSE) [ST],First Busey Corporation - Common Stock (BUSE) [ST],S (partial),04/17/2025,04/25/2025,"$15,001 - $50,000",Filing Status: New Subholding Of: CRT - Standard Unit Trust Description: Portfolio Rebalance,"First Busey Corporation - Common Stock (BUSE) [ST] S (partial) 04/17/2025 04/25/2025 $15,001 - $50,000 Filing Status: New Subholding Of: CRT - Standard Unit Trust Description: Portfolio Rebalance",,,False,100,BUSE,accepted,house_ptr_structure+v8_1,False,False,False,04/17/2025,False
20030231,Hon. Jefferson Shreve,Member,IN06,20030231.pdf,2025,49,,"Fortune Brands Innovations, Inc. Common Stock","Fortune Brands Innovations, Inc. Common Stock",FBIN,FBIN,ST,S,2025-04-17,2025-04-25,15001.0,50000.0,,"$15,001 - $50,000",valid_range,New,CRT - Standard Unit Trust,,Portfolio Rebalance,,7,7,table,False,False,,False,0,False,False,100,True,30,False,https://disclosures-clerk.house.gov/public_disc/ptr-pdfs/2025/20030231.pdf,,,,"Fortune Brands Innovations, Inc. Common Stock (FBIN) [ST] Filing Status: New Subholding Of: CRT - Standard Unit Tru Description: Portfolio Rebalance","Fortune Brands Innovations, Inc. Common Stock (FBIN) [ST]",S ust,04/17/2025,04/25/2025,"$15,001 - $50,000",,"Fortune Brands Innovations, Inc. Common Stock (FBIN) [ST] S 04/17/2025 04/25/2025 $15,001 - $50,000 Filing Status: New Subholding Of: CRT - Standard Unit Trust Description: Portfolio Rebalance",,,False,100,FBIN,accepted,house_ptr_structure+v8_1,False,False,False,04/17/2025,False
20030231,Hon. Jefferson Shreve,Member,IN06,20030231.pdf,2025,50,,"Freeport-McMoRan, Inc. Common Stock","Freeport-McMoRan, Inc. Common Stock",FCX,FCX,ST,S,2025-04-07,2025-04-25,15001.0,50000.0,,"$15,001 - $50,000",valid_range,New,CRT - Standard Unit Trust,,Portfolio Rebalance,,7,7,table,False,False,,False,0,False,True,100,True,30,False,https://disclosures-clerk.house.gov/public_disc/ptr-pdfs/2025/20030231.pdf,,,,"Freeport-McMoRan, Inc. Common Stock (FCX) [ST]","Freeport-McMoRan, Inc. Common Stock (FCX) [ST]",S,04/07/2025,04/25/2025,"$15,001 - $50,000",Filing Status: New Subholding Of: CRT - Standard Unit Trust Description: Portfolio Rebalance,"Freeport-McMoRan, Inc. Common Stock (FCX) [ST] S 04/07/2025 04/25/2025 $15,001 - $50,000 Filing Status: New Subholding Of: CRT - Standard Unit Trust Description: Portfolio Rebalance",,,False,100,FCX,accepted,house_ptr_structure+v8_1,False,False,False,04/07/2025,False
20030231,Hon. Jefferson Shreve,Member,IN06,20030231.pdf,2025,51,,GE Aerospace Common Stock,GE Aerospace Common Stock,GE,GE,ST,S,2025-04-07,2025-04-25,15001.0,50000.0,,"$15,001 - $50,000",valid_range,New,CRT - Standard Unit Trust,,Portfolio Rebalance,,8,8,table,False,False,,False,0,False,False,100,True,30,False,https://disclosures-clerk.house.gov/public_disc/ptr-pdfs/2025/20030231.pdf,,,,GE Aerospace Common Stock (GE) [ST] Filing Status: New Subholding Of: CRT - Standard Unit Tru Description: Portfolio Rebalance,GE Aerospace Common Stock (GE) [ST],S ust,04/07/2025,04/25/2025,"$15,001 - $50,000",,"GE Aerospace Common Stock (GE) [ST] S 04/07/2025 04/25/2025 $15,001 - $50,000 Filing Status: New Subholding Of: CRT - Standard Unit Trust Description: Portfolio Rebalance",,,False,100,GE,accepted,house_ptr_structure+v8_1,False,False,False,04/07/2025,False
20030231,Hon. Jefferson Shreve,Member,IN06,20030231.pdf,2025,52,,Gen Digital Inc. - Common Stock,Gen Digital Inc. - Common Stock,GEN,GEN,ST,S,2025-04-07,2025-04-25,15001.0,50000.0,,"$15,001 - $50,000",valid_range,New,CRT - Standard Unit Trust,,Portfolio Rebalance,,8,8,table,False,False,,False,0,False,True,100,True,30,False,https://disclosures-clerk.house.gov/public_disc/ptr-pdfs/2025/20030231.pdf,,,,Gen Digital Inc. - Common Stock (GEN) [ST],Gen Digital Inc. - Common Stock (GEN) [ST],S,04/07/2025,04/25/2025,"$15,001 - $50,000",Filing Status: New Subholding Of: CRT - Standard Unit Trust Description: Portfolio Rebalance,"Gen Digital Inc. - Common Stock (GEN) [ST] S 04/07/2025 04/25/2025 $15,001 - $50,000 Filing Status: New Subholding Of: CRT - Standard Unit Trust Description: Portfolio Rebalance",,,False,100,GEN,accepted,house_ptr_structure+v8_1,False,False,False,04/07/2025,False
20030231,Hon. Jefferson Shreve,Member,IN06,20030231.pdf,2025,53,,"Goldman Sachs Group, Inc.","Goldman Sachs Group, Inc.",GS,GS,ST,S,2025-04-07,2025-04-25,15001.0,50000.0,,"$15,001 - $50,000",valid_range,New,CRT - Standard Unit Trust,,Portfolio Rebalance,,8,8,table,False,False,,False,0,False,False,100,True,30,False,https://disclosures-clerk.house.gov/public_disc/ptr-pdfs/2025/20030231.pdf,,,,"Goldman Sachs Group, Inc. (GS) [ST] Filing Status: New Subholding Of: CRT - Standard Unit Tru Description: Portfolio Rebalance","Goldman Sachs Group, Inc. (GS) [ST]",S ust,04/07/2025,04/25/2025,"$15,001 - $50,000",,"Goldman Sachs Group, Inc. (GS) [ST] S 04/07/2025 04/25/2025 $15,001 - $50,000 Filing Status: New Subholding Of: CRT - Standard Unit Trust Description: Portfolio Rebalance",,,False,100,GS,accepted,house_ptr_structure+v8_1,False,False,False,04/07/2025,False
20030231,Hon. Jefferson Shreve,Member,IN06,20030231.pdf,2025,54,,Halliburton Company Common Stock,Halliburton Company Common Stock,HAL,HAL,ST,S,2025-04-07,2025-04-25,15001.0,50000.0,,"$15,001 - $50,000",valid_range,New,CRT - Standard Unit Trust,,Portfolio Rebalance,,8,8,table,False,False,,False,0,False,True,100,True,30,False,https://disclosures-clerk.house.gov/public_disc/ptr-pdfs/2025/20030231.pdf,,,,Halliburton Company Common Stock (HAL) [ST],Halliburton Company Common Stock (HAL) [ST],S,04/07/2025,04/25/2025,"$15,001 - $50,000",Filing Status: New Subholding Of: CRT - Standard Unit Trust Description: Portfolio Rebalance,"Halliburton Company Common Stock (HAL) [ST] S 04/07/2025 04/25/2025 $15,001 - $50,000 Filing Status: New Subholding Of: CRT - Standard Unit Trust Description: Portfolio Rebalance",,,False,100,HAL,accepted,house_ptr_structure+v8_1,False,False,False,04/07/2025,False
20030231,Hon. Jefferson Shreve,Member,IN06,20030231.pdf,2025,55,,"Harley-Davidson, Inc. Common Stock","Harley-Davidson, Inc. Common Stock",HOG,HOG,ST,S,2025-04-07,2025-04-25,15001.0,50000.0,,"$15,001 - $50,000",valid_range,New,CRT - Standard Unit Trust,,Portfolio Rebalance,,8,8,table,False,False,,False,0,False,False,100,True,30,False,https://disclosures-clerk.house.gov/public_disc/ptr-pdfs/2025/20030231.pdf,,,,"Harley-Davidson, Inc. Common Stock (HOG) [ST] Filing Status: New Subholding Of: CRT - Standard Unit Tru Description: Portfolio Rebalance","Harley-Davidson, Inc. Common Stock (HOG) [ST]",S ust,04/07/2025,04/25/2025,"$15,001 - $50,000",,"Harley-Davidson, Inc. Common Stock (HOG) [ST] S 04/07/2025 04/25/2025 $15,001 - $50,000 Filing Status: New Subholding Of: CRT - Standard Unit Trust Description: Portfolio Rebalance",,,False,100,HOG,accepted,house_ptr_structure+v8_1,False,False,False,04/07/2025,False
20030231,Hon. Jefferson Shreve,Member,IN06,20030231.pdf,2025,56,,Heico Corporation Common Stock,Heico Corporation Common Stock,HEI.A,HEI.A,ST,S (partial),2025-04-17,2025-04-25,15001.0,50000.0,,"$15,001 - $50,000",valid_range,New,CRT - Standard Unit Trust,,Portfolio Rebalance,,8,8,table,False,False,,False,0,False,True,100,True,30,False,https://disclosures-clerk.house.gov/public_disc/ptr-pdfs/2025/20030231.pdf,,,,Heico Corporation Common Stock (HEI.A) [ST],Heico Corporation Common Stock (HEI.A) [ST],S (partial),04/17/2025,04/25/2025,"$15,001 - $50,000",Filing Status: New Subholding Of: CRT - Standard Unit Trust Description: Portfolio Rebalance,"Heico Corporation Common Stock (HEI.A) [ST] S (partial) 04/17/2025 04/25/2025 $15,001 - $50,000 Filing Status: New Subholding Of: CRT - Standard Unit Trust Description: Portfolio Rebalance",,,False,100,HEI.A,accepted,house_ptr_structure+v8_1,False,False,False,04/17/2025,False
20030231,Hon. Jefferson Shreve,Member,IN06,20030231.pdf,2025,57,,Herc Holdings Inc. Common Stock,Herc Holdings Inc. Common Stock,HRI,HRI,ST,S,2025-04-11,2025-04-25,15001.0,50000.0,,"$15,001 - $50,000",valid_range,New,CRT - Standard Unit Trust,,Portfolio Rebalance,,8,8,table,False,False,,False,0,False,False,100,True,30,False,https://disclosures-clerk.house.gov/public_disc/ptr-pdfs/2025/20030231.pdf,,,,Herc Holdings Inc. Common Stock (HRI) [ST] Filing Status: New Subholding Of: CRT - Standard Unit Tru Description: Portfolio Rebalance,Herc Holdings Inc. Common Stock (HRI) [ST],S ust,04/11/2025,04/25/2025,"$15,001 - $50,000",,"Herc Holdings Inc. Common Stock (HRI) [ST] S 04/11/2025 04/25/2025 $15,001 - $50,000 Filing Status: New Subholding Of: CRT - Standard Unit Trust Description: Portfolio Rebalance",,,False,100,HRI,accepted,house_ptr_structure+v8_1,False,False,False,04/11/2025,False
20030231,Hon. Jefferson Shreve,Member,IN06,20030231.pdf,2025,58,,Herc Holdings Inc. Common Stock,Herc Holdings Inc. Common Stock,HRI,HRI,ST,P,2025-04-07,2025-04-25,15001.0,50000.0,,"$15,001 - $50,000",valid_range,New $200?,CRT - Standard Unit Trust,,Portfolio Rebalance,,8,9,table,False,False,,True,0,False,True,98,True,30,False,https://disclosures-clerk.house.gov/public_disc/ptr-pdfs/2025/20030231.pdf,,,,Herc Holdings Inc. Common Stock (HRI) [ST],Herc Holdings Inc. Common Stock (HRI) [ST],P,04/07/2025,04/25/2025,"$15,001 - $50,000",Filing Status: New $200? Subholding Of: CRT - Standard Unit Trust Description: Portfolio Rebalance,"Herc Holdings Inc. Common Stock (HRI) [ST] P 04/07/2025 04/25/2025 $15,001 - $50,000 Filing Status: New $200? Subholding Of: CRT - Standard Unit Trust Description: Portfolio Rebalance",,,False,98,HRI,accepted,house_ptr_structure+v8_1,False,False,False,04/07/2025,False
20030231,Hon. Jefferson Shreve,Member,IN06,20030231.pdf,2025,59,,Hilton Worldwide Holdings Inc. Common Stock,Hilton Worldwide Holdings Inc. Common Stock,HLT,HLT,ST,S,2025-04-07,2025-04-25,15001.0,50000.0,,"$15,001 - $50,000",valid_range,New,CRT - Standard Unit Trust,,Portfolio Rebalance,,9,9,table,False,False,,False,0,False,False,100,True,30,False,https://disclosures-clerk.house.gov/public_disc/ptr-pdfs/2025/20030231.pdf,,,,Hilton Worldwide Holdings Inc. Common Stock (HLT) [ST] Filing Status: New Subholding Of: CRT - Standard Unit Tru Description: Portfolio Rebalance,Hilton Worldwide Holdings Inc. Common Stock (HLT) [ST],S ust,04/07/2025,04/25/2025,"$15,001 - $50,000",,"Hilton Worldwide Holdings Inc. Common Stock (HLT) [ST] S 04/07/2025 04/25/2025 $15,001 - $50,000 Filing Status: New Subholding Of: CRT - Standard Unit Trust Description: Portfolio Rebalance",,,False,100,HLT,accepted,house_ptr_structure+v8_1,False,False,False,04/07/2025,False
20030231,Hon. Jefferson Shreve,Member,IN06,20030231.pdf,2025,60,,"Home BancShares, Inc. Common Stock","Home BancShares, Inc. Common Stock",HOMB,HOMB,ST,P,2025-04-07,2025-04-25,15001.0,50000.0,,"$15,001 - $50,000",valid_range,New,CRT - Standard Unit Trust,,Portfolio Rebalance,,9,9,table,False,False,,False,0,False,True,100,True,30,False,https://disclosures-clerk.house.gov/public_disc/ptr-pdfs/2025/20030231.pdf,,,,"Home BancShares, Inc. Common Stock (HOMB) [ST]","Home BancShares, Inc. Common Stock (HOMB) [ST]",P,04/07/2025,04/25/2025,"$15,001 - $50,000",Filing Status: New Subholding Of: CRT - Standard Unit Trust Description: Portfolio Rebalance,"Home BancShares, Inc. Common Stock (HOMB) [ST] P 04/07/2025 04/25/2025 $15,001 - $50,000 Filing Status: New Subholding Of: CRT - Standard Unit Trust Description: Portfolio Rebalance",,,False,100,HOMB,accepted,house_ptr_structure+v8_1,False,False,False,04/07/2025,False
20030231,Hon. Jefferson Shreve,Member,IN06,20030231.pdf,2025,61,,"Home Depot, Inc.","Home Depot, Inc.",HD,HD,ST,P,2025-04-07,2025-04-25,15001.0,50000.0,,"$15,001 - $50,000",valid_range,New,CRT - Standard Unit Trust,,Portfolio Rebalance,,9,9,table,False,False,,False,0,False,False,100,True,30,False,https://disclosures-clerk.house.gov/public_disc/ptr-pdfs/2025/20030231.pdf,,,,"Home Depot, Inc. (HD) [ST] Filing Status: New Subholding Of: CRT - Standard Unit Tru Description: Portfolio Rebalance","Home Depot, Inc. (HD) [ST]",P ust,04/07/2025,04/25/2025,"$15,001 - $50,000",,"Home Depot, Inc. (HD) [ST] P 04/07/2025 04/25/2025 $15,001 - $50,000 Filing Status: New Subholding Of: CRT - Standard Unit Trust Description: Portfolio Rebalance",,,False,100,HD,accepted,house_ptr_structure+v8_1,False,False,False,04/07/2025,False
20030231,Hon. Jefferson Shreve,Member,IN06,20030231.pdf,2025,62,,Honeywell International Inc.,Honeywell International Inc.,HON,HON,ST,S,2025-04-07,2025-04-25,15001.0,50000.0,,"$15,001 - $50,000",valid_range,New,CRT - Standard Unit Trust,,Portfolio Rebalance,,9,9,table,False,False,,False,0,False,True,100,True,30,False,https://disclosures-clerk.house.gov/public_disc/ptr-pdfs/2025/20030231.pdf,,,,Honeywell International Inc. (HON) [ST],Honeywell International Inc. (HON) [ST],S,04/07/2025,04/25/2025,"$15,001 - $50,000",Filing Status: New Subholding Of: CRT - Standard Unit Trust Description: Portfolio Rebalance,"Honeywell International Inc. (HON) [ST] S 04/07/2025 04/25/2025 $15,001 - $50,000 Filing Status: New Subholding Of: CRT - Standard Unit Trust Description: Portfolio Rebalance",,,False,100,HON,accepted,house_ptr_structure+v8_1,False,False,False,04/07/2025,False
20030231,Hon. Jefferson Shreve,Member,IN06,20030231.pdf,2025,63,,"IDEXX Laboratories, Inc. - Common Stock","IDEXX Laboratories, Inc. - Common Stock",IDXX,IDXX,ST,P,2025-04-07,2025-04-25,50001.0,100000.0,,"$50,001 - $100,000",valid_range,New,CRT - Standard Unit Trust,,Portfolio Rebalance,,9,9,table,False,False,,False,0,False,False,100,True,30,False,https://disclosures-clerk.house.gov/public_disc/ptr-pdfs/2025/20030231.pdf,,,,"IDEXX Laboratories, Inc. - Common Stock (IDXX) [ST] Filing Status: New Subholding Of: CRT - Standard Unit Tru Description: Portfolio Rebalance","IDEXX Laboratories, Inc. - Common Stock (IDXX) [ST]",P ust,04/07/2025,04/25/2025,"$50,001 - $100,000",,"IDEXX Laboratories, Inc. - Common Stock (IDXX) [ST] P 04/07/2025 04/25/2025 $50,001 - $100,000 Filing Status: New Subholding Of: CRT - Standard Unit Trust Description: Portfolio Rebalance",,,False,100,IDXX,accepted,house_ptr_structure+v8_1,False,False,False,04/07/2025,False
20030231,Hon. Jefferson Shreve,Member,IN06,20030231.pdf,2025,64,,Intel Corporation - Common Stock,Intel Corporation - Common Stock,INTC,INTC,ST,S,2025-04-07,2025-04-25,15001.0,50000.0,,"$15,001 - $50,000",valid_range,New,CRT - Standard Unit Trust,,Portfolio Rebalance,,9,9,table,False,False,,False,0,False,True,100,True,30,False,https://disclosures-clerk.house.gov/public_disc/ptr-pdfs/2025/20030231.pdf,,,,Intel Corporation - Common Stock (INTC) [ST],Intel Corporation - Common Stock (INTC) [ST],S,04/07/2025,04/25/2025,"$15,001 - $50,000",Filing Status: New Subholding Of: CRT - Standard Unit Trust Description: Portfolio Rebalance,"Intel Corporation - Common Stock (INTC) [ST] S 04/07/2025 04/25/2025 $15,001 - $50,000 Filing Status: New Subholding Of: CRT - Standard Unit Trust Description: Portfolio Rebalance",,,False,100,INTC,accepted,house_ptr_structure+v8_1,False,False,False,04/07/2025,False
20030231,Hon. Jefferson Shreve,Member,IN06,20030231.pdf,2025,65,,"International Flavors & Fragrances, Inc. Common Stock","International Flavors & Fragrances, Inc. Common Stock",IFF,IFF,ST,S,2025-04-07,2025-04-25,15001.0,50000.0,,"$15,001 - $50,000",valid_range,New,CRT - Standard Unit Trust,,Portfolio Rebalance,,9,9,table,False,False,,False,0,False,False,100,True,30,False,https://disclosures-clerk.house.gov/public_disc/ptr-pdfs/2025/20030231.pdf,,,,"International Flavors & Fragrances, Inc. Common Stock (IFF) [ST] Filing Status: New Subholding Of: CRT - Standard Unit Tru Description: Portfolio Rebalance","International Flavors & Fragrances, Inc. Common Stock (IFF) [ST]",S ust,04/07/2025,04/25/2025,"$15,001 - $50,000",,"International Flavors & Fragrances, Inc. Common Stock (IFF) [ST] S 04/07/2025 04/25/2025 $15,001 - $50,000 Filing Status: New Subholding Of: CRT - Standard Unit Trust Description: Portfolio Rebalance",,,False,100,IFF,accepted,house_ptr_structure+v8_1,False,False,False,04/07/2025,False
20030231,Hon. Jefferson Shreve,Member,IN06,20030231.pdf,2025,66,,Intuit Inc. - Common Stock,Intuit Inc. - Common Stock,INTU,INTU,ST,P,2025-04-07,2025-04-25,100001.0,250000.0,,"$100,001 - $250,000",valid_range,New,CRT - Standard Unit Trust,,Portfolio Rebalance,,10,10,table,False,False,,False,0,False,True,100,True,30,False,https://disclosures-clerk.house.gov/public_disc/ptr-pdfs/2025/20030231.pdf,,,,Intuit Inc. - Common Stock (INTU) [ST],Intuit Inc. - Common Stock (INTU) [ST],P,04/07/2025,04/25/2025,"$100,001 - $250,000",Filing Status: New Subholding Of: CRT - Standard Unit Trust Description: Portfolio Rebalance,"Intuit Inc. - Common Stock (INTU) [ST] P 04/07/2025 04/25/2025 $100,001 - $250,000 Filing Status: New Subholding Of: CRT - Standard Unit Trust Description: Portfolio Rebalance",,,False,100,INTU,accepted,house_ptr_structure+v8_1,False,False,False,04/07/2025,False
20030231,Hon. Jefferson Shreve,Member,IN06,20030231.pdf,2025,67,,"Intuitive Surgical, Inc. - Common Stock","Intuitive Surgical, Inc. - Common Stock",ISRG,ISRG,ST,S,2025-04-07,2025-04-25,15001.0,50000.0,,"$15,001 - $50,000",valid_range,New,CRT - Standard Unit Trust,,Portfolio Rebalance,,10,10,table,False,False,,False,0,False,False,100,True,30,False,https://disclosures-clerk.house.gov/public_disc/ptr-pdfs/2025/20030231.pdf,,,,"Intuitive Surgical, Inc. - Common Stock (ISRG) [ST] Filing Status: New Subholding Of: CRT - Standard Unit Tru Description: Portfolio Rebalance","Intuitive Surgical, Inc. - Common Stock (ISRG) [ST]",S ust,04/07/2025,04/25/2025,"$15,001 - $50,000",,"Intuitive Surgical, Inc. - Common Stock (ISRG) [ST] S 04/07/2025 04/25/2025 $15,001 - $50,000 Filing Status: New Subholding Of: CRT - Standard Unit Trust Description: Portfolio Rebalance",,,False,100,ISRG,accepted,house_ptr_structure+v8_1,False,False,False,04/07/2025,False
20030231,Hon. Jefferson Shreve,Member,IN06,20030231.pdf,2025,68,,Keysight Technologies Inc. Common Stock,Keysight Technologies Inc. Common Stock,KEYS,KEYS,ST,S (partial),2025-04-11,2025-04-25,15001.0,50000.0,,"$15,001 - $50,000",valid_range,New,CRT - Standard Unit Trust,,Portfolio Rebalance,,10,10,table,False,False,,False,0,False,True,100,True,30,False,https://disclosures-clerk.house.gov/public_disc/ptr-pdfs/2025/20030231.pdf,,,,Keysight Technologies Inc. Common Stock (KEYS) [ST],Keysight Technologies Inc. Common Stock (KEYS) [ST],S (partial),04/11/2025,04/25/2025,"$15,001 - $50,000",Filing Status: New Subholding Of: CRT - Standard Unit Trust Description: Portfolio Rebalance,"Keysight Technologies Inc. Common Stock (KEYS) [ST] S (partial) 04/11/2025 04/25/2025 $15,001 - $50,000 Filing Status: New Subholding Of: CRT - Standard Unit Trust Description: Portfolio Rebalance",,,False,100,KEYS,accepted,house_ptr_structure+v8_1,False,False,False,04/11/2025,False
20030231,Hon. Jefferson Shreve,Member,IN06,20030231.pdf,2025,69,,Lam Research Corporation - Common Stock,Lam Research Corporation - Common Stock,LRCX,LRCX,ST,S (partial),2025-04-07,2025-04-25,15001.0,50000.0,,"$15,001 - $50,000",valid_range,New,CRT - Standard Unit Trust,,Portfolio Rebalance,,10,10,table,False,False,,False,0,False,False,100,True,30,False,https://disclosures-clerk.house.gov/public_disc/ptr-pdfs/2025/20030231.pdf,,,,Lam Research Corporation - Common Stock (LRCX) [ST] Filing Status: New Subholding Of: CRT - Standard Unit Tru Description: Portfolio Rebalance,Lam Research Corporation - Common Stock (LRCX) [ST],S (partial) ust,04/07/2025,04/25/2025,"$15,001 - $50,000",,"Lam Research Corporation - Common Stock (LRCX) [ST] S (partial) 04/07/2025 04/25/2025 $15,001 - $50,000 Filing Status: New Subholding Of: CRT - Standard Unit Trust Description: Portfolio Rebalance",,,False,100,LRCX,accepted,house_ptr_structure+v8_1,False,False,False,04/07/2025,False
20030231,Hon. Jefferson Shreve,Member,IN06,20030231.pdf,2025,70,,"LGI Homes, Inc. - Common Stock","LGI Homes, Inc. - Common Stock",LGIH,LGIH,ST,S,2025-04-11,2025-04-25,15001.0,50000.0,,"$15,001 - $50,000",valid_range,New,CRT - Standard Unit Trust,,Portfolio Rebalance,,10,10,table,False,False,,False,0,False,True,100,True,30,False,https://disclosures-clerk.house.gov/public_disc/ptr-pdfs/2025/20030231.pdf,,,,"LGI Homes, Inc. - Common Stock (LGIH) [ST]","LGI Homes, Inc. - Common Stock (LGIH) [ST]",S,04/11/2025,04/25/2025,"$15,001 - $50,000",Filing Status: New Subholding Of: CRT - Standard Unit Trust Description: Portfolio Rebalance,"LGI Homes, Inc. - Common Stock (LGIH) [ST] S 04/11/2025 04/25/2025 $15,001 - $50,000 Filing Status: New Subholding Of: CRT - Standard Unit Trust Description: Portfolio Rebalance",,,False,100,LGIH,accepted,house_ptr_structure+v8_1,False,False,False,04/11/2025,False
20030231,Hon. Jefferson Shreve,Member,IN06,20030231.pdf,2025,71,,"Lincoln Electric Holdings, Inc. - Common Shares","Lincoln Electric Holdings, Inc. - Common Shares",LECO,LECO,ST,S,2025-04-07,2025-04-25,15001.0,50000.0,,"$15,001 - $50,000",valid_range,New,CRT - Standard Unit Trust,,Portfolio Rebalance,,10,10,table,False,False,,False,0,False,False,100,True,30,False,https://disclosures-clerk.house.gov/public_disc/ptr-pdfs/2025/20030231.pdf,,,,"Lincoln Electric Holdings, Inc. - Common Shares (LECO) [ST] Filing Status: New Subholding Of: CRT - Standard Unit Tru Description: Portfolio Rebalance","Lincoln Electric Holdings, Inc. - Common Shares (LECO) [ST]",S ust,04/07/2025,04/25/2025,"$15,001 - $50,000",,"Lincoln Electric Holdings, Inc. - Common Shares (LECO) [ST] S 04/07/2025 04/25/2025 $15,001 - $50,000 Filing Status: New Subholding Of: CRT - Standard Unit Trust Description: Portfolio Rebalance",,,False,100,LECO,accepted,house_ptr_structure+v8_1,False,False,False,04/07/2025,False
20030231,Hon. Jefferson Shreve,Member,IN06,20030231.pdf,2025,72,,Linde plc - Ordinary Shares,Linde plc - Ordinary Shares,LIN,LIN,ST,P,2025-04-07,2025-04-25,50001.0,100000.0,,"$50,001 - $100,000",valid_range,New,CRT - Standard Unit Trust,,Portfolio Rebalance,,10,10,table,False,False,,False,0,False,True,100,True,30,False,https://disclosures-clerk.house.gov/public_disc/ptr-pdfs/2025/20030231.pdf,,,,Linde plc - Ordinary Shares (LIN) [ST],Linde plc - Ordinary Shares (LIN) [ST],P,04/07/2025,04/25/2025,"$50,001 - $100,000",Filing Status: New Subholding Of: CRT - Standard Unit Trust Description: Portfolio Rebalance,"Linde plc - Ordinary Shares (LIN) [ST] P 04/07/2025 04/25/2025 $50,001 - $100,000 Filing Status: New Subholding Of: CRT - Standard Unit Trust Description: Portfolio Rebalance",,,False,100,LIN,accepted,house_ptr_structure+v8_1,False,False,False,04/07/2025,False
20030231,Hon. Jefferson Shreve,Member,IN06,20030231.pdf,2025,73,,"Littelfuse, Inc. - Common Stock","Littelfuse, Inc. - Common Stock",LFUS,LFUS,ST,P,2025-04-17,2025-04-25,15001.0,50000.0,,"$15,001 - $50,000",valid_range,New,CRT - Standard Unit Trust,,Portfolio Rebalance,,10,11,table,False,False,,True,0,False,False,98,True,30,False,https://disclosures-clerk.house.gov/public_disc/ptr-pdfs/2025/20030231.pdf,,,,"Littelfuse, Inc. - Common Stock (LFUS) [ST] Filing Status: New","Littelfuse, Inc. - Common Stock (LFUS) [ST] Subholding Of: CRT - Standard Unit Trust Description: Portfolio Rebalance",P,04/17/2025,04/25/2025,"$15,001 - $50,000",Subholding Of: CRT - Standard Unit Trust Description: Portfolio Rebalance,"Littelfuse, Inc. - Common Stock (LFUS) [ST] P 04/17/2025 04/25/2025 $15,001 - $50,000 Filing Status: New Subholding Of: CRT - Standard Unit Trust Description: Portfolio Rebalance",,,False,98,LFUS,accepted,house_ptr_structure+v8_1,False,False,False,04/17/2025,False
20030231,Hon. Jefferson Shreve,Member,IN06,20030231.pdf,2025,74,,Lockheed Martin Corporation Common Stock,Lockheed Martin Corporation Common Stock,LMT,LMT,ST,P,2025-04-11,2025-04-25,15001.0,50000.0,,"$15,001 - $50,000",valid_range,New,CRT - Standard Unit Trust,,Portfolio Rebalance,,11,11,table,False,False,,False,0,False,True,100,True,30,False,https://disclosures-clerk.house.gov/public_disc/ptr-pdfs/2025/20030231.pdf,,,,Lockheed Martin Corporation Common Stock (LMT) [ST],Lockheed Martin Corporation Common Stock (LMT) [ST],P,04/11/2025,04/25/2025,"$15,001 - $50,000",Filing Status: New Subholding Of: CRT - Standard Unit Trust Description: Portfolio Rebalance,"Lockheed Martin Corporation Common Stock (LMT) [ST] P 04/11/2025 04/25/2025 $15,001 - $50,000 Filing Status: New Subholding Of: CRT - Standard Unit Trust Description: Portfolio Rebalance",,,False,100,LMT,accepted,house_ptr_structure+v8_1,False,False,False,04/11/2025,False
20030231,Hon. Jefferson Shreve,Member,IN06,20030231.pdf,2025,75,,"Lowe's Companies, Inc. Common Stock","Lowe's Companies, Inc. Common Stock",LOW,LOW,ST,P,2025-04-11,2025-04-25,15001.0,50000.0,,"$15,001 - $50,000",valid_range,New,CRT - Standard Unit Trust,,Portfolio Rebalance,,11,11,table,False,False,,False,0,False,False,100,True,30,False,https://disclosures-clerk.house.gov/public_disc/ptr-pdfs/2025/20030231.pdf,,,,"Lowe's Companies, Inc. Common Stock (LOW) [ST] Filing Status: New Subholding Of: CRT - Standard Unit Tru Description: Portfolio Rebalance","Lowe's Companies, Inc. Common Stock (LOW) [ST]",P ust,04/11/2025,04/25/2025,"$15,001 - $50,000",,"Lowe's Companies, Inc. Common Stock (LOW) [ST] P 04/11/2025 04/25/2025 $15,001 - $50,000 Filing Status: New Subholding Of: CRT - Standard Unit Trust Description: Portfolio Rebalance",,,False,100,LOW,accepted,house_ptr_structure+v8_1,False,False,False,04/11/2025,False
20030231,Hon. Jefferson Shreve,Member,IN06,20030231.pdf,2025,76,,lululemon athletica inc. - Common Stock,lululemon athletica inc. - Common Stock,LULU,LULU,ST,P,2025-04-07,2025-04-25,15001.0,50000.0,,"$15,001 - $50,000",valid_range,New,CRT - Standard Unit Trust,,Portfolio Rebalance,,11,11,table,False,False,,False,0,False,True,100,True,30,False,https://disclosures-clerk.house.gov/public_disc/ptr-pdfs/2025/20030231.pdf,,,,lululemon athletica inc. - Common Stock (LULU) [ST],lululemon athletica inc. - Common Stock (LULU) [ST],P,04/07/2025,04/25/2025,"$15,001 - $50,000",Filing Status: New Subholding Of: CRT - Standard Unit Trust Description: Portfolio Rebalance,"lululemon athletica inc. - Common Stock (LULU) [ST] P 04/07/2025 04/25/2025 $15,001 - $50,000 Filing Status: New Subholding Of: CRT - Standard Unit Trust Description: Portfolio Rebalance",,,False,100,LULU,accepted,house_ptr_structure+v8_1,False,False,False,04/07/2025,False
20030231,Hon. Jefferson Shreve,Member,IN06,20030231.pdf,2025,77,,lululemon athletica inc. - Common Stock,lululemon athletica inc. - Common Stock,LULU,LULU,ST,S (partial),2025-04-17,2025-04-25,15001.0,50000.0,,"$15,001 - $50,000",valid_range,New,CRT - Standard Unit Trust,,Portfolio Rebalance,,11,11,table,False,False,,False,0,False,False,100,True,30,False,https://disclosures-clerk.house.gov/public_disc/ptr-pdfs/2025/20030231.pdf,,,,lululemon athletica inc. - Common Stock (LULU) [ST] Filing Status: New Subholding Of: CRT - Standard Unit Tru Description: Portfolio Rebalance,lululemon athletica inc. - Common Stock (LULU) [ST],S (partial) ust,04/17/2025,04/25/2025,"$15,001 - $50,000",,"lululemon athletica inc. - Common Stock (LULU) [ST] S (partial) 04/17/2025 04/25/2025 $15,001 - $50,000 Filing Status: New Subholding Of: CRT - Standard Unit Trust Description: Portfolio Rebalance",,,False,100,LULU,accepted,house_ptr_structure+v8_1,False,False,False,04/17/2025,False
20030231,Hon. Jefferson Shreve,Member,IN06,20030231.pdf,2025,78,,"Marvell Technology, Inc. - Common Stock","Marvell Technology, Inc. - Common Stock",MRVL,MRVL,ST,P,2025-04-07,2025-04-25,50001.0,100000.0,,"$50,001 - $100,000",valid_range,New,CRT - Standard Unit Trust,,Portfolio Rebalance,,11,11,table,False,False,,False,0,False,True,100,True,30,False,https://disclosures-clerk.house.gov/public_disc/ptr-pdfs/2025/20030231.pdf,,,,"Marvell Technology, Inc. - Common Stock (MRVL) [ST]","Marvell Technology, Inc. - Common Stock (MRVL) [ST]",P,04/07/2025,04/25/2025,"$50,001 - $100,000",Filing Status: New Subholding Of: CRT - Standard Unit Trust Description: Portfolio Rebalance,"Marvell Technology, Inc. - Common Stock (MRVL) [ST] P 04/07/2025 04/25/2025 $50,001 - $100,000 Filing Status: New Subholding Of: CRT - Standard Unit Trust Description: Portfolio Rebalance",,,False,100,MRVL,accepted,house_ptr_structure+v8_1,False,False,False,04/07/2025,False
20030231,Hon. Jefferson Shreve,Member,IN06,20030231.pdf,2025,79,,Mastercard Incorporated Common Stock,Mastercard Incorporated Common Stock,MA,MA,ST,S (partial),2025-04-07,2025-04-25,15001.0,50000.0,,"$15,001 - $50,000",valid_range,New,CRT - Standard Unit Trust,,Portfolio Rebalance,,11,11,table,False,False,,False,0,False,False,100,True,30,False,https://disclosures-clerk.house.gov/public_disc/ptr-pdfs/2025/20030231.pdf,,,,Mastercard Incorporated Common Stock (MA) [ST] Filing Status: New Subholding Of: CRT - Standard Unit Tru Description: Portfolio Rebalance,Mastercard Incorporated Common Stock (MA) [ST],S (partial) ust,04/07/2025,04/25/2025,"$15,001 - $50,000",,"Mastercard Incorporated Common Stock (MA) [ST] S (partial) 04/07/2025 04/25/2025 $15,001 - $50,000 Filing Status: New Subholding Of: CRT - Standard Unit Trust Description: Portfolio Rebalance",,,False,100,MA,accepted,house_ptr_structure+v8_1,False,False,False,04/07/2025,False
20030231,Hon. Jefferson Shreve,Member,IN06,20030231.pdf,2025,80,,"Match Group, Inc. - Common Stock","Match Group, Inc. - Common Stock",MTCH,MTCH,ST,P,2025-04-07,2025-04-25,15001.0,50000.0,,"$15,001 - $50,000",valid_range,New,CRT - Standard Unit Trust,,Portfolio Rebalance,,11,11,table,False,False,,False,0,False,True,100,True,30,False,https://disclosures-clerk.house.gov/public_disc/ptr-pdfs/2025/20030231.pdf,,,,"Match Group, Inc. - Common Stock (MTCH) [ST]","Match Group, Inc. - Common Stock (MTCH) [ST]",P,04/07/2025,04/25/2025,"$15,001 - $50,000",Filing Status: New Subholding Of: CRT - Standard Unit Trust Description: Portfolio Rebalance,"Match Group, Inc. - Common Stock (MTCH) [ST] P 04/07/2025 04/25/2025 $15,001 - $50,000 Filing Status: New Subholding Of: CRT - Standard Unit Trust Description: Portfolio Rebalance",,,False,100,MTCH,accepted,house_ptr_structure+v8_1,False,False,False,04/07/2025,False
20030231,Hon. Jefferson Shreve,Member,IN06,20030231.pdf,2025,81,,McDonald's Corporation Common Stock,McDonald's Corporation Common Stock,MCD,MCD,ST,P,2025-04-11,2025-04-25,15001.0,50000.0,,"$15,001 - $50,000",valid_range,New,CRT - Standard Unit Trust,,Portfolio Rebalance,,12,12,table,False,False,,False,0,False,False,100,True,30,False,https://disclosures-clerk.house.gov/public_disc/ptr-pdfs/2025/20030231.pdf,,,,McDonald's Corporation Common Stock (MCD) [ST] Filing Status: New Subholding Of: CRT - Standard Unit Tru Description: Portfolio Rebalance,McDonald's Corporation Common Stock (MCD) [ST],P ust,04/11/2025,04/25/2025,"$15,001 - $50,000",,"McDonald's Corporation Common Stock (MCD) [ST] P 04/11/2025 04/25/2025 $15,001 - $50,000 Filing Status: New Subholding Of: CRT - Standard Unit Trust Description: Portfolio Rebalance",,,False,100,MCD,accepted,house_ptr_structure+v8_1,False,False,False,04/11/2025,False
20030231,Hon. Jefferson Shreve,Member,IN06,20030231.pdf,2025,82,,"Merck & Company, Inc. Common Stock","Merck & Company, Inc. Common Stock",MRK,MRK,ST,S,2025-04-17,2025-04-25,15001.0,50000.0,,"$15,001 - $50,000",valid_range,New,CRT - Standard Unit Trust,,Portfolio Rebalance,,12,12,table,False,False,,False,0,False,True,100,True,30,False,https://disclosures-clerk.house.gov/public_disc/ptr-pdfs/2025/20030231.pdf,,,,"Merck & Company, Inc. Common Stock (MRK) [ST]","Merck & Company, Inc. Common Stock (MRK) [ST]",S,04/17/2025,04/25/2025,"$15,001 - $50,000",Filing Status: New Subholding Of: CRT - Standard Unit Trust Description: Portfolio Rebalance,"Merck & Company, Inc. Common Stock (MRK) [ST] S 04/17/2025 04/25/2025 $15,001 - $50,000 Filing Status: New Subholding Of: CRT - Standard Unit Trust Description: Portfolio Rebalance",,,False,100,MRK,accepted,house_ptr_structure+v8_1,False,False,False,04/17/2025,False
20030231,Hon. Jefferson Shreve,Member,IN06,20030231.pdf,2025,83,,"Meta Platforms, Inc. - Class A Common Stock","Meta Platforms, Inc. - Class A Common Stock",META,META,ST,S (partial),2025-04-17,2025-04-25,15001.0,50000.0,,"$15,001 - $50,000",valid_range,New,CRT - Standard Unit Trust,,Portfolio Rebalance,,12,12,table,False,False,,False,0,False,False,100,True,30,False,https://disclosures-clerk.house.gov/public_disc/ptr-pdfs/2025/20030231.pdf,,,,"Meta Platforms, Inc. - Class A Common Stock (META) [ST] Filing Status: New Subholding Of: CRT - Standard Unit Tru Description: Portfolio Rebalance","Meta Platforms, Inc. - Class A Common Stock (META) [ST]",S (partial) ust,04/17/2025,04/25/2025,"$15,001 - $50,000",,"Meta Platforms, Inc. - Class A Common Stock (META) [ST] S (partial) 04/17/2025 04/25/2025 $15,001 - $50,000 Filing Status: New Subholding Of: CRT - Standard Unit Trust Description: Portfolio Rebalance",,,False,100,META,accepted,house_ptr_structure+v8_1,False,False,False,04/17/2025,False
20030231,Hon. Jefferson Shreve,Member,IN06,20030231.pdf,2025,84,,"Meta Platforms, Inc. - Class A Common Stock","Meta Platforms, Inc. - Class A Common Stock",META,META,ST,S (partial),2025-04-07,2025-04-25,100001.0,250000.0,,"$100,001 - $250,000",valid_range,New,CRT - Standard Unit Trust,,Portfolio Rebalance,,12,12,table,False,False,,False,0,False,True,100,True,30,False,https://disclosures-clerk.house.gov/public_disc/ptr-pdfs/2025/20030231.pdf,,,,"Meta Platforms, Inc. - Class A Common Stock (META) [ST]","Meta Platforms, Inc. - Class A Common Stock (META) [ST]",S (partial),04/07/2025,04/25/2025,"$100,001 - $250,000",Filing Status: New Subholding Of: CRT - Standard Unit Trust Description: Portfolio Rebalance,"Meta Platforms, Inc. - Class A Common Stock (META) [ST] S (partial) 04/07/2025 04/25/2025 $100,001 - $250,000 Filing Status: New Subholding Of: CRT - Standard Unit Trust Description: Portfolio Rebalance",,,False,100,META,accepted,house_ptr_structure+v8_1,False,False,False,04/07/2025,False
20030231,Hon. Jefferson Shreve,Member,IN06,20030231.pdf,2025,85,,Microchip Technology Incorporated - Common Stock,Microchip Technology Incorporated - Common Stock,MCHP,MCHP,ST,S,2025-04-07,2025-04-25,15001.0,50000.0,,"$15,001 - $50,000",valid_range,New,CRT - Standard Unit Trust,,Portfolio Rebalance,,12,12,table,False,False,,False,0,False,False,100,True,30,False,https://disclosures-clerk.house.gov/public_disc/ptr-pdfs/2025/20030231.pdf,,,,Microchip Technology Incorporated - Common Stock (MCHP) [ST] Filing Status: New Subholding Of: CRT - Standard Unit Tru Description: Portfolio Rebalance,Microchip Technology Incorporated - Common Stock (MCHP) [ST],S ust,04/07/2025,04/25/2025,"$15,001 - $50,000",,"Microchip Technology Incorporated - Common Stock (MCHP) [ST] S 04/07/2025 04/25/2025 $15,001 - $50,000 Filing Status: New Subholding Of: CRT - Standard Unit Trust Description: Portfolio Rebalance",,,False,100,MCHP,accepted,house_ptr_structure+v8_1,False,False,False,04/07/2025,False
20030231,Hon. Jefferson Shreve,Member,IN06,20030231.pdf,2025,86,,"Micron Technology, Inc. - Common Stock","Micron Technology, Inc. - Common Stock",MU,MU,ST,S,2025-04-07,2025-04-25,15001.0,50000.0,,"$15,001 - $50,000",valid_range,New,CRT - Standard Unit Trust,,Portfolio Rebalance,,12,12,table,False,False,,False,0,False,True,100,True,30,False,https://disclosures-clerk.house.gov/public_disc/ptr-pdfs/2025/20030231.pdf,,,,"Micron Technology, Inc. - Common Stock (MU) [ST]","Micron Technology, Inc. - Common Stock (MU) [ST]",S,04/07/2025,04/25/2025,"$15,001 - $50,000",Filing Status: New Subholding Of: CRT - Standard Unit Trust Description: Portfolio Rebalance,"Micron Technology, Inc. - Common Stock (MU) [ST] S 04/07/2025 04/25/2025 $15,001 - $50,000 Filing Status: New Subholding Of: CRT - Standard Unit Trust Description: Portfolio Rebalance",,,False,100,MU,accepted,house_ptr_structure+v8_1,False,False,False,04/07/2025,False
20030231,Hon. Jefferson Shreve,Member,IN06,20030231.pdf,2025,87,,Microsoft Corporation - Common Stock,Microsoft Corporation - Common Stock,MSFT,MSFT,ST,S,2025-04-07,2025-04-25,250001.0,500000.0,,"$250,001 - $500,000",valid_range,New,CRT - Standard Unit Trust,,Portfolio Rebalance,,12,12,table,False,False,,False,0,False,False,100,True,30,False,https://disclosures-clerk.house.gov/public_disc/ptr-pdfs/2025/20030231.pdf,,,,Microsoft Corporation - Common Stock (MSFT) [ST] Filing Status: New Subholding Of: CRT - Standard Unit Tru Description: Portfolio Rebalance,Microsoft Corporation - Common Stock (MSFT) [ST],S ust,04/07/2025,04/25/2025,"$250,001 - $500,000",,"Microsoft Corporation - Common Stock (MSFT) [ST] S 04/07/2025 04/25/2025 $250,001 - $500,000 Filing Status: New Subholding Of: CRT - Standard Unit Trust Description: Portfolio Rebalance",,,False,100,MSFT,accepted,house_ptr_structure+v8_1,False,False,False,04/07/2025,False
20030231,Hon. Jefferson Shreve,Member,IN06,20030231.pdf,2025,88,,Morgan Stanley Common Stock,Morgan Stanley Common Stock,MS,MS,ST,S,2025-04-07,2025-04-25,15001.0,50000.0,,"$15,001 - $50,000",valid_range,New $200?,CRT - Standard Unit Trust,,Portfolio Rebalance,,12,13,table,False,False,,True,0,False,True,98,True,30,False,https://disclosures-clerk.house.gov/public_disc/ptr-pdfs/2025/20030231.pdf,,,,Morgan Stanley Common Stock (MS) [ST],Morgan Stanley Common Stock (MS) [ST],S,04/07/2025,04/25/2025,"$15,001 - $50,000",Filing Status: New $200? Subholding Of: CRT - Standard Unit Trust Description: Portfolio Rebalance,"Morgan Stanley Common Stock (MS) [ST] S 04/07/2025 04/25/2025 $15,001 - $50,000 Filing Status: New $200? Subholding Of: CRT - Standard Unit Trust Description: Portfolio Rebalance",,,False,98,MS,accepted,house_ptr_structure+v8_1,False,False,False,04/07/2025,False
20030231,Hon. Jefferson Shreve,Member,IN06,20030231.pdf,2025,89,,"Netflix, Inc. - Common Stock","Netflix, Inc. - Common Stock",NFLX,NFLX,ST,P,2025-04-11,2025-04-25,15001.0,50000.0,,"$15,001 - $50,000",valid_range,New,CRT - Standard Unit Trust,,Portfolio Rebalance,,13,13,table,False,False,,False,0,False,False,100,True,30,False,https://disclosures-clerk.house.gov/public_disc/ptr-pdfs/2025/20030231.pdf,,,,"Netflix, Inc. - Common Stock (NFLX) [ST] Filing Status: New Subholding Of: CRT - Standard Unit Tru Description: Portfolio Rebalance","Netflix, Inc. - Common Stock (NFLX) [ST]",P ust,04/11/2025,04/25/2025,"$15,001 - $50,000",,"Netflix, Inc. - Common Stock (NFLX) [ST] P 04/11/2025 04/25/2025 $15,001 - $50,000 Filing Status: New Subholding Of: CRT - Standard Unit Trust Description: Portfolio Rebalance",,,False,100,NFLX,accepted,house_ptr_structure+v8_1,False,False,False,04/11/2025,False
20030231,Hon. Jefferson Shreve,Member,IN06,20030231.pdf,2025,90,,"NextEra Energy, Inc. Common Stock","NextEra Energy, Inc. Common Stock",NEE,NEE,ST,P,2025-04-17,2025-04-25,15001.0,50000.0,,"$15,001 - $50,000",valid_range,New,CRT - Standard Unit Trust,,Portfolio Rebalance,,13,13,table,False,False,,False,0,False,True,100,True,30,False,https://disclosures-clerk.house.gov/public_disc/ptr-pdfs/2025/20030231.pdf,,,,"NextEra Energy, Inc. Common Stock (NEE) [ST]","NextEra Energy, Inc. Common Stock (NEE) [ST]",P,04/17/2025,04/25/2025,"$15,001 - $50,000",Filing Status: New Subholding Of: CRT - Standard Unit Trust Description: Portfolio Rebalance,"NextEra Energy, Inc. Common Stock (NEE) [ST] P 04/17/2025 04/25/2025 $15,001 - $50,000 Filing Status: New Subholding Of: CRT - Standard Unit Trust Description: Portfolio Rebalance",,,False,100,NEE,accepted,house_ptr_structure+v8_1,False,False,False,04/17/2025,False
20030231,Hon. Jefferson Shreve,Member,IN06,20030231.pdf,2025,91,,Norfolk Southern Corporation Common Stock,Norfolk Southern Corporation Common Stock,NSC,NSC,ST,S,2025-04-11,2025-04-25,15001.0,50000.0,,"$15,001 - $50,000",valid_range,New,CRT - Standard Unit Trust,,Portfolio Rebalance,,13,13,table,False,False,,False,0,False,False,100,True,30,False,https://disclosures-clerk.house.gov/public_disc/ptr-pdfs/2025/20030231.pdf,,,,Norfolk Southern Corporation Common Stock (NSC) [ST] Filing Status: New Subholding Of: CRT - Standard Unit Tru Description: Portfolio Rebalance,Norfolk Southern Corporation Common Stock (NSC) [ST],S ust,04/11/2025,04/25/2025,"$15,001 - $50,000",,"Norfolk Southern Corporation Common Stock (NSC) [ST] S 04/11/2025 04/25/2025 $15,001 - $50,000 Filing Status: New Subholding Of: CRT - Standard Unit Trust Description: Portfolio Rebalance",,,False,100,NSC,accepted,house_ptr_structure+v8_1,False,False,False,04/11/2025,False
20030231,Hon. Jefferson Shreve,Member,IN06,20030231.pdf,2025,92,,NVIDIA Corporation - Common Stock,NVIDIA Corporation - Common Stock,NVDA,NVDA,ST,S (partial),2025-04-07,2025-04-25,50001.0,100000.0,,"$50,001 - $100,000",valid_range,New,CRT - Standard Unit Trust,,Portfolio Rebalance,,13,13,table,False,False,,False,0,False,True,100,True,30,False,https://disclosures-clerk.house.gov/public_disc/ptr-pdfs/2025/20030231.pdf,,,,NVIDIA Corporation - Common Stock (NVDA) [ST],NVIDIA Corporation - Common Stock (NVDA) [ST],S (partial),04/07/2025,04/25/2025,"$50,001 - $100,000",Filing Status: New Subholding Of: CRT - Standard Unit Trust Description: Portfolio Rebalance,"NVIDIA Corporation - Common Stock (NVDA) [ST] S (partial) 04/07/2025 04/25/2025 $50,001 - $100,000 Filing Status: New Subholding Of: CRT - Standard Unit Trust Description: Portfolio Rebalance",,,False,100,NVDA,accepted,house_ptr_structure+v8_1,False,False,False,04/07/2025,False
20030231,Hon. Jefferson Shreve,Member,IN06,20030231.pdf,2025,93,,Occidental Petroleum Corporation Common Stock,Occidental Petroleum Corporation Common Stock,OXY,OXY,ST,S,2025-04-07,2025-04-25,15001.0,50000.0,,"$15,001 - $50,000",valid_range,New,CRT - Standard Unit Trust,,Portfolio Rebalance,,13,13,table,False,False,,False,0,False,False,100,True,30,False,https://disclosures-clerk.house.gov/public_disc/ptr-pdfs/2025/20030231.pdf,,,,Occidental Petroleum Corporation Common Stock (OXY) [ST] Filing Status: New Subholding Of: CRT - Standard Unit Tru Description: Portfolio Rebalance,Occidental Petroleum Corporation Common Stock (OXY) [ST],S ust,04/07/2025,04/25/2025,"$15,001 - $50,000",,"Occidental Petroleum Corporation Common Stock (OXY) [ST] S 04/07/2025 04/25/2025 $15,001 - $50,000 Filing Status: New Subholding Of: CRT - Standard Unit Trust Description: Portfolio Rebalance",,,False,100,OXY,accepted,house_ptr_structure+v8_1,False,False,False,04/07/2025,False
20030231,Hon. Jefferson Shreve,Member,IN06,20030231.pdf,2025,94,,Oracle Corporation Common Stock,Oracle Corporation Common Stock,ORCL,ORCL,ST,S,2025-04-07,2025-04-25,15001.0,50000.0,,"$15,001 - $50,000",valid_range,New,CRT - Standard Unit Trust,,Portfolio Rebalance,,13,13,table,False,False,,False,0,False,True,100,True,30,False,https://disclosures-clerk.house.gov/public_disc/ptr-pdfs/2025/20030231.pdf,,,,Oracle Corporation Common Stock (ORCL) [ST],Oracle Corporation Common Stock (ORCL) [ST],S,04/07/2025,04/25/2025,"$15,001 - $50,000",Filing Status: New Subholding Of: CRT - Standard Unit Trust Description: Portfolio Rebalance,"Oracle Corporation Common Stock (ORCL) [ST] S 04/07/2025 04/25/2025 $15,001 - $50,000 Filing Status: New Subholding Of: CRT - Standard Unit Trust Description: Portfolio Rebalance",,,False,100,ORCL,accepted,house_ptr_structure+v8_1,False,False,False,04/07/2025,False
20030231,Hon. Jefferson Shreve,Member,IN06,20030231.pdf,2025,95,,"Palo Alto Networks, Inc.","Palo Alto Networks, Inc.",PANW,PANW,ST,S,2025-04-07,2025-04-25,15001.0,50000.0,,"$15,001 - $50,000",valid_range,New,CRT - Standard Unit Trust,,Portfolio Rebalance,,13,13,table,False,False,,False,0,False,False,100,True,30,False,https://disclosures-clerk.house.gov/public_disc/ptr-pdfs/2025/20030231.pdf,,,,"Palo Alto Networks, Inc. (PANW) [ST] Filing Status: New Subholding Of: CRT - Standard Unit Tru Description: Portfolio Rebalance","Palo Alto Networks, Inc. (PANW) [ST]",S ust,04/07/2025,04/25/2025,"$15,001 - $50,000",,"Palo Alto Networks, Inc. (PANW) [ST] S 04/07/2025 04/25/2025 $15,001 - $50,000 Filing Status: New Subholding Of: CRT - Standard Unit Trust Description: Portfolio Rebalance",,,False,100,PANW,accepted,house_ptr_structure+v8_1,False,False,False,04/07/2025,False
20030231,Hon. Jefferson Shreve,Member,IN06,20030231.pdf,2025,96,,"PayPal Holdings, Inc. - Common Stock","PayPal Holdings, Inc. - Common Stock",PYPL,PYPL,ST,P,2025-04-07,2025-04-25,15001.0,50000.0,,"$15,001 - $50,000",valid_range,New,CRT - Standard Unit Trust,,Portfolio Rebalance,,14,14,table,False,False,,False,0,False,True,100,True,30,False,https://disclosures-clerk.house.gov/public_disc/ptr-pdfs/2025/20030231.pdf,,,,"PayPal Holdings, Inc. - Common Stock (PYPL) [ST]","PayPal Holdings, Inc. - Common Stock (PYPL) [ST]",P,04/07/2025,04/25/2025,"$15,001 - $50,000",Filing Status: New Subholding Of: CRT - Standard Unit Trust Description: Portfolio Rebalance,"PayPal Holdings, Inc. - Common Stock (PYPL) [ST] P 04/07/2025 04/25/2025 $15,001 - $50,000 Filing Status: New Subholding Of: CRT - Standard Unit Trust Description: Portfolio Rebalance",,,False,100,PYPL,accepted,house_ptr_structure+v8_1,False,False,False,04/07/2025,False
20030231,Hon. Jefferson Shreve,Member,IN06,20030231.pdf,2025,97,,Pembroke Pines FL Cap Impt Re 5.000,Pembroke Pines FL Cap Impt Re 5.000,,,CS,S,2025-04-14,2025-04-25,1001.0,15000.0,,"$1,001 - $15,000",valid_range,New,CRT - Standard Unit Trust,,Portfolio Rebalance,,14,14,table,False,False,,False,0,False,False,100,True,30,False,https://disclosures-clerk.house.gov/public_disc/ptr-pdfs/2025/20030231.pdf,,,,Pembroke Pines FL Cap Impt Re 5.000 [CS] Filing Status: New Subholding Of: CRT - Standard Unit Tru Description: Portfolio Rebalance,Pembroke Pines FL Cap Impt Re 5.000 [CS],S ust,04/14/2025,04/25/2025,"$1,001 - $15,000",,"Pembroke Pines FL Cap Impt Re 5.000 [CS] S 04/14/2025 04/25/2025 $1,001 - $15,000 Filing Status: New Subholding Of: CRT - Standard Unit Trust Description: Portfolio Rebalance",,,False,100,,not_applicable,,False,False,False,04/14/2025,False
20030231,Hon. Jefferson Shreve,Member,IN06,20030231.pdf,2025,98,,"Pepsico, Inc.","Pepsico, Inc.",PEP,PEP,ST,P,2025-04-07,2025-04-25,15001.0,50000.0,,"$15,001 - $50,000",valid_range,New,CRT - Standard Unit Trust,,Portfolio Rebalance,,14,14,table,False,False,,False,0,False,True,100,True,30,False,https://disclosures-clerk.house.gov/public_disc/ptr-pdfs/2025/20030231.pdf,,,,"Pepsico, Inc. (PEP) [ST]","Pepsico, Inc. (PEP) [ST]",P,04/07/2025,04/25/2025,"$15,001 - $50,000",Filing Status: New Subholding Of: CRT - Standard Unit Trust Description: Portfolio Rebalance,"Pepsico, Inc. (PEP) [ST] P 04/07/2025 04/25/2025 $15,001 - $50,000 Filing Status: New Subholding Of: CRT - Standard Unit Trust Description: Portfolio Rebalance",,,False,100,PEP,accepted,house_ptr_structure+v8_1,False,False,False,04/07/2025,False
20030231,Hon. Jefferson Shreve,Member,IN06,20030231.pdf,2025,99,,"Pfizer, Inc. Common Stock","Pfizer, Inc. Common Stock",PFE,PFE,ST,S,2025-04-11,2025-04-25,15001.0,50000.0,,"$15,001 - $50,000",valid_range,New,CRT - Standard Unit Trust,,Portfolio Rebalance,,14,14,table,False,False,,False,0,False,False,100,True,30,False,https://disclosures-clerk.house.gov/public_disc/ptr-pdfs/2025/20030231.pdf,,,,"Pfizer, Inc. Common Stock (PFE) [ST] Filing Status: New Subholding Of: CRT - Standard Unit Tru Description: Portfolio Rebalance","Pfizer, Inc. Common Stock (PFE) [ST]",S ust,04/11/2025,04/25/2025,"$15,001 - $50,000",,"Pfizer, Inc. Common Stock (PFE) [ST] S 04/11/2025 04/25/2025 $15,001 - $50,000 Filing Status: New Subholding Of: CRT - Standard Unit Trust Description: Portfolio Rebalance",,,False,100,PFE,accepted,house_ptr_structure+v8_1,False,False,False,04/11/2025,False
20030231,Hon. Jefferson Shreve,Member,IN06,20030231.pdf,2025,100,,Phillips 66 Common Stock,Phillips 66 Common Stock,PSX,PSX,ST,P,2025-04-07,2025-04-25,15001.0,50000.0,,"$15,001 - $50,000",valid_range,New,CRT - Standard Unit Trust,,Portfolio Rebalance,,14,14,table,False,False,,False,0,False,True,100,True,30,False,https://disclosures-clerk.house.gov/public_disc/ptr-pdfs/2025/20030231.pdf,,,,Phillips 66 Common Stock (PSX) [ST],Phillips 66 Common Stock (PSX) [ST],P,04/07/2025,04/25/2025,"$15,001 - $50,000",Filing Status: New Subholding Of: CRT - Standard Unit Trust Description: Portfolio Rebalance,"Phillips 66 Common Stock (PSX) [ST] P 04/07/2025 04/25/2025 $15,001 - $50,000 Filing Status: New Subholding Of: CRT - Standard Unit Trust Description: Portfolio Rebalance",,,False,100,PSX,accepted,house_ptr_structure+v8_1,False,False,False,04/07/2025,False
20030231,Hon. Jefferson Shreve,Member,IN06,20030231.pdf,2025,101,,"Prologis, Inc. Common Stock","Prologis, Inc. Common Stock",PLD,PLD,ST,S,2025-04-07,2025-04-25,15001.0,50000.0,,"$15,001 - $50,000",valid_range,New,CRT - Standard Unit Trust,,Portfolio Rebalance,,14,14,table,False,False,,False,0,False,False,100,True,30,False,https://disclosures-clerk.house.gov/public_disc/ptr-pdfs/2025/20030231.pdf,,,,"Prologis, Inc. Common Stock (PLD) [ST] Filing Status: New Subholding Of: CRT - Standard Unit Tru Description: Portfolio Rebalance","Prologis, Inc. Common Stock (PLD) [ST]",S ust,04/07/2025,04/25/2025,"$15,001 - $50,000",,"Prologis, Inc. Common Stock (PLD) [ST] S 04/07/2025 04/25/2025 $15,001 - $50,000 Filing Status: New Subholding Of: CRT - Standard Unit Trust Description: Portfolio Rebalance",,,False,100,PLD,accepted,house_ptr_structure+v8_1,False,False,False,04/07/2025,False
20030231,Hon. Jefferson Shreve,Member,IN06,20030231.pdf,2025,102,,QUALCOMM Incorporated - Common Stock,QUALCOMM Incorporated - Common Stock,QCOM,QCOM,ST,S,2025-04-07,2025-04-25,15001.0,50000.0,,"$15,001 - $50,000",valid_range,New,CRT - Standard Unit Trust,,Portfolio Rebalance,,14,14,table,False,False,,False,0,False,True,100,True,30,False,https://disclosures-clerk.house.gov/public_disc/ptr-pdfs/2025/20030231.pdf,,,,QUALCOMM Incorporated - Common Stock (QCOM) [ST],QUALCOMM Incorporated - Common Stock (QCOM) [ST],S,04/07/2025,04/25/2025,"$15,001 - $50,000",Filing Status: New Subholding Of: CRT - Standard Unit Trust Description: Portfolio Rebalance,"QUALCOMM Incorporated - Common Stock (QCOM) [ST] S 04/07/2025 04/25/2025 $15,001 - $50,000 Filing Status: New Subholding Of: CRT - Standard Unit Trust Description: Portfolio Rebalance",,,False,100,QCOM,accepted,house_ptr_structure+v8_1,False,False,False,04/07/2025,False
20030231,Hon. Jefferson Shreve,Member,IN06,20030231.pdf,2025,103,,"Rapid7, Inc. - Common Stock","Rapid7, Inc. - Common Stock",RPD,RPD,ST,P,2025-04-07,2025-04-25,15001.0,50000.0,,"$15,001 - $50,000",valid_range,New,CRT - Standard Unit Trust,,Portfolio Rebalance,,14,15,table,False,False,,True,0,False,False,98,True,30,False,https://disclosures-clerk.house.gov/public_disc/ptr-pdfs/2025/20030231.pdf,,,,"Rapid7, Inc. - Common Stock (RPD) [ST] Filing Status: New","Rapid7, Inc. - Common Stock (RPD) [ST] Subholding Of: CRT - Standard Unit Trust Description: Portfolio Rebalance",P,04/07/2025,04/25/2025,"$15,001 - $50,000",Subholding Of: CRT - Standard Unit Trust Description: Portfolio Rebalance,"Rapid7, Inc. - Common Stock (RPD) [ST] P 04/07/2025 04/25/2025 $15,001 - $50,000 Filing Status: New Subholding Of: CRT - Standard Unit Trust Description: Portfolio Rebalance",,,False,98,RPD,accepted,house_ptr_structure+v8_1,False,False,False,04/07/2025,False
20030231,Hon. Jefferson Shreve,Member,IN06,20030231.pdf,2025,104,,"Regeneron Pharmaceuticals, Inc. - Common Stock","Regeneron Pharmaceuticals, Inc. - Common Stock",REGN,REGN,ST,S,2025-04-07,2025-04-25,15001.0,50000.0,,"$15,001 - $50,000",valid_range,New,CRT - Standard Unit Trust,,Portfolio Rebalance,,15,15,table,False,False,,False,0,False,True,100,True,30,False,https://disclosures-clerk.house.gov/public_disc/ptr-pdfs/2025/20030231.pdf,,,,"Regeneron Pharmaceuticals, Inc. - Common Stock (REGN) [ST]","Regeneron Pharmaceuticals, Inc. - Common Stock (REGN) [ST]",S,04/07/2025,04/25/2025,"$15,001 - $50,000",Filing Status: New Subholding Of: CRT - Standard Unit Trust Description: Portfolio Rebalance,"Regeneron Pharmaceuticals, Inc. - Common Stock (REGN) [ST] S 04/07/2025 04/25/2025 $15,001 - $50,000 Filing Status: New Subholding Of: CRT - Standard Unit Trust Description: Portfolio Rebalance",,,False,100,REGN,accepted,house_ptr_structure+v8_1,False,False,False,04/07/2025,False
20030231,Hon. Jefferson Shreve,Member,IN06,20030231.pdf,2025,105,,Repligen Corporation - Common Stock,Repligen Corporation - Common Stock,RGEN,RGEN,ST,S,2025-04-07,2025-04-25,15001.0,50000.0,,"$15,001 - $50,000",valid_range,New,CRT - Standard Unit Trust,,Portfolio Rebalance,,15,15,table,False,False,,False,0,False,False,100,True,30,False,https://disclosures-clerk.house.gov/public_disc/ptr-pdfs/2025/20030231.pdf,,,,Repligen Corporation - Common Stock (RGEN) [ST] Filing Status: New Subholding Of: CRT - Standard Unit Tru Description: Portfolio Rebalance,Repligen Corporation - Common Stock (RGEN) [ST],S ust,04/07/2025,04/25/2025,"$15,001 - $50,000",,"Repligen Corporation - Common Stock (RGEN) [ST] S 04/07/2025 04/25/2025 $15,001 - $50,000 Filing Status: New Subholding Of: CRT - Standard Unit Trust Description: Portfolio Rebalance",,,False,100,RGEN,accepted,house_ptr_structure+v8_1,False,False,False,04/07/2025,False
20030231,Hon. Jefferson Shreve,Member,IN06,20030231.pdf,2025,106,,"Ross Stores, Inc. - Common Stock","Ross Stores, Inc. - Common Stock",ROST,ROST,ST,P,2025-04-17,2025-04-25,15001.0,50000.0,,"$15,001 - $50,000",valid_range,New,CRT - Standard Unit Trust,,Portfolio Rebalance,,15,15,table,False,False,,False,0,False,True,100,True,30,False,https://disclosures-clerk.house.gov/public_disc/ptr-pdfs/2025/20030231.pdf,,,,"Ross Stores, Inc. - Common Stock (ROST) [ST]","Ross Stores, Inc. - Common Stock (ROST) [ST]",P,04/17/2025,04/25/2025,"$15,001 - $50,000",Filing Status: New Subholding Of: CRT - Standard Unit Trust Description: Portfolio Rebalance,"Ross Stores, Inc. - Common Stock (ROST) [ST] P 04/17/2025 04/25/2025 $15,001 - $50,000 Filing Status: New Subholding Of: CRT - Standard Unit Trust Description: Portfolio Rebalance",,,False,100,ROST,accepted,house_ptr_structure+v8_1,False,False,False,04/17/2025,False
20030231,Hon. Jefferson Shreve,Member,IN06,20030231.pdf,2025,107,,"Royal Gold, Inc. - Common Stock","Royal Gold, Inc. - Common Stock",RGLD,RGLD,ST,P,2025-04-07,2025-04-25,15001.0,50000.0,,"$15,001 - $50,000",valid_range,New,CRT - Standard Unit Trust,,Portfolio Rebalance,,15,15,table,False,False,,False,0,False,False,100,True,30,False,https://disclosures-clerk.house.gov/public_disc/ptr-pdfs/2025/20030231.pdf,,,,"Royal Gold, Inc. - Common Stock (RGLD) [ST] Filing Status: New Subholding Of: CRT - Standard Unit Tru Description: Portfolio Rebalance","Royal Gold, Inc. - Common Stock (RGLD) [ST]",P ust,04/07/2025,04/25/2025,"$15,001 - $50,000",,"Royal Gold, Inc. - Common Stock (RGLD) [ST] P 04/07/2025 04/25/2025 $15,001 - $50,000 Filing Status: New Subholding Of: CRT - Standard Unit Trust Description: Portfolio Rebalance",,,False,100,RGLD,accepted,house_ptr_structure+v8_1,False,False,False,04/07/2025,False
20030231,Hon. Jefferson Shreve,Member,IN06,20030231.pdf,2025,108,,S&P Global Inc. Common Stock,S&P Global Inc. Common Stock,SPGI,SPGI,ST,P,2025-04-17,2025-04-25,50001.0,100000.0,,"$50,001 - $100,000",valid_range,New,CRT - Standard Unit Trust,,Portfolio Rebalance,,15,15,table,False,False,,False,0,False,True,100,True,30,False,https://disclosures-clerk.house.gov/public_disc/ptr-pdfs/2025/20030231.pdf,,,,S&P Global Inc. Common Stock (SPGI) [ST],S&P Global Inc. Common Stock (SPGI) [ST],P,04/17/2025,04/25/2025,"$50,001 - $100,000",Filing Status: New Subholding Of: CRT - Standard Unit Trust Description: Portfolio Rebalance,"S&P Global Inc. Common Stock (SPGI) [ST] P 04/17/2025 04/25/2025 $50,001 - $100,000 Filing Status: New Subholding Of: CRT - Standard Unit Trust Description: Portfolio Rebalance",,,False,100,SPGI,accepted,house_ptr_structure+v8_1,False,False,False,04/17/2025,False
20030231,Hon. Jefferson Shreve,Member,IN06,20030231.pdf,2025,109,,"Salesforce, Inc. Common Stock","Salesforce, Inc. Common Stock",CRM,CRM,ST,S,2025-04-07,2025-04-25,15001.0,50000.0,,"$15,001 - $50,000",valid_range,New,CRT - Standard Unit Trust,,Portfolio Rebalance,,15,15,table,False,False,,False,0,False,False,100,True,30,False,https://disclosures-clerk.house.gov/public_disc/ptr-pdfs/2025/20030231.pdf,,,,"Salesforce, Inc. Common Stock (CRM) [ST] Filing Status: New Subholding Of: CRT - Standard Unit Tru Description: Portfolio Rebalance","Salesforce, Inc. Common Stock (CRM) [ST]",S ust,04/07/2025,04/25/2025,"$15,001 - $50,000",,"Salesforce, Inc. Common Stock (CRM) [ST] S 04/07/2025 04/25/2025 $15,001 - $50,000 Filing Status: New Subholding Of: CRT - Standard Unit Trust Description: Portfolio Rebalance",,,False,100,CRM,accepted,house_ptr_structure+v8_1,False,False,False,04/07/2025,False
20030231,Hon. Jefferson Shreve,Member,IN06,20030231.pdf,2025,110,,Sandisk Corporation - Common Stock,Sandisk Corporation - Common Stock,SNDK,SNDK,ST,S,2025-04-07,2025-04-25,15001.0,50000.0,,"$15,001 - $50,000",valid_range,New,CRT - Standard Unit Trust,,Portfolio Rebalance,,15,15,table,False,False,,False,0,False,True,100,True,30,False,https://disclosures-clerk.house.gov/public_disc/ptr-pdfs/2025/20030231.pdf,,,,Sandisk Corporation - Common Stock (SNDK) [ST],Sandisk Corporation - Common Stock (SNDK) [ST],S,04/07/2025,04/25/2025,"$15,001 - $50,000",Filing Status: New Subholding Of: CRT - Standard Unit Trust Description: Portfolio Rebalance,"Sandisk Corporation - Common Stock (SNDK) [ST] S 04/07/2025 04/25/2025 $15,001 - $50,000 Filing Status: New Subholding Of: CRT - Standard Unit Trust Description: Portfolio Rebalance",,,False,100,SNDK,accepted,house_ptr_structure+v8_1,False,False,False,04/07/2025,False
20030231,Hon. Jefferson Shreve,Member,IN06,20030231.pdf,2025,111,,Schlumberger N.V. Common Stock,Schlumberger N.V. Common Stock,SLB,SLB,ST,S,2025-04-11,2025-04-25,15001.0,50000.0,,"$15,001 - $50,000",valid_range,New,CRT - Standard Unit Trust,,Portfolio Rebalance,,16,16,table,False,False,,False,0,False,False,100,True,30,False,https://disclosures-clerk.house.gov/public_disc/ptr-pdfs/2025/20030231.pdf,,,,Schlumberger N.V. Common Stock (SLB) [ST] Filing Status: New Subholding Of: CRT - Standard Unit Tru Description: Portfolio Rebalance,Schlumberger N.V. Common Stock (SLB) [ST],S ust,04/11/2025,04/25/2025,"$15,001 - $50,000",,"Schlumberger N.V. Common Stock (SLB) [ST] S 04/11/2025 04/25/2025 $15,001 - $50,000 Filing Status: New Subholding Of: CRT - Standard Unit Trust Description: Portfolio Rebalance",,,False,100,SLB,accepted,house_ptr_structure+v8_1,False,False,False,04/11/2025,False
20030231,Hon. Jefferson Shreve,Member,IN06,20030231.pdf,2025,112,,"Schneider National, Inc. Common Stock","Schneider National, Inc. Common Stock",SNDR,SNDR,ST,P,2025-04-07,2025-04-25,15001.0,50000.0,,"$15,001 - $50,000",valid_range,New,CRT - Standard Unit Trust,,Portfolio Rebalance,,16,16,table,False,False,,False,0,False,True,100,True,30,False,https://disclosures-clerk.house.gov/public_disc/ptr-pdfs/2025/20030231.pdf,,,,"Schneider National, Inc. Common Stock (SNDR) [ST]","Schneider National, Inc. Common Stock (SNDR) [ST]",P,04/07/2025,04/25/2025,"$15,001 - $50,000",Filing Status: New Subholding Of: CRT - Standard Unit Trust Description: Portfolio Rebalance,"Schneider National, Inc. Common Stock (SNDR) [ST] P 04/07/2025 04/25/2025 $15,001 - $50,000 Filing Status: New Subholding Of: CRT - Standard Unit Trust Description: Portfolio Rebalance",,,False,100,SNDR,accepted,house_ptr_structure+v8_1,False,False,False,04/07/2025,False
20030231,Hon. Jefferson Shreve,Member,IN06,20030231.pdf,2025,113,,Spotify Technology S.A. Ordinary Shares,Spotify Technology S.A. Ordinary Shares,SPOT,SPOT,ST,P,2025-04-11,2025-04-25,15001.0,50000.0,,"$15,001 - $50,000",valid_range,New,CRT - NIMCRUT,,Portfolio Rebalance,,16,16,table,False,False,,False,0,False,False,100,True,30,False,https://disclosures-clerk.house.gov/public_disc/ptr-pdfs/2025/20030231.pdf,,,,Spotify Technology S.A. Ordinary Shares (SPOT) [ST] Filing Status: New Subholding Of: CRT - NIMCRUT Description: Portfolio Rebalance,Spotify Technology S.A. Ordinary Shares (SPOT) [ST],P,04/11/2025,04/25/2025,"$15,001 - $50,000",,"Spotify Technology S.A. Ordinary Shares (SPOT) [ST] P 04/11/2025 04/25/2025 $15,001 - $50,000 Filing Status: New Subholding Of: CRT - NIMCRUT Description: Portfolio Rebalance",,,False,100,SPOT,accepted,house_ptr_structure+v8_1,False,False,False,04/11/2025,False
20030231,Hon. Jefferson Shreve,Member,IN06,20030231.pdf,2025,114,,"Stag Industrial, Inc. Common Stock","Stag Industrial, Inc. Common Stock",STAG,STAG,ST,P,2025-04-07,2025-04-25,50001.0,100000.0,,"$50,001 - $100,000",valid_range,New,CRT - Standard Unit Trust,,Portfolio Rebalance,,16,16,table,False,False,,False,0,False,True,100,True,30,False,https://disclosures-clerk.house.gov/public_disc/ptr-pdfs/2025/20030231.pdf,,,,"Stag Industrial, Inc. Common Stock (STAG) [ST]","Stag Industrial, Inc. Common Stock (STAG) [ST]",P,04/07/2025,04/25/2025,"$50,001 - $100,000",Filing Status: New Subholding Of: CRT - Standard Unit Trust Description: Portfolio Rebalance,"Stag Industrial, Inc. Common Stock (STAG) [ST] P 04/07/2025 04/25/2025 $50,001 - $100,000 Filing Status: New Subholding Of: CRT - Standard Unit Trust Description: Portfolio Rebalance",,,False,100,STAG,accepted,house_ptr_structure+v8_1,False,False,False,04/07/2025,False
20030231,Hon. Jefferson Shreve,Member,IN06,20030231.pdf,2025,115,,"Stag Industrial, Inc. Common Stock","Stag Industrial, Inc. Common Stock",STAG,STAG,ST,S (partial),2025-04-11,2025-04-25,50001.0,100000.0,,"$50,001 - $100,000",valid_range,New,CRT - Standard Unit Trust,,Portfolio Rebalance,,16,16,table,False,False,,False,0,False,False,100,True,30,False,https://disclosures-clerk.house.gov/public_disc/ptr-pdfs/2025/20030231.pdf,,,,"Stag Industrial, Inc. Common Stock (STAG) [ST] Filing Status: New Subholding Of: CRT - Standard Unit Tru Description: Portfolio Rebalance","Stag Industrial, Inc. Common Stock (STAG) [ST]",S (partial) ust,04/11/2025,04/25/2025,"$50,001 - $100,000",,"Stag Industrial, Inc. Common Stock (STAG) [ST] S (partial) 04/11/2025 04/25/2025 $50,001 - $100,000 Filing Status: New Subholding Of: CRT - Standard Unit Trust Description: Portfolio Rebalance",,,False,100,STAG,accepted,house_ptr_structure+v8_1,False,False,False,04/11/2025,False
20030231,Hon. Jefferson Shreve,Member,IN06,20030231.pdf,2025,116,,"Stag Industrial, Inc. Common Stock","Stag Industrial, Inc. Common Stock",STAG,STAG,ST,S,2025-04-17,2025-04-25,15001.0,50000.0,,"$15,001 - $50,000",valid_range,New,CRT - Standard Unit Trust,,Portfolio Rebalance,,16,16,table,False,False,,False,0,False,True,100,True,30,False,https://disclosures-clerk.house.gov/public_disc/ptr-pdfs/2025/20030231.pdf,,,,"Stag Industrial, Inc. Common Stock (STAG) [ST]","Stag Industrial, Inc. Common Stock (STAG) [ST]",S,04/17/2025,04/25/2025,"$15,001 - $50,000",Filing Status: New Subholding Of: CRT - Standard Unit Trust Description: Portfolio Rebalance,"Stag Industrial, Inc. Common Stock (STAG) [ST] S 04/17/2025 04/25/2025 $15,001 - $50,000 Filing Status: New Subholding Of: CRT - Standard Unit Trust Description: Portfolio Rebalance",,,False,100,STAG,accepted,house_ptr_structure+v8_1,False,False,False,04/17/2025,False
20030231,Hon. Jefferson Shreve,Member,IN06,20030231.pdf,2025,117,,Starbucks Corporation - Common Stock,Starbucks Corporation - Common Stock,SBUX,SBUX,ST,S,2025-04-07,2025-04-25,15001.0,50000.0,,"$15,001 - $50,000",valid_range,New,CRT - Standard Unit Trust,,Portfolio Rebalance,,16,16,table,False,False,,False,0,False,False,100,True,30,False,https://disclosures-clerk.house.gov/public_disc/ptr-pdfs/2025/20030231.pdf,,,,Starbucks Corporation - Common Stock (SBUX) [ST] Filing Status: New Subholding Of: CRT - Standard Unit Tru Description: Portfolio Rebalance,Starbucks Corporation - Common Stock (SBUX) [ST],S ust,04/07/2025,04/25/2025,"$15,001 - $50,000",,"Starbucks Corporation - Common Stock (SBUX) [ST] S 04/07/2025 04/25/2025 $15,001 - $50,000 Filing Status: New Subholding Of: CRT - Standard Unit Trust Description: Portfolio Rebalance",,,False,100,SBUX,accepted,house_ptr_structure+v8_1,False,False,False,04/07/2025,False
20030231,Hon. Jefferson Shreve,Member,IN06,20030231.pdf,2025,118,,Stryker Corporation Common Stock,Stryker Corporation Common Stock,SYK,SYK,ST,P,2025-04-17,2025-04-25,15001.0,50000.0,,"$15,001 - $50,000",valid_range,New $200?,CRT - Standard Unit Trust,,Portfolio Rebalance,,16,17,table,False,False,,True,0,False,True,98,True,30,False,https://disclosures-clerk.house.gov/public_disc/ptr-pdfs/2025/20030231.pdf,,,,Stryker Corporation Common Stock (SYK) [ST],Stryker Corporation Common Stock (SYK) [ST],P,04/17/2025,04/25/2025,"$15,001 - $50,000",Filing Status: New $200? Subholding Of: CRT - Standard Unit Trust Description: Portfolio Rebalance,"Stryker Corporation Common Stock (SYK) [ST] P 04/17/2025 04/25/2025 $15,001 - $50,000 Filing Status: New $200? Subholding Of: CRT - Standard Unit Trust Description: Portfolio Rebalance",,,False,98,SYK,accepted,house_ptr_structure+v8_1,False,False,False,04/17/2025,False
20030231,Hon. Jefferson Shreve,Member,IN06,20030231.pdf,2025,119,,"Synopsys, Inc. - Common Stock","Synopsys, Inc. - Common Stock",SNPS,SNPS,ST,P,2025-04-17,2025-04-25,50001.0,100000.0,,"$50,001 - $100,000",valid_range,New,CRT - Standard Unit Trust,,Portfolio Rebalance,,17,17,table,False,False,,False,0,False,False,100,True,30,False,https://disclosures-clerk.house.gov/public_disc/ptr-pdfs/2025/20030231.pdf,,,,"Synopsys, Inc. - Common Stock (SNPS) [ST] Filing Status: New Subholding Of: CRT - Standard Unit Tru Description: Portfolio Rebalance","Synopsys, Inc. - Common Stock (SNPS) [ST]",P ust,04/17/2025,04/25/2025,"$50,001 - $100,000",,"Synopsys, Inc. - Common Stock (SNPS) [ST] P 04/17/2025 04/25/2025 $50,001 - $100,000 Filing Status: New Subholding Of: CRT - Standard Unit Trust Description: Portfolio Rebalance",,,False,100,SNPS,accepted,house_ptr_structure+v8_1,False,False,False,04/17/2025,False
20030231,Hon. Jefferson Shreve,Member,IN06,20030231.pdf,2025,120,,Target Corporation Common Stock,Target Corporation Common Stock,TGT,TGT,ST,S,2025-04-07,2025-04-25,15001.0,50000.0,,"$15,001 - $50,000",valid_range,New,CRT - Standard Unit Trust,,Portfolio Rebalance,,17,17,table,False,False,,False,0,False,True,100,True,30,False,https://disclosures-clerk.house.gov/public_disc/ptr-pdfs/2025/20030231.pdf,,,,Target Corporation Common Stock (TGT) [ST],Target Corporation Common Stock (TGT) [ST],S,04/07/2025,04/25/2025,"$15,001 - $50,000",Filing Status: New Subholding Of: CRT - Standard Unit Trust Description: Portfolio Rebalance,"Target Corporation Common Stock (TGT) [ST] S 04/07/2025 04/25/2025 $15,001 - $50,000 Filing Status: New Subholding Of: CRT - Standard Unit Trust Description: Portfolio Rebalance",,,False,100,TGT,accepted,house_ptr_structure+v8_1,False,False,False,04/07/2025,False
20030231,Hon. Jefferson Shreve,Member,IN06,20030231.pdf,2025,121,,Texas Instruments Incorporated - Common Stock,Texas Instruments Incorporated - Common Stock,TXN,TXN,ST,P,2025-04-07,2025-04-25,50001.0,100000.0,,"$50,001 - $100,000",valid_range,New,CRT - Standard Unit Trust,,Portfolio Rebalance,,17,17,table,False,False,,False,0,False,False,100,True,30,False,https://disclosures-clerk.house.gov/public_disc/ptr-pdfs/2025/20030231.pdf,,,,Texas Instruments Incorporated - Common Stock (TXN) [ST] Filing Status: New Subholding Of: CRT - Standard Unit Tru Description: Portfolio Rebalance,Texas Instruments Incorporated - Common Stock (TXN) [ST],P ust,04/07/2025,04/25/2025,"$50,001 - $100,000",,"Texas Instruments Incorporated - Common Stock (TXN) [ST] P 04/07/2025 04/25/2025 $50,001 - $100,000 Filing Status: New Subholding Of: CRT - Standard Unit Trust Description: Portfolio Rebalance",,,False,100,TXN,accepted,house_ptr_structure+v8_1,False,False,False,04/07/2025,False
20030231,Hon. Jefferson Shreve,Member,IN06,20030231.pdf,2025,122,,The Carlyle Group Inc. - Common Stock,The Carlyle Group Inc. - Common Stock,CG,CG,ST,P,2025-04-07,2025-04-25,50001.0,100000.0,,"$50,001 - $100,000",valid_range,New,CRT - Standard Unit Trust,,Portfolio Rebalance,,17,17,table,False,False,,False,0,False,True,100,True,30,False,https://disclosures-clerk.house.gov/public_disc/ptr-pdfs/2025/20030231.pdf,,,,The Carlyle Group Inc. - Common Stock (CG) [ST],The Carlyle Group Inc. - Common Stock (CG) [ST],P,04/07/2025,04/25/2025,"$50,001 - $100,000",Filing Status: New Subholding Of: CRT - Standard Unit Trust Description: Portfolio Rebalance,"The Carlyle Group Inc. - Common Stock (CG) [ST] P 04/07/2025 04/25/2025 $50,001 - $100,000 Filing Status: New Subholding Of: CRT - Standard Unit Trust Description: Portfolio Rebalance",,,False,100,CG,accepted,house_ptr_structure+v8_1,False,False,False,04/07/2025,False
20030231,Hon. Jefferson Shreve,Member,IN06,20030231.pdf,2025,123,,The Carlyle Group Inc. - Common Stock,The Carlyle Group Inc. - Common Stock,CG,CG,ST,S (partial),2025-04-17,2025-04-25,15001.0,50000.0,,"$15,001 - $50,000",valid_range,New,CRT - Standard Unit Trust,,Portfolio Rebalance,,17,17,table,False,False,,False,0,False,False,100,True,30,False,https://disclosures-clerk.house.gov/public_disc/ptr-pdfs/2025/20030231.pdf,,,,The Carlyle Group Inc. - Common Stock (CG) [ST] Filing Status: New Subholding Of: CRT - Standard Unit Tru Description: Portfolio Rebalance,The Carlyle Group Inc. - Common Stock (CG) [ST],S (partial) ust,04/17/2025,04/25/2025,"$15,001 - $50,000",,"The Carlyle Group Inc. - Common Stock (CG) [ST] S (partial) 04/17/2025 04/25/2025 $15,001 - $50,000 Filing Status: New Subholding Of: CRT - Standard Unit Trust Description: Portfolio Rebalance",,,False,100,CG,accepted,house_ptr_structure+v8_1,False,False,False,04/17/2025,False
20030231,Hon. Jefferson Shreve,Member,IN06,20030231.pdf,2025,124,,"The Trade Desk, Inc. - Class A Common Stock","The Trade Desk, Inc. - Class A Common Stock",TTD,TTD,ST,S,2025-04-07,2025-04-25,15001.0,50000.0,,"$15,001 - $50,000",valid_range,New,CRT - Standard Unit Trust,,Portfolio Rebalance,,17,17,table,False,False,,False,0,False,True,100,True,30,False,https://disclosures-clerk.house.gov/public_disc/ptr-pdfs/2025/20030231.pdf,,,,"The Trade Desk, Inc. - Class A Common Stock (TTD) [ST]","The Trade Desk, Inc. - Class A Common Stock (TTD) [ST]",S,04/07/2025,04/25/2025,"$15,001 - $50,000",Filing Status: New Subholding Of: CRT - Standard Unit Trust Description: Portfolio Rebalance,"The Trade Desk, Inc. - Class A Common Stock (TTD) [ST] S 04/07/2025 04/25/2025 $15,001 - $50,000 Filing Status: New Subholding Of: CRT - Standard Unit Trust Description: Portfolio Rebalance",,,False,100,TTD,accepted,house_ptr_structure+v8_1,False,False,False,04/07/2025,False
20030231,Hon. Jefferson Shreve,Member,IN06,20030231.pdf,2025,125,,Thermo Fisher Scientific Inc Common Stock,Thermo Fisher Scientific Inc Common Stock,TMO,TMO,ST,S,2025-04-07,2025-04-25,15001.0,50000.0,,"$15,001 - $50,000",valid_range,New,CRT - Standard Unit Trust,,Portfolio Rebalance,,17,17,table,False,False,,False,0,False,False,100,True,30,False,https://disclosures-clerk.house.gov/public_disc/ptr-pdfs/2025/20030231.pdf,,,,Thermo Fisher Scientific Inc Common Stock (TMO) [ST] Filing Status: New Subholding Of: CRT - Standard Unit Tru Description: Portfolio Rebalance,Thermo Fisher Scientific Inc Common Stock (TMO) [ST],S ust,04/07/2025,04/25/2025,"$15,001 - $50,000",,"Thermo Fisher Scientific Inc Common Stock (TMO) [ST] S 04/07/2025 04/25/2025 $15,001 - $50,000 Filing Status: New Subholding Of: CRT - Standard Unit Trust Description: Portfolio Rebalance",,,False,100,TMO,accepted,house_ptr_structure+v8_1,False,False,False,04/07/2025,False
20030231,Hon. Jefferson Shreve,Member,IN06,20030231.pdf,2025,126,,"TJX Companies, Inc.","TJX Companies, Inc.",TJX,TJX,ST,P,2025-04-07,2025-04-25,15001.0,50000.0,,"$15,001 - $50,000",valid_range,New,CRT - Standard Unit Trust,,Portfolio Rebalance,,18,18,table,False,False,,False,0,False,True,100,True,30,False,https://disclosures-clerk.house.gov/public_disc/ptr-pdfs/2025/20030231.pdf,,,,"TJX Companies, Inc. (TJX) [ST]","TJX Companies, Inc. (TJX) [ST]",P,04/07/2025,04/25/2025,"$15,001 - $50,000",Filing Status: New Subholding Of: CRT - Standard Unit Trust Description: Portfolio Rebalance,"TJX Companies, Inc. (TJX) [ST] P 04/07/2025 04/25/2025 $15,001 - $50,000 Filing Status: New Subholding Of: CRT - Standard Unit Trust Description: Portfolio Rebalance",,,False,100,TJX,accepted,house_ptr_structure+v8_1,False,False,False,04/07/2025,False
20030231,Hon. Jefferson Shreve,Member,IN06,20030231.pdf,2025,127,,Trane Technologies plc,Trane Technologies plc,TT,TT,ST,P,2025-04-07,2025-04-25,50001.0,100000.0,,"$50,001 - $100,000",valid_range,New,CRT - Standard Unit Trust,,Portfolio Rebalance,,18,18,table,False,False,,False,0,False,False,100,True,30,False,https://disclosures-clerk.house.gov/public_disc/ptr-pdfs/2025/20030231.pdf,,,,Trane Technologies plc (TT) [ST] Filing Status: New Subholding Of: CRT - Standard Unit Tru Description: Portfolio Rebalance,Trane Technologies plc (TT) [ST],P ust,04/07/2025,04/25/2025,"$50,001 - $100,000",,"Trane Technologies plc (TT) [ST] P 04/07/2025 04/25/2025 $50,001 - $100,000 Filing Status: New Subholding Of: CRT - Standard Unit Trust Description: Portfolio Rebalance",,,False,100,TT,accepted,house_ptr_structure+v8_1,False,False,False,04/07/2025,False
20030231,Hon. Jefferson Shreve,Member,IN06,20030231.pdf,2025,128,,Transdigm Group Incorporated Common Stock,Transdigm Group Incorporated Common Stock,TDG,TDG,ST,P,2025-04-07,2025-04-25,15001.0,50000.0,,"$15,001 - $50,000",valid_range,New,CRT - Standard Unit Trust,,Portfolio Rebalance,,18,18,table,False,False,,False,0,False,True,100,True,30,False,https://disclosures-clerk.house.gov/public_disc/ptr-pdfs/2025/20030231.pdf,,,,Transdigm Group Incorporated Common Stock (TDG) [ST],Transdigm Group Incorporated Common Stock (TDG) [ST],P,04/07/2025,04/25/2025,"$15,001 - $50,000",Filing Status: New Subholding Of: CRT - Standard Unit Trust Description: Portfolio Rebalance,"Transdigm Group Incorporated Common Stock (TDG) [ST] P 04/07/2025 04/25/2025 $15,001 - $50,000 Filing Status: New Subholding Of: CRT - Standard Unit Trust Description: Portfolio Rebalance",,,False,100,TDG,accepted,house_ptr_structure+v8_1,False,False,False,04/07/2025,False
20030231,Hon. Jefferson Shreve,Member,IN06,20030231.pdf,2025,129,,"Uber Technologies, Inc. Common Stock","Uber Technologies, Inc. Common Stock",UBER,UBER,ST,P,2025-04-07,2025-04-25,15001.0,50000.0,,"$15,001 - $50,000",valid_range,New,CRT - Standard Unit Trust,,Portfolio Rebalance,,18,18,table,False,False,,False,0,False,False,100,True,30,False,https://disclosures-clerk.house.gov/public_disc/ptr-pdfs/2025/20030231.pdf,,,,"Uber Technologies, Inc. Common Stock (UBER) [ST] Filing Status: New Subholding Of: CRT - Standard Unit Tru Description: Portfolio Rebalance","Uber Technologies, Inc. Common Stock (UBER) [ST]",P ust,04/07/2025,04/25/2025,"$15,001 - $50,000",,"Uber Technologies, Inc. Common Stock (UBER) [ST] P 04/07/2025 04/25/2025 $15,001 - $50,000 Filing Status: New Subholding Of: CRT - Standard Unit Trust Description: Portfolio Rebalance",,,False,100,UBER,accepted,house_ptr_structure+v8_1,False,False,False,04/07/2025,False
20030231,Hon. Jefferson Shreve,Member,IN06,20030231.pdf,2025,130,,"United Parcel Service, Inc. Common Stock","United Parcel Service, Inc. Common Stock",UPS,UPS,ST,P,2025-04-07,2025-04-25,50001.0,100000.0,,"$50,001 - $100,000",valid_range,New,CRT - Standard Unit Trust,,Portfolio Rebalance,,18,18,table,False,False,,False,0,False,True,100,True,30,False,https://disclosures-clerk.house.gov/public_disc/ptr-pdfs/2025/20030231.pdf,,,,"United Parcel Service, Inc. Common Stock (UPS) [ST]","United Parcel Service, Inc. Common Stock (UPS) [ST]",P,04/07/2025,04/25/2025,"$50,001 - $100,000",Filing Status: New Subholding Of: CRT - Standard Unit Trust Description: Portfolio Rebalance,"United Parcel Service, Inc. Common Stock (UPS) [ST] P 04/07/2025 04/25/2025 $50,001 - $100,000 Filing Status: New Subholding Of: CRT - Standard Unit Trust Description: Portfolio Rebalance",,,False,100,UPS,accepted,house_ptr_structure+v8_1,False,False,False,04/07/2025,False
20030231,Hon. Jefferson Shreve,Member,IN06,20030231.pdf,2025,131,,"United Parcel Service, Inc. Common Stock","United Parcel Service, Inc. Common Stock",UPS,UPS,ST,S (partial),2025-04-17,2025-04-25,15001.0,50000.0,,"$15,001 - $50,000",valid_range,New,CRT - Standard Unit Trust,,Portfolio Rebalance,,18,18,table,False,False,,False,0,False,False,100,True,30,False,https://disclosures-clerk.house.gov/public_disc/ptr-pdfs/2025/20030231.pdf,,,,"United Parcel Service, Inc. Common Stock (UPS) [ST] Filing Status: New Subholding Of: CRT - Standard Unit Tru Description: Portfolio Rebalance","United Parcel Service, Inc. Common Stock (UPS) [ST]",S (partial) ust,04/17/2025,04/25/2025,"$15,001 - $50,000",,"United Parcel Service, Inc. Common Stock (UPS) [ST] S (partial) 04/17/2025 04/25/2025 $15,001 - $50,000 Filing Status: New Subholding Of: CRT - Standard Unit Trust Description: Portfolio Rebalance",,,False,100,UPS,accepted,house_ptr_structure+v8_1,False,False,False,04/17/2025,False
20030231,Hon. Jefferson Shreve,Member,IN06,20030231.pdf,2025,132,,UnitedHealth Group Incorporated Common Stock,UnitedHealth Group Incorporated Common Stock,UNH,UNH,ST,P,2025-04-07,2025-04-25,15001.0,50000.0,,"$15,001 - $50,000",valid_range,New,CRT - Standard Unit Trust,,Portfolio Rebalance,,18,18,table,False,False,,False,0,False,True,100,True,30,False,https://disclosures-clerk.house.gov/public_disc/ptr-pdfs/2025/20030231.pdf,,,,UnitedHealth Group Incorporated Common Stock (UNH) [ST],UnitedHealth Group Incorporated Common Stock (UNH) [ST],P,04/07/2025,04/25/2025,"$15,001 - $50,000",Filing Status: New Subholding Of: CRT - Standard Unit Trust Description: Portfolio Rebalance,"UnitedHealth Group Incorporated Common Stock (UNH) [ST] P 04/07/2025 04/25/2025 $15,001 - $50,000 Filing Status: New Subholding Of: CRT - Standard Unit Trust Description: Portfolio Rebalance",,,False,100,UNH,accepted,house_ptr_structure+v8_1,False,False,False,04/07/2025,False
20030231,Hon. Jefferson Shreve,Member,IN06,20030231.pdf,2025,133,,Valero Energy Corporation Common Stock,Valero Energy Corporation Common Stock,VLO,VLO,ST,S,2025-04-07,2025-04-25,15001.0,50000.0,,"$15,001 - $50,000",valid_range,New,CRT - Standard Unit Trust,,Portfolio Rebalance,,18,19,table,False,False,,True,0,False,False,98,True,30,False,https://disclosures-clerk.house.gov/public_disc/ptr-pdfs/2025/20030231.pdf,,,,Valero Energy Corporation Common Stock (VLO) [ST] Filing Status: New,Valero Energy Corporation Common Stock (VLO) [ST] Subholding Of: CRT - Standard Unit Trust Description: Portfolio Rebalance,S,04/07/2025,04/25/2025,"$15,001 - $50,000",Subholding Of: CRT - Standard Unit Trust Description: Portfolio Rebalance,"Valero Energy Corporation Common Stock (VLO) [ST] S 04/07/2025 04/25/2025 $15,001 - $50,000 Filing Status: New Subholding Of: CRT - Standard Unit Trust Description: Portfolio Rebalance",,,False,98,VLO,accepted,house_ptr_structure+v8_1,False,False,False,04/07/2025,False
20030231,Hon. Jefferson Shreve,Member,IN06,20030231.pdf,2025,134,,Visa Inc.,Visa Inc.,V,V,ST,S (partial),2025-04-07,2025-04-25,15001.0,50000.0,,"$15,001 - $50,000",valid_range,New,CRT - Standard Unit Trust,,Portfolio Rebalance,,19,19,table,False,False,,False,0,False,True,100,True,30,False,https://disclosures-clerk.house.gov/public_disc/ptr-pdfs/2025/20030231.pdf,,,,Visa Inc. (V) [ST],Visa Inc. (V) [ST],S (partial),04/07/2025,04/25/2025,"$15,001 - $50,000",Filing Status: New Subholding Of: CRT - Standard Unit Trust Description: Portfolio Rebalance,"Visa Inc. (V) [ST] S (partial) 04/07/2025 04/25/2025 $15,001 - $50,000 Filing Status: New Subholding Of: CRT - Standard Unit Trust Description: Portfolio Rebalance",,,False,100,V,accepted,house_ptr_structure+v8_1,False,False,False,04/07/2025,False
20030231,Hon. Jefferson Shreve,Member,IN06,20030231.pdf,2025,135,,Vistra Corp. Common Stock,Vistra Corp. Common Stock,VST,VST,ST,S,2025-04-07,2025-04-25,15001.0,50000.0,,"$15,001 - $50,000",valid_range,New,CRT - Standard Unit Trust,,Portfolio Rebalance,,19,19,table,False,False,,False,0,False,False,100,True,30,False,https://disclosures-clerk.house.gov/public_disc/ptr-pdfs/2025/20030231.pdf,,,,Vistra Corp. Common Stock (VST) [ST] Filing Status: New Subholding Of: CRT - Standard Unit Tru Description: Portfolio Rebalance,Vistra Corp. Common Stock (VST) [ST],S ust,04/07/2025,04/25/2025,"$15,001 - $50,000",,"Vistra Corp. Common Stock (VST) [ST] S 04/07/2025 04/25/2025 $15,001 - $50,000 Filing Status: New Subholding Of: CRT - Standard Unit Trust Description: Portfolio Rebalance",,,False,100,VST,accepted,house_ptr_structure+v8_1,False,False,False,04/07/2025,False
20030231,Hon. Jefferson Shreve,Member,IN06,20030231.pdf,2025,136,,Walmart Inc. Common Stock,Walmart Inc. Common Stock,WMT,WMT,ST,P,2025-04-11,2025-04-25,15001.0,50000.0,,"$15,001 - $50,000",valid_range,New,CRT - Standard Unit Trust,,Portfolio Rebalance,,19,19,table,False,False,,False,0,False,True,100,True,30,False,https://disclosures-clerk.house.gov/public_disc/ptr-pdfs/2025/20030231.pdf,,,,Walmart Inc. Common Stock (WMT) [ST],Walmart Inc. Common Stock (WMT) [ST],P,04/11/2025,04/25/2025,"$15,001 - $50,000",Filing Status: New Subholding Of: CRT - Standard Unit Trust Description: Portfolio Rebalance,"Walmart Inc. Common Stock (WMT) [ST] P 04/11/2025 04/25/2025 $15,001 - $50,000 Filing Status: New Subholding Of: CRT - Standard Unit Trust Description: Portfolio Rebalance",,,False,100,WMT,accepted,house_ptr_structure+v8_1,False,False,False,04/11/2025,False
20030231,Hon. Jefferson Shreve,Member,IN06,20030231.pdf,2025,137,,Walt Disney Company,Walt Disney Company,DIS,DIS,ST,S (partial),2025-04-07,2025-04-25,15001.0,50000.0,,"$15,001 - $50,000",valid_range,New,CRT - Standard Unit Trust,,Portfolio Rebalance,,19,19,table,False,False,,False,0,False,False,100,True,30,False,https://disclosures-clerk.house.gov/public_disc/ptr-pdfs/2025/20030231.pdf,,,,Walt Disney Company (DIS) [ST] Filing Status: New Subholding Of: CRT - Standard Unit Tru Description: Portfolio Rebalance,Walt Disney Company (DIS) [ST],S (partial) ust,04/07/2025,04/25/2025,"$15,001 - $50,000",,"Walt Disney Company (DIS) [ST] S (partial) 04/07/2025 04/25/2025 $15,001 - $50,000 Filing Status: New Subholding Of: CRT - Standard Unit Trust Description: Portfolio Rebalance",,,False,100,DIS,accepted,house_ptr_structure+v8_1,False,False,False,04/07/2025,False
20030231,Hon. Jefferson Shreve,Member,IN06,20030231.pdf,2025,138,,Western Digital Corporation - Common Stock,Western Digital Corporation - Common Stock,WDC,WDC,ST,P,2025-04-17,2025-04-25,15001.0,50000.0,,"$15,001 - $50,000",valid_range,New,CRT - Standard Unit Trust,,Portfolio Rebalance,,19,19,table,False,False,,False,0,False,True,100,True,30,False,https://disclosures-clerk.house.gov/public_disc/ptr-pdfs/2025/20030231.pdf,,,,Western Digital Corporation - Common Stock (WDC) [ST],Western Digital Corporation - Common Stock (WDC) [ST],P,04/17/2025,04/25/2025,"$15,001 - $50,000",Filing Status: New Subholding Of: CRT - Standard Unit Trust Description: Portfolio Rebalance,"Western Digital Corporation - Common Stock (WDC) [ST] P 04/17/2025 04/25/2025 $15,001 - $50,000 Filing Status: New Subholding Of: CRT - Standard Unit Trust Description: Portfolio Rebalance",,,False,100,WDC,accepted,house_ptr_structure+v8_1,False,False,False,04/17/2025,False
20030231,Hon. Jefferson Shreve,Member,IN06,20030231.pdf,2025,139,,Weyerhaeuser Company Common Stock,Weyerhaeuser Company Common Stock,WY,WY,ST,S,2025-04-11,2025-04-25,15001.0,50000.0,,"$15,001 - $50,000",valid_range,New,CRT - Standard Unit Trust,,Portfolio Rebalance,,19,19,table,False,False,,False,0,False,False,100,True,30,False,https://disclosures-clerk.house.gov/public_disc/ptr-pdfs/2025/20030231.pdf,,,,Weyerhaeuser Company Common Stock (WY) [ST] Filing Status: New Subholding Of: CRT - Standard Unit Tru Description: Portfolio Rebalance,Weyerhaeuser Company Common Stock (WY) [ST],S ust,04/11/2025,04/25/2025,"$15,001 - $50,000",,"Weyerhaeuser Company Common Stock (WY) [ST] S 04/11/2025 04/25/2025 $15,001 - $50,000 Filing Status: New Subholding Of: CRT - Standard Unit Trust Description: Portfolio Rebalance",,,False,100,WY,accepted,house_ptr_structure+v8_1,False,False,False,04/11/2025,False
20030231,Hon. Jefferson Shreve,Member,IN06,20030231.pdf,2025,140,,"Workday, Inc. - Class A Common Stock","Workday, Inc. - Class A Common Stock",WDAY,WDAY,ST,P,2025-04-07,2025-04-25,15001.0,50000.0,,"$15,001 - $50,000",valid_range,New,CRT - Standard Unit Trust,,Portfolio Rebalance,,19,19,table,False,False,,False,0,False,True,100,True,30,False,https://disclosures-clerk.house.gov/public_disc/ptr-pdfs/2025/20030231.pdf,,,,"Workday, Inc. - Class A Common Stock (WDAY) [ST]","Workday, Inc. - Class A Common Stock (WDAY) [ST]",P,04/07/2025,04/25/2025,"$15,001 - $50,000",Filing Status: New Subholding Of: CRT - Standard Unit Trust Description: Portfolio Rebalance,"Workday, Inc. - Class A Common Stock (WDAY) [ST] P 04/07/2025 04/25/2025 $15,001 - $50,000 Filing Status: New Subholding Of: CRT - Standard Unit Trust Description: Portfolio Rebalance",,,False,100,WDAY,accepted,house_ptr_structure+v8_1,False,False,False,04/07/2025,False
20030231,Hon. Jefferson Shreve,Member,IN06,20030231.pdf,2025,141,,Zoetis Inc. Class A Common Stock,Zoetis Inc. Class A Common Stock,ZTS,ZTS,ST,P,2025-04-07,2025-04-25,15001.0,50000.0,,"$15,001 - $50,000",valid_range,New,CRT - Standard Unit Trust,,Portfolio Rebalance,,20,20,table,False,False,,False,0,False,False,100,True,30,False,https://disclosures-clerk.house.gov/public_disc/ptr-pdfs/2025/20030231.pdf,,,,Zoetis Inc. Class A Common Stock (ZTS) [ST] Filing Status: New Subholding Of: CRT - Standard Unit Tru Description: Portfolio Rebalance,Zoetis Inc. Class A Common Stock (ZTS) [ST],P ust,04/07/2025,04/25/2025,"$15,001 - $50,000",,"Zoetis Inc. Class A Common Stock (ZTS) [ST] P 04/07/2025 04/25/2025 $15,001 - $50,000 Filing Status: New Subholding Of: CRT - Standard Unit Trust Description: Portfolio Rebalance",,,False,100,ZTS,accepted,house_ptr_structure+v8_1,False,False,False,04/07/2025,False
20030231,Hon. Jefferson Shreve,Member,IN06,20030231.pdf,2025,142,,Zoetis Inc. Class A Common Stock,Zoetis Inc. Class A Common Stock,ZTS,ZTS,ST,S (partial),2025-04-17,2025-04-25,15001.0,50000.0,,"$15,001 - $50,000",valid_range,New,CRT - Standard Unit Trust,,Portfolio Rebalance,,20,20,table,False,False,,False,0,False,True,100,True,30,False,https://disclosures-clerk.house.gov/public_disc/ptr-pdfs/2025/20030231.pdf,,,,Zoetis Inc. Class A Common Stock (ZTS) [ST],Zoetis Inc. Class A Common Stock (ZTS) [ST],S (partial),04/17/2025,04/25/2025,"$15,001 - $50,000",Filing Status: New Subholding Of: CRT - Standard Unit Trust Description: Portfolio Rebalance,"Zoetis Inc. Class A Common Stock (ZTS) [ST] S (partial) 04/17/2025 04/25/2025 $15,001 - $50,000 Filing Status: New Subholding Of: CRT - Standard Unit Trust Description: Portfolio Rebalance",,,False,100,ZTS,accepted,house_ptr_structure+v8_1,False,False,False,04/17/2025,False
