filing_id,politician,member_status,state_district,source_pdf,source_year,transaction_number_in_filing,owner,asset_v8_2_cleaned,asset_v8_1,ticker_v8_2_cleaned,ticker_v8_1,asset_type,transaction_type,transaction_date,notification_date,amount_min,amount_max,amount_exact,amount_category,amount_status,filing_status,subholding,location,description,comments,page,last_page,page_parse_method,page_recovery_used,filing_page_completeness_issue,suspected_missed_pages,page_continuation_used,duplicate_geometry_rows_merged,possible_adjacent_same_signature,row_shaded,geometry_quality_score,unicode_repair_applied,unicode_repair_count,needs_review,original_pdf_url,review_level,review_reason,owner_raw,asset_raw,asset_lookup_context,transaction_type_raw,transaction_date_raw,notification_date_raw,amount_raw,continuation_raw,detail_raw,review_reason_v8_1,review_level_v8_1,needs_review_v8_1,geometry_quality_score_v8_1,ticker_candidate_raw,ticker_parse_status,ticker_validation_source,ticker_changed,asset_changed_by_ticker_resolver,raw_date_has_extra_text,raw_date_prefix,date_prefix_disagrees,amount_exact_before_p2,amount_status_before_p2
20033455,Hon. Gilbert Cisneros,Member,CA31,20033455.pdf,2025,1,,"AeroVironment, Inc. - Common Stock","AeroVironment, Inc. - Common Stock",AVAV,AVAV,ST,P,2025-10-03,2025-11-12,1001.0,15000.0,,"$1,001 - $15,000",valid_range,New,150 Main Street Trust > Bank of America,,,,1,1,table,False,False,,False,0,False,False,100,True,20,False,https://disclosures-clerk.house.gov/public_disc/ptr-pdfs/2025/20033455.pdf,,,,"AeroVironment, Inc. - Common Stock (AVAV) [ST] Filing Status: New Subholding Of: 150 Main Street Trust >","AeroVironment, Inc. - Common Stock (AVAV) [ST]",P Bank of America,10/03/2025,11/12/2025,"$1,001 - $15,000",,"AeroVironment, Inc. - Common Stock (AVAV) [ST] P 10/03/2025 11/12/2025 $1,001 - $15,000 Filing Status: New Subholding Of: 150 Main Street Trust > Bank of America",,,False,100,AVAV,accepted,house_ptr_structure+v8_1,False,False,False,10/03/2025,False,,valid_range
20033455,Hon. Gilbert Cisneros,Member,CA31,20033455.pdf,2025,2,,AJINOMOTO CO INC,AJINOMOTO CO INC,AJINF,AJINF,ST,P,2025-10-21,2025-11-12,1001.0,15000.0,,"$1,001 - $15,000",valid_range,New,150 Main Street Trust > Bank of America,,Ticker 2802 JP,,1,1,table,False,False,,False,0,False,True,100,True,30,False,https://disclosures-clerk.house.gov/public_disc/ptr-pdfs/2025/20033455.pdf,,,,AJINOMOTO CO INC (AJINF) [ST],AJINOMOTO CO INC (AJINF) [ST],P,10/21/2025,11/12/2025,"$1,001 - $15,000",Filing Status: New Subholding Of: 150 Main Street Trust > Bank of America Description: Ticker 2802 JP,"AJINOMOTO CO INC (AJINF) [ST] P 10/21/2025 11/12/2025 $1,001 - $15,000 Filing Status: New Subholding Of: 150 Main Street Trust > Bank of America Description: Ticker 2802 JP",,,False,100,AJINF,accepted,house_ptr_structure+v8_1,False,False,False,10/21/2025,False,,valid_range
20033455,Hon. Gilbert Cisneros,Member,CA31,20033455.pdf,2025,3,,Alibaba Group Holding Limited American Depositary Shares each representing eight Ordinary share,Alibaba Group Holding Limited American Depositary Shares each representing eight Ordinary share,BABA,BABA,ST,P,2025-10-14,2025-11-12,15001.0,50000.0,,"$15,001 - $50,000",valid_range,New,150 Main Street Trust > Bank of America,,,,1,1,table,False,False,,False,0,False,False,100,True,20,False,https://disclosures-clerk.house.gov/public_disc/ptr-pdfs/2025/20033455.pdf,,,,Alibaba Group Holding Limited American Depositary Shares each representing eight Ordinary share (BABA) [ST] Filing Status: New Subholding Of: 150 Main Street Trust >,Alibaba Group Holding Limited American Depositary Shares each representing eight Ordinary share (BABA) [ST],P Bank of America,10/14/2025,11/12/2025,"$15,001 - $50,000",,"Alibaba Group Holding Limited American Depositary Shares each representing eight Ordinary share (BABA) [ST] P 10/14/2025 11/12/2025 $15,001 - $50,000 Filing Status: New Subholding Of: 150 Main Street Trust > Bank of America",,,False,100,BABA,accepted,house_ptr_structure+v8_1,False,False,False,10/14/2025,False,,valid_range
20033455,Hon. Gilbert Cisneros,Member,CA31,20033455.pdf,2025,4,,Alibaba Group Holding Limited American Depositary Shares each representing eight Ordinary share,Alibaba Group Holding Limited American Depositary Shares each representing eight Ordinary share,BABA,BABA,ST,P,2025-10-17,2025-11-12,15001.0,50000.0,,"$15,001 - $50,000",valid_range,New,150 Main Street Trust > Bank of America,,,,1,1,table,False,False,,False,0,False,True,100,True,20,False,https://disclosures-clerk.house.gov/public_disc/ptr-pdfs/2025/20033455.pdf,,,,Alibaba Group Holding Limited American Depositary Shares each representing eight Ordinary share (BABA) [ST],Alibaba Group Holding Limited American Depositary Shares each representing eight Ordinary share (BABA) [ST],P,10/17/2025,11/12/2025,"$15,001 - $50,000",Filing Status: New Subholding Of: 150 Main Street Trust > Bank of America,"Alibaba Group Holding Limited American Depositary Shares each representing eight Ordinary share (BABA) [ST] P 10/17/2025 11/12/2025 $15,001 - $50,000 Filing Status: New Subholding Of: 150 Main Street Trust > Bank of America",,,False,100,BABA,accepted,house_ptr_structure+v8_1,False,False,False,10/17/2025,False,,valid_range
20033455,Hon. Gilbert Cisneros,Member,CA31,20033455.pdf,2025,5,,ALIBABA GROUP HOLDING LTD,ALIBABA GROUP HOLDING LTD,BABAF,BABAF,ST,P,2025-10-21,2025-11-12,1001.0,15000.0,,"$1,001 - $15,000",valid_range,New,150 Main Street Trust > Bank of America,,Ticker 9988 HK,,1,1,table,False,False,,False,0,False,False,100,True,30,False,https://disclosures-clerk.house.gov/public_disc/ptr-pdfs/2025/20033455.pdf,,,,ALIBABA GROUP HOLDING LTD (BABAF) [ST] Filing Status: New Subholding Of: 150 Main Street Trust > Description: Ticker 9988 HK,ALIBABA GROUP HOLDING LTD (BABAF) [ST],P Bank of America,10/21/2025,11/12/2025,"$1,001 - $15,000",,"ALIBABA GROUP HOLDING LTD (BABAF) [ST] P 10/21/2025 11/12/2025 $1,001 - $15,000 Filing Status: New Subholding Of: 150 Main Street Trust > Bank of America Description: Ticker 9988 HK",,,False,100,BABAF,accepted,house_ptr_structure+v8_1,False,False,False,10/21/2025,False,,valid_range
20033455,Hon. Gilbert Cisneros,Member,CA31,20033455.pdf,2025,6,,Allianz SE ADS,Allianz SE ADS,AZSEY,AZSEY,ST,P,2025-10-21,2025-11-12,1001.0,15000.0,,"$1,001 - $15,000",valid_range,New,150 Main Street Trust > Bank of America,,Ticker ALV GR,,2,2,table,False,False,,False,0,False,True,100,True,30,False,https://disclosures-clerk.house.gov/public_disc/ptr-pdfs/2025/20033455.pdf,,,,Allianz SE ADS (AZSEY) [ST],Allianz SE ADS (AZSEY) [ST],P,10/21/2025,11/12/2025,"$1,001 - $15,000",Filing Status: New Subholding Of: 150 Main Street Trust > Bank of America Description: Ticker ALV GR,"Allianz SE ADS (AZSEY) [ST] P 10/21/2025 11/12/2025 $1,001 - $15,000 Filing Status: New Subholding Of: 150 Main Street Trust > Bank of America Description: Ticker ALV GR",,,False,100,AZSEY,accepted,house_ptr_structure+v8_1,False,False,False,10/21/2025,False,,valid_range
20033455,Hon. Gilbert Cisneros,Member,CA31,20033455.pdf,2025,7,,Alphabet Inc. - Class A Common Stock,Alphabet Inc. - Class A Common Stock,GOOGL,GOOGL,ST,P,2025-10-17,2025-11-12,1001.0,15000.0,,"$1,001 - $15,000",valid_range,New,150 Main Street Trust > Bank of America,,,,2,2,table,False,False,,False,0,False,False,100,True,20,False,https://disclosures-clerk.house.gov/public_disc/ptr-pdfs/2025/20033455.pdf,,,,Alphabet Inc. - Class A Common Stock (GOOGL) [ST] Filing Status: New Subholding Of: 150 Main Street Trust >,Alphabet Inc. - Class A Common Stock (GOOGL) [ST],P Bank of America,10/17/2025,11/12/2025,"$1,001 - $15,000",,"Alphabet Inc. - Class A Common Stock (GOOGL) [ST] P 10/17/2025 11/12/2025 $1,001 - $15,000 Filing Status: New Subholding Of: 150 Main Street Trust > Bank of America",,,False,100,GOOGL,accepted,house_ptr_structure+v8_1,False,False,False,10/17/2025,False,,valid_range
20033455,Hon. Gilbert Cisneros,Member,CA31,20033455.pdf,2025,8,,"Amazon.com, Inc. - Common Stock","Amazon.com, Inc. - Common Stock",AMZN,AMZN,ST,P,2025-10-17,2025-11-12,1001.0,15000.0,,"$1,001 - $15,000",valid_range,New,150 Main Street Trust > Bank of America,,,,2,2,table,False,False,,False,0,False,True,100,True,20,False,https://disclosures-clerk.house.gov/public_disc/ptr-pdfs/2025/20033455.pdf,,,,"Amazon.com, Inc. - Common Stock (AMZN) [ST]","Amazon.com, Inc. - Common Stock (AMZN) [ST]",P,10/17/2025,11/12/2025,"$1,001 - $15,000",Filing Status: New Subholding Of: 150 Main Street Trust > Bank of America,"Amazon.com, Inc. - Common Stock (AMZN) [ST] P 10/17/2025 11/12/2025 $1,001 - $15,000 Filing Status: New Subholding Of: 150 Main Street Trust > Bank of America",,,False,100,AMZN,accepted,house_ptr_structure+v8_1,False,False,False,10/17/2025,False,,valid_range
20033455,Hon. Gilbert Cisneros,Member,CA31,20033455.pdf,2025,9,,Amdocs Limited - Ordinary Shares,Amdocs Limited - Ordinary Shares,DOX,DOX,ST,S (partial),2025-10-15,2025-11-12,1001.0,15000.0,,"$1,001 - $15,000",valid_range,New,150 Main Street Trust > Bank of America,,,,2,2,table,False,False,,False,0,False,False,100,True,20,False,https://disclosures-clerk.house.gov/public_disc/ptr-pdfs/2025/20033455.pdf,,,,Amdocs Limited - Ordinary Shares (DOX) [ST] Filing Status: New Subholding Of: 150 Main Street Trust >,Amdocs Limited - Ordinary Shares (DOX) [ST],S (partial) Bank of America,10/15/2025,11/12/2025,"$1,001 - $15,000",,"Amdocs Limited - Ordinary Shares (DOX) [ST] S (partial) 10/15/2025 11/12/2025 $1,001 - $15,000 Filing Status: New Subholding Of: 150 Main Street Trust > Bank of America",,,False,100,DOX,accepted,house_ptr_structure+v8_1,False,False,False,10/15/2025,False,,valid_range
20033455,Hon. Gilbert Cisneros,Member,CA31,20033455.pdf,2025,10,,APi Group Corporation Common Stock,APi Group Corporation Common Stock,APG,APG,ST,P,2025-10-07,2025-11-12,1001.0,15000.0,,"$1,001 - $15,000",valid_range,New,150 Main Street Trust > Bank of America,,,,2,2,table,False,False,,False,0,False,True,100,True,20,False,https://disclosures-clerk.house.gov/public_disc/ptr-pdfs/2025/20033455.pdf,,,,APi Group Corporation Common Stock (APG) [ST],APi Group Corporation Common Stock (APG) [ST],P,10/07/2025,11/12/2025,"$1,001 - $15,000",Filing Status: New Subholding Of: 150 Main Street Trust > Bank of America,"APi Group Corporation Common Stock (APG) [ST] P 10/07/2025 11/12/2025 $1,001 - $15,000 Filing Status: New Subholding Of: 150 Main Street Trust > Bank of America",,,False,100,APG,accepted,house_ptr_structure+v8_1,False,False,False,10/07/2025,False,,valid_range
20033455,Hon. Gilbert Cisneros,Member,CA31,20033455.pdf,2025,11,,APi Group Corporation Common Stock,APi Group Corporation Common Stock,APG,APG,ST,P,2025-10-15,2025-11-12,1001.0,15000.0,,"$1,001 - $15,000",valid_range,New,150 Main Street Trust > Bank of America,,,,2,2,table,False,False,,False,0,False,False,100,True,20,False,https://disclosures-clerk.house.gov/public_disc/ptr-pdfs/2025/20033455.pdf,,,,APi Group Corporation Common Stock (APG) [ST] Filing Status: New Subholding Of: 150 Main Street Trust >,APi Group Corporation Common Stock (APG) [ST],P Bank of America,10/15/2025,11/12/2025,"$1,001 - $15,000",,"APi Group Corporation Common Stock (APG) [ST] P 10/15/2025 11/12/2025 $1,001 - $15,000 Filing Status: New Subholding Of: 150 Main Street Trust > Bank of America",,,False,100,APG,accepted,house_ptr_structure+v8_1,False,False,False,10/15/2025,False,,valid_range
20033455,Hon. Gilbert Cisneros,Member,CA31,20033455.pdf,2025,12,,Apple Inc. - Common Stock,Apple Inc. - Common Stock,AAPL,AAPL,ST,P,2025-10-17,2025-11-12,1001.0,15000.0,,"$1,001 - $15,000",valid_range,New,150 Main Street Trust > Bank of America,,,,2,2,table,False,False,,False,0,False,True,100,True,20,False,https://disclosures-clerk.house.gov/public_disc/ptr-pdfs/2025/20033455.pdf,,,,Apple Inc. - Common Stock (AAPL) [ST],Apple Inc. - Common Stock (AAPL) [ST],P,10/17/2025,11/12/2025,"$1,001 - $15,000",Filing Status: New Subholding Of: 150 Main Street Trust > Bank of America,"Apple Inc. - Common Stock (AAPL) [ST] P 10/17/2025 11/12/2025 $1,001 - $15,000 Filing Status: New Subholding Of: 150 Main Street Trust > Bank of America",,,False,100,AAPL,accepted,house_ptr_structure+v8_1,False,False,False,10/17/2025,False,,valid_range
20033455,Hon. Gilbert Cisneros,Member,CA31,20033455.pdf,2025,13,,Applovin Corporation - Class A Common Stock,Applovin Corporation - Class A Common Stock,APP,APP,ST,P,2025-10-17,2025-11-12,1001.0,15000.0,,"$1,001 - $15,000",valid_range,New,150 Main Street Trust > Bank of America,,,,2,2,table,False,False,,False,0,False,False,100,True,20,False,https://disclosures-clerk.house.gov/public_disc/ptr-pdfs/2025/20033455.pdf,,,,Applovin Corporation - Class A Common Stock (APP) [ST] Filing Status: New Subholding Of: 150 Main Street Trust >,Applovin Corporation - Class A Common Stock (APP) [ST],P Bank of America,10/17/2025,11/12/2025,"$1,001 - $15,000",,"Applovin Corporation - Class A Common Stock (APP) [ST] P 10/17/2025 11/12/2025 $1,001 - $15,000 Filing Status: New Subholding Of: 150 Main Street Trust > Bank of America",,,False,100,APP,accepted,house_ptr_structure+v8_1,False,False,False,10/17/2025,False,,valid_range
20033455,Hon. Gilbert Cisneros,Member,CA31,20033455.pdf,2025,14,,Applovin Corporation - Class A Common Stock,Applovin Corporation - Class A Common Stock,APP,APP,ST,P,2025-10-09,2025-11-12,1001.0,15000.0,,"$1,001 - $15,000",valid_range,New,150 Main Street Trust > Bank of America,,,,2,2,table,False,False,,False,0,False,True,100,True,20,False,https://disclosures-clerk.house.gov/public_disc/ptr-pdfs/2025/20033455.pdf,,,,Applovin Corporation - Class A Common Stock (APP) [ST],Applovin Corporation - Class A Common Stock (APP) [ST],P,10/09/2025,11/12/2025,"$1,001 - $15,000",Filing Status: New Subholding Of: 150 Main Street Trust > Bank of America,"Applovin Corporation - Class A Common Stock (APP) [ST] P 10/09/2025 11/12/2025 $1,001 - $15,000 Filing Status: New Subholding Of: 150 Main Street Trust > Bank of America",,,False,100,APP,accepted,house_ptr_structure+v8_1,False,False,False,10/09/2025,False,,valid_range
20033455,Hon. Gilbert Cisneros,Member,CA31,20033455.pdf,2025,15,,"Arista Networks, Inc. Common Stock","Arista Networks, Inc. Common Stock",ANET,ANET,ST,P,2025-10-17,2025-11-12,1001.0,15000.0,,"$1,001 - $15,000",valid_range,New,150 Main Street Trust > Bank of America,,,,3,3,table,False,False,,False,0,False,False,100,True,20,False,https://disclosures-clerk.house.gov/public_disc/ptr-pdfs/2025/20033455.pdf,,,,"Arista Networks, Inc. Common Stock (ANET) [ST] Filing Status: New Subholding Of: 150 Main Street Trust >","Arista Networks, Inc. Common Stock (ANET) [ST]",P Bank of America,10/17/2025,11/12/2025,"$1,001 - $15,000",,"Arista Networks, Inc. Common Stock (ANET) [ST] P 10/17/2025 11/12/2025 $1,001 - $15,000 Filing Status: New Subholding Of: 150 Main Street Trust > Bank of America",,,False,100,ANET,accepted,house_ptr_structure+v8_1,False,False,False,10/17/2025,False,,valid_range
20033455,Hon. Gilbert Cisneros,Member,CA31,20033455.pdf,2025,16,,"Artivion, Inc. Common Stock","Artivion, Inc. Common Stock",AORT,AORT,ST,S (partial),2025-10-09,2025-11-12,1001.0,15000.0,,"$1,001 - $15,000",valid_range,New,150 Main Street Trust > Bank of America,,,,3,3,table,False,False,,False,0,False,True,100,True,20,False,https://disclosures-clerk.house.gov/public_disc/ptr-pdfs/2025/20033455.pdf,,,,"Artivion, Inc. Common Stock (AORT) [ST]","Artivion, Inc. Common Stock (AORT) [ST]",S (partial),10/09/2025,11/12/2025,"$1,001 - $15,000",Filing Status: New Subholding Of: 150 Main Street Trust > Bank of America,"Artivion, Inc. Common Stock (AORT) [ST] S (partial) 10/09/2025 11/12/2025 $1,001 - $15,000 Filing Status: New Subholding Of: 150 Main Street Trust > Bank of America",,,False,100,AORT,accepted,house_ptr_structure+v8_1,False,False,False,10/09/2025,False,,valid_range
20033455,Hon. Gilbert Cisneros,Member,CA31,20033455.pdf,2025,17,,AstraZeneca PLC - American Depositary Shares,AstraZeneca PLC - American Depositary Shares,AZN,AZN,ST,P,2025-10-21,2025-11-12,1001.0,15000.0,,"$1,001 - $15,000",valid_range,New,150 Main Street Trust > Bank of America,,Ticker AZN LN,,3,3,table,False,False,,False,0,False,False,100,True,30,False,https://disclosures-clerk.house.gov/public_disc/ptr-pdfs/2025/20033455.pdf,,,,AstraZeneca PLC - American Depositary Shares (AZN) [ST] Filing Status: New Subholding Of: 150 Main Street Trust > Description: Ticker AZN LN,AstraZeneca PLC - American Depositary Shares (AZN) [ST],P Bank of America,10/21/2025,11/12/2025,"$1,001 - $15,000",,"AstraZeneca PLC - American Depositary Shares (AZN) [ST] P 10/21/2025 11/12/2025 $1,001 - $15,000 Filing Status: New Subholding Of: 150 Main Street Trust > Bank of America Description: Ticker AZN LN",,,False,100,AZN,accepted,house_ptr_structure+v8_1,False,False,False,10/21/2025,False,,valid_range
20033455,Hon. Gilbert Cisneros,Member,CA31,20033455.pdf,2025,18,,"Azenta, Inc. - Common Stock","Azenta, Inc. - Common Stock",AZTA,AZTA,ST,P,2025-10-09,2025-11-12,1001.0,15000.0,,"$1,001 - $15,000",valid_range,New,150 Main Street Trust > Bank of America,,,,3,3,table,False,False,,False,0,False,True,100,True,20,False,https://disclosures-clerk.house.gov/public_disc/ptr-pdfs/2025/20033455.pdf,,,,"Azenta, Inc. - Common Stock (AZTA) [ST]","Azenta, Inc. - Common Stock (AZTA) [ST]",P,10/09/2025,11/12/2025,"$1,001 - $15,000",Filing Status: New Subholding Of: 150 Main Street Trust > Bank of America,"Azenta, Inc. - Common Stock (AZTA) [ST] P 10/09/2025 11/12/2025 $1,001 - $15,000 Filing Status: New Subholding Of: 150 Main Street Trust > Bank of America",,,False,100,AZTA,accepted,house_ptr_structure+v8_1,False,False,False,10/09/2025,False,,valid_range
20033455,Hon. Gilbert Cisneros,Member,CA31,20033455.pdf,2025,19,,Barclays Plc Ord Ordinary Shares,Barclays Plc Ord Ordinary Shares,BCLYF,BCLYF,ST,P,2025-10-21,2025-11-12,1001.0,15000.0,,"$1,001 - $15,000",valid_range,New,150 Main Street Trust > Bank of America,,Ticker BARC LN,,3,3,table,False,False,,False,0,False,False,100,True,30,False,https://disclosures-clerk.house.gov/public_disc/ptr-pdfs/2025/20033455.pdf,,,,Barclays Plc Ord Ordinary Shares (BCLYF) [ST] Filing Status: New Subholding Of: 150 Main Street Trust > Description: Ticker BARC LN,Barclays Plc Ord Ordinary Shares (BCLYF) [ST],P Bank of America,10/21/2025,11/12/2025,"$1,001 - $15,000",,"Barclays Plc Ord Ordinary Shares (BCLYF) [ST] P 10/21/2025 11/12/2025 $1,001 - $15,000 Filing Status: New Subholding Of: 150 Main Street Trust > Bank of America Description: Ticker BARC LN",,,False,100,BCLYF,accepted,house_ptr_structure+v8_1,False,False,False,10/21/2025,False,,valid_range
20033455,Hon. Gilbert Cisneros,Member,CA31,20033455.pdf,2025,20,,Berkshire Hathaway Inc. New Common Stock,Berkshire Hathaway Inc. New Common Stock,BRK.B,BRK.B,ST,P,2025-10-17,2025-11-12,1001.0,15000.0,,"$1,001 - $15,000",valid_range,New,150 Main Street Trust > Bank of America,,,,3,3,table,False,False,,False,0,False,True,100,True,20,False,https://disclosures-clerk.house.gov/public_disc/ptr-pdfs/2025/20033455.pdf,,,,Berkshire Hathaway Inc. New Common Stock (BRK.B) [ST],Berkshire Hathaway Inc. New Common Stock (BRK.B) [ST],P,10/17/2025,11/12/2025,"$1,001 - $15,000",Filing Status: New Subholding Of: 150 Main Street Trust > Bank of America,"Berkshire Hathaway Inc. New Common Stock (BRK.B) [ST] P 10/17/2025 11/12/2025 $1,001 - $15,000 Filing Status: New Subholding Of: 150 Main Street Trust > Bank of America",,,False,100,BRK.B,accepted,house_ptr_structure+v8_1,False,False,False,10/17/2025,False,,valid_range
20033455,Hon. Gilbert Cisneros,Member,CA31,20033455.pdf,2025,21,,Bloom Energy Corporation Class A Common Stock,Bloom Energy Corporation Class A Common Stock,BE,BE,ST,P,2025-10-17,2025-11-12,1001.0,15000.0,,"$1,001 - $15,000",valid_range,New,150 Main Street Trust > Bank of America,,,,3,3,table,False,False,,False,0,False,False,100,True,20,False,https://disclosures-clerk.house.gov/public_disc/ptr-pdfs/2025/20033455.pdf,,,,Bloom Energy Corporation Class A Common Stock (BE) [ST] Filing Status: New Subholding Of: 150 Main Street Trust >,Bloom Energy Corporation Class A Common Stock (BE) [ST],P Bank of America,10/17/2025,11/12/2025,"$1,001 - $15,000",,"Bloom Energy Corporation Class A Common Stock (BE) [ST] P 10/17/2025 11/12/2025 $1,001 - $15,000 Filing Status: New Subholding Of: 150 Main Street Trust > Bank of America",,,False,100,BE,accepted,house_ptr_structure+v8_1,False,False,False,10/17/2025,False,,valid_range
20033455,Hon. Gilbert Cisneros,Member,CA31,20033455.pdf,2025,22,,Boston Scientific Corporation Common Stock,Boston Scientific Corporation Common Stock,BSX,BSX,ST,P,2025-10-17,2025-11-12,1001.0,15000.0,,"$1,001 - $15,000",valid_range,New,150 Main Street Trust > Bank of America,,,,3,3,table,False,False,,False,0,False,True,100,True,20,False,https://disclosures-clerk.house.gov/public_disc/ptr-pdfs/2025/20033455.pdf,,,,Boston Scientific Corporation Common Stock (BSX) [ST],Boston Scientific Corporation Common Stock (BSX) [ST],P,10/17/2025,11/12/2025,"$1,001 - $15,000",Filing Status: New Subholding Of: 150 Main Street Trust > Bank of America,"Boston Scientific Corporation Common Stock (BSX) [ST] P 10/17/2025 11/12/2025 $1,001 - $15,000 Filing Status: New Subholding Of: 150 Main Street Trust > Bank of America",,,False,100,BSX,accepted,house_ptr_structure+v8_1,False,False,False,10/17/2025,False,,valid_range
20033455,Hon. Gilbert Cisneros,Member,CA31,20033455.pdf,2025,23,,Bristol-Myers Squibb Company Common Stock,Bristol-Myers Squibb Company Common Stock,BMY,BMY,ST,S (partial),2025-10-09,2025-11-12,1001.0,15000.0,,"$1,001 - $15,000",valid_range,New,150 Main Street Trust > Bank of America,,,,3,4,table,False,False,,True,0,False,False,98,True,20,False,https://disclosures-clerk.house.gov/public_disc/ptr-pdfs/2025/20033455.pdf,,,,Bristol-Myers Squibb Company Common Stock (BMY) [ST] Filing Status: New,Bristol-Myers Squibb Company Common Stock (BMY) [ST] Subholding Of: 150 Main Street Trust > Bank of America,S (partial),10/09/2025,11/12/2025,"$1,001 - $15,000",Subholding Of: 150 Main Street Trust > Bank of America,"Bristol-Myers Squibb Company Common Stock (BMY) [ST] S (partial) 10/09/2025 11/12/2025 $1,001 - $15,000 Filing Status: New Subholding Of: 150 Main Street Trust > Bank of America",,,False,98,BMY,accepted,house_ptr_structure+v8_1,False,False,False,10/09/2025,False,,valid_range
20033455,Hon. Gilbert Cisneros,Member,CA31,20033455.pdf,2025,24,,Broadcom Inc. - Common Stock,Broadcom Inc. - Common Stock,AVGO,AVGO,ST,P,2025-10-17,2025-11-12,1001.0,15000.0,,"$1,001 - $15,000",valid_range,New,150 Main Street Trust > Bank of America,,,,4,4,table,False,False,,False,0,False,True,100,True,20,False,https://disclosures-clerk.house.gov/public_disc/ptr-pdfs/2025/20033455.pdf,,,,Broadcom Inc. - Common Stock (AVGO) [ST],Broadcom Inc. - Common Stock (AVGO) [ST],P,10/17/2025,11/12/2025,"$1,001 - $15,000",Filing Status: New Subholding Of: 150 Main Street Trust > Bank of America,"Broadcom Inc. - Common Stock (AVGO) [ST] P 10/17/2025 11/12/2025 $1,001 - $15,000 Filing Status: New Subholding Of: 150 Main Street Trust > Bank of America",,,False,100,AVGO,accepted,house_ptr_structure+v8_1,False,False,False,10/17/2025,False,,valid_range
20033455,Hon. Gilbert Cisneros,Member,CA31,20033455.pdf,2025,25,,California State Public Works Board Lease Rev. Bonds,California State Public Works Board Lease Rev. Bonds,,,GS,S (partial),2025-10-07,2025-11-12,250001.0,500000.0,,"$250,001 - $500,000",valid_range,New,150 Main Street Trust > Bank of America,,,,4,4,table,False,False,,False,0,False,False,100,True,20,False,https://disclosures-clerk.house.gov/public_disc/ptr-pdfs/2025/20033455.pdf,,,,California State Public Works Board Lease Rev. Bonds [GS] Filing Status: New Subholding Of: 150 Main Street Trust >,California State Public Works Board Lease Rev. Bonds [GS],S (partial) Bank of America,10/07/2025,11/12/2025,"$250,001 - $500,000",,"California State Public Works Board Lease Rev. Bonds [GS] S (partial) 10/07/2025 11/12/2025 $250,001 - $500,000 Filing Status: New Subholding Of: 150 Main Street Trust > Bank of America",,,False,100,,not_applicable,,False,False,False,10/07/2025,False,,valid_range
20033455,Hon. Gilbert Cisneros,Member,CA31,20033455.pdf,2025,26,,Cameco Corporation Common Stock,Cameco Corporation Common Stock,CCJ,CCJ,ST,P,2025-10-17,2025-11-12,1001.0,15000.0,,"$1,001 - $15,000",valid_range,New,150 Main Street Trust > Bank of America,,,,4,4,table,False,False,,False,0,False,True,100,True,20,False,https://disclosures-clerk.house.gov/public_disc/ptr-pdfs/2025/20033455.pdf,,,,Cameco Corporation Common Stock (CCJ) [ST],Cameco Corporation Common Stock (CCJ) [ST],P,10/17/2025,11/12/2025,"$1,001 - $15,000",Filing Status: New Subholding Of: 150 Main Street Trust > Bank of America,"Cameco Corporation Common Stock (CCJ) [ST] P 10/17/2025 11/12/2025 $1,001 - $15,000 Filing Status: New Subholding Of: 150 Main Street Trust > Bank of America",,,False,100,CCJ,accepted,house_ptr_structure+v8_1,False,False,False,10/17/2025,False,,valid_range
20033455,Hon. Gilbert Cisneros,Member,CA31,20033455.pdf,2025,27,,"Caterpillar, Inc. Common Stock","Caterpillar, Inc. Common Stock",CAT,CAT,ST,P,2025-10-17,2025-11-12,1001.0,15000.0,,"$1,001 - $15,000",valid_range,New,150 Main Street Trust > Bank of America,,,,4,4,table,False,False,,False,0,False,False,100,True,20,False,https://disclosures-clerk.house.gov/public_disc/ptr-pdfs/2025/20033455.pdf,,,,"Caterpillar, Inc. Common Stock (CAT) [ST] Filing Status: New Subholding Of: 150 Main Street Trust >","Caterpillar, Inc. Common Stock (CAT) [ST]",P Bank of America,10/17/2025,11/12/2025,"$1,001 - $15,000",,"Caterpillar, Inc. Common Stock (CAT) [ST] P 10/17/2025 11/12/2025 $1,001 - $15,000 Filing Status: New Subholding Of: 150 Main Street Trust > Bank of America",,,False,100,CAT,accepted,house_ptr_structure+v8_1,False,False,False,10/17/2025,False,,valid_range
20033455,Hon. Gilbert Cisneros,Member,CA31,20033455.pdf,2025,28,,Chevron Corporation Common Stock,Chevron Corporation Common Stock,CVX,CVX,ST,P,2025-10-17,2025-11-12,1001.0,15000.0,,"$1,001 - $15,000",valid_range,New,150 Main Street Trust > Bank of America,,,,4,4,table,False,False,,False,0,False,True,100,True,20,False,https://disclosures-clerk.house.gov/public_disc/ptr-pdfs/2025/20033455.pdf,,,,Chevron Corporation Common Stock (CVX) [ST],Chevron Corporation Common Stock (CVX) [ST],P,10/17/2025,11/12/2025,"$1,001 - $15,000",Filing Status: New Subholding Of: 150 Main Street Trust > Bank of America,"Chevron Corporation Common Stock (CVX) [ST] P 10/17/2025 11/12/2025 $1,001 - $15,000 Filing Status: New Subholding Of: 150 Main Street Trust > Bank of America",,,False,100,CVX,accepted,house_ptr_structure+v8_1,False,False,False,10/17/2025,False,,valid_range
20033455,Hon. Gilbert Cisneros,Member,CA31,20033455.pdf,2025,29,,"Chula Vista, CA Elementary School Bonds","Chula Vista, CA Elementary School Bonds",,,GS,S,2025-10-03,2025-11-12,250001.0,500000.0,,"$250,001 - $500,000",valid_range,New,150 Main Street Trust > Bank of America,,,,4,4,table,False,False,,False,0,False,False,100,True,20,False,https://disclosures-clerk.house.gov/public_disc/ptr-pdfs/2025/20033455.pdf,,,,"Chula Vista, CA Elementary School Bonds [GS] Filing Status: New Subholding Of: 150 Main Street Trust >","Chula Vista, CA Elementary School Bonds [GS]",S Bank of America,10/03/2025,11/12/2025,"$250,001 - $500,000",,"Chula Vista, CA Elementary School Bonds [GS] S 10/03/2025 11/12/2025 $250,001 - $500,000 Filing Status: New Subholding Of: 150 Main Street Trust > Bank of America",,,False,100,,not_applicable,,False,False,False,10/03/2025,False,,valid_range
20033455,Hon. Gilbert Cisneros,Member,CA31,20033455.pdf,2025,30,,"Cloudflare, Inc. Class A Common Stock","Cloudflare, Inc. Class A Common Stock",NET,NET,ST,P,2025-10-17,2025-11-12,1001.0,15000.0,,"$1,001 - $15,000",valid_range,New,150 Main Street Trust > Bank of America,,,,4,4,table,False,False,,False,0,False,True,100,True,20,False,https://disclosures-clerk.house.gov/public_disc/ptr-pdfs/2025/20033455.pdf,,,,"Cloudflare, Inc. Class A Common Stock (NET) [ST]","Cloudflare, Inc. Class A Common Stock (NET) [ST]",P,10/17/2025,11/12/2025,"$1,001 - $15,000",Filing Status: New Subholding Of: 150 Main Street Trust > Bank of America,"Cloudflare, Inc. Class A Common Stock (NET) [ST] P 10/17/2025 11/12/2025 $1,001 - $15,000 Filing Status: New Subholding Of: 150 Main Street Trust > Bank of America",,,False,100,NET,accepted,house_ptr_structure+v8_1,False,False,False,10/17/2025,False,,valid_range
20033455,Hon. Gilbert Cisneros,Member,CA31,20033455.pdf,2025,31,,Cohen & Steers Inc Common Stock,Cohen & Steers Inc Common Stock,CNS,CNS,ST,P,2025-10-30,2025-11-12,1001.0,15000.0,,"$1,001 - $15,000",valid_range,New,150 Main Street Trust > Bank of America,,,,4,4,table,False,False,,False,0,False,False,100,True,20,False,https://disclosures-clerk.house.gov/public_disc/ptr-pdfs/2025/20033455.pdf,,,,Cohen & Steers Inc Common Stock (CNS) [ST] Filing Status: New Subholding Of: 150 Main Street Trust >,Cohen & Steers Inc Common Stock (CNS) [ST],P Bank of America,10/30/2025,11/12/2025,"$1,001 - $15,000",,"Cohen & Steers Inc Common Stock (CNS) [ST] P 10/30/2025 11/12/2025 $1,001 - $15,000 Filing Status: New Subholding Of: 150 Main Street Trust > Bank of America",,,False,100,CNS,accepted,house_ptr_structure+v8_1,False,False,False,10/30/2025,False,,valid_range
20033455,Hon. Gilbert Cisneros,Member,CA31,20033455.pdf,2025,32,,"Coinbase Global, Inc. - Class A Common Stock","Coinbase Global, Inc. - Class A Common Stock",COIN,COIN,ST,P,2025-10-17,2025-11-12,1001.0,15000.0,,"$1,001 - $15,000",valid_range,New $200?,150 Main Street Trust > Bank of America,,,,4,5,table,False,False,,True,0,False,True,98,True,20,False,https://disclosures-clerk.house.gov/public_disc/ptr-pdfs/2025/20033455.pdf,,,,"Coinbase Global, Inc. - Class A Common Stock (COIN) [ST]","Coinbase Global, Inc. - Class A Common Stock (COIN) [ST]",P,10/17/2025,11/12/2025,"$1,001 - $15,000",Filing Status: New $200? Subholding Of: 150 Main Street Trust > Bank of America,"Coinbase Global, Inc. - Class A Common Stock (COIN) [ST] P 10/17/2025 11/12/2025 $1,001 - $15,000 Filing Status: New $200? Subholding Of: 150 Main Street Trust > Bank of America",,,False,98,COIN,accepted,house_ptr_structure+v8_1,False,False,False,10/17/2025,False,,valid_range
20033455,Hon. Gilbert Cisneros,Member,CA31,20033455.pdf,2025,33,,"Coinbase Global, Inc. - Class A Common Stock","Coinbase Global, Inc. - Class A Common Stock",COIN,COIN,ST,P,2025-10-09,2025-11-12,1001.0,15000.0,,"$1,001 - $15,000",valid_range,New,150 Main Street Trust > Bank of America,,,,5,5,table,False,False,,False,0,False,False,100,True,20,False,https://disclosures-clerk.house.gov/public_disc/ptr-pdfs/2025/20033455.pdf,,,,"Coinbase Global, Inc. - Class A Common Stock (COIN) [ST] Filing Status: New Subholding Of: 150 Main Street Trust >","Coinbase Global, Inc. - Class A Common Stock (COIN) [ST]",P Bank of America,10/09/2025,11/12/2025,"$1,001 - $15,000",,"Coinbase Global, Inc. - Class A Common Stock (COIN) [ST] P 10/09/2025 11/12/2025 $1,001 - $15,000 Filing Status: New Subholding Of: 150 Main Street Trust > Bank of America",,,False,100,COIN,accepted,house_ptr_structure+v8_1,False,False,False,10/09/2025,False,,valid_range
20033455,Hon. Gilbert Cisneros,Member,CA31,20033455.pdf,2025,34,,"Columbia Banking System, Inc. - Common Stock","Columbia Banking System, Inc. - Common Stock",COLB,COLB,ST,P,2025-10-03,2025-11-12,1001.0,15000.0,,"$1,001 - $15,000",valid_range,New,150 Main Street Trust > Bank of America,,,,5,5,table,False,False,,False,0,False,True,100,True,20,False,https://disclosures-clerk.house.gov/public_disc/ptr-pdfs/2025/20033455.pdf,,,,"Columbia Banking System, Inc. - Common Stock (COLB) [ST]","Columbia Banking System, Inc. - Common Stock (COLB) [ST]",P,10/03/2025,11/12/2025,"$1,001 - $15,000",Filing Status: New Subholding Of: 150 Main Street Trust > Bank of America,"Columbia Banking System, Inc. - Common Stock (COLB) [ST] P 10/03/2025 11/12/2025 $1,001 - $15,000 Filing Status: New Subholding Of: 150 Main Street Trust > Bank of America",,,False,100,COLB,accepted,house_ptr_structure+v8_1,False,False,False,10/03/2025,False,,valid_range
20033455,Hon. Gilbert Cisneros,Member,CA31,20033455.pdf,2025,35,,Comcast Corporation - Class A Common Stock,Comcast Corporation - Class A Common Stock,CMCSA,CMCSA,ST,S (partial),2025-10-09,2025-11-12,1001.0,15000.0,,"$1,001 - $15,000",valid_range,New,150 Main Street Trust > Bank of America,,,,5,5,table,False,False,,False,0,False,False,100,True,20,False,https://disclosures-clerk.house.gov/public_disc/ptr-pdfs/2025/20033455.pdf,,,,Comcast Corporation - Class A Common Stock (CMCSA) [ST] Filing Status: New Subholding Of: 150 Main Street Trust >,Comcast Corporation - Class A Common Stock (CMCSA) [ST],S (partial) Bank of America,10/09/2025,11/12/2025,"$1,001 - $15,000",,"Comcast Corporation - Class A Common Stock (CMCSA) [ST] S (partial) 10/09/2025 11/12/2025 $1,001 - $15,000 Filing Status: New Subholding Of: 150 Main Street Trust > Bank of America",,,False,100,CMCSA,accepted,house_ptr_structure+v8_1,False,False,False,10/09/2025,False,,valid_range
20033455,Hon. Gilbert Cisneros,Member,CA31,20033455.pdf,2025,36,,"Commvault Systems, Inc. - Common Stock","Commvault Systems, Inc. - Common Stock",CVLT,CVLT,ST,P,2025-11-03,2025-11-12,1001.0,15000.0,,"$1,001 - $15,000",valid_range,New,150 Main Street Trust > Bank of America,,,,5,5,table,False,False,,False,0,False,True,100,True,20,False,https://disclosures-clerk.house.gov/public_disc/ptr-pdfs/2025/20033455.pdf,,,,"Commvault Systems, Inc. - Common Stock (CVLT) [ST]","Commvault Systems, Inc. - Common Stock (CVLT) [ST]",P,11/03/2025,11/12/2025,"$1,001 - $15,000",Filing Status: New Subholding Of: 150 Main Street Trust > Bank of America,"Commvault Systems, Inc. - Common Stock (CVLT) [ST] P 11/03/2025 11/12/2025 $1,001 - $15,000 Filing Status: New Subholding Of: 150 Main Street Trust > Bank of America",,,False,100,CVLT,accepted,house_ptr_structure+v8_1,False,False,False,11/03/2025,False,,valid_range
20033455,Hon. Gilbert Cisneros,Member,CA31,20033455.pdf,2025,37,,"Commvault Systems, Inc. - Common Stock","Commvault Systems, Inc. - Common Stock",CVLT,CVLT,ST,P,2025-10-03,2025-11-12,1001.0,15000.0,,"$1,001 - $15,000",valid_range,New,150 Main Street Trust > Bank of America,,,,5,5,table,False,False,,False,0,False,False,100,True,20,False,https://disclosures-clerk.house.gov/public_disc/ptr-pdfs/2025/20033455.pdf,,,,"Commvault Systems, Inc. - Common Stock (CVLT) [ST] Filing Status: New Subholding Of: 150 Main Street Trust >","Commvault Systems, Inc. - Common Stock (CVLT) [ST]",P Bank of America,10/03/2025,11/12/2025,"$1,001 - $15,000",,"Commvault Systems, Inc. - Common Stock (CVLT) [ST] P 10/03/2025 11/12/2025 $1,001 - $15,000 Filing Status: New Subholding Of: 150 Main Street Trust > Bank of America",,,False,100,CVLT,accepted,house_ptr_structure+v8_1,False,False,False,10/03/2025,False,,valid_range
20033455,Hon. Gilbert Cisneros,Member,CA31,20033455.pdf,2025,38,,"ConAgra Brands, Inc. Common Stock","ConAgra Brands, Inc. Common Stock",CAG,CAG,ST,S (partial),2025-10-09,2025-11-12,1001.0,15000.0,,"$1,001 - $15,000",valid_range,New,150 Main Street Trust > Bank of America,,,,5,5,table,False,False,,False,0,False,True,100,True,20,False,https://disclosures-clerk.house.gov/public_disc/ptr-pdfs/2025/20033455.pdf,,,,"ConAgra Brands, Inc. Common Stock (CAG) [ST]","ConAgra Brands, Inc. Common Stock (CAG) [ST]",S (partial),10/09/2025,11/12/2025,"$1,001 - $15,000",Filing Status: New Subholding Of: 150 Main Street Trust > Bank of America,"ConAgra Brands, Inc. Common Stock (CAG) [ST] S (partial) 10/09/2025 11/12/2025 $1,001 - $15,000 Filing Status: New Subholding Of: 150 Main Street Trust > Bank of America",,,False,100,CAG,accepted,house_ptr_structure+v8_1,False,False,False,10/09/2025,False,,valid_range
20033455,Hon. Gilbert Cisneros,Member,CA31,20033455.pdf,2025,39,,"CoStar Group, Inc. - Common Stock","CoStar Group, Inc. - Common Stock",CSGP,CSGP,ST,P,2025-10-15,2025-11-12,1001.0,15000.0,,"$1,001 - $15,000",valid_range,New,150 Main Street Trust > Bank of America,,,,5,5,table,False,False,,False,0,False,False,100,True,20,False,https://disclosures-clerk.house.gov/public_disc/ptr-pdfs/2025/20033455.pdf,,,,"CoStar Group, Inc. - Common Stock (CSGP) [ST] Filing Status: New Subholding Of: 150 Main Street Trust >","CoStar Group, Inc. - Common Stock (CSGP) [ST]",P Bank of America,10/15/2025,11/12/2025,"$1,001 - $15,000",,"CoStar Group, Inc. - Common Stock (CSGP) [ST] P 10/15/2025 11/12/2025 $1,001 - $15,000 Filing Status: New Subholding Of: 150 Main Street Trust > Bank of America",,,False,100,CSGP,accepted,house_ptr_structure+v8_1,False,False,False,10/15/2025,False,,valid_range
20033455,Hon. Gilbert Cisneros,Member,CA31,20033455.pdf,2025,40,,Costco Wholesale Corporation - Common Stock,Costco Wholesale Corporation - Common Stock,COST,COST,ST,P,2025-10-17,2025-11-12,1001.0,15000.0,,"$1,001 - $15,000",valid_range,New,150 Main Street Trust > Bank of America,,,,5,5,table,False,False,,False,0,False,True,100,True,20,False,https://disclosures-clerk.house.gov/public_disc/ptr-pdfs/2025/20033455.pdf,,,,Costco Wholesale Corporation - Common Stock (COST) [ST],Costco Wholesale Corporation - Common Stock (COST) [ST],P,10/17/2025,11/12/2025,"$1,001 - $15,000",Filing Status: New Subholding Of: 150 Main Street Trust > Bank of America,"Costco Wholesale Corporation - Common Stock (COST) [ST] P 10/17/2025 11/12/2025 $1,001 - $15,000 Filing Status: New Subholding Of: 150 Main Street Trust > Bank of America",,,False,100,COST,accepted,house_ptr_structure+v8_1,False,False,False,10/17/2025,False,,valid_range
20033455,Hon. Gilbert Cisneros,Member,CA31,20033455.pdf,2025,41,,Credo Technology Group Holding Ltd - Ordinary Shares,Credo Technology Group Holding Ltd - Ordinary Shares,CRDO,CRDO,ST,P,2025-10-30,2025-11-12,1001.0,15000.0,,"$1,001 - $15,000",valid_range,New,150 Main Street Trust > Bank of America,,,,5,6,table,False,False,,True,0,False,False,98,True,20,False,https://disclosures-clerk.house.gov/public_disc/ptr-pdfs/2025/20033455.pdf,,,,Credo Technology Group Holding Ltd - Ordinary Shares (CRDO) [ST] Filing Status: New,Credo Technology Group Holding Ltd - Ordinary Shares (CRDO) [ST] Subholding Of: 150 Main Street Trust > Bank of America,P,10/30/2025,11/12/2025,"$1,001 - $15,000",Subholding Of: 150 Main Street Trust > Bank of America,"Credo Technology Group Holding Ltd - Ordinary Shares (CRDO) [ST] P 10/30/2025 11/12/2025 $1,001 - $15,000 Filing Status: New Subholding Of: 150 Main Street Trust > Bank of America",,,False,98,CRDO,accepted,house_ptr_structure+v8_1,False,False,False,10/30/2025,False,,valid_range
20033455,Hon. Gilbert Cisneros,Member,CA31,20033455.pdf,2025,42,,"Cytokinetics, Incorporated - Common Stock","Cytokinetics, Incorporated - Common Stock",CYTK,CYTK,ST,P,2025-10-09,2025-11-12,1001.0,15000.0,,"$1,001 - $15,000",valid_range,New,150 Main Street Trust > Bank of America,,,,6,6,table,False,False,,False,0,False,True,100,True,20,False,https://disclosures-clerk.house.gov/public_disc/ptr-pdfs/2025/20033455.pdf,,,,"Cytokinetics, Incorporated - Common Stock (CYTK) [ST]","Cytokinetics, Incorporated - Common Stock (CYTK) [ST]",P,10/09/2025,11/12/2025,"$1,001 - $15,000",Filing Status: New Subholding Of: 150 Main Street Trust > Bank of America,"Cytokinetics, Incorporated - Common Stock (CYTK) [ST] P 10/09/2025 11/12/2025 $1,001 - $15,000 Filing Status: New Subholding Of: 150 Main Street Trust > Bank of America",,,False,100,CYTK,accepted,house_ptr_structure+v8_1,False,False,False,10/09/2025,False,,valid_range
20033455,Hon. Gilbert Cisneros,Member,CA31,20033455.pdf,2025,43,,Dbs Group Holdings Ltd Ord Ordinary Shares,Dbs Group Holdings Ltd Ord Ordinary Shares,DBSDF,DBSDF,ST,P,2025-10-22,2025-11-12,1001.0,15000.0,,"$1,001 - $15,000",valid_range,New,150 Main Street Trust > Bank of America,,,,6,6,table,False,False,,False,0,False,False,100,True,20,False,https://disclosures-clerk.house.gov/public_disc/ptr-pdfs/2025/20033455.pdf,,,,Dbs Group Holdings Ltd Ord Ordinary Shares (DBSDF) [ST] Filing Status: New Subholding Of: 150 Main Street Trust >,Dbs Group Holdings Ltd Ord Ordinary Shares (DBSDF) [ST],P Bank of America,10/22/2025,11/12/2025,"$1,001 - $15,000",,"Dbs Group Holdings Ltd Ord Ordinary Shares (DBSDF) [ST] P 10/22/2025 11/12/2025 $1,001 - $15,000 Filing Status: New Subholding Of: 150 Main Street Trust > Bank of America",,,False,100,DBSDF,accepted,house_ptr_structure+v8_1,False,False,False,10/22/2025,False,,valid_range
20033455,Hon. Gilbert Cisneros,Member,CA31,20033455.pdf,2025,44,,"Eaton Corporation, PLC Ordinary Shares","Eaton Corporation, PLC Ordinary Shares",ETN,ETN,ST,P,2025-10-15,2025-11-12,1001.0,15000.0,,"$1,001 - $15,000",valid_range,New,150 Main Street Trust > Bank of America,,,,6,6,table,False,False,,False,0,False,True,100,True,20,False,https://disclosures-clerk.house.gov/public_disc/ptr-pdfs/2025/20033455.pdf,,,,"Eaton Corporation, PLC Ordinary Shares (ETN) [ST]","Eaton Corporation, PLC Ordinary Shares (ETN) [ST]",P,10/15/2025,11/12/2025,"$1,001 - $15,000",Filing Status: New Subholding Of: 150 Main Street Trust > Bank of America,"Eaton Corporation, PLC Ordinary Shares (ETN) [ST] P 10/15/2025 11/12/2025 $1,001 - $15,000 Filing Status: New Subholding Of: 150 Main Street Trust > Bank of America",,,False,100,ETN,accepted,house_ptr_structure+v8_1,False,False,False,10/15/2025,False,,valid_range
20033455,Hon. Gilbert Cisneros,Member,CA31,20033455.pdf,2025,45,,Edison International Common Stock,Edison International Common Stock,EIX,EIX,ST,S,2025-10-09,2025-11-12,1001.0,15000.0,,"$1,001 - $15,000",valid_range,New,150 Main Street Trust > Bank of America,,,,6,6,table,False,False,,False,0,False,False,100,True,20,False,https://disclosures-clerk.house.gov/public_disc/ptr-pdfs/2025/20033455.pdf,,,,Edison International Common Stock (EIX) [ST] Filing Status: New Subholding Of: 150 Main Street Trust >,Edison International Common Stock (EIX) [ST],S Bank of America,10/09/2025,11/12/2025,"$1,001 - $15,000",,"Edison International Common Stock (EIX) [ST] S 10/09/2025 11/12/2025 $1,001 - $15,000 Filing Status: New Subholding Of: 150 Main Street Trust > Bank of America",,,False,100,EIX,accepted,house_ptr_structure+v8_1,False,False,False,10/09/2025,False,,valid_range
20033455,Hon. Gilbert Cisneros,Member,CA31,20033455.pdf,2025,46,,Enerpac Tool Group Corp. Common Stock,Enerpac Tool Group Corp. Common Stock,EPAC,EPAC,ST,P,2025-10-30,2025-11-12,1001.0,15000.0,,"$1,001 - $15,000",valid_range,New,150 Main Street Trust > Bank of America,,,,6,6,table,False,False,,False,0,False,True,100,True,20,False,https://disclosures-clerk.house.gov/public_disc/ptr-pdfs/2025/20033455.pdf,,,,Enerpac Tool Group Corp. Common Stock (EPAC) [ST],Enerpac Tool Group Corp. Common Stock (EPAC) [ST],P,10/30/2025,11/12/2025,"$1,001 - $15,000",Filing Status: New Subholding Of: 150 Main Street Trust > Bank of America,"Enerpac Tool Group Corp. Common Stock (EPAC) [ST] P 10/30/2025 11/12/2025 $1,001 - $15,000 Filing Status: New Subholding Of: 150 Main Street Trust > Bank of America",,,False,100,EPAC,accepted,house_ptr_structure+v8_1,False,False,False,10/30/2025,False,,valid_range
20033455,Hon. Gilbert Cisneros,Member,CA31,20033455.pdf,2025,47,,Ferrari N.V. Common Shares,Ferrari N.V. Common Shares,RACE,RACE,ST,P,2025-10-21,2025-11-12,1001.0,15000.0,,"$1,001 - $15,000",valid_range,New,150 Main Street Trust > Bank of America,,,,6,6,table,False,False,,False,0,False,False,100,True,20,False,https://disclosures-clerk.house.gov/public_disc/ptr-pdfs/2025/20033455.pdf,,,,Ferrari N.V. Common Shares (RACE) [ST] Filing Status: New Subholding Of: 150 Main Street Trust >,Ferrari N.V. Common Shares (RACE) [ST],P Bank of America,10/21/2025,11/12/2025,"$1,001 - $15,000",,"Ferrari N.V. Common Shares (RACE) [ST] P 10/21/2025 11/12/2025 $1,001 - $15,000 Filing Status: New Subholding Of: 150 Main Street Trust > Bank of America",,,False,100,RACE,accepted,house_ptr_structure+v8_1,False,False,False,10/21/2025,False,,valid_range
20033455,Hon. Gilbert Cisneros,Member,CA31,20033455.pdf,2025,48,,Flex Ltd. - Ordinary Shares,Flex Ltd. - Ordinary Shares,FLEX,FLEX,ST,S (partial),2025-10-07,2025-11-12,1001.0,15000.0,,"$1,001 - $15,000",valid_range,New,150 Main Street Trust > Bank of America,,,,6,6,table,False,False,,False,0,False,True,100,True,20,False,https://disclosures-clerk.house.gov/public_disc/ptr-pdfs/2025/20033455.pdf,,,,Flex Ltd. - Ordinary Shares (FLEX) [ST],Flex Ltd. - Ordinary Shares (FLEX) [ST],S (partial),10/07/2025,11/12/2025,"$1,001 - $15,000",Filing Status: New Subholding Of: 150 Main Street Trust > Bank of America,"Flex Ltd. - Ordinary Shares (FLEX) [ST] S (partial) 10/07/2025 11/12/2025 $1,001 - $15,000 Filing Status: New Subholding Of: 150 Main Street Trust > Bank of America",,,False,100,FLEX,accepted,house_ptr_structure+v8_1,False,False,False,10/07/2025,False,,valid_range
20033455,Hon. Gilbert Cisneros,Member,CA31,20033455.pdf,2025,49,,Flex Ltd. - Ordinary Shares,Flex Ltd. - Ordinary Shares,FLEX,FLEX,ST,S (partial),2025-10-17,2025-11-12,1001.0,15000.0,,"$1,001 - $15,000",valid_range,New,150 Main Street Trust > Bank of America,,,,6,6,table,False,False,,False,0,False,False,100,True,20,False,https://disclosures-clerk.house.gov/public_disc/ptr-pdfs/2025/20033455.pdf,,,,Flex Ltd. - Ordinary Shares (FLEX) [ST] Filing Status: New Subholding Of: 150 Main Street Trust >,Flex Ltd. - Ordinary Shares (FLEX) [ST],S (partial) Bank of America,10/17/2025,11/12/2025,"$1,001 - $15,000",,"Flex Ltd. - Ordinary Shares (FLEX) [ST] S (partial) 10/17/2025 11/12/2025 $1,001 - $15,000 Filing Status: New Subholding Of: 150 Main Street Trust > Bank of America",,,False,100,FLEX,accepted,house_ptr_structure+v8_1,False,False,False,10/17/2025,False,,valid_range
20033455,Hon. Gilbert Cisneros,Member,CA31,20033455.pdf,2025,50,,"Fountain Valley, CA Public Financing Authority Bonds","Fountain Valley, CA Public Financing Authority Bonds",,,GS,S,2025-10-16,2025-11-12,100001.0,250000.0,,"$100,001 - $250,000",valid_range,New $200?,150 Main Street Trust > Bank of America,,,,6,7,table,False,False,,True,0,False,True,98,True,20,False,https://disclosures-clerk.house.gov/public_disc/ptr-pdfs/2025/20033455.pdf,,,,"Fountain Valley, CA Public Financing Authority Bonds [GS]","Fountain Valley, CA Public Financing Authority Bonds [GS]",S,10/16/2025,11/12/2025,"$100,001 - $250,000",Filing Status: New $200? Subholding Of: 150 Main Street Trust > Bank of America,"Fountain Valley, CA Public Financing Authority Bonds [GS] S 10/16/2025 11/12/2025 $100,001 - $250,000 Filing Status: New $200? Subholding Of: 150 Main Street Trust > Bank of America",,,False,98,,not_applicable,,False,False,False,10/16/2025,False,,valid_range
20033455,Hon. Gilbert Cisneros,Member,CA31,20033455.pdf,2025,51,,"Freeport-McMoRan, Inc. Common Stock","Freeport-McMoRan, Inc. Common Stock",FCX,FCX,ST,P,2025-10-17,2025-11-12,1001.0,15000.0,,"$1,001 - $15,000",valid_range,New,150 Main Street Trust > Bank of America,,,,7,7,table,False,False,,False,0,False,False,100,True,20,False,https://disclosures-clerk.house.gov/public_disc/ptr-pdfs/2025/20033455.pdf,,,,"Freeport-McMoRan, Inc. Common Stock (FCX) [ST] Filing Status: New Subholding Of: 150 Main Street Trust >","Freeport-McMoRan, Inc. Common Stock (FCX) [ST]",P Bank of America,10/17/2025,11/12/2025,"$1,001 - $15,000",,"Freeport-McMoRan, Inc. Common Stock (FCX) [ST] P 10/17/2025 11/12/2025 $1,001 - $15,000 Filing Status: New Subholding Of: 150 Main Street Trust > Bank of America",,,False,100,FCX,accepted,house_ptr_structure+v8_1,False,False,False,10/17/2025,False,,valid_range
20033455,Hon. Gilbert Cisneros,Member,CA31,20033455.pdf,2025,52,,GoDaddy Inc. Class A Common Stock,GoDaddy Inc. Class A Common Stock,GDDY,GDDY,ST,S,2025-10-16,2025-11-12,15001.0,50000.0,,"$15,001 - $50,000",valid_range,New,150 Main Street Trust > Bank of America,,,,7,7,table,False,False,,False,0,False,True,100,True,20,False,https://disclosures-clerk.house.gov/public_disc/ptr-pdfs/2025/20033455.pdf,,,,GoDaddy Inc. Class A Common Stock (GDDY) [ST],GoDaddy Inc. Class A Common Stock (GDDY) [ST],S,10/16/2025,11/12/2025,"$15,001 - $50,000",Filing Status: New Subholding Of: 150 Main Street Trust > Bank of America,"GoDaddy Inc. Class A Common Stock (GDDY) [ST] S 10/16/2025 11/12/2025 $15,001 - $50,000 Filing Status: New Subholding Of: 150 Main Street Trust > Bank of America",,,False,100,GDDY,accepted,house_ptr_structure+v8_1,False,False,False,10/16/2025,False,,valid_range
20033455,Hon. Gilbert Cisneros,Member,CA31,20033455.pdf,2025,53,,GoDaddy Inc. Class A Common Stock,GoDaddy Inc. Class A Common Stock,GDDY,GDDY,ST,S (partial),2025-10-15,2025-11-12,1001.0,15000.0,,"$1,001 - $15,000",valid_range,New,150 Main Street Trust > Bank of America,,,,7,7,table,False,False,,False,0,False,False,100,True,20,False,https://disclosures-clerk.house.gov/public_disc/ptr-pdfs/2025/20033455.pdf,,,,GoDaddy Inc. Class A Common Stock (GDDY) [ST] Filing Status: New Subholding Of: 150 Main Street Trust >,GoDaddy Inc. Class A Common Stock (GDDY) [ST],S (partial) Bank of America,10/15/2025,11/12/2025,"$1,001 - $15,000",,"GoDaddy Inc. Class A Common Stock (GDDY) [ST] S (partial) 10/15/2025 11/12/2025 $1,001 - $15,000 Filing Status: New Subholding Of: 150 Main Street Trust > Bank of America",,,False,100,GDDY,accepted,house_ptr_structure+v8_1,False,False,False,10/15/2025,False,,valid_range
20033455,Hon. Gilbert Cisneros,Member,CA31,20033455.pdf,2025,54,,GoDaddy Inc. Class A Common Stock,GoDaddy Inc. Class A Common Stock,GDDY,GDDY,ST,S (partial),2025-10-14,2025-11-12,1001.0,15000.0,,"$1,001 - $15,000",valid_range,New,150 Main Street Trust > Bank of America,,,,7,7,table,False,False,,False,0,False,True,100,True,20,False,https://disclosures-clerk.house.gov/public_disc/ptr-pdfs/2025/20033455.pdf,,,,GoDaddy Inc. Class A Common Stock (GDDY) [ST],GoDaddy Inc. Class A Common Stock (GDDY) [ST],S (partial),10/14/2025,11/12/2025,"$1,001 - $15,000",Filing Status: New Subholding Of: 150 Main Street Trust > Bank of America,"GoDaddy Inc. Class A Common Stock (GDDY) [ST] S (partial) 10/14/2025 11/12/2025 $1,001 - $15,000 Filing Status: New Subholding Of: 150 Main Street Trust > Bank of America",,,False,100,GDDY,accepted,house_ptr_structure+v8_1,False,False,False,10/14/2025,False,,valid_range
20033455,Hon. Gilbert Cisneros,Member,CA31,20033455.pdf,2025,55,,GoDaddy Inc. Class A Common Stock,GoDaddy Inc. Class A Common Stock,GDDY,GDDY,ST,S (partial),2025-10-07,2025-11-12,1001.0,15000.0,,"$1,001 - $15,000",valid_range,New,150 Main Street Trust > Bank of America,,,,7,7,table,False,False,,False,0,False,False,100,True,20,False,https://disclosures-clerk.house.gov/public_disc/ptr-pdfs/2025/20033455.pdf,,,,GoDaddy Inc. Class A Common Stock (GDDY) [ST] Filing Status: New Subholding Of: 150 Main Street Trust >,GoDaddy Inc. Class A Common Stock (GDDY) [ST],S (partial) Bank of America,10/07/2025,11/12/2025,"$1,001 - $15,000",,"GoDaddy Inc. Class A Common Stock (GDDY) [ST] S (partial) 10/07/2025 11/12/2025 $1,001 - $15,000 Filing Status: New Subholding Of: 150 Main Street Trust > Bank of America",,,False,100,GDDY,accepted,house_ptr_structure+v8_1,False,False,False,10/07/2025,False,,valid_range
20033455,Hon. Gilbert Cisneros,Member,CA31,20033455.pdf,2025,56,,Hermes Intl S A Ordinary Shares,Hermes Intl S A Ordinary Shares,HESAF,HESAF,ST,P,2025-10-21,2025-11-12,1001.0,15000.0,,"$1,001 - $15,000",valid_range,New,150 Main Street Trust > Bank of America,,Ticker RMSFP,,7,7,table,False,False,,False,0,False,True,100,True,30,False,https://disclosures-clerk.house.gov/public_disc/ptr-pdfs/2025/20033455.pdf,,,,Hermes Intl S A Ordinary Shares (HESAF) [ST],Hermes Intl S A Ordinary Shares (HESAF) [ST],P,10/21/2025,11/12/2025,"$1,001 - $15,000",Filing Status: New Subholding Of: 150 Main Street Trust > Bank of America Description: Ticker RMSFP,"Hermes Intl S A Ordinary Shares (HESAF) [ST] P 10/21/2025 11/12/2025 $1,001 - $15,000 Filing Status: New Subholding Of: 150 Main Street Trust > Bank of America Description: Ticker RMSFP",,,False,100,HESAF,accepted,house_ptr_structure+v8_1,False,False,False,10/21/2025,False,,valid_range
20033455,Hon. Gilbert Cisneros,Member,CA31,20033455.pdf,2025,57,,"Home Depot, Inc.","Home Depot, Inc.",HD,HD,ST,P,2025-10-17,2025-11-12,1001.0,15000.0,,"$1,001 - $15,000",valid_range,New,150 Main Street Trust > Bank of America,,,,7,7,table,False,False,,False,0,False,False,100,True,20,False,https://disclosures-clerk.house.gov/public_disc/ptr-pdfs/2025/20033455.pdf,,,,"Home Depot, Inc. (HD) [ST] Filing Status: New Subholding Of: 150 Main Street Trust >","Home Depot, Inc. (HD) [ST]",P Bank of America,10/17/2025,11/12/2025,"$1,001 - $15,000",,"Home Depot, Inc. (HD) [ST] P 10/17/2025 11/12/2025 $1,001 - $15,000 Filing Status: New Subholding Of: 150 Main Street Trust > Bank of America",,,False,100,HD,accepted,house_ptr_structure+v8_1,False,False,False,10/17/2025,False,,valid_range
20033455,Hon. Gilbert Cisneros,Member,CA31,20033455.pdf,2025,58,,Iberdrola SA Bilbao Ordinary Shares,Iberdrola SA Bilbao Ordinary Shares,IBDSF,IBDSF,ST,P,2025-10-21,2025-11-12,1001.0,15000.0,,"$1,001 - $15,000",valid_range,New,150 Main Street Trust > Bank of America,,Ticker IBE SM,,7,7,table,False,False,,False,0,False,True,100,True,30,False,https://disclosures-clerk.house.gov/public_disc/ptr-pdfs/2025/20033455.pdf,,,,Iberdrola SA Bilbao Ordinary Shares (IBDSF) [ST],Iberdrola SA Bilbao Ordinary Shares (IBDSF) [ST],P,10/21/2025,11/12/2025,"$1,001 - $15,000",Filing Status: New Subholding Of: 150 Main Street Trust > Bank of America Description: Ticker IBE SM,"Iberdrola SA Bilbao Ordinary Shares (IBDSF) [ST] P 10/21/2025 11/12/2025 $1,001 - $15,000 Filing Status: New Subholding Of: 150 Main Street Trust > Bank of America Description: Ticker IBE SM",,,False,100,IBDSF,accepted,house_ptr_structure+v8_1,False,False,False,10/21/2025,False,,valid_range
20033455,Hon. Gilbert Cisneros,Member,CA31,20033455.pdf,2025,59,,Insmed Incorporated - Common Stock,Insmed Incorporated - Common Stock,INSM,INSM,ST,S,2025-10-03,2025-11-12,1001.0,15000.0,,"$1,001 - $15,000",valid_range,New,150 Main Street Trust > Bank of America,,,,7,8,table,False,False,,True,0,False,False,98,True,20,False,https://disclosures-clerk.house.gov/public_disc/ptr-pdfs/2025/20033455.pdf,,,,Insmed Incorporated - Common Stock (INSM) [ST],Insmed Incorporated - Common Stock (INSM) [ST],S,10/03/2025,11/12/2025,"$1,001 - $15,000",Filing Status: New Subholding Of: 150 Main Street Trust > Bank of America,"Insmed Incorporated - Common Stock (INSM) [ST] S 10/03/2025 11/12/2025 $1,001 - $15,000 Filing Status: New Subholding Of: 150 Main Street Trust > Bank of America",,,False,98,INSM,accepted,house_ptr_structure+v8_1,False,False,False,10/03/2025,False,,valid_range
20033455,Hon. Gilbert Cisneros,Member,CA31,20033455.pdf,2025,60,,JP Morgan Chase & Co. Common Stock,JP Morgan Chase & Co. Common Stock,JPM,JPM,ST,P,2025-10-17,2025-11-12,1001.0,15000.0,,"$1,001 - $15,000",valid_range,New,150 Main Street Trust > Bank of America,,,,8,8,table,False,False,,False,0,False,True,100,True,20,False,https://disclosures-clerk.house.gov/public_disc/ptr-pdfs/2025/20033455.pdf,,,,JP Morgan Chase & Co. Common Stock (JPM) [ST],JP Morgan Chase & Co. Common Stock (JPM) [ST],P,10/17/2025,11/12/2025,"$1,001 - $15,000",Filing Status: New Subholding Of: 150 Main Street Trust > Bank of America,"JP Morgan Chase & Co. Common Stock (JPM) [ST] P 10/17/2025 11/12/2025 $1,001 - $15,000 Filing Status: New Subholding Of: 150 Main Street Trust > Bank of America",,,False,100,JPM,accepted,house_ptr_structure+v8_1,False,False,False,10/17/2025,False,,valid_range
20033455,Hon. Gilbert Cisneros,Member,CA31,20033455.pdf,2025,61,,KKR & Co. Inc. Common Stock,KKR & Co. Inc. Common Stock,KKR,KKR,ST,P,2025-10-17,2025-11-12,1001.0,15000.0,,"$1,001 - $15,000",valid_range,New,150 Main Street Trust > Bank of America,,,,8,8,table,False,False,,False,0,False,False,100,True,20,False,https://disclosures-clerk.house.gov/public_disc/ptr-pdfs/2025/20033455.pdf,,,,KKR & Co. Inc. Common Stock (KKR) [ST] Filing Status: New Subholding Of: 150 Main Street Trust >,KKR & Co. Inc. Common Stock (KKR) [ST],P Bank of America,10/17/2025,11/12/2025,"$1,001 - $15,000",,"KKR & Co. Inc. Common Stock (KKR) [ST] P 10/17/2025 11/12/2025 $1,001 - $15,000 Filing Status: New Subholding Of: 150 Main Street Trust > Bank of America",,,False,100,KKR,accepted,house_ptr_structure+v8_1,False,False,False,10/17/2025,False,,valid_range
20033455,Hon. Gilbert Cisneros,Member,CA31,20033455.pdf,2025,62,,"Long Beach, CA Unified School District Bonds","Long Beach, CA Unified School District Bonds",,,GS,S,2025-10-03,2025-11-12,15001.0,50000.0,,"$15,001 - $50,000",valid_range,New,150 Main Street Trust > Bank of America,,,,8,8,table,False,False,,False,0,False,True,100,True,20,False,https://disclosures-clerk.house.gov/public_disc/ptr-pdfs/2025/20033455.pdf,,,,"Long Beach, CA Unified School District Bonds [GS]","Long Beach, CA Unified School District Bonds [GS]",S,10/03/2025,11/12/2025,"$15,001 - $50,000",Filing Status: New Subholding Of: 150 Main Street Trust > Bank of America,"Long Beach, CA Unified School District Bonds [GS] S 10/03/2025 11/12/2025 $15,001 - $50,000 Filing Status: New Subholding Of: 150 Main Street Trust > Bank of America",,,False,100,,not_applicable,,False,False,False,10/03/2025,False,,valid_range
20033455,Hon. Gilbert Cisneros,Member,CA31,20033455.pdf,2025,63,,Mastercard Incorporated Common Stock,Mastercard Incorporated Common Stock,MA,MA,ST,P,2025-10-17,2025-11-12,1001.0,15000.0,,"$1,001 - $15,000",valid_range,New,150 Main Street Trust > Bank of America,,,,8,8,table,False,False,,False,0,False,False,100,True,20,False,https://disclosures-clerk.house.gov/public_disc/ptr-pdfs/2025/20033455.pdf,,,,Mastercard Incorporated Common Stock (MA) [ST] Filing Status: New Subholding Of: 150 Main Street Trust >,Mastercard Incorporated Common Stock (MA) [ST],P Bank of America,10/17/2025,11/12/2025,"$1,001 - $15,000",,"Mastercard Incorporated Common Stock (MA) [ST] P 10/17/2025 11/12/2025 $1,001 - $15,000 Filing Status: New Subholding Of: 150 Main Street Trust > Bank of America",,,False,100,MA,accepted,house_ptr_structure+v8_1,False,False,False,10/17/2025,False,,valid_range
20033455,Hon. Gilbert Cisneros,Member,CA31,20033455.pdf,2025,64,,"Medpace Holdings, Inc. - Common Stock","Medpace Holdings, Inc. - Common Stock",MEDP,MEDP,ST,S (partial),2025-10-09,2025-11-12,1001.0,15000.0,,"$1,001 - $15,000",valid_range,New,150 Main Street Trust > Bank of America,,,,8,8,table,False,False,,False,0,False,True,100,True,20,False,https://disclosures-clerk.house.gov/public_disc/ptr-pdfs/2025/20033455.pdf,,,,"Medpace Holdings, Inc. - Common Stock (MEDP) [ST]","Medpace Holdings, Inc. - Common Stock (MEDP) [ST]",S (partial),10/09/2025,11/12/2025,"$1,001 - $15,000",Filing Status: New Subholding Of: 150 Main Street Trust > Bank of America,"Medpace Holdings, Inc. - Common Stock (MEDP) [ST] S (partial) 10/09/2025 11/12/2025 $1,001 - $15,000 Filing Status: New Subholding Of: 150 Main Street Trust > Bank of America",,,False,100,MEDP,accepted,house_ptr_structure+v8_1,False,False,False,10/09/2025,False,,valid_range
20033455,Hon. Gilbert Cisneros,Member,CA31,20033455.pdf,2025,65,,"MercadoLibre, Inc. - Common Stock","MercadoLibre, Inc. - Common Stock",MELI,MELI,ST,P,2025-10-17,2025-11-12,1001.0,15000.0,,"$1,001 - $15,000",valid_range,New,150 Main Street Trust > Bank of America,,,,8,8,table,False,False,,False,0,False,False,100,True,20,False,https://disclosures-clerk.house.gov/public_disc/ptr-pdfs/2025/20033455.pdf,,,,"MercadoLibre, Inc. - Common Stock (MELI) [ST] Filing Status: New Subholding Of: 150 Main Street Trust >","MercadoLibre, Inc. - Common Stock (MELI) [ST]",P Bank of America,10/17/2025,11/12/2025,"$1,001 - $15,000",,"MercadoLibre, Inc. - Common Stock (MELI) [ST] P 10/17/2025 11/12/2025 $1,001 - $15,000 Filing Status: New Subholding Of: 150 Main Street Trust > Bank of America",,,False,100,MELI,accepted,house_ptr_structure+v8_1,False,False,False,10/17/2025,False,,valid_range
20033455,Hon. Gilbert Cisneros,Member,CA31,20033455.pdf,2025,66,,"Meta Platforms, Inc. - Class A Common Stock","Meta Platforms, Inc. - Class A Common Stock",META,META,ST,P,2025-10-17,2025-11-12,1001.0,15000.0,,"$1,001 - $15,000",valid_range,New,150 Main Street Trust > Bank of America,,,,8,8,table,False,False,,False,0,False,True,100,True,20,False,https://disclosures-clerk.house.gov/public_disc/ptr-pdfs/2025/20033455.pdf,,,,"Meta Platforms, Inc. - Class A Common Stock (META) [ST]","Meta Platforms, Inc. - Class A Common Stock (META) [ST]",P,10/17/2025,11/12/2025,"$1,001 - $15,000",Filing Status: New Subholding Of: 150 Main Street Trust > Bank of America,"Meta Platforms, Inc. - Class A Common Stock (META) [ST] P 10/17/2025 11/12/2025 $1,001 - $15,000 Filing Status: New Subholding Of: 150 Main Street Trust > Bank of America",,,False,100,META,accepted,house_ptr_structure+v8_1,False,False,False,10/17/2025,False,,valid_range
20033455,Hon. Gilbert Cisneros,Member,CA31,20033455.pdf,2025,67,,Microsoft Corporation - Common Stock,Microsoft Corporation - Common Stock,MSFT,MSFT,ST,P,2025-10-09,2025-11-12,1001.0,15000.0,,"$1,001 - $15,000",valid_range,New,150 Main Street Trust > Bank of America,,,,8,8,table,False,False,,False,0,False,False,100,True,20,False,https://disclosures-clerk.house.gov/public_disc/ptr-pdfs/2025/20033455.pdf,,,,Microsoft Corporation - Common Stock (MSFT) [ST] Filing Status: New Subholding Of: 150 Main Street Trust >,Microsoft Corporation - Common Stock (MSFT) [ST],P Bank of America,10/09/2025,11/12/2025,"$1,001 - $15,000",,"Microsoft Corporation - Common Stock (MSFT) [ST] P 10/09/2025 11/12/2025 $1,001 - $15,000 Filing Status: New Subholding Of: 150 Main Street Trust > Bank of America",,,False,100,MSFT,accepted,house_ptr_structure+v8_1,False,False,False,10/09/2025,False,,valid_range
20033455,Hon. Gilbert Cisneros,Member,CA31,20033455.pdf,2025,68,,"Milwaukee, Wisconsin GO Promissory Notes Series N2","Milwaukee, Wisconsin GO Promissory Notes Series N2",,,GS,P,2025-10-08,2025-11-12,250001.0,500000.0,,"$250,001 - $500,000",valid_range,New,150 Main Street Trust > Bank of America,,,,8,9,table,False,False,,True,0,False,True,98,True,20,False,https://disclosures-clerk.house.gov/public_disc/ptr-pdfs/2025/20033455.pdf,,,,"Milwaukee, Wisconsin GO Promissory Notes Series N2 [GS]","Milwaukee, Wisconsin GO Promissory Notes Series N2 [GS]",P,10/08/2025,11/12/2025,"$250,001 - $500,000",Filing Status: New Subholding Of: 150 Main Street Trust > Bank of America,"Milwaukee, Wisconsin GO Promissory Notes Series N2 [GS] P 10/08/2025 11/12/2025 $250,001 - $500,000 Filing Status: New Subholding Of: 150 Main Street Trust > Bank of America",,,False,98,,not_applicable,,False,False,False,10/08/2025,False,,valid_range
20033455,Hon. Gilbert Cisneros,Member,CA31,20033455.pdf,2025,69,,Missouri Health and Educational Facilities Authority Revenue Bonds,Missouri Health and Educational Facilities Authority Revenue Bonds,,,GS,P,2025-10-08,2025-11-12,250001.0,500000.0,,"$250,001 - $500,000",valid_range,New,150 Main Street Trust > Bank of America,,,,9,9,table,False,False,,False,0,False,False,100,True,20,False,https://disclosures-clerk.house.gov/public_disc/ptr-pdfs/2025/20033455.pdf,,,,Missouri Health and Educational Facilities Authority Revenue Bonds [GS] Filing Status: New Subholding Of: 150 Main Street Trust >,Missouri Health and Educational Facilities Authority Revenue Bonds [GS],P Bank of America,10/08/2025,11/12/2025,"$250,001 - $500,000",,"Missouri Health and Educational Facilities Authority Revenue Bonds [GS] P 10/08/2025 11/12/2025 $250,001 - $500,000 Filing Status: New Subholding Of: 150 Main Street Trust > Bank of America",,,False,100,,not_applicable,,False,False,False,10/08/2025,False,,valid_range
20033455,Hon. Gilbert Cisneros,Member,CA31,20033455.pdf,2025,70,,Mitsubishi Heavy Industries Ltd Ordinary Shares,Mitsubishi Heavy Industries Ltd Ordinary Shares,MHVYF,MHVYF,ST,P,2025-10-21,2025-11-12,1001.0,15000.0,,"$1,001 - $15,000",valid_range,New,150 Main Street Trust > Bank of America,,Ticker 7011 JP,,9,9,table,False,False,,False,0,False,True,100,True,30,False,https://disclosures-clerk.house.gov/public_disc/ptr-pdfs/2025/20033455.pdf,,,,Mitsubishi Heavy Industries Ltd Ordinary Shares (MHVYF) [ST],Mitsubishi Heavy Industries Ltd Ordinary Shares (MHVYF) [ST],P,10/21/2025,11/12/2025,"$1,001 - $15,000",Filing Status: New Subholding Of: 150 Main Street Trust > Bank of America Description: Ticker 7011 JP,"Mitsubishi Heavy Industries Ltd Ordinary Shares (MHVYF) [ST] P 10/21/2025 11/12/2025 $1,001 - $15,000 Filing Status: New Subholding Of: 150 Main Street Trust > Bank of America Description: Ticker 7011 JP",,,False,100,MHVYF,accepted,house_ptr_structure+v8_1,False,False,False,10/21/2025,False,,valid_range
20033455,Hon. Gilbert Cisneros,Member,CA31,20033455.pdf,2025,71,,Mitsubishi UFJ Financial Group Inc Ordinary Shares,Mitsubishi UFJ Financial Group Inc Ordinary Shares,MBFJF,MBFJF,ST,P,2025-10-21,2025-11-12,1001.0,15000.0,,"$1,001 - $15,000",valid_range,New,150 Main Street Trust > Bank of America,,Ticker 8306 JP,,9,9,table,False,False,,False,0,False,False,100,True,30,False,https://disclosures-clerk.house.gov/public_disc/ptr-pdfs/2025/20033455.pdf,,,,Mitsubishi UFJ Financial Group Inc Ordinary Shares (MBFJF) [ST] Filing Status: New Subholding Of: 150 Main Street Trust > Description: Ticker 8306 JP,Mitsubishi UFJ Financial Group Inc Ordinary Shares (MBFJF) [ST],P Bank of America,10/21/2025,11/12/2025,"$1,001 - $15,000",,"Mitsubishi UFJ Financial Group Inc Ordinary Shares (MBFJF) [ST] P 10/21/2025 11/12/2025 $1,001 - $15,000 Filing Status: New Subholding Of: 150 Main Street Trust > Bank of America Description: Ticker 8306 JP",,,False,100,MBFJF,accepted,house_ptr_structure+v8_1,False,False,False,10/21/2025,False,,valid_range
20033455,Hon. Gilbert Cisneros,Member,CA31,20033455.pdf,2025,72,,"MongoDB, Inc. - Class A Common Stock","MongoDB, Inc. - Class A Common Stock",MDB,MDB,ST,P,2025-10-17,2025-11-12,1001.0,15000.0,,"$1,001 - $15,000",valid_range,New,150 Main Street Trust > Bank of America,,,,9,9,table,False,False,,False,0,False,True,100,True,20,False,https://disclosures-clerk.house.gov/public_disc/ptr-pdfs/2025/20033455.pdf,,,,"MongoDB, Inc. - Class A Common Stock (MDB) [ST]","MongoDB, Inc. - Class A Common Stock (MDB) [ST]",P,10/17/2025,11/12/2025,"$1,001 - $15,000",Filing Status: New Subholding Of: 150 Main Street Trust > Bank of America,"MongoDB, Inc. - Class A Common Stock (MDB) [ST] P 10/17/2025 11/12/2025 $1,001 - $15,000 Filing Status: New Subholding Of: 150 Main Street Trust > Bank of America",,,False,100,MDB,accepted,house_ptr_structure+v8_1,False,False,False,10/17/2025,False,,valid_range
20033455,Hon. Gilbert Cisneros,Member,CA31,20033455.pdf,2025,73,,Morgan Stanley Common Stock,Morgan Stanley Common Stock,MS,MS,ST,P,2025-10-17,2025-11-12,1001.0,15000.0,,"$1,001 - $15,000",valid_range,New,150 Main Street Trust > Bank of America,,,,9,9,table,False,False,,False,0,False,False,100,True,20,False,https://disclosures-clerk.house.gov/public_disc/ptr-pdfs/2025/20033455.pdf,,,,Morgan Stanley Common Stock (MS) [ST] Filing Status: New Subholding Of: 150 Main Street Trust >,Morgan Stanley Common Stock (MS) [ST],P Bank of America,10/17/2025,11/12/2025,"$1,001 - $15,000",,"Morgan Stanley Common Stock (MS) [ST] P 10/17/2025 11/12/2025 $1,001 - $15,000 Filing Status: New Subholding Of: 150 Main Street Trust > Bank of America",,,False,100,MS,accepted,house_ptr_structure+v8_1,False,False,False,10/17/2025,False,,valid_range
20033455,Hon. Gilbert Cisneros,Member,CA31,20033455.pdf,2025,74,,"Netflix, Inc. - Common Stock","Netflix, Inc. - Common Stock",NFLX,NFLX,ST,P,2025-10-17,2025-11-12,1001.0,15000.0,,"$1,001 - $15,000",valid_range,New,150 Main Street Trust > Bank of America,,,,9,9,table,False,False,,False,0,False,True,100,True,20,False,https://disclosures-clerk.house.gov/public_disc/ptr-pdfs/2025/20033455.pdf,,,,"Netflix, Inc. - Common Stock (NFLX) [ST]","Netflix, Inc. - Common Stock (NFLX) [ST]",P,10/17/2025,11/12/2025,"$1,001 - $15,000",Filing Status: New Subholding Of: 150 Main Street Trust > Bank of America,"Netflix, Inc. - Common Stock (NFLX) [ST] P 10/17/2025 11/12/2025 $1,001 - $15,000 Filing Status: New Subholding Of: 150 Main Street Trust > Bank of America",,,False,100,NFLX,accepted,house_ptr_structure+v8_1,False,False,False,10/17/2025,False,,valid_range
20033455,Hon. Gilbert Cisneros,Member,CA31,20033455.pdf,2025,75,,"Netflix, Inc. - Common Stock","Netflix, Inc. - Common Stock",NFLX,NFLX,ST,S (partial),2025-10-07,2025-11-12,1001.0,15000.0,,"$1,001 - $15,000",valid_range,New,150 Main Street Trust > Bank of America,,,,9,9,table,False,False,,False,0,False,False,100,True,20,False,https://disclosures-clerk.house.gov/public_disc/ptr-pdfs/2025/20033455.pdf,,,,"Netflix, Inc. - Common Stock (NFLX) [ST] Filing Status: New Subholding Of: 150 Main Street Trust >","Netflix, Inc. - Common Stock (NFLX) [ST]",S (partial) Bank of America,10/07/2025,11/12/2025,"$1,001 - $15,000",,"Netflix, Inc. - Common Stock (NFLX) [ST] S (partial) 10/07/2025 11/12/2025 $1,001 - $15,000 Filing Status: New Subholding Of: 150 Main Street Trust > Bank of America",,,False,100,NFLX,accepted,house_ptr_structure+v8_1,False,False,False,10/07/2025,False,,valid_range
20033455,Hon. Gilbert Cisneros,Member,CA31,20033455.pdf,2025,76,,New York Liberty Development Corporation Revenue Bonds,New York Liberty Development Corporation Revenue Bonds,,,GS,P,2025-10-08,2025-11-12,250001.0,500000.0,,"$250,001 - $500,000",valid_range,New,150 Main Street Trust > Bank of America,,,,9,9,table,False,False,,False,0,False,True,100,True,20,False,https://disclosures-clerk.house.gov/public_disc/ptr-pdfs/2025/20033455.pdf,,,,New York Liberty Development Corporation Revenue Bonds [GS],New York Liberty Development Corporation Revenue Bonds [GS],P,10/08/2025,11/12/2025,"$250,001 - $500,000",Filing Status: New Subholding Of: 150 Main Street Trust > Bank of America,"New York Liberty Development Corporation Revenue Bonds [GS] P 10/08/2025 11/12/2025 $250,001 - $500,000 Filing Status: New Subholding Of: 150 Main Street Trust > Bank of America",,,False,100,,not_applicable,,False,False,False,10/08/2025,False,,valid_range
20033455,Hon. Gilbert Cisneros,Member,CA31,20033455.pdf,2025,77,,NINTENDO CO LTD ORD,NINTENDO CO LTD ORD,NTDOF,NTDOF,ST,P,2025-10-21,2025-11-12,1001.0,15000.0,,"$1,001 - $15,000",valid_range,New,150 Main Street Trust > Bank of America,,Ticker 7974 JP,,10,10,table,False,False,,False,0,False,False,100,True,30,False,https://disclosures-clerk.house.gov/public_disc/ptr-pdfs/2025/20033455.pdf,,,,NINTENDO CO LTD ORD (NTDOF) [ST] Filing Status: New Subholding Of: 150 Main Street Trust > Description: Ticker 7974 JP,NINTENDO CO LTD ORD (NTDOF) [ST],P Bank of America,10/21/2025,11/12/2025,"$1,001 - $15,000",,"NINTENDO CO LTD ORD (NTDOF) [ST] P 10/21/2025 11/12/2025 $1,001 - $15,000 Filing Status: New Subholding Of: 150 Main Street Trust > Bank of America Description: Ticker 7974 JP",,,False,100,NTDOF,accepted,house_ptr_structure+v8_1,False,False,False,10/21/2025,False,,valid_range
20033455,Hon. Gilbert Cisneros,Member,CA31,20033455.pdf,2025,78,,NVIDIA Corporation - Common Stock,NVIDIA Corporation - Common Stock,NVDA,NVDA,ST,P,2025-10-17,2025-11-12,1001.0,15000.0,,"$1,001 - $15,000",valid_range,New,150 Main Street Trust > Bank of America,,,,10,10,table,False,False,,False,0,False,True,100,True,20,False,https://disclosures-clerk.house.gov/public_disc/ptr-pdfs/2025/20033455.pdf,,,,NVIDIA Corporation - Common Stock (NVDA) [ST],NVIDIA Corporation - Common Stock (NVDA) [ST],P,10/17/2025,11/12/2025,"$1,001 - $15,000",Filing Status: New Subholding Of: 150 Main Street Trust > Bank of America,"NVIDIA Corporation - Common Stock (NVDA) [ST] P 10/17/2025 11/12/2025 $1,001 - $15,000 Filing Status: New Subholding Of: 150 Main Street Trust > Bank of America",,,False,100,NVDA,accepted,house_ptr_structure+v8_1,False,False,False,10/17/2025,False,,valid_range
20033455,Hon. Gilbert Cisneros,Member,CA31,20033455.pdf,2025,79,,NXP Semiconductors N.V. - Common Stock,NXP Semiconductors N.V. - Common Stock,NXPI,NXPI,ST,P,2025-10-17,2025-11-12,1001.0,15000.0,,"$1,001 - $15,000",valid_range,New,150 Main Street Trust > Bank of America,,,,10,10,table,False,False,,False,0,False,False,100,True,20,False,https://disclosures-clerk.house.gov/public_disc/ptr-pdfs/2025/20033455.pdf,,,,NXP Semiconductors N.V. - Common Stock (NXPI) [ST] Filing Status: New Subholding Of: 150 Main Street Trust >,NXP Semiconductors N.V. - Common Stock (NXPI) [ST],P Bank of America,10/17/2025,11/12/2025,"$1,001 - $15,000",,"NXP Semiconductors N.V. - Common Stock (NXPI) [ST] P 10/17/2025 11/12/2025 $1,001 - $15,000 Filing Status: New Subholding Of: 150 Main Street Trust > Bank of America",,,False,100,NXPI,accepted,house_ptr_structure+v8_1,False,False,False,10/17/2025,False,,valid_range
20033455,Hon. Gilbert Cisneros,Member,CA31,20033455.pdf,2025,80,,Oracle Corporation Common Stock,Oracle Corporation Common Stock,ORCL,ORCL,ST,P,2025-10-17,2025-11-12,1001.0,15000.0,,"$1,001 - $15,000",valid_range,New,150 Main Street Trust > Bank of America,,,,10,10,table,False,False,,False,0,False,True,100,True,20,False,https://disclosures-clerk.house.gov/public_disc/ptr-pdfs/2025/20033455.pdf,,,,Oracle Corporation Common Stock (ORCL) [ST],Oracle Corporation Common Stock (ORCL) [ST],P,10/17/2025,11/12/2025,"$1,001 - $15,000",Filing Status: New Subholding Of: 150 Main Street Trust > Bank of America,"Oracle Corporation Common Stock (ORCL) [ST] P 10/17/2025 11/12/2025 $1,001 - $15,000 Filing Status: New Subholding Of: 150 Main Street Trust > Bank of America",,,False,100,ORCL,accepted,house_ptr_structure+v8_1,False,False,False,10/17/2025,False,,valid_range
20033455,Hon. Gilbert Cisneros,Member,CA31,20033455.pdf,2025,81,,Palantir Technologies Inc. - Class A Common Stock,Palantir Technologies Inc. - Class A Common Stock,PLTR,PLTR,ST,P,2025-10-09,2025-11-12,1001.0,15000.0,,"$1,001 - $15,000",valid_range,New,150 Main Street Trust > Bank of America,,,,10,10,table,False,False,,False,0,False,False,100,True,20,False,https://disclosures-clerk.house.gov/public_disc/ptr-pdfs/2025/20033455.pdf,,,,Palantir Technologies Inc. - Class A Common Stock (PLTR) [ST] Filing Status: New Subholding Of: 150 Main Street Trust >,Palantir Technologies Inc. - Class A Common Stock (PLTR) [ST],P Bank of America,10/09/2025,11/12/2025,"$1,001 - $15,000",,"Palantir Technologies Inc. - Class A Common Stock (PLTR) [ST] P 10/09/2025 11/12/2025 $1,001 - $15,000 Filing Status: New Subholding Of: 150 Main Street Trust > Bank of America",,,False,100,PLTR,accepted,house_ptr_structure+v8_1,False,False,False,10/09/2025,False,,valid_range
20033455,Hon. Gilbert Cisneros,Member,CA31,20033455.pdf,2025,82,,"Perris, CA Union High School District GO Ref. Bonds","Perris, CA Union High School District GO Ref. Bonds",,,GS,S (partial),2025-10-07,2025-11-12,100001.0,250000.0,,"$100,001 - $250,000",valid_range,New,150 Main Street Trust > Bank of America,,,,10,10,table,False,False,,False,0,False,True,100,True,20,False,https://disclosures-clerk.house.gov/public_disc/ptr-pdfs/2025/20033455.pdf,,,,"Perris, CA Union High School District GO Ref. Bonds [GS]","Perris, CA Union High School District GO Ref. Bonds [GS]",S (partial),10/07/2025,11/12/2025,"$100,001 - $250,000",Filing Status: New Subholding Of: 150 Main Street Trust > Bank of America,"Perris, CA Union High School District GO Ref. Bonds [GS] S (partial) 10/07/2025 11/12/2025 $100,001 - $250,000 Filing Status: New Subholding Of: 150 Main Street Trust > Bank of America",,,False,100,,not_applicable,,False,False,False,10/07/2025,False,,valid_range
20033455,Hon. Gilbert Cisneros,Member,CA31,20033455.pdf,2025,83,,"Phreesia, Inc. Common Stock","Phreesia, Inc. Common Stock",PHR,PHR,ST,P,2025-10-09,2025-11-12,1001.0,15000.0,,"$1,001 - $15,000",valid_range,New,150 Main Street Trust > Bank of America,,,,10,10,table,False,False,,False,0,False,False,100,True,20,False,https://disclosures-clerk.house.gov/public_disc/ptr-pdfs/2025/20033455.pdf,,,,"Phreesia, Inc. Common Stock (PHR) [ST] Filing Status: New Subholding Of: 150 Main Street Trust >","Phreesia, Inc. Common Stock (PHR) [ST]",P Bank of America,10/09/2025,11/12/2025,"$1,001 - $15,000",,"Phreesia, Inc. Common Stock (PHR) [ST] P 10/09/2025 11/12/2025 $1,001 - $15,000 Filing Status: New Subholding Of: 150 Main Street Trust > Bank of America",,,False,100,PHR,accepted,house_ptr_structure+v8_1,False,False,False,10/09/2025,False,,valid_range
20033455,Hon. Gilbert Cisneros,Member,CA31,20033455.pdf,2025,84,,Procter & Gamble Company,Procter & Gamble Company,PG,PG,ST,P,2025-10-17,2025-11-12,1001.0,15000.0,,"$1,001 - $15,000",valid_range,New,150 Main Street Trust > Bank of America,,,,10,10,table,False,False,,False,0,False,True,100,True,20,False,https://disclosures-clerk.house.gov/public_disc/ptr-pdfs/2025/20033455.pdf,,,,Procter & Gamble Company (PG) [ST],Procter & Gamble Company (PG) [ST],P,10/17/2025,11/12/2025,"$1,001 - $15,000",Filing Status: New Subholding Of: 150 Main Street Trust > Bank of America,"Procter & Gamble Company (PG) [ST] P 10/17/2025 11/12/2025 $1,001 - $15,000 Filing Status: New Subholding Of: 150 Main Street Trust > Bank of America",,,False,100,PG,accepted,house_ptr_structure+v8_1,False,False,False,10/17/2025,False,,valid_range
20033455,Hon. Gilbert Cisneros,Member,CA31,20033455.pdf,2025,85,,"Quanta Services, Inc. Common Stock","Quanta Services, Inc. Common Stock",PWR,PWR,ST,P,2025-10-17,2025-11-12,1001.0,15000.0,,"$1,001 - $15,000",valid_range,New,150 Main Street Trust > Bank of America,,,,10,10,table,False,False,,False,0,False,False,100,True,20,False,https://disclosures-clerk.house.gov/public_disc/ptr-pdfs/2025/20033455.pdf,,,,"Quanta Services, Inc. Common Stock (PWR) [ST] Filing Status: New Subholding Of: 150 Main Street Trust >","Quanta Services, Inc. Common Stock (PWR) [ST]",P Bank of America,10/17/2025,11/12/2025,"$1,001 - $15,000",,"Quanta Services, Inc. Common Stock (PWR) [ST] P 10/17/2025 11/12/2025 $1,001 - $15,000 Filing Status: New Subholding Of: 150 Main Street Trust > Bank of America",,,False,100,PWR,accepted,house_ptr_structure+v8_1,False,False,False,10/17/2025,False,,valid_range
20033455,Hon. Gilbert Cisneros,Member,CA31,20033455.pdf,2025,86,,Rheinmetall Ag Ordinary Shares,Rheinmetall Ag Ordinary Shares,RNMBF,RNMBF,ST,P,2025-10-21,2025-11-12,1001.0,15000.0,,"$1,001 - $15,000",valid_range,New,150 Main Street Trust > Bank of America,,Ticker RHM GR,,11,11,table,False,False,,False,0,False,True,100,True,30,False,https://disclosures-clerk.house.gov/public_disc/ptr-pdfs/2025/20033455.pdf,,,,Rheinmetall Ag Ordinary Shares (RNMBF) [ST],Rheinmetall Ag Ordinary Shares (RNMBF) [ST],P,10/21/2025,11/12/2025,"$1,001 - $15,000",Filing Status: New Subholding Of: 150 Main Street Trust > Bank of America Description: Ticker RHM GR,"Rheinmetall Ag Ordinary Shares (RNMBF) [ST] P 10/21/2025 11/12/2025 $1,001 - $15,000 Filing Status: New Subholding Of: 150 Main Street Trust > Bank of America Description: Ticker RHM GR",,,False,100,RNMBF,accepted,house_ptr_structure+v8_1,False,False,False,10/21/2025,False,,valid_range
20033455,Hon. Gilbert Cisneros,Member,CA31,20033455.pdf,2025,87,,"Robinhood Markets, Inc. - Class A Common Stock","Robinhood Markets, Inc. - Class A Common Stock",HOOD,HOOD,ST,P,2025-10-17,2025-11-12,1001.0,15000.0,,"$1,001 - $15,000",valid_range,New,150 Main Street Trust > Bank of America,,,,11,11,table,False,False,,False,0,False,False,100,True,20,False,https://disclosures-clerk.house.gov/public_disc/ptr-pdfs/2025/20033455.pdf,,,,"Robinhood Markets, Inc. - Class A Common Stock (HOOD) [ST] Filing Status: New Subholding Of: 150 Main Street Trust >","Robinhood Markets, Inc. - Class A Common Stock (HOOD) [ST]",P Bank of America,10/17/2025,11/12/2025,"$1,001 - $15,000",,"Robinhood Markets, Inc. - Class A Common Stock (HOOD) [ST] P 10/17/2025 11/12/2025 $1,001 - $15,000 Filing Status: New Subholding Of: 150 Main Street Trust > Bank of America",,,False,100,HOOD,accepted,house_ptr_structure+v8_1,False,False,False,10/17/2025,False,,valid_range
20033455,Hon. Gilbert Cisneros,Member,CA31,20033455.pdf,2025,88,,"San Diego, CA, Cmnty. College Dist. GO Bonds","San Diego, CA, Cmnty. College Dist. GO Bonds",,,GS,S (partial),2025-10-15,2025-11-12,100001.0,250000.0,,"$100,001 - $250,000",valid_range,New,150 Main Street Trust > Bank of America,,,,11,11,table,False,False,,False,0,False,True,100,True,20,False,https://disclosures-clerk.house.gov/public_disc/ptr-pdfs/2025/20033455.pdf,,,,"San Diego, CA, Cmnty. College Dist. GO Bonds [GS]","San Diego, CA, Cmnty. College Dist. GO Bonds [GS]",S (partial),10/15/2025,11/12/2025,"$100,001 - $250,000",Filing Status: New Subholding Of: 150 Main Street Trust > Bank of America,"San Diego, CA, Cmnty. College Dist. GO Bonds [GS] S (partial) 10/15/2025 11/12/2025 $100,001 - $250,000 Filing Status: New Subholding Of: 150 Main Street Trust > Bank of America",,,False,100,,not_applicable,,False,False,False,10/15/2025,False,,valid_range
20033455,Hon. Gilbert Cisneros,Member,CA31,20033455.pdf,2025,89,,SAP SE ADS,SAP SE ADS,SAP,SAP,ST,P,2025-10-21,2025-11-12,1001.0,15000.0,,"$1,001 - $15,000",valid_range,New,150 Main Street Trust > Bank of America,,Ticker SAP GR,,11,11,table,False,False,,False,0,False,False,100,True,30,False,https://disclosures-clerk.house.gov/public_disc/ptr-pdfs/2025/20033455.pdf,,,,SAP SE ADS (SAP) [ST] Filing Status: New Subholding Of: 150 Main Street Trust > Description: Ticker SAP GR,SAP SE ADS (SAP) [ST],P Bank of America,10/21/2025,11/12/2025,"$1,001 - $15,000",,"SAP SE ADS (SAP) [ST] P 10/21/2025 11/12/2025 $1,001 - $15,000 Filing Status: New Subholding Of: 150 Main Street Trust > Bank of America Description: Ticker SAP GR",,,False,100,SAP,accepted,house_ptr_structure+v8_1,False,False,False,10/21/2025,False,,valid_range
20033455,Hon. Gilbert Cisneros,Member,CA31,20033455.pdf,2025,90,,SCHNEIDER ELECTRIC SA,SCHNEIDER ELECTRIC SA,SBGSF,SBGSF,ST,P,2025-10-21,2025-11-12,1001.0,15000.0,,"$1,001 - $15,000",valid_range,New,150 Main Street Trust > Bank of America,,Ticker SU FP,,11,11,table,False,False,,False,0,False,True,100,True,30,False,https://disclosures-clerk.house.gov/public_disc/ptr-pdfs/2025/20033455.pdf,,,,SCHNEIDER ELECTRIC SA (SBGSF) [ST],SCHNEIDER ELECTRIC SA (SBGSF) [ST],P,10/21/2025,11/12/2025,"$1,001 - $15,000",Filing Status: New Subholding Of: 150 Main Street Trust > Bank of America Description: Ticker SU FP,"SCHNEIDER ELECTRIC SA (SBGSF) [ST] P 10/21/2025 11/12/2025 $1,001 - $15,000 Filing Status: New Subholding Of: 150 Main Street Trust > Bank of America Description: Ticker SU FP",,,False,100,SBGSF,accepted,house_ptr_structure+v8_1,False,False,False,10/21/2025,False,,valid_range
20033455,Hon. Gilbert Cisneros,Member,CA31,20033455.pdf,2025,91,,"ServiceNow, Inc. Common Stock","ServiceNow, Inc. Common Stock",NOW,NOW,ST,P,2025-10-17,2025-11-12,1001.0,15000.0,,"$1,001 - $15,000",valid_range,New,150 Main Street Trust > Bank of America,,,,11,11,table,False,False,,False,0,False,False,100,True,20,False,https://disclosures-clerk.house.gov/public_disc/ptr-pdfs/2025/20033455.pdf,,,,"ServiceNow, Inc. Common Stock (NOW) [ST] Filing Status: New Subholding Of: 150 Main Street Trust >","ServiceNow, Inc. Common Stock (NOW) [ST]",P Bank of America,10/17/2025,11/12/2025,"$1,001 - $15,000",,"ServiceNow, Inc. Common Stock (NOW) [ST] P 10/17/2025 11/12/2025 $1,001 - $15,000 Filing Status: New Subholding Of: 150 Main Street Trust > Bank of America",,,False,100,NOW,accepted,house_ptr_structure+v8_1,False,False,False,10/17/2025,False,,valid_range
20033455,Hon. Gilbert Cisneros,Member,CA31,20033455.pdf,2025,92,,SIEMENS ENERGY AG,SIEMENS ENERGY AG,SMEGF,SMEGF,ST,P,2025-10-21,2025-11-12,1001.0,15000.0,,"$1,001 - $15,000",valid_range,New,150 Main Street Trust > Bank of America,,Ticker ENR GR,,11,11,table,False,False,,False,0,False,True,100,True,30,False,https://disclosures-clerk.house.gov/public_disc/ptr-pdfs/2025/20033455.pdf,,,,SIEMENS ENERGY AG (SMEGF) [ST],SIEMENS ENERGY AG (SMEGF) [ST],P,10/21/2025,11/12/2025,"$1,001 - $15,000",Filing Status: New Subholding Of: 150 Main Street Trust > Bank of America Description: Ticker ENR GR,"SIEMENS ENERGY AG (SMEGF) [ST] P 10/21/2025 11/12/2025 $1,001 - $15,000 Filing Status: New Subholding Of: 150 Main Street Trust > Bank of America Description: Ticker ENR GR",,,False,100,SMEGF,accepted,house_ptr_structure+v8_1,False,False,False,10/21/2025,False,,valid_range
20033455,Hon. Gilbert Cisneros,Member,CA31,20033455.pdf,2025,93,,"Skyward Specialty Insurance Group, Inc. - Common Stock","Skyward Specialty Insurance Group, Inc. - Common Stock",SKWD,SKWD,ST,P,2025-10-03,2025-11-12,1001.0,15000.0,,"$1,001 - $15,000",valid_range,New,150 Main Street Trust > Bank of America,,,,11,11,table,False,False,,False,0,False,False,100,True,20,False,https://disclosures-clerk.house.gov/public_disc/ptr-pdfs/2025/20033455.pdf,,,,"Skyward Specialty Insurance Group, Inc. - Common Stock (SKWD) [ST] Filing Status: New Subholding Of: 150 Main Street Trust >","Skyward Specialty Insurance Group, Inc. - Common Stock (SKWD) [ST]",P Bank of America,10/03/2025,11/12/2025,"$1,001 - $15,000",,"Skyward Specialty Insurance Group, Inc. - Common Stock (SKWD) [ST] P 10/03/2025 11/12/2025 $1,001 - $15,000 Filing Status: New Subholding Of: 150 Main Street Trust > Bank of America",,,False,100,SKWD,accepted,house_ptr_structure+v8_1,False,False,False,10/03/2025,False,,valid_range
20033455,Hon. Gilbert Cisneros,Member,CA31,20033455.pdf,2025,94,,Spotify Technology S.A. Ordinary,Spotify Technology S.A. Ordinary,SPOT,SPOT,ST,P,2025-10-17,2025-11-12,1001.0,15000.0,,"$1,001 - $15,000",valid_range,New,150 Main Street Trust > Bank of America,,,,11,12,table,False,False,,True,0,False,True,98,True,20,False,https://disclosures-clerk.house.gov/public_disc/ptr-pdfs/2025/20033455.pdf,,,,Spotify Technology S.A. Ordinary,Spotify Technology S.A. Ordinary yp $200? Shares (SPOT) [ST],P,10/17/2025,11/12/2025,"$1,001 - $15,000",yp $200? Shares (SPOT) [ST] Filing Status: New Subholding Of: 150 Main Street Trust > Bank of America,"Spotify Technology S.A. Ordinary P 10/17/2025 11/12/2025 $1,001 - $15,000 yp $200? Shares (SPOT) [ST] Filing Status: New Subholding Of: 150 Main Street Trust > Bank of America",,,False,98,SPOT,accepted,house_ptr_structure+v8_1,False,False,False,10/17/2025,False,,valid_range
20033455,Hon. Gilbert Cisneros,Member,CA31,20033455.pdf,2025,95,,"StandardAero, Inc. Common Stock","StandardAero, Inc. Common Stock",SARO,SARO,ST,P,2025-10-14,2025-11-12,1001.0,15000.0,,"$1,001 - $15,000",valid_range,New,150 Main Street Trust > Bank of America,,,,12,12,table,False,False,,False,0,False,False,100,True,20,False,https://disclosures-clerk.house.gov/public_disc/ptr-pdfs/2025/20033455.pdf,,,,"StandardAero, Inc. Common Stock (SARO) [ST] Filing Status: New Subholding Of: 150 Main Street Trust >","StandardAero, Inc. Common Stock (SARO) [ST]",P Bank of America,10/14/2025,11/12/2025,"$1,001 - $15,000",,"StandardAero, Inc. Common Stock (SARO) [ST] P 10/14/2025 11/12/2025 $1,001 - $15,000 Filing Status: New Subholding Of: 150 Main Street Trust > Bank of America",,,False,100,SARO,accepted,house_ptr_structure+v8_1,False,False,False,10/14/2025,False,,valid_range
20033455,Hon. Gilbert Cisneros,Member,CA31,20033455.pdf,2025,96,,"StandardAero, Inc. Common Stock","StandardAero, Inc. Common Stock",SARO,SARO,ST,P,2025-10-02,2025-11-12,1001.0,15000.0,,"$1,001 - $15,000",valid_range,New,150 Main Street Trust > Bank of America,,,,12,12,table,False,False,,False,0,False,True,100,True,20,False,https://disclosures-clerk.house.gov/public_disc/ptr-pdfs/2025/20033455.pdf,,,,"StandardAero, Inc. Common Stock (SARO) [ST]","StandardAero, Inc. Common Stock (SARO) [ST]",P,10/02/2025,11/12/2025,"$1,001 - $15,000",Filing Status: New Subholding Of: 150 Main Street Trust > Bank of America,"StandardAero, Inc. Common Stock (SARO) [ST] P 10/02/2025 11/12/2025 $1,001 - $15,000 Filing Status: New Subholding Of: 150 Main Street Trust > Bank of America",,,False,100,SARO,accepted,house_ptr_structure+v8_1,False,False,False,10/02/2025,False,,valid_range
20033455,Hon. Gilbert Cisneros,Member,CA31,20033455.pdf,2025,97,,"StandardAero, Inc. Common Stock","StandardAero, Inc. Common Stock",SARO,SARO,ST,P,2025-10-07,2025-11-12,1001.0,15000.0,,"$1,001 - $15,000",valid_range,New,150 Main Street Trust > Bank of America,,,,12,12,table,False,False,,False,0,False,False,100,True,20,False,https://disclosures-clerk.house.gov/public_disc/ptr-pdfs/2025/20033455.pdf,,,,"StandardAero, Inc. Common Stock (SARO) [ST] Filing Status: New Subholding Of: 150 Main Street Trust >","StandardAero, Inc. Common Stock (SARO) [ST]",P Bank of America,10/07/2025,11/12/2025,"$1,001 - $15,000",,"StandardAero, Inc. Common Stock (SARO) [ST] P 10/07/2025 11/12/2025 $1,001 - $15,000 Filing Status: New Subholding Of: 150 Main Street Trust > Bank of America",,,False,100,SARO,accepted,house_ptr_structure+v8_1,False,False,False,10/07/2025,False,,valid_range
20033455,Hon. Gilbert Cisneros,Member,CA31,20033455.pdf,2025,98,,"Sterling Infrastructure, Inc. - Common Stock","Sterling Infrastructure, Inc. - Common Stock",STRL,STRL,ST,S (partial),2025-10-03,2025-11-12,1001.0,15000.0,,"$1,001 - $15,000",valid_range,New,150 Main Street Trust > Bank of America,,,,12,12,table,False,False,,False,0,False,True,100,True,20,False,https://disclosures-clerk.house.gov/public_disc/ptr-pdfs/2025/20033455.pdf,,,,"Sterling Infrastructure, Inc. - Common Stock (STRL) [ST]","Sterling Infrastructure, Inc. - Common Stock (STRL) [ST]",S (partial),10/03/2025,11/12/2025,"$1,001 - $15,000",Filing Status: New Subholding Of: 150 Main Street Trust > Bank of America,"Sterling Infrastructure, Inc. - Common Stock (STRL) [ST] S (partial) 10/03/2025 11/12/2025 $1,001 - $15,000 Filing Status: New Subholding Of: 150 Main Street Trust > Bank of America",,,False,100,STRL,accepted,house_ptr_structure+v8_1,False,False,False,10/03/2025,False,,valid_range
20033455,Hon. Gilbert Cisneros,Member,CA31,20033455.pdf,2025,99,,"Sterling Infrastructure, Inc. - Common Stock","Sterling Infrastructure, Inc. - Common Stock",STRL,STRL,ST,S (partial),2025-10-30,2025-11-12,1001.0,15000.0,,"$1,001 - $15,000",valid_range,New,150 Main Street Trust > Bank of America,,,,12,12,table,False,False,,False,0,False,False,100,True,20,False,https://disclosures-clerk.house.gov/public_disc/ptr-pdfs/2025/20033455.pdf,,,,"Sterling Infrastructure, Inc. - Common Stock (STRL) [ST] Filing Status: New Subholding Of: 150 Main Street Trust >","Sterling Infrastructure, Inc. - Common Stock (STRL) [ST]",S (partial) Bank of America,10/30/2025,11/12/2025,"$1,001 - $15,000",,"Sterling Infrastructure, Inc. - Common Stock (STRL) [ST] S (partial) 10/30/2025 11/12/2025 $1,001 - $15,000 Filing Status: New Subholding Of: 150 Main Street Trust > Bank of America",,,False,100,STRL,accepted,house_ptr_structure+v8_1,False,False,False,10/30/2025,False,,valid_range
20033455,Hon. Gilbert Cisneros,Member,CA31,20033455.pdf,2025,100,,Stryker Corporation Common Stock,Stryker Corporation Common Stock,SYK,SYK,ST,P,2025-10-17,2025-11-12,1001.0,15000.0,,"$1,001 - $15,000",valid_range,New,150 Main Street Trust > Bank of America,,,,12,12,table,False,False,,False,0,False,True,100,True,20,False,https://disclosures-clerk.house.gov/public_disc/ptr-pdfs/2025/20033455.pdf,,,,Stryker Corporation Common Stock (SYK) [ST],Stryker Corporation Common Stock (SYK) [ST],P,10/17/2025,11/12/2025,"$1,001 - $15,000",Filing Status: New Subholding Of: 150 Main Street Trust > Bank of America,"Stryker Corporation Common Stock (SYK) [ST] P 10/17/2025 11/12/2025 $1,001 - $15,000 Filing Status: New Subholding Of: 150 Main Street Trust > Bank of America",,,False,100,SYK,accepted,house_ptr_structure+v8_1,False,False,False,10/17/2025,False,,valid_range
20033455,Hon. Gilbert Cisneros,Member,CA31,20033455.pdf,2025,101,,"Supernus Pharmaceuticals, Inc. - Common Stock","Supernus Pharmaceuticals, Inc. - Common Stock",SUPN,SUPN,ST,S (partial),2025-10-09,2025-11-12,1001.0,15000.0,,"$1,001 - $15,000",valid_range,New,150 Main Street Trust > Bank of America,,,,12,12,table,False,False,,False,0,False,False,100,True,20,False,https://disclosures-clerk.house.gov/public_disc/ptr-pdfs/2025/20033455.pdf,,,,"Supernus Pharmaceuticals, Inc. - Common Stock (SUPN) [ST] Filing Status: New Subholding Of: 150 Main Street Trust >","Supernus Pharmaceuticals, Inc. - Common Stock (SUPN) [ST]",S (partial) Bank of America,10/09/2025,11/12/2025,"$1,001 - $15,000",,"Supernus Pharmaceuticals, Inc. - Common Stock (SUPN) [ST] S (partial) 10/09/2025 11/12/2025 $1,001 - $15,000 Filing Status: New Subholding Of: 150 Main Street Trust > Bank of America",,,False,100,SUPN,accepted,house_ptr_structure+v8_1,False,False,False,10/09/2025,False,,valid_range
20033455,Hon. Gilbert Cisneros,Member,CA31,20033455.pdf,2025,102,,"Synopsys, Inc. - Common Stock","Synopsys, Inc. - Common Stock",SNPS,SNPS,ST,S (partial),2025-10-09,2025-11-12,1001.0,15000.0,,"$1,001 - $15,000",valid_range,New,150 Main Street Trust > Bank of America,,,,12,12,table,False,False,,False,0,False,True,100,True,20,False,https://disclosures-clerk.house.gov/public_disc/ptr-pdfs/2025/20033455.pdf,,,,"Synopsys, Inc. - Common Stock (SNPS) [ST]","Synopsys, Inc. - Common Stock (SNPS) [ST]",S (partial),10/09/2025,11/12/2025,"$1,001 - $15,000",Filing Status: New Subholding Of: 150 Main Street Trust > Bank of America,"Synopsys, Inc. - Common Stock (SNPS) [ST] S (partial) 10/09/2025 11/12/2025 $1,001 - $15,000 Filing Status: New Subholding Of: 150 Main Street Trust > Bank of America",,,False,100,SNPS,accepted,house_ptr_structure+v8_1,False,False,False,10/09/2025,False,,valid_range
20033455,Hon. Gilbert Cisneros,Member,CA31,20033455.pdf,2025,103,,Taiwan Semiconductor Manufacturing,Taiwan Semiconductor Manufacturing,TSM,TSM,ST,P,2025-10-17,2025-11-12,1001.0,15000.0,,"$1,001 - $15,000",valid_range,New,150 Main Street Trust > Bank of America,,,,12,13,table,False,False,,True,0,False,False,98,True,20,False,https://disclosures-clerk.house.gov/public_disc/ptr-pdfs/2025/20033455.pdf,,,,Taiwan Semiconductor Manufacturing,Taiwan Semiconductor Manufacturing Company Ltd. (TSM) [ST],P,10/17/2025,11/12/2025,"$1,001 - $15,000",Company Ltd. (TSM) [ST] Filing Status: New Subholding Of: 150 Main Street Trust > Bank of America,"Taiwan Semiconductor Manufacturing P 10/17/2025 11/12/2025 $1,001 - $15,000 Company Ltd. (TSM) [ST] Filing Status: New Subholding Of: 150 Main Street Trust > Bank of America",,,False,98,TSM,accepted,house_ptr_structure+v8_1,False,False,False,10/17/2025,False,,valid_range
20033455,Hon. Gilbert Cisneros,Member,CA31,20033455.pdf,2025,104,,TENCENT HLDIGS LTD,TENCENT HLDIGS LTD,TCTZF,TCTZF,ST,P,2025-10-21,2025-11-12,1001.0,15000.0,,"$1,001 - $15,000",valid_range,New,150 Main Street Trust > Bank of America,,Ticker 100 HK,,13,13,table,False,False,,False,0,False,True,100,True,30,False,https://disclosures-clerk.house.gov/public_disc/ptr-pdfs/2025/20033455.pdf,,,,TENCENT HLDIGS LTD (TCTZF) [ST],TENCENT HLDIGS LTD (TCTZF) [ST],P,10/21/2025,11/12/2025,"$1,001 - $15,000",Filing Status: New Subholding Of: 150 Main Street Trust > Bank of America Description: Ticker 100 HK,"TENCENT HLDIGS LTD (TCTZF) [ST] P 10/21/2025 11/12/2025 $1,001 - $15,000 Filing Status: New Subholding Of: 150 Main Street Trust > Bank of America Description: Ticker 100 HK",,,False,100,TCTZF,accepted,house_ptr_structure+v8_1,False,False,False,10/21/2025,False,,valid_range
20033455,Hon. Gilbert Cisneros,Member,CA31,20033455.pdf,2025,105,,"Tesla, Inc. - Common Stock","Tesla, Inc. - Common Stock",TSLA,TSLA,ST,P,2025-10-17,2025-11-12,1001.0,15000.0,,"$1,001 - $15,000",valid_range,New,150 Main Street Trust > Bank of America,,,,13,13,table,False,False,,False,0,False,False,100,True,20,False,https://disclosures-clerk.house.gov/public_disc/ptr-pdfs/2025/20033455.pdf,,,,"Tesla, Inc. - Common Stock (TSLA) [ST] Filing Status: New Subholding Of: 150 Main Street Trust >","Tesla, Inc. - Common Stock (TSLA) [ST]",P Bank of America,10/17/2025,11/12/2025,"$1,001 - $15,000",,"Tesla, Inc. - Common Stock (TSLA) [ST] P 10/17/2025 11/12/2025 $1,001 - $15,000 Filing Status: New Subholding Of: 150 Main Street Trust > Bank of America",,,False,100,TSLA,accepted,house_ptr_structure+v8_1,False,False,False,10/17/2025,False,,valid_range
20033455,Hon. Gilbert Cisneros,Member,CA31,20033455.pdf,2025,106,,"The Baldwin Insurance Group, Inc. - Class A Common Stock","The Baldwin Insurance Group, Inc. - Class A Common Stock",BWIN,BWIN,ST,S,2025-10-03,2025-11-12,1001.0,15000.0,,"$1,001 - $15,000",valid_range,New,150 Main Street Trust > Bank of America,,,,13,13,table,False,False,,False,0,False,True,100,True,20,False,https://disclosures-clerk.house.gov/public_disc/ptr-pdfs/2025/20033455.pdf,,,,"The Baldwin Insurance Group, Inc. - Class A Common Stock (BWIN) [ST]","The Baldwin Insurance Group, Inc. - Class A Common Stock (BWIN) [ST]",S,10/03/2025,11/12/2025,"$1,001 - $15,000",Filing Status: New Subholding Of: 150 Main Street Trust > Bank of America,"The Baldwin Insurance Group, Inc. - Class A Common Stock (BWIN) [ST] S 10/03/2025 11/12/2025 $1,001 - $15,000 Filing Status: New Subholding Of: 150 Main Street Trust > Bank of America",,,False,100,BWIN,accepted,house_ptr_structure+v8_1,False,False,False,10/03/2025,False,,valid_range
20033455,Hon. Gilbert Cisneros,Member,CA31,20033455.pdf,2025,107,,The Descartes Systems Group Inc. - Common Stock,The Descartes Systems Group Inc. - Common Stock,DSGX,DSGX,ST,S (partial),2025-11-03,2025-11-12,1001.0,15000.0,,"$1,001 - $15,000",valid_range,New,150 Main Street Trust > Bank of America,,,,13,13,table,False,False,,False,0,False,False,100,True,20,False,https://disclosures-clerk.house.gov/public_disc/ptr-pdfs/2025/20033455.pdf,,,,The Descartes Systems Group Inc. - Common Stock (DSGX) [ST] Filing Status: New Subholding Of: 150 Main Street Trust >,The Descartes Systems Group Inc. - Common Stock (DSGX) [ST],S (partial) Bank of America,11/03/2025,11/12/2025,"$1,001 - $15,000",,"The Descartes Systems Group Inc. - Common Stock (DSGX) [ST] S (partial) 11/03/2025 11/12/2025 $1,001 - $15,000 Filing Status: New Subholding Of: 150 Main Street Trust > Bank of America",,,False,100,DSGX,accepted,house_ptr_structure+v8_1,False,False,False,11/03/2025,False,,valid_range
20033455,Hon. Gilbert Cisneros,Member,CA31,20033455.pdf,2025,108,,Transdigm Group Incorporated Common Stock,Transdigm Group Incorporated Common Stock,TDG,TDG,ST,P,2025-10-17,2025-11-12,1001.0,15000.0,,"$1,001 - $15,000",valid_range,New,150 Main Street Trust > Bank of America,,,,13,13,table,False,False,,False,0,False,True,100,True,20,False,https://disclosures-clerk.house.gov/public_disc/ptr-pdfs/2025/20033455.pdf,,,,Transdigm Group Incorporated Common Stock (TDG) [ST],Transdigm Group Incorporated Common Stock (TDG) [ST],P,10/17/2025,11/12/2025,"$1,001 - $15,000",Filing Status: New Subholding Of: 150 Main Street Trust > Bank of America,"Transdigm Group Incorporated Common Stock (TDG) [ST] P 10/17/2025 11/12/2025 $1,001 - $15,000 Filing Status: New Subholding Of: 150 Main Street Trust > Bank of America",,,False,100,TDG,accepted,house_ptr_structure+v8_1,False,False,False,10/17/2025,False,,valid_range
20033455,Hon. Gilbert Cisneros,Member,CA31,20033455.pdf,2025,109,,"Uber Technologies, Inc. Common Stock","Uber Technologies, Inc. Common Stock",UBER,UBER,ST,P,2025-10-17,2025-11-12,1001.0,15000.0,,"$1,001 - $15,000",valid_range,New,150 Main Street Trust > Bank of America,,,,13,13,table,False,False,,False,0,False,False,100,True,20,False,https://disclosures-clerk.house.gov/public_disc/ptr-pdfs/2025/20033455.pdf,,,,"Uber Technologies, Inc. Common Stock (UBER) [ST] Filing Status: New Subholding Of: 150 Main Street Trust >","Uber Technologies, Inc. Common Stock (UBER) [ST]",P Bank of America,10/17/2025,11/12/2025,"$1,001 - $15,000",,"Uber Technologies, Inc. Common Stock (UBER) [ST] P 10/17/2025 11/12/2025 $1,001 - $15,000 Filing Status: New Subholding Of: 150 Main Street Trust > Bank of America",,,False,100,UBER,accepted,house_ptr_structure+v8_1,False,False,False,10/17/2025,False,,valid_range
20033455,Hon. Gilbert Cisneros,Member,CA31,20033455.pdf,2025,110,,"UFP Industries, Inc. - Common Stock","UFP Industries, Inc. - Common Stock",UFPI,UFPI,ST,S (partial),2025-10-30,2025-11-12,1001.0,15000.0,,"$1,001 - $15,000",valid_range,New,150 Main Street Trust > Bank of America,,,,13,13,table,False,False,,False,0,False,True,100,True,20,False,https://disclosures-clerk.house.gov/public_disc/ptr-pdfs/2025/20033455.pdf,,,,"UFP Industries, Inc. - Common Stock (UFPI) [ST]","UFP Industries, Inc. - Common Stock (UFPI) [ST]",S (partial),10/30/2025,11/12/2025,"$1,001 - $15,000",Filing Status: New Subholding Of: 150 Main Street Trust > Bank of America,"UFP Industries, Inc. - Common Stock (UFPI) [ST] S (partial) 10/30/2025 11/12/2025 $1,001 - $15,000 Filing Status: New Subholding Of: 150 Main Street Trust > Bank of America",,,False,100,UFPI,accepted,house_ptr_structure+v8_1,False,False,False,10/30/2025,False,,valid_range
20033455,Hon. Gilbert Cisneros,Member,CA31,20033455.pdf,2025,111,,UNICREDITO SPA ORD NEW,UNICREDITO SPA ORD NEW,UNCFF,UNCFF,ST,P,2025-10-21,2025-11-12,1001.0,15000.0,,"$1,001 - $15,000",valid_range,New,150 Main Street Trust > Bank of America,,Ticker UCG IM,,13,13,table,False,False,,False,0,False,False,100,True,30,False,https://disclosures-clerk.house.gov/public_disc/ptr-pdfs/2025/20033455.pdf,,,,UNICREDITO SPA ORD NEW (UNCFF) [ST] Filing Status: New Subholding Of: 150 Main Street Trust > Description: Ticker UCG IM,UNICREDITO SPA ORD NEW (UNCFF) [ST],P Bank of America,10/21/2025,11/12/2025,"$1,001 - $15,000",,"UNICREDITO SPA ORD NEW (UNCFF) [ST] P 10/21/2025 11/12/2025 $1,001 - $15,000 Filing Status: New Subholding Of: 150 Main Street Trust > Bank of America Description: Ticker UCG IM",,,False,100,UNCFF,accepted,house_ptr_structure+v8_1,False,False,False,10/21/2025,False,,valid_range
20033455,Hon. Gilbert Cisneros,Member,CA31,20033455.pdf,2025,112,,UnitedHealth Group Incorporated Common Stock,UnitedHealth Group Incorporated Common Stock,UNH,UNH,ST,P,2025-10-09,2025-11-12,1001.0,15000.0,,"$1,001 - $15,000",valid_range,New,150 Main Street Trust > Bank of America,,,,14,14,table,False,False,,False,0,False,True,100,True,20,False,https://disclosures-clerk.house.gov/public_disc/ptr-pdfs/2025/20033455.pdf,,,,UnitedHealth Group Incorporated Common Stock (UNH) [ST],UnitedHealth Group Incorporated Common Stock (UNH) [ST],P,10/09/2025,11/12/2025,"$1,001 - $15,000",Filing Status: New Subholding Of: 150 Main Street Trust > Bank of America,"UnitedHealth Group Incorporated Common Stock (UNH) [ST] P 10/09/2025 11/12/2025 $1,001 - $15,000 Filing Status: New Subholding Of: 150 Main Street Trust > Bank of America",,,False,100,UNH,accepted,house_ptr_structure+v8_1,False,False,False,10/09/2025,False,,valid_range
20033455,Hon. Gilbert Cisneros,Member,CA31,20033455.pdf,2025,113,,"Vertiv Holdings, LLC Class A Common Stock","Vertiv Holdings, LLC Class A Common Stock",VRT,VRT,ST,P,2025-10-17,2025-11-12,1001.0,15000.0,,"$1,001 - $15,000",valid_range,New,150 Main Street Trust > Bank of America,,,,14,14,table,False,False,,False,0,False,False,100,True,20,False,https://disclosures-clerk.house.gov/public_disc/ptr-pdfs/2025/20033455.pdf,,,,"Vertiv Holdings, LLC Class A Common Stock (VRT) [ST] Filing Status: New Subholding Of: 150 Main Street Trust >","Vertiv Holdings, LLC Class A Common Stock (VRT) [ST]",P Bank of America,10/17/2025,11/12/2025,"$1,001 - $15,000",,"Vertiv Holdings, LLC Class A Common Stock (VRT) [ST] P 10/17/2025 11/12/2025 $1,001 - $15,000 Filing Status: New Subholding Of: 150 Main Street Trust > Bank of America",,,False,100,VRT,accepted,house_ptr_structure+v8_1,False,False,False,10/17/2025,False,,valid_range
20033455,Hon. Gilbert Cisneros,Member,CA31,20033455.pdf,2025,114,,Walmart Inc. Common Stock,Walmart Inc. Common Stock,WMT,WMT,ST,P,2025-10-17,2025-11-12,1001.0,15000.0,,"$1,001 - $15,000",valid_range,New,150 Main Street Trust > Bank of America,,,,14,14,table,False,False,,False,0,False,True,100,True,20,False,https://disclosures-clerk.house.gov/public_disc/ptr-pdfs/2025/20033455.pdf,,,,Walmart Inc. Common Stock (WMT) [ST],Walmart Inc. Common Stock (WMT) [ST],P,10/17/2025,11/12/2025,"$1,001 - $15,000",Filing Status: New Subholding Of: 150 Main Street Trust > Bank of America,"Walmart Inc. Common Stock (WMT) [ST] P 10/17/2025 11/12/2025 $1,001 - $15,000 Filing Status: New Subholding Of: 150 Main Street Trust > Bank of America",,,False,100,WMT,accepted,house_ptr_structure+v8_1,False,False,False,10/17/2025,False,,valid_range
20033455,Hon. Gilbert Cisneros,Member,CA31,20033455.pdf,2025,115,,Washington State Health Care Facilities Authority Revenue Bonds,Washington State Health Care Facilities Authority Revenue Bonds,,,GS,P,2025-10-08,2025-11-12,250001.0,500000.0,,"$250,001 - $500,000",valid_range,New,150 Main Street Trust > Bank of America,,,,14,14,table,False,False,,False,0,False,False,100,True,20,False,https://disclosures-clerk.house.gov/public_disc/ptr-pdfs/2025/20033455.pdf,,,,Washington State Health Care Facilities Authority Revenue Bonds [GS] Filing Status: New Subholding Of: 150 Main Street Trust >,Washington State Health Care Facilities Authority Revenue Bonds [GS],P Bank of America,10/08/2025,11/12/2025,"$250,001 - $500,000",,"Washington State Health Care Facilities Authority Revenue Bonds [GS] P 10/08/2025 11/12/2025 $250,001 - $500,000 Filing Status: New Subholding Of: 150 Main Street Trust > Bank of America",,,False,100,,not_applicable,,False,False,False,10/08/2025,False,,valid_range
20033455,Hon. Gilbert Cisneros,Member,CA31,20033455.pdf,2025,116,,Wheaton Precious Metals Corp Common Shares,Wheaton Precious Metals Corp Common Shares,WPM,WPM,ST,P,2025-10-17,2025-11-12,1001.0,15000.0,,"$1,001 - $15,000",valid_range,New,150 Main Street Trust > Bank of America,,,,14,14,table,False,False,,False,0,False,True,100,True,20,False,https://disclosures-clerk.house.gov/public_disc/ptr-pdfs/2025/20033455.pdf,,,,Wheaton Precious Metals Corp Common Shares (WPM) [ST],Wheaton Precious Metals Corp Common Shares (WPM) [ST],P,10/17/2025,11/12/2025,"$1,001 - $15,000",Filing Status: New Subholding Of: 150 Main Street Trust > Bank of America,"Wheaton Precious Metals Corp Common Shares (WPM) [ST] P 10/17/2025 11/12/2025 $1,001 - $15,000 Filing Status: New Subholding Of: 150 Main Street Trust > Bank of America",,,False,100,WPM,accepted,house_ptr_structure+v8_1,False,False,False,10/17/2025,False,,valid_range
20033455,Hon. Gilbert Cisneros,Member,CA31,20033455.pdf,2025,117,,"Wiseburn, CA, Unified School District GO Ref. A Bonds","Wiseburn, CA, Unified School District GO Ref. A Bonds",,,GS,S,2025-10-15,2025-11-12,50001.0,100000.0,,"$50,001 - $100,000",valid_range,New,150 Main Street Trust > Bank of America,,,,14,14,table,False,False,,False,0,False,False,100,True,20,False,https://disclosures-clerk.house.gov/public_disc/ptr-pdfs/2025/20033455.pdf,,,,"Wiseburn, CA, Unified School District GO Ref. A Bonds [GS] Filing Status: New Subholding Of: 150 Main Street Trust >","Wiseburn, CA, Unified School District GO Ref. A Bonds [GS]",S Bank of America,10/15/2025,11/12/2025,"$50,001 - $100,000",,"Wiseburn, CA, Unified School District GO Ref. A Bonds [GS] S 10/15/2025 11/12/2025 $50,001 - $100,000 Filing Status: New Subholding Of: 150 Main Street Trust > Bank of America",,,False,100,,not_applicable,,False,False,False,10/15/2025,False,,valid_range
20033455,Hon. Gilbert Cisneros,Member,CA31,20033455.pdf,2025,118,,"Workday, Inc. - Class A Common Stock","Workday, Inc. - Class A Common Stock",WDAY,WDAY,ST,P,2025-10-14,2025-11-12,1001.0,15000.0,,"$1,001 - $15,000",valid_range,New,150 Main Street Trust > Bank of America,,,,14,14,table,False,False,,False,0,False,True,100,True,20,False,https://disclosures-clerk.house.gov/public_disc/ptr-pdfs/2025/20033455.pdf,,,,"Workday, Inc. - Class A Common Stock (WDAY) [ST]","Workday, Inc. - Class A Common Stock (WDAY) [ST]",P,10/14/2025,11/12/2025,"$1,001 - $15,000",Filing Status: New Subholding Of: 150 Main Street Trust > Bank of America,"Workday, Inc. - Class A Common Stock (WDAY) [ST] P 10/14/2025 11/12/2025 $1,001 - $15,000 Filing Status: New Subholding Of: 150 Main Street Trust > Bank of America",,,False,100,WDAY,accepted,house_ptr_structure+v8_1,False,False,False,10/14/2025,False,,valid_range
20033455,Hon. Gilbert Cisneros,Member,CA31,20033455.pdf,2025,119,,"Workday, Inc. - Class A Common Stock","Workday, Inc. - Class A Common Stock",WDAY,WDAY,ST,P,2025-10-15,2025-11-12,1001.0,15000.0,,"$1,001 - $15,000",valid_range,New,150 Main Street Trust > Bank of America,,,,14,14,table,False,False,,False,0,False,False,100,True,20,False,https://disclosures-clerk.house.gov/public_disc/ptr-pdfs/2025/20033455.pdf,,,,"Workday, Inc. - Class A Common Stock (WDAY) [ST] Filing Status: New Subholding Of: 150 Main Street Trust >","Workday, Inc. - Class A Common Stock (WDAY) [ST]",P Bank of America,10/15/2025,11/12/2025,"$1,001 - $15,000",,"Workday, Inc. - Class A Common Stock (WDAY) [ST] P 10/15/2025 11/12/2025 $1,001 - $15,000 Filing Status: New Subholding Of: 150 Main Street Trust > Bank of America",,,False,100,WDAY,accepted,house_ptr_structure+v8_1,False,False,False,10/15/2025,False,,valid_range
20033455,Hon. Gilbert Cisneros,Member,CA31,20033455.pdf,2025,120,,"Workday, Inc. - Class A Common Stock","Workday, Inc. - Class A Common Stock",WDAY,WDAY,ST,P,2025-10-07,2025-11-12,1001.0,15000.0,,"$1,001 - $15,000",valid_range,New $200?,150 Main Street Trust > Bank of America,,,,14,15,table,False,False,,True,0,False,True,98,True,20,False,https://disclosures-clerk.house.gov/public_disc/ptr-pdfs/2025/20033455.pdf,,,,"Workday, Inc. - Class A Common Stock (WDAY) [ST]","Workday, Inc. - Class A Common Stock (WDAY) [ST]",P,10/07/2025,11/12/2025,"$1,001 - $15,000",Filing Status: New $200? Subholding Of: 150 Main Street Trust > Bank of America,"Workday, Inc. - Class A Common Stock (WDAY) [ST] P 10/07/2025 11/12/2025 $1,001 - $15,000 Filing Status: New $200? Subholding Of: 150 Main Street Trust > Bank of America",,,False,98,WDAY,accepted,house_ptr_structure+v8_1,False,False,False,10/07/2025,False,,valid_range
20033455,Hon. Gilbert Cisneros,Member,CA31,20033455.pdf,2025,121,,XIAOMI CORP,XIAOMI CORP,XIACF,XIACF,ST,P,2025-10-21,2025-11-12,1001.0,15000.0,,"$1,001 - $15,000",valid_range,New,150 Main Street Trust > Bank of America,,Ticker 1810 HK,,15,15,table,False,False,,False,0,False,False,100,True,30,False,https://disclosures-clerk.house.gov/public_disc/ptr-pdfs/2025/20033455.pdf,,,,XIAOMI CORP (XIACF) [ST] Filing Status: New Subholding Of: 150 Main Street Trust > Description: Ticker 1810 HK,XIAOMI CORP (XIACF) [ST],P Bank of America,10/21/2025,11/12/2025,"$1,001 - $15,000",,"XIAOMI CORP (XIACF) [ST] P 10/21/2025 11/12/2025 $1,001 - $15,000 Filing Status: New Subholding Of: 150 Main Street Trust > Bank of America Description: Ticker 1810 HK",,,False,100,XIACF,accepted,house_ptr_structure+v8_1,False,False,False,10/21/2025,False,,valid_range
