filing_id,politician,member_status,state_district,source_pdf,source_year,transaction_number_in_filing,owner,asset_v8_2_cleaned,asset_v8_1,ticker_v8_2_cleaned,ticker_v8_1,asset_type,transaction_type,transaction_date,notification_date,amount_min,amount_max,amount_exact,amount_category,amount_status,filing_status,subholding,location,description,comments,page,last_page,page_parse_method,page_recovery_used,filing_page_completeness_issue,suspected_missed_pages,page_continuation_used,duplicate_geometry_rows_merged,possible_adjacent_same_signature,row_shaded,geometry_quality_score,unicode_repair_applied,unicode_repair_count,needs_review,original_pdf_url,review_level,review_reason,owner_raw,asset_raw,asset_lookup_context,transaction_type_raw,transaction_date_raw,notification_date_raw,amount_raw,continuation_raw,detail_raw,review_reason_v8_1,review_level_v8_1,needs_review_v8_1,geometry_quality_score_v8_1,ticker_candidate_raw,ticker_parse_status,ticker_validation_source,ticker_changed,asset_changed_by_ticker_resolver,raw_date_has_extra_text,raw_date_prefix,date_prefix_disagrees,amount_exact_before_p2,amount_status_before_p2
20032211,Hon. Valerie Hoyle,Member,OR04,20032211.pdf,2025,1,SP,Alphabet Inc. - Class A Common Stock,Alphabet Inc. - Class A Common Stock,GOOGL,GOOGL,ST,S,2025-09-23,2025-09-23,15001.0,50000.0,,"$15,001 - $50,000",valid_range,New,Fidelity Rollover IRA,,,,1,1,table,False,False,,False,0,False,False,100,True,20,False,https://disclosures-clerk.house.gov/public_disc/ptr-pdfs/2025/20032211.pdf,,,SP,Alphabet Inc. - Class A Common Stock (GOOGL) [ST] Filing Status: New Subholding Of: Fidelity Rollover IRA,Alphabet Inc. - Class A Common Stock (GOOGL) [ST],S,09/23/2025,09/23/2025,"$15,001 - $50,000",,"SP Alphabet Inc. - Class A Common Stock (GOOGL) [ST] S 09/23/2025 09/23/2025 $15,001 - $50,000 Filing Status: New Subholding Of: Fidelity Rollover IRA",,,False,100,GOOGL,accepted,house_ptr_structure+v8_1,False,False,False,09/23/2025,False,,valid_range
20032211,Hon. Valerie Hoyle,Member,OR04,20032211.pdf,2025,2,SP,Alphabet Inc. - Class C Capital Stock,Alphabet Inc. - Class C Capital Stock,GOOG,GOOG,ST,S,2025-09-23,2025-09-23,1001.0,15000.0,,"$1,001 - $15,000",valid_range,New,Fidelity Rollover IRA,,,,1,1,table,False,False,,False,0,False,True,100,True,20,False,https://disclosures-clerk.house.gov/public_disc/ptr-pdfs/2025/20032211.pdf,,,SP,Alphabet Inc. - Class C Capital Stock (GOOG) [ST],Alphabet Inc. - Class C Capital Stock (GOOG) [ST],S,09/23/2025,09/23/2025,"$1,001 - $15,000",Filing Status: New Subholding Of: Fidelity Rollover IRA,"SP Alphabet Inc. - Class C Capital Stock (GOOG) [ST] S 09/23/2025 09/23/2025 $1,001 - $15,000 Filing Status: New Subholding Of: Fidelity Rollover IRA",,,False,100,GOOG,accepted,house_ptr_structure+v8_1,False,False,False,09/23/2025,False,,valid_range
20032211,Hon. Valerie Hoyle,Member,OR04,20032211.pdf,2025,3,SP,"Amazon.com, Inc. - Common Stock","Amazon.com, Inc. - Common Stock",AMZN,AMZN,ST,S,2025-09-23,2025-09-23,15001.0,50000.0,,"$15,001 - $50,000",valid_range,New,Fidelity Rollover IRA,,,,1,1,table,False,False,,False,0,False,False,100,True,20,False,https://disclosures-clerk.house.gov/public_disc/ptr-pdfs/2025/20032211.pdf,,,SP,"Amazon.com, Inc. - Common Stock (AMZN) [ST] Filing Status: New Subholding Of: Fidelity Rollover IRA","Amazon.com, Inc. - Common Stock (AMZN) [ST]",S,09/23/2025,09/23/2025,"$15,001 - $50,000",,"SP Amazon.com, Inc. - Common Stock (AMZN) [ST] S 09/23/2025 09/23/2025 $15,001 - $50,000 Filing Status: New Subholding Of: Fidelity Rollover IRA",,,False,100,AMZN,accepted,house_ptr_structure+v8_1,False,False,False,09/23/2025,False,,valid_range
20032211,Hon. Valerie Hoyle,Member,OR04,20032211.pdf,2025,4,SP,"Amazon.com, Inc. - Common Stock","Amazon.com, Inc. - Common Stock",AMZN,AMZN,ST,P,2025-09-10,2025-09-23,1001.0,15000.0,,"$1,001 - $15,000",valid_range,New,Fidelity Rollover IRA,,,,1,1,table,False,False,,False,0,False,True,100,True,20,False,https://disclosures-clerk.house.gov/public_disc/ptr-pdfs/2025/20032211.pdf,,,SP,"Amazon.com, Inc. - Common Stock (AMZN) [ST]","Amazon.com, Inc. - Common Stock (AMZN) [ST]",P,09/10/2025,09/23/2025,"$1,001 - $15,000",Filing Status: New Subholding Of: Fidelity Rollover IRA,"SP Amazon.com, Inc. - Common Stock (AMZN) [ST] P 09/10/2025 09/23/2025 $1,001 - $15,000 Filing Status: New Subholding Of: Fidelity Rollover IRA",,,False,100,AMZN,accepted,house_ptr_structure+v8_1,False,False,False,09/10/2025,False,,valid_range
20032211,Hon. Valerie Hoyle,Member,OR04,20032211.pdf,2025,5,SP,Amdocs Limited - Ordinary Shares,Amdocs Limited - Ordinary Shares,DOX,DOX,ST,S,2025-09-23,2025-09-23,1001.0,15000.0,,"$1,001 - $15,000",valid_range,New,Fidelity Rollover IRA,,,,1,1,table,False,False,,False,0,False,False,100,True,20,False,https://disclosures-clerk.house.gov/public_disc/ptr-pdfs/2025/20032211.pdf,,,SP,Amdocs Limited - Ordinary Shares (DOX) [ST] Filing Status: New Subholding Of: Fidelity Rollover IRA,Amdocs Limited - Ordinary Shares (DOX) [ST],S,09/23/2025,09/23/2025,"$1,001 - $15,000",,"SP Amdocs Limited - Ordinary Shares (DOX) [ST] S 09/23/2025 09/23/2025 $1,001 - $15,000 Filing Status: New Subholding Of: Fidelity Rollover IRA",,,False,100,DOX,accepted,house_ptr_structure+v8_1,False,False,False,09/23/2025,False,,valid_range
20032211,Hon. Valerie Hoyle,Member,OR04,20032211.pdf,2025,6,SP,Amphenol Corporation Common Stock,Amphenol Corporation Common Stock,APH,APH,ST,S,2025-09-23,2025-09-23,1001.0,15000.0,,"$1,001 - $15,000",valid_range,New,Fidelity Rollover IRA,,,,1,1,table,False,False,,False,0,False,True,100,True,20,False,https://disclosures-clerk.house.gov/public_disc/ptr-pdfs/2025/20032211.pdf,,,SP,Amphenol Corporation Common Stock (APH) [ST],Amphenol Corporation Common Stock (APH) [ST],S,09/23/2025,09/23/2025,"$1,001 - $15,000",Filing Status: New Subholding Of: Fidelity Rollover IRA,"SP Amphenol Corporation Common Stock (APH) [ST] S 09/23/2025 09/23/2025 $1,001 - $15,000 Filing Status: New Subholding Of: Fidelity Rollover IRA",,,False,100,APH,accepted,house_ptr_structure+v8_1,False,False,False,09/23/2025,False,,valid_range
20032211,Hon. Valerie Hoyle,Member,OR04,20032211.pdf,2025,7,SP,"Apollo Global Management, Inc.","Apollo Global Management, Inc.",APO,APO,ST,S,2025-09-23,2025-09-23,1001.0,15000.0,,"$1,001 - $15,000",valid_range,New,Fidelity Rollover IRA,,,,2,2,table,False,False,,False,0,False,False,100,True,20,False,https://disclosures-clerk.house.gov/public_disc/ptr-pdfs/2025/20032211.pdf,,,SP,"Apollo Global Management, Inc. (APO) [ST] Filing Status: New Subholding Of: Fidelity Rollover IRA","Apollo Global Management, Inc. (APO) [ST]",S,09/23/2025,09/23/2025,"$1,001 - $15,000",,"SP Apollo Global Management, Inc. (APO) [ST] S 09/23/2025 09/23/2025 $1,001 - $15,000 Filing Status: New Subholding Of: Fidelity Rollover IRA",,,False,100,APO,accepted,house_ptr_structure+v8_1,False,False,False,09/23/2025,False,,valid_range
20032211,Hon. Valerie Hoyle,Member,OR04,20032211.pdf,2025,8,SP,Apple Inc. - Common Stock,Apple Inc. - Common Stock,AAPL,AAPL,ST,S,2025-09-23,2025-09-23,15001.0,50000.0,,"$15,001 - $50,000",valid_range,New,Fidelity Rollover IRA,,,,2,2,table,False,False,,False,0,False,True,100,True,20,False,https://disclosures-clerk.house.gov/public_disc/ptr-pdfs/2025/20032211.pdf,,,SP,Apple Inc. - Common Stock (AAPL) [ST],Apple Inc. - Common Stock (AAPL) [ST],S,09/23/2025,09/23/2025,"$15,001 - $50,000",Filing Status: New Subholding Of: Fidelity Rollover IRA,"SP Apple Inc. - Common Stock (AAPL) [ST] S 09/23/2025 09/23/2025 $15,001 - $50,000 Filing Status: New Subholding Of: Fidelity Rollover IRA",,,False,100,AAPL,accepted,house_ptr_structure+v8_1,False,False,False,09/23/2025,False,,valid_range
20032211,Hon. Valerie Hoyle,Member,OR04,20032211.pdf,2025,9,SP,Applovin Corporation - Class A Common Stock,Applovin Corporation - Class A Common Stock,APP,APP,ST,S,2025-09-23,2025-09-23,1001.0,15000.0,,"$1,001 - $15,000",valid_range,New,Fidelity Rollover IRA,,,,2,2,table,False,False,,False,0,False,False,100,True,20,False,https://disclosures-clerk.house.gov/public_disc/ptr-pdfs/2025/20032211.pdf,,,SP,Applovin Corporation - Class A Common Stock (APP) [ST] Filing Status: New Subholding Of: Fidelity Rollover IRA,Applovin Corporation - Class A Common Stock (APP) [ST],S,09/23/2025,09/23/2025,"$1,001 - $15,000",,"SP Applovin Corporation - Class A Common Stock (APP) [ST] S 09/23/2025 09/23/2025 $1,001 - $15,000 Filing Status: New Subholding Of: Fidelity Rollover IRA",,,False,100,APP,accepted,house_ptr_structure+v8_1,False,False,False,09/23/2025,False,,valid_range
20032211,Hon. Valerie Hoyle,Member,OR04,20032211.pdf,2025,10,SP,Ares Management Corporation Class A Common Stock,Ares Management Corporation Class A Common Stock,ARES,ARES,ST,S,2025-09-23,2025-09-23,1001.0,15000.0,,"$1,001 - $15,000",valid_range,New,Fidelity Rollover IRA,,,,2,2,table,False,False,,False,0,False,True,100,True,20,False,https://disclosures-clerk.house.gov/public_disc/ptr-pdfs/2025/20032211.pdf,,,SP,Ares Management Corporation Class A Common Stock (ARES) [ST],Ares Management Corporation Class A Common Stock (ARES) [ST],S,09/23/2025,09/23/2025,"$1,001 - $15,000",Filing Status: New Subholding Of: Fidelity Rollover IRA,"SP Ares Management Corporation Class A Common Stock (ARES) [ST] S 09/23/2025 09/23/2025 $1,001 - $15,000 Filing Status: New Subholding Of: Fidelity Rollover IRA",,,False,100,ARES,accepted,house_ptr_structure+v8_1,False,False,False,09/23/2025,False,,valid_range
20032211,Hon. Valerie Hoyle,Member,OR04,20032211.pdf,2025,11,SP,"Arista Networks, Inc. Common Stock","Arista Networks, Inc. Common Stock",ANET,ANET,ST,S,2025-09-23,2025-09-23,1001.0,15000.0,,"$1,001 - $15,000",valid_range,New,Fidelity Rollover IRA,,,,2,2,table,False,False,,False,0,False,False,100,True,20,False,https://disclosures-clerk.house.gov/public_disc/ptr-pdfs/2025/20032211.pdf,,,SP,"Arista Networks, Inc. Common Stock (ANET) [ST] Filing Status: New Subholding Of: Fidelity Rollover IRA","Arista Networks, Inc. Common Stock (ANET) [ST]",S,09/23/2025,09/23/2025,"$1,001 - $15,000",,"SP Arista Networks, Inc. Common Stock (ANET) [ST] S 09/23/2025 09/23/2025 $1,001 - $15,000 Filing Status: New Subholding Of: Fidelity Rollover IRA",,,False,100,ANET,accepted,house_ptr_structure+v8_1,False,False,False,09/23/2025,False,,valid_range
20032211,Hon. Valerie Hoyle,Member,OR04,20032211.pdf,2025,12,SP,Arthur J. Gallagher & Co. Common Stock,Arthur J. Gallagher & Co. Common Stock,AJG,AJG,ST,S,2025-09-23,2025-09-23,1001.0,15000.0,,"$1,001 - $15,000",valid_range,New,Fidelity Rollover IRA,,,,2,2,table,False,False,,False,0,False,True,100,True,20,False,https://disclosures-clerk.house.gov/public_disc/ptr-pdfs/2025/20032211.pdf,,,SP,Arthur J. Gallagher & Co. Common Stock (AJG) [ST],Arthur J. Gallagher & Co. Common Stock (AJG) [ST],S,09/23/2025,09/23/2025,"$1,001 - $15,000",Filing Status: New Subholding Of: Fidelity Rollover IRA,"SP Arthur J. Gallagher & Co. Common Stock (AJG) [ST] S 09/23/2025 09/23/2025 $1,001 - $15,000 Filing Status: New Subholding Of: Fidelity Rollover IRA",,,False,100,AJG,accepted,house_ptr_structure+v8_1,False,False,False,09/23/2025,False,,valid_range
20032211,Hon. Valerie Hoyle,Member,OR04,20032211.pdf,2025,13,SP,AstraZeneca PLC - American Depositary Shares,AstraZeneca PLC - American Depositary Shares,AZN,AZN,ST,S,2025-09-23,2025-09-23,1001.0,15000.0,,"$1,001 - $15,000",valid_range,New,Fidelity Rollover IRA,,,,2,2,table,False,False,,False,0,False,False,100,True,20,False,https://disclosures-clerk.house.gov/public_disc/ptr-pdfs/2025/20032211.pdf,,,SP,AstraZeneca PLC - American Depositary Shares (AZN) [ST] Filing Status: New Subholding Of: Fidelity Rollover IRA,AstraZeneca PLC - American Depositary Shares (AZN) [ST],S,09/23/2025,09/23/2025,"$1,001 - $15,000",,"SP AstraZeneca PLC - American Depositary Shares (AZN) [ST] S 09/23/2025 09/23/2025 $1,001 - $15,000 Filing Status: New Subholding Of: Fidelity Rollover IRA",,,False,100,AZN,accepted,house_ptr_structure+v8_1,False,False,False,09/23/2025,False,,valid_range
20032211,Hon. Valerie Hoyle,Member,OR04,20032211.pdf,2025,14,SP,"AutoZone, Inc. Common Stock","AutoZone, Inc. Common Stock",AZO,AZO,ST,S,2025-09-23,2025-09-23,1001.0,15000.0,,"$1,001 - $15,000",valid_range,New,Fidelity Rollover IRA,,,,2,2,table,False,False,,False,0,False,True,100,True,20,False,https://disclosures-clerk.house.gov/public_disc/ptr-pdfs/2025/20032211.pdf,,,SP,"AutoZone, Inc. Common Stock (AZO) [ST]","AutoZone, Inc. Common Stock (AZO) [ST]",S,09/23/2025,09/23/2025,"$1,001 - $15,000",Filing Status: New Subholding Of: Fidelity Rollover IRA,"SP AutoZone, Inc. Common Stock (AZO) [ST] S 09/23/2025 09/23/2025 $1,001 - $15,000 Filing Status: New Subholding Of: Fidelity Rollover IRA",,,False,100,AZO,accepted,house_ptr_structure+v8_1,False,False,False,09/23/2025,False,,valid_range
20032211,Hon. Valerie Hoyle,Member,OR04,20032211.pdf,2025,15,SP,Bank of America Corporation Common Stock,Bank of America Corporation Common Stock,BAC,BAC,ST,S,2025-09-23,2025-09-23,1001.0,15000.0,,"$1,001 - $15,000",valid_range,New,Fidelity Rollover IRA,,,,2,2,table,False,False,,False,0,False,False,100,True,20,False,https://disclosures-clerk.house.gov/public_disc/ptr-pdfs/2025/20032211.pdf,,,SP,Bank of America Corporation Common Stock (BAC) [ST] Filing Status: New Subholding Of: Fidelity Rollover IRA,Bank of America Corporation Common Stock (BAC) [ST],S,09/23/2025,09/23/2025,"$1,001 - $15,000",,"SP Bank of America Corporation Common Stock (BAC) [ST] S 09/23/2025 09/23/2025 $1,001 - $15,000 Filing Status: New Subholding Of: Fidelity Rollover IRA",,,False,100,BAC,accepted,house_ptr_structure+v8_1,False,False,False,09/23/2025,False,,valid_range
20032211,Hon. Valerie Hoyle,Member,OR04,20032211.pdf,2025,16,SP,Berkshire Hathaway Inc. New Common Stock,Berkshire Hathaway Inc. New Common Stock,BRK.B,BRK.B,ST,S,2025-09-23,2025-09-23,1001.0,15000.0,,"$1,001 - $15,000",valid_range,New,Fidelity Rollover IRA,,,,3,3,table,False,False,,False,0,False,True,100,True,20,False,https://disclosures-clerk.house.gov/public_disc/ptr-pdfs/2025/20032211.pdf,,,SP,Berkshire Hathaway Inc. New Common Stock (BRK.B) [ST],Berkshire Hathaway Inc. New Common Stock (BRK.B) [ST],S,09/23/2025,09/23/2025,"$1,001 - $15,000",Filing Status: New Subholding Of: Fidelity Rollover IRA,"SP Berkshire Hathaway Inc. New Common Stock (BRK.B) [ST] S 09/23/2025 09/23/2025 $1,001 - $15,000 Filing Status: New Subholding Of: Fidelity Rollover IRA",,,False,100,BRK.B,accepted,house_ptr_structure+v8_1,False,False,False,09/23/2025,False,,valid_range
20032211,Hon. Valerie Hoyle,Member,OR04,20032211.pdf,2025,17,SP,"BlackRock, Inc. Common Stock","BlackRock, Inc. Common Stock",BLK,BLK,ST,S,2025-09-23,2025-09-23,1001.0,15000.0,,"$1,001 - $15,000",valid_range,New,Fidelity Rollover IRA,,,,3,3,table,False,False,,False,0,False,False,100,True,20,False,https://disclosures-clerk.house.gov/public_disc/ptr-pdfs/2025/20032211.pdf,,,SP,"BlackRock, Inc. Common Stock (BLK) [ST] Filing Status: New Subholding Of: Fidelity Rollover IRA","BlackRock, Inc. Common Stock (BLK) [ST]",S,09/23/2025,09/23/2025,"$1,001 - $15,000",,"SP BlackRock, Inc. Common Stock (BLK) [ST] S 09/23/2025 09/23/2025 $1,001 - $15,000 Filing Status: New Subholding Of: Fidelity Rollover IRA",,,False,100,BLK,accepted,house_ptr_structure+v8_1,False,False,False,09/23/2025,False,,valid_range
20032211,Hon. Valerie Hoyle,Member,OR04,20032211.pdf,2025,18,SP,Boeing Company,Boeing Company,BA,BA,ST,S,2025-09-23,2025-09-23,1001.0,15000.0,,"$1,001 - $15,000",valid_range,New,Fidelity Rollover IRA,,,,3,3,table,False,False,,False,0,False,True,100,True,20,False,https://disclosures-clerk.house.gov/public_disc/ptr-pdfs/2025/20032211.pdf,,,SP,Boeing Company (BA) [ST],Boeing Company (BA) [ST],S,09/23/2025,09/23/2025,"$1,001 - $15,000",Filing Status: New Subholding Of: Fidelity Rollover IRA,"SP Boeing Company (BA) [ST] S 09/23/2025 09/23/2025 $1,001 - $15,000 Filing Status: New Subholding Of: Fidelity Rollover IRA",,,False,100,BA,accepted,house_ptr_structure+v8_1,False,False,False,09/23/2025,False,,valid_range
20032211,Hon. Valerie Hoyle,Member,OR04,20032211.pdf,2025,19,SP,Booking Holdings Inc. - Common Stock,Booking Holdings Inc. - Common Stock,BKNG,BKNG,ST,S,2025-09-23,2025-09-23,1001.0,15000.0,,"$1,001 - $15,000",valid_range,New,Fidelity Rollover IRA,,,,3,3,table,False,False,,False,0,False,False,100,True,20,False,https://disclosures-clerk.house.gov/public_disc/ptr-pdfs/2025/20032211.pdf,,,SP,Booking Holdings Inc. - Common Stock (BKNG) [ST] Filing Status: New Subholding Of: Fidelity Rollover IRA,Booking Holdings Inc. - Common Stock (BKNG) [ST],S,09/23/2025,09/23/2025,"$1,001 - $15,000",,"SP Booking Holdings Inc. - Common Stock (BKNG) [ST] S 09/23/2025 09/23/2025 $1,001 - $15,000 Filing Status: New Subholding Of: Fidelity Rollover IRA",,,False,100,BKNG,accepted,house_ptr_structure+v8_1,False,False,False,09/23/2025,False,,valid_range
20032211,Hon. Valerie Hoyle,Member,OR04,20032211.pdf,2025,20,SP,Boston Scientific Corporation Common Stock,Boston Scientific Corporation Common Stock,BSX,BSX,ST,S,2025-09-23,2025-09-23,1001.0,15000.0,,"$1,001 - $15,000",valid_range,New,Fidelity Rollover IRA,,,,3,3,table,False,False,,False,0,False,True,100,True,20,False,https://disclosures-clerk.house.gov/public_disc/ptr-pdfs/2025/20032211.pdf,,,SP,Boston Scientific Corporation Common Stock (BSX) [ST],Boston Scientific Corporation Common Stock (BSX) [ST],S,09/23/2025,09/23/2025,"$1,001 - $15,000",Filing Status: New Subholding Of: Fidelity Rollover IRA,"SP Boston Scientific Corporation Common Stock (BSX) [ST] S 09/23/2025 09/23/2025 $1,001 - $15,000 Filing Status: New Subholding Of: Fidelity Rollover IRA",,,False,100,BSX,accepted,house_ptr_structure+v8_1,False,False,False,09/23/2025,False,,valid_range
20032211,Hon. Valerie Hoyle,Member,OR04,20032211.pdf,2025,21,SP,Broadcom Inc. - Common Stock,Broadcom Inc. - Common Stock,AVGO,AVGO,ST,S,2025-09-23,2025-09-23,15001.0,50000.0,,"$15,001 - $50,000",valid_range,New,Fidelity Rollover IRA,,,,3,3,table,False,False,,False,0,False,False,100,True,20,False,https://disclosures-clerk.house.gov/public_disc/ptr-pdfs/2025/20032211.pdf,,,SP,Broadcom Inc. - Common Stock (AVGO) [ST] Filing Status: New Subholding Of: Fidelity Rollover IRA,Broadcom Inc. - Common Stock (AVGO) [ST],S,09/23/2025,09/23/2025,"$15,001 - $50,000",,"SP Broadcom Inc. - Common Stock (AVGO) [ST] S 09/23/2025 09/23/2025 $15,001 - $50,000 Filing Status: New Subholding Of: Fidelity Rollover IRA",,,False,100,AVGO,accepted,house_ptr_structure+v8_1,False,False,False,09/23/2025,False,,valid_range
20032211,Hon. Valerie Hoyle,Member,OR04,20032211.pdf,2025,22,SP,"Brown & Brown, Inc. Common Stock","Brown & Brown, Inc. Common Stock",BRO,BRO,ST,S,2025-09-23,2025-09-23,1001.0,15000.0,,"$1,001 - $15,000",valid_range,New,Fidelity Rollover IRA,,,,3,3,table,False,False,,False,0,False,True,100,True,20,False,https://disclosures-clerk.house.gov/public_disc/ptr-pdfs/2025/20032211.pdf,,,SP,"Brown & Brown, Inc. Common Stock (BRO) [ST]","Brown & Brown, Inc. Common Stock (BRO) [ST]",S,09/23/2025,09/23/2025,"$1,001 - $15,000",Filing Status: New Subholding Of: Fidelity Rollover IRA,"SP Brown & Brown, Inc. Common Stock (BRO) [ST] S 09/23/2025 09/23/2025 $1,001 - $15,000 Filing Status: New Subholding Of: Fidelity Rollover IRA",,,False,100,BRO,accepted,house_ptr_structure+v8_1,False,False,False,09/23/2025,False,,valid_range
20032211,Hon. Valerie Hoyle,Member,OR04,20032211.pdf,2025,23,SP,Brown Forman Inc Class B Common Stock,Brown Forman Inc Class B Common Stock,BF.B,BF.B,ST,S,2025-09-23,2025-09-23,1001.0,15000.0,,"$1,001 - $15,000",valid_range,New,Fidelity Rollover IRA,,,,3,3,table,False,False,,False,0,False,False,100,True,20,False,https://disclosures-clerk.house.gov/public_disc/ptr-pdfs/2025/20032211.pdf,,,SP,Brown Forman Inc Class B Common Stock (BF.B) [ST] Filing Status: New Subholding Of: Fidelity Rollover IRA,Brown Forman Inc Class B Common Stock (BF.B) [ST],S,09/23/2025,09/23/2025,"$1,001 - $15,000",,"SP Brown Forman Inc Class B Common Stock (BF.B) [ST] S 09/23/2025 09/23/2025 $1,001 - $15,000 Filing Status: New Subholding Of: Fidelity Rollover IRA",,,False,100,BF.B,accepted,house_ptr_structure+v8_1,False,False,False,09/23/2025,False,,valid_range
20032211,Hon. Valerie Hoyle,Member,OR04,20032211.pdf,2025,24,SP,"C.H. Robinson Worldwide, Inc. - Common Stock","C.H. Robinson Worldwide, Inc. - Common Stock",CHRW,CHRW,ST,S,2025-09-23,2025-09-23,1001.0,15000.0,,"$1,001 - $15,000",valid_range,New,Fidelity Rollover IRA,,,,3,3,table,False,False,,False,0,False,True,100,True,20,False,https://disclosures-clerk.house.gov/public_disc/ptr-pdfs/2025/20032211.pdf,,,SP,"C.H. Robinson Worldwide, Inc. - Common Stock (CHRW) [ST]","C.H. Robinson Worldwide, Inc. - Common Stock (CHRW) [ST]",S,09/23/2025,09/23/2025,"$1,001 - $15,000",Filing Status: New Subholding Of: Fidelity Rollover IRA,"SP C.H. Robinson Worldwide, Inc. - Common Stock (CHRW) [ST] S 09/23/2025 09/23/2025 $1,001 - $15,000 Filing Status: New Subholding Of: Fidelity Rollover IRA",,,False,100,CHRW,accepted,house_ptr_structure+v8_1,False,False,False,09/23/2025,False,,valid_range
20032211,Hon. Valerie Hoyle,Member,OR04,20032211.pdf,2025,25,SP,"Cadence Design Systems, Inc. - Common Stock","Cadence Design Systems, Inc. - Common Stock",CDNS,CDNS,ST,S,2025-09-23,2025-09-23,1001.0,15000.0,,"$1,001 - $15,000",valid_range,New,Fidelity Rollover IRA,,,,4,4,table,False,False,,False,0,False,False,100,True,20,False,https://disclosures-clerk.house.gov/public_disc/ptr-pdfs/2025/20032211.pdf,,,SP,"Cadence Design Systems, Inc. - Common Stock (CDNS) [ST] Filing Status: New Subholding Of: Fidelity Rollover IRA","Cadence Design Systems, Inc. - Common Stock (CDNS) [ST]",S,09/23/2025,09/23/2025,"$1,001 - $15,000",,"SP Cadence Design Systems, Inc. - Common Stock (CDNS) [ST] S 09/23/2025 09/23/2025 $1,001 - $15,000 Filing Status: New Subholding Of: Fidelity Rollover IRA",,,False,100,CDNS,accepted,house_ptr_structure+v8_1,False,False,False,09/23/2025,False,,valid_range
20032211,Hon. Valerie Hoyle,Member,OR04,20032211.pdf,2025,26,SP,Canadian Natural Resources Limited Common Stock,Canadian Natural Resources Limited Common Stock,CNQ,CNQ,ST,S,2025-09-23,2025-09-23,1001.0,15000.0,,"$1,001 - $15,000",valid_range,New,Fidelity Rollover IRA,,,,4,4,table,False,False,,False,0,False,True,100,True,20,False,https://disclosures-clerk.house.gov/public_disc/ptr-pdfs/2025/20032211.pdf,,,SP,Canadian Natural Resources Limited Common Stock (CNQ) [ST],Canadian Natural Resources Limited Common Stock (CNQ) [ST],S,09/23/2025,09/23/2025,"$1,001 - $15,000",Filing Status: New Subholding Of: Fidelity Rollover IRA,"SP Canadian Natural Resources Limited Common Stock (CNQ) [ST] S 09/23/2025 09/23/2025 $1,001 - $15,000 Filing Status: New Subholding Of: Fidelity Rollover IRA",,,False,100,CNQ,accepted,house_ptr_structure+v8_1,False,False,False,09/23/2025,False,,valid_range
20032211,Hon. Valerie Hoyle,Member,OR04,20032211.pdf,2025,27,SP,Capital One Financial Corporation Common Stock,Capital One Financial Corporation Common Stock,COF,COF,ST,S,2025-09-23,2025-09-23,1001.0,15000.0,,"$1,001 - $15,000",valid_range,New,Fidelity Rollover IRA,,,,4,4,table,False,False,,False,0,False,False,100,True,20,False,https://disclosures-clerk.house.gov/public_disc/ptr-pdfs/2025/20032211.pdf,,,SP,Capital One Financial Corporation Common Stock (COF) [ST] Filing Status: New Subholding Of: Fidelity Rollover IRA,Capital One Financial Corporation Common Stock (COF) [ST],S,09/23/2025,09/23/2025,"$1,001 - $15,000",,"SP Capital One Financial Corporation Common Stock (COF) [ST] S 09/23/2025 09/23/2025 $1,001 - $15,000 Filing Status: New Subholding Of: Fidelity Rollover IRA",,,False,100,COF,accepted,house_ptr_structure+v8_1,False,False,False,09/23/2025,False,,valid_range
20032211,Hon. Valerie Hoyle,Member,OR04,20032211.pdf,2025,28,SP,"Celestica, Inc. Common Stock","Celestica, Inc. Common Stock",CLS,CLS,ST,S,2025-09-23,2025-09-23,1001.0,15000.0,,"$1,001 - $15,000",valid_range,New,Fidelity Rollover IRA,,,,4,4,table,False,False,,False,0,False,True,100,True,20,False,https://disclosures-clerk.house.gov/public_disc/ptr-pdfs/2025/20032211.pdf,,,SP,"Celestica, Inc. Common Stock (CLS) [ST]","Celestica, Inc. Common Stock (CLS) [ST]",S,09/23/2025,09/23/2025,"$1,001 - $15,000",Filing Status: New Subholding Of: Fidelity Rollover IRA,"SP Celestica, Inc. Common Stock (CLS) [ST] S 09/23/2025 09/23/2025 $1,001 - $15,000 Filing Status: New Subholding Of: Fidelity Rollover IRA",,,False,100,CLS,accepted,house_ptr_structure+v8_1,False,False,False,09/23/2025,False,,valid_range
20032211,Hon. Valerie Hoyle,Member,OR04,20032211.pdf,2025,29,SP,Charles Schwab Corporation,Charles Schwab Corporation,SCHW,SCHW,ST,S,2025-09-23,2025-09-23,1001.0,15000.0,,"$1,001 - $15,000",valid_range,New,Fidelity Rollover IRA,,,,4,4,table,False,False,,False,0,False,False,100,True,20,False,https://disclosures-clerk.house.gov/public_disc/ptr-pdfs/2025/20032211.pdf,,,SP,Charles Schwab Corporation (SCHW) [ST] Filing Status: New Subholding Of: Fidelity Rollover IRA,Charles Schwab Corporation (SCHW) [ST],S,09/23/2025,09/23/2025,"$1,001 - $15,000",,"SP Charles Schwab Corporation (SCHW) [ST] S 09/23/2025 09/23/2025 $1,001 - $15,000 Filing Status: New Subholding Of: Fidelity Rollover IRA",,,False,100,SCHW,accepted,house_ptr_structure+v8_1,False,False,False,09/23/2025,False,,valid_range
20032211,Hon. Valerie Hoyle,Member,OR04,20032211.pdf,2025,30,SP,Cintas Corporation - Common Stock,Cintas Corporation - Common Stock,CTAS,CTAS,ST,S,2025-09-23,2025-09-23,1001.0,15000.0,,"$1,001 - $15,000",valid_range,New,Fidelity Rollover IRA,,,,4,4,table,False,False,,False,0,False,True,100,True,20,False,https://disclosures-clerk.house.gov/public_disc/ptr-pdfs/2025/20032211.pdf,,,SP,Cintas Corporation - Common Stock (CTAS) [ST],Cintas Corporation - Common Stock (CTAS) [ST],S,09/23/2025,09/23/2025,"$1,001 - $15,000",Filing Status: New Subholding Of: Fidelity Rollover IRA,"SP Cintas Corporation - Common Stock (CTAS) [ST] S 09/23/2025 09/23/2025 $1,001 - $15,000 Filing Status: New Subholding Of: Fidelity Rollover IRA",,,False,100,CTAS,accepted,house_ptr_structure+v8_1,False,False,False,09/23/2025,False,,valid_range
20032211,Hon. Valerie Hoyle,Member,OR04,20032211.pdf,2025,31,SP,"Cisco Systems, Inc. - Common Stock","Cisco Systems, Inc. - Common Stock",CSCO,CSCO,ST,S,2025-09-23,2025-09-23,1001.0,15000.0,,"$1,001 - $15,000",valid_range,New,Fidelity Rollover IRA,,,,4,4,table,False,False,,False,0,False,False,100,True,20,False,https://disclosures-clerk.house.gov/public_disc/ptr-pdfs/2025/20032211.pdf,,,SP,"Cisco Systems, Inc. - Common Stock (CSCO) [ST] Filing Status: New Subholding Of: Fidelity Rollover IRA","Cisco Systems, Inc. - Common Stock (CSCO) [ST]",S,09/23/2025,09/23/2025,"$1,001 - $15,000",,"SP Cisco Systems, Inc. - Common Stock (CSCO) [ST] S 09/23/2025 09/23/2025 $1,001 - $15,000 Filing Status: New Subholding Of: Fidelity Rollover IRA",,,False,100,CSCO,accepted,house_ptr_structure+v8_1,False,False,False,09/23/2025,False,,valid_range
20032211,Hon. Valerie Hoyle,Member,OR04,20032211.pdf,2025,32,SP,CME Group Inc. - Class A Common Stock,CME Group Inc. - Class A Common Stock,CME,CME,ST,S,2025-09-23,2025-09-23,1001.0,15000.0,,"$1,001 - $15,000",valid_range,New,Fidelity Rollover IRA,,,,4,4,table,False,False,,False,0,False,True,100,True,20,False,https://disclosures-clerk.house.gov/public_disc/ptr-pdfs/2025/20032211.pdf,,,SP,CME Group Inc. - Class A Common Stock (CME) [ST],CME Group Inc. - Class A Common Stock (CME) [ST],S,09/23/2025,09/23/2025,"$1,001 - $15,000",Filing Status: New Subholding Of: Fidelity Rollover IRA,"SP CME Group Inc. - Class A Common Stock (CME) [ST] S 09/23/2025 09/23/2025 $1,001 - $15,000 Filing Status: New Subholding Of: Fidelity Rollover IRA",,,False,100,CME,accepted,house_ptr_structure+v8_1,False,False,False,09/23/2025,False,,valid_range
20032211,Hon. Valerie Hoyle,Member,OR04,20032211.pdf,2025,33,SP,Coca-Cola Company,Coca-Cola Company,KO,KO,ST,S,2025-09-23,2025-09-23,1001.0,15000.0,,"$1,001 - $15,000",valid_range,New,Fidelity Rollover IRA,,,,4,4,table,False,False,,False,0,False,False,100,True,20,False,https://disclosures-clerk.house.gov/public_disc/ptr-pdfs/2025/20032211.pdf,,,SP,Coca-Cola Company (KO) [ST] Filing Status: New Subholding Of: Fidelity Rollover IRA,Coca-Cola Company (KO) [ST],S,09/23/2025,09/23/2025,"$1,001 - $15,000",,"SP Coca-Cola Company (KO) [ST] S 09/23/2025 09/23/2025 $1,001 - $15,000 Filing Status: New Subholding Of: Fidelity Rollover IRA",,,False,100,KO,accepted,house_ptr_structure+v8_1,False,False,False,09/23/2025,False,,valid_range
20032211,Hon. Valerie Hoyle,Member,OR04,20032211.pdf,2025,34,SP,Cognizant Technology Solutions,Cognizant Technology Solutions,CTSH,CTSH,ST,S,2025-09-23,2025-09-23,1001.0,15000.0,,"$1,001 - $15,000",valid_range,New,Fidelity Rollover IRA,,,,4,5,table,False,False,,True,0,False,True,98,True,20,False,https://disclosures-clerk.house.gov/public_disc/ptr-pdfs/2025/20032211.pdf,,,SP,Cognizant Technology Solutions,Cognizant Technology Solutions yp $200? Corporation - Class A Common Stock (CTSH) [ST],S,09/23/2025,09/23/2025,"$1,001 - $15,000",yp $200? Corporation - Class A Common Stock (CTSH) [ST] Filing Status: New Subholding Of: Fidelity Rollover IRA,"SP Cognizant Technology Solutions S 09/23/2025 09/23/2025 $1,001 - $15,000 yp $200? Corporation - Class A Common Stock (CTSH) [ST] Filing Status: New Subholding Of: Fidelity Rollover IRA",,,False,98,CTSH,accepted,house_ptr_structure+v8_1,False,False,False,09/23/2025,False,,valid_range
20032211,Hon. Valerie Hoyle,Member,OR04,20032211.pdf,2025,35,SP,Comcast Corporation - Class A Common Stock,Comcast Corporation - Class A Common Stock,CMCSA,CMCSA,ST,S,2025-09-23,2025-09-23,1001.0,15000.0,,"$1,001 - $15,000",valid_range,New,Fidelity Rollover IRA,,,,5,5,table,False,False,,False,0,False,False,100,True,20,False,https://disclosures-clerk.house.gov/public_disc/ptr-pdfs/2025/20032211.pdf,,,SP,Comcast Corporation - Class A Common Stock (CMCSA) [ST] Filing Status: New Subholding Of: Fidelity Rollover IRA,Comcast Corporation - Class A Common Stock (CMCSA) [ST],S,09/23/2025,09/23/2025,"$1,001 - $15,000",,"SP Comcast Corporation - Class A Common Stock (CMCSA) [ST] S 09/23/2025 09/23/2025 $1,001 - $15,000 Filing Status: New Subholding Of: Fidelity Rollover IRA",,,False,100,CMCSA,accepted,house_ptr_structure+v8_1,False,False,False,09/23/2025,False,,valid_range
20032211,Hon. Valerie Hoyle,Member,OR04,20032211.pdf,2025,36,SP,ConocoPhillips Common Stock,ConocoPhillips Common Stock,COP,COP,ST,S,2025-09-23,2025-09-23,1001.0,15000.0,,"$1,001 - $15,000",valid_range,New,Fidelity Rollover IRA,,,,5,5,table,False,False,,False,0,False,True,100,True,20,False,https://disclosures-clerk.house.gov/public_disc/ptr-pdfs/2025/20032211.pdf,,,SP,ConocoPhillips Common Stock (COP) [ST],ConocoPhillips Common Stock (COP) [ST],S,09/23/2025,09/23/2025,"$1,001 - $15,000",Filing Status: New Subholding Of: Fidelity Rollover IRA,"SP ConocoPhillips Common Stock (COP) [ST] S 09/23/2025 09/23/2025 $1,001 - $15,000 Filing Status: New Subholding Of: Fidelity Rollover IRA",,,False,100,COP,accepted,house_ptr_structure+v8_1,False,False,False,09/23/2025,False,,valid_range
20032211,Hon. Valerie Hoyle,Member,OR04,20032211.pdf,2025,37,SP,CONSTELLATION SFTWRE INC,CONSTELLATION SFTWRE INC,CNSWF,CNSWF,ST,S,2025-09-23,2025-09-23,1001.0,15000.0,,"$1,001 - $15,000",valid_range,New,Fidelity Rollover IRA,,,,5,5,table,False,False,,False,0,False,False,100,True,20,False,https://disclosures-clerk.house.gov/public_disc/ptr-pdfs/2025/20032211.pdf,,,SP,CONSTELLATION SFTWRE INC (CNSWF) [ST] Filing Status: New Subholding Of: Fidelity Rollover IRA,CONSTELLATION SFTWRE INC (CNSWF) [ST],S,09/23/2025,09/23/2025,"$1,001 - $15,000",,"SP CONSTELLATION SFTWRE INC (CNSWF) [ST] S 09/23/2025 09/23/2025 $1,001 - $15,000 Filing Status: New Subholding Of: Fidelity Rollover IRA",,,False,100,CNSWF,accepted,house_ptr_structure+v8_1,False,False,False,09/23/2025,False,,valid_range
20032211,Hon. Valerie Hoyle,Member,OR04,20032211.pdf,2025,38,SP,Costco Wholesale Corporation - Common Stock,Costco Wholesale Corporation - Common Stock,COST,COST,ST,S,2025-09-23,2025-09-23,1001.0,15000.0,,"$1,001 - $15,000",valid_range,New,Fidelity Rollover IRA,,,,5,5,table,False,False,,False,0,False,True,100,True,20,False,https://disclosures-clerk.house.gov/public_disc/ptr-pdfs/2025/20032211.pdf,,,SP,Costco Wholesale Corporation - Common Stock (COST) [ST],Costco Wholesale Corporation - Common Stock (COST) [ST],S,09/23/2025,09/23/2025,"$1,001 - $15,000",Filing Status: New Subholding Of: Fidelity Rollover IRA,"SP Costco Wholesale Corporation - Common Stock (COST) [ST] S 09/23/2025 09/23/2025 $1,001 - $15,000 Filing Status: New Subholding Of: Fidelity Rollover IRA",,,False,100,COST,accepted,house_ptr_structure+v8_1,False,False,False,09/23/2025,False,,valid_range
20032211,Hon. Valerie Hoyle,Member,OR04,20032211.pdf,2025,39,SP,CRH PLC Ordinary Shares,CRH PLC Ordinary Shares,CRH,CRH,ST,S,2025-09-23,2025-09-23,1001.0,15000.0,,"$1,001 - $15,000",valid_range,New,Fidelity Rollover IRA,,,,5,5,table,False,False,,False,0,False,False,100,True,20,False,https://disclosures-clerk.house.gov/public_disc/ptr-pdfs/2025/20032211.pdf,,,SP,CRH PLC Ordinary Shares (CRH) [ST] Filing Status: New Subholding Of: Fidelity Rollover IRA,CRH PLC Ordinary Shares (CRH) [ST],S,09/23/2025,09/23/2025,"$1,001 - $15,000",,"SP CRH PLC Ordinary Shares (CRH) [ST] S 09/23/2025 09/23/2025 $1,001 - $15,000 Filing Status: New Subholding Of: Fidelity Rollover IRA",,,False,100,CRH,accepted,house_ptr_structure+v8_1,False,False,False,09/23/2025,False,,valid_range
20032211,Hon. Valerie Hoyle,Member,OR04,20032211.pdf,2025,40,SP,Crown Castle Inc. Common Stock,Crown Castle Inc. Common Stock,CCI,CCI,ST,S,2025-09-23,2025-09-23,1001.0,15000.0,,"$1,001 - $15,000",valid_range,New,Fidelity Rollover IRA,,,,5,5,table,False,False,,False,0,False,True,100,True,20,False,https://disclosures-clerk.house.gov/public_disc/ptr-pdfs/2025/20032211.pdf,,,SP,Crown Castle Inc. Common Stock (CCI) [ST],Crown Castle Inc. Common Stock (CCI) [ST],S,09/23/2025,09/23/2025,"$1,001 - $15,000",Filing Status: New Subholding Of: Fidelity Rollover IRA,"SP Crown Castle Inc. Common Stock (CCI) [ST] S 09/23/2025 09/23/2025 $1,001 - $15,000 Filing Status: New Subholding Of: Fidelity Rollover IRA",,,False,100,CCI,accepted,house_ptr_structure+v8_1,False,False,False,09/23/2025,False,,valid_range
20032211,Hon. Valerie Hoyle,Member,OR04,20032211.pdf,2025,41,SP,"Crown Holdings, Inc.","Crown Holdings, Inc.",CCK,CCK,ST,S,2025-09-23,2025-09-23,1001.0,15000.0,,"$1,001 - $15,000",valid_range,New,Fidelity Rollover IRA,,,,5,5,table,False,False,,False,0,False,False,100,True,20,False,https://disclosures-clerk.house.gov/public_disc/ptr-pdfs/2025/20032211.pdf,,,SP,"Crown Holdings, Inc. (CCK) [ST] Filing Status: New Subholding Of: Fidelity Rollover IRA","Crown Holdings, Inc. (CCK) [ST]",S,09/23/2025,09/23/2025,"$1,001 - $15,000",,"SP Crown Holdings, Inc. (CCK) [ST] S 09/23/2025 09/23/2025 $1,001 - $15,000 Filing Status: New Subholding Of: Fidelity Rollover IRA",,,False,100,CCK,accepted,house_ptr_structure+v8_1,False,False,False,09/23/2025,False,,valid_range
20032211,Hon. Valerie Hoyle,Member,OR04,20032211.pdf,2025,42,SP,CSX Corporation,CSX Corporation,CSX,CSX,ST,S,2025-09-23,2025-09-23,1001.0,15000.0,,"$1,001 - $15,000",valid_range,New,Fidelity Rollover IRA,,,,5,5,table,False,False,,False,0,False,True,100,True,20,False,https://disclosures-clerk.house.gov/public_disc/ptr-pdfs/2025/20032211.pdf,,,SP,CSX Corporation (CSX) [ST],CSX Corporation (CSX) [ST],S,09/23/2025,09/23/2025,"$1,001 - $15,000",Filing Status: New Subholding Of: Fidelity Rollover IRA,"SP CSX Corporation (CSX) [ST] S 09/23/2025 09/23/2025 $1,001 - $15,000 Filing Status: New Subholding Of: Fidelity Rollover IRA",,,False,100,CSX,accepted,house_ptr_structure+v8_1,False,False,False,09/23/2025,False,,valid_range
20032211,Hon. Valerie Hoyle,Member,OR04,20032211.pdf,2025,43,SP,CVS Health Corporation Common Stock,CVS Health Corporation Common Stock,CVS,CVS,ST,S,2025-09-23,2025-09-23,1001.0,15000.0,,"$1,001 - $15,000",valid_range,New,Fidelity Rollover IRA,,,,5,6,table,False,False,,True,0,False,False,98,True,20,False,https://disclosures-clerk.house.gov/public_disc/ptr-pdfs/2025/20032211.pdf,,,SP,CVS Health Corporation Common Stock (CVS) [ST],CVS Health Corporation Common Stock (CVS) [ST],S,09/23/2025,09/23/2025,"$1,001 - $15,000",Filing Status: New Subholding Of: Fidelity Rollover IRA,"SP CVS Health Corporation Common Stock (CVS) [ST] S 09/23/2025 09/23/2025 $1,001 - $15,000 Filing Status: New Subholding Of: Fidelity Rollover IRA",,,False,98,CVS,accepted,house_ptr_structure+v8_1,False,False,False,09/23/2025,False,,valid_range
20032211,Hon. Valerie Hoyle,Member,OR04,20032211.pdf,2025,44,SP,Deere & Company Common Stock,Deere & Company Common Stock,DE,DE,ST,S,2025-09-23,2025-09-23,1001.0,15000.0,,"$1,001 - $15,000",valid_range,New,Fidelity Rollover IRA,,,,6,6,table,False,False,,False,0,False,True,100,True,20,False,https://disclosures-clerk.house.gov/public_disc/ptr-pdfs/2025/20032211.pdf,,,SP,Deere & Company Common Stock (DE) [ST],Deere & Company Common Stock (DE) [ST],S,09/23/2025,09/23/2025,"$1,001 - $15,000",Filing Status: New Subholding Of: Fidelity Rollover IRA,"SP Deere & Company Common Stock (DE) [ST] S 09/23/2025 09/23/2025 $1,001 - $15,000 Filing Status: New Subholding Of: Fidelity Rollover IRA",,,False,100,DE,accepted,house_ptr_structure+v8_1,False,False,False,09/23/2025,False,,valid_range
20032211,Hon. Valerie Hoyle,Member,OR04,20032211.pdf,2025,45,SP,Diageo plc Common Stock,Diageo plc Common Stock,DEO,DEO,ST,S,2025-09-23,2025-09-23,1001.0,15000.0,,"$1,001 - $15,000",valid_range,New,Fidelity Rollover IRA,,,,6,6,table,False,False,,False,0,False,False,100,True,20,False,https://disclosures-clerk.house.gov/public_disc/ptr-pdfs/2025/20032211.pdf,,,SP,Diageo plc Common Stock (DEO) [ST] Filing Status: New Subholding Of: Fidelity Rollover IRA,Diageo plc Common Stock (DEO) [ST],S,09/23/2025,09/23/2025,"$1,001 - $15,000",,"SP Diageo plc Common Stock (DEO) [ST] S 09/23/2025 09/23/2025 $1,001 - $15,000 Filing Status: New Subholding Of: Fidelity Rollover IRA",,,False,100,DEO,accepted,house_ptr_structure+v8_1,False,False,False,09/23/2025,False,,valid_range
20032211,Hon. Valerie Hoyle,Member,OR04,20032211.pdf,2025,46,SP,"Eaton Corporation, PLC Ordinary Shares","Eaton Corporation, PLC Ordinary Shares",ETN,ETN,ST,S,2025-09-23,2025-09-23,1001.0,15000.0,,"$1,001 - $15,000",valid_range,New,Fidelity Rollover IRA,,,,6,6,table,False,False,,False,0,False,True,100,True,20,False,https://disclosures-clerk.house.gov/public_disc/ptr-pdfs/2025/20032211.pdf,,,SP,"Eaton Corporation, PLC Ordinary Shares (ETN) [ST]","Eaton Corporation, PLC Ordinary Shares (ETN) [ST]",S,09/23/2025,09/23/2025,"$1,001 - $15,000",Filing Status: New Subholding Of: Fidelity Rollover IRA,"SP Eaton Corporation, PLC Ordinary Shares (ETN) [ST] S 09/23/2025 09/23/2025 $1,001 - $15,000 Filing Status: New Subholding Of: Fidelity Rollover IRA",,,False,100,ETN,accepted,house_ptr_structure+v8_1,False,False,False,09/23/2025,False,,valid_range
20032211,Hon. Valerie Hoyle,Member,OR04,20032211.pdf,2025,47,SP,Elanco Animal Health Incorporated Common Stock,Elanco Animal Health Incorporated Common Stock,ELAN,ELAN,ST,S,2025-09-23,2025-09-23,1001.0,15000.0,,"$1,001 - $15,000",valid_range,New,Fidelity Rollover IRA,,,,6,6,table,False,False,,False,0,False,False,100,True,20,False,https://disclosures-clerk.house.gov/public_disc/ptr-pdfs/2025/20032211.pdf,,,SP,Elanco Animal Health Incorporated Common Stock (ELAN) [ST] Filing Status: New Subholding Of: Fidelity Rollover IRA,Elanco Animal Health Incorporated Common Stock (ELAN) [ST],S,09/23/2025,09/23/2025,"$1,001 - $15,000",,"SP Elanco Animal Health Incorporated Common Stock (ELAN) [ST] S 09/23/2025 09/23/2025 $1,001 - $15,000 Filing Status: New Subholding Of: Fidelity Rollover IRA",,,False,100,ELAN,accepted,house_ptr_structure+v8_1,False,False,False,09/23/2025,False,,valid_range
20032211,Hon. Valerie Hoyle,Member,OR04,20032211.pdf,2025,48,SP,Eli Lilly and Company Common Stock,Eli Lilly and Company Common Stock,LLY,LLY,ST,S,2025-09-23,2025-09-23,1001.0,15000.0,,"$1,001 - $15,000",valid_range,New,Fidelity Rollover IRA,,,,6,6,table,False,False,,False,0,False,True,100,True,20,False,https://disclosures-clerk.house.gov/public_disc/ptr-pdfs/2025/20032211.pdf,,,SP,Eli Lilly and Company Common Stock (LLY) [ST],Eli Lilly and Company Common Stock (LLY) [ST],S,09/23/2025,09/23/2025,"$1,001 - $15,000",Filing Status: New Subholding Of: Fidelity Rollover IRA,"SP Eli Lilly and Company Common Stock (LLY) [ST] S 09/23/2025 09/23/2025 $1,001 - $15,000 Filing Status: New Subholding Of: Fidelity Rollover IRA",,,False,100,LLY,accepted,house_ptr_structure+v8_1,False,False,False,09/23/2025,False,,valid_range
20032211,Hon. Valerie Hoyle,Member,OR04,20032211.pdf,2025,49,SP,Emerson Electric Company Common Stock,Emerson Electric Company Common Stock,EMR,EMR,ST,S,2025-09-23,2025-09-23,1001.0,15000.0,,"$1,001 - $15,000",valid_range,New,Fidelity Rollover IRA,,,,6,6,table,False,False,,False,0,False,False,100,True,20,False,https://disclosures-clerk.house.gov/public_disc/ptr-pdfs/2025/20032211.pdf,,,SP,Emerson Electric Company Common Stock (EMR) [ST] Filing Status: New Subholding Of: Fidelity Rollover IRA,Emerson Electric Company Common Stock (EMR) [ST],S,09/23/2025,09/23/2025,"$1,001 - $15,000",,"SP Emerson Electric Company Common Stock (EMR) [ST] S 09/23/2025 09/23/2025 $1,001 - $15,000 Filing Status: New Subholding Of: Fidelity Rollover IRA",,,False,100,EMR,accepted,house_ptr_structure+v8_1,False,False,False,09/23/2025,False,,valid_range
20032211,Hon. Valerie Hoyle,Member,OR04,20032211.pdf,2025,50,SP,Eversource Energy,Eversource Energy,ES,ES,ST,S,2025-09-23,2025-09-23,1001.0,15000.0,,"$1,001 - $15,000",valid_range,New,Fidelity Rollover IRA,,,,6,6,table,False,False,,False,0,False,True,100,True,20,False,https://disclosures-clerk.house.gov/public_disc/ptr-pdfs/2025/20032211.pdf,,,SP,Eversource Energy (ES) [ST],Eversource Energy (ES) [ST],S,09/23/2025,09/23/2025,"$1,001 - $15,000",Filing Status: New Subholding Of: Fidelity Rollover IRA,"SP Eversource Energy (ES) [ST] S 09/23/2025 09/23/2025 $1,001 - $15,000 Filing Status: New Subholding Of: Fidelity Rollover IRA",,,False,100,ES,accepted,house_ptr_structure+v8_1,False,False,False,09/23/2025,False,,valid_range
20032211,Hon. Valerie Hoyle,Member,OR04,20032211.pdf,2025,51,SP,Exxon Mobil Corporation Common Stock,Exxon Mobil Corporation Common Stock,XOM,XOM,ST,S,2025-09-23,2025-09-23,1001.0,15000.0,,"$1,001 - $15,000",valid_range,New,Fidelity Rollover IRA,,,,6,6,table,False,False,,False,0,False,False,100,True,20,False,https://disclosures-clerk.house.gov/public_disc/ptr-pdfs/2025/20032211.pdf,,,SP,Exxon Mobil Corporation Common Stock (XOM) [ST] Filing Status: New Subholding Of: Fidelity Rollover IRA,Exxon Mobil Corporation Common Stock (XOM) [ST],S,09/23/2025,09/23/2025,"$1,001 - $15,000",,"SP Exxon Mobil Corporation Common Stock (XOM) [ST] S 09/23/2025 09/23/2025 $1,001 - $15,000 Filing Status: New Subholding Of: Fidelity Rollover IRA",,,False,100,XOM,accepted,house_ptr_structure+v8_1,False,False,False,09/23/2025,False,,valid_range
20032211,Hon. Valerie Hoyle,Member,OR04,20032211.pdf,2025,52,SP,FedEx Corporation Common Stock,FedEx Corporation Common Stock,FDX,FDX,ST,S,2025-09-23,2025-09-23,1001.0,15000.0,,"$1,001 - $15,000",valid_range,New $200?,Fidelity Rollover IRA,,,,6,7,table,False,False,,True,0,False,True,98,True,20,False,https://disclosures-clerk.house.gov/public_disc/ptr-pdfs/2025/20032211.pdf,,,SP,FedEx Corporation Common Stock (FDX) [ST],FedEx Corporation Common Stock (FDX) [ST],S,09/23/2025,09/23/2025,"$1,001 - $15,000",Filing Status: New $200? Subholding Of: Fidelity Rollover IRA,"SP FedEx Corporation Common Stock (FDX) [ST] S 09/23/2025 09/23/2025 $1,001 - $15,000 Filing Status: New $200? Subholding Of: Fidelity Rollover IRA",,,False,98,FDX,accepted,house_ptr_structure+v8_1,False,False,False,09/23/2025,False,,valid_range
20032211,Hon. Valerie Hoyle,Member,OR04,20032211.pdf,2025,53,SP,Ferguson Enterprises Inc. Common Stock,Ferguson Enterprises Inc. Common Stock,FERG,FERG,ST,S,2025-09-23,2025-09-23,1001.0,15000.0,,"$1,001 - $15,000",valid_range,New,Fidelity Rollover IRA,,,,7,7,table,False,False,,False,0,False,False,100,True,20,False,https://disclosures-clerk.house.gov/public_disc/ptr-pdfs/2025/20032211.pdf,,,SP,Ferguson Enterprises Inc. Common Stock (FERG) [ST] Filing Status: New Subholding Of: Fidelity Rollover IRA,Ferguson Enterprises Inc. Common Stock (FERG) [ST],S,09/23/2025,09/23/2025,"$1,001 - $15,000",,"SP Ferguson Enterprises Inc. Common Stock (FERG) [ST] S 09/23/2025 09/23/2025 $1,001 - $15,000 Filing Status: New Subholding Of: Fidelity Rollover IRA",,,False,100,FERG,accepted,house_ptr_structure+v8_1,False,False,False,09/23/2025,False,,valid_range
20032211,Hon. Valerie Hoyle,Member,OR04,20032211.pdf,2025,54,SP,FIRST QUANTUM MINERALS,FIRST QUANTUM MINERALS,FQVLF,FQVLF,ST,S,2025-09-23,2025-09-23,1001.0,15000.0,,"$1,001 - $15,000",valid_range,New,Fidelity Rollover IRA,,,,7,7,table,False,False,,False,0,False,True,100,True,20,False,https://disclosures-clerk.house.gov/public_disc/ptr-pdfs/2025/20032211.pdf,,,SP,FIRST QUANTUM MINERALS (FQVLF) [ST],FIRST QUANTUM MINERALS (FQVLF) [ST],S,09/23/2025,09/23/2025,"$1,001 - $15,000",Filing Status: New Subholding Of: Fidelity Rollover IRA,"SP FIRST QUANTUM MINERALS (FQVLF) [ST] S 09/23/2025 09/23/2025 $1,001 - $15,000 Filing Status: New Subholding Of: Fidelity Rollover IRA",,,False,100,FQVLF,accepted,house_ptr_structure+v8_1,False,False,False,09/23/2025,False,,valid_range
20032211,Hon. Valerie Hoyle,Member,OR04,20032211.pdf,2025,55,SP,GE Aerospace Common Stock,GE Aerospace Common Stock,GE,GE,ST,S,2025-09-23,2025-09-23,1001.0,15000.0,,"$1,001 - $15,000",valid_range,New,Fidelity Rollover IRA,,,,7,7,table,False,False,,False,0,False,False,100,True,20,False,https://disclosures-clerk.house.gov/public_disc/ptr-pdfs/2025/20032211.pdf,,,SP,GE Aerospace Common Stock (GE) [ST] Filing Status: New Subholding Of: Fidelity Rollover IRA,GE Aerospace Common Stock (GE) [ST],S,09/23/2025,09/23/2025,"$1,001 - $15,000",,"SP GE Aerospace Common Stock (GE) [ST] S 09/23/2025 09/23/2025 $1,001 - $15,000 Filing Status: New Subholding Of: Fidelity Rollover IRA",,,False,100,GE,accepted,house_ptr_structure+v8_1,False,False,False,09/23/2025,False,,valid_range
20032211,Hon. Valerie Hoyle,Member,OR04,20032211.pdf,2025,56,SP,GE Vernova Inc. Common Stock,GE Vernova Inc. Common Stock,GEV,GEV,ST,S,2025-09-23,2025-09-23,1001.0,15000.0,,"$1,001 - $15,000",valid_range,New,Fidelity Rollover IRA,,,,7,7,table,False,False,,False,0,False,True,100,True,20,False,https://disclosures-clerk.house.gov/public_disc/ptr-pdfs/2025/20032211.pdf,,,SP,GE Vernova Inc. Common Stock (GEV) [ST],GE Vernova Inc. Common Stock (GEV) [ST],S,09/23/2025,09/23/2025,"$1,001 - $15,000",Filing Status: New Subholding Of: Fidelity Rollover IRA,"SP GE Vernova Inc. Common Stock (GEV) [ST] S 09/23/2025 09/23/2025 $1,001 - $15,000 Filing Status: New Subholding Of: Fidelity Rollover IRA",,,False,100,GEV,accepted,house_ptr_structure+v8_1,False,False,False,09/23/2025,False,,valid_range
20032211,Hon. Valerie Hoyle,Member,OR04,20032211.pdf,2025,57,SP,Gen Digital Inc. - Common Stock,Gen Digital Inc. - Common Stock,GEN,GEN,ST,S,2025-09-23,2025-09-23,1001.0,15000.0,,"$1,001 - $15,000",valid_range,New,Fidelity Rollover IRA,,,,7,7,table,False,False,,False,0,False,False,100,True,20,False,https://disclosures-clerk.house.gov/public_disc/ptr-pdfs/2025/20032211.pdf,,,SP,Gen Digital Inc. - Common Stock (GEN) [ST] Filing Status: New Subholding Of: Fidelity Rollover IRA,Gen Digital Inc. - Common Stock (GEN) [ST],S,09/23/2025,09/23/2025,"$1,001 - $15,000",,"SP Gen Digital Inc. - Common Stock (GEN) [ST] S 09/23/2025 09/23/2025 $1,001 - $15,000 Filing Status: New Subholding Of: Fidelity Rollover IRA",,,False,100,GEN,accepted,house_ptr_structure+v8_1,False,False,False,09/23/2025,False,,valid_range
20032211,Hon. Valerie Hoyle,Member,OR04,20032211.pdf,2025,58,SP,"Gilead Sciences, Inc. - Common Stock","Gilead Sciences, Inc. - Common Stock",GILD,GILD,ST,S,2025-09-23,2025-09-23,1001.0,15000.0,,"$1,001 - $15,000",valid_range,New,Fidelity Rollover IRA,,,,7,7,table,False,False,,False,0,False,True,100,True,20,False,https://disclosures-clerk.house.gov/public_disc/ptr-pdfs/2025/20032211.pdf,,,SP,"Gilead Sciences, Inc. - Common Stock (GILD) [ST]","Gilead Sciences, Inc. - Common Stock (GILD) [ST]",S,09/23/2025,09/23/2025,"$1,001 - $15,000",Filing Status: New Subholding Of: Fidelity Rollover IRA,"SP Gilead Sciences, Inc. - Common Stock (GILD) [ST] S 09/23/2025 09/23/2025 $1,001 - $15,000 Filing Status: New Subholding Of: Fidelity Rollover IRA",,,False,100,GILD,accepted,house_ptr_structure+v8_1,False,False,False,09/23/2025,False,,valid_range
20032211,Hon. Valerie Hoyle,Member,OR04,20032211.pdf,2025,59,SP,GoDaddy Inc. Class A Common Stock,GoDaddy Inc. Class A Common Stock,GDDY,GDDY,ST,P,2025-09-10,2025-09-23,1001.0,15000.0,,"$1,001 - $15,000",valid_range,New,Fidelity Rollover IRA,,"Full sale on 9/23/25 less than $1,000",,7,7,table,False,False,,False,0,False,False,100,True,30,False,https://disclosures-clerk.house.gov/public_disc/ptr-pdfs/2025/20032211.pdf,,,SP,GoDaddy Inc. Class A Common Stock (GDDY) [ST] Filing Status: New Subholding Of: Fidelity Rollover IRA Description: Full sale on 9/23/25 less th,GoDaddy Inc. Class A Common Stock (GDDY) [ST],"P an $1,000",09/10/2025,09/23/2025,"$1,001 - $15,000",,"SP GoDaddy Inc. Class A Common Stock (GDDY) [ST] P 09/10/2025 09/23/2025 $1,001 - $15,000 Filing Status: New Subholding Of: Fidelity Rollover IRA Description: Full sale on 9/23/25 less than $1,000",,,False,100,GDDY,accepted,house_ptr_structure+v8_1,False,False,False,09/10/2025,False,,valid_range
20032211,Hon. Valerie Hoyle,Member,OR04,20032211.pdf,2025,60,SP,GSK plc American Depositary Shares,GSK plc American Depositary Shares,GSK,GSK,ST,S,2025-09-23,2025-09-23,1001.0,15000.0,,"$1,001 - $15,000",valid_range,New,Fidelity Rollover IRA,,,,7,7,table,False,False,,False,0,False,True,100,True,20,False,https://disclosures-clerk.house.gov/public_disc/ptr-pdfs/2025/20032211.pdf,,,SP,GSK plc American Depositary Shares (GSK) [ST],GSK plc American Depositary Shares (GSK) [ST],S,09/23/2025,09/23/2025,"$1,001 - $15,000",Filing Status: New Subholding Of: Fidelity Rollover IRA,"SP GSK plc American Depositary Shares (GSK) [ST] S 09/23/2025 09/23/2025 $1,001 - $15,000 Filing Status: New Subholding Of: Fidelity Rollover IRA",,,False,100,GSK,accepted,house_ptr_structure+v8_1,False,False,False,09/23/2025,False,,valid_range
20032211,Hon. Valerie Hoyle,Member,OR04,20032211.pdf,2025,61,SP,"H&R Block, Inc. Common Stock","H&R Block, Inc. Common Stock",HRB,HRB,ST,S,2025-09-23,2025-09-23,1001.0,15000.0,,"$1,001 - $15,000",valid_range,New,Fidelity Rollover IRA,,,,7,8,table,False,False,,True,0,False,False,98,True,20,False,https://disclosures-clerk.house.gov/public_disc/ptr-pdfs/2025/20032211.pdf,,,SP,"H&R Block, Inc. Common Stock (HRB) [ST]","H&R Block, Inc. Common Stock (HRB) [ST]",S,09/23/2025,09/23/2025,"$1,001 - $15,000",Filing Status: New Subholding Of: Fidelity Rollover IRA,"SP H&R Block, Inc. Common Stock (HRB) [ST] S 09/23/2025 09/23/2025 $1,001 - $15,000 Filing Status: New Subholding Of: Fidelity Rollover IRA",,,False,98,HRB,accepted,house_ptr_structure+v8_1,False,False,False,09/23/2025,False,,valid_range
20032211,Hon. Valerie Hoyle,Member,OR04,20032211.pdf,2025,62,SP,Haleon plc American Depositary Shares,Haleon plc American Depositary Shares,HLN,HLN,ST,S,2025-09-23,2025-09-23,1001.0,15000.0,,"$1,001 - $15,000",valid_range,New,Fidelity Rollover IRA,,,,8,8,table,False,False,,False,0,False,True,100,True,20,False,https://disclosures-clerk.house.gov/public_disc/ptr-pdfs/2025/20032211.pdf,,,SP,Haleon plc American Depositary Shares (HLN) [ST],Haleon plc American Depositary Shares (HLN) [ST],S,09/23/2025,09/23/2025,"$1,001 - $15,000",Filing Status: New Subholding Of: Fidelity Rollover IRA,"SP Haleon plc American Depositary Shares (HLN) [ST] S 09/23/2025 09/23/2025 $1,001 - $15,000 Filing Status: New Subholding Of: Fidelity Rollover IRA",,,False,100,HLN,accepted,house_ptr_structure+v8_1,False,False,False,09/23/2025,False,,valid_range
20032211,Hon. Valerie Hoyle,Member,OR04,20032211.pdf,2025,63,SP,Heico Corporation Common Stock,Heico Corporation Common Stock,HEI.A,HEI.A,ST,S,2025-09-23,2025-09-23,1001.0,15000.0,,"$1,001 - $15,000",valid_range,New,Fidelity Rollover IRA,,,,8,8,table,False,False,,False,0,False,False,100,True,20,False,https://disclosures-clerk.house.gov/public_disc/ptr-pdfs/2025/20032211.pdf,,,SP,Heico Corporation Common Stock (HEI.A) [ST] Filing Status: New Subholding Of: Fidelity Rollover IRA,Heico Corporation Common Stock (HEI.A) [ST],S,09/23/2025,09/23/2025,"$1,001 - $15,000",,"SP Heico Corporation Common Stock (HEI.A) [ST] S 09/23/2025 09/23/2025 $1,001 - $15,000 Filing Status: New Subholding Of: Fidelity Rollover IRA",,,False,100,HEI.A,accepted,house_ptr_structure+v8_1,False,False,False,09/23/2025,False,,valid_range
20032211,Hon. Valerie Hoyle,Member,OR04,20032211.pdf,2025,64,SP,Hilton Worldwide Holdings Inc. Common Stock,Hilton Worldwide Holdings Inc. Common Stock,HLT,HLT,ST,S,2025-09-23,2025-09-23,1001.0,15000.0,,"$1,001 - $15,000",valid_range,New,Fidelity Rollover IRA,,,,8,8,table,False,False,,False,0,False,True,100,True,20,False,https://disclosures-clerk.house.gov/public_disc/ptr-pdfs/2025/20032211.pdf,,,SP,Hilton Worldwide Holdings Inc. Common Stock (HLT) [ST],Hilton Worldwide Holdings Inc. Common Stock (HLT) [ST],S,09/23/2025,09/23/2025,"$1,001 - $15,000",Filing Status: New Subholding Of: Fidelity Rollover IRA,"SP Hilton Worldwide Holdings Inc. Common Stock (HLT) [ST] S 09/23/2025 09/23/2025 $1,001 - $15,000 Filing Status: New Subholding Of: Fidelity Rollover IRA",,,False,100,HLT,accepted,house_ptr_structure+v8_1,False,False,False,09/23/2025,False,,valid_range
20032211,Hon. Valerie Hoyle,Member,OR04,20032211.pdf,2025,65,SP,Imperial Oil Limited Common Stock,Imperial Oil Limited Common Stock,IMO,IMO,ST,S,2025-09-23,2025-09-23,1001.0,15000.0,,"$1,001 - $15,000",valid_range,New,Fidelity Rollover IRA,,,,8,8,table,False,False,,False,0,False,False,100,True,20,False,https://disclosures-clerk.house.gov/public_disc/ptr-pdfs/2025/20032211.pdf,,,SP,Imperial Oil Limited Common Stock (IMO) [ST] Filing Status: New Subholding Of: Fidelity Rollover IRA,Imperial Oil Limited Common Stock (IMO) [ST],S,09/23/2025,09/23/2025,"$1,001 - $15,000",,"SP Imperial Oil Limited Common Stock (IMO) [ST] S 09/23/2025 09/23/2025 $1,001 - $15,000 Filing Status: New Subholding Of: Fidelity Rollover IRA",,,False,100,IMO,accepted,house_ptr_structure+v8_1,False,False,False,09/23/2025,False,,valid_range
20032211,Hon. Valerie Hoyle,Member,OR04,20032211.pdf,2025,66,SP,Johnson & Johnson Common Stock,Johnson & Johnson Common Stock,JNJ,JNJ,ST,S,2025-09-23,2025-09-23,1001.0,15000.0,,"$1,001 - $15,000",valid_range,New,Fidelity Rollover IRA,,,,8,8,table,False,False,,False,0,False,True,100,True,20,False,https://disclosures-clerk.house.gov/public_disc/ptr-pdfs/2025/20032211.pdf,,,SP,Johnson & Johnson Common Stock (JNJ) [ST],Johnson & Johnson Common Stock (JNJ) [ST],S,09/23/2025,09/23/2025,"$1,001 - $15,000",Filing Status: New Subholding Of: Fidelity Rollover IRA,"SP Johnson & Johnson Common Stock (JNJ) [ST] S 09/23/2025 09/23/2025 $1,001 - $15,000 Filing Status: New Subholding Of: Fidelity Rollover IRA",,,False,100,JNJ,accepted,house_ptr_structure+v8_1,False,False,False,09/23/2025,False,,valid_range
20032211,Hon. Valerie Hoyle,Member,OR04,20032211.pdf,2025,67,SP,JP Morgan Chase & Co. Common Stock,JP Morgan Chase & Co. Common Stock,JPM,JPM,ST,S,2025-09-23,2025-09-23,1001.0,15000.0,,"$1,001 - $15,000",valid_range,New,Fidelity Rollover IRA,,,,8,8,table,False,False,,False,0,False,False,100,True,20,False,https://disclosures-clerk.house.gov/public_disc/ptr-pdfs/2025/20032211.pdf,,,SP,JP Morgan Chase & Co. Common Stock (JPM) [ST] Filing Status: New Subholding Of: Fidelity Rollover IRA,JP Morgan Chase & Co. Common Stock (JPM) [ST],S,09/23/2025,09/23/2025,"$1,001 - $15,000",,"SP JP Morgan Chase & Co. Common Stock (JPM) [ST] S 09/23/2025 09/23/2025 $1,001 - $15,000 Filing Status: New Subholding Of: Fidelity Rollover IRA",,,False,100,JPM,accepted,house_ptr_structure+v8_1,False,False,False,09/23/2025,False,,valid_range
20032211,Hon. Valerie Hoyle,Member,OR04,20032211.pdf,2025,68,SP,Kenvue Inc. Common Stock,Kenvue Inc. Common Stock,KVUE,KVUE,ST,S,2025-09-23,2025-09-23,1001.0,15000.0,,"$1,001 - $15,000",valid_range,New,Fidelity Rollover IRA,,,,8,8,table,False,False,,False,0,False,True,100,True,20,False,https://disclosures-clerk.house.gov/public_disc/ptr-pdfs/2025/20032211.pdf,,,SP,Kenvue Inc. Common Stock (KVUE) [ST],Kenvue Inc. Common Stock (KVUE) [ST],S,09/23/2025,09/23/2025,"$1,001 - $15,000",Filing Status: New Subholding Of: Fidelity Rollover IRA,"SP Kenvue Inc. Common Stock (KVUE) [ST] S 09/23/2025 09/23/2025 $1,001 - $15,000 Filing Status: New Subholding Of: Fidelity Rollover IRA",,,False,100,KVUE,accepted,house_ptr_structure+v8_1,False,False,False,09/23/2025,False,,valid_range
20032211,Hon. Valerie Hoyle,Member,OR04,20032211.pdf,2025,69,SP,Keurig Dr Pepper Inc.,Keurig Dr Pepper Inc.,KDP,KDP,ST,S,2025-09-23,2025-09-23,1001.0,15000.0,,"$1,001 - $15,000",valid_range,New,Fidelity Rollover IRA,,,,8,8,table,False,False,,False,0,False,False,100,True,20,False,https://disclosures-clerk.house.gov/public_disc/ptr-pdfs/2025/20032211.pdf,,,SP,Keurig Dr Pepper Inc. (KDP) [ST] Filing Status: New Subholding Of: Fidelity Rollover IRA,Keurig Dr Pepper Inc. (KDP) [ST],S,09/23/2025,09/23/2025,"$1,001 - $15,000",,"SP Keurig Dr Pepper Inc. (KDP) [ST] S 09/23/2025 09/23/2025 $1,001 - $15,000 Filing Status: New Subholding Of: Fidelity Rollover IRA",,,False,100,KDP,accepted,house_ptr_structure+v8_1,False,False,False,09/23/2025,False,,valid_range
20032211,Hon. Valerie Hoyle,Member,OR04,20032211.pdf,2025,70,SP,KKR & Co. Inc. Common Stock,KKR & Co. Inc. Common Stock,KKR,KKR,ST,S,2025-09-23,2025-09-23,1001.0,15000.0,,"$1,001 - $15,000",valid_range,New $200?,Fidelity Rollover IRA,,,,8,9,table,False,False,,True,0,False,True,98,True,20,False,https://disclosures-clerk.house.gov/public_disc/ptr-pdfs/2025/20032211.pdf,,,SP,KKR & Co. Inc. Common Stock (KKR) [ST],KKR & Co. Inc. Common Stock (KKR) [ST],S,09/23/2025,09/23/2025,"$1,001 - $15,000",Filing Status: New $200? Subholding Of: Fidelity Rollover IRA,"SP KKR & Co. Inc. Common Stock (KKR) [ST] S 09/23/2025 09/23/2025 $1,001 - $15,000 Filing Status: New $200? Subholding Of: Fidelity Rollover IRA",,,False,98,KKR,accepted,house_ptr_structure+v8_1,False,False,False,09/23/2025,False,,valid_range
20032211,Hon. Valerie Hoyle,Member,OR04,20032211.pdf,2025,71,SP,KLA Corporation - Common Stock,KLA Corporation - Common Stock,KLAC,KLAC,ST,S,2025-09-23,2025-09-23,1001.0,15000.0,,"$1,001 - $15,000",valid_range,New,Fidelity Rollover IRA,,,,9,9,table,False,False,,False,0,False,False,100,True,20,False,https://disclosures-clerk.house.gov/public_disc/ptr-pdfs/2025/20032211.pdf,,,SP,KLA Corporation - Common Stock (KLAC) [ST] Filing Status: New Subholding Of: Fidelity Rollover IRA,KLA Corporation - Common Stock (KLAC) [ST],S,09/23/2025,09/23/2025,"$1,001 - $15,000",,"SP KLA Corporation - Common Stock (KLAC) [ST] S 09/23/2025 09/23/2025 $1,001 - $15,000 Filing Status: New Subholding Of: Fidelity Rollover IRA",,,False,100,KLAC,accepted,house_ptr_structure+v8_1,False,False,False,09/23/2025,False,,valid_range
20032211,Hon. Valerie Hoyle,Member,OR04,20032211.pdf,2025,72,SP,Kroger Company,Kroger Company,KR,KR,ST,S,2025-09-23,2025-09-23,1001.0,15000.0,,"$1,001 - $15,000",valid_range,New,Fidelity Rollover IRA,,,,9,9,table,False,False,,False,0,False,True,100,True,20,False,https://disclosures-clerk.house.gov/public_disc/ptr-pdfs/2025/20032211.pdf,,,SP,Kroger Company (KR) [ST],Kroger Company (KR) [ST],S,09/23/2025,09/23/2025,"$1,001 - $15,000",Filing Status: New Subholding Of: Fidelity Rollover IRA,"SP Kroger Company (KR) [ST] S 09/23/2025 09/23/2025 $1,001 - $15,000 Filing Status: New Subholding Of: Fidelity Rollover IRA",,,False,100,KR,accepted,house_ptr_structure+v8_1,False,False,False,09/23/2025,False,,valid_range
20032211,Hon. Valerie Hoyle,Member,OR04,20032211.pdf,2025,73,SP,"L3Harris Technologies, Inc. Common Stock","L3Harris Technologies, Inc. Common Stock",LHX,LHX,ST,S,2025-09-23,2025-09-23,1001.0,15000.0,,"$1,001 - $15,000",valid_range,New,Fidelity Rollover IRA,,,,9,9,table,False,False,,False,0,False,False,100,True,20,False,https://disclosures-clerk.house.gov/public_disc/ptr-pdfs/2025/20032211.pdf,,,SP,"L3Harris Technologies, Inc. Common Stock (LHX) [ST] Filing Status: New Subholding Of: Fidelity Rollover IRA","L3Harris Technologies, Inc. Common Stock (LHX) [ST]",S,09/23/2025,09/23/2025,"$1,001 - $15,000",,"SP L3Harris Technologies, Inc. Common Stock (LHX) [ST] S 09/23/2025 09/23/2025 $1,001 - $15,000 Filing Status: New Subholding Of: Fidelity Rollover IRA",,,False,100,LHX,accepted,house_ptr_structure+v8_1,False,False,False,09/23/2025,False,,valid_range
20032211,Hon. Valerie Hoyle,Member,OR04,20032211.pdf,2025,74,SP,Lam Research Corporation - Common Stock,Lam Research Corporation - Common Stock,LRCX,LRCX,ST,S,2025-09-23,2025-09-23,1001.0,15000.0,,"$1,001 - $15,000",valid_range,New,Fidelity Rollover IRA,,,,9,9,table,False,False,,False,0,False,True,100,True,20,False,https://disclosures-clerk.house.gov/public_disc/ptr-pdfs/2025/20032211.pdf,,,SP,Lam Research Corporation - Common Stock (LRCX) [ST],Lam Research Corporation - Common Stock (LRCX) [ST],S,09/23/2025,09/23/2025,"$1,001 - $15,000",Filing Status: New Subholding Of: Fidelity Rollover IRA,"SP Lam Research Corporation - Common Stock (LRCX) [ST] S 09/23/2025 09/23/2025 $1,001 - $15,000 Filing Status: New Subholding Of: Fidelity Rollover IRA",,,False,100,LRCX,accepted,house_ptr_structure+v8_1,False,False,False,09/23/2025,False,,valid_range
20032211,Hon. Valerie Hoyle,Member,OR04,20032211.pdf,2025,75,SP,Lennar Corporation Class A Common Stock,Lennar Corporation Class A Common Stock,LEN,LEN,ST,S,2025-09-23,2025-09-23,1001.0,15000.0,,"$1,001 - $15,000",valid_range,New,Fidelity Rollover IRA,,,,9,9,table,False,False,,False,0,False,False,100,True,20,False,https://disclosures-clerk.house.gov/public_disc/ptr-pdfs/2025/20032211.pdf,,,SP,Lennar Corporation Class A Common Stock (LEN) [ST] Filing Status: New Subholding Of: Fidelity Rollover IRA,Lennar Corporation Class A Common Stock (LEN) [ST],S,09/23/2025,09/23/2025,"$1,001 - $15,000",,"SP Lennar Corporation Class A Common Stock (LEN) [ST] S 09/23/2025 09/23/2025 $1,001 - $15,000 Filing Status: New Subholding Of: Fidelity Rollover IRA",,,False,100,LEN,accepted,house_ptr_structure+v8_1,False,False,False,09/23/2025,False,,valid_range
20032211,Hon. Valerie Hoyle,Member,OR04,20032211.pdf,2025,76,SP,Linde plc - Ordinary Shares,Linde plc - Ordinary Shares,LIN,LIN,ST,S,2025-09-23,2025-09-23,1001.0,15000.0,,"$1,001 - $15,000",valid_range,New,Fidelity Rollover IRA,,,,9,9,table,False,False,,False,0,False,True,100,True,20,False,https://disclosures-clerk.house.gov/public_disc/ptr-pdfs/2025/20032211.pdf,,,SP,Linde plc - Ordinary Shares (LIN) [ST],Linde plc - Ordinary Shares (LIN) [ST],S,09/23/2025,09/23/2025,"$1,001 - $15,000",Filing Status: New Subholding Of: Fidelity Rollover IRA,"SP Linde plc - Ordinary Shares (LIN) [ST] S 09/23/2025 09/23/2025 $1,001 - $15,000 Filing Status: New Subholding Of: Fidelity Rollover IRA",,,False,100,LIN,accepted,house_ptr_structure+v8_1,False,False,False,09/23/2025,False,,valid_range
20032211,Hon. Valerie Hoyle,Member,OR04,20032211.pdf,2025,77,SP,Lockheed Martin Corporation Common Stock,Lockheed Martin Corporation Common Stock,LMT,LMT,ST,S,2025-09-23,2025-09-23,1001.0,15000.0,,"$1,001 - $15,000",valid_range,New,Fidelity Rollover IRA,,,,9,9,table,False,False,,False,0,False,False,100,True,20,False,https://disclosures-clerk.house.gov/public_disc/ptr-pdfs/2025/20032211.pdf,,,SP,Lockheed Martin Corporation Common Stock (LMT) [ST] Filing Status: New Subholding Of: Fidelity Rollover IRA,Lockheed Martin Corporation Common Stock (LMT) [ST],S,09/23/2025,09/23/2025,"$1,001 - $15,000",,"SP Lockheed Martin Corporation Common Stock (LMT) [ST] S 09/23/2025 09/23/2025 $1,001 - $15,000 Filing Status: New Subholding Of: Fidelity Rollover IRA",,,False,100,LMT,accepted,house_ptr_structure+v8_1,False,False,False,09/23/2025,False,,valid_range
20032211,Hon. Valerie Hoyle,Member,OR04,20032211.pdf,2025,78,SP,"Lowe's Companies, Inc. Common Stock","Lowe's Companies, Inc. Common Stock",LOW,LOW,ST,S,2025-09-23,2025-09-23,1001.0,15000.0,,"$1,001 - $15,000",valid_range,New,Fidelity Rollover IRA,,,,9,9,table,False,False,,False,0,False,True,100,True,20,False,https://disclosures-clerk.house.gov/public_disc/ptr-pdfs/2025/20032211.pdf,,,SP,"Lowe's Companies, Inc. Common Stock (LOW) [ST]","Lowe's Companies, Inc. Common Stock (LOW) [ST]",S,09/23/2025,09/23/2025,"$1,001 - $15,000",Filing Status: New Subholding Of: Fidelity Rollover IRA,"SP Lowe's Companies, Inc. Common Stock (LOW) [ST] S 09/23/2025 09/23/2025 $1,001 - $15,000 Filing Status: New Subholding Of: Fidelity Rollover IRA",,,False,100,LOW,accepted,house_ptr_structure+v8_1,False,False,False,09/23/2025,False,,valid_range
20032211,Hon. Valerie Hoyle,Member,OR04,20032211.pdf,2025,79,SP,lululemon athletica inc. - Common Stock,lululemon athletica inc. - Common Stock,LULU,LULU,ST,S,2025-09-23,2025-09-23,1001.0,15000.0,,"$1,001 - $15,000",valid_range,New,Fidelity Rollover IRA,,,,9,10,table,False,False,,True,0,False,False,98,True,20,False,https://disclosures-clerk.house.gov/public_disc/ptr-pdfs/2025/20032211.pdf,,,SP,lululemon athletica inc. - Common Stock (LULU) [ST] Filing Status: New,lululemon athletica inc. - Common Stock (LULU) [ST] Subholding Of: Fidelity Rollover IRA,S,09/23/2025,09/23/2025,"$1,001 - $15,000",Subholding Of: Fidelity Rollover IRA,"SP lululemon athletica inc. - Common Stock (LULU) [ST] S 09/23/2025 09/23/2025 $1,001 - $15,000 Filing Status: New Subholding Of: Fidelity Rollover IRA",,,False,98,LULU,accepted,house_ptr_structure+v8_1,False,False,False,09/23/2025,False,,valid_range
20032211,Hon. Valerie Hoyle,Member,OR04,20032211.pdf,2025,80,SP,LVMH Moet Hennessy Louis Vuitton Unsponsored American Depositary Receipt,LVMH Moet Hennessy Louis Vuitton Unsponsored American Depositary Receipt,LVMUY,LVMUY,ST,S,2025-09-23,2025-09-23,1001.0,15000.0,,"$1,001 - $15,000",valid_range,New,Fidelity Rollover IRA,,,,10,10,table,False,False,,False,0,False,True,100,True,20,False,https://disclosures-clerk.house.gov/public_disc/ptr-pdfs/2025/20032211.pdf,,,SP,LVMH Moet Hennessy Louis Vuitton Unsponsored American Depositary Receipt (LVMUY) [ST],LVMH Moet Hennessy Louis Vuitton Unsponsored American Depositary Receipt (LVMUY) [ST],S,09/23/2025,09/23/2025,"$1,001 - $15,000",Filing Status: New Subholding Of: Fidelity Rollover IRA,"SP LVMH Moet Hennessy Louis Vuitton Unsponsored American Depositary Receipt (LVMUY) [ST] S 09/23/2025 09/23/2025 $1,001 - $15,000 Filing Status: New Subholding Of: Fidelity Rollover IRA",,,False,100,LVMUY,accepted,house_ptr_structure+v8_1,False,False,False,09/23/2025,False,,valid_range
20032211,Hon. Valerie Hoyle,Member,OR04,20032211.pdf,2025,81,SP,LVMH Moet Hennessy Louis Vuitton Unsponsored American Depositary Receipt,LVMH Moet Hennessy Louis Vuitton Unsponsored American Depositary Receipt,LVMUY,LVMUY,ST,P,2025-09-10,2025-09-23,1001.0,15000.0,,"$1,001 - $15,000",valid_range,New,Fidelity Rollover IRA,,,,10,10,table,False,False,,False,0,False,False,100,True,20,False,https://disclosures-clerk.house.gov/public_disc/ptr-pdfs/2025/20032211.pdf,,,SP,LVMH Moet Hennessy Louis Vuitton Unsponsored American Depositary Receipt (LVMUY) [ST] Filing Status: New Subholding Of: Fidelity Rollover IRA,LVMH Moet Hennessy Louis Vuitton Unsponsored American Depositary Receipt (LVMUY) [ST],P,09/10/2025,09/23/2025,"$1,001 - $15,000",,"SP LVMH Moet Hennessy Louis Vuitton Unsponsored American Depositary Receipt (LVMUY) [ST] P 09/10/2025 09/23/2025 $1,001 - $15,000 Filing Status: New Subholding Of: Fidelity Rollover IRA",,,False,100,LVMUY,accepted,house_ptr_structure+v8_1,False,False,False,09/10/2025,False,,valid_range
20032211,Hon. Valerie Hoyle,Member,OR04,20032211.pdf,2025,82,SP,M&T Bank Corporation Common Stock,M&T Bank Corporation Common Stock,MTB,MTB,ST,S,2025-09-23,2025-09-23,1001.0,15000.0,,"$1,001 - $15,000",valid_range,New,Fidelity Rollover IRA,,,,10,10,table,False,False,,False,0,False,True,100,True,20,False,https://disclosures-clerk.house.gov/public_disc/ptr-pdfs/2025/20032211.pdf,,,SP,M&T Bank Corporation Common Stock (MTB) [ST],M&T Bank Corporation Common Stock (MTB) [ST],S,09/23/2025,09/23/2025,"$1,001 - $15,000",Filing Status: New Subholding Of: Fidelity Rollover IRA,"SP M&T Bank Corporation Common Stock (MTB) [ST] S 09/23/2025 09/23/2025 $1,001 - $15,000 Filing Status: New Subholding Of: Fidelity Rollover IRA",,,False,100,MTB,accepted,house_ptr_structure+v8_1,False,False,False,09/23/2025,False,,valid_range
20032211,Hon. Valerie Hoyle,Member,OR04,20032211.pdf,2025,83,SP,Marriott International - Class A Common Stock,Marriott International - Class A Common Stock,MAR,MAR,ST,S,2025-09-23,2025-09-23,1001.0,15000.0,,"$1,001 - $15,000",valid_range,New,Fidelity Rollover IRA,,,,10,10,table,False,False,,False,0,False,False,100,True,20,False,https://disclosures-clerk.house.gov/public_disc/ptr-pdfs/2025/20032211.pdf,,,SP,Marriott International - Class A Common Stock (MAR) [ST] Filing Status: New Subholding Of: Fidelity Rollover IRA,Marriott International - Class A Common Stock (MAR) [ST],S,09/23/2025,09/23/2025,"$1,001 - $15,000",,"SP Marriott International - Class A Common Stock (MAR) [ST] S 09/23/2025 09/23/2025 $1,001 - $15,000 Filing Status: New Subholding Of: Fidelity Rollover IRA",,,False,100,MAR,accepted,house_ptr_structure+v8_1,False,False,False,09/23/2025,False,,valid_range
20032211,Hon. Valerie Hoyle,Member,OR04,20032211.pdf,2025,84,SP,"Marsh & McLennan Companies, Inc. Common Stock","Marsh & McLennan Companies, Inc. Common Stock",MMC,MMC,ST,S,2025-09-23,2025-09-23,1001.0,15000.0,,"$1,001 - $15,000",valid_range,New,Fidelity Rollover IRA,,,,10,10,table,False,False,,False,0,False,True,100,True,20,False,https://disclosures-clerk.house.gov/public_disc/ptr-pdfs/2025/20032211.pdf,,,SP,"Marsh & McLennan Companies, Inc. Common Stock (MMC) [ST]","Marsh & McLennan Companies, Inc. Common Stock (MMC) [ST]",S,09/23/2025,09/23/2025,"$1,001 - $15,000",Filing Status: New Subholding Of: Fidelity Rollover IRA,"SP Marsh & McLennan Companies, Inc. Common Stock (MMC) [ST] S 09/23/2025 09/23/2025 $1,001 - $15,000 Filing Status: New Subholding Of: Fidelity Rollover IRA",,,False,100,MMC,accepted,house_ptr_structure+v8_1,False,False,False,09/23/2025,False,,valid_range
20032211,Hon. Valerie Hoyle,Member,OR04,20032211.pdf,2025,85,SP,"Martin Marietta Materials, Inc. Common Stock","Martin Marietta Materials, Inc. Common Stock",MLM,MLM,ST,S,2025-09-23,2025-09-23,1001.0,15000.0,,"$1,001 - $15,000",valid_range,New,Fidelity Rollover IRA,,,,10,10,table,False,False,,False,0,False,False,100,True,20,False,https://disclosures-clerk.house.gov/public_disc/ptr-pdfs/2025/20032211.pdf,,,SP,"Martin Marietta Materials, Inc. Common Stock (MLM) [ST] Filing Status: New Subholding Of: Fidelity Rollover IRA","Martin Marietta Materials, Inc. Common Stock (MLM) [ST]",S,09/23/2025,09/23/2025,"$1,001 - $15,000",,"SP Martin Marietta Materials, Inc. Common Stock (MLM) [ST] S 09/23/2025 09/23/2025 $1,001 - $15,000 Filing Status: New Subholding Of: Fidelity Rollover IRA",,,False,100,MLM,accepted,house_ptr_structure+v8_1,False,False,False,09/23/2025,False,,valid_range
20032211,Hon. Valerie Hoyle,Member,OR04,20032211.pdf,2025,86,SP,"Marvell Technology, Inc. - Common Stock","Marvell Technology, Inc. - Common Stock",MRVL,MRVL,ST,S,2025-09-23,2025-09-23,1001.0,15000.0,,"$1,001 - $15,000",valid_range,New,Fidelity Rollover IRA,,,,10,10,table,False,False,,False,0,False,True,100,True,20,False,https://disclosures-clerk.house.gov/public_disc/ptr-pdfs/2025/20032211.pdf,,,SP,"Marvell Technology, Inc. - Common Stock (MRVL) [ST]","Marvell Technology, Inc. - Common Stock (MRVL) [ST]",S,09/23/2025,09/23/2025,"$1,001 - $15,000",Filing Status: New Subholding Of: Fidelity Rollover IRA,"SP Marvell Technology, Inc. - Common Stock (MRVL) [ST] S 09/23/2025 09/23/2025 $1,001 - $15,000 Filing Status: New Subholding Of: Fidelity Rollover IRA",,,False,100,MRVL,accepted,house_ptr_structure+v8_1,False,False,False,09/23/2025,False,,valid_range
20032211,Hon. Valerie Hoyle,Member,OR04,20032211.pdf,2025,87,SP,Mastercard Incorporated Common Stock,Mastercard Incorporated Common Stock,MA,MA,ST,S,2025-09-23,2025-09-23,1001.0,15000.0,,"$1,001 - $15,000",valid_range,New,Fidelity Rollover IRA,,,,10,10,table,False,False,,False,0,False,False,100,True,20,False,https://disclosures-clerk.house.gov/public_disc/ptr-pdfs/2025/20032211.pdf,,,SP,Mastercard Incorporated Common Stock (MA) [ST] Filing Status: New Subholding Of: Fidelity Rollover IRA,Mastercard Incorporated Common Stock (MA) [ST],S,09/23/2025,09/23/2025,"$1,001 - $15,000",,"SP Mastercard Incorporated Common Stock (MA) [ST] S 09/23/2025 09/23/2025 $1,001 - $15,000 Filing Status: New Subholding Of: Fidelity Rollover IRA",,,False,100,MA,accepted,house_ptr_structure+v8_1,False,False,False,09/23/2025,False,,valid_range
20032211,Hon. Valerie Hoyle,Member,OR04,20032211.pdf,2025,88,SP,McKesson Corporation Common Stock,McKesson Corporation Common Stock,MCK,MCK,ST,S,2025-09-23,2025-09-23,1001.0,15000.0,,"$1,001 - $15,000",valid_range,New,Fidelity Rollover IRA,,,,10,11,table,False,False,,True,0,False,True,98,True,20,False,https://disclosures-clerk.house.gov/public_disc/ptr-pdfs/2025/20032211.pdf,,,SP,McKesson Corporation Common Stock (MCK) [ST],McKesson Corporation Common Stock (MCK) [ST] ID Owner Asset Transaction Type Date Notification Date Amount Cap. Gains > $200?,S,09/23/2025,09/23/2025,"$1,001 - $15,000",ID Owner Asset Transaction Type Date Notification Date Amount Cap. Gains > $200? Filing Status: New Subholding Of: Fidelity Rollover IRA,"SP McKesson Corporation Common Stock (MCK) [ST] S 09/23/2025 09/23/2025 $1,001 - $15,000 ID Owner Asset Transaction Type Date Notification Date Amount Cap. Gains > $200? Filing Status: New Subholding Of: Fidelity Rollover IRA",,,False,98,MCK,accepted,house_ptr_structure+v8_1,False,False,False,09/23/2025,False,,valid_range
20032211,Hon. Valerie Hoyle,Member,OR04,20032211.pdf,2025,89,SP,McKesson Corporation Common Stock,McKesson Corporation Common Stock,MCK,MCK,ST,P,2025-09-10,2025-09-23,1001.0,15000.0,,"$1,001 - $15,000",valid_range,New,Fidelity Rollover IRA,,,,11,11,table,False,False,,False,0,False,False,100,True,20,False,https://disclosures-clerk.house.gov/public_disc/ptr-pdfs/2025/20032211.pdf,,,SP,McKesson Corporation Common Stock (MCK) [ST] Filing Status: New Subholding Of: Fidelity Rollover IRA,McKesson Corporation Common Stock (MCK) [ST],P,09/10/2025,09/23/2025,"$1,001 - $15,000",,"SP McKesson Corporation Common Stock (MCK) [ST] P 09/10/2025 09/23/2025 $1,001 - $15,000 Filing Status: New Subholding Of: Fidelity Rollover IRA",,,False,100,MCK,accepted,house_ptr_structure+v8_1,False,False,False,09/10/2025,False,,valid_range
20032211,Hon. Valerie Hoyle,Member,OR04,20032211.pdf,2025,90,SP,"MercadoLibre, Inc. - Common Stock","MercadoLibre, Inc. - Common Stock",MELI,MELI,ST,S,2025-09-23,2025-09-23,1001.0,15000.0,,"$1,001 - $15,000",valid_range,New,Fidelity Rollover IRA,,,,11,11,table,False,False,,False,0,False,True,100,True,20,False,https://disclosures-clerk.house.gov/public_disc/ptr-pdfs/2025/20032211.pdf,,,SP,"MercadoLibre, Inc. - Common Stock (MELI) [ST]","MercadoLibre, Inc. - Common Stock (MELI) [ST]",S,09/23/2025,09/23/2025,"$1,001 - $15,000",Filing Status: New Subholding Of: Fidelity Rollover IRA,"SP MercadoLibre, Inc. - Common Stock (MELI) [ST] S 09/23/2025 09/23/2025 $1,001 - $15,000 Filing Status: New Subholding Of: Fidelity Rollover IRA",,,False,100,MELI,accepted,house_ptr_structure+v8_1,False,False,False,09/23/2025,False,,valid_range
20032211,Hon. Valerie Hoyle,Member,OR04,20032211.pdf,2025,91,SP,"Merck & Company, Inc. Common Stock","Merck & Company, Inc. Common Stock",MRK,MRK,ST,S,2025-09-23,2025-09-23,1001.0,15000.0,,"$1,001 - $15,000",valid_range,New,Fidelity Rollover IRA,,,,11,11,table,False,False,,False,0,False,False,100,True,20,False,https://disclosures-clerk.house.gov/public_disc/ptr-pdfs/2025/20032211.pdf,,,SP,"Merck & Company, Inc. Common Stock (MRK) [ST] Filing Status: New Subholding Of: Fidelity Rollover IRA","Merck & Company, Inc. Common Stock (MRK) [ST]",S,09/23/2025,09/23/2025,"$1,001 - $15,000",,"SP Merck & Company, Inc. Common Stock (MRK) [ST] S 09/23/2025 09/23/2025 $1,001 - $15,000 Filing Status: New Subholding Of: Fidelity Rollover IRA",,,False,100,MRK,accepted,house_ptr_structure+v8_1,False,False,False,09/23/2025,False,,valid_range
20032211,Hon. Valerie Hoyle,Member,OR04,20032211.pdf,2025,92,SP,"Meta Platforms, Inc. - Class A Common Stock","Meta Platforms, Inc. - Class A Common Stock",META,META,ST,S,2025-09-23,2025-09-23,15001.0,50000.0,,"$15,001 - $50,000",valid_range,New,Fidelity Rollover IRA,,,,11,11,table,False,False,,False,0,False,True,100,True,20,False,https://disclosures-clerk.house.gov/public_disc/ptr-pdfs/2025/20032211.pdf,,,SP,"Meta Platforms, Inc. - Class A Common Stock (META) [ST]","Meta Platforms, Inc. - Class A Common Stock (META) [ST]",S,09/23/2025,09/23/2025,"$15,001 - $50,000",Filing Status: New Subholding Of: Fidelity Rollover IRA,"SP Meta Platforms, Inc. - Class A Common Stock (META) [ST] S 09/23/2025 09/23/2025 $15,001 - $50,000 Filing Status: New Subholding Of: Fidelity Rollover IRA",,,False,100,META,accepted,house_ptr_structure+v8_1,False,False,False,09/23/2025,False,,valid_range
20032211,Hon. Valerie Hoyle,Member,OR04,20032211.pdf,2025,93,SP,"Micron Technology, Inc. - Common Stock","Micron Technology, Inc. - Common Stock",MU,MU,ST,S,2025-09-23,2025-09-23,1001.0,15000.0,,"$1,001 - $15,000",valid_range,New,Fidelity Rollover IRA,,,,11,11,table,False,False,,False,0,False,False,100,True,20,False,https://disclosures-clerk.house.gov/public_disc/ptr-pdfs/2025/20032211.pdf,,,SP,"Micron Technology, Inc. - Common Stock (MU) [ST] Filing Status: New Subholding Of: Fidelity Rollover IRA","Micron Technology, Inc. - Common Stock (MU) [ST]",S,09/23/2025,09/23/2025,"$1,001 - $15,000",,"SP Micron Technology, Inc. - Common Stock (MU) [ST] S 09/23/2025 09/23/2025 $1,001 - $15,000 Filing Status: New Subholding Of: Fidelity Rollover IRA",,,False,100,MU,accepted,house_ptr_structure+v8_1,False,False,False,09/23/2025,False,,valid_range
20032211,Hon. Valerie Hoyle,Member,OR04,20032211.pdf,2025,94,SP,Microsoft Corporation - Common Stock,Microsoft Corporation - Common Stock,MSFT,MSFT,ST,S,2025-09-23,2025-09-23,15001.0,50000.0,,"$15,001 - $50,000",valid_range,New,Fidelity Rollover IRA,,,,11,11,table,False,False,,False,0,False,True,100,True,20,False,https://disclosures-clerk.house.gov/public_disc/ptr-pdfs/2025/20032211.pdf,,,SP,Microsoft Corporation - Common Stock (MSFT) [ST],Microsoft Corporation - Common Stock (MSFT) [ST],S,09/23/2025,09/23/2025,"$15,001 - $50,000",Filing Status: New Subholding Of: Fidelity Rollover IRA,"SP Microsoft Corporation - Common Stock (MSFT) [ST] S 09/23/2025 09/23/2025 $15,001 - $50,000 Filing Status: New Subholding Of: Fidelity Rollover IRA",,,False,100,MSFT,accepted,house_ptr_structure+v8_1,False,False,False,09/23/2025,False,,valid_range
20032211,Hon. Valerie Hoyle,Member,OR04,20032211.pdf,2025,95,SP,"Mondelez International, Inc. - Class A Common Stock","Mondelez International, Inc. - Class A Common Stock",MDLZ,MDLZ,ST,S,2025-09-23,2025-09-23,1001.0,15000.0,,"$1,001 - $15,000",valid_range,New,Fidelity Rollover IRA,,,,11,11,table,False,False,,False,0,False,False,100,True,20,False,https://disclosures-clerk.house.gov/public_disc/ptr-pdfs/2025/20032211.pdf,,,SP,"Mondelez International, Inc. - Class A Common Stock (MDLZ) [ST] Filing Status: New Subholding Of: Fidelity Rollover IRA","Mondelez International, Inc. - Class A Common Stock (MDLZ) [ST]",S,09/23/2025,09/23/2025,"$1,001 - $15,000",,"SP Mondelez International, Inc. - Class A Common Stock (MDLZ) [ST] S 09/23/2025 09/23/2025 $1,001 - $15,000 Filing Status: New Subholding Of: Fidelity Rollover IRA",,,False,100,MDLZ,accepted,house_ptr_structure+v8_1,False,False,False,09/23/2025,False,,valid_range
20032211,Hon. Valerie Hoyle,Member,OR04,20032211.pdf,2025,96,SP,Moody's Corporation Common Stock,Moody's Corporation Common Stock,MCO,MCO,ST,S,2025-09-23,2025-09-23,1001.0,15000.0,,"$1,001 - $15,000",valid_range,New,Fidelity Rollover IRA,,,,11,11,table,False,False,,False,0,False,True,100,True,20,False,https://disclosures-clerk.house.gov/public_disc/ptr-pdfs/2025/20032211.pdf,,,SP,Moody's Corporation Common Stock (MCO) [ST],Moody's Corporation Common Stock (MCO) [ST],S,09/23/2025,09/23/2025,"$1,001 - $15,000",Filing Status: New Subholding Of: Fidelity Rollover IRA,"SP Moody's Corporation Common Stock (MCO) [ST] S 09/23/2025 09/23/2025 $1,001 - $15,000 Filing Status: New Subholding Of: Fidelity Rollover IRA",,,False,100,MCO,accepted,house_ptr_structure+v8_1,False,False,False,09/23/2025,False,,valid_range
20032211,Hon. Valerie Hoyle,Member,OR04,20032211.pdf,2025,97,SP,Morgan Stanley Common Stock,Morgan Stanley Common Stock,MS,MS,ST,S,2025-09-23,2025-09-23,1001.0,15000.0,,"$1,001 - $15,000",valid_range,New,Fidelity Rollover IRA,,,,11,12,table,False,False,,True,0,False,False,98,True,20,False,https://disclosures-clerk.house.gov/public_disc/ptr-pdfs/2025/20032211.pdf,,,SP,Morgan Stanley Common Stock (MS) [ST],Morgan Stanley Common Stock (MS) [ST],S,09/23/2025,09/23/2025,"$1,001 - $15,000",Filing Status: New Subholding Of: Fidelity Rollover IRA,"SP Morgan Stanley Common Stock (MS) [ST] S 09/23/2025 09/23/2025 $1,001 - $15,000 Filing Status: New Subholding Of: Fidelity Rollover IRA",,,False,98,MS,accepted,house_ptr_structure+v8_1,False,False,False,09/23/2025,False,,valid_range
20032211,Hon. Valerie Hoyle,Member,OR04,20032211.pdf,2025,98,SP,Mosaic Company,Mosaic Company,MOS,MOS,ST,S,2025-09-23,2025-09-23,1001.0,15000.0,,"$1,001 - $15,000",valid_range,New,Fidelity Rollover IRA,,,,12,12,table,False,False,,False,0,False,True,100,True,20,False,https://disclosures-clerk.house.gov/public_disc/ptr-pdfs/2025/20032211.pdf,,,SP,Mosaic Company (MOS) [ST],Mosaic Company (MOS) [ST],S,09/23/2025,09/23/2025,"$1,001 - $15,000",Filing Status: New Subholding Of: Fidelity Rollover IRA,"SP Mosaic Company (MOS) [ST] S 09/23/2025 09/23/2025 $1,001 - $15,000 Filing Status: New Subholding Of: Fidelity Rollover IRA",,,False,100,MOS,accepted,house_ptr_structure+v8_1,False,False,False,09/23/2025,False,,valid_range
20032211,Hon. Valerie Hoyle,Member,OR04,20032211.pdf,2025,99,SP,"Motorola Solutions, Inc. Common Stock","Motorola Solutions, Inc. Common Stock",MSI,MSI,ST,S,2025-09-23,2025-09-23,1001.0,15000.0,,"$1,001 - $15,000",valid_range,New,Fidelity Rollover IRA,,,,12,12,table,False,False,,False,0,False,False,100,True,20,False,https://disclosures-clerk.house.gov/public_disc/ptr-pdfs/2025/20032211.pdf,,,SP,"Motorola Solutions, Inc. Common Stock (MSI) [ST] Filing Status: New Subholding Of: Fidelity Rollover IRA","Motorola Solutions, Inc. Common Stock (MSI) [ST]",S,09/23/2025,09/23/2025,"$1,001 - $15,000",,"SP Motorola Solutions, Inc. Common Stock (MSI) [ST] S 09/23/2025 09/23/2025 $1,001 - $15,000 Filing Status: New Subholding Of: Fidelity Rollover IRA",,,False,100,MSI,accepted,house_ptr_structure+v8_1,False,False,False,09/23/2025,False,,valid_range
20032211,Hon. Valerie Hoyle,Member,OR04,20032211.pdf,2025,100,SP,"National Grid Transco, PLC National Grid PLC","National Grid Transco, PLC National Grid PLC",NGG,NGG,ST,S,2025-09-23,2025-09-23,1001.0,15000.0,,"$1,001 - $15,000",valid_range,New,Fidelity Rollover IRA,,,,12,12,table,False,False,,False,0,False,True,100,True,20,False,https://disclosures-clerk.house.gov/public_disc/ptr-pdfs/2025/20032211.pdf,,,SP,"National Grid Transco, PLC National Grid PLC (NGG) [ST]","National Grid Transco, PLC National Grid PLC (NGG) [ST]",S,09/23/2025,09/23/2025,"$1,001 - $15,000",Filing Status: New Subholding Of: Fidelity Rollover IRA,"SP National Grid Transco, PLC National Grid PLC (NGG) [ST] S 09/23/2025 09/23/2025 $1,001 - $15,000 Filing Status: New Subholding Of: Fidelity Rollover IRA",,,False,100,NGG,accepted,house_ptr_structure+v8_1,False,False,False,09/23/2025,False,,valid_range
20032211,Hon. Valerie Hoyle,Member,OR04,20032211.pdf,2025,101,SP,"Netflix, Inc. - Common Stock","Netflix, Inc. - Common Stock",NFLX,NFLX,ST,S,2025-09-23,2025-09-23,1001.0,15000.0,,"$1,001 - $15,000",valid_range,New,Fidelity Rollover IRA,,,,12,12,table,False,False,,False,0,False,False,100,True,20,False,https://disclosures-clerk.house.gov/public_disc/ptr-pdfs/2025/20032211.pdf,,,SP,"Netflix, Inc. - Common Stock (NFLX) [ST] Filing Status: New Subholding Of: Fidelity Rollover IRA","Netflix, Inc. - Common Stock (NFLX) [ST]",S,09/23/2025,09/23/2025,"$1,001 - $15,000",,"SP Netflix, Inc. - Common Stock (NFLX) [ST] S 09/23/2025 09/23/2025 $1,001 - $15,000 Filing Status: New Subholding Of: Fidelity Rollover IRA",,,False,100,NFLX,accepted,house_ptr_structure+v8_1,False,False,False,09/23/2025,False,,valid_range
20032211,Hon. Valerie Hoyle,Member,OR04,20032211.pdf,2025,102,SP,Newmont Corporation,Newmont Corporation,NEM,NEM,ST,S,2025-09-23,2025-09-23,1001.0,15000.0,,"$1,001 - $15,000",valid_range,New,Fidelity Rollover IRA,,,,12,12,table,False,False,,False,0,False,True,100,True,20,False,https://disclosures-clerk.house.gov/public_disc/ptr-pdfs/2025/20032211.pdf,,,SP,Newmont Corporation (NEM) [ST],Newmont Corporation (NEM) [ST],S,09/23/2025,09/23/2025,"$1,001 - $15,000",Filing Status: New Subholding Of: Fidelity Rollover IRA,"SP Newmont Corporation (NEM) [ST] S 09/23/2025 09/23/2025 $1,001 - $15,000 Filing Status: New Subholding Of: Fidelity Rollover IRA",,,False,100,NEM,accepted,house_ptr_structure+v8_1,False,False,False,09/23/2025,False,,valid_range
20032211,Hon. Valerie Hoyle,Member,OR04,20032211.pdf,2025,103,SP,"Nike, Inc. Common Stock","Nike, Inc. Common Stock",NKE,NKE,ST,S,2025-09-23,2025-09-23,1001.0,15000.0,,"$1,001 - $15,000",valid_range,New,Fidelity Rollover IRA,,,,12,12,table,False,False,,False,0,False,False,100,True,20,False,https://disclosures-clerk.house.gov/public_disc/ptr-pdfs/2025/20032211.pdf,,,SP,"Nike, Inc. Common Stock (NKE) [ST] Filing Status: New Subholding Of: Fidelity Rollover IRA","Nike, Inc. Common Stock (NKE) [ST]",S,09/23/2025,09/23/2025,"$1,001 - $15,000",,"SP Nike, Inc. Common Stock (NKE) [ST] S 09/23/2025 09/23/2025 $1,001 - $15,000 Filing Status: New Subholding Of: Fidelity Rollover IRA",,,False,100,NKE,accepted,house_ptr_structure+v8_1,False,False,False,09/23/2025,False,,valid_range
20032211,Hon. Valerie Hoyle,Member,OR04,20032211.pdf,2025,104,SP,Norfolk Southern Corporation Common Stock,Norfolk Southern Corporation Common Stock,NSC,NSC,ST,S,2025-09-23,2025-09-23,1001.0,15000.0,,"$1,001 - $15,000",valid_range,New,Fidelity Rollover IRA,,,,12,12,table,False,False,,False,0,False,True,100,True,20,False,https://disclosures-clerk.house.gov/public_disc/ptr-pdfs/2025/20032211.pdf,,,SP,Norfolk Southern Corporation Common Stock (NSC) [ST],Norfolk Southern Corporation Common Stock (NSC) [ST],S,09/23/2025,09/23/2025,"$1,001 - $15,000",Filing Status: New Subholding Of: Fidelity Rollover IRA,"SP Norfolk Southern Corporation Common Stock (NSC) [ST] S 09/23/2025 09/23/2025 $1,001 - $15,000 Filing Status: New Subholding Of: Fidelity Rollover IRA",,,False,100,NSC,accepted,house_ptr_structure+v8_1,False,False,False,09/23/2025,False,,valid_range
20032211,Hon. Valerie Hoyle,Member,OR04,20032211.pdf,2025,105,SP,Northern Trust Corporation - Common Stock,Northern Trust Corporation - Common Stock,NTRS,NTRS,ST,S,2025-09-23,2025-09-23,1001.0,15000.0,,"$1,001 - $15,000",valid_range,New,Fidelity Rollover IRA,,,,12,12,table,False,False,,False,0,False,False,100,True,20,False,https://disclosures-clerk.house.gov/public_disc/ptr-pdfs/2025/20032211.pdf,,,SP,Northern Trust Corporation - Common Stock (NTRS) [ST] Filing Status: New Subholding Of: Fidelity Rollover IRA,Northern Trust Corporation - Common Stock (NTRS) [ST],S,09/23/2025,09/23/2025,"$1,001 - $15,000",,"SP Northern Trust Corporation - Common Stock (NTRS) [ST] S 09/23/2025 09/23/2025 $1,001 - $15,000 Filing Status: New Subholding Of: Fidelity Rollover IRA",,,False,100,NTRS,accepted,house_ptr_structure+v8_1,False,False,False,09/23/2025,False,,valid_range
20032211,Hon. Valerie Hoyle,Member,OR04,20032211.pdf,2025,106,SP,Northrop Grumman Corporation Common Stock,Northrop Grumman Corporation Common Stock,NOC,NOC,ST,S,2025-09-23,2025-09-23,1001.0,15000.0,,"$1,001 - $15,000",valid_range,New,Fidelity Rollover IRA Type Date Gains > $200?,,,,12,13,table,False,False,,True,0,False,True,98,True,20,False,https://disclosures-clerk.house.gov/public_disc/ptr-pdfs/2025/20032211.pdf,,,SP,Northrop Grumman Corporation Common Stock (NOC) [ST],Northrop Grumman Corporation Common Stock (NOC) [ST],S,09/23/2025,09/23/2025,"$1,001 - $15,000",Filing Status: New Subholding Of: Fidelity Rollover IRA Type Date Gains > $200?,"SP Northrop Grumman Corporation Common Stock (NOC) [ST] S 09/23/2025 09/23/2025 $1,001 - $15,000 Filing Status: New Subholding Of: Fidelity Rollover IRA Type Date Gains > $200?",,,False,98,NOC,accepted,house_ptr_structure+v8_1,False,False,False,09/23/2025,False,,valid_range
20032211,Hon. Valerie Hoyle,Member,OR04,20032211.pdf,2025,107,SP,Nutrien Ltd. Common Shares,Nutrien Ltd. Common Shares,NTR,NTR,ST,S,2025-09-23,2025-09-23,1001.0,15000.0,,"$1,001 - $15,000",valid_range,New,Fidelity Rollover IRA,,,,13,13,table,False,False,,False,0,False,False,100,True,20,False,https://disclosures-clerk.house.gov/public_disc/ptr-pdfs/2025/20032211.pdf,,,SP,Nutrien Ltd. Common Shares (NTR) [ST] Filing Status: New Subholding Of: Fidelity Rollover IRA,Nutrien Ltd. Common Shares (NTR) [ST],S,09/23/2025,09/23/2025,"$1,001 - $15,000",,"SP Nutrien Ltd. Common Shares (NTR) [ST] S 09/23/2025 09/23/2025 $1,001 - $15,000 Filing Status: New Subholding Of: Fidelity Rollover IRA",,,False,100,NTR,accepted,house_ptr_structure+v8_1,False,False,False,09/23/2025,False,,valid_range
20032211,Hon. Valerie Hoyle,Member,OR04,20032211.pdf,2025,108,SP,NVIDIA Corporation - Common Stock,NVIDIA Corporation - Common Stock,NVDA,NVDA,ST,S,2025-09-23,2025-09-23,50001.0,100000.0,,"$50,001 - $100,000",valid_range,New,Fidelity Rollover IRA,,,,13,13,table,False,False,,False,0,False,True,100,True,20,False,https://disclosures-clerk.house.gov/public_disc/ptr-pdfs/2025/20032211.pdf,,,SP,NVIDIA Corporation - Common Stock (NVDA) [ST],NVIDIA Corporation - Common Stock (NVDA) [ST],S,09/23/2025,09/23/2025,"$50,001 - $100,000",Filing Status: New Subholding Of: Fidelity Rollover IRA,"SP NVIDIA Corporation - Common Stock (NVDA) [ST] S 09/23/2025 09/23/2025 $50,001 - $100,000 Filing Status: New Subholding Of: Fidelity Rollover IRA",,,False,100,NVDA,accepted,house_ptr_structure+v8_1,False,False,False,09/23/2025,False,,valid_range
20032211,Hon. Valerie Hoyle,Member,OR04,20032211.pdf,2025,109,SP,NXP Semiconductors N.V. - Common Stock,NXP Semiconductors N.V. - Common Stock,NXPI,NXPI,ST,S,2025-09-23,2025-09-23,1001.0,15000.0,,"$1,001 - $15,000",valid_range,New,Fidelity Rollover IRA,,,,13,13,table,False,False,,False,0,False,False,100,True,20,False,https://disclosures-clerk.house.gov/public_disc/ptr-pdfs/2025/20032211.pdf,,,SP,NXP Semiconductors N.V. - Common Stock (NXPI) [ST] Filing Status: New Subholding Of: Fidelity Rollover IRA,NXP Semiconductors N.V. - Common Stock (NXPI) [ST],S,09/23/2025,09/23/2025,"$1,001 - $15,000",,"SP NXP Semiconductors N.V. - Common Stock (NXPI) [ST] S 09/23/2025 09/23/2025 $1,001 - $15,000 Filing Status: New Subholding Of: Fidelity Rollover IRA",,,False,100,NXPI,accepted,house_ptr_structure+v8_1,False,False,False,09/23/2025,False,,valid_range
20032211,Hon. Valerie Hoyle,Member,OR04,20032211.pdf,2025,110,SP,Oracle Corporation Common Stock,Oracle Corporation Common Stock,ORCL,ORCL,ST,S,2025-09-23,2025-09-23,1001.0,15000.0,,"$1,001 - $15,000",valid_range,New,Fidelity Rollover IRA,,,,13,13,table,False,False,,False,0,False,True,100,True,20,False,https://disclosures-clerk.house.gov/public_disc/ptr-pdfs/2025/20032211.pdf,,,SP,Oracle Corporation Common Stock (ORCL) [ST],Oracle Corporation Common Stock (ORCL) [ST],S,09/23/2025,09/23/2025,"$1,001 - $15,000",Filing Status: New Subholding Of: Fidelity Rollover IRA,"SP Oracle Corporation Common Stock (ORCL) [ST] S 09/23/2025 09/23/2025 $1,001 - $15,000 Filing Status: New Subholding Of: Fidelity Rollover IRA",,,False,100,ORCL,accepted,house_ptr_structure+v8_1,False,False,False,09/23/2025,False,,valid_range
20032211,Hon. Valerie Hoyle,Member,OR04,20032211.pdf,2025,111,SP,"O'Reilly Automotive, Inc. - Common Stock","O'Reilly Automotive, Inc. - Common Stock",ORLY,ORLY,ST,S,2025-09-23,2025-09-23,1001.0,15000.0,,"$1,001 - $15,000",valid_range,New,Fidelity Rollover IRA,,,,13,13,table,False,False,,False,0,False,False,100,True,20,False,https://disclosures-clerk.house.gov/public_disc/ptr-pdfs/2025/20032211.pdf,,,SP,"O'Reilly Automotive, Inc. - Common Stock (ORLY) [ST] Filing Status: New Subholding Of: Fidelity Rollover IRA","O'Reilly Automotive, Inc. - Common Stock (ORLY) [ST]",S,09/23/2025,09/23/2025,"$1,001 - $15,000",,"SP O'Reilly Automotive, Inc. - Common Stock (ORLY) [ST] S 09/23/2025 09/23/2025 $1,001 - $15,000 Filing Status: New Subholding Of: Fidelity Rollover IRA",,,False,100,ORLY,accepted,house_ptr_structure+v8_1,False,False,False,09/23/2025,False,,valid_range
20032211,Hon. Valerie Hoyle,Member,OR04,20032211.pdf,2025,112,SP,Pacific Gas & Electric Co. Common Stock,Pacific Gas & Electric Co. Common Stock,PCG,PCG,ST,S,2025-09-23,2025-09-23,1001.0,15000.0,,"$1,001 - $15,000",valid_range,New,Fidelity Rollover IRA,,,,13,13,table,False,False,,False,0,False,True,100,True,20,False,https://disclosures-clerk.house.gov/public_disc/ptr-pdfs/2025/20032211.pdf,,,SP,Pacific Gas & Electric Co. Common Stock (PCG) [ST],Pacific Gas & Electric Co. Common Stock (PCG) [ST],S,09/23/2025,09/23/2025,"$1,001 - $15,000",Filing Status: New Subholding Of: Fidelity Rollover IRA,"SP Pacific Gas & Electric Co. Common Stock (PCG) [ST] S 09/23/2025 09/23/2025 $1,001 - $15,000 Filing Status: New Subholding Of: Fidelity Rollover IRA",,,False,100,PCG,accepted,house_ptr_structure+v8_1,False,False,False,09/23/2025,False,,valid_range
20032211,Hon. Valerie Hoyle,Member,OR04,20032211.pdf,2025,113,SP,"PayPal Holdings, Inc. - Common Stock","PayPal Holdings, Inc. - Common Stock",PYPL,PYPL,ST,S,2025-09-23,2025-09-23,1001.0,15000.0,,"$1,001 - $15,000",valid_range,New,Fidelity Rollover IRA,,,,13,13,table,False,False,,False,0,False,False,100,True,20,False,https://disclosures-clerk.house.gov/public_disc/ptr-pdfs/2025/20032211.pdf,,,SP,"PayPal Holdings, Inc. - Common Stock (PYPL) [ST] Filing Status: New Subholding Of: Fidelity Rollover IRA","PayPal Holdings, Inc. - Common Stock (PYPL) [ST]",S,09/23/2025,09/23/2025,"$1,001 - $15,000",,"SP PayPal Holdings, Inc. - Common Stock (PYPL) [ST] S 09/23/2025 09/23/2025 $1,001 - $15,000 Filing Status: New Subholding Of: Fidelity Rollover IRA",,,False,100,PYPL,accepted,house_ptr_structure+v8_1,False,False,False,09/23/2025,False,,valid_range
20032211,Hon. Valerie Hoyle,Member,OR04,20032211.pdf,2025,114,SP,Pentair plc. Ordinary Share,Pentair plc. Ordinary Share,PNR,PNR,ST,S,2025-09-23,2025-09-23,1001.0,15000.0,,"$1,001 - $15,000",valid_range,New,Fidelity Rollover IRA,,,,13,13,table,False,False,,False,0,False,True,100,True,20,False,https://disclosures-clerk.house.gov/public_disc/ptr-pdfs/2025/20032211.pdf,,,SP,Pentair plc. Ordinary Share (PNR) [ST],Pentair plc. Ordinary Share (PNR) [ST],S,09/23/2025,09/23/2025,"$1,001 - $15,000",Filing Status: New Subholding Of: Fidelity Rollover IRA,"SP Pentair plc. Ordinary Share (PNR) [ST] S 09/23/2025 09/23/2025 $1,001 - $15,000 Filing Status: New Subholding Of: Fidelity Rollover IRA",,,False,100,PNR,accepted,house_ptr_structure+v8_1,False,False,False,09/23/2025,False,,valid_range
20032211,Hon. Valerie Hoyle,Member,OR04,20032211.pdf,2025,115,SP,"PNC Financial Services Group, Inc.","PNC Financial Services Group, Inc.",PNC,PNC,ST,S,2025-09-23,2025-09-23,1001.0,15000.0,,"$1,001 - $15,000",valid_range,New,Fidelity Rollover IRA,,,,13,13,table,False,False,,False,0,False,False,100,True,20,False,https://disclosures-clerk.house.gov/public_disc/ptr-pdfs/2025/20032211.pdf,,,SP,"PNC Financial Services Group, Inc. (PNC) [ST] Filing Status: New Subholding Of: Fidelity Rollover IRA","PNC Financial Services Group, Inc. (PNC) [ST]",S,09/23/2025,09/23/2025,"$1,001 - $15,000",,"SP PNC Financial Services Group, Inc. (PNC) [ST] S 09/23/2025 09/23/2025 $1,001 - $15,000 Filing Status: New Subholding Of: Fidelity Rollover IRA",,,False,100,PNC,accepted,house_ptr_structure+v8_1,False,False,False,09/23/2025,False,,valid_range
20032211,Hon. Valerie Hoyle,Member,OR04,20032211.pdf,2025,116,SP,Procter & Gamble Company,Procter & Gamble Company,PG,PG,ST,S,2025-09-23,2025-09-23,1001.0,15000.0,,"$1,001 - $15,000",valid_range,New,Fidelity Rollover IRA,,,,14,14,table,False,False,,False,0,False,True,100,True,20,False,https://disclosures-clerk.house.gov/public_disc/ptr-pdfs/2025/20032211.pdf,,,SP,Procter & Gamble Company (PG) [ST],Procter & Gamble Company (PG) [ST],S,09/23/2025,09/23/2025,"$1,001 - $15,000",Filing Status: New Subholding Of: Fidelity Rollover IRA,"SP Procter & Gamble Company (PG) [ST] S 09/23/2025 09/23/2025 $1,001 - $15,000 Filing Status: New Subholding Of: Fidelity Rollover IRA",,,False,100,PG,accepted,house_ptr_structure+v8_1,False,False,False,09/23/2025,False,,valid_range
20032211,Hon. Valerie Hoyle,Member,OR04,20032211.pdf,2025,117,SP,Progressive Corporation,Progressive Corporation,PGR,PGR,ST,S,2025-09-23,2025-09-23,1001.0,15000.0,,"$1,001 - $15,000",valid_range,New,Fidelity Rollover IRA,,,,14,14,table,False,False,,False,0,False,False,100,True,20,False,https://disclosures-clerk.house.gov/public_disc/ptr-pdfs/2025/20032211.pdf,,,SP,Progressive Corporation (PGR) [ST] Filing Status: New Subholding Of: Fidelity Rollover IRA,Progressive Corporation (PGR) [ST],S,09/23/2025,09/23/2025,"$1,001 - $15,000",,"SP Progressive Corporation (PGR) [ST] S 09/23/2025 09/23/2025 $1,001 - $15,000 Filing Status: New Subholding Of: Fidelity Rollover IRA",,,False,100,PGR,accepted,house_ptr_structure+v8_1,False,False,False,09/23/2025,False,,valid_range
20032211,Hon. Valerie Hoyle,Member,OR04,20032211.pdf,2025,118,SP,QUALCOMM Incorporated - Common Stock,QUALCOMM Incorporated - Common Stock,QCOM,QCOM,ST,S,2025-09-23,2025-09-23,1001.0,15000.0,,"$1,001 - $15,000",valid_range,New,Fidelity Rollover IRA,,"Purchase 9/10/25 less than $1,000",,14,14,table,False,False,,False,0,False,True,100,True,30,False,https://disclosures-clerk.house.gov/public_disc/ptr-pdfs/2025/20032211.pdf,,,SP,QUALCOMM Incorporated - Common Stock (QCOM) [ST],QUALCOMM Incorporated - Common Stock (QCOM) [ST],S,09/23/2025,09/23/2025,"$1,001 - $15,000","Filing Status: New Subholding Of: Fidelity Rollover IRA Description: Purchase 9/10/25 less than $1,000","SP QUALCOMM Incorporated - Common Stock (QCOM) [ST] S 09/23/2025 09/23/2025 $1,001 - $15,000 Filing Status: New Subholding Of: Fidelity Rollover IRA Description: Purchase 9/10/25 less than $1,000",,,False,100,QCOM,accepted,house_ptr_structure+v8_1,False,False,False,09/23/2025,False,,valid_range
20032211,Hon. Valerie Hoyle,Member,OR04,20032211.pdf,2025,119,SP,"Quanta Services, Inc. Common Stock","Quanta Services, Inc. Common Stock",PWR,PWR,ST,S,2025-09-23,2025-09-23,1001.0,15000.0,,"$1,001 - $15,000",valid_range,New,Fidelity Rollover IRA,,,,14,14,table,False,False,,False,0,False,False,100,True,20,False,https://disclosures-clerk.house.gov/public_disc/ptr-pdfs/2025/20032211.pdf,,,SP,"Quanta Services, Inc. Common Stock (PWR) [ST] Filing Status: New Subholding Of: Fidelity Rollover IRA","Quanta Services, Inc. Common Stock (PWR) [ST]",S,09/23/2025,09/23/2025,"$1,001 - $15,000",,"SP Quanta Services, Inc. Common Stock (PWR) [ST] S 09/23/2025 09/23/2025 $1,001 - $15,000 Filing Status: New Subholding Of: Fidelity Rollover IRA",,,False,100,PWR,accepted,house_ptr_structure+v8_1,False,False,False,09/23/2025,False,,valid_range
20032211,Hon. Valerie Hoyle,Member,OR04,20032211.pdf,2025,120,SP,Regal Rexnord Corporation Common Stock,Regal Rexnord Corporation Common Stock,RRX,RRX,ST,S,2025-09-23,2025-09-23,1001.0,15000.0,,"$1,001 - $15,000",valid_range,New,Fidelity Rollover IRA,,,,14,14,table,False,False,,False,0,False,True,100,True,20,False,https://disclosures-clerk.house.gov/public_disc/ptr-pdfs/2025/20032211.pdf,,,SP,Regal Rexnord Corporation Common Stock (RRX) [ST],Regal Rexnord Corporation Common Stock (RRX) [ST],S,09/23/2025,09/23/2025,"$1,001 - $15,000",Filing Status: New Subholding Of: Fidelity Rollover IRA,"SP Regal Rexnord Corporation Common Stock (RRX) [ST] S 09/23/2025 09/23/2025 $1,001 - $15,000 Filing Status: New Subholding Of: Fidelity Rollover IRA",,,False,100,RRX,accepted,house_ptr_structure+v8_1,False,False,False,09/23/2025,False,,valid_range
20032211,Hon. Valerie Hoyle,Member,OR04,20032211.pdf,2025,121,SP,"Republic Services, Inc. Common Stock","Republic Services, Inc. Common Stock",RSG,RSG,ST,S,2025-09-23,2025-09-23,1001.0,15000.0,,"$1,001 - $15,000",valid_range,New,Fidelity Rollover IRA,,,,14,14,table,False,False,,False,0,False,False,100,True,20,False,https://disclosures-clerk.house.gov/public_disc/ptr-pdfs/2025/20032211.pdf,,,SP,"Republic Services, Inc. Common Stock (RSG) [ST] Filing Status: New Subholding Of: Fidelity Rollover IRA","Republic Services, Inc. Common Stock (RSG) [ST]",S,09/23/2025,09/23/2025,"$1,001 - $15,000",,"SP Republic Services, Inc. Common Stock (RSG) [ST] S 09/23/2025 09/23/2025 $1,001 - $15,000 Filing Status: New Subholding Of: Fidelity Rollover IRA",,,False,100,RSG,accepted,house_ptr_structure+v8_1,False,False,False,09/23/2025,False,,valid_range
20032211,Hon. Valerie Hoyle,Member,OR04,20032211.pdf,2025,122,SP,Roblox Corporation Class A Common Stock,Roblox Corporation Class A Common Stock,RBLX,RBLX,ST,S,2025-09-23,2025-09-23,1001.0,15000.0,,"$1,001 - $15,000",valid_range,New,Fidelity Rollover IRA,,,,14,14,table,False,False,,False,0,False,True,100,True,20,False,https://disclosures-clerk.house.gov/public_disc/ptr-pdfs/2025/20032211.pdf,,,SP,Roblox Corporation Class A Common Stock (RBLX) [ST],Roblox Corporation Class A Common Stock (RBLX) [ST],S,09/23/2025,09/23/2025,"$1,001 - $15,000",Filing Status: New Subholding Of: Fidelity Rollover IRA,"SP Roblox Corporation Class A Common Stock (RBLX) [ST] S 09/23/2025 09/23/2025 $1,001 - $15,000 Filing Status: New Subholding Of: Fidelity Rollover IRA",,,False,100,RBLX,accepted,house_ptr_structure+v8_1,False,False,False,09/23/2025,False,,valid_range
20032211,Hon. Valerie Hoyle,Member,OR04,20032211.pdf,2025,123,SP,"Ross Stores, Inc. - Common Stock","Ross Stores, Inc. - Common Stock",ROST,ROST,ST,S,2025-09-23,2025-09-23,1001.0,15000.0,,"$1,001 - $15,000",valid_range,New,Fidelity Rollover IRA,,,,14,14,table,False,False,,False,0,False,False,100,True,20,False,https://disclosures-clerk.house.gov/public_disc/ptr-pdfs/2025/20032211.pdf,,,SP,"Ross Stores, Inc. - Common Stock (ROST) [ST] Filing Status: New Subholding Of: Fidelity Rollover IRA","Ross Stores, Inc. - Common Stock (ROST) [ST]",S,09/23/2025,09/23/2025,"$1,001 - $15,000",,"SP Ross Stores, Inc. - Common Stock (ROST) [ST] S 09/23/2025 09/23/2025 $1,001 - $15,000 Filing Status: New Subholding Of: Fidelity Rollover IRA",,,False,100,ROST,accepted,house_ptr_structure+v8_1,False,False,False,09/23/2025,False,,valid_range
20032211,Hon. Valerie Hoyle,Member,OR04,20032211.pdf,2025,124,SP,S&P Global Inc. Common Stock,S&P Global Inc. Common Stock,SPGI,SPGI,ST,S,2025-09-23,2025-09-23,1001.0,15000.0,,"$1,001 - $15,000",valid_range,New,Fidelity Rollover IRA ID Owner Asset Transaction Type Date Notification Date Amount Cap. Gains > $200?,,,,14,15,table,True,False,,True,0,False,True,98,True,20,False,https://disclosures-clerk.house.gov/public_disc/ptr-pdfs/2025/20032211.pdf,,,SP,S&P Global Inc. Common Stock (SPGI) [ST],S&P Global Inc. Common Stock (SPGI) [ST],S,09/23/2025,09/23/2025,"$1,001 - $15,000",Filing Status: New Subholding Of: Fidelity Rollover IRA ID Owner Asset Transaction Type Date Notification Date Amount Cap. Gains > $200?,"SP S&P Global Inc. Common Stock (SPGI) [ST] S 09/23/2025 09/23/2025 $1,001 - $15,000 Filing Status: New Subholding Of: Fidelity Rollover IRA ID Owner Asset Transaction Type Date Notification Date Amount Cap. Gains > $200?",,,False,98,SPGI,accepted,house_ptr_structure+v8_1,False,False,False,09/23/2025,False,,valid_range
20032211,Hon. Valerie Hoyle,Member,OR04,20032211.pdf,2025,125,SP,"Salesforce, Inc. Common Stock","Salesforce, Inc. Common Stock",CRM,CRM,ST,S,2025-09-23,2025-09-23,1001.0,15000.0,,"$1,001 - $15,000",valid_range,New,Fidelity Rollover IRA,,,,15,15,relaxed_table,True,False,,False,0,False,False,100,True,20,False,https://disclosures-clerk.house.gov/public_disc/ptr-pdfs/2025/20032211.pdf,,,SP,"Salesforce, Inc. Common Stock (CRM) [ST] Filing Status: New Subholding Of: Fidelity Rollover IRA","Salesforce, Inc. Common Stock (CRM) [ST]",S,09/23/2025,09/23/2025,"$1,001 - $15,000",,"SP Salesforce, Inc. Common Stock (CRM) [ST] S 09/23/2025 09/23/2025 $1,001 - $15,000 Filing Status: New Subholding Of: Fidelity Rollover IRA",,,False,100,CRM,accepted,house_ptr_structure+v8_1,False,False,False,09/23/2025,False,,valid_range
20032211,Hon. Valerie Hoyle,Member,OR04,20032211.pdf,2025,126,SP,SAP SE ADS,SAP SE ADS,SAP,SAP,ST,S,2025-09-23,2025-09-23,1001.0,15000.0,,"$1,001 - $15,000",valid_range,New,Fidelity Rollover IRA,,,,15,15,relaxed_table,True,False,,False,0,False,True,100,True,20,False,https://disclosures-clerk.house.gov/public_disc/ptr-pdfs/2025/20032211.pdf,,,SP,SAP SE ADS (SAP) [ST],SAP SE ADS (SAP) [ST],S,09/23/2025,09/23/2025,"$1,001 - $15,000",Filing Status: New Subholding Of: Fidelity Rollover IRA,"SP SAP SE ADS (SAP) [ST] S 09/23/2025 09/23/2025 $1,001 - $15,000 Filing Status: New Subholding Of: Fidelity Rollover IRA",,,False,100,SAP,accepted,house_ptr_structure+v8_1,False,False,False,09/23/2025,False,,valid_range
20032211,Hon. Valerie Hoyle,Member,OR04,20032211.pdf,2025,127,SP,"SharkNinja, Inc. Ordinary Shares","SharkNinja, Inc. Ordinary Shares",SN,SN,ST,S,2025-09-23,2025-09-23,1001.0,15000.0,,"$1,001 - $15,000",valid_range,New,Fidelity Rollover IRA,,,,15,15,relaxed_table,True,False,,False,0,False,False,100,True,20,False,https://disclosures-clerk.house.gov/public_disc/ptr-pdfs/2025/20032211.pdf,,,SP,"SharkNinja, Inc. Ordinary Shares (SN) [ST] Filing Status: New Subholding Of: Fidelity Rollover IRA","SharkNinja, Inc. Ordinary Shares (SN) [ST]",S,09/23/2025,09/23/2025,"$1,001 - $15,000",,"SP SharkNinja, Inc. Ordinary Shares (SN) [ST] S 09/23/2025 09/23/2025 $1,001 - $15,000 Filing Status: New Subholding Of: Fidelity Rollover IRA",,,False,100,SN,accepted,house_ptr_structure+v8_1,False,False,False,09/23/2025,False,,valid_range
20032211,Hon. Valerie Hoyle,Member,OR04,20032211.pdf,2025,128,SP,Shell PLC American Depositary Shares,Shell PLC American Depositary Shares,SHEL,SHEL,ST,S,2025-09-23,2025-09-23,1001.0,15000.0,,"$1,001 - $15,000",valid_range,New,Fidelity Rollover IRA,,,,15,15,relaxed_table,True,False,,False,0,False,True,100,True,20,False,https://disclosures-clerk.house.gov/public_disc/ptr-pdfs/2025/20032211.pdf,,,SP,Shell PLC American Depositary Shares (SHEL) [ST],Shell PLC American Depositary Shares (SHEL) [ST],S,09/23/2025,09/23/2025,"$1,001 - $15,000",Filing Status: New Subholding Of: Fidelity Rollover IRA,"SP Shell PLC American Depositary Shares (SHEL) [ST] S 09/23/2025 09/23/2025 $1,001 - $15,000 Filing Status: New Subholding Of: Fidelity Rollover IRA",,,False,100,SHEL,accepted,house_ptr_structure+v8_1,False,False,False,09/23/2025,False,,valid_range
20032211,Hon. Valerie Hoyle,Member,OR04,20032211.pdf,2025,129,SP,Sherwin-Williams Company,Sherwin-Williams Company,SHW,SHW,ST,S,2025-09-23,2025-09-23,1001.0,15000.0,,"$1,001 - $15,000",valid_range,New,Fidelity Rollover IRA,,,,15,15,relaxed_table,True,False,,False,0,False,False,100,True,20,False,https://disclosures-clerk.house.gov/public_disc/ptr-pdfs/2025/20032211.pdf,,,SP,Sherwin-Williams Company (SHW) [ST] Filing Status: New Subholding Of: Fidelity Rollover IRA,Sherwin-Williams Company (SHW) [ST],S,09/23/2025,09/23/2025,"$1,001 - $15,000",,"SP Sherwin-Williams Company (SHW) [ST] S 09/23/2025 09/23/2025 $1,001 - $15,000 Filing Status: New Subholding Of: Fidelity Rollover IRA",,,False,100,SHW,accepted,house_ptr_structure+v8_1,False,False,False,09/23/2025,False,,valid_range
20032211,Hon. Valerie Hoyle,Member,OR04,20032211.pdf,2025,130,SP,"Simon Property Group, Inc. Common Stock","Simon Property Group, Inc. Common Stock",SPG,SPG,ST,S,2025-09-23,2025-09-23,1001.0,15000.0,,"$1,001 - $15,000",valid_range,New,Fidelity Rollover IRA,,,,15,15,relaxed_table,True,False,,False,0,False,True,100,True,20,False,https://disclosures-clerk.house.gov/public_disc/ptr-pdfs/2025/20032211.pdf,,,SP,"Simon Property Group, Inc. Common Stock (SPG) [ST]","Simon Property Group, Inc. Common Stock (SPG) [ST]",S,09/23/2025,09/23/2025,"$1,001 - $15,000",Filing Status: New Subholding Of: Fidelity Rollover IRA,"SP Simon Property Group, Inc. Common Stock (SPG) [ST] S 09/23/2025 09/23/2025 $1,001 - $15,000 Filing Status: New Subholding Of: Fidelity Rollover IRA",,,False,100,SPG,accepted,house_ptr_structure+v8_1,False,False,False,09/23/2025,False,,valid_range
20032211,Hon. Valerie Hoyle,Member,OR04,20032211.pdf,2025,131,SP,Southern Company,Southern Company,SO,SO,ST,S,2025-09-23,2025-09-23,1001.0,15000.0,,"$1,001 - $15,000",valid_range,New,Fidelity Rollover IRA,,,,15,15,relaxed_table,True,False,,False,0,False,False,100,True,20,False,https://disclosures-clerk.house.gov/public_disc/ptr-pdfs/2025/20032211.pdf,,,SP,Southern Company (SO) [ST] Filing Status: New Subholding Of: Fidelity Rollover IRA,Southern Company (SO) [ST],S,09/23/2025,09/23/2025,"$1,001 - $15,000",,"SP Southern Company (SO) [ST] S 09/23/2025 09/23/2025 $1,001 - $15,000 Filing Status: New Subholding Of: Fidelity Rollover IRA",,,False,100,SO,accepted,house_ptr_structure+v8_1,False,False,False,09/23/2025,False,,valid_range
20032211,Hon. Valerie Hoyle,Member,OR04,20032211.pdf,2025,132,SP,Spotify Technology S.A. Ordinary Shares,Spotify Technology S.A. Ordinary Shares,SPOT,SPOT,ST,S,2025-09-10,2025-09-23,1001.0,15000.0,,"$1,001 - $15,000",valid_range,New,Fidelity Rollover IRA,,,,15,15,relaxed_table,True,False,,False,0,False,True,100,True,20,False,https://disclosures-clerk.house.gov/public_disc/ptr-pdfs/2025/20032211.pdf,,,SP,Spotify Technology S.A. Ordinary Shares (SPOT) [ST],Spotify Technology S.A. Ordinary Shares (SPOT) [ST],S,09/10/2025,09/23/2025,"$1,001 - $15,000",Filing Status: New Subholding Of: Fidelity Rollover IRA,"SP Spotify Technology S.A. Ordinary Shares (SPOT) [ST] S 09/10/2025 09/23/2025 $1,001 - $15,000 Filing Status: New Subholding Of: Fidelity Rollover IRA",,,False,100,SPOT,accepted,house_ptr_structure+v8_1,False,False,False,09/10/2025,False,,valid_range
20032211,Hon. Valerie Hoyle,Member,OR04,20032211.pdf,2025,133,SP,Starbucks Corporation - Common Stock,Starbucks Corporation - Common Stock,SBUX,SBUX,ST,S,2025-09-23,2025-09-23,1001.0,15000.0,,"$1,001 - $15,000",valid_range,New,Fidelity Rollover IRA,,,,15,15,relaxed_table,True,False,,False,0,False,False,100,True,20,False,https://disclosures-clerk.house.gov/public_disc/ptr-pdfs/2025/20032211.pdf,,,SP,Starbucks Corporation - Common Stock (SBUX) [ST] Filing Status: New Subholding Of: Fidelity Rollover IRA,Starbucks Corporation - Common Stock (SBUX) [ST],S,09/23/2025,09/23/2025,"$1,001 - $15,000",,"SP Starbucks Corporation - Common Stock (SBUX) [ST] S 09/23/2025 09/23/2025 $1,001 - $15,000 Filing Status: New Subholding Of: Fidelity Rollover IRA",,,False,100,SBUX,accepted,house_ptr_structure+v8_1,False,False,False,09/23/2025,False,,valid_range
20032211,Hon. Valerie Hoyle,Member,OR04,20032211.pdf,2025,134,SP,"Synopsys, Inc. - Common Stock","Synopsys, Inc. - Common Stock",SNPS,SNPS,ST,S,2025-09-23,2025-09-23,1001.0,15000.0,,"$1,001 - $15,000",valid_range,New,Fidelity Rollover IRA,,,,15,16,relaxed_table,True,False,,True,0,False,True,98,True,20,False,https://disclosures-clerk.house.gov/public_disc/ptr-pdfs/2025/20032211.pdf,,,SP,"Synopsys, Inc. - Common Stock","Synopsys, Inc. - Common Stock yp $200? (SNPS) [ST]",S,09/23/2025,09/23/2025,"$1,001 - $15,000",yp $200? (SNPS) [ST] Filing Status: New Subholding Of: Fidelity Rollover IRA,"SP Synopsys, Inc. - Common Stock S 09/23/2025 09/23/2025 $1,001 - $15,000 yp $200? (SNPS) [ST] Filing Status: New Subholding Of: Fidelity Rollover IRA",,,False,98,SNPS,accepted,house_ptr_structure+v8_1,False,False,False,09/23/2025,False,,valid_range
20032211,Hon. Valerie Hoyle,Member,OR04,20032211.pdf,2025,135,SP,Taiwan Semiconductor Manufacturing Company Ltd.,Taiwan Semiconductor Manufacturing Company Ltd.,TSM,TSM,ST,S,2025-09-23,2025-09-23,1001.0,15000.0,,"$1,001 - $15,000",valid_range,New,Fidelity Rollover IRA,,,,16,16,table,False,False,,False,0,False,False,100,True,20,False,https://disclosures-clerk.house.gov/public_disc/ptr-pdfs/2025/20032211.pdf,,,SP,Taiwan Semiconductor Manufacturing Company Ltd. (TSM) [ST] Filing Status: New Subholding Of: Fidelity Rollover IRA,Taiwan Semiconductor Manufacturing Company Ltd. (TSM) [ST],S,09/23/2025,09/23/2025,"$1,001 - $15,000",,"SP Taiwan Semiconductor Manufacturing Company Ltd. (TSM) [ST] S 09/23/2025 09/23/2025 $1,001 - $15,000 Filing Status: New Subholding Of: Fidelity Rollover IRA",,,False,100,TSM,accepted,house_ptr_structure+v8_1,False,False,False,09/23/2025,False,,valid_range
20032211,Hon. Valerie Hoyle,Member,OR04,20032211.pdf,2025,136,SP,Target Corporation Common Stock,Target Corporation Common Stock,TGT,TGT,ST,S,2025-09-23,2025-09-23,1001.0,15000.0,,"$1,001 - $15,000",valid_range,New,Fidelity Rollover IRA,,,,16,16,table,False,False,,False,0,False,True,100,True,20,False,https://disclosures-clerk.house.gov/public_disc/ptr-pdfs/2025/20032211.pdf,,,SP,Target Corporation Common Stock (TGT) [ST],Target Corporation Common Stock (TGT) [ST],S,09/23/2025,09/23/2025,"$1,001 - $15,000",Filing Status: New Subholding Of: Fidelity Rollover IRA,"SP Target Corporation Common Stock (TGT) [ST] S 09/23/2025 09/23/2025 $1,001 - $15,000 Filing Status: New Subholding Of: Fidelity Rollover IRA",,,False,100,TGT,accepted,house_ptr_structure+v8_1,False,False,False,09/23/2025,False,,valid_range
20032211,Hon. Valerie Hoyle,Member,OR04,20032211.pdf,2025,137,SP,"Tesla, Inc. - Common Stock","Tesla, Inc. - Common Stock",TSLA,TSLA,ST,S,2025-09-23,2025-09-23,1001.0,15000.0,,"$1,001 - $15,000",valid_range,New,Fidelity Rollover IRA,,,,16,16,table,False,False,,False,0,False,False,100,True,20,False,https://disclosures-clerk.house.gov/public_disc/ptr-pdfs/2025/20032211.pdf,,,SP,"Tesla, Inc. - Common Stock (TSLA) [ST] Filing Status: New Subholding Of: Fidelity Rollover IRA","Tesla, Inc. - Common Stock (TSLA) [ST]",S,09/23/2025,09/23/2025,"$1,001 - $15,000",,"SP Tesla, Inc. - Common Stock (TSLA) [ST] S 09/23/2025 09/23/2025 $1,001 - $15,000 Filing Status: New Subholding Of: Fidelity Rollover IRA",,,False,100,TSLA,accepted,house_ptr_structure+v8_1,False,False,False,09/23/2025,False,,valid_range
20032211,Hon. Valerie Hoyle,Member,OR04,20032211.pdf,2025,138,SP,The Bank of New York Mellon Corporation Common Stock,The Bank of New York Mellon Corporation Common Stock,BK,BK,ST,S,2025-09-23,2025-09-23,1001.0,15000.0,,"$1,001 - $15,000",valid_range,New,Fidelity Rollover IRA,,,,16,16,table,False,False,,False,0,False,True,100,True,20,False,https://disclosures-clerk.house.gov/public_disc/ptr-pdfs/2025/20032211.pdf,,,SP,The Bank of New York Mellon Corporation Common Stock (BK) [ST],The Bank of New York Mellon Corporation Common Stock (BK) [ST],S,09/23/2025,09/23/2025,"$1,001 - $15,000",Filing Status: New Subholding Of: Fidelity Rollover IRA,"SP The Bank of New York Mellon Corporation Common Stock (BK) [ST] S 09/23/2025 09/23/2025 $1,001 - $15,000 Filing Status: New Subholding Of: Fidelity Rollover IRA",,,False,100,BK,accepted,house_ptr_structure+v8_1,False,False,False,09/23/2025,False,,valid_range
20032211,Hon. Valerie Hoyle,Member,OR04,20032211.pdf,2025,139,SP,The Cigna Group Common Stock,The Cigna Group Common Stock,CI,CI,ST,S,2025-09-23,2025-09-23,1001.0,15000.0,,"$1,001 - $15,000",valid_range,New,Fidelity Rollover IRA,,,,16,16,table,False,False,,False,0,False,False,100,True,20,False,https://disclosures-clerk.house.gov/public_disc/ptr-pdfs/2025/20032211.pdf,,,SP,The Cigna Group Common Stock (CI) [ST] Filing Status: New Subholding Of: Fidelity Rollover IRA,The Cigna Group Common Stock (CI) [ST],S,09/23/2025,09/23/2025,"$1,001 - $15,000",,"SP The Cigna Group Common Stock (CI) [ST] S 09/23/2025 09/23/2025 $1,001 - $15,000 Filing Status: New Subholding Of: Fidelity Rollover IRA",,,False,100,CI,accepted,house_ptr_structure+v8_1,False,False,False,09/23/2025,False,,valid_range
20032211,Hon. Valerie Hoyle,Member,OR04,20032211.pdf,2025,140,SP,"The Hartford Insurance Group, Inc. Common Stock","The Hartford Insurance Group, Inc. Common Stock",HIG,HIG,ST,S,2025-09-23,2025-09-23,1001.0,15000.0,,"$1,001 - $15,000",valid_range,New,Fidelity Rollover IRA,,,,16,16,table,False,False,,False,0,False,True,100,True,20,False,https://disclosures-clerk.house.gov/public_disc/ptr-pdfs/2025/20032211.pdf,,,SP,"The Hartford Insurance Group, Inc. Common Stock (HIG) [ST]","The Hartford Insurance Group, Inc. Common Stock (HIG) [ST]",S,09/23/2025,09/23/2025,"$1,001 - $15,000",Filing Status: New Subholding Of: Fidelity Rollover IRA,"SP The Hartford Insurance Group, Inc. Common Stock (HIG) [ST] S 09/23/2025 09/23/2025 $1,001 - $15,000 Filing Status: New Subholding Of: Fidelity Rollover IRA",,,False,100,HIG,accepted,house_ptr_structure+v8_1,False,False,False,09/23/2025,False,,valid_range
20032211,Hon. Valerie Hoyle,Member,OR04,20032211.pdf,2025,141,SP,"The Travelers Companies, Inc. Common Stock","The Travelers Companies, Inc. Common Stock",TRV,TRV,ST,S,2025-09-23,2025-09-23,1001.0,15000.0,,"$1,001 - $15,000",valid_range,New,Fidelity Rollover IRA,,,,16,16,table,False,False,,False,0,False,False,100,True,20,False,https://disclosures-clerk.house.gov/public_disc/ptr-pdfs/2025/20032211.pdf,,,SP,"The Travelers Companies, Inc. Common Stock (TRV) [ST] Filing Status: New Subholding Of: Fidelity Rollover IRA","The Travelers Companies, Inc. Common Stock (TRV) [ST]",S,09/23/2025,09/23/2025,"$1,001 - $15,000",,"SP The Travelers Companies, Inc. Common Stock (TRV) [ST] S 09/23/2025 09/23/2025 $1,001 - $15,000 Filing Status: New Subholding Of: Fidelity Rollover IRA",,,False,100,TRV,accepted,house_ptr_structure+v8_1,False,False,False,09/23/2025,False,,valid_range
20032211,Hon. Valerie Hoyle,Member,OR04,20032211.pdf,2025,142,SP,Thermo Fisher Scientific Inc Common Stock,Thermo Fisher Scientific Inc Common Stock,TMO,TMO,ST,S,2025-09-23,2025-09-23,1001.0,15000.0,,"$1,001 - $15,000",valid_range,New,Fidelity Rollover IRA,,,,16,16,table,False,False,,False,0,False,True,100,True,20,False,https://disclosures-clerk.house.gov/public_disc/ptr-pdfs/2025/20032211.pdf,,,SP,Thermo Fisher Scientific Inc Common Stock (TMO) [ST],Thermo Fisher Scientific Inc Common Stock (TMO) [ST],S,09/23/2025,09/23/2025,"$1,001 - $15,000",Filing Status: New Subholding Of: Fidelity Rollover IRA,"SP Thermo Fisher Scientific Inc Common Stock (TMO) [ST] S 09/23/2025 09/23/2025 $1,001 - $15,000 Filing Status: New Subholding Of: Fidelity Rollover IRA",,,False,100,TMO,accepted,house_ptr_structure+v8_1,False,False,False,09/23/2025,False,,valid_range
20032211,Hon. Valerie Hoyle,Member,OR04,20032211.pdf,2025,143,SP,"Toll Brothers, Inc. Common Stock","Toll Brothers, Inc. Common Stock",TOL,TOL,ST,S,2025-09-23,2025-09-23,1001.0,15000.0,,"$1,001 - $15,000",valid_range,New,Fidelity Rollover IRA,,,,16,17,table,False,False,,True,0,False,False,98,True,20,False,https://disclosures-clerk.house.gov/public_disc/ptr-pdfs/2025/20032211.pdf,,,SP,"Toll Brothers, Inc. Common Stock","Toll Brothers, Inc. Common Stock (TOL) [ST]",S,09/23/2025,09/23/2025,"$1,001 - $15,000",(TOL) [ST] Filing Status: New Subholding Of: Fidelity Rollover IRA,"SP Toll Brothers, Inc. Common Stock S 09/23/2025 09/23/2025 $1,001 - $15,000 (TOL) [ST] Filing Status: New Subholding Of: Fidelity Rollover IRA",,,False,98,TOL,accepted,house_ptr_structure+v8_1,False,False,False,09/23/2025,False,,valid_range
20032211,Hon. Valerie Hoyle,Member,OR04,20032211.pdf,2025,144,SP,Trane Technologies plc,Trane Technologies plc,TT,TT,ST,S,2025-09-23,2025-09-23,1001.0,15000.0,,"$1,001 - $15,000",valid_range,New,Fidelity Rollover IRA,,,,17,17,table,False,False,,False,0,False,True,100,True,20,False,https://disclosures-clerk.house.gov/public_disc/ptr-pdfs/2025/20032211.pdf,,,SP,Trane Technologies plc (TT) [ST],Trane Technologies plc (TT) [ST],S,09/23/2025,09/23/2025,"$1,001 - $15,000",Filing Status: New Subholding Of: Fidelity Rollover IRA,"SP Trane Technologies plc (TT) [ST] S 09/23/2025 09/23/2025 $1,001 - $15,000 Filing Status: New Subholding Of: Fidelity Rollover IRA",,,False,100,TT,accepted,house_ptr_structure+v8_1,False,False,False,09/23/2025,False,,valid_range
20032211,Hon. Valerie Hoyle,Member,OR04,20032211.pdf,2025,145,SP,Transdigm Group Incorporated Common Stock,Transdigm Group Incorporated Common Stock,TDG,TDG,ST,S,2025-09-23,2025-09-23,1001.0,15000.0,,"$1,001 - $15,000",valid_range,New,Fidelity Rollover IRA,,,,17,17,table,False,False,,False,0,False,False,100,True,20,False,https://disclosures-clerk.house.gov/public_disc/ptr-pdfs/2025/20032211.pdf,,,SP,Transdigm Group Incorporated Common Stock (TDG) [ST] Filing Status: New Subholding Of: Fidelity Rollover IRA,Transdigm Group Incorporated Common Stock (TDG) [ST],S,09/23/2025,09/23/2025,"$1,001 - $15,000",,"SP Transdigm Group Incorporated Common Stock (TDG) [ST] S 09/23/2025 09/23/2025 $1,001 - $15,000 Filing Status: New Subholding Of: Fidelity Rollover IRA",,,False,100,TDG,accepted,house_ptr_structure+v8_1,False,False,False,09/23/2025,False,,valid_range
20032211,Hon. Valerie Hoyle,Member,OR04,20032211.pdf,2025,146,SP,"Tyson Foods, Inc. Common Stock","Tyson Foods, Inc. Common Stock",TSN,TSN,ST,S,2025-09-23,2025-09-23,1001.0,15000.0,,"$1,001 - $15,000",valid_range,New,Fidelity Rollover IRA,,,,17,17,table,False,False,,False,0,False,True,100,True,20,False,https://disclosures-clerk.house.gov/public_disc/ptr-pdfs/2025/20032211.pdf,,,SP,"Tyson Foods, Inc. Common Stock (TSN) [ST]","Tyson Foods, Inc. Common Stock (TSN) [ST]",S,09/23/2025,09/23/2025,"$1,001 - $15,000",Filing Status: New Subholding Of: Fidelity Rollover IRA,"SP Tyson Foods, Inc. Common Stock (TSN) [ST] S 09/23/2025 09/23/2025 $1,001 - $15,000 Filing Status: New Subholding Of: Fidelity Rollover IRA",,,False,100,TSN,accepted,house_ptr_structure+v8_1,False,False,False,09/23/2025,False,,valid_range
20032211,Hon. Valerie Hoyle,Member,OR04,20032211.pdf,2025,147,SP,U.S. Bancorp Common Stock,U.S. Bancorp Common Stock,USB,USB,ST,S,2025-09-23,2025-09-23,1001.0,15000.0,,"$1,001 - $15,000",valid_range,New,Fidelity Rollover IRA,,,,17,17,table,False,False,,False,0,False,False,100,True,20,False,https://disclosures-clerk.house.gov/public_disc/ptr-pdfs/2025/20032211.pdf,,,SP,U.S. Bancorp Common Stock (USB) [ST] Filing Status: New Subholding Of: Fidelity Rollover IRA,U.S. Bancorp Common Stock (USB) [ST],S,09/23/2025,09/23/2025,"$1,001 - $15,000",,"SP U.S. Bancorp Common Stock (USB) [ST] S 09/23/2025 09/23/2025 $1,001 - $15,000 Filing Status: New Subholding Of: Fidelity Rollover IRA",,,False,100,USB,accepted,house_ptr_structure+v8_1,False,False,False,09/23/2025,False,,valid_range
20032211,Hon. Valerie Hoyle,Member,OR04,20032211.pdf,2025,148,SP,"Uber Technologies, Inc. Common Stock","Uber Technologies, Inc. Common Stock",UBER,UBER,ST,S,2025-09-23,2025-09-23,1001.0,15000.0,,"$1,001 - $15,000",valid_range,New,Fidelity Rollover IRA,,,,17,17,table,False,False,,False,0,False,True,100,True,20,False,https://disclosures-clerk.house.gov/public_disc/ptr-pdfs/2025/20032211.pdf,,,SP,"Uber Technologies, Inc. Common Stock (UBER) [ST]","Uber Technologies, Inc. Common Stock (UBER) [ST]",S,09/23/2025,09/23/2025,"$1,001 - $15,000",Filing Status: New Subholding Of: Fidelity Rollover IRA,"SP Uber Technologies, Inc. Common Stock (UBER) [ST] S 09/23/2025 09/23/2025 $1,001 - $15,000 Filing Status: New Subholding Of: Fidelity Rollover IRA",,,False,100,UBER,accepted,house_ptr_structure+v8_1,False,False,False,09/23/2025,False,,valid_range
20032211,Hon. Valerie Hoyle,Member,OR04,20032211.pdf,2025,149,SP,UCB SA UNSP/ADR,UCB SA UNSP/ADR,UCBJY,UCBJY,ST,S,2025-09-23,2025-09-23,1001.0,15000.0,,"$1,001 - $15,000",valid_range,New,Fidelity Rollover IRA,,,,17,17,table,False,False,,False,0,False,False,100,True,20,False,https://disclosures-clerk.house.gov/public_disc/ptr-pdfs/2025/20032211.pdf,,,SP,UCB SA UNSP/ADR (UCBJY) [ST] Filing Status: New Subholding Of: Fidelity Rollover IRA,UCB SA UNSP/ADR (UCBJY) [ST],S,09/23/2025,09/23/2025,"$1,001 - $15,000",,"SP UCB SA UNSP/ADR (UCBJY) [ST] S 09/23/2025 09/23/2025 $1,001 - $15,000 Filing Status: New Subholding Of: Fidelity Rollover IRA",,,False,100,UCBJY,accepted,house_ptr_structure+v8_1,False,False,False,09/23/2025,False,,valid_range
20032211,Hon. Valerie Hoyle,Member,OR04,20032211.pdf,2025,150,SP,"Ulta Beauty, Inc. - Common Stock","Ulta Beauty, Inc. - Common Stock",ULTA,ULTA,ST,S,2025-09-23,2025-09-23,1001.0,15000.0,,"$1,001 - $15,000",valid_range,New,Fidelity Rollover IRA,,,,17,17,table,False,False,,False,0,False,True,100,True,20,False,https://disclosures-clerk.house.gov/public_disc/ptr-pdfs/2025/20032211.pdf,,,SP,"Ulta Beauty, Inc. - Common Stock (ULTA) [ST]","Ulta Beauty, Inc. - Common Stock (ULTA) [ST]",S,09/23/2025,09/23/2025,"$1,001 - $15,000",Filing Status: New Subholding Of: Fidelity Rollover IRA,"SP Ulta Beauty, Inc. - Common Stock (ULTA) [ST] S 09/23/2025 09/23/2025 $1,001 - $15,000 Filing Status: New Subholding Of: Fidelity Rollover IRA",,,False,100,ULTA,accepted,house_ptr_structure+v8_1,False,False,False,09/23/2025,False,,valid_range
20032211,Hon. Valerie Hoyle,Member,OR04,20032211.pdf,2025,151,SP,"United Parcel Service, Inc. Common Stock","United Parcel Service, Inc. Common Stock",UPS,UPS,ST,S,2025-09-23,2025-09-23,1001.0,15000.0,,"$1,001 - $15,000",valid_range,New,Fidelity Rollover IRA,,,,17,17,table,False,False,,False,0,False,False,100,True,20,False,https://disclosures-clerk.house.gov/public_disc/ptr-pdfs/2025/20032211.pdf,,,SP,"United Parcel Service, Inc. Common Stock (UPS) [ST] Filing Status: New Subholding Of: Fidelity Rollover IRA","United Parcel Service, Inc. Common Stock (UPS) [ST]",S,09/23/2025,09/23/2025,"$1,001 - $15,000",,"SP United Parcel Service, Inc. Common Stock (UPS) [ST] S 09/23/2025 09/23/2025 $1,001 - $15,000 Filing Status: New Subholding Of: Fidelity Rollover IRA",,,False,100,UPS,accepted,house_ptr_structure+v8_1,False,False,False,09/23/2025,False,,valid_range
20032211,Hon. Valerie Hoyle,Member,OR04,20032211.pdf,2025,152,SP,"United Rentals, Inc. Common Stock","United Rentals, Inc. Common Stock",URI,URI,ST,S,2025-09-23,2025-09-23,1001.0,15000.0,,"$1,001 - $15,000",valid_range,New,Fidelity Rollover IRA,,,,17,18,table,False,False,,True,0,False,True,98,True,20,False,https://disclosures-clerk.house.gov/public_disc/ptr-pdfs/2025/20032211.pdf,,,SP,"United Rentals, Inc. Common Stock (URI) [ST]","United Rentals, Inc. Common Stock (URI) [ST]",S,09/23/2025,09/23/2025,"$1,001 - $15,000",Filing Status: New Subholding Of: Fidelity Rollover IRA,"SP United Rentals, Inc. Common Stock (URI) [ST] S 09/23/2025 09/23/2025 $1,001 - $15,000 Filing Status: New Subholding Of: Fidelity Rollover IRA",,,False,98,URI,accepted,house_ptr_structure+v8_1,False,False,False,09/23/2025,False,,valid_range
20032211,Hon. Valerie Hoyle,Member,OR04,20032211.pdf,2025,153,SP,UnitedHealth Group Incorporated Common Stock,UnitedHealth Group Incorporated Common Stock,UNH,UNH,ST,S,2025-09-23,2025-09-23,1001.0,15000.0,,"$1,001 - $15,000",valid_range,New,Fidelity Rollover IRA,,,,18,18,table,False,False,,False,0,False,False,100,True,20,False,https://disclosures-clerk.house.gov/public_disc/ptr-pdfs/2025/20032211.pdf,,,SP,UnitedHealth Group Incorporated Common Stock (UNH) [ST] Filing Status: New Subholding Of: Fidelity Rollover IRA,UnitedHealth Group Incorporated Common Stock (UNH) [ST],S,09/23/2025,09/23/2025,"$1,001 - $15,000",,"SP UnitedHealth Group Incorporated Common Stock (UNH) [ST] S 09/23/2025 09/23/2025 $1,001 - $15,000 Filing Status: New Subholding Of: Fidelity Rollover IRA",,,False,100,UNH,accepted,house_ptr_structure+v8_1,False,False,False,09/23/2025,False,,valid_range
20032211,Hon. Valerie Hoyle,Member,OR04,20032211.pdf,2025,154,SP,US Foods Holding Corp. Common Stock,US Foods Holding Corp. Common Stock,USFD,USFD,ST,S,2025-09-23,2025-09-23,1001.0,15000.0,,"$1,001 - $15,000",valid_range,New,Fidelity Rollover IRA,,,,18,18,table,False,False,,False,0,False,True,100,True,20,False,https://disclosures-clerk.house.gov/public_disc/ptr-pdfs/2025/20032211.pdf,,,SP,US Foods Holding Corp. Common Stock (USFD) [ST],US Foods Holding Corp. Common Stock (USFD) [ST],S,09/23/2025,09/23/2025,"$1,001 - $15,000",Filing Status: New Subholding Of: Fidelity Rollover IRA,"SP US Foods Holding Corp. Common Stock (USFD) [ST] S 09/23/2025 09/23/2025 $1,001 - $15,000 Filing Status: New Subholding Of: Fidelity Rollover IRA",,,False,100,USFD,accepted,house_ptr_structure+v8_1,False,False,False,09/23/2025,False,,valid_range
20032211,Hon. Valerie Hoyle,Member,OR04,20032211.pdf,2025,155,SP,"Verisk Analytics, Inc. - Common Stock","Verisk Analytics, Inc. - Common Stock",VRSK,VRSK,ST,S,2025-09-23,2025-09-23,1001.0,15000.0,,"$1,001 - $15,000",valid_range,New,Fidelity Rollover IRA,,,,18,18,table,False,False,,False,0,False,False,100,True,20,False,https://disclosures-clerk.house.gov/public_disc/ptr-pdfs/2025/20032211.pdf,,,SP,"Verisk Analytics, Inc. - Common Stock (VRSK) [ST] Filing Status: New Subholding Of: Fidelity Rollover IRA","Verisk Analytics, Inc. - Common Stock (VRSK) [ST]",S,09/23/2025,09/23/2025,"$1,001 - $15,000",,"SP Verisk Analytics, Inc. - Common Stock (VRSK) [ST] S 09/23/2025 09/23/2025 $1,001 - $15,000 Filing Status: New Subholding Of: Fidelity Rollover IRA",,,False,100,VRSK,accepted,house_ptr_structure+v8_1,False,False,False,09/23/2025,False,,valid_range
20032211,Hon. Valerie Hoyle,Member,OR04,20032211.pdf,2025,156,SP,Visa Inc.,Visa Inc.,V,V,ST,S,2025-09-23,2025-09-23,1001.0,15000.0,,"$1,001 - $15,000",valid_range,New,Fidelity Rollover IRA,,,,18,18,table,False,False,,False,0,False,True,100,True,20,False,https://disclosures-clerk.house.gov/public_disc/ptr-pdfs/2025/20032211.pdf,,,SP,Visa Inc. (V) [ST],Visa Inc. (V) [ST],S,09/23/2025,09/23/2025,"$1,001 - $15,000",Filing Status: New Subholding Of: Fidelity Rollover IRA,"SP Visa Inc. (V) [ST] S 09/23/2025 09/23/2025 $1,001 - $15,000 Filing Status: New Subholding Of: Fidelity Rollover IRA",,,False,100,V,accepted,house_ptr_structure+v8_1,False,False,False,09/23/2025,False,,valid_range
20032211,Hon. Valerie Hoyle,Member,OR04,20032211.pdf,2025,157,SP,Walt Disney Company,Walt Disney Company,DIS,DIS,ST,S,2025-09-23,2025-09-23,1001.0,15000.0,,"$1,001 - $15,000",valid_range,New,Fidelity Rollover IRA,,,,18,18,table,False,False,,False,0,False,False,100,True,20,False,https://disclosures-clerk.house.gov/public_disc/ptr-pdfs/2025/20032211.pdf,,,SP,Walt Disney Company (DIS) [ST] Filing Status: New Subholding Of: Fidelity Rollover IRA,Walt Disney Company (DIS) [ST],S,09/23/2025,09/23/2025,"$1,001 - $15,000",,"SP Walt Disney Company (DIS) [ST] S 09/23/2025 09/23/2025 $1,001 - $15,000 Filing Status: New Subholding Of: Fidelity Rollover IRA",,,False,100,DIS,accepted,house_ptr_structure+v8_1,False,False,False,09/23/2025,False,,valid_range
20032211,Hon. Valerie Hoyle,Member,OR04,20032211.pdf,2025,158,SP,"Waste Connections, Inc. Common Shares","Waste Connections, Inc. Common Shares",WCN,WCN,ST,S,2025-09-23,2025-09-23,1001.0,15000.0,,"$1,001 - $15,000",valid_range,New,Fidelity Rollover IRA,,,,18,18,table,False,False,,False,0,False,True,100,True,20,False,https://disclosures-clerk.house.gov/public_disc/ptr-pdfs/2025/20032211.pdf,,,SP,"Waste Connections, Inc. Common Shares (WCN) [ST]","Waste Connections, Inc. Common Shares (WCN) [ST]",S,09/23/2025,09/23/2025,"$1,001 - $15,000",Filing Status: New Subholding Of: Fidelity Rollover IRA,"SP Waste Connections, Inc. Common Shares (WCN) [ST] S 09/23/2025 09/23/2025 $1,001 - $15,000 Filing Status: New Subholding Of: Fidelity Rollover IRA",,,False,100,WCN,accepted,house_ptr_structure+v8_1,False,False,False,09/23/2025,False,,valid_range
20032211,Hon. Valerie Hoyle,Member,OR04,20032211.pdf,2025,159,SP,"Watsco, Inc. Common Stock","Watsco, Inc. Common Stock",WSO,WSO,ST,S,2025-09-23,2025-09-23,1001.0,15000.0,,"$1,001 - $15,000",valid_range,New,Fidelity Rollover IRA,,,,18,18,table,False,False,,False,0,False,False,100,True,20,False,https://disclosures-clerk.house.gov/public_disc/ptr-pdfs/2025/20032211.pdf,,,SP,"Watsco, Inc. Common Stock (WSO) [ST] Filing Status: New Subholding Of: Fidelity Rollover IRA","Watsco, Inc. Common Stock (WSO) [ST]",S,09/23/2025,09/23/2025,"$1,001 - $15,000",,"SP Watsco, Inc. Common Stock (WSO) [ST] S 09/23/2025 09/23/2025 $1,001 - $15,000 Filing Status: New Subholding Of: Fidelity Rollover IRA",,,False,100,WSO,accepted,house_ptr_structure+v8_1,False,False,False,09/23/2025,False,,valid_range
20032211,Hon. Valerie Hoyle,Member,OR04,20032211.pdf,2025,160,SP,Wells Fargo & Company Common Stock,Wells Fargo & Company Common Stock,WFC,WFC,ST,S,2025-09-23,2025-09-23,1001.0,15000.0,,"$1,001 - $15,000",valid_range,New,Fidelity Rollover IRA,,,,18,18,table,False,False,,False,0,False,True,100,True,20,False,https://disclosures-clerk.house.gov/public_disc/ptr-pdfs/2025/20032211.pdf,,,SP,Wells Fargo & Company Common Stock (WFC) [ST],Wells Fargo & Company Common Stock (WFC) [ST],S,09/23/2025,09/23/2025,"$1,001 - $15,000",Filing Status: New Subholding Of: Fidelity Rollover IRA,"SP Wells Fargo & Company Common Stock (WFC) [ST] S 09/23/2025 09/23/2025 $1,001 - $15,000 Filing Status: New Subholding Of: Fidelity Rollover IRA",,,False,100,WFC,accepted,house_ptr_structure+v8_1,False,False,False,09/23/2025,False,,valid_range
20032211,Hon. Valerie Hoyle,Member,OR04,20032211.pdf,2025,161,SP,Westinghouse Air Brake Technologies Corporation Common Stock,Westinghouse Air Brake Technologies Corporation Common Stock,WAB,WAB,ST,S,2025-09-23,2025-09-23,1001.0,15000.0,,"$1,001 - $15,000",valid_range,New,Fidelity Rollover IRA,,,,18,19,table,False,False,,True,0,False,False,98,True,20,False,https://disclosures-clerk.house.gov/public_disc/ptr-pdfs/2025/20032211.pdf,,,SP,Westinghouse Air Brake Technologies Corporation Common Stock (WAB) [ST],Westinghouse Air Brake Technologies Corporation Common Stock (WAB) [ST],S,09/23/2025,09/23/2025,"$1,001 - $15,000",Filing Status: New Subholding Of: Fidelity Rollover IRA,"SP Westinghouse Air Brake Technologies Corporation Common Stock (WAB) [ST] S 09/23/2025 09/23/2025 $1,001 - $15,000 Filing Status: New Subholding Of: Fidelity Rollover IRA",,,False,98,WAB,accepted,house_ptr_structure+v8_1,False,False,False,09/23/2025,False,,valid_range
20032211,Hon. Valerie Hoyle,Member,OR04,20032211.pdf,2025,162,SP,Willis Towers Watson Public Limited Company - Ordinary Shares,Willis Towers Watson Public Limited Company - Ordinary Shares,WTW,WTW,ST,S,2025-09-23,2025-09-23,1001.0,15000.0,,"$1,001 - $15,000",valid_range,New,Fidelity Rollover IRA,,,,19,19,table,False,False,,False,0,False,True,100,True,20,False,https://disclosures-clerk.house.gov/public_disc/ptr-pdfs/2025/20032211.pdf,,,SP,Willis Towers Watson Public Limited Company - Ordinary Shares (WTW) [ST],Willis Towers Watson Public Limited Company - Ordinary Shares (WTW) [ST],S,09/23/2025,09/23/2025,"$1,001 - $15,000",Filing Status: New Subholding Of: Fidelity Rollover IRA,"SP Willis Towers Watson Public Limited Company - Ordinary Shares (WTW) [ST] S 09/23/2025 09/23/2025 $1,001 - $15,000 Filing Status: New Subholding Of: Fidelity Rollover IRA",,,False,100,WTW,accepted,house_ptr_structure+v8_1,False,False,False,09/23/2025,False,,valid_range
