filing_id,politician,member_status,state_district,source_pdf,source_year,transaction_number_in_filing,owner,asset_v8_2_cleaned,asset_v8_1,ticker_v8_2_cleaned,ticker_v8_1,asset_type,transaction_type,transaction_date,notification_date,amount_min,amount_max,amount_exact,amount_category,amount_status,filing_status,subholding,location,description,comments,page,last_page,page_parse_method,page_recovery_used,filing_page_completeness_issue,suspected_missed_pages,page_continuation_used,duplicate_geometry_rows_merged,possible_adjacent_same_signature,row_shaded,geometry_quality_score,unicode_repair_applied,unicode_repair_count,needs_review,original_pdf_url,review_level,review_reason,owner_raw,asset_raw,asset_lookup_context,transaction_type_raw,transaction_date_raw,notification_date_raw,amount_raw,continuation_raw,detail_raw,review_reason_v8_1,review_level_v8_1,needs_review_v8_1,geometry_quality_score_v8_1,ticker_candidate_raw,ticker_parse_status,ticker_validation_source,ticker_changed,asset_changed_by_ticker_resolver,raw_date_has_extra_text,raw_date_prefix,date_prefix_disagrees
20032070,Hon. Valerie Hoyle,Member,OR04,20032070.pdf,2025,1,SP,3M Company Common Stock,3M Company Common Stock,MMM,MMM,ST,S,2025-07-28,2025-09-11,1001.0,15000.0,,"$1,001 - $15,000",valid_range,New,Fidelity Rollover IRA,,"Purchase less than $1,000",,1,1,table,False,False,,False,0,False,False,100,True,30,False,https://disclosures-clerk.house.gov/public_disc/ptr-pdfs/2025/20032070.pdf,,,SP,"3M Company Common Stock (MMM) [ST] Filing Status: New Subholding Of: Fidelity Rollover IRA Description: Purchase less than $1,000",3M Company Common Stock (MMM) [ST],S,07/28/2025,09/11/2025,"$1,001 - $15,000",,"SP 3M Company Common Stock (MMM) [ST] S 07/28/2025 09/11/2025 $1,001 - $15,000 Filing Status: New Subholding Of: Fidelity Rollover IRA Description: Purchase less than $1,000",,,False,100,MMM,accepted,house_ptr_structure+v8_1,False,False,False,07/28/2025,False
20032070,Hon. Valerie Hoyle,Member,OR04,20032070.pdf,2025,2,SP,Alphabet Inc. - Class A Common Stock,Alphabet Inc. - Class A Common Stock,GOOGL,GOOGL,ST,S (partial),2025-04-15,2025-09-11,1001.0,15000.0,,"$1,001 - $15,000",valid_range,New,Fidelity Rollover IRA,,,,1,1,table,False,False,,False,0,False,True,100,True,20,False,https://disclosures-clerk.house.gov/public_disc/ptr-pdfs/2025/20032070.pdf,,,SP,Alphabet Inc. - Class A Common Stock (GOOGL) [ST],Alphabet Inc. - Class A Common Stock (GOOGL) [ST],S (partial),04/15/2025,09/11/2025,"$1,001 - $15,000",Filing Status: New Subholding Of: Fidelity Rollover IRA,"SP Alphabet Inc. - Class A Common Stock (GOOGL) [ST] S (partial) 04/15/2025 09/11/2025 $1,001 - $15,000 Filing Status: New Subholding Of: Fidelity Rollover IRA",,,False,100,GOOGL,accepted,house_ptr_structure+v8_1,False,False,False,04/15/2025,False
20032070,Hon. Valerie Hoyle,Member,OR04,20032070.pdf,2025,3,SP,Alphabet Inc. - Class A Common Stock,Alphabet Inc. - Class A Common Stock,GOOGL,GOOGL,ST,S (partial),2025-04-02,2025-09-11,1001.0,15000.0,,"$1,001 - $15,000",valid_range,New,Fidelity Rollover IRA,,,,1,1,table,False,False,,False,0,False,False,100,True,20,False,https://disclosures-clerk.house.gov/public_disc/ptr-pdfs/2025/20032070.pdf,,,SP,Alphabet Inc. - Class A Common Stock (GOOGL) [ST] Filing Status: New Subholding Of: Fidelity Rollover IRA,Alphabet Inc. - Class A Common Stock (GOOGL) [ST],S (partial),04/02/2025,09/11/2025,"$1,001 - $15,000",,"SP Alphabet Inc. - Class A Common Stock (GOOGL) [ST] S (partial) 04/02/2025 09/11/2025 $1,001 - $15,000 Filing Status: New Subholding Of: Fidelity Rollover IRA",,,False,100,GOOGL,accepted,house_ptr_structure+v8_1,False,False,False,04/02/2025,False
20032070,Hon. Valerie Hoyle,Member,OR04,20032070.pdf,2025,4,SP,Alphabet Inc. - Class A Common Stock,Alphabet Inc. - Class A Common Stock,GOOGL,GOOGL,ST,P,2025-07-14,2025-09-11,1001.0,15000.0,,"$1,001 - $15,000",valid_range,New,Fidelity Rollover IRA,,,,1,1,table,False,False,,False,0,False,True,100,True,20,False,https://disclosures-clerk.house.gov/public_disc/ptr-pdfs/2025/20032070.pdf,,,SP,Alphabet Inc. - Class A Common Stock (GOOGL) [ST],Alphabet Inc. - Class A Common Stock (GOOGL) [ST],P,07/14/2025,09/11/2025,"$1,001 - $15,000",Filing Status: New Subholding Of: Fidelity Rollover IRA,"SP Alphabet Inc. - Class A Common Stock (GOOGL) [ST] P 07/14/2025 09/11/2025 $1,001 - $15,000 Filing Status: New Subholding Of: Fidelity Rollover IRA",,,False,100,GOOGL,accepted,house_ptr_structure+v8_1,False,False,False,07/14/2025,False
20032070,Hon. Valerie Hoyle,Member,OR04,20032070.pdf,2025,5,SP,Alphabet Inc. - Class A Common Stock,Alphabet Inc. - Class A Common Stock,GOOGL,GOOGL,ST,P,2025-07-02,2025-09-11,1001.0,15000.0,,"$1,001 - $15,000",valid_range,New,Fidelity Rollover IRA,,,,1,1,table,False,False,,False,0,False,False,100,True,20,False,https://disclosures-clerk.house.gov/public_disc/ptr-pdfs/2025/20032070.pdf,,,SP,Alphabet Inc. - Class A Common Stock (GOOGL) [ST] Filing Status: New Subholding Of: Fidelity Rollover IRA,Alphabet Inc. - Class A Common Stock (GOOGL) [ST],P,07/02/2025,09/11/2025,"$1,001 - $15,000",,"SP Alphabet Inc. - Class A Common Stock (GOOGL) [ST] P 07/02/2025 09/11/2025 $1,001 - $15,000 Filing Status: New Subholding Of: Fidelity Rollover IRA",,,False,100,GOOGL,accepted,house_ptr_structure+v8_1,False,False,False,07/02/2025,False
20032070,Hon. Valerie Hoyle,Member,OR04,20032070.pdf,2025,6,SP,Alphabet Inc. - Class A Common Stock,Alphabet Inc. - Class A Common Stock,GOOGL,GOOGL,ST,P,2025-01-13,2025-09-11,1001.0,15000.0,,"$1,001 - $15,000",valid_range,New $200?,Fidelity Rollover IRA,,,,1,2,table,False,False,,True,0,False,True,98,True,20,False,https://disclosures-clerk.house.gov/public_disc/ptr-pdfs/2025/20032070.pdf,,,SP,Alphabet Inc. - Class A Common Stock (GOOGL) [ST],Alphabet Inc. - Class A Common Stock (GOOGL) [ST],P,01/13/2025,09/11/2025,"$1,001 - $15,000",Filing Status: New $200? Subholding Of: Fidelity Rollover IRA,"SP Alphabet Inc. - Class A Common Stock (GOOGL) [ST] P 01/13/2025 09/11/2025 $1,001 - $15,000 Filing Status: New $200? Subholding Of: Fidelity Rollover IRA",,,False,98,GOOGL,accepted,house_ptr_structure+v8_1,False,False,False,01/13/2025,False
20032070,Hon. Valerie Hoyle,Member,OR04,20032070.pdf,2025,7,SP,Alphabet Inc. - Class A Common Stock,Alphabet Inc. - Class A Common Stock,GOOGL,GOOGL,ST,P,2024-12-27,2025-09-11,1001.0,15000.0,,"$1,001 - $15,000",valid_range,New,Fidelity Rollover IRA,,,,2,2,table,False,False,,False,0,False,False,100,True,20,False,https://disclosures-clerk.house.gov/public_disc/ptr-pdfs/2025/20032070.pdf,,,SP,Alphabet Inc. - Class A Common Stock (GOOGL) [ST] Filing Status: New Subholding Of: Fidelity Rollover IRA,Alphabet Inc. - Class A Common Stock (GOOGL) [ST],P,12/27/2024,09/11/2025,"$1,001 - $15,000",,"SP Alphabet Inc. - Class A Common Stock (GOOGL) [ST] P 12/27/2024 09/11/2025 $1,001 - $15,000 Filing Status: New Subholding Of: Fidelity Rollover IRA",,,False,100,GOOGL,accepted,house_ptr_structure+v8_1,False,False,False,12/27/2024,False
20032070,Hon. Valerie Hoyle,Member,OR04,20032070.pdf,2025,8,SP,Alphabet Inc. - Class A Common Stock,Alphabet Inc. - Class A Common Stock,GOOGL,GOOGL,ST,P,2024-10-29,2025-09-11,1001.0,15000.0,,"$1,001 - $15,000",valid_range,New,Fidelity Rollover IRA,,,,2,2,table,False,False,,False,0,False,True,100,True,20,False,https://disclosures-clerk.house.gov/public_disc/ptr-pdfs/2025/20032070.pdf,,,SP,Alphabet Inc. - Class A Common Stock (GOOGL) [ST],Alphabet Inc. - Class A Common Stock (GOOGL) [ST],P,10/29/2024,09/11/2025,"$1,001 - $15,000",Filing Status: New Subholding Of: Fidelity Rollover IRA,"SP Alphabet Inc. - Class A Common Stock (GOOGL) [ST] P 10/29/2024 09/11/2025 $1,001 - $15,000 Filing Status: New Subholding Of: Fidelity Rollover IRA",,,False,100,GOOGL,accepted,house_ptr_structure+v8_1,False,False,False,10/29/2024,False
20032070,Hon. Valerie Hoyle,Member,OR04,20032070.pdf,2025,9,SP,Alphabet Inc. - Class C Capital Stock,Alphabet Inc. - Class C Capital Stock,GOOG,GOOG,ST,P,2024-10-29,2025-09-11,1001.0,15000.0,,"$1,001 - $15,000",valid_range,New,Fidelity Rollover IRA,,,,2,2,table,False,False,,False,0,False,False,100,True,20,False,https://disclosures-clerk.house.gov/public_disc/ptr-pdfs/2025/20032070.pdf,,,SP,Alphabet Inc. - Class C Capital Stock (GOOG) [ST] Filing Status: New Subholding Of: Fidelity Rollover IRA,Alphabet Inc. - Class C Capital Stock (GOOG) [ST],P,10/29/2024,09/11/2025,"$1,001 - $15,000",,"SP Alphabet Inc. - Class C Capital Stock (GOOG) [ST] P 10/29/2024 09/11/2025 $1,001 - $15,000 Filing Status: New Subholding Of: Fidelity Rollover IRA",,,False,100,GOOG,accepted,house_ptr_structure+v8_1,False,False,False,10/29/2024,False
20032070,Hon. Valerie Hoyle,Member,OR04,20032070.pdf,2025,10,SP,"Amazon.com, Inc. - Common Stock","Amazon.com, Inc. - Common Stock",AMZN,AMZN,ST,P,2024-10-29,2025-09-11,1001.0,15000.0,,"$1,001 - $15,000",valid_range,New,Fidelity Rollover IRA,,,,2,2,table,False,False,,False,0,False,True,100,True,20,False,https://disclosures-clerk.house.gov/public_disc/ptr-pdfs/2025/20032070.pdf,,,SP,"Amazon.com, Inc. - Common Stock (AMZN) [ST]","Amazon.com, Inc. - Common Stock (AMZN) [ST]",P,10/29/2024,09/11/2025,"$1,001 - $15,000",Filing Status: New Subholding Of: Fidelity Rollover IRA,"SP Amazon.com, Inc. - Common Stock (AMZN) [ST] P 10/29/2024 09/11/2025 $1,001 - $15,000 Filing Status: New Subholding Of: Fidelity Rollover IRA",,,False,100,AMZN,accepted,house_ptr_structure+v8_1,False,False,False,10/29/2024,False
20032070,Hon. Valerie Hoyle,Member,OR04,20032070.pdf,2025,11,SP,"Amazon.com, Inc. - Common Stock","Amazon.com, Inc. - Common Stock",AMZN,AMZN,ST,P,2025-01-13,2025-09-11,1001.0,15000.0,,"$1,001 - $15,000",valid_range,New,Fidelity Rollover IRA,,,,2,2,table,False,False,,False,0,False,False,100,True,20,False,https://disclosures-clerk.house.gov/public_disc/ptr-pdfs/2025/20032070.pdf,,,SP,"Amazon.com, Inc. - Common Stock (AMZN) [ST] Filing Status: New Subholding Of: Fidelity Rollover IRA","Amazon.com, Inc. - Common Stock (AMZN) [ST]",P,01/13/2025,09/11/2025,"$1,001 - $15,000",,"SP Amazon.com, Inc. - Common Stock (AMZN) [ST] P 01/13/2025 09/11/2025 $1,001 - $15,000 Filing Status: New Subholding Of: Fidelity Rollover IRA",,,False,100,AMZN,accepted,house_ptr_structure+v8_1,False,False,False,01/13/2025,False
20032070,Hon. Valerie Hoyle,Member,OR04,20032070.pdf,2025,12,SP,"Amazon.com, Inc. - Common Stock","Amazon.com, Inc. - Common Stock",AMZN,AMZN,ST,P,2025-06-06,2025-09-11,1001.0,15000.0,,"$1,001 - $15,000",valid_range,New,Fidelity Rollover IRA,,,,2,2,table,False,False,,False,0,False,True,100,True,20,False,https://disclosures-clerk.house.gov/public_disc/ptr-pdfs/2025/20032070.pdf,,,SP,"Amazon.com, Inc. - Common Stock (AMZN) [ST]","Amazon.com, Inc. - Common Stock (AMZN) [ST]",P,06/06/2025,09/11/2025,"$1,001 - $15,000",Filing Status: New Subholding Of: Fidelity Rollover IRA,"SP Amazon.com, Inc. - Common Stock (AMZN) [ST] P 06/06/2025 09/11/2025 $1,001 - $15,000 Filing Status: New Subholding Of: Fidelity Rollover IRA",,,False,100,AMZN,accepted,house_ptr_structure+v8_1,False,False,False,06/06/2025,False
20032070,Hon. Valerie Hoyle,Member,OR04,20032070.pdf,2025,13,SP,"Amazon.com, Inc. - Common Stock","Amazon.com, Inc. - Common Stock",AMZN,AMZN,ST,P,2025-07-02,2025-09-11,1001.0,15000.0,,"$1,001 - $15,000",valid_range,New,Fidelity Rollover IRA,,,,2,2,table,False,False,,False,0,False,False,100,True,20,False,https://disclosures-clerk.house.gov/public_disc/ptr-pdfs/2025/20032070.pdf,,,SP,"Amazon.com, Inc. - Common Stock (AMZN) [ST] Filing Status: New Subholding Of: Fidelity Rollover IRA","Amazon.com, Inc. - Common Stock (AMZN) [ST]",P,07/02/2025,09/11/2025,"$1,001 - $15,000",,"SP Amazon.com, Inc. - Common Stock (AMZN) [ST] P 07/02/2025 09/11/2025 $1,001 - $15,000 Filing Status: New Subholding Of: Fidelity Rollover IRA",,,False,100,AMZN,accepted,house_ptr_structure+v8_1,False,False,False,07/02/2025,False
20032070,Hon. Valerie Hoyle,Member,OR04,20032070.pdf,2025,14,SP,"Amazon.com, Inc. - Common Stock","Amazon.com, Inc. - Common Stock",AMZN,AMZN,ST,P,2025-04-02,2025-09-11,1001.0,15000.0,,"$1,001 - $15,000",valid_range,New,Fidelity Rollover IRA,,,,2,2,table,False,False,,False,0,False,True,100,True,20,False,https://disclosures-clerk.house.gov/public_disc/ptr-pdfs/2025/20032070.pdf,,,SP,"Amazon.com, Inc. - Common Stock (AMZN) [ST]","Amazon.com, Inc. - Common Stock (AMZN) [ST]",P,04/02/2025,09/11/2025,"$1,001 - $15,000",Filing Status: New Subholding Of: Fidelity Rollover IRA,"SP Amazon.com, Inc. - Common Stock (AMZN) [ST] P 04/02/2025 09/11/2025 $1,001 - $15,000 Filing Status: New Subholding Of: Fidelity Rollover IRA",,,False,100,AMZN,accepted,house_ptr_structure+v8_1,False,False,False,04/02/2025,False
20032070,Hon. Valerie Hoyle,Member,OR04,20032070.pdf,2025,15,SP,Amdocs Limited - Ordinary Shares,Amdocs Limited - Ordinary Shares,DOX,DOX,ST,P,2025-04-15,2025-09-11,1001.0,15000.0,,"$1,001 - $15,000",valid_range,New,Fidelity Rollover IRA,,,,2,3,table,False,False,,True,0,False,False,98,True,20,False,https://disclosures-clerk.house.gov/public_disc/ptr-pdfs/2025/20032070.pdf,,,SP,Amdocs Limited - Ordinary Shares (DOX) [ST] Filing Status: New,Amdocs Limited - Ordinary Shares (DOX) [ST] Subholding Of: Fidelity Rollover IRA,P,04/15/2025,09/11/2025,"$1,001 - $15,000",Subholding Of: Fidelity Rollover IRA,"SP Amdocs Limited - Ordinary Shares (DOX) [ST] P 04/15/2025 09/11/2025 $1,001 - $15,000 Filing Status: New Subholding Of: Fidelity Rollover IRA",,,False,98,DOX,accepted,house_ptr_structure+v8_1,False,False,False,04/15/2025,False
20032070,Hon. Valerie Hoyle,Member,OR04,20032070.pdf,2025,16,SP,"AMETEK, Inc.","AMETEK, Inc.",AME,AME,ST,S,2025-01-24,2025-09-11,1001.0,15000.0,,"$1,001 - $15,000",valid_range,New,Fidelity Rollover IRA,,,,3,3,table,False,False,,False,0,False,True,100,True,20,False,https://disclosures-clerk.house.gov/public_disc/ptr-pdfs/2025/20032070.pdf,,,SP,"AMETEK, Inc. (AME) [ST]","AMETEK, Inc. (AME) [ST]",S,01/24/2025,09/11/2025,"$1,001 - $15,000",Filing Status: New Subholding Of: Fidelity Rollover IRA,"SP AMETEK, Inc. (AME) [ST] S 01/24/2025 09/11/2025 $1,001 - $15,000 Filing Status: New Subholding Of: Fidelity Rollover IRA",,,False,100,AME,accepted,house_ptr_structure+v8_1,False,False,False,01/24/2025,False
20032070,Hon. Valerie Hoyle,Member,OR04,20032070.pdf,2025,17,SP,"AMETEK, Inc.","AMETEK, Inc.",AME,AME,ST,P,2024-10-29,2025-09-11,1001.0,15000.0,,"$1,001 - $15,000",valid_range,New,Fidelity Rollover IRA,,,,3,3,table,False,False,,False,0,False,False,100,True,20,False,https://disclosures-clerk.house.gov/public_disc/ptr-pdfs/2025/20032070.pdf,,,SP,"AMETEK, Inc. (AME) [ST] Filing Status: New Subholding Of: Fidelity Rollover IRA","AMETEK, Inc. (AME) [ST]",P,10/29/2024,09/11/2025,"$1,001 - $15,000",,"SP AMETEK, Inc. (AME) [ST] P 10/29/2024 09/11/2025 $1,001 - $15,000 Filing Status: New Subholding Of: Fidelity Rollover IRA",,,False,100,AME,accepted,house_ptr_structure+v8_1,False,False,False,10/29/2024,False
20032070,Hon. Valerie Hoyle,Member,OR04,20032070.pdf,2025,18,SP,Amphenol Corporation Common Stock,Amphenol Corporation Common Stock,APH,APH,ST,P,2024-10-29,2025-09-11,1001.0,15000.0,,"$1,001 - $15,000",valid_range,New,Fidelity Rollover IRA,,,,3,3,table,False,False,,False,0,False,True,100,True,20,False,https://disclosures-clerk.house.gov/public_disc/ptr-pdfs/2025/20032070.pdf,,,SP,Amphenol Corporation Common Stock (APH) [ST],Amphenol Corporation Common Stock (APH) [ST],P,10/29/2024,09/11/2025,"$1,001 - $15,000",Filing Status: New Subholding Of: Fidelity Rollover IRA,"SP Amphenol Corporation Common Stock (APH) [ST] P 10/29/2024 09/11/2025 $1,001 - $15,000 Filing Status: New Subholding Of: Fidelity Rollover IRA",,,False,100,APH,accepted,house_ptr_structure+v8_1,False,False,False,10/29/2024,False
20032070,Hon. Valerie Hoyle,Member,OR04,20032070.pdf,2025,19,SP,"Apollo Global Management, Inc.","Apollo Global Management, Inc.",APO,APO,ST,P,2024-10-29,2025-09-11,1001.0,15000.0,,"$1,001 - $15,000",valid_range,New,Fidelity Rollover IRA,,,,3,3,table,False,False,,False,0,False,False,100,True,20,False,https://disclosures-clerk.house.gov/public_disc/ptr-pdfs/2025/20032070.pdf,,,SP,"Apollo Global Management, Inc. (APO) [ST] Filing Status: New Subholding Of: Fidelity Rollover IRA","Apollo Global Management, Inc. (APO) [ST]",P,10/29/2024,09/11/2025,"$1,001 - $15,000",,"SP Apollo Global Management, Inc. (APO) [ST] P 10/29/2024 09/11/2025 $1,001 - $15,000 Filing Status: New Subholding Of: Fidelity Rollover IRA",,,False,100,APO,accepted,house_ptr_structure+v8_1,False,False,False,10/29/2024,False
20032070,Hon. Valerie Hoyle,Member,OR04,20032070.pdf,2025,20,SP,Apple Inc. - Common Stock,Apple Inc. - Common Stock,AAPL,AAPL,ST,P,2024-10-29,2025-09-11,1001.0,15000.0,,"$1,001 - $15,000",valid_range,New,Fidelity Rollover IRA,,,,3,3,table,False,False,,False,0,False,True,100,True,20,False,https://disclosures-clerk.house.gov/public_disc/ptr-pdfs/2025/20032070.pdf,,,SP,Apple Inc. - Common Stock (AAPL) [ST],Apple Inc. - Common Stock (AAPL) [ST],P,10/29/2024,09/11/2025,"$1,001 - $15,000",Filing Status: New Subholding Of: Fidelity Rollover IRA,"SP Apple Inc. - Common Stock (AAPL) [ST] P 10/29/2024 09/11/2025 $1,001 - $15,000 Filing Status: New Subholding Of: Fidelity Rollover IRA",,,False,100,AAPL,accepted,house_ptr_structure+v8_1,False,False,False,10/29/2024,False
20032070,Hon. Valerie Hoyle,Member,OR04,20032070.pdf,2025,21,SP,Apple Inc. - Common Stock,Apple Inc. - Common Stock,AAPL,AAPL,ST,P,2025-06-06,2025-09-11,1001.0,15000.0,,"$1,001 - $15,000",valid_range,New,Fidelity Rollover IRA,,,,3,3,table,False,False,,False,0,False,False,100,True,20,False,https://disclosures-clerk.house.gov/public_disc/ptr-pdfs/2025/20032070.pdf,,,SP,Apple Inc. - Common Stock (AAPL) [ST] Filing Status: New Subholding Of: Fidelity Rollover IRA,Apple Inc. - Common Stock (AAPL) [ST],P,06/06/2025,09/11/2025,"$1,001 - $15,000",,"SP Apple Inc. - Common Stock (AAPL) [ST] P 06/06/2025 09/11/2025 $1,001 - $15,000 Filing Status: New Subholding Of: Fidelity Rollover IRA",,,False,100,AAPL,accepted,house_ptr_structure+v8_1,False,False,False,06/06/2025,False
20032070,Hon. Valerie Hoyle,Member,OR04,20032070.pdf,2025,22,SP,Ares Management Corporation Class A Common Stock,Ares Management Corporation Class A Common Stock,ARES,ARES,ST,P,2024-10-29,2025-09-11,1001.0,15000.0,,"$1,001 - $15,000",valid_range,New,Fidelity Rollover IRA,,,,3,3,table,False,False,,False,0,False,True,100,True,20,False,https://disclosures-clerk.house.gov/public_disc/ptr-pdfs/2025/20032070.pdf,,,SP,Ares Management Corporation Class A Common Stock (ARES) [ST],Ares Management Corporation Class A Common Stock (ARES) [ST],P,10/29/2024,09/11/2025,"$1,001 - $15,000",Filing Status: New Subholding Of: Fidelity Rollover IRA,"SP Ares Management Corporation Class A Common Stock (ARES) [ST] P 10/29/2024 09/11/2025 $1,001 - $15,000 Filing Status: New Subholding Of: Fidelity Rollover IRA",,,False,100,ARES,accepted,house_ptr_structure+v8_1,False,False,False,10/29/2024,False
20032070,Hon. Valerie Hoyle,Member,OR04,20032070.pdf,2025,23,SP,"Arista Networks, Inc. Common Stock","Arista Networks, Inc. Common Stock",ANET,ANET,ST,P,2024-10-29,2025-09-11,1001.0,15000.0,,"$1,001 - $15,000",valid_range,New,Fidelity Rollover IRA,,,,3,3,table,False,False,,False,0,False,False,100,True,20,False,https://disclosures-clerk.house.gov/public_disc/ptr-pdfs/2025/20032070.pdf,,,SP,"Arista Networks, Inc. Common Stock (ANET) [ST] Filing Status: New Subholding Of: Fidelity Rollover IRA","Arista Networks, Inc. Common Stock (ANET) [ST]",P,10/29/2024,09/11/2025,"$1,001 - $15,000",,"SP Arista Networks, Inc. Common Stock (ANET) [ST] P 10/29/2024 09/11/2025 $1,001 - $15,000 Filing Status: New Subholding Of: Fidelity Rollover IRA",,,False,100,ANET,accepted,house_ptr_structure+v8_1,False,False,False,10/29/2024,False
20032070,Hon. Valerie Hoyle,Member,OR04,20032070.pdf,2025,24,SP,"Arista Networks, Inc. Common Stock","Arista Networks, Inc. Common Stock",ANET,ANET,ST,P,2024-12-04,2025-09-11,1001.0,15000.0,,"$1,001 - $15,000",valid_range,New,Fidelity Rollover IRA ID Owner Asset Transaction Type Date Notification Date Amount Cap. Gains > $200?,,,,3,4,table,False,False,,True,0,False,True,98,True,20,False,https://disclosures-clerk.house.gov/public_disc/ptr-pdfs/2025/20032070.pdf,,,SP,"Arista Networks, Inc. Common Stock (ANET) [ST]","Arista Networks, Inc. Common Stock (ANET) [ST]",P,12/04/2024,09/11/2025,"$1,001 - $15,000",Filing Status: New Subholding Of: Fidelity Rollover IRA ID Owner Asset Transaction Type Date Notification Date Amount Cap. Gains > $200?,"SP Arista Networks, Inc. Common Stock (ANET) [ST] P 12/04/2024 09/11/2025 $1,001 - $15,000 Filing Status: New Subholding Of: Fidelity Rollover IRA ID Owner Asset Transaction Type Date Notification Date Amount Cap. Gains > $200?",,,False,98,ANET,accepted,house_ptr_structure+v8_1,False,False,False,12/04/2024,False
20032070,Hon. Valerie Hoyle,Member,OR04,20032070.pdf,2025,25,SP,"Arista Networks, Inc. Common Stock","Arista Networks, Inc. Common Stock",ANET,ANET,ST,S,2025-04-29,2025-09-11,1001.0,15000.0,,"$1,001 - $15,000",valid_range,New,Fidelity Rollover IRA,,,,4,4,table,False,False,,False,0,False,False,100,True,20,False,https://disclosures-clerk.house.gov/public_disc/ptr-pdfs/2025/20032070.pdf,,,SP,"Arista Networks, Inc. Common Stock (ANET) [ST] Filing Status: New Subholding Of: Fidelity Rollover IRA","Arista Networks, Inc. Common Stock (ANET) [ST]",S,04/29/2025,09/11/2025,"$1,001 - $15,000",,"SP Arista Networks, Inc. Common Stock (ANET) [ST] S 04/29/2025 09/11/2025 $1,001 - $15,000 Filing Status: New Subholding Of: Fidelity Rollover IRA",,,False,100,ANET,accepted,house_ptr_structure+v8_1,False,False,False,04/29/2025,False
20032070,Hon. Valerie Hoyle,Member,OR04,20032070.pdf,2025,26,SP,"Arista Networks, Inc. Common Stock","Arista Networks, Inc. Common Stock",ANET,ANET,ST,P,2025-07-14,2025-09-11,1001.0,15000.0,,"$1,001 - $15,000",valid_range,New,Fidelity Rollover IRA,,,,4,4,table,False,False,,False,0,False,True,100,True,20,False,https://disclosures-clerk.house.gov/public_disc/ptr-pdfs/2025/20032070.pdf,,,SP,"Arista Networks, Inc. Common Stock (ANET) [ST]","Arista Networks, Inc. Common Stock (ANET) [ST]",P,07/14/2025,09/11/2025,"$1,001 - $15,000",Filing Status: New Subholding Of: Fidelity Rollover IRA,"SP Arista Networks, Inc. Common Stock (ANET) [ST] P 07/14/2025 09/11/2025 $1,001 - $15,000 Filing Status: New Subholding Of: Fidelity Rollover IRA",,,False,100,ANET,accepted,house_ptr_structure+v8_1,False,False,False,07/14/2025,False
20032070,Hon. Valerie Hoyle,Member,OR04,20032070.pdf,2025,27,SP,Arthur J. Gallagher & Co. Common Stock,Arthur J. Gallagher & Co. Common Stock,AJG,AJG,ST,P,2024-10-29,2025-09-11,1001.0,15000.0,,"$1,001 - $15,000",valid_range,New,Fidelity Rollover IRA,,,,4,4,table,False,False,,False,0,False,False,100,True,20,False,https://disclosures-clerk.house.gov/public_disc/ptr-pdfs/2025/20032070.pdf,,,SP,Arthur J. Gallagher & Co. Common Stock (AJG) [ST] Filing Status: New Subholding Of: Fidelity Rollover IRA,Arthur J. Gallagher & Co. Common Stock (AJG) [ST],P,10/29/2024,09/11/2025,"$1,001 - $15,000",,"SP Arthur J. Gallagher & Co. Common Stock (AJG) [ST] P 10/29/2024 09/11/2025 $1,001 - $15,000 Filing Status: New Subholding Of: Fidelity Rollover IRA",,,False,100,AJG,accepted,house_ptr_structure+v8_1,False,False,False,10/29/2024,False
20032070,Hon. Valerie Hoyle,Member,OR04,20032070.pdf,2025,28,SP,ASML Holding N.V. - New York Registry Shares,ASML Holding N.V. - New York Registry Shares,ASML,ASML,ST,P,2024-12-27,2025-09-11,1001.0,15000.0,,"$1,001 - $15,000",valid_range,New,Fidelity Rollover IRA,,,,4,4,table,False,False,,False,0,False,True,100,True,20,False,https://disclosures-clerk.house.gov/public_disc/ptr-pdfs/2025/20032070.pdf,,,SP,ASML Holding N.V. - New York Registry Shares (ASML) [ST],ASML Holding N.V. - New York Registry Shares (ASML) [ST],P,12/27/2024,09/11/2025,"$1,001 - $15,000",Filing Status: New Subholding Of: Fidelity Rollover IRA,"SP ASML Holding N.V. - New York Registry Shares (ASML) [ST] P 12/27/2024 09/11/2025 $1,001 - $15,000 Filing Status: New Subholding Of: Fidelity Rollover IRA",,,False,100,ASML,accepted,house_ptr_structure+v8_1,False,False,False,12/27/2024,False
20032070,Hon. Valerie Hoyle,Member,OR04,20032070.pdf,2025,29,SP,ASML Holding N.V. - New York Registry Shares,ASML Holding N.V. - New York Registry Shares,ASML,ASML,ST,S,2025-01-24,2025-09-11,1001.0,15000.0,,"$1,001 - $15,000",valid_range,New,Fidelity Rollover IRA,,,,4,4,table,False,False,,False,0,False,False,100,True,20,False,https://disclosures-clerk.house.gov/public_disc/ptr-pdfs/2025/20032070.pdf,,,SP,ASML Holding N.V. - New York Registry Shares (ASML) [ST] Filing Status: New Subholding Of: Fidelity Rollover IRA,ASML Holding N.V. - New York Registry Shares (ASML) [ST],S,01/24/2025,09/11/2025,"$1,001 - $15,000",,"SP ASML Holding N.V. - New York Registry Shares (ASML) [ST] S 01/24/2025 09/11/2025 $1,001 - $15,000 Filing Status: New Subholding Of: Fidelity Rollover IRA",,,False,100,ASML,accepted,house_ptr_structure+v8_1,False,False,False,01/24/2025,False
20032070,Hon. Valerie Hoyle,Member,OR04,20032070.pdf,2025,30,SP,AstraZeneca PLC - American Depositary Shares,AstraZeneca PLC - American Depositary Shares,AZN,AZN,ST,P,2024-10-29,2025-09-11,1001.0,15000.0,,"$1,001 - $15,000",valid_range,New,Fidelity Rollover IRA,,,,4,4,table,False,False,,False,0,False,True,100,True,20,False,https://disclosures-clerk.house.gov/public_disc/ptr-pdfs/2025/20032070.pdf,,,SP,AstraZeneca PLC - American Depositary Shares (AZN) [ST],AstraZeneca PLC - American Depositary Shares (AZN) [ST],P,10/29/2024,09/11/2025,"$1,001 - $15,000",Filing Status: New Subholding Of: Fidelity Rollover IRA,"SP AstraZeneca PLC - American Depositary Shares (AZN) [ST] P 10/29/2024 09/11/2025 $1,001 - $15,000 Filing Status: New Subholding Of: Fidelity Rollover IRA",,,False,100,AZN,accepted,house_ptr_structure+v8_1,False,False,False,10/29/2024,False
20032070,Hon. Valerie Hoyle,Member,OR04,20032070.pdf,2025,31,SP,"AutoZone, Inc. Common Stock","AutoZone, Inc. Common Stock",AZO,AZO,ST,P,2024-10-29,2025-09-11,1001.0,15000.0,,"$1,001 - $15,000",valid_range,New,Fidelity Rollover IRA,,,,4,4,table,False,False,,False,0,False,False,100,True,20,False,https://disclosures-clerk.house.gov/public_disc/ptr-pdfs/2025/20032070.pdf,,,SP,"AutoZone, Inc. Common Stock (AZO) [ST] Filing Status: New Subholding Of: Fidelity Rollover IRA","AutoZone, Inc. Common Stock (AZO) [ST]",P,10/29/2024,09/11/2025,"$1,001 - $15,000",,"SP AutoZone, Inc. Common Stock (AZO) [ST] P 10/29/2024 09/11/2025 $1,001 - $15,000 Filing Status: New Subholding Of: Fidelity Rollover IRA",,,False,100,AZO,accepted,house_ptr_structure+v8_1,False,False,False,10/29/2024,False
20032070,Hon. Valerie Hoyle,Member,OR04,20032070.pdf,2025,32,SP,Bank of America Corporation Common Stock,Bank of America Corporation Common Stock,BAC,BAC,ST,P,2024-10-29,2025-09-11,1001.0,15000.0,,"$1,001 - $15,000",valid_range,New,Fidelity Rollover IRA,,,,4,4,table,False,False,,False,0,False,True,100,True,20,False,https://disclosures-clerk.house.gov/public_disc/ptr-pdfs/2025/20032070.pdf,,,SP,Bank of America Corporation Common Stock (BAC) [ST],Bank of America Corporation Common Stock (BAC) [ST],P,10/29/2024,09/11/2025,"$1,001 - $15,000",Filing Status: New Subholding Of: Fidelity Rollover IRA,"SP Bank of America Corporation Common Stock (BAC) [ST] P 10/29/2024 09/11/2025 $1,001 - $15,000 Filing Status: New Subholding Of: Fidelity Rollover IRA",,,False,100,BAC,accepted,house_ptr_structure+v8_1,False,False,False,10/29/2024,False
20032070,Hon. Valerie Hoyle,Member,OR04,20032070.pdf,2025,33,SP,Bank of America Corporation Common Stock,Bank of America Corporation Common Stock,BAC,BAC,ST,P,2025-06-06,2025-09-11,1001.0,15000.0,,"$1,001 - $15,000",valid_range,New,Fidelity Rollover IRA,,,,4,4,table,False,False,,False,0,False,False,100,True,20,False,https://disclosures-clerk.house.gov/public_disc/ptr-pdfs/2025/20032070.pdf,,,SP,Bank of America Corporation Common Stock (BAC) [ST] Filing Status: New Subholding Of: Fidelity Rollover IRA,Bank of America Corporation Common Stock (BAC) [ST],P,06/06/2025,09/11/2025,"$1,001 - $15,000",,"SP Bank of America Corporation Common Stock (BAC) [ST] P 06/06/2025 09/11/2025 $1,001 - $15,000 Filing Status: New Subholding Of: Fidelity Rollover IRA",,,False,100,BAC,accepted,house_ptr_structure+v8_1,False,False,False,06/06/2025,False
20032070,Hon. Valerie Hoyle,Member,OR04,20032070.pdf,2025,34,SP,Berkshire Hathaway Inc. New Common Stock,Berkshire Hathaway Inc. New Common Stock,BRK.B,BRK.B,ST,S (partial),2025-05-21,2025-09-11,1001.0,15000.0,,"$1,001 - $15,000",valid_range,New,Fidelity Rollover IRA,,,,5,5,table,False,False,,False,0,False,True,100,True,20,False,https://disclosures-clerk.house.gov/public_disc/ptr-pdfs/2025/20032070.pdf,,,SP,Berkshire Hathaway Inc. New Common Stock (BRK.B) [ST],Berkshire Hathaway Inc. New Common Stock (BRK.B) [ST],S (partial),05/21/2025,09/11/2025,"$1,001 - $15,000",Filing Status: New Subholding Of: Fidelity Rollover IRA,"SP Berkshire Hathaway Inc. New Common Stock (BRK.B) [ST] S (partial) 05/21/2025 09/11/2025 $1,001 - $15,000 Filing Status: New Subholding Of: Fidelity Rollover IRA",,,False,100,BRK.B,accepted,house_ptr_structure+v8_1,False,False,False,05/21/2025,False
20032070,Hon. Valerie Hoyle,Member,OR04,20032070.pdf,2025,35,SP,Berkshire Hathaway Inc. New Common Stock,Berkshire Hathaway Inc. New Common Stock,BRK.B,BRK.B,ST,S (partial),2025-07-02,2025-09-11,1001.0,15000.0,,"$1,001 - $15,000",valid_range,New,Fidelity Rollover IRA,,,,5,5,table,False,False,,False,0,False,False,100,True,20,False,https://disclosures-clerk.house.gov/public_disc/ptr-pdfs/2025/20032070.pdf,,,SP,Berkshire Hathaway Inc. New Common Stock (BRK.B) [ST] Filing Status: New Subholding Of: Fidelity Rollover IRA,Berkshire Hathaway Inc. New Common Stock (BRK.B) [ST],S (partial),07/02/2025,09/11/2025,"$1,001 - $15,000",,"SP Berkshire Hathaway Inc. New Common Stock (BRK.B) [ST] S (partial) 07/02/2025 09/11/2025 $1,001 - $15,000 Filing Status: New Subholding Of: Fidelity Rollover IRA",,,False,100,BRK.B,accepted,house_ptr_structure+v8_1,False,False,False,07/02/2025,False
20032070,Hon. Valerie Hoyle,Member,OR04,20032070.pdf,2025,36,SP,Berkshire Hathaway Inc. New Common Stock,Berkshire Hathaway Inc. New Common Stock,BRK.B,BRK.B,ST,P,2024-10-29,2025-09-11,1001.0,15000.0,,"$1,001 - $15,000",valid_range,New,Fidelity Rollover IRA,,,,5,5,table,False,False,,False,0,False,True,100,True,20,False,https://disclosures-clerk.house.gov/public_disc/ptr-pdfs/2025/20032070.pdf,,,SP,Berkshire Hathaway Inc. New Common Stock (BRK.B) [ST],Berkshire Hathaway Inc. New Common Stock (BRK.B) [ST],P,10/29/2024,09/11/2025,"$1,001 - $15,000",Filing Status: New Subholding Of: Fidelity Rollover IRA,"SP Berkshire Hathaway Inc. New Common Stock (BRK.B) [ST] P 10/29/2024 09/11/2025 $1,001 - $15,000 Filing Status: New Subholding Of: Fidelity Rollover IRA",,,False,100,BRK.B,accepted,house_ptr_structure+v8_1,False,False,False,10/29/2024,False
20032070,Hon. Valerie Hoyle,Member,OR04,20032070.pdf,2025,37,SP,BioNTech SE - American Depositary Shares,BioNTech SE - American Depositary Shares,BNTX,BNTX,ST,S,2025-08-07,2025-09-11,1001.0,15000.0,,"$1,001 - $15,000",valid_range,New,Fidelity Rollover IRA,,,,5,5,table,False,False,,False,0,False,False,100,True,20,False,https://disclosures-clerk.house.gov/public_disc/ptr-pdfs/2025/20032070.pdf,,,SP,BioNTech SE - American Depositary Shares (BNTX) [ST] Filing Status: New Subholding Of: Fidelity Rollover IRA,BioNTech SE - American Depositary Shares (BNTX) [ST],S,08/07/2025,09/11/2025,"$1,001 - $15,000",,"SP BioNTech SE - American Depositary Shares (BNTX) [ST] S 08/07/2025 09/11/2025 $1,001 - $15,000 Filing Status: New Subholding Of: Fidelity Rollover IRA",,,False,100,BNTX,accepted,house_ptr_structure+v8_1,False,False,False,08/07/2025,False
20032070,Hon. Valerie Hoyle,Member,OR04,20032070.pdf,2025,38,SP,"BlackRock, Inc. Common Stock","BlackRock, Inc. Common Stock",BLK,BLK,ST,P,2024-10-29,2025-09-11,1001.0,15000.0,,"$1,001 - $15,000",valid_range,New,Fidelity Rollover IRA,,,,5,5,table,False,False,,False,0,False,True,100,True,20,False,https://disclosures-clerk.house.gov/public_disc/ptr-pdfs/2025/20032070.pdf,,,SP,"BlackRock, Inc. Common Stock (BLK) [ST]","BlackRock, Inc. Common Stock (BLK) [ST]",P,10/29/2024,09/11/2025,"$1,001 - $15,000",Filing Status: New Subholding Of: Fidelity Rollover IRA,"SP BlackRock, Inc. Common Stock (BLK) [ST] P 10/29/2024 09/11/2025 $1,001 - $15,000 Filing Status: New Subholding Of: Fidelity Rollover IRA",,,False,100,BLK,accepted,house_ptr_structure+v8_1,False,False,False,10/29/2024,False
20032070,Hon. Valerie Hoyle,Member,OR04,20032070.pdf,2025,39,SP,Blackstone Inc. Common Stock,Blackstone Inc. Common Stock,BX,BX,ST,P,2025-04-15,2025-09-11,1001.0,15000.0,,"$1,001 - $15,000",valid_range,New,Fidelity Rollover IRA,,,,5,5,table,False,False,,False,0,False,False,100,True,20,False,https://disclosures-clerk.house.gov/public_disc/ptr-pdfs/2025/20032070.pdf,,,SP,Blackstone Inc. Common Stock (BX) [ST] Filing Status: New Subholding Of: Fidelity Rollover IRA,Blackstone Inc. Common Stock (BX) [ST],P,04/15/2025,09/11/2025,"$1,001 - $15,000",,"SP Blackstone Inc. Common Stock (BX) [ST] P 04/15/2025 09/11/2025 $1,001 - $15,000 Filing Status: New Subholding Of: Fidelity Rollover IRA",,,False,100,BX,accepted,house_ptr_structure+v8_1,False,False,False,04/15/2025,False
20032070,Hon. Valerie Hoyle,Member,OR04,20032070.pdf,2025,40,SP,Blackstone Inc. Common Stock,Blackstone Inc. Common Stock,BX,BX,ST,S,2025-06-06,2025-09-11,1001.0,15000.0,,"$1,001 - $15,000",valid_range,New,Fidelity Rollover IRA,,,,5,5,table,False,False,,False,0,False,True,100,True,20,False,https://disclosures-clerk.house.gov/public_disc/ptr-pdfs/2025/20032070.pdf,,,SP,Blackstone Inc. Common Stock (BX) [ST],Blackstone Inc. Common Stock (BX) [ST],S,06/06/2025,09/11/2025,"$1,001 - $15,000",Filing Status: New Subholding Of: Fidelity Rollover IRA,"SP Blackstone Inc. Common Stock (BX) [ST] S 06/06/2025 09/11/2025 $1,001 - $15,000 Filing Status: New Subholding Of: Fidelity Rollover IRA",,,False,100,BX,accepted,house_ptr_structure+v8_1,False,False,False,06/06/2025,False
20032070,Hon. Valerie Hoyle,Member,OR04,20032070.pdf,2025,41,SP,Boeing Company,Boeing Company,BA,BA,ST,P,2024-10-29,2025-09-11,1001.0,15000.0,,"$1,001 - $15,000",valid_range,New,Fidelity Rollover IRA,,,,5,5,table,False,False,,False,0,False,False,100,True,20,False,https://disclosures-clerk.house.gov/public_disc/ptr-pdfs/2025/20032070.pdf,,,SP,Boeing Company (BA) [ST] Filing Status: New Subholding Of: Fidelity Rollover IRA,Boeing Company (BA) [ST],P,10/29/2024,09/11/2025,"$1,001 - $15,000",,"SP Boeing Company (BA) [ST] P 10/29/2024 09/11/2025 $1,001 - $15,000 Filing Status: New Subholding Of: Fidelity Rollover IRA",,,False,100,BA,accepted,house_ptr_structure+v8_1,False,False,False,10/29/2024,False
20032070,Hon. Valerie Hoyle,Member,OR04,20032070.pdf,2025,42,SP,Booking Holdings Inc. - Common Stock,Booking Holdings Inc. - Common Stock,BKNG,BKNG,ST,P,2024-10-29,2025-09-11,1001.0,15000.0,,"$1,001 - $15,000",valid_range,New,Fidelity Rollover IRA,,,,5,5,table,False,False,,False,0,False,True,100,True,20,False,https://disclosures-clerk.house.gov/public_disc/ptr-pdfs/2025/20032070.pdf,,,SP,Booking Holdings Inc. - Common Stock (BKNG) [ST],Booking Holdings Inc. - Common Stock (BKNG) [ST],P,10/29/2024,09/11/2025,"$1,001 - $15,000",Filing Status: New Subholding Of: Fidelity Rollover IRA,"SP Booking Holdings Inc. - Common Stock (BKNG) [ST] P 10/29/2024 09/11/2025 $1,001 - $15,000 Filing Status: New Subholding Of: Fidelity Rollover IRA",,,False,100,BKNG,accepted,house_ptr_structure+v8_1,False,False,False,10/29/2024,False
20032070,Hon. Valerie Hoyle,Member,OR04,20032070.pdf,2025,43,SP,Boston Scientific Corporation Common Stock,Boston Scientific Corporation Common Stock,BSX,BSX,ST,P,2024-10-29,2025-09-11,1001.0,15000.0,,"$1,001 - $15,000",valid_range,New,Fidelity Rollover IRA,,,,6,6,table,False,False,,False,0,False,False,100,True,20,False,https://disclosures-clerk.house.gov/public_disc/ptr-pdfs/2025/20032070.pdf,,,SP,Boston Scientific Corporation Common Stock (BSX) [ST] Filing Status: New Subholding Of: Fidelity Rollover IRA,Boston Scientific Corporation Common Stock (BSX) [ST],P,10/29/2024,09/11/2025,"$1,001 - $15,000",,"SP Boston Scientific Corporation Common Stock (BSX) [ST] P 10/29/2024 09/11/2025 $1,001 - $15,000 Filing Status: New Subholding Of: Fidelity Rollover IRA",,,False,100,BSX,accepted,house_ptr_structure+v8_1,False,False,False,10/29/2024,False
20032070,Hon. Valerie Hoyle,Member,OR04,20032070.pdf,2025,44,SP,Bristol-Myers Squibb Company Common Stock,Bristol-Myers Squibb Company Common Stock,BMY,BMY,ST,P,2024-10-29,2025-09-11,1001.0,15000.0,,"$1,001 - $15,000",valid_range,New,Fidelity Rollover IRA,,,,6,6,table,False,False,,False,0,False,True,100,True,20,False,https://disclosures-clerk.house.gov/public_disc/ptr-pdfs/2025/20032070.pdf,,,SP,Bristol-Myers Squibb Company Common Stock (BMY) [ST],Bristol-Myers Squibb Company Common Stock (BMY) [ST],P,10/29/2024,09/11/2025,"$1,001 - $15,000",Filing Status: New Subholding Of: Fidelity Rollover IRA,"SP Bristol-Myers Squibb Company Common Stock (BMY) [ST] P 10/29/2024 09/11/2025 $1,001 - $15,000 Filing Status: New Subholding Of: Fidelity Rollover IRA",,,False,100,BMY,accepted,house_ptr_structure+v8_1,False,False,False,10/29/2024,False
20032070,Hon. Valerie Hoyle,Member,OR04,20032070.pdf,2025,45,SP,Broadcom Inc. - Common Stock,Broadcom Inc. - Common Stock,AVGO,AVGO,ST,P,2024-10-29,2025-09-11,1001.0,15000.0,,"$1,001 - $15,000",valid_range,New,Fidelity Rollover IRA,,,,6,6,table,False,False,,False,0,False,False,100,True,20,False,https://disclosures-clerk.house.gov/public_disc/ptr-pdfs/2025/20032070.pdf,,,SP,Broadcom Inc. - Common Stock (AVGO) [ST] Filing Status: New Subholding Of: Fidelity Rollover IRA,Broadcom Inc. - Common Stock (AVGO) [ST],P,10/29/2024,09/11/2025,"$1,001 - $15,000",,"SP Broadcom Inc. - Common Stock (AVGO) [ST] P 10/29/2024 09/11/2025 $1,001 - $15,000 Filing Status: New Subholding Of: Fidelity Rollover IRA",,,False,100,AVGO,accepted,house_ptr_structure+v8_1,False,False,False,10/29/2024,False
20032070,Hon. Valerie Hoyle,Member,OR04,20032070.pdf,2025,46,SP,Broadcom Inc. - Common Stock,Broadcom Inc. - Common Stock,AVGO,AVGO,ST,P,2025-06-06,2025-09-11,1001.0,15000.0,,"$1,001 - $15,000",valid_range,New,Fidelity Rollover IRA,,,,6,6,table,False,False,,False,0,False,True,100,True,20,False,https://disclosures-clerk.house.gov/public_disc/ptr-pdfs/2025/20032070.pdf,,,SP,Broadcom Inc. - Common Stock (AVGO) [ST],Broadcom Inc. - Common Stock (AVGO) [ST],P,06/06/2025,09/11/2025,"$1,001 - $15,000",Filing Status: New Subholding Of: Fidelity Rollover IRA,"SP Broadcom Inc. - Common Stock (AVGO) [ST] P 06/06/2025 09/11/2025 $1,001 - $15,000 Filing Status: New Subholding Of: Fidelity Rollover IRA",,,False,100,AVGO,accepted,house_ptr_structure+v8_1,False,False,False,06/06/2025,False
20032070,Hon. Valerie Hoyle,Member,OR04,20032070.pdf,2025,47,SP,"Brown & Brown, Inc. Common Stock","Brown & Brown, Inc. Common Stock",BRO,BRO,ST,P,2025-06-26,2025-09-11,1001.0,15000.0,,"$1,001 - $15,000",valid_range,New,Fidelity Rollover IRA,,,,6,6,table,False,False,,False,0,False,False,100,True,20,False,https://disclosures-clerk.house.gov/public_disc/ptr-pdfs/2025/20032070.pdf,,,SP,"Brown & Brown, Inc. Common Stock (BRO) [ST] Filing Status: New Subholding Of: Fidelity Rollover IRA","Brown & Brown, Inc. Common Stock (BRO) [ST]",P,06/26/2025,09/11/2025,"$1,001 - $15,000",,"SP Brown & Brown, Inc. Common Stock (BRO) [ST] P 06/26/2025 09/11/2025 $1,001 - $15,000 Filing Status: New Subholding Of: Fidelity Rollover IRA",,,False,100,BRO,accepted,house_ptr_structure+v8_1,False,False,False,06/26/2025,False
20032070,Hon. Valerie Hoyle,Member,OR04,20032070.pdf,2025,48,SP,Brown Forman Inc Class B Common Stock,Brown Forman Inc Class B Common Stock,BF.B,BF.B,ST,P,2025-07-14,2025-09-11,1001.0,15000.0,,"$1,001 - $15,000",valid_range,New,Fidelity Rollover IRA,,,,6,6,table,False,False,,False,0,False,True,100,True,20,False,https://disclosures-clerk.house.gov/public_disc/ptr-pdfs/2025/20032070.pdf,,,SP,Brown Forman Inc Class B Common Stock (BF.B) [ST],Brown Forman Inc Class B Common Stock (BF.B) [ST],P,07/14/2025,09/11/2025,"$1,001 - $15,000",Filing Status: New Subholding Of: Fidelity Rollover IRA,"SP Brown Forman Inc Class B Common Stock (BF.B) [ST] P 07/14/2025 09/11/2025 $1,001 - $15,000 Filing Status: New Subholding Of: Fidelity Rollover IRA",,,False,100,BF.B,accepted,house_ptr_structure+v8_1,False,False,False,07/14/2025,False
20032070,Hon. Valerie Hoyle,Member,OR04,20032070.pdf,2025,49,SP,"Cadence Design Systems, Inc. - Common Stock","Cadence Design Systems, Inc. - Common Stock",CDNS,CDNS,ST,P,2024-10-29,2025-09-11,1001.0,15000.0,,"$1,001 - $15,000",valid_range,New,Fidelity Rollover IRA,,,,6,6,table,False,False,,False,0,False,False,100,True,20,False,https://disclosures-clerk.house.gov/public_disc/ptr-pdfs/2025/20032070.pdf,,,SP,"Cadence Design Systems, Inc. - Common Stock (CDNS) [ST] Filing Status: New Subholding Of: Fidelity Rollover IRA","Cadence Design Systems, Inc. - Common Stock (CDNS) [ST]",P,10/29/2024,09/11/2025,"$1,001 - $15,000",,"SP Cadence Design Systems, Inc. - Common Stock (CDNS) [ST] P 10/29/2024 09/11/2025 $1,001 - $15,000 Filing Status: New Subholding Of: Fidelity Rollover IRA",,,False,100,CDNS,accepted,house_ptr_structure+v8_1,False,False,False,10/29/2024,False
20032070,Hon. Valerie Hoyle,Member,OR04,20032070.pdf,2025,50,SP,Canadian Natural Resources Limited Common Stock,Canadian Natural Resources Limited Common Stock,CNQ,CNQ,ST,P,2024-10-29,2025-09-11,1001.0,15000.0,,"$1,001 - $15,000",valid_range,New,Fidelity Rollover IRA,,,,6,6,table,False,False,,False,0,False,True,100,True,20,False,https://disclosures-clerk.house.gov/public_disc/ptr-pdfs/2025/20032070.pdf,,,SP,Canadian Natural Resources Limited Common Stock (CNQ) [ST],Canadian Natural Resources Limited Common Stock (CNQ) [ST],P,10/29/2024,09/11/2025,"$1,001 - $15,000",Filing Status: New Subholding Of: Fidelity Rollover IRA,"SP Canadian Natural Resources Limited Common Stock (CNQ) [ST] P 10/29/2024 09/11/2025 $1,001 - $15,000 Filing Status: New Subholding Of: Fidelity Rollover IRA",,,False,100,CNQ,accepted,house_ptr_structure+v8_1,False,False,False,10/29/2024,False
20032070,Hon. Valerie Hoyle,Member,OR04,20032070.pdf,2025,51,SP,Cap Gemini SA American Depositary Shares,Cap Gemini SA American Depositary Shares,CGEMY,CGEMY,ST,P,2024-10-29,2025-09-11,1001.0,15000.0,,"$1,001 - $15,000",valid_range,New,Fidelity Rollover IRA,,,,6,6,table,False,False,,False,0,False,False,100,True,20,False,https://disclosures-clerk.house.gov/public_disc/ptr-pdfs/2025/20032070.pdf,,,SP,Cap Gemini SA American Depositary Shares (CGEMY) [ST] Filing Status: New Subholding Of: Fidelity Rollover IRA,Cap Gemini SA American Depositary Shares (CGEMY) [ST],P,10/29/2024,09/11/2025,"$1,001 - $15,000",,"SP Cap Gemini SA American Depositary Shares (CGEMY) [ST] P 10/29/2024 09/11/2025 $1,001 - $15,000 Filing Status: New Subholding Of: Fidelity Rollover IRA",,,False,100,CGEMY,accepted,house_ptr_structure+v8_1,False,False,False,10/29/2024,False
20032070,Hon. Valerie Hoyle,Member,OR04,20032070.pdf,2025,52,SP,Capital One Financial Corporation Common Stock,Capital One Financial Corporation Common Stock,COF,COF,ST,P,2025-06-06,2025-09-11,1001.0,15000.0,,"$1,001 - $15,000",valid_range,New,Fidelity Rollover IRA,,,,7,7,table,False,False,,False,0,False,True,100,True,20,False,https://disclosures-clerk.house.gov/public_disc/ptr-pdfs/2025/20032070.pdf,,,SP,Capital One Financial Corporation Common Stock (COF) [ST],Capital One Financial Corporation Common Stock (COF) [ST],P,06/06/2025,09/11/2025,"$1,001 - $15,000",Filing Status: New Subholding Of: Fidelity Rollover IRA,"SP Capital One Financial Corporation Common Stock (COF) [ST] P 06/06/2025 09/11/2025 $1,001 - $15,000 Filing Status: New Subholding Of: Fidelity Rollover IRA",,,False,100,COF,accepted,house_ptr_structure+v8_1,False,False,False,06/06/2025,False
20032070,Hon. Valerie Hoyle,Member,OR04,20032070.pdf,2025,53,SP,Centene Corporation Common Stock,Centene Corporation Common Stock,CNC,CNC,ST,P,2024-10-29,2025-09-11,1001.0,15000.0,,"$1,001 - $15,000",valid_range,New,Fidelity Rollover IRA,,,,7,7,table,False,False,,False,0,False,False,100,True,20,False,https://disclosures-clerk.house.gov/public_disc/ptr-pdfs/2025/20032070.pdf,,,SP,Centene Corporation Common Stock (CNC) [ST] Filing Status: New Subholding Of: Fidelity Rollover IRA,Centene Corporation Common Stock (CNC) [ST],P,10/29/2024,09/11/2025,"$1,001 - $15,000",,"SP Centene Corporation Common Stock (CNC) [ST] P 10/29/2024 09/11/2025 $1,001 - $15,000 Filing Status: New Subholding Of: Fidelity Rollover IRA",,,False,100,CNC,accepted,house_ptr_structure+v8_1,False,False,False,10/29/2024,False
20032070,Hon. Valerie Hoyle,Member,OR04,20032070.pdf,2025,54,SP,"CF Industries Holdings, Inc. Common Stock","CF Industries Holdings, Inc. Common Stock",CF,CF,ST,P,2024-10-29,2025-09-11,1001.0,15000.0,,"$1,001 - $15,000",valid_range,New,Fidelity Rollover IRA,,,,7,7,table,False,False,,False,0,False,True,100,True,20,False,https://disclosures-clerk.house.gov/public_disc/ptr-pdfs/2025/20032070.pdf,,,SP,"CF Industries Holdings, Inc. Common Stock (CF) [ST]","CF Industries Holdings, Inc. Common Stock (CF) [ST]",P,10/29/2024,09/11/2025,"$1,001 - $15,000",Filing Status: New Subholding Of: Fidelity Rollover IRA,"SP CF Industries Holdings, Inc. Common Stock (CF) [ST] P 10/29/2024 09/11/2025 $1,001 - $15,000 Filing Status: New Subholding Of: Fidelity Rollover IRA",,,False,100,CF,accepted,house_ptr_structure+v8_1,False,False,False,10/29/2024,False
20032070,Hon. Valerie Hoyle,Member,OR04,20032070.pdf,2025,55,SP,Cintas Corporation - Common Stock,Cintas Corporation - Common Stock,CTAS,CTAS,ST,P,2024-10-29,2025-09-11,1001.0,15000.0,,"$1,001 - $15,000",valid_range,New,Fidelity Rollover IRA,,,,7,7,table,False,False,,False,0,False,False,100,True,20,False,https://disclosures-clerk.house.gov/public_disc/ptr-pdfs/2025/20032070.pdf,,,SP,Cintas Corporation - Common Stock (CTAS) [ST] Filing Status: New Subholding Of: Fidelity Rollover IRA,Cintas Corporation - Common Stock (CTAS) [ST],P,10/29/2024,09/11/2025,"$1,001 - $15,000",,"SP Cintas Corporation - Common Stock (CTAS) [ST] P 10/29/2024 09/11/2025 $1,001 - $15,000 Filing Status: New Subholding Of: Fidelity Rollover IRA",,,False,100,CTAS,accepted,house_ptr_structure+v8_1,False,False,False,10/29/2024,False
20032070,Hon. Valerie Hoyle,Member,OR04,20032070.pdf,2025,56,SP,"Cisco Systems, Inc. - Common Stock","Cisco Systems, Inc. - Common Stock",CSCO,CSCO,ST,P,2024-10-29,2025-09-11,1001.0,15000.0,,"$1,001 - $15,000",valid_range,New,Fidelity Rollover IRA,,,,7,7,table,False,False,,False,0,False,True,100,True,20,False,https://disclosures-clerk.house.gov/public_disc/ptr-pdfs/2025/20032070.pdf,,,SP,"Cisco Systems, Inc. - Common Stock (CSCO) [ST]","Cisco Systems, Inc. - Common Stock (CSCO) [ST]",P,10/29/2024,09/11/2025,"$1,001 - $15,000",Filing Status: New Subholding Of: Fidelity Rollover IRA,"SP Cisco Systems, Inc. - Common Stock (CSCO) [ST] P 10/29/2024 09/11/2025 $1,001 - $15,000 Filing Status: New Subholding Of: Fidelity Rollover IRA",,,False,100,CSCO,accepted,house_ptr_structure+v8_1,False,False,False,10/29/2024,False
20032070,Hon. Valerie Hoyle,Member,OR04,20032070.pdf,2025,57,SP,CME Group Inc. - Class A Common Stock,CME Group Inc. - Class A Common Stock,CME,CME,ST,P,2025-05-21,2025-09-11,1001.0,15000.0,,"$1,001 - $15,000",valid_range,New,Fidelity Rollover IRA,,,,7,7,table,False,False,,False,0,False,False,100,True,20,False,https://disclosures-clerk.house.gov/public_disc/ptr-pdfs/2025/20032070.pdf,,,SP,CME Group Inc. - Class A Common Stock (CME) [ST] Filing Status: New Subholding Of: Fidelity Rollover IRA,CME Group Inc. - Class A Common Stock (CME) [ST],P,05/21/2025,09/11/2025,"$1,001 - $15,000",,"SP CME Group Inc. - Class A Common Stock (CME) [ST] P 05/21/2025 09/11/2025 $1,001 - $15,000 Filing Status: New Subholding Of: Fidelity Rollover IRA",,,False,100,CME,accepted,house_ptr_structure+v8_1,False,False,False,05/21/2025,False
20032070,Hon. Valerie Hoyle,Member,OR04,20032070.pdf,2025,58,SP,Coca-Cola Company,Coca-Cola Company,KO,KO,ST,P,2024-10-29,2025-09-11,1001.0,15000.0,,"$1,001 - $15,000",valid_range,New,Fidelity Rollover IRA,,,,7,7,table,False,False,,False,0,False,True,100,True,20,False,https://disclosures-clerk.house.gov/public_disc/ptr-pdfs/2025/20032070.pdf,,,SP,Coca-Cola Company (KO) [ST],Coca-Cola Company (KO) [ST],P,10/29/2024,09/11/2025,"$1,001 - $15,000",Filing Status: New Subholding Of: Fidelity Rollover IRA,"SP Coca-Cola Company (KO) [ST] P 10/29/2024 09/11/2025 $1,001 - $15,000 Filing Status: New Subholding Of: Fidelity Rollover IRA",,,False,100,KO,accepted,house_ptr_structure+v8_1,False,False,False,10/29/2024,False
20032070,Hon. Valerie Hoyle,Member,OR04,20032070.pdf,2025,59,SP,Coca-Cola Europacific Partners plc - Ordinary Shares,Coca-Cola Europacific Partners plc - Ordinary Shares,CCEP,CCEP,ST,P,2024-10-29,2025-09-11,1001.0,15000.0,,"$1,001 - $15,000",valid_range,New,Fidelity Rollover IRA,,,,7,7,table,False,False,,False,0,False,False,100,True,20,False,https://disclosures-clerk.house.gov/public_disc/ptr-pdfs/2025/20032070.pdf,,,SP,Coca-Cola Europacific Partners plc - Ordinary Shares (CCEP) [ST] Filing Status: New Subholding Of: Fidelity Rollover IRA,Coca-Cola Europacific Partners plc - Ordinary Shares (CCEP) [ST],P,10/29/2024,09/11/2025,"$1,001 - $15,000",,"SP Coca-Cola Europacific Partners plc - Ordinary Shares (CCEP) [ST] P 10/29/2024 09/11/2025 $1,001 - $15,000 Filing Status: New Subholding Of: Fidelity Rollover IRA",,,False,100,CCEP,accepted,house_ptr_structure+v8_1,False,False,False,10/29/2024,False
20032070,Hon. Valerie Hoyle,Member,OR04,20032070.pdf,2025,60,SP,Coca-Cola Europacific Partners plc - Ordinary Shares,Coca-Cola Europacific Partners plc - Ordinary Shares,CCEP,CCEP,ST,S,2025-06-26,2025-09-11,1001.0,15000.0,,"$1,001 - $15,000",valid_range,New,Fidelity Rollover IRA,,,,7,7,table,False,False,,False,0,False,True,100,True,20,False,https://disclosures-clerk.house.gov/public_disc/ptr-pdfs/2025/20032070.pdf,,,SP,Coca-Cola Europacific Partners plc - Ordinary Shares (CCEP) [ST],Coca-Cola Europacific Partners plc - Ordinary Shares (CCEP) [ST],S,06/26/2025,09/11/2025,"$1,001 - $15,000",Filing Status: New Subholding Of: Fidelity Rollover IRA,"SP Coca-Cola Europacific Partners plc - Ordinary Shares (CCEP) [ST] S 06/26/2025 09/11/2025 $1,001 - $15,000 Filing Status: New Subholding Of: Fidelity Rollover IRA",,,False,100,CCEP,accepted,house_ptr_structure+v8_1,False,False,False,06/26/2025,False
20032070,Hon. Valerie Hoyle,Member,OR04,20032070.pdf,2025,61,SP,Comcast Corporation - Class A,Comcast Corporation - Class A,CMCSA,CMCSA,ST,P,2024-10-29,2025-09-11,1001.0,15000.0,,"$1,001 - $15,000",valid_range,New,Fidelity Rollover IRA,,,,7,8,table,False,False,,True,0,False,False,98,True,20,False,https://disclosures-clerk.house.gov/public_disc/ptr-pdfs/2025/20032070.pdf,,,SP,Comcast Corporation - Class A,Comcast Corporation - Class A Common Stock (CMCSA) [ST],P,10/29/2024,09/11/2025,"$1,001 - $15,000",Common Stock (CMCSA) [ST] Filing Status: New Subholding Of: Fidelity Rollover IRA,"SP Comcast Corporation - Class A P 10/29/2024 09/11/2025 $1,001 - $15,000 Common Stock (CMCSA) [ST] Filing Status: New Subholding Of: Fidelity Rollover IRA",,,False,98,CMCSA,accepted,house_ptr_structure+v8_1,False,False,False,10/29/2024,False
20032070,Hon. Valerie Hoyle,Member,OR04,20032070.pdf,2025,62,SP,ConocoPhillips Common Stock,ConocoPhillips Common Stock,COP,COP,ST,P,2025-04-29,2025-09-11,1001.0,15000.0,,"$1,001 - $15,000",valid_range,New,Fidelity Rollover IRA,,,,8,8,table,False,False,,False,0,False,True,100,True,20,False,https://disclosures-clerk.house.gov/public_disc/ptr-pdfs/2025/20032070.pdf,,,SP,ConocoPhillips Common Stock (COP) [ST],ConocoPhillips Common Stock (COP) [ST],P,04/29/2025,09/11/2025,"$1,001 - $15,000",Filing Status: New Subholding Of: Fidelity Rollover IRA,"SP ConocoPhillips Common Stock (COP) [ST] P 04/29/2025 09/11/2025 $1,001 - $15,000 Filing Status: New Subholding Of: Fidelity Rollover IRA",,,False,100,COP,accepted,house_ptr_structure+v8_1,False,False,False,04/29/2025,False
20032070,Hon. Valerie Hoyle,Member,OR04,20032070.pdf,2025,63,SP,CONSTELLATION SFTWRE INC,CONSTELLATION SFTWRE INC,CNSWF,CNSWF,ST,P,2024-10-29,2025-09-11,1001.0,15000.0,,"$1,001 - $15,000",valid_range,New,Fidelity Rollover IRA,,,,8,8,table,False,False,,False,0,False,False,100,True,20,False,https://disclosures-clerk.house.gov/public_disc/ptr-pdfs/2025/20032070.pdf,,,SP,CONSTELLATION SFTWRE INC (CNSWF) [ST] Filing Status: New Subholding Of: Fidelity Rollover IRA,CONSTELLATION SFTWRE INC (CNSWF) [ST],P,10/29/2024,09/11/2025,"$1,001 - $15,000",,"SP CONSTELLATION SFTWRE INC (CNSWF) [ST] P 10/29/2024 09/11/2025 $1,001 - $15,000 Filing Status: New Subholding Of: Fidelity Rollover IRA",,,False,100,CNSWF,accepted,house_ptr_structure+v8_1,False,False,False,10/29/2024,False
20032070,Hon. Valerie Hoyle,Member,OR04,20032070.pdf,2025,64,SP,"Copart, Inc. - Common Stock","Copart, Inc. - Common Stock",CPRT,CPRT,ST,P,2024-10-29,2025-09-11,1001.0,15000.0,,"$1,001 - $15,000",valid_range,New,Fidelity Rollover IRA,,,,8,8,table,False,False,,False,0,False,True,100,True,20,False,https://disclosures-clerk.house.gov/public_disc/ptr-pdfs/2025/20032070.pdf,,,SP,"Copart, Inc. - Common Stock (CPRT) [ST]","Copart, Inc. - Common Stock (CPRT) [ST]",P,10/29/2024,09/11/2025,"$1,001 - $15,000",Filing Status: New Subholding Of: Fidelity Rollover IRA,"SP Copart, Inc. - Common Stock (CPRT) [ST] P 10/29/2024 09/11/2025 $1,001 - $15,000 Filing Status: New Subholding Of: Fidelity Rollover IRA",,,False,100,CPRT,accepted,house_ptr_structure+v8_1,False,False,False,10/29/2024,False
20032070,Hon. Valerie Hoyle,Member,OR04,20032070.pdf,2025,65,SP,"Copart, Inc. - Common Stock","Copart, Inc. - Common Stock",CPRT,CPRT,ST,S,2025-08-19,2025-09-11,1001.0,15000.0,,"$1,001 - $15,000",valid_range,New,Fidelity Rollover IRA,,,,8,8,table,False,False,,False,0,False,False,100,True,20,False,https://disclosures-clerk.house.gov/public_disc/ptr-pdfs/2025/20032070.pdf,,,SP,"Copart, Inc. - Common Stock (CPRT) [ST] Filing Status: New Subholding Of: Fidelity Rollover IRA","Copart, Inc. - Common Stock (CPRT) [ST]",S,08/19/2025,09/11/2025,"$1,001 - $15,000",,"SP Copart, Inc. - Common Stock (CPRT) [ST] S 08/19/2025 09/11/2025 $1,001 - $15,000 Filing Status: New Subholding Of: Fidelity Rollover IRA",,,False,100,CPRT,accepted,house_ptr_structure+v8_1,False,False,False,08/19/2025,False
20032070,Hon. Valerie Hoyle,Member,OR04,20032070.pdf,2025,66,SP,"CoreWeave, Inc. - Class A Common Stock","CoreWeave, Inc. - Class A Common Stock",CRWV,CRWV,ST,P,2025-06-06,2025-09-11,1001.0,15000.0,,"$1,001 - $15,000",valid_range,New,Fidelity Rollover IRA,,,,8,8,table,False,False,,False,0,False,True,100,True,20,False,https://disclosures-clerk.house.gov/public_disc/ptr-pdfs/2025/20032070.pdf,,,SP,"CoreWeave, Inc. - Class A Common Stock (CRWV) [ST]","CoreWeave, Inc. - Class A Common Stock (CRWV) [ST]",P,06/06/2025,09/11/2025,"$1,001 - $15,000",Filing Status: New Subholding Of: Fidelity Rollover IRA,"SP CoreWeave, Inc. - Class A Common Stock (CRWV) [ST] P 06/06/2025 09/11/2025 $1,001 - $15,000 Filing Status: New Subholding Of: Fidelity Rollover IRA",,,False,100,CRWV,accepted,house_ptr_structure+v8_1,False,False,False,06/06/2025,False
20032070,Hon. Valerie Hoyle,Member,OR04,20032070.pdf,2025,67,SP,Costco Wholesale Corporation - Common Stock,Costco Wholesale Corporation - Common Stock,COST,COST,ST,P,2024-10-29,2025-09-11,1001.0,15000.0,,"$1,001 - $15,000",valid_range,New,Fidelity Rollover IRA,,,,8,8,table,False,False,,False,0,False,False,100,True,20,False,https://disclosures-clerk.house.gov/public_disc/ptr-pdfs/2025/20032070.pdf,,,SP,Costco Wholesale Corporation - Common Stock (COST) [ST] Filing Status: New Subholding Of: Fidelity Rollover IRA,Costco Wholesale Corporation - Common Stock (COST) [ST],P,10/29/2024,09/11/2025,"$1,001 - $15,000",,"SP Costco Wholesale Corporation - Common Stock (COST) [ST] P 10/29/2024 09/11/2025 $1,001 - $15,000 Filing Status: New Subholding Of: Fidelity Rollover IRA",,,False,100,COST,accepted,house_ptr_structure+v8_1,False,False,False,10/29/2024,False
20032070,Hon. Valerie Hoyle,Member,OR04,20032070.pdf,2025,68,SP,Crown Castle Inc. Common Stock,Crown Castle Inc. Common Stock,CCI,CCI,ST,P,2024-10-29,2025-09-11,1001.0,15000.0,,"$1,001 - $15,000",valid_range,New,Fidelity Rollover IRA,,,,8,8,table,False,False,,False,0,False,True,100,True,20,False,https://disclosures-clerk.house.gov/public_disc/ptr-pdfs/2025/20032070.pdf,,,SP,Crown Castle Inc. Common Stock (CCI) [ST],Crown Castle Inc. Common Stock (CCI) [ST],P,10/29/2024,09/11/2025,"$1,001 - $15,000",Filing Status: New Subholding Of: Fidelity Rollover IRA,"SP Crown Castle Inc. Common Stock (CCI) [ST] P 10/29/2024 09/11/2025 $1,001 - $15,000 Filing Status: New Subholding Of: Fidelity Rollover IRA",,,False,100,CCI,accepted,house_ptr_structure+v8_1,False,False,False,10/29/2024,False
20032070,Hon. Valerie Hoyle,Member,OR04,20032070.pdf,2025,69,SP,"Crown Holdings, Inc.","Crown Holdings, Inc.",CCK,CCK,ST,P,2024-10-29,2025-09-11,1001.0,15000.0,,"$1,001 - $15,000",valid_range,New,Fidelity Rollover IRA,,,,8,8,table,False,False,,False,0,False,False,100,True,20,False,https://disclosures-clerk.house.gov/public_disc/ptr-pdfs/2025/20032070.pdf,,,SP,"Crown Holdings, Inc. (CCK) [ST] Filing Status: New Subholding Of: Fidelity Rollover IRA","Crown Holdings, Inc. (CCK) [ST]",P,10/29/2024,09/11/2025,"$1,001 - $15,000",,"SP Crown Holdings, Inc. (CCK) [ST] P 10/29/2024 09/11/2025 $1,001 - $15,000 Filing Status: New Subholding Of: Fidelity Rollover IRA",,,False,100,CCK,accepted,house_ptr_structure+v8_1,False,False,False,10/29/2024,False
20032070,Hon. Valerie Hoyle,Member,OR04,20032070.pdf,2025,70,SP,CVS Health Corporation Common Stock,CVS Health Corporation Common Stock,CVS,CVS,ST,P,2024-10-29,2025-09-11,1001.0,15000.0,,"$1,001 - $15,000",valid_range,New,Fidelity Rollover IRA,,,,8,9,table,False,False,,True,0,False,True,98,True,20,False,https://disclosures-clerk.house.gov/public_disc/ptr-pdfs/2025/20032070.pdf,,,SP,CVS Health Corporation Common Stock (CVS) [ST],CVS Health Corporation Common Stock (CVS) [ST] Type Date Gains > $200?,P,10/29/2024,09/11/2025,"$1,001 - $15,000",Type Date Gains > $200? Filing Status: New Subholding Of: Fidelity Rollover IRA,"SP CVS Health Corporation Common Stock (CVS) [ST] P 10/29/2024 09/11/2025 $1,001 - $15,000 Type Date Gains > $200? Filing Status: New Subholding Of: Fidelity Rollover IRA",,,False,98,CVS,accepted,house_ptr_structure+v8_1,False,False,False,10/29/2024,False
20032070,Hon. Valerie Hoyle,Member,OR04,20032070.pdf,2025,71,SP,Danaher Corporation Common Stock,Danaher Corporation Common Stock,DHR,DHR,ST,P,2024-10-29,2025-09-11,1001.0,15000.0,,"$1,001 - $15,000",valid_range,New,Fidelity Rollover IRA,,,,9,9,table,False,False,,False,0,False,False,100,True,20,False,https://disclosures-clerk.house.gov/public_disc/ptr-pdfs/2025/20032070.pdf,,,SP,Danaher Corporation Common Stock (DHR) [ST] Filing Status: New Subholding Of: Fidelity Rollover IRA,Danaher Corporation Common Stock (DHR) [ST],P,10/29/2024,09/11/2025,"$1,001 - $15,000",,"SP Danaher Corporation Common Stock (DHR) [ST] P 10/29/2024 09/11/2025 $1,001 - $15,000 Filing Status: New Subholding Of: Fidelity Rollover IRA",,,False,100,DHR,accepted,house_ptr_structure+v8_1,False,False,False,10/29/2024,False
20032070,Hon. Valerie Hoyle,Member,OR04,20032070.pdf,2025,72,SP,DBA Sempra Common Stock,DBA Sempra Common Stock,SRE,SRE,ST,P,2024-10-29,2025-09-11,1001.0,15000.0,,"$1,001 - $15,000",valid_range,New,Fidelity Rollover IRA,,,,9,9,table,False,False,,False,0,False,True,100,True,20,False,https://disclosures-clerk.house.gov/public_disc/ptr-pdfs/2025/20032070.pdf,,,SP,DBA Sempra Common Stock (SRE) [ST],DBA Sempra Common Stock (SRE) [ST],P,10/29/2024,09/11/2025,"$1,001 - $15,000",Filing Status: New Subholding Of: Fidelity Rollover IRA,"SP DBA Sempra Common Stock (SRE) [ST] P 10/29/2024 09/11/2025 $1,001 - $15,000 Filing Status: New Subholding Of: Fidelity Rollover IRA",,,False,100,SRE,accepted,house_ptr_structure+v8_1,False,False,False,10/29/2024,False
20032070,Hon. Valerie Hoyle,Member,OR04,20032070.pdf,2025,73,SP,DBA Sempra Common Stock,DBA Sempra Common Stock,SRE,SRE,ST,S,2025-06-26,2025-09-11,1001.0,15000.0,,"$1,001 - $15,000",valid_range,New,Fidelity Rollover IRA,,,,9,9,table,False,False,,False,0,False,False,100,True,20,False,https://disclosures-clerk.house.gov/public_disc/ptr-pdfs/2025/20032070.pdf,,,SP,DBA Sempra Common Stock (SRE) [ST] Filing Status: New Subholding Of: Fidelity Rollover IRA,DBA Sempra Common Stock (SRE) [ST],S,06/26/2025,09/11/2025,"$1,001 - $15,000",,"SP DBA Sempra Common Stock (SRE) [ST] S 06/26/2025 09/11/2025 $1,001 - $15,000 Filing Status: New Subholding Of: Fidelity Rollover IRA",,,False,100,SRE,accepted,house_ptr_structure+v8_1,False,False,False,06/26/2025,False
20032070,Hon. Valerie Hoyle,Member,OR04,20032070.pdf,2025,74,SP,Deere & Company Common Stock,Deere & Company Common Stock,DE,DE,ST,P,2024-10-29,2025-09-11,1001.0,15000.0,,"$1,001 - $15,000",valid_range,New,Fidelity Rollover IRA,,,,9,9,table,False,False,,False,0,False,True,100,True,20,False,https://disclosures-clerk.house.gov/public_disc/ptr-pdfs/2025/20032070.pdf,,,SP,Deere & Company Common Stock (DE) [ST],Deere & Company Common Stock (DE) [ST],P,10/29/2024,09/11/2025,"$1,001 - $15,000",Filing Status: New Subholding Of: Fidelity Rollover IRA,"SP Deere & Company Common Stock (DE) [ST] P 10/29/2024 09/11/2025 $1,001 - $15,000 Filing Status: New Subholding Of: Fidelity Rollover IRA",,,False,100,DE,accepted,house_ptr_structure+v8_1,False,False,False,10/29/2024,False
20032070,Hon. Valerie Hoyle,Member,OR04,20032070.pdf,2025,75,SP,Diageo plc Common Stock,Diageo plc Common Stock,DEO,DEO,ST,P,2024-10-29,2025-09-11,1001.0,15000.0,,"$1,001 - $15,000",valid_range,New,Fidelity Rollover IRA,,,,9,9,table,False,False,,False,0,False,False,100,True,20,False,https://disclosures-clerk.house.gov/public_disc/ptr-pdfs/2025/20032070.pdf,,,SP,Diageo plc Common Stock (DEO) [ST] Filing Status: New Subholding Of: Fidelity Rollover IRA,Diageo plc Common Stock (DEO) [ST],P,10/29/2024,09/11/2025,"$1,001 - $15,000",,"SP Diageo plc Common Stock (DEO) [ST] P 10/29/2024 09/11/2025 $1,001 - $15,000 Filing Status: New Subholding Of: Fidelity Rollover IRA",,,False,100,DEO,accepted,house_ptr_structure+v8_1,False,False,False,10/29/2024,False
20032070,Hon. Valerie Hoyle,Member,OR04,20032070.pdf,2025,76,SP,"Eaton Corporation, PLC Ordinary Shares","Eaton Corporation, PLC Ordinary Shares",ETN,ETN,ST,P,2024-10-29,2025-09-11,1001.0,15000.0,,"$1,001 - $15,000",valid_range,New,Fidelity Rollover IRA,,,,9,9,table,False,False,,False,0,False,True,100,True,20,False,https://disclosures-clerk.house.gov/public_disc/ptr-pdfs/2025/20032070.pdf,,,SP,"Eaton Corporation, PLC Ordinary Shares (ETN) [ST]","Eaton Corporation, PLC Ordinary Shares (ETN) [ST]",P,10/29/2024,09/11/2025,"$1,001 - $15,000",Filing Status: New Subholding Of: Fidelity Rollover IRA,"SP Eaton Corporation, PLC Ordinary Shares (ETN) [ST] P 10/29/2024 09/11/2025 $1,001 - $15,000 Filing Status: New Subholding Of: Fidelity Rollover IRA",,,False,100,ETN,accepted,house_ptr_structure+v8_1,False,False,False,10/29/2024,False
20032070,Hon. Valerie Hoyle,Member,OR04,20032070.pdf,2025,77,SP,Edison International Common Stock,Edison International Common Stock,EIX,EIX,ST,P,2024-10-29,2025-09-11,1001.0,15000.0,,"$1,001 - $15,000",valid_range,New,Fidelity Rollover IRA,,,,9,9,table,False,False,,False,0,False,False,100,True,20,False,https://disclosures-clerk.house.gov/public_disc/ptr-pdfs/2025/20032070.pdf,,,SP,Edison International Common Stock (EIX) [ST] Filing Status: New Subholding Of: Fidelity Rollover IRA,Edison International Common Stock (EIX) [ST],P,10/29/2024,09/11/2025,"$1,001 - $15,000",,"SP Edison International Common Stock (EIX) [ST] P 10/29/2024 09/11/2025 $1,001 - $15,000 Filing Status: New Subholding Of: Fidelity Rollover IRA",,,False,100,EIX,accepted,house_ptr_structure+v8_1,False,False,False,10/29/2024,False
20032070,Hon. Valerie Hoyle,Member,OR04,20032070.pdf,2025,78,SP,"Elevance Health, Inc. Common Stock","Elevance Health, Inc. Common Stock",ELV,ELV,ST,P,2024-10-29,2025-09-11,1001.0,15000.0,,"$1,001 - $15,000",valid_range,New,Fidelity Rollover IRA,,,,9,9,table,False,False,,False,0,False,True,100,True,20,False,https://disclosures-clerk.house.gov/public_disc/ptr-pdfs/2025/20032070.pdf,,,SP,"Elevance Health, Inc. Common Stock (ELV) [ST]","Elevance Health, Inc. Common Stock (ELV) [ST]",P,10/29/2024,09/11/2025,"$1,001 - $15,000",Filing Status: New Subholding Of: Fidelity Rollover IRA,"SP Elevance Health, Inc. Common Stock (ELV) [ST] P 10/29/2024 09/11/2025 $1,001 - $15,000 Filing Status: New Subholding Of: Fidelity Rollover IRA",,,False,100,ELV,accepted,house_ptr_structure+v8_1,False,False,False,10/29/2024,False
20032070,Hon. Valerie Hoyle,Member,OR04,20032070.pdf,2025,79,SP,"Elevance Health, Inc. Common Stock","Elevance Health, Inc. Common Stock",ELV,ELV,ST,S,2025-01-13,2025-09-11,1001.0,15000.0,,"$1,001 - $15,000",valid_range,New,Fidelity Rollover IRA,,,,9,10,table,False,False,,True,0,False,False,98,True,20,False,https://disclosures-clerk.house.gov/public_disc/ptr-pdfs/2025/20032070.pdf,,,SP,"Elevance Health, Inc. Common Stock (ELV) [ST]","Elevance Health, Inc. Common Stock (ELV) [ST]",S,01/13/2025,09/11/2025,"$1,001 - $15,000",Filing Status: New Subholding Of: Fidelity Rollover IRA,"SP Elevance Health, Inc. Common Stock (ELV) [ST] S 01/13/2025 09/11/2025 $1,001 - $15,000 Filing Status: New Subholding Of: Fidelity Rollover IRA",,,False,98,ELV,accepted,house_ptr_structure+v8_1,False,False,False,01/13/2025,False
20032070,Hon. Valerie Hoyle,Member,OR04,20032070.pdf,2025,80,SP,Eli Lilly and Company Common Stock,Eli Lilly and Company Common Stock,LLY,LLY,ST,S (partial),2025-05-06,2025-09-11,1001.0,15000.0,,"$1,001 - $15,000",valid_range,New,Fidelity Rollover IRA,,,,10,10,table,False,False,,False,0,False,True,100,True,20,False,https://disclosures-clerk.house.gov/public_disc/ptr-pdfs/2025/20032070.pdf,,,SP,Eli Lilly and Company Common Stock (LLY) [ST],Eli Lilly and Company Common Stock (LLY) [ST],S (partial),05/06/2025,09/11/2025,"$1,001 - $15,000",Filing Status: New Subholding Of: Fidelity Rollover IRA,"SP Eli Lilly and Company Common Stock (LLY) [ST] S (partial) 05/06/2025 09/11/2025 $1,001 - $15,000 Filing Status: New Subholding Of: Fidelity Rollover IRA",,,False,100,LLY,accepted,house_ptr_structure+v8_1,False,False,False,05/06/2025,False
20032070,Hon. Valerie Hoyle,Member,OR04,20032070.pdf,2025,81,SP,Eli Lilly and Company Common Stock,Eli Lilly and Company Common Stock,LLY,LLY,ST,P,2024-10-29,2025-09-11,1001.0,15000.0,,"$1,001 - $15,000",valid_range,New,Fidelity Rollover IRA,,,,10,10,table,False,False,,False,0,False,False,100,True,20,False,https://disclosures-clerk.house.gov/public_disc/ptr-pdfs/2025/20032070.pdf,,,SP,Eli Lilly and Company Common Stock (LLY) [ST] Filing Status: New Subholding Of: Fidelity Rollover IRA,Eli Lilly and Company Common Stock (LLY) [ST],P,10/29/2024,09/11/2025,"$1,001 - $15,000",,"SP Eli Lilly and Company Common Stock (LLY) [ST] P 10/29/2024 09/11/2025 $1,001 - $15,000 Filing Status: New Subholding Of: Fidelity Rollover IRA",,,False,100,LLY,accepted,house_ptr_structure+v8_1,False,False,False,10/29/2024,False
20032070,Hon. Valerie Hoyle,Member,OR04,20032070.pdf,2025,82,SP,Emerson Electric Company Common Stock,Emerson Electric Company Common Stock,EMR,EMR,ST,P,2025-07-14,2025-09-11,1001.0,15000.0,,"$1,001 - $15,000",valid_range,New,Fidelity Rollover IRA,,,,10,10,table,False,False,,False,0,False,True,100,True,20,False,https://disclosures-clerk.house.gov/public_disc/ptr-pdfs/2025/20032070.pdf,,,SP,Emerson Electric Company Common Stock (EMR) [ST],Emerson Electric Company Common Stock (EMR) [ST],P,07/14/2025,09/11/2025,"$1,001 - $15,000",Filing Status: New Subholding Of: Fidelity Rollover IRA,"SP Emerson Electric Company Common Stock (EMR) [ST] P 07/14/2025 09/11/2025 $1,001 - $15,000 Filing Status: New Subholding Of: Fidelity Rollover IRA",,,False,100,EMR,accepted,house_ptr_structure+v8_1,False,False,False,07/14/2025,False
20032070,Hon. Valerie Hoyle,Member,OR04,20032070.pdf,2025,83,SP,Exxon Mobil Corporation Common Stock,Exxon Mobil Corporation Common Stock,XOM,XOM,ST,P,2024-10-29,2025-09-11,1001.0,15000.0,,"$1,001 - $15,000",valid_range,New,Fidelity Rollover IRA,,,,10,10,table,False,False,,False,0,False,False,100,True,20,False,https://disclosures-clerk.house.gov/public_disc/ptr-pdfs/2025/20032070.pdf,,,SP,Exxon Mobil Corporation Common Stock (XOM) [ST] Filing Status: New Subholding Of: Fidelity Rollover IRA,Exxon Mobil Corporation Common Stock (XOM) [ST],P,10/29/2024,09/11/2025,"$1,001 - $15,000",,"SP Exxon Mobil Corporation Common Stock (XOM) [ST] P 10/29/2024 09/11/2025 $1,001 - $15,000 Filing Status: New Subholding Of: Fidelity Rollover IRA",,,False,100,XOM,accepted,house_ptr_structure+v8_1,False,False,False,10/29/2024,False
20032070,Hon. Valerie Hoyle,Member,OR04,20032070.pdf,2025,84,SP,FedEx Corporation Common Stock,FedEx Corporation Common Stock,FDX,FDX,ST,P,2024-10-29,2025-09-11,1001.0,15000.0,,"$1,001 - $15,000",valid_range,New,Fidelity Rollover IRA,,,,10,10,table,False,False,,False,0,False,True,100,True,20,False,https://disclosures-clerk.house.gov/public_disc/ptr-pdfs/2025/20032070.pdf,,,SP,FedEx Corporation Common Stock (FDX) [ST],FedEx Corporation Common Stock (FDX) [ST],P,10/29/2024,09/11/2025,"$1,001 - $15,000",Filing Status: New Subholding Of: Fidelity Rollover IRA,"SP FedEx Corporation Common Stock (FDX) [ST] P 10/29/2024 09/11/2025 $1,001 - $15,000 Filing Status: New Subholding Of: Fidelity Rollover IRA",,,False,100,FDX,accepted,house_ptr_structure+v8_1,False,False,False,10/29/2024,False
20032070,Hon. Valerie Hoyle,Member,OR04,20032070.pdf,2025,85,SP,"Gartner, Inc. Common Stock","Gartner, Inc. Common Stock",IT,IT,ST,P,2024-10-29,2025-09-11,1001.0,15000.0,,"$1,001 - $15,000",valid_range,New,Fidelity Rollover IRA,,,,10,10,table,False,False,,False,0,False,False,100,True,20,False,https://disclosures-clerk.house.gov/public_disc/ptr-pdfs/2025/20032070.pdf,,,SP,"Gartner, Inc. Common Stock (IT) [ST] Filing Status: New Subholding Of: Fidelity Rollover IRA","Gartner, Inc. Common Stock (IT) [ST]",P,10/29/2024,09/11/2025,"$1,001 - $15,000",,"SP Gartner, Inc. Common Stock (IT) [ST] P 10/29/2024 09/11/2025 $1,001 - $15,000 Filing Status: New Subholding Of: Fidelity Rollover IRA",,,False,100,IT,accepted,house_ptr_structure+v8_1,False,False,False,10/29/2024,False
20032070,Hon. Valerie Hoyle,Member,OR04,20032070.pdf,2025,86,SP,"Gartner, Inc. Common Stock","Gartner, Inc. Common Stock",IT,IT,ST,S,2025-06-26,2025-09-11,1001.0,15000.0,,"$1,001 - $15,000",valid_range,New,Fidelity Rollover IRA,,,,10,10,table,False,False,,False,0,False,True,100,True,20,False,https://disclosures-clerk.house.gov/public_disc/ptr-pdfs/2025/20032070.pdf,,,SP,"Gartner, Inc. Common Stock (IT) [ST]","Gartner, Inc. Common Stock (IT) [ST]",S,06/26/2025,09/11/2025,"$1,001 - $15,000",Filing Status: New Subholding Of: Fidelity Rollover IRA,"SP Gartner, Inc. Common Stock (IT) [ST] S 06/26/2025 09/11/2025 $1,001 - $15,000 Filing Status: New Subholding Of: Fidelity Rollover IRA",,,False,100,IT,accepted,house_ptr_structure+v8_1,False,False,False,06/26/2025,False
20032070,Hon. Valerie Hoyle,Member,OR04,20032070.pdf,2025,87,SP,GE Aerospace Common Stock,GE Aerospace Common Stock,GE,GE,ST,P,2024-10-29,2025-09-11,1001.0,15000.0,,"$1,001 - $15,000",valid_range,New,Fidelity Rollover IRA,,,,10,10,table,False,False,,False,0,False,False,100,True,20,False,https://disclosures-clerk.house.gov/public_disc/ptr-pdfs/2025/20032070.pdf,,,SP,GE Aerospace Common Stock (GE) [ST] Filing Status: New Subholding Of: Fidelity Rollover IRA,GE Aerospace Common Stock (GE) [ST],P,10/29/2024,09/11/2025,"$1,001 - $15,000",,"SP GE Aerospace Common Stock (GE) [ST] P 10/29/2024 09/11/2025 $1,001 - $15,000 Filing Status: New Subholding Of: Fidelity Rollover IRA",,,False,100,GE,accepted,house_ptr_structure+v8_1,False,False,False,10/29/2024,False
20032070,Hon. Valerie Hoyle,Member,OR04,20032070.pdf,2025,88,SP,GE Vernova Inc. Common Stock,GE Vernova Inc. Common Stock,GEV,GEV,ST,P,2024-10-29,2025-09-11,1001.0,15000.0,,"$1,001 - $15,000",valid_range,New $200?,Fidelity Rollover IRA,,,,10,11,table,False,False,,True,0,False,True,98,True,20,False,https://disclosures-clerk.house.gov/public_disc/ptr-pdfs/2025/20032070.pdf,,,SP,GE Vernova Inc. Common Stock (GEV) [ST],GE Vernova Inc. Common Stock (GEV) [ST],P,10/29/2024,09/11/2025,"$1,001 - $15,000",Filing Status: New $200? Subholding Of: Fidelity Rollover IRA,"SP GE Vernova Inc. Common Stock (GEV) [ST] P 10/29/2024 09/11/2025 $1,001 - $15,000 Filing Status: New $200? Subholding Of: Fidelity Rollover IRA",,,False,98,GEV,accepted,house_ptr_structure+v8_1,False,False,False,10/29/2024,False
20032070,Hon. Valerie Hoyle,Member,OR04,20032070.pdf,2025,89,SP,Gen Digital Inc. - Common Stock,Gen Digital Inc. - Common Stock,GEN,GEN,ST,P,2024-10-29,2025-09-11,1001.0,15000.0,,"$1,001 - $15,000",valid_range,New,Fidelity Rollover IRA,,,,11,11,table,False,False,,False,0,False,False,100,True,20,False,https://disclosures-clerk.house.gov/public_disc/ptr-pdfs/2025/20032070.pdf,,,SP,Gen Digital Inc. - Common Stock (GEN) [ST] Filing Status: New Subholding Of: Fidelity Rollover IRA,Gen Digital Inc. - Common Stock (GEN) [ST],P,10/29/2024,09/11/2025,"$1,001 - $15,000",,"SP Gen Digital Inc. - Common Stock (GEN) [ST] P 10/29/2024 09/11/2025 $1,001 - $15,000 Filing Status: New Subholding Of: Fidelity Rollover IRA",,,False,100,GEN,accepted,house_ptr_structure+v8_1,False,False,False,10/29/2024,False
20032070,Hon. Valerie Hoyle,Member,OR04,20032070.pdf,2025,90,SP,"Gilead Sciences, Inc. - Common Stock","Gilead Sciences, Inc. - Common Stock",GILD,GILD,ST,P,2024-10-29,2025-09-11,1001.0,15000.0,,"$1,001 - $15,000",valid_range,New,Fidelity Rollover IRA,,,,11,11,table,False,False,,False,0,False,True,100,True,20,False,https://disclosures-clerk.house.gov/public_disc/ptr-pdfs/2025/20032070.pdf,,,SP,"Gilead Sciences, Inc. - Common Stock (GILD) [ST]","Gilead Sciences, Inc. - Common Stock (GILD) [ST]",P,10/29/2024,09/11/2025,"$1,001 - $15,000",Filing Status: New Subholding Of: Fidelity Rollover IRA,"SP Gilead Sciences, Inc. - Common Stock (GILD) [ST] P 10/29/2024 09/11/2025 $1,001 - $15,000 Filing Status: New Subholding Of: Fidelity Rollover IRA",,,False,100,GILD,accepted,house_ptr_structure+v8_1,False,False,False,10/29/2024,False
20032070,Hon. Valerie Hoyle,Member,OR04,20032070.pdf,2025,91,SP,"Goldman Sachs Group, Inc.","Goldman Sachs Group, Inc.",GS,GS,ST,S,2025-07-28,2025-09-11,1001.0,15000.0,,"$1,001 - $15,000",valid_range,New,Fidelity Rollover IRA,,"Purchase less than $1,000",,11,11,table,False,False,,False,0,False,False,100,True,30,False,https://disclosures-clerk.house.gov/public_disc/ptr-pdfs/2025/20032070.pdf,,,SP,"Goldman Sachs Group, Inc. (GS) [ST] Filing Status: New Subholding Of: Fidelity Rollover IRA Description: Purchase less than $1,000","Goldman Sachs Group, Inc. (GS) [ST]",S,07/28/2025,09/11/2025,"$1,001 - $15,000",,"SP Goldman Sachs Group, Inc. (GS) [ST] S 07/28/2025 09/11/2025 $1,001 - $15,000 Filing Status: New Subholding Of: Fidelity Rollover IRA Description: Purchase less than $1,000",,,False,100,GS,accepted,house_ptr_structure+v8_1,False,False,False,07/28/2025,False
20032070,Hon. Valerie Hoyle,Member,OR04,20032070.pdf,2025,92,SP,GSK plc American Depositary Shares,GSK plc American Depositary Shares,GSK,GSK,ST,P,2024-11-18,2025-09-11,1001.0,15000.0,,"$1,001 - $15,000",valid_range,New,Fidelity Rollover IRA,,,,11,11,table,False,False,,False,0,False,True,100,True,20,False,https://disclosures-clerk.house.gov/public_disc/ptr-pdfs/2025/20032070.pdf,,,SP,GSK plc American Depositary Shares (GSK) [ST],GSK plc American Depositary Shares (GSK) [ST],P,11/18/2024,09/11/2025,"$1,001 - $15,000",Filing Status: New Subholding Of: Fidelity Rollover IRA,"SP GSK plc American Depositary Shares (GSK) [ST] P 11/18/2024 09/11/2025 $1,001 - $15,000 Filing Status: New Subholding Of: Fidelity Rollover IRA",,,False,100,GSK,accepted,house_ptr_structure+v8_1,False,False,False,11/18/2024,False
20032070,Hon. Valerie Hoyle,Member,OR04,20032070.pdf,2025,93,SP,"H&R Block, Inc. Common Stock","H&R Block, Inc. Common Stock",HRB,HRB,ST,P,2024-10-29,2025-09-11,1001.0,15000.0,,"$1,001 - $15,000",valid_range,New,Fidelity Rollover IRA,,,,11,11,table,False,False,,False,0,False,False,100,True,20,False,https://disclosures-clerk.house.gov/public_disc/ptr-pdfs/2025/20032070.pdf,,,SP,"H&R Block, Inc. Common Stock (HRB) [ST] Filing Status: New Subholding Of: Fidelity Rollover IRA","H&R Block, Inc. Common Stock (HRB) [ST]",P,10/29/2024,09/11/2025,"$1,001 - $15,000",,"SP H&R Block, Inc. Common Stock (HRB) [ST] P 10/29/2024 09/11/2025 $1,001 - $15,000 Filing Status: New Subholding Of: Fidelity Rollover IRA",,,False,100,HRB,accepted,house_ptr_structure+v8_1,False,False,False,10/29/2024,False
20032070,Hon. Valerie Hoyle,Member,OR04,20032070.pdf,2025,94,SP,Haleon plc American Depositary Shares,Haleon plc American Depositary Shares,HLN,HLN,ST,P,2024-10-29,2025-09-11,1001.0,15000.0,,"$1,001 - $15,000",valid_range,New,Fidelity Rollover IRA,,,,11,11,table,False,False,,False,0,False,True,100,True,20,False,https://disclosures-clerk.house.gov/public_disc/ptr-pdfs/2025/20032070.pdf,,,SP,Haleon plc American Depositary Shares (HLN) [ST],Haleon plc American Depositary Shares (HLN) [ST],P,10/29/2024,09/11/2025,"$1,001 - $15,000",Filing Status: New Subholding Of: Fidelity Rollover IRA,"SP Haleon plc American Depositary Shares (HLN) [ST] P 10/29/2024 09/11/2025 $1,001 - $15,000 Filing Status: New Subholding Of: Fidelity Rollover IRA",,,False,100,HLN,accepted,house_ptr_structure+v8_1,False,False,False,10/29/2024,False
20032070,Hon. Valerie Hoyle,Member,OR04,20032070.pdf,2025,95,SP,"HCA Healthcare, Inc. Common Stock","HCA Healthcare, Inc. Common Stock",HCA,HCA,ST,P,2024-10-29,2025-09-11,1001.0,15000.0,,"$1,001 - $15,000",valid_range,New,Fidelity Rollover IRA,,,,11,11,table,False,False,,False,0,False,False,100,True,20,False,https://disclosures-clerk.house.gov/public_disc/ptr-pdfs/2025/20032070.pdf,,,SP,"HCA Healthcare, Inc. Common Stock (HCA) [ST] Filing Status: New Subholding Of: Fidelity Rollover IRA","HCA Healthcare, Inc. Common Stock (HCA) [ST]",P,10/29/2024,09/11/2025,"$1,001 - $15,000",,"SP HCA Healthcare, Inc. Common Stock (HCA) [ST] P 10/29/2024 09/11/2025 $1,001 - $15,000 Filing Status: New Subholding Of: Fidelity Rollover IRA",,,False,100,HCA,accepted,house_ptr_structure+v8_1,False,False,False,10/29/2024,False
20032070,Hon. Valerie Hoyle,Member,OR04,20032070.pdf,2025,96,SP,"HCA Healthcare, Inc. Common Stock","HCA Healthcare, Inc. Common Stock",HCA,HCA,ST,S,2024-12-27,2025-09-11,1001.0,15000.0,,"$1,001 - $15,000",valid_range,New,Fidelity Rollover IRA,,,,11,11,table,False,False,,False,0,False,True,100,True,20,False,https://disclosures-clerk.house.gov/public_disc/ptr-pdfs/2025/20032070.pdf,,,SP,"HCA Healthcare, Inc. Common Stock (HCA) [ST]","HCA Healthcare, Inc. Common Stock (HCA) [ST]",S,12/27/2024,09/11/2025,"$1,001 - $15,000",Filing Status: New Subholding Of: Fidelity Rollover IRA,"SP HCA Healthcare, Inc. Common Stock (HCA) [ST] S 12/27/2024 09/11/2025 $1,001 - $15,000 Filing Status: New Subholding Of: Fidelity Rollover IRA",,,False,100,HCA,accepted,house_ptr_structure+v8_1,False,False,False,12/27/2024,False
20032070,Hon. Valerie Hoyle,Member,OR04,20032070.pdf,2025,97,SP,Heico Corporation Common Stock,Heico Corporation Common Stock,HEI.A,HEI.A,ST,P,2024-10-29,2025-09-11,1001.0,15000.0,,"$1,001 - $15,000",valid_range,New,Fidelity Rollover IRA,,,,11,12,table,False,False,,True,0,False,False,98,True,20,False,https://disclosures-clerk.house.gov/public_disc/ptr-pdfs/2025/20032070.pdf,,,SP,Heico Corporation Common Stock (HEI.A) [ST] Filing Status: New,Heico Corporation Common Stock (HEI.A) [ST] Subholding Of: Fidelity Rollover IRA,P,10/29/2024,09/11/2025,"$1,001 - $15,000",Subholding Of: Fidelity Rollover IRA,"SP Heico Corporation Common Stock (HEI.A) [ST] P 10/29/2024 09/11/2025 $1,001 - $15,000 Filing Status: New Subholding Of: Fidelity Rollover IRA",,,False,98,HEI.A,accepted,house_ptr_structure+v8_1,False,False,False,10/29/2024,False
20032070,Hon. Valerie Hoyle,Member,OR04,20032070.pdf,2025,98,SP,Hilton Worldwide Holdings Inc. Common Stock,Hilton Worldwide Holdings Inc. Common Stock,HLT,HLT,ST,P,2024-10-29,2025-09-11,1001.0,15000.0,,"$1,001 - $15,000",valid_range,New,Fidelity Rollover IRA,,,,12,12,table,False,False,,False,0,False,True,100,True,20,False,https://disclosures-clerk.house.gov/public_disc/ptr-pdfs/2025/20032070.pdf,,,SP,Hilton Worldwide Holdings Inc. Common Stock (HLT) [ST],Hilton Worldwide Holdings Inc. Common Stock (HLT) [ST],P,10/29/2024,09/11/2025,"$1,001 - $15,000",Filing Status: New Subholding Of: Fidelity Rollover IRA,"SP Hilton Worldwide Holdings Inc. Common Stock (HLT) [ST] P 10/29/2024 09/11/2025 $1,001 - $15,000 Filing Status: New Subholding Of: Fidelity Rollover IRA",,,False,100,HLT,accepted,house_ptr_structure+v8_1,False,False,False,10/29/2024,False
20032070,Hon. Valerie Hoyle,Member,OR04,20032070.pdf,2025,99,SP,Imperial Oil Limited Common Stock,Imperial Oil Limited Common Stock,IMO,IMO,ST,P,2024-10-29,2025-09-11,1001.0,15000.0,,"$1,001 - $15,000",valid_range,New,Fidelity Rollover IRA,,,,12,12,table,False,False,,False,0,False,False,100,True,20,False,https://disclosures-clerk.house.gov/public_disc/ptr-pdfs/2025/20032070.pdf,,,SP,Imperial Oil Limited Common Stock (IMO) [ST] Filing Status: New Subholding Of: Fidelity Rollover IRA,Imperial Oil Limited Common Stock (IMO) [ST],P,10/29/2024,09/11/2025,"$1,001 - $15,000",,"SP Imperial Oil Limited Common Stock (IMO) [ST] P 10/29/2024 09/11/2025 $1,001 - $15,000 Filing Status: New Subholding Of: Fidelity Rollover IRA",,,False,100,IMO,accepted,house_ptr_structure+v8_1,False,False,False,10/29/2024,False
20032070,Hon. Valerie Hoyle,Member,OR04,20032070.pdf,2025,100,SP,Ingersoll Rand Inc. Common Stock,Ingersoll Rand Inc. Common Stock,IR,IR,ST,P,2024-10-29,2025-09-11,1001.0,15000.0,,"$1,001 - $15,000",valid_range,New,Fidelity Rollover IRA,,,,12,12,table,False,False,,False,0,False,True,100,True,20,False,https://disclosures-clerk.house.gov/public_disc/ptr-pdfs/2025/20032070.pdf,,,SP,Ingersoll Rand Inc. Common Stock (IR) [ST],Ingersoll Rand Inc. Common Stock (IR) [ST],P,10/29/2024,09/11/2025,"$1,001 - $15,000",Filing Status: New Subholding Of: Fidelity Rollover IRA,"SP Ingersoll Rand Inc. Common Stock (IR) [ST] P 10/29/2024 09/11/2025 $1,001 - $15,000 Filing Status: New Subholding Of: Fidelity Rollover IRA",,,False,100,IR,accepted,house_ptr_structure+v8_1,False,False,False,10/29/2024,False
20032070,Hon. Valerie Hoyle,Member,OR04,20032070.pdf,2025,101,SP,Ingersoll Rand Inc. Common Stock,Ingersoll Rand Inc. Common Stock,IR,IR,ST,S,2025-05-21,2025-09-11,1001.0,15000.0,,"$1,001 - $15,000",valid_range,New,Fidelity Rollover IRA,,,,12,12,table,False,False,,False,0,False,False,100,True,20,False,https://disclosures-clerk.house.gov/public_disc/ptr-pdfs/2025/20032070.pdf,,,SP,Ingersoll Rand Inc. Common Stock (IR) [ST] Filing Status: New Subholding Of: Fidelity Rollover IRA,Ingersoll Rand Inc. Common Stock (IR) [ST],S,05/21/2025,09/11/2025,"$1,001 - $15,000",,"SP Ingersoll Rand Inc. Common Stock (IR) [ST] S 05/21/2025 09/11/2025 $1,001 - $15,000 Filing Status: New Subholding Of: Fidelity Rollover IRA",,,False,100,IR,accepted,house_ptr_structure+v8_1,False,False,False,05/21/2025,False
20032070,Hon. Valerie Hoyle,Member,OR04,20032070.pdf,2025,102,SP,Intuit Inc. - Common Stock,Intuit Inc. - Common Stock,INTU,INTU,ST,S,2025-02-04,2025-09-11,1001.0,15000.0,,"$1,001 - $15,000",valid_range,New,Fidelity Rollover IRA,,,,12,12,table,False,False,,False,0,False,True,100,True,20,False,https://disclosures-clerk.house.gov/public_disc/ptr-pdfs/2025/20032070.pdf,,,SP,Intuit Inc. - Common Stock (INTU) [ST],Intuit Inc. - Common Stock (INTU) [ST],S,02/04/2025,09/11/2025,"$1,001 - $15,000",Filing Status: New Subholding Of: Fidelity Rollover IRA,"SP Intuit Inc. - Common Stock (INTU) [ST] S 02/04/2025 09/11/2025 $1,001 - $15,000 Filing Status: New Subholding Of: Fidelity Rollover IRA",,,False,100,INTU,accepted,house_ptr_structure+v8_1,False,False,False,02/04/2025,False
20032070,Hon. Valerie Hoyle,Member,OR04,20032070.pdf,2025,103,SP,Intuit Inc. - Common Stock,Intuit Inc. - Common Stock,INTU,INTU,ST,P,2024-10-29,2025-09-11,1001.0,15000.0,,"$1,001 - $15,000",valid_range,New,Fidelity Rollover IRA,,,,12,12,table,False,False,,False,0,False,False,100,True,20,False,https://disclosures-clerk.house.gov/public_disc/ptr-pdfs/2025/20032070.pdf,,,SP,Intuit Inc. - Common Stock (INTU) [ST] Filing Status: New Subholding Of: Fidelity Rollover IRA,Intuit Inc. - Common Stock (INTU) [ST],P,10/29/2024,09/11/2025,"$1,001 - $15,000",,"SP Intuit Inc. - Common Stock (INTU) [ST] P 10/29/2024 09/11/2025 $1,001 - $15,000 Filing Status: New Subholding Of: Fidelity Rollover IRA",,,False,100,INTU,accepted,house_ptr_structure+v8_1,False,False,False,10/29/2024,False
20032070,Hon. Valerie Hoyle,Member,OR04,20032070.pdf,2025,104,SP,Johnson & Johnson Common Stock,Johnson & Johnson Common Stock,JNJ,JNJ,ST,P,2024-10-29,2025-09-11,1001.0,15000.0,,"$1,001 - $15,000",valid_range,New,Fidelity Rollover IRA,,,,12,12,table,False,False,,False,0,False,True,100,True,20,False,https://disclosures-clerk.house.gov/public_disc/ptr-pdfs/2025/20032070.pdf,,,SP,Johnson & Johnson Common Stock (JNJ) [ST],Johnson & Johnson Common Stock (JNJ) [ST],P,10/29/2024,09/11/2025,"$1,001 - $15,000",Filing Status: New Subholding Of: Fidelity Rollover IRA,"SP Johnson & Johnson Common Stock (JNJ) [ST] P 10/29/2024 09/11/2025 $1,001 - $15,000 Filing Status: New Subholding Of: Fidelity Rollover IRA",,,False,100,JNJ,accepted,house_ptr_structure+v8_1,False,False,False,10/29/2024,False
20032070,Hon. Valerie Hoyle,Member,OR04,20032070.pdf,2025,105,SP,Johnson Controls International plc Ordinary Share,Johnson Controls International plc Ordinary Share,JCI,JCI,ST,P,2024-10-29,2025-09-11,1001.0,15000.0,,"$1,001 - $15,000",valid_range,New,Fidelity Rollover IRA,,,,12,12,table,False,False,,False,0,False,False,100,True,20,False,https://disclosures-clerk.house.gov/public_disc/ptr-pdfs/2025/20032070.pdf,,,SP,Johnson Controls International plc Ordinary Share (JCI) [ST] Filing Status: New Subholding Of: Fidelity Rollover IRA,Johnson Controls International plc Ordinary Share (JCI) [ST],P,10/29/2024,09/11/2025,"$1,001 - $15,000",,"SP Johnson Controls International plc Ordinary Share (JCI) [ST] P 10/29/2024 09/11/2025 $1,001 - $15,000 Filing Status: New Subholding Of: Fidelity Rollover IRA",,,False,100,JCI,accepted,house_ptr_structure+v8_1,False,False,False,10/29/2024,False
20032070,Hon. Valerie Hoyle,Member,OR04,20032070.pdf,2025,106,SP,Johnson Controls International plc Ordinary Share,Johnson Controls International plc Ordinary Share,JCI,JCI,ST,S,2025-08-19,2025-09-11,1001.0,15000.0,,"$1,001 - $15,000",valid_range,New $200?,Fidelity Rollover IRA,,,,12,13,table,False,False,,True,0,False,True,98,True,20,False,https://disclosures-clerk.house.gov/public_disc/ptr-pdfs/2025/20032070.pdf,,,SP,Johnson Controls International plc Ordinary Share (JCI) [ST],Johnson Controls International plc Ordinary Share (JCI) [ST],S,08/19/2025,09/11/2025,"$1,001 - $15,000",Filing Status: New $200? Subholding Of: Fidelity Rollover IRA,"SP Johnson Controls International plc Ordinary Share (JCI) [ST] S 08/19/2025 09/11/2025 $1,001 - $15,000 Filing Status: New $200? Subholding Of: Fidelity Rollover IRA",,,False,98,JCI,accepted,house_ptr_structure+v8_1,False,False,False,08/19/2025,False
20032070,Hon. Valerie Hoyle,Member,OR04,20032070.pdf,2025,107,SP,JP Morgan Chase & Co. Common Stock,JP Morgan Chase & Co. Common Stock,JPM,JPM,ST,S (partial),2025-07-02,2025-09-11,1001.0,15000.0,,"$1,001 - $15,000",valid_range,New,Fidelity Rollover IRA,,,,13,13,table,False,False,,False,0,False,False,100,True,20,False,https://disclosures-clerk.house.gov/public_disc/ptr-pdfs/2025/20032070.pdf,,,SP,JP Morgan Chase & Co. Common Stock (JPM) [ST] Filing Status: New Subholding Of: Fidelity Rollover IRA,JP Morgan Chase & Co. Common Stock (JPM) [ST],S (partial),07/02/2025,09/11/2025,"$1,001 - $15,000",,"SP JP Morgan Chase & Co. Common Stock (JPM) [ST] S (partial) 07/02/2025 09/11/2025 $1,001 - $15,000 Filing Status: New Subholding Of: Fidelity Rollover IRA",,,False,100,JPM,accepted,house_ptr_structure+v8_1,False,False,False,07/02/2025,False
20032070,Hon. Valerie Hoyle,Member,OR04,20032070.pdf,2025,108,SP,JP Morgan Chase & Co. Common Stock,JP Morgan Chase & Co. Common Stock,JPM,JPM,ST,P,2025-01-24,2025-09-11,1001.0,15000.0,,"$1,001 - $15,000",valid_range,New,Fidelity Rollover IRA,,,,13,13,table,False,False,,False,0,False,True,100,True,20,False,https://disclosures-clerk.house.gov/public_disc/ptr-pdfs/2025/20032070.pdf,,,SP,JP Morgan Chase & Co. Common Stock (JPM) [ST],JP Morgan Chase & Co. Common Stock (JPM) [ST],P,01/24/2025,09/11/2025,"$1,001 - $15,000",Filing Status: New Subholding Of: Fidelity Rollover IRA,"SP JP Morgan Chase & Co. Common Stock (JPM) [ST] P 01/24/2025 09/11/2025 $1,001 - $15,000 Filing Status: New Subholding Of: Fidelity Rollover IRA",,,False,100,JPM,accepted,house_ptr_structure+v8_1,False,False,False,01/24/2025,False
20032070,Hon. Valerie Hoyle,Member,OR04,20032070.pdf,2025,109,SP,JP Morgan Chase & Co. Common Stock,JP Morgan Chase & Co. Common Stock,JPM,JPM,ST,S (partial),2025-03-13,2025-09-11,1001.0,15000.0,,"$1,001 - $15,000",valid_range,New,Fidelity Rollover IRA,,,,13,13,table,False,False,,False,0,False,False,100,True,20,False,https://disclosures-clerk.house.gov/public_disc/ptr-pdfs/2025/20032070.pdf,,,SP,JP Morgan Chase & Co. Common Stock (JPM) [ST] Filing Status: New Subholding Of: Fidelity Rollover IRA,JP Morgan Chase & Co. Common Stock (JPM) [ST],S (partial),03/13/2025,09/11/2025,"$1,001 - $15,000",,"SP JP Morgan Chase & Co. Common Stock (JPM) [ST] S (partial) 03/13/2025 09/11/2025 $1,001 - $15,000 Filing Status: New Subholding Of: Fidelity Rollover IRA",,,False,100,JPM,accepted,house_ptr_structure+v8_1,False,False,False,03/13/2025,False
20032070,Hon. Valerie Hoyle,Member,OR04,20032070.pdf,2025,110,SP,JP Morgan Chase & Co. Common Stock,JP Morgan Chase & Co. Common Stock,JPM,JPM,ST,S (partial),2025-04-15,2025-09-11,1001.0,15000.0,,"$1,001 - $15,000",valid_range,New,Fidelity Rollover IRA,,,,13,13,table,False,False,,False,0,False,True,100,True,20,False,https://disclosures-clerk.house.gov/public_disc/ptr-pdfs/2025/20032070.pdf,,,SP,JP Morgan Chase & Co. Common Stock (JPM) [ST],JP Morgan Chase & Co. Common Stock (JPM) [ST],S (partial),04/15/2025,09/11/2025,"$1,001 - $15,000",Filing Status: New Subholding Of: Fidelity Rollover IRA,"SP JP Morgan Chase & Co. Common Stock (JPM) [ST] S (partial) 04/15/2025 09/11/2025 $1,001 - $15,000 Filing Status: New Subholding Of: Fidelity Rollover IRA",,,False,100,JPM,accepted,house_ptr_structure+v8_1,False,False,False,04/15/2025,False
20032070,Hon. Valerie Hoyle,Member,OR04,20032070.pdf,2025,111,SP,JP Morgan Chase & Co. Common Stock,JP Morgan Chase & Co. Common Stock,JPM,JPM,ST,P,2024-10-29,2025-09-11,1001.0,15000.0,,"$1,001 - $15,000",valid_range,New,Fidelity Rollover IRA,,,,13,13,table,False,False,,False,0,False,False,100,True,20,False,https://disclosures-clerk.house.gov/public_disc/ptr-pdfs/2025/20032070.pdf,,,SP,JP Morgan Chase & Co. Common Stock (JPM) [ST] Filing Status: New Subholding Of: Fidelity Rollover IRA,JP Morgan Chase & Co. Common Stock (JPM) [ST],P,10/29/2024,09/11/2025,"$1,001 - $15,000",,"SP JP Morgan Chase & Co. Common Stock (JPM) [ST] P 10/29/2024 09/11/2025 $1,001 - $15,000 Filing Status: New Subholding Of: Fidelity Rollover IRA",,,False,100,JPM,accepted,house_ptr_structure+v8_1,False,False,False,10/29/2024,False
20032070,Hon. Valerie Hoyle,Member,OR04,20032070.pdf,2025,112,SP,Kenvue Inc. Common Stock,Kenvue Inc. Common Stock,KVUE,KVUE,ST,P,2024-10-29,2025-09-11,1001.0,15000.0,,"$1,001 - $15,000",valid_range,New,Fidelity Rollover IRA,,,,13,13,table,False,False,,False,0,False,True,100,True,20,False,https://disclosures-clerk.house.gov/public_disc/ptr-pdfs/2025/20032070.pdf,,,SP,Kenvue Inc. Common Stock (KVUE) [ST],Kenvue Inc. Common Stock (KVUE) [ST],P,10/29/2024,09/11/2025,"$1,001 - $15,000",Filing Status: New Subholding Of: Fidelity Rollover IRA,"SP Kenvue Inc. Common Stock (KVUE) [ST] P 10/29/2024 09/11/2025 $1,001 - $15,000 Filing Status: New Subholding Of: Fidelity Rollover IRA",,,False,100,KVUE,accepted,house_ptr_structure+v8_1,False,False,False,10/29/2024,False
20032070,Hon. Valerie Hoyle,Member,OR04,20032070.pdf,2025,113,SP,Keurig Dr Pepper Inc.,Keurig Dr Pepper Inc.,KDP,KDP,ST,P,2024-10-29,2025-09-11,1001.0,15000.0,,"$1,001 - $15,000",valid_range,New,Fidelity Rollover IRA,,,,13,13,table,False,False,,False,0,False,False,100,True,20,False,https://disclosures-clerk.house.gov/public_disc/ptr-pdfs/2025/20032070.pdf,,,SP,Keurig Dr Pepper Inc. (KDP) [ST] Filing Status: New Subholding Of: Fidelity Rollover IRA,Keurig Dr Pepper Inc. (KDP) [ST],P,10/29/2024,09/11/2025,"$1,001 - $15,000",,"SP Keurig Dr Pepper Inc. (KDP) [ST] P 10/29/2024 09/11/2025 $1,001 - $15,000 Filing Status: New Subholding Of: Fidelity Rollover IRA",,,False,100,KDP,accepted,house_ptr_structure+v8_1,False,False,False,10/29/2024,False
20032070,Hon. Valerie Hoyle,Member,OR04,20032070.pdf,2025,114,SP,KKR & Co. Inc. Common Stock,KKR & Co. Inc. Common Stock,KKR,KKR,ST,P,2024-10-29,2025-09-11,1001.0,15000.0,,"$1,001 - $15,000",valid_range,New,Fidelity Rollover IRA,,,,13,13,table,False,False,,False,0,False,True,100,True,20,False,https://disclosures-clerk.house.gov/public_disc/ptr-pdfs/2025/20032070.pdf,,,SP,KKR & Co. Inc. Common Stock (KKR) [ST],KKR & Co. Inc. Common Stock (KKR) [ST],P,10/29/2024,09/11/2025,"$1,001 - $15,000",Filing Status: New Subholding Of: Fidelity Rollover IRA,"SP KKR & Co. Inc. Common Stock (KKR) [ST] P 10/29/2024 09/11/2025 $1,001 - $15,000 Filing Status: New Subholding Of: Fidelity Rollover IRA",,,False,100,KKR,accepted,house_ptr_structure+v8_1,False,False,False,10/29/2024,False
20032070,Hon. Valerie Hoyle,Member,OR04,20032070.pdf,2025,115,SP,KKR & Co. Inc. Common Stock,KKR & Co. Inc. Common Stock,KKR,KKR,ST,P,2025-04-02,2025-09-11,1001.0,15000.0,,"$1,001 - $15,000",valid_range,New,Fidelity Rollover IRA,,,,13,13,table,False,False,,False,0,False,False,100,True,20,False,https://disclosures-clerk.house.gov/public_disc/ptr-pdfs/2025/20032070.pdf,,,SP,KKR & Co. Inc. Common Stock (KKR) [ST] Filing Status: New Subholding Of: Fidelity Rollover IRA,KKR & Co. Inc. Common Stock (KKR) [ST],P,04/02/2025,09/11/2025,"$1,001 - $15,000",,"SP KKR & Co. Inc. Common Stock (KKR) [ST] P 04/02/2025 09/11/2025 $1,001 - $15,000 Filing Status: New Subholding Of: Fidelity Rollover IRA",,,False,100,KKR,accepted,house_ptr_structure+v8_1,False,False,False,04/02/2025,False
20032070,Hon. Valerie Hoyle,Member,OR04,20032070.pdf,2025,116,SP,KLA Corporation - Common Stock,KLA Corporation - Common Stock,KLAC,KLAC,ST,P,2025-07-28,2025-09-11,1001.0,15000.0,,"$1,001 - $15,000",valid_range,New,Fidelity Rollover IRA,,,,14,14,table,False,False,,False,0,False,True,100,True,20,False,https://disclosures-clerk.house.gov/public_disc/ptr-pdfs/2025/20032070.pdf,,,SP,KLA Corporation - Common Stock (KLAC) [ST],KLA Corporation - Common Stock (KLAC) [ST],P,07/28/2025,09/11/2025,"$1,001 - $15,000",Filing Status: New Subholding Of: Fidelity Rollover IRA,"SP KLA Corporation - Common Stock (KLAC) [ST] P 07/28/2025 09/11/2025 $1,001 - $15,000 Filing Status: New Subholding Of: Fidelity Rollover IRA",,,False,100,KLAC,accepted,house_ptr_structure+v8_1,False,False,False,07/28/2025,False
20032070,Hon. Valerie Hoyle,Member,OR04,20032070.pdf,2025,117,SP,KLA Corporation - Common Stock,KLA Corporation - Common Stock,KLAC,KLAC,ST,S,2025-04-29,2025-09-11,1001.0,15000.0,,"$1,001 - $15,000",valid_range,New,Fidelity Rollover IRA,,,,14,14,table,False,False,,False,0,False,False,100,True,20,False,https://disclosures-clerk.house.gov/public_disc/ptr-pdfs/2025/20032070.pdf,,,SP,KLA Corporation - Common Stock (KLAC) [ST] Filing Status: New Subholding Of: Fidelity Rollover IRA,KLA Corporation - Common Stock (KLAC) [ST],S,04/29/2025,09/11/2025,"$1,001 - $15,000",,"SP KLA Corporation - Common Stock (KLAC) [ST] S 04/29/2025 09/11/2025 $1,001 - $15,000 Filing Status: New Subholding Of: Fidelity Rollover IRA",,,False,100,KLAC,accepted,house_ptr_structure+v8_1,False,False,False,04/29/2025,False
20032070,Hon. Valerie Hoyle,Member,OR04,20032070.pdf,2025,118,SP,KLA Corporation - Common Stock,KLA Corporation - Common Stock,KLAC,KLAC,ST,P,2024-10-29,2025-09-11,1001.0,15000.0,,"$1,001 - $15,000",valid_range,New,Fidelity Rollover IRA,,,,14,14,table,False,False,,False,0,False,True,100,True,20,False,https://disclosures-clerk.house.gov/public_disc/ptr-pdfs/2025/20032070.pdf,,,SP,KLA Corporation - Common Stock (KLAC) [ST],KLA Corporation - Common Stock (KLAC) [ST],P,10/29/2024,09/11/2025,"$1,001 - $15,000",Filing Status: New Subholding Of: Fidelity Rollover IRA,"SP KLA Corporation - Common Stock (KLAC) [ST] P 10/29/2024 09/11/2025 $1,001 - $15,000 Filing Status: New Subholding Of: Fidelity Rollover IRA",,,False,100,KLAC,accepted,house_ptr_structure+v8_1,False,False,False,10/29/2024,False
20032070,Hon. Valerie Hoyle,Member,OR04,20032070.pdf,2025,119,SP,Knight-Swift Transportation Holdings Inc.,Knight-Swift Transportation Holdings Inc.,KNX,KNX,ST,P,2025-06-26,2025-09-11,1001.0,15000.0,,"$1,001 - $15,000",valid_range,New,Fidelity Rollover IRA,,,,14,14,table,False,False,,False,0,False,False,100,True,20,False,https://disclosures-clerk.house.gov/public_disc/ptr-pdfs/2025/20032070.pdf,,,SP,Knight-Swift Transportation Holdings Inc. (KNX) [ST] Filing Status: New Subholding Of: Fidelity Rollover IRA,Knight-Swift Transportation Holdings Inc. (KNX) [ST],P,06/26/2025,09/11/2025,"$1,001 - $15,000",,"SP Knight-Swift Transportation Holdings Inc. (KNX) [ST] P 06/26/2025 09/11/2025 $1,001 - $15,000 Filing Status: New Subholding Of: Fidelity Rollover IRA",,,False,100,KNX,accepted,house_ptr_structure+v8_1,False,False,False,06/26/2025,False
20032070,Hon. Valerie Hoyle,Member,OR04,20032070.pdf,2025,120,SP,Kroger Company,Kroger Company,KR,KR,ST,P,2025-07-28,2025-09-11,1001.0,15000.0,,"$1,001 - $15,000",valid_range,New,Fidelity Rollover IRA,,,,14,14,table,False,False,,False,0,False,True,100,True,20,False,https://disclosures-clerk.house.gov/public_disc/ptr-pdfs/2025/20032070.pdf,,,SP,Kroger Company (KR) [ST],Kroger Company (KR) [ST],P,07/28/2025,09/11/2025,"$1,001 - $15,000",Filing Status: New Subholding Of: Fidelity Rollover IRA,"SP Kroger Company (KR) [ST] P 07/28/2025 09/11/2025 $1,001 - $15,000 Filing Status: New Subholding Of: Fidelity Rollover IRA",,,False,100,KR,accepted,house_ptr_structure+v8_1,False,False,False,07/28/2025,False
20032070,Hon. Valerie Hoyle,Member,OR04,20032070.pdf,2025,121,SP,Lam Research Corporation - Common Stock,Lam Research Corporation - Common Stock,LRCX,LRCX,ST,S (partial),2025-02-04,2025-09-11,1001.0,15000.0,,"$1,001 - $15,000",valid_range,New,Fidelity Rollover IRA,,,,14,14,table,False,False,,False,0,False,False,100,True,20,False,https://disclosures-clerk.house.gov/public_disc/ptr-pdfs/2025/20032070.pdf,,,SP,Lam Research Corporation - Common Stock (LRCX) [ST] Filing Status: New Subholding Of: Fidelity Rollover IRA,Lam Research Corporation - Common Stock (LRCX) [ST],S (partial),02/04/2025,09/11/2025,"$1,001 - $15,000",,"SP Lam Research Corporation - Common Stock (LRCX) [ST] S (partial) 02/04/2025 09/11/2025 $1,001 - $15,000 Filing Status: New Subholding Of: Fidelity Rollover IRA",,,False,100,LRCX,accepted,house_ptr_structure+v8_1,False,False,False,02/04/2025,False
20032070,Hon. Valerie Hoyle,Member,OR04,20032070.pdf,2025,122,SP,Lam Research Corporation - Common Stock,Lam Research Corporation - Common Stock,LRCX,LRCX,ST,P,2024-10-29,2025-09-11,1001.0,15000.0,,"$1,001 - $15,000",valid_range,New,Fidelity Rollover IRA,,,,14,14,table,False,False,,False,0,False,True,100,True,20,False,https://disclosures-clerk.house.gov/public_disc/ptr-pdfs/2025/20032070.pdf,,,SP,Lam Research Corporation - Common Stock (LRCX) [ST],Lam Research Corporation - Common Stock (LRCX) [ST],P,10/29/2024,09/11/2025,"$1,001 - $15,000",Filing Status: New Subholding Of: Fidelity Rollover IRA,"SP Lam Research Corporation - Common Stock (LRCX) [ST] P 10/29/2024 09/11/2025 $1,001 - $15,000 Filing Status: New Subholding Of: Fidelity Rollover IRA",,,False,100,LRCX,accepted,house_ptr_structure+v8_1,False,False,False,10/29/2024,False
20032070,Hon. Valerie Hoyle,Member,OR04,20032070.pdf,2025,123,SP,Lennar Corporation Class A Common Stock,Lennar Corporation Class A Common Stock,LEN,LEN,ST,P,2025-06-26,2025-09-11,1001.0,15000.0,,"$1,001 - $15,000",valid_range,New,Fidelity Rollover IRA,,,,14,14,table,False,False,,False,0,False,False,100,True,20,False,https://disclosures-clerk.house.gov/public_disc/ptr-pdfs/2025/20032070.pdf,,,SP,Lennar Corporation Class A Common Stock (LEN) [ST] Filing Status: New Subholding Of: Fidelity Rollover IRA,Lennar Corporation Class A Common Stock (LEN) [ST],P,06/26/2025,09/11/2025,"$1,001 - $15,000",,"SP Lennar Corporation Class A Common Stock (LEN) [ST] P 06/26/2025 09/11/2025 $1,001 - $15,000 Filing Status: New Subholding Of: Fidelity Rollover IRA",,,False,100,LEN,accepted,house_ptr_structure+v8_1,False,False,False,06/26/2025,False
20032070,Hon. Valerie Hoyle,Member,OR04,20032070.pdf,2025,124,SP,Linde plc - Ordinary Shares,Linde plc - Ordinary Shares,LIN,LIN,ST,P,2024-10-29,2025-09-11,1001.0,15000.0,,"$1,001 - $15,000",valid_range,New,Fidelity Rollover IRA,,,,14,14,table,False,False,,False,0,False,True,100,True,20,False,https://disclosures-clerk.house.gov/public_disc/ptr-pdfs/2025/20032070.pdf,,,SP,Linde plc - Ordinary Shares (LIN) [ST],Linde plc - Ordinary Shares (LIN) [ST],P,10/29/2024,09/11/2025,"$1,001 - $15,000",Filing Status: New Subholding Of: Fidelity Rollover IRA,"SP Linde plc - Ordinary Shares (LIN) [ST] P 10/29/2024 09/11/2025 $1,001 - $15,000 Filing Status: New Subholding Of: Fidelity Rollover IRA",,,False,100,LIN,accepted,house_ptr_structure+v8_1,False,False,False,10/29/2024,False
20032070,Hon. Valerie Hoyle,Member,OR04,20032070.pdf,2025,125,SP,Lockheed Martin Corporation Common Stock,Lockheed Martin Corporation Common Stock,LMT,LMT,ST,P,2024-10-29,2025-09-11,1001.0,15000.0,,"$1,001 - $15,000",valid_range,New,Fidelity Rollover IRA,,,,15,15,table,False,False,,False,0,False,False,100,True,20,False,https://disclosures-clerk.house.gov/public_disc/ptr-pdfs/2025/20032070.pdf,,,SP,Lockheed Martin Corporation Common Stock (LMT) [ST] Filing Status: New Subholding Of: Fidelity Rollover IRA,Lockheed Martin Corporation Common Stock (LMT) [ST],P,10/29/2024,09/11/2025,"$1,001 - $15,000",,"SP Lockheed Martin Corporation Common Stock (LMT) [ST] P 10/29/2024 09/11/2025 $1,001 - $15,000 Filing Status: New Subholding Of: Fidelity Rollover IRA",,,False,100,LMT,accepted,house_ptr_structure+v8_1,False,False,False,10/29/2024,False
20032070,Hon. Valerie Hoyle,Member,OR04,20032070.pdf,2025,126,SP,"Lowe's Companies, Inc. Common Stock","Lowe's Companies, Inc. Common Stock",LOW,LOW,ST,P,2024-10-29,2025-09-11,1001.0,15000.0,,"$1,001 - $15,000",valid_range,New,Fidelity Rollover IRA,,,,15,15,table,False,False,,False,0,False,True,100,True,20,False,https://disclosures-clerk.house.gov/public_disc/ptr-pdfs/2025/20032070.pdf,,,SP,"Lowe's Companies, Inc. Common Stock (LOW) [ST]","Lowe's Companies, Inc. Common Stock (LOW) [ST]",P,10/29/2024,09/11/2025,"$1,001 - $15,000",Filing Status: New Subholding Of: Fidelity Rollover IRA,"SP Lowe's Companies, Inc. Common Stock (LOW) [ST] P 10/29/2024 09/11/2025 $1,001 - $15,000 Filing Status: New Subholding Of: Fidelity Rollover IRA",,,False,100,LOW,accepted,house_ptr_structure+v8_1,False,False,False,10/29/2024,False
20032070,Hon. Valerie Hoyle,Member,OR04,20032070.pdf,2025,127,SP,LPL Financial Holdings Inc. - Common Stock,LPL Financial Holdings Inc. - Common Stock,LPLA,LPLA,ST,P,2025-03-03,2025-09-11,1001.0,15000.0,,"$1,001 - $15,000",valid_range,New,Fidelity Rollover IRA,,,,15,15,table,False,False,,False,0,False,False,100,True,20,False,https://disclosures-clerk.house.gov/public_disc/ptr-pdfs/2025/20032070.pdf,,,SP,LPL Financial Holdings Inc. - Common Stock (LPLA) [ST] Filing Status: New Subholding Of: Fidelity Rollover IRA,LPL Financial Holdings Inc. - Common Stock (LPLA) [ST],P,03/03/2025,09/11/2025,"$1,001 - $15,000",,"SP LPL Financial Holdings Inc. - Common Stock (LPLA) [ST] P 03/03/2025 09/11/2025 $1,001 - $15,000 Filing Status: New Subholding Of: Fidelity Rollover IRA",,,False,100,LPLA,accepted,house_ptr_structure+v8_1,False,False,False,03/03/2025,False
20032070,Hon. Valerie Hoyle,Member,OR04,20032070.pdf,2025,128,SP,M&T Bank Corporation Common Stock,M&T Bank Corporation Common Stock,MTB,MTB,ST,P,2024-10-29,2025-09-11,1001.0,15000.0,,"$1,001 - $15,000",valid_range,New,Fidelity Rollover IRA,,,,15,15,table,False,False,,False,0,False,True,100,True,20,False,https://disclosures-clerk.house.gov/public_disc/ptr-pdfs/2025/20032070.pdf,,,SP,M&T Bank Corporation Common Stock (MTB) [ST],M&T Bank Corporation Common Stock (MTB) [ST],P,10/29/2024,09/11/2025,"$1,001 - $15,000",Filing Status: New Subholding Of: Fidelity Rollover IRA,"SP M&T Bank Corporation Common Stock (MTB) [ST] P 10/29/2024 09/11/2025 $1,001 - $15,000 Filing Status: New Subholding Of: Fidelity Rollover IRA",,,False,100,MTB,accepted,house_ptr_structure+v8_1,False,False,False,10/29/2024,False
20032070,Hon. Valerie Hoyle,Member,OR04,20032070.pdf,2025,129,SP,Marriott International - Class A Common Stock,Marriott International - Class A Common Stock,MAR,MAR,ST,P,2024-10-29,2025-09-11,1001.0,15000.0,,"$1,001 - $15,000",valid_range,New,Fidelity Rollover IRA,,,,15,15,table,False,False,,False,0,False,False,100,True,20,False,https://disclosures-clerk.house.gov/public_disc/ptr-pdfs/2025/20032070.pdf,,,SP,Marriott International - Class A Common Stock (MAR) [ST] Filing Status: New Subholding Of: Fidelity Rollover IRA,Marriott International - Class A Common Stock (MAR) [ST],P,10/29/2024,09/11/2025,"$1,001 - $15,000",,"SP Marriott International - Class A Common Stock (MAR) [ST] P 10/29/2024 09/11/2025 $1,001 - $15,000 Filing Status: New Subholding Of: Fidelity Rollover IRA",,,False,100,MAR,accepted,house_ptr_structure+v8_1,False,False,False,10/29/2024,False
20032070,Hon. Valerie Hoyle,Member,OR04,20032070.pdf,2025,130,SP,"Marsh & McLennan Companies, Inc. Common Stock","Marsh & McLennan Companies, Inc. Common Stock",MMC,MMC,ST,P,2024-10-29,2025-09-11,1001.0,15000.0,,"$1,001 - $15,000",valid_range,New,Fidelity Rollover IRA,,,,15,15,table,False,False,,False,0,False,True,100,True,20,False,https://disclosures-clerk.house.gov/public_disc/ptr-pdfs/2025/20032070.pdf,,,SP,"Marsh & McLennan Companies, Inc. Common Stock (MMC) [ST]","Marsh & McLennan Companies, Inc. Common Stock (MMC) [ST]",P,10/29/2024,09/11/2025,"$1,001 - $15,000",Filing Status: New Subholding Of: Fidelity Rollover IRA,"SP Marsh & McLennan Companies, Inc. Common Stock (MMC) [ST] P 10/29/2024 09/11/2025 $1,001 - $15,000 Filing Status: New Subholding Of: Fidelity Rollover IRA",,,False,100,MMC,accepted,house_ptr_structure+v8_1,False,False,False,10/29/2024,False
20032070,Hon. Valerie Hoyle,Member,OR04,20032070.pdf,2025,131,SP,"Martin Marietta Materials, Inc. Common Stock","Martin Marietta Materials, Inc. Common Stock",MLM,MLM,ST,P,2024-10-29,2025-09-11,1001.0,15000.0,,"$1,001 - $15,000",valid_range,New,Fidelity Rollover IRA,,,,15,15,table,False,False,,False,0,False,False,100,True,20,False,https://disclosures-clerk.house.gov/public_disc/ptr-pdfs/2025/20032070.pdf,,,SP,"Martin Marietta Materials, Inc. Common Stock (MLM) [ST] Filing Status: New Subholding Of: Fidelity Rollover IRA","Martin Marietta Materials, Inc. Common Stock (MLM) [ST]",P,10/29/2024,09/11/2025,"$1,001 - $15,000",,"SP Martin Marietta Materials, Inc. Common Stock (MLM) [ST] P 10/29/2024 09/11/2025 $1,001 - $15,000 Filing Status: New Subholding Of: Fidelity Rollover IRA",,,False,100,MLM,accepted,house_ptr_structure+v8_1,False,False,False,10/29/2024,False
20032070,Hon. Valerie Hoyle,Member,OR04,20032070.pdf,2025,132,SP,"Marvell Technology, Inc. - Common Stock","Marvell Technology, Inc. - Common Stock",MRVL,MRVL,ST,P,2025-02-20,2025-09-11,1001.0,15000.0,,"$1,001 - $15,000",valid_range,New,Fidelity Rollover IRA,,,,15,15,table,False,False,,False,0,False,True,100,True,20,False,https://disclosures-clerk.house.gov/public_disc/ptr-pdfs/2025/20032070.pdf,,,SP,"Marvell Technology, Inc. - Common Stock (MRVL) [ST]","Marvell Technology, Inc. - Common Stock (MRVL) [ST]",P,02/20/2025,09/11/2025,"$1,001 - $15,000",Filing Status: New Subholding Of: Fidelity Rollover IRA,"SP Marvell Technology, Inc. - Common Stock (MRVL) [ST] P 02/20/2025 09/11/2025 $1,001 - $15,000 Filing Status: New Subholding Of: Fidelity Rollover IRA",,,False,100,MRVL,accepted,house_ptr_structure+v8_1,False,False,False,02/20/2025,False
20032070,Hon. Valerie Hoyle,Member,OR04,20032070.pdf,2025,133,SP,Mastercard Incorporated Common Stock,Mastercard Incorporated Common Stock,MA,MA,ST,P,2024-10-29,2025-09-11,1001.0,15000.0,,"$1,001 - $15,000",valid_range,New,Fidelity Rollover IRA,,,,15,15,table,False,False,,False,0,False,False,100,True,20,False,https://disclosures-clerk.house.gov/public_disc/ptr-pdfs/2025/20032070.pdf,,,SP,Mastercard Incorporated Common Stock (MA) [ST] Filing Status: New Subholding Of: Fidelity Rollover IRA,Mastercard Incorporated Common Stock (MA) [ST],P,10/29/2024,09/11/2025,"$1,001 - $15,000",,"SP Mastercard Incorporated Common Stock (MA) [ST] P 10/29/2024 09/11/2025 $1,001 - $15,000 Filing Status: New Subholding Of: Fidelity Rollover IRA",,,False,100,MA,accepted,house_ptr_structure+v8_1,False,False,False,10/29/2024,False
20032070,Hon. Valerie Hoyle,Member,OR04,20032070.pdf,2025,134,SP,"MercadoLibre, Inc. - Common Stock","MercadoLibre, Inc. - Common Stock",MELI,MELI,ST,P,2025-03-13,2025-09-11,1001.0,15000.0,,"$1,001 - $15,000",valid_range,New,Fidelity Rollover IRA,,,,16,16,table,False,False,,False,0,False,True,100,True,20,False,https://disclosures-clerk.house.gov/public_disc/ptr-pdfs/2025/20032070.pdf,,,SP,"MercadoLibre, Inc. - Common Stock (MELI) [ST]","MercadoLibre, Inc. - Common Stock (MELI) [ST]",P,03/13/2025,09/11/2025,"$1,001 - $15,000",Filing Status: New Subholding Of: Fidelity Rollover IRA,"SP MercadoLibre, Inc. - Common Stock (MELI) [ST] P 03/13/2025 09/11/2025 $1,001 - $15,000 Filing Status: New Subholding Of: Fidelity Rollover IRA",,,False,100,MELI,accepted,house_ptr_structure+v8_1,False,False,False,03/13/2025,False
20032070,Hon. Valerie Hoyle,Member,OR04,20032070.pdf,2025,135,SP,"Merck & Company, Inc. Common Stock","Merck & Company, Inc. Common Stock",MRK,MRK,ST,P,2024-10-29,2025-09-11,1001.0,15000.0,,"$1,001 - $15,000",valid_range,New,Fidelity Rollover IRA,,,,16,16,table,False,False,,False,0,False,False,100,True,20,False,https://disclosures-clerk.house.gov/public_disc/ptr-pdfs/2025/20032070.pdf,,,SP,"Merck & Company, Inc. Common Stock (MRK) [ST] Filing Status: New Subholding Of: Fidelity Rollover IRA","Merck & Company, Inc. Common Stock (MRK) [ST]",P,10/29/2024,09/11/2025,"$1,001 - $15,000",,"SP Merck & Company, Inc. Common Stock (MRK) [ST] P 10/29/2024 09/11/2025 $1,001 - $15,000 Filing Status: New Subholding Of: Fidelity Rollover IRA",,,False,100,MRK,accepted,house_ptr_structure+v8_1,False,False,False,10/29/2024,False
20032070,Hon. Valerie Hoyle,Member,OR04,20032070.pdf,2025,136,SP,"Meta Platforms, Inc. - Class A Common Stock","Meta Platforms, Inc. - Class A Common Stock",META,META,ST,P,2024-10-29,2025-09-11,1001.0,15000.0,,"$1,001 - $15,000",valid_range,New,Fidelity Rollover IRA,,,,16,16,table,False,False,,False,0,False,True,100,True,20,False,https://disclosures-clerk.house.gov/public_disc/ptr-pdfs/2025/20032070.pdf,,,SP,"Meta Platforms, Inc. - Class A Common Stock (META) [ST]","Meta Platforms, Inc. - Class A Common Stock (META) [ST]",P,10/29/2024,09/11/2025,"$1,001 - $15,000",Filing Status: New Subholding Of: Fidelity Rollover IRA,"SP Meta Platforms, Inc. - Class A Common Stock (META) [ST] P 10/29/2024 09/11/2025 $1,001 - $15,000 Filing Status: New Subholding Of: Fidelity Rollover IRA",,,False,100,META,accepted,house_ptr_structure+v8_1,False,False,False,10/29/2024,False
20032070,Hon. Valerie Hoyle,Member,OR04,20032070.pdf,2025,137,SP,"Meta Platforms, Inc. - Class A Common Stock","Meta Platforms, Inc. - Class A Common Stock",META,META,ST,P,2025-06-06,2025-09-11,1001.0,15000.0,,"$1,001 - $15,000",valid_range,New,Fidelity Rollover IRA,,,,16,16,table,False,False,,False,0,False,False,100,True,20,False,https://disclosures-clerk.house.gov/public_disc/ptr-pdfs/2025/20032070.pdf,,,SP,"Meta Platforms, Inc. - Class A Common Stock (META) [ST] Filing Status: New Subholding Of: Fidelity Rollover IRA","Meta Platforms, Inc. - Class A Common Stock (META) [ST]",P,06/06/2025,09/11/2025,"$1,001 - $15,000",,"SP Meta Platforms, Inc. - Class A Common Stock (META) [ST] P 06/06/2025 09/11/2025 $1,001 - $15,000 Filing Status: New Subholding Of: Fidelity Rollover IRA",,,False,100,META,accepted,house_ptr_structure+v8_1,False,False,False,06/06/2025,False
20032070,Hon. Valerie Hoyle,Member,OR04,20032070.pdf,2025,138,SP,"Micron Technology, Inc. - Common Stock","Micron Technology, Inc. - Common Stock",MU,MU,ST,P,2024-10-29,2025-09-11,1001.0,15000.0,,"$1,001 - $15,000",valid_range,New,Fidelity Rollover IRA,,,,16,16,table,False,False,,False,0,False,True,100,True,20,False,https://disclosures-clerk.house.gov/public_disc/ptr-pdfs/2025/20032070.pdf,,,SP,"Micron Technology, Inc. - Common Stock (MU) [ST]","Micron Technology, Inc. - Common Stock (MU) [ST]",P,10/29/2024,09/11/2025,"$1,001 - $15,000",Filing Status: New Subholding Of: Fidelity Rollover IRA,"SP Micron Technology, Inc. - Common Stock (MU) [ST] P 10/29/2024 09/11/2025 $1,001 - $15,000 Filing Status: New Subholding Of: Fidelity Rollover IRA",,,False,100,MU,accepted,house_ptr_structure+v8_1,False,False,False,10/29/2024,False
20032070,Hon. Valerie Hoyle,Member,OR04,20032070.pdf,2025,139,SP,Microsoft Corporation - Common Stock,Microsoft Corporation - Common Stock,MSFT,MSFT,ST,P,2024-10-29,2025-09-11,15001.0,50000.0,,"$15,001 - $50,000",valid_range,New,Fidelity Rollover IRA,,,,16,16,table,False,False,,False,0,False,False,100,True,20,False,https://disclosures-clerk.house.gov/public_disc/ptr-pdfs/2025/20032070.pdf,,,SP,Microsoft Corporation - Common Stock (MSFT) [ST] Filing Status: New Subholding Of: Fidelity Rollover IRA,Microsoft Corporation - Common Stock (MSFT) [ST],P,10/29/2024,09/11/2025,"$15,001 - $50,000",,"SP Microsoft Corporation - Common Stock (MSFT) [ST] P 10/29/2024 09/11/2025 $15,001 - $50,000 Filing Status: New Subholding Of: Fidelity Rollover IRA",,,False,100,MSFT,accepted,house_ptr_structure+v8_1,False,False,False,10/29/2024,False
20032070,Hon. Valerie Hoyle,Member,OR04,20032070.pdf,2025,140,SP,Microsoft Corporation - Common Stock,Microsoft Corporation - Common Stock,MSFT,MSFT,ST,P,2025-06-06,2025-09-11,1001.0,15000.0,,"$1,001 - $15,000",valid_range,New,Fidelity Rollover IRA,,,,16,16,table,False,False,,False,0,False,True,100,True,20,False,https://disclosures-clerk.house.gov/public_disc/ptr-pdfs/2025/20032070.pdf,,,SP,Microsoft Corporation - Common Stock (MSFT) [ST],Microsoft Corporation - Common Stock (MSFT) [ST],P,06/06/2025,09/11/2025,"$1,001 - $15,000",Filing Status: New Subholding Of: Fidelity Rollover IRA,"SP Microsoft Corporation - Common Stock (MSFT) [ST] P 06/06/2025 09/11/2025 $1,001 - $15,000 Filing Status: New Subholding Of: Fidelity Rollover IRA",,,False,100,MSFT,accepted,house_ptr_structure+v8_1,False,False,False,06/06/2025,False
20032070,Hon. Valerie Hoyle,Member,OR04,20032070.pdf,2025,141,SP,Microsoft Corporation - Common Stock,Microsoft Corporation - Common Stock,MSFT,MSFT,ST,P,2025-06-09,2025-09-11,1001.0,15000.0,,"$1,001 - $15,000",valid_range,New,Fidelity Rollover IRA,,,,16,16,table,False,False,,False,0,False,False,100,True,20,False,https://disclosures-clerk.house.gov/public_disc/ptr-pdfs/2025/20032070.pdf,,,SP,Microsoft Corporation - Common Stock (MSFT) [ST] Filing Status: New Subholding Of: Fidelity Rollover IRA,Microsoft Corporation - Common Stock (MSFT) [ST],P,06/09/2025,09/11/2025,"$1,001 - $15,000",,"SP Microsoft Corporation - Common Stock (MSFT) [ST] P 06/09/2025 09/11/2025 $1,001 - $15,000 Filing Status: New Subholding Of: Fidelity Rollover IRA",,,False,100,MSFT,accepted,house_ptr_structure+v8_1,False,False,False,06/09/2025,False
20032070,Hon. Valerie Hoyle,Member,OR04,20032070.pdf,2025,142,SP,Microsoft Corporation - Common Stock,Microsoft Corporation - Common Stock,MSFT,MSFT,ST,P,2025-01-13,2025-09-11,1001.0,15000.0,,"$1,001 - $15,000",valid_range,New,Fidelity Rollover IRA,,,,16,16,table,False,False,,False,0,False,True,100,True,20,False,https://disclosures-clerk.house.gov/public_disc/ptr-pdfs/2025/20032070.pdf,,,SP,Microsoft Corporation - Common Stock (MSFT) [ST],Microsoft Corporation - Common Stock (MSFT) [ST],P,01/13/2025,09/11/2025,"$1,001 - $15,000",Filing Status: New Subholding Of: Fidelity Rollover IRA,"SP Microsoft Corporation - Common Stock (MSFT) [ST] P 01/13/2025 09/11/2025 $1,001 - $15,000 Filing Status: New Subholding Of: Fidelity Rollover IRA",,,False,100,MSFT,accepted,house_ptr_structure+v8_1,False,False,False,01/13/2025,False
20032070,Hon. Valerie Hoyle,Member,OR04,20032070.pdf,2025,143,SP,Moody's Corporation Common Stock,Moody's Corporation Common Stock,MCO,MCO,ST,P,2024-10-29,2025-09-11,1001.0,15000.0,,"$1,001 - $15,000",valid_range,New,Fidelity Rollover IRA,,,,17,17,table,False,False,,False,0,False,False,100,True,20,False,https://disclosures-clerk.house.gov/public_disc/ptr-pdfs/2025/20032070.pdf,,,SP,Moody's Corporation Common Stock (MCO) [ST] Filing Status: New Subholding Of: Fidelity Rollover IRA,Moody's Corporation Common Stock (MCO) [ST],P,10/29/2024,09/11/2025,"$1,001 - $15,000",,"SP Moody's Corporation Common Stock (MCO) [ST] P 10/29/2024 09/11/2025 $1,001 - $15,000 Filing Status: New Subholding Of: Fidelity Rollover IRA",,,False,100,MCO,accepted,house_ptr_structure+v8_1,False,False,False,10/29/2024,False
20032070,Hon. Valerie Hoyle,Member,OR04,20032070.pdf,2025,144,SP,Morgan Stanley Common Stock,Morgan Stanley Common Stock,MS,MS,ST,P,2025-01-24,2025-09-11,1001.0,15000.0,,"$1,001 - $15,000",valid_range,New,Fidelity Rollover IRA,,,,17,17,table,False,False,,False,0,False,True,100,True,20,False,https://disclosures-clerk.house.gov/public_disc/ptr-pdfs/2025/20032070.pdf,,,SP,Morgan Stanley Common Stock (MS) [ST],Morgan Stanley Common Stock (MS) [ST],P,01/24/2025,09/11/2025,"$1,001 - $15,000",Filing Status: New Subholding Of: Fidelity Rollover IRA,"SP Morgan Stanley Common Stock (MS) [ST] P 01/24/2025 09/11/2025 $1,001 - $15,000 Filing Status: New Subholding Of: Fidelity Rollover IRA",,,False,100,MS,accepted,house_ptr_structure+v8_1,False,False,False,01/24/2025,False
20032070,Hon. Valerie Hoyle,Member,OR04,20032070.pdf,2025,145,SP,Morgan Stanley Common Stock,Morgan Stanley Common Stock,MS,MS,ST,S (partial),2025-04-02,2025-09-11,1001.0,15000.0,,"$1,001 - $15,000",valid_range,New,Fidelity Rollover IRA,,,,17,17,table,False,False,,False,0,False,False,100,True,20,False,https://disclosures-clerk.house.gov/public_disc/ptr-pdfs/2025/20032070.pdf,,,SP,Morgan Stanley Common Stock (MS) [ST] Filing Status: New Subholding Of: Fidelity Rollover IRA,Morgan Stanley Common Stock (MS) [ST],S (partial),04/02/2025,09/11/2025,"$1,001 - $15,000",,"SP Morgan Stanley Common Stock (MS) [ST] S (partial) 04/02/2025 09/11/2025 $1,001 - $15,000 Filing Status: New Subholding Of: Fidelity Rollover IRA",,,False,100,MS,accepted,house_ptr_structure+v8_1,False,False,False,04/02/2025,False
20032070,Hon. Valerie Hoyle,Member,OR04,20032070.pdf,2025,146,SP,"Motorola Solutions, Inc. Common Stock","Motorola Solutions, Inc. Common Stock",MSI,MSI,ST,P,2024-10-29,2025-09-11,1001.0,15000.0,,"$1,001 - $15,000",valid_range,New,Fidelity Rollover IRA,,,,17,17,table,False,False,,False,0,False,True,100,True,20,False,https://disclosures-clerk.house.gov/public_disc/ptr-pdfs/2025/20032070.pdf,,,SP,"Motorola Solutions, Inc. Common Stock (MSI) [ST]","Motorola Solutions, Inc. Common Stock (MSI) [ST]",P,10/29/2024,09/11/2025,"$1,001 - $15,000",Filing Status: New Subholding Of: Fidelity Rollover IRA,"SP Motorola Solutions, Inc. Common Stock (MSI) [ST] P 10/29/2024 09/11/2025 $1,001 - $15,000 Filing Status: New Subholding Of: Fidelity Rollover IRA",,,False,100,MSI,accepted,house_ptr_structure+v8_1,False,False,False,10/29/2024,False
20032070,Hon. Valerie Hoyle,Member,OR04,20032070.pdf,2025,147,SP,"National Grid Transco, PLC National Grid PLC","National Grid Transco, PLC National Grid PLC",NGG,NGG,ST,P,2024-10-29,2025-09-11,1001.0,15000.0,,"$1,001 - $15,000",valid_range,New,Fidelity Rollover IRA,,,,17,17,table,False,False,,False,0,False,False,100,True,20,False,https://disclosures-clerk.house.gov/public_disc/ptr-pdfs/2025/20032070.pdf,,,SP,"National Grid Transco, PLC National Grid PLC (NGG) [ST] Filing Status: New Subholding Of: Fidelity Rollover IRA","National Grid Transco, PLC National Grid PLC (NGG) [ST]",P,10/29/2024,09/11/2025,"$1,001 - $15,000",,"SP National Grid Transco, PLC National Grid PLC (NGG) [ST] P 10/29/2024 09/11/2025 $1,001 - $15,000 Filing Status: New Subholding Of: Fidelity Rollover IRA",,,False,100,NGG,accepted,house_ptr_structure+v8_1,False,False,False,10/29/2024,False
20032070,Hon. Valerie Hoyle,Member,OR04,20032070.pdf,2025,148,SP,"Netflix, Inc. - Common Stock","Netflix, Inc. - Common Stock",NFLX,NFLX,ST,P,2024-10-29,2025-09-11,1001.0,15000.0,,"$1,001 - $15,000",valid_range,New,Fidelity Rollover IRA,,,,17,17,table,False,False,,False,0,False,True,100,True,20,False,https://disclosures-clerk.house.gov/public_disc/ptr-pdfs/2025/20032070.pdf,,,SP,"Netflix, Inc. - Common Stock (NFLX) [ST]","Netflix, Inc. - Common Stock (NFLX) [ST]",P,10/29/2024,09/11/2025,"$1,001 - $15,000",Filing Status: New Subholding Of: Fidelity Rollover IRA,"SP Netflix, Inc. - Common Stock (NFLX) [ST] P 10/29/2024 09/11/2025 $1,001 - $15,000 Filing Status: New Subholding Of: Fidelity Rollover IRA",,,False,100,NFLX,accepted,house_ptr_structure+v8_1,False,False,False,10/29/2024,False
20032070,Hon. Valerie Hoyle,Member,OR04,20032070.pdf,2025,149,SP,"Netflix, Inc. - Common Stock","Netflix, Inc. - Common Stock",NFLX,NFLX,ST,P,2025-02-04,2025-09-11,1001.0,15000.0,,"$1,001 - $15,000",valid_range,New,Fidelity Rollover IRA,,,,17,17,table,False,False,,False,0,False,False,100,True,20,False,https://disclosures-clerk.house.gov/public_disc/ptr-pdfs/2025/20032070.pdf,,,SP,"Netflix, Inc. - Common Stock (NFLX) [ST] Filing Status: New Subholding Of: Fidelity Rollover IRA","Netflix, Inc. - Common Stock (NFLX) [ST]",P,02/04/2025,09/11/2025,"$1,001 - $15,000",,"SP Netflix, Inc. - Common Stock (NFLX) [ST] P 02/04/2025 09/11/2025 $1,001 - $15,000 Filing Status: New Subholding Of: Fidelity Rollover IRA",,,False,100,NFLX,accepted,house_ptr_structure+v8_1,False,False,False,02/04/2025,False
20032070,Hon. Valerie Hoyle,Member,OR04,20032070.pdf,2025,150,SP,Northern Trust Corporation - Common Stock,Northern Trust Corporation - Common Stock,NTRS,NTRS,ST,P,2025-07-28,2025-09-11,1001.0,15000.0,,"$1,001 - $15,000",valid_range,New,Fidelity Rollover IRA,,,,17,17,table,False,False,,False,0,False,True,100,True,20,False,https://disclosures-clerk.house.gov/public_disc/ptr-pdfs/2025/20032070.pdf,,,SP,Northern Trust Corporation - Common Stock (NTRS) [ST],Northern Trust Corporation - Common Stock (NTRS) [ST],P,07/28/2025,09/11/2025,"$1,001 - $15,000",Filing Status: New Subholding Of: Fidelity Rollover IRA,"SP Northern Trust Corporation - Common Stock (NTRS) [ST] P 07/28/2025 09/11/2025 $1,001 - $15,000 Filing Status: New Subholding Of: Fidelity Rollover IRA",,,False,100,NTRS,accepted,house_ptr_structure+v8_1,False,False,False,07/28/2025,False
20032070,Hon. Valerie Hoyle,Member,OR04,20032070.pdf,2025,151,SP,Northrop Grumman Corporation Common Stock,Northrop Grumman Corporation Common Stock,NOC,NOC,ST,P,2024-10-29,2025-09-11,1001.0,15000.0,,"$1,001 - $15,000",valid_range,New,Fidelity Rollover IRA,,,,17,17,table,False,False,,False,0,False,False,100,True,20,False,https://disclosures-clerk.house.gov/public_disc/ptr-pdfs/2025/20032070.pdf,,,SP,Northrop Grumman Corporation Common Stock (NOC) [ST] Filing Status: New Subholding Of: Fidelity Rollover IRA,Northrop Grumman Corporation Common Stock (NOC) [ST],P,10/29/2024,09/11/2025,"$1,001 - $15,000",,"SP Northrop Grumman Corporation Common Stock (NOC) [ST] P 10/29/2024 09/11/2025 $1,001 - $15,000 Filing Status: New Subholding Of: Fidelity Rollover IRA",,,False,100,NOC,accepted,house_ptr_structure+v8_1,False,False,False,10/29/2024,False
20032070,Hon. Valerie Hoyle,Member,OR04,20032070.pdf,2025,152,SP,Novo Nordisk A/S Common Stock,Novo Nordisk A/S Common Stock,NVO,NVO,ST,P,2024-10-29,2025-09-11,1001.0,15000.0,,"$1,001 - $15,000",valid_range,New,Fidelity Rollover IRA,,,,18,18,table,False,False,,False,0,False,True,100,True,20,False,https://disclosures-clerk.house.gov/public_disc/ptr-pdfs/2025/20032070.pdf,,,SP,Novo Nordisk A/S Common Stock (NVO) [ST],Novo Nordisk A/S Common Stock (NVO) [ST],P,10/29/2024,09/11/2025,"$1,001 - $15,000",Filing Status: New Subholding Of: Fidelity Rollover IRA,"SP Novo Nordisk A/S Common Stock (NVO) [ST] P 10/29/2024 09/11/2025 $1,001 - $15,000 Filing Status: New Subholding Of: Fidelity Rollover IRA",,,False,100,NVO,accepted,house_ptr_structure+v8_1,False,False,False,10/29/2024,False
20032070,Hon. Valerie Hoyle,Member,OR04,20032070.pdf,2025,153,SP,Nutrien Ltd. Common Shares,Nutrien Ltd. Common Shares,NTR,NTR,ST,P,2024-10-29,2025-09-11,1001.0,15000.0,,"$1,001 - $15,000",valid_range,New,Fidelity Rollover IRA,,,,18,18,table,False,False,,False,0,False,False,100,True,20,False,https://disclosures-clerk.house.gov/public_disc/ptr-pdfs/2025/20032070.pdf,,,SP,Nutrien Ltd. Common Shares (NTR) [ST] Filing Status: New Subholding Of: Fidelity Rollover IRA,Nutrien Ltd. Common Shares (NTR) [ST],P,10/29/2024,09/11/2025,"$1,001 - $15,000",,"SP Nutrien Ltd. Common Shares (NTR) [ST] P 10/29/2024 09/11/2025 $1,001 - $15,000 Filing Status: New Subholding Of: Fidelity Rollover IRA",,,False,100,NTR,accepted,house_ptr_structure+v8_1,False,False,False,10/29/2024,False
20032070,Hon. Valerie Hoyle,Member,OR04,20032070.pdf,2025,154,SP,NVIDIA Corporation - Common Stock,NVIDIA Corporation - Common Stock,NVDA,NVDA,ST,P,2024-10-29,2025-09-11,15001.0,50000.0,,"$15,001 - $50,000",valid_range,New,Fidelity Rollover IRA,,,,18,18,table,False,False,,False,0,False,True,100,True,20,False,https://disclosures-clerk.house.gov/public_disc/ptr-pdfs/2025/20032070.pdf,,,SP,NVIDIA Corporation - Common Stock (NVDA) [ST],NVIDIA Corporation - Common Stock (NVDA) [ST],P,10/29/2024,09/11/2025,"$15,001 - $50,000",Filing Status: New Subholding Of: Fidelity Rollover IRA,"SP NVIDIA Corporation - Common Stock (NVDA) [ST] P 10/29/2024 09/11/2025 $15,001 - $50,000 Filing Status: New Subholding Of: Fidelity Rollover IRA",,,False,100,NVDA,accepted,house_ptr_structure+v8_1,False,False,False,10/29/2024,False
20032070,Hon. Valerie Hoyle,Member,OR04,20032070.pdf,2025,155,SP,NVIDIA Corporation - Common Stock,NVIDIA Corporation - Common Stock,NVDA,NVDA,ST,P,2025-01-14,2025-09-11,1001.0,15000.0,,"$1,001 - $15,000",valid_range,New,Fidelity Rollover IRA,,,,18,18,table,False,False,,False,0,False,False,100,True,20,False,https://disclosures-clerk.house.gov/public_disc/ptr-pdfs/2025/20032070.pdf,,,SP,NVIDIA Corporation - Common Stock (NVDA) [ST] Filing Status: New Subholding Of: Fidelity Rollover IRA,NVIDIA Corporation - Common Stock (NVDA) [ST],P,01/14/2025,09/11/2025,"$1,001 - $15,000",,"SP NVIDIA Corporation - Common Stock (NVDA) [ST] P 01/14/2025 09/11/2025 $1,001 - $15,000 Filing Status: New Subholding Of: Fidelity Rollover IRA",,,False,100,NVDA,accepted,house_ptr_structure+v8_1,False,False,False,01/14/2025,False
20032070,Hon. Valerie Hoyle,Member,OR04,20032070.pdf,2025,156,SP,NVIDIA Corporation - Common Stock,NVIDIA Corporation - Common Stock,NVDA,NVDA,ST,P,2025-01-13,2025-09-11,1001.0,15000.0,,"$1,001 - $15,000",valid_range,New,Fidelity Rollover IRA,,,,18,18,table,False,False,,False,0,False,True,100,True,20,False,https://disclosures-clerk.house.gov/public_disc/ptr-pdfs/2025/20032070.pdf,,,SP,NVIDIA Corporation - Common Stock (NVDA) [ST],NVIDIA Corporation - Common Stock (NVDA) [ST],P,01/13/2025,09/11/2025,"$1,001 - $15,000",Filing Status: New Subholding Of: Fidelity Rollover IRA,"SP NVIDIA Corporation - Common Stock (NVDA) [ST] P 01/13/2025 09/11/2025 $1,001 - $15,000 Filing Status: New Subholding Of: Fidelity Rollover IRA",,,False,100,NVDA,accepted,house_ptr_structure+v8_1,False,False,False,01/13/2025,False
20032070,Hon. Valerie Hoyle,Member,OR04,20032070.pdf,2025,157,SP,NVIDIA Corporation - Common Stock,NVIDIA Corporation - Common Stock,NVDA,NVDA,ST,P,2025-06-09,2025-09-11,1001.0,15000.0,,"$1,001 - $15,000",valid_range,New,Fidelity Rollover IRA,,,,18,18,table,False,False,,False,0,False,False,100,True,20,False,https://disclosures-clerk.house.gov/public_disc/ptr-pdfs/2025/20032070.pdf,,,SP,NVIDIA Corporation - Common Stock (NVDA) [ST] Filing Status: New Subholding Of: Fidelity Rollover IRA,NVIDIA Corporation - Common Stock (NVDA) [ST],P,06/09/2025,09/11/2025,"$1,001 - $15,000",,"SP NVIDIA Corporation - Common Stock (NVDA) [ST] P 06/09/2025 09/11/2025 $1,001 - $15,000 Filing Status: New Subholding Of: Fidelity Rollover IRA",,,False,100,NVDA,accepted,house_ptr_structure+v8_1,False,False,False,06/09/2025,False
20032070,Hon. Valerie Hoyle,Member,OR04,20032070.pdf,2025,158,SP,NVIDIA Corporation - Common Stock,NVIDIA Corporation - Common Stock,NVDA,NVDA,ST,P,2025-06-06,2025-09-11,1001.0,15000.0,,"$1,001 - $15,000",valid_range,New,Fidelity Rollover IRA,,,,18,18,table,False,False,,False,0,False,True,100,True,20,False,https://disclosures-clerk.house.gov/public_disc/ptr-pdfs/2025/20032070.pdf,,,SP,NVIDIA Corporation - Common Stock (NVDA) [ST],NVIDIA Corporation - Common Stock (NVDA) [ST],P,06/06/2025,09/11/2025,"$1,001 - $15,000",Filing Status: New Subholding Of: Fidelity Rollover IRA,"SP NVIDIA Corporation - Common Stock (NVDA) [ST] P 06/06/2025 09/11/2025 $1,001 - $15,000 Filing Status: New Subholding Of: Fidelity Rollover IRA",,,False,100,NVDA,accepted,house_ptr_structure+v8_1,False,False,False,06/06/2025,False
20032070,Hon. Valerie Hoyle,Member,OR04,20032070.pdf,2025,159,SP,NXP Semiconductors N.V. - Common Stock,NXP Semiconductors N.V. - Common Stock,NXPI,NXPI,ST,P,2024-11-18,2025-09-11,1001.0,15000.0,,"$1,001 - $15,000",valid_range,New,Fidelity Rollover IRA,,,,18,18,table,False,False,,False,0,False,False,100,True,20,False,https://disclosures-clerk.house.gov/public_disc/ptr-pdfs/2025/20032070.pdf,,,SP,NXP Semiconductors N.V. - Common Stock (NXPI) [ST] Filing Status: New Subholding Of: Fidelity Rollover IRA,NXP Semiconductors N.V. - Common Stock (NXPI) [ST],P,11/18/2024,09/11/2025,"$1,001 - $15,000",,"SP NXP Semiconductors N.V. - Common Stock (NXPI) [ST] P 11/18/2024 09/11/2025 $1,001 - $15,000 Filing Status: New Subholding Of: Fidelity Rollover IRA",,,False,100,NXPI,accepted,house_ptr_structure+v8_1,False,False,False,11/18/2024,False
20032070,Hon. Valerie Hoyle,Member,OR04,20032070.pdf,2025,160,SP,Oracle Corporation Common Stock,Oracle Corporation Common Stock,ORCL,ORCL,ST,P,2024-10-29,2025-09-11,1001.0,15000.0,,"$1,001 - $15,000",valid_range,New,Fidelity Rollover IRA,,,,18,18,table,False,False,,False,0,False,True,100,True,20,False,https://disclosures-clerk.house.gov/public_disc/ptr-pdfs/2025/20032070.pdf,,,SP,Oracle Corporation Common Stock (ORCL) [ST],Oracle Corporation Common Stock (ORCL) [ST],P,10/29/2024,09/11/2025,"$1,001 - $15,000",Filing Status: New Subholding Of: Fidelity Rollover IRA,"SP Oracle Corporation Common Stock (ORCL) [ST] P 10/29/2024 09/11/2025 $1,001 - $15,000 Filing Status: New Subholding Of: Fidelity Rollover IRA",,,False,100,ORCL,accepted,house_ptr_structure+v8_1,False,False,False,10/29/2024,False
20032070,Hon. Valerie Hoyle,Member,OR04,20032070.pdf,2025,161,SP,Oracle Corporation Common Stock,Oracle Corporation Common Stock,ORCL,ORCL,ST,S (partial),2025-04-15,2025-09-11,1001.0,15000.0,,"$1,001 - $15,000",valid_range,New,Fidelity Rollover IRA,,,,19,19,table,False,False,,False,0,False,False,100,True,20,False,https://disclosures-clerk.house.gov/public_disc/ptr-pdfs/2025/20032070.pdf,,,SP,Oracle Corporation Common Stock (ORCL) [ST] Filing Status: New Subholding Of: Fidelity Rollover IRA,Oracle Corporation Common Stock (ORCL) [ST],S (partial),04/15/2025,09/11/2025,"$1,001 - $15,000",,"SP Oracle Corporation Common Stock (ORCL) [ST] S (partial) 04/15/2025 09/11/2025 $1,001 - $15,000 Filing Status: New Subholding Of: Fidelity Rollover IRA",,,False,100,ORCL,accepted,house_ptr_structure+v8_1,False,False,False,04/15/2025,False
20032070,Hon. Valerie Hoyle,Member,OR04,20032070.pdf,2025,162,SP,"O'Reilly Automotive, Inc. - Common Stock","O'Reilly Automotive, Inc. - Common Stock",ORLY,ORLY,ST,P,2024-10-29,2025-09-11,1001.0,15000.0,,"$1,001 - $15,000",valid_range,New,Fidelity Rollover IRA,,,,19,19,table,False,False,,False,0,False,True,100,True,20,False,https://disclosures-clerk.house.gov/public_disc/ptr-pdfs/2025/20032070.pdf,,,SP,"O'Reilly Automotive, Inc. - Common Stock (ORLY) [ST]","O'Reilly Automotive, Inc. - Common Stock (ORLY) [ST]",P,10/29/2024,09/11/2025,"$1,001 - $15,000",Filing Status: New Subholding Of: Fidelity Rollover IRA,"SP O'Reilly Automotive, Inc. - Common Stock (ORLY) [ST] P 10/29/2024 09/11/2025 $1,001 - $15,000 Filing Status: New Subholding Of: Fidelity Rollover IRA",,,False,100,ORLY,accepted,house_ptr_structure+v8_1,False,False,False,10/29/2024,False
20032070,Hon. Valerie Hoyle,Member,OR04,20032070.pdf,2025,163,SP,Pacific Gas & Electric Co. Common Stock,Pacific Gas & Electric Co. Common Stock,PCG,PCG,ST,P,2024-10-29,2025-09-11,1001.0,15000.0,,"$1,001 - $15,000",valid_range,New,Fidelity Rollover IRA,,,,19,19,table,False,False,,False,0,False,False,100,True,20,False,https://disclosures-clerk.house.gov/public_disc/ptr-pdfs/2025/20032070.pdf,,,SP,Pacific Gas & Electric Co. Common Stock (PCG) [ST] Filing Status: New Subholding Of: Fidelity Rollover IRA,Pacific Gas & Electric Co. Common Stock (PCG) [ST],P,10/29/2024,09/11/2025,"$1,001 - $15,000",,"SP Pacific Gas & Electric Co. Common Stock (PCG) [ST] P 10/29/2024 09/11/2025 $1,001 - $15,000 Filing Status: New Subholding Of: Fidelity Rollover IRA",,,False,100,PCG,accepted,house_ptr_structure+v8_1,False,False,False,10/29/2024,False
20032070,Hon. Valerie Hoyle,Member,OR04,20032070.pdf,2025,164,SP,"Palo Alto Networks, Inc.","Palo Alto Networks, Inc.",PANW,PANW,ST,P,2025-03-13,2025-09-11,1001.0,15000.0,,"$1,001 - $15,000",valid_range,New,Fidelity Rollover IRA,,,,19,19,table,False,False,,False,0,False,True,100,True,20,False,https://disclosures-clerk.house.gov/public_disc/ptr-pdfs/2025/20032070.pdf,,,SP,"Palo Alto Networks, Inc. (PANW) [ST]","Palo Alto Networks, Inc. (PANW) [ST]",P,03/13/2025,09/11/2025,"$1,001 - $15,000",Filing Status: New Subholding Of: Fidelity Rollover IRA,"SP Palo Alto Networks, Inc. (PANW) [ST] P 03/13/2025 09/11/2025 $1,001 - $15,000 Filing Status: New Subholding Of: Fidelity Rollover IRA",,,False,100,PANW,accepted,house_ptr_structure+v8_1,False,False,False,03/13/2025,False
20032070,Hon. Valerie Hoyle,Member,OR04,20032070.pdf,2025,165,SP,"Palo Alto Networks, Inc.","Palo Alto Networks, Inc.",PANW,PANW,ST,S,2025-08-19,2025-09-11,1001.0,15000.0,,"$1,001 - $15,000",valid_range,New,Fidelity Rollover IRA,,,,19,19,table,False,False,,False,0,False,False,100,True,20,False,https://disclosures-clerk.house.gov/public_disc/ptr-pdfs/2025/20032070.pdf,,,SP,"Palo Alto Networks, Inc. (PANW) [ST] Filing Status: New Subholding Of: Fidelity Rollover IRA","Palo Alto Networks, Inc. (PANW) [ST]",S,08/19/2025,09/11/2025,"$1,001 - $15,000",,"SP Palo Alto Networks, Inc. (PANW) [ST] S 08/19/2025 09/11/2025 $1,001 - $15,000 Filing Status: New Subholding Of: Fidelity Rollover IRA",,,False,100,PANW,accepted,house_ptr_structure+v8_1,False,False,False,08/19/2025,False
20032070,Hon. Valerie Hoyle,Member,OR04,20032070.pdf,2025,166,SP,Pentair plc. Ordinary Share,Pentair plc. Ordinary Share,PNR,PNR,ST,P,2024-10-29,2025-09-11,1001.0,15000.0,,"$1,001 - $15,000",valid_range,New,Fidelity Rollover IRA,,,,19,19,table,False,False,,False,0,False,True,100,True,20,False,https://disclosures-clerk.house.gov/public_disc/ptr-pdfs/2025/20032070.pdf,,,SP,Pentair plc. Ordinary Share (PNR) [ST],Pentair plc. Ordinary Share (PNR) [ST],P,10/29/2024,09/11/2025,"$1,001 - $15,000",Filing Status: New Subholding Of: Fidelity Rollover IRA,"SP Pentair plc. Ordinary Share (PNR) [ST] P 10/29/2024 09/11/2025 $1,001 - $15,000 Filing Status: New Subholding Of: Fidelity Rollover IRA",,,False,100,PNR,accepted,house_ptr_structure+v8_1,False,False,False,10/29/2024,False
20032070,Hon. Valerie Hoyle,Member,OR04,20032070.pdf,2025,167,SP,"PNC Financial Services Group, Inc.","PNC Financial Services Group, Inc.",PNC,PNC,ST,P,2024-10-29,2025-09-11,1001.0,15000.0,,"$1,001 - $15,000",valid_range,New,Fidelity Rollover IRA,,,,19,19,table,False,False,,False,0,False,False,100,True,20,False,https://disclosures-clerk.house.gov/public_disc/ptr-pdfs/2025/20032070.pdf,,,SP,"PNC Financial Services Group, Inc. (PNC) [ST] Filing Status: New Subholding Of: Fidelity Rollover IRA","PNC Financial Services Group, Inc. (PNC) [ST]",P,10/29/2024,09/11/2025,"$1,001 - $15,000",,"SP PNC Financial Services Group, Inc. (PNC) [ST] P 10/29/2024 09/11/2025 $1,001 - $15,000 Filing Status: New Subholding Of: Fidelity Rollover IRA",,,False,100,PNC,accepted,house_ptr_structure+v8_1,False,False,False,10/29/2024,False
20032070,Hon. Valerie Hoyle,Member,OR04,20032070.pdf,2025,168,SP,Procter & Gamble Company,Procter & Gamble Company,PG,PG,ST,P,2024-10-29,2025-09-11,1001.0,15000.0,,"$1,001 - $15,000",valid_range,New,Fidelity Rollover IRA,,,,19,19,table,False,False,,False,0,False,True,100,True,20,False,https://disclosures-clerk.house.gov/public_disc/ptr-pdfs/2025/20032070.pdf,,,SP,Procter & Gamble Company (PG) [ST],Procter & Gamble Company (PG) [ST],P,10/29/2024,09/11/2025,"$1,001 - $15,000",Filing Status: New Subholding Of: Fidelity Rollover IRA,"SP Procter & Gamble Company (PG) [ST] P 10/29/2024 09/11/2025 $1,001 - $15,000 Filing Status: New Subholding Of: Fidelity Rollover IRA",,,False,100,PG,accepted,house_ptr_structure+v8_1,False,False,False,10/29/2024,False
20032070,Hon. Valerie Hoyle,Member,OR04,20032070.pdf,2025,169,SP,Procter & Gamble Company,Procter & Gamble Company,PG,PG,ST,S,2025-07-02,2025-09-11,1001.0,15000.0,,"$1,001 - $15,000",valid_range,New,Fidelity Rollover IRA,,,,19,19,table,False,False,,False,0,False,False,100,True,20,False,https://disclosures-clerk.house.gov/public_disc/ptr-pdfs/2025/20032070.pdf,,,SP,Procter & Gamble Company (PG) [ST] Filing Status: New Subholding Of: Fidelity Rollover IRA,Procter & Gamble Company (PG) [ST],S,07/02/2025,09/11/2025,"$1,001 - $15,000",,"SP Procter & Gamble Company (PG) [ST] S 07/02/2025 09/11/2025 $1,001 - $15,000 Filing Status: New Subholding Of: Fidelity Rollover IRA",,,False,100,PG,accepted,house_ptr_structure+v8_1,False,False,False,07/02/2025,False
20032070,Hon. Valerie Hoyle,Member,OR04,20032070.pdf,2025,170,SP,Progressive Corporation,Progressive Corporation,PGR,PGR,ST,P,2025-06-06,2025-09-11,1001.0,15000.0,,"$1,001 - $15,000",valid_range,New $200?,Fidelity Rollover IRA,,,,19,20,table,False,False,,True,0,False,True,98,True,20,False,https://disclosures-clerk.house.gov/public_disc/ptr-pdfs/2025/20032070.pdf,,,SP,Progressive Corporation (PGR) [ST],Progressive Corporation (PGR) [ST],P,06/06/2025,09/11/2025,"$1,001 - $15,000",Filing Status: New $200? Subholding Of: Fidelity Rollover IRA,"SP Progressive Corporation (PGR) [ST] P 06/06/2025 09/11/2025 $1,001 - $15,000 Filing Status: New $200? Subholding Of: Fidelity Rollover IRA",,,False,98,PGR,accepted,house_ptr_structure+v8_1,False,False,False,06/06/2025,False
20032070,Hon. Valerie Hoyle,Member,OR04,20032070.pdf,2025,171,SP,QUALCOMM Incorporated - Common Stock,QUALCOMM Incorporated - Common Stock,QCOM,QCOM,ST,S,2025-02-20,2025-09-11,1001.0,15000.0,,"$1,001 - $15,000",valid_range,New,Fidelity Rollover IRA,,,,20,20,table,False,False,,False,0,False,False,100,True,20,False,https://disclosures-clerk.house.gov/public_disc/ptr-pdfs/2025/20032070.pdf,,,SP,QUALCOMM Incorporated - Common Stock (QCOM) [ST] Filing Status: New Subholding Of: Fidelity Rollover IRA,QUALCOMM Incorporated - Common Stock (QCOM) [ST],S,02/20/2025,09/11/2025,"$1,001 - $15,000",,"SP QUALCOMM Incorporated - Common Stock (QCOM) [ST] S 02/20/2025 09/11/2025 $1,001 - $15,000 Filing Status: New Subholding Of: Fidelity Rollover IRA",,,False,100,QCOM,accepted,house_ptr_structure+v8_1,False,False,False,02/20/2025,False
20032070,Hon. Valerie Hoyle,Member,OR04,20032070.pdf,2025,172,SP,QUALCOMM Incorporated - Common Stock,QUALCOMM Incorporated - Common Stock,QCOM,QCOM,ST,P,2024-10-29,2025-09-11,1001.0,15000.0,,"$1,001 - $15,000",valid_range,New,Fidelity Rollover IRA,,,,20,20,table,False,False,,False,0,False,True,100,True,20,False,https://disclosures-clerk.house.gov/public_disc/ptr-pdfs/2025/20032070.pdf,,,SP,QUALCOMM Incorporated - Common Stock (QCOM) [ST],QUALCOMM Incorporated - Common Stock (QCOM) [ST],P,10/29/2024,09/11/2025,"$1,001 - $15,000",Filing Status: New Subholding Of: Fidelity Rollover IRA,"SP QUALCOMM Incorporated - Common Stock (QCOM) [ST] P 10/29/2024 09/11/2025 $1,001 - $15,000 Filing Status: New Subholding Of: Fidelity Rollover IRA",,,False,100,QCOM,accepted,house_ptr_structure+v8_1,False,False,False,10/29/2024,False
20032070,Hon. Valerie Hoyle,Member,OR04,20032070.pdf,2025,173,SP,"Quanta Services, Inc. Common Stock","Quanta Services, Inc. Common Stock",PWR,PWR,ST,P,2024-10-29,2025-09-11,1001.0,15000.0,,"$1,001 - $15,000",valid_range,New,Fidelity Rollover IRA,,,,20,20,table,False,False,,False,0,False,False,100,True,20,False,https://disclosures-clerk.house.gov/public_disc/ptr-pdfs/2025/20032070.pdf,,,SP,"Quanta Services, Inc. Common Stock (PWR) [ST] Filing Status: New Subholding Of: Fidelity Rollover IRA","Quanta Services, Inc. Common Stock (PWR) [ST]",P,10/29/2024,09/11/2025,"$1,001 - $15,000",,"SP Quanta Services, Inc. Common Stock (PWR) [ST] P 10/29/2024 09/11/2025 $1,001 - $15,000 Filing Status: New Subholding Of: Fidelity Rollover IRA",,,False,100,PWR,accepted,house_ptr_structure+v8_1,False,False,False,10/29/2024,False
20032070,Hon. Valerie Hoyle,Member,OR04,20032070.pdf,2025,174,SP,Regal Rexnord Corporation Common Stock,Regal Rexnord Corporation Common Stock,RRX,RRX,ST,P,2024-10-29,2025-09-11,1001.0,15000.0,,"$1,001 - $15,000",valid_range,New,Fidelity Rollover IRA,,,,20,20,table,False,False,,False,0,False,True,100,True,20,False,https://disclosures-clerk.house.gov/public_disc/ptr-pdfs/2025/20032070.pdf,,,SP,Regal Rexnord Corporation Common Stock (RRX) [ST],Regal Rexnord Corporation Common Stock (RRX) [ST],P,10/29/2024,09/11/2025,"$1,001 - $15,000",Filing Status: New Subholding Of: Fidelity Rollover IRA,"SP Regal Rexnord Corporation Common Stock (RRX) [ST] P 10/29/2024 09/11/2025 $1,001 - $15,000 Filing Status: New Subholding Of: Fidelity Rollover IRA",,,False,100,RRX,accepted,house_ptr_structure+v8_1,False,False,False,10/29/2024,False
20032070,Hon. Valerie Hoyle,Member,OR04,20032070.pdf,2025,175,SP,"Republic Services, Inc. Common Stock","Republic Services, Inc. Common Stock",RSG,RSG,ST,P,2025-06-06,2025-09-11,1001.0,15000.0,,"$1,001 - $15,000",valid_range,New,Fidelity Rollover IRA,,,,20,20,table,False,False,,False,0,False,False,100,True,20,False,https://disclosures-clerk.house.gov/public_disc/ptr-pdfs/2025/20032070.pdf,,,SP,"Republic Services, Inc. Common Stock (RSG) [ST] Filing Status: New Subholding Of: Fidelity Rollover IRA","Republic Services, Inc. Common Stock (RSG) [ST]",P,06/06/2025,09/11/2025,"$1,001 - $15,000",,"SP Republic Services, Inc. Common Stock (RSG) [ST] P 06/06/2025 09/11/2025 $1,001 - $15,000 Filing Status: New Subholding Of: Fidelity Rollover IRA",,,False,100,RSG,accepted,house_ptr_structure+v8_1,False,False,False,06/06/2025,False
20032070,Hon. Valerie Hoyle,Member,OR04,20032070.pdf,2025,176,SP,"Ross Stores, Inc. - Common Stock","Ross Stores, Inc. - Common Stock",ROST,ROST,ST,P,2024-10-29,2025-09-11,1001.0,15000.0,,"$1,001 - $15,000",valid_range,New,Fidelity Rollover IRA,,,,20,20,table,False,False,,False,0,False,True,100,True,20,False,https://disclosures-clerk.house.gov/public_disc/ptr-pdfs/2025/20032070.pdf,,,SP,"Ross Stores, Inc. - Common Stock (ROST) [ST]","Ross Stores, Inc. - Common Stock (ROST) [ST]",P,10/29/2024,09/11/2025,"$1,001 - $15,000",Filing Status: New Subholding Of: Fidelity Rollover IRA,"SP Ross Stores, Inc. - Common Stock (ROST) [ST] P 10/29/2024 09/11/2025 $1,001 - $15,000 Filing Status: New Subholding Of: Fidelity Rollover IRA",,,False,100,ROST,accepted,house_ptr_structure+v8_1,False,False,False,10/29/2024,False
20032070,Hon. Valerie Hoyle,Member,OR04,20032070.pdf,2025,177,SP,S&P Global Inc. Common Stock,S&P Global Inc. Common Stock,SPGI,SPGI,ST,P,2024-10-29,2025-09-11,1001.0,15000.0,,"$1,001 - $15,000",valid_range,New,Fidelity Rollover IRA,,,,20,20,table,False,False,,False,0,False,False,100,True,20,False,https://disclosures-clerk.house.gov/public_disc/ptr-pdfs/2025/20032070.pdf,,,SP,S&P Global Inc. Common Stock (SPGI) [ST] Filing Status: New Subholding Of: Fidelity Rollover IRA,S&P Global Inc. Common Stock (SPGI) [ST],P,10/29/2024,09/11/2025,"$1,001 - $15,000",,"SP S&P Global Inc. Common Stock (SPGI) [ST] P 10/29/2024 09/11/2025 $1,001 - $15,000 Filing Status: New Subholding Of: Fidelity Rollover IRA",,,False,100,SPGI,accepted,house_ptr_structure+v8_1,False,False,False,10/29/2024,False
20032070,Hon. Valerie Hoyle,Member,OR04,20032070.pdf,2025,178,SP,"Salesforce, Inc. Common Stock","Salesforce, Inc. Common Stock",CRM,CRM,ST,P,2025-06-26,2025-09-11,1001.0,15000.0,,"$1,001 - $15,000",valid_range,New,Fidelity Rollover IRA,,,,20,20,table,False,False,,False,0,False,True,100,True,20,False,https://disclosures-clerk.house.gov/public_disc/ptr-pdfs/2025/20032070.pdf,,,SP,"Salesforce, Inc. Common Stock (CRM) [ST]","Salesforce, Inc. Common Stock (CRM) [ST]",P,06/26/2025,09/11/2025,"$1,001 - $15,000",Filing Status: New Subholding Of: Fidelity Rollover IRA,"SP Salesforce, Inc. Common Stock (CRM) [ST] P 06/26/2025 09/11/2025 $1,001 - $15,000 Filing Status: New Subholding Of: Fidelity Rollover IRA",,,False,100,CRM,accepted,house_ptr_structure+v8_1,False,False,False,06/26/2025,False
20032070,Hon. Valerie Hoyle,Member,OR04,20032070.pdf,2025,179,SP,SAP SE ADS,SAP SE ADS,SAP,SAP,ST,P,2024-10-29,2025-09-11,1001.0,15000.0,,"$1,001 - $15,000",valid_range,New,Fidelity Rollover IRA,,,,20,21,table,False,False,,True,0,False,False,98,True,20,False,https://disclosures-clerk.house.gov/public_disc/ptr-pdfs/2025/20032070.pdf,,,SP,SAP SE ADS (SAP) [ST] Filing Status: New,SAP SE ADS (SAP) [ST] Subholding Of: Fidelity Rollover IRA,P,10/29/2024,09/11/2025,"$1,001 - $15,000",Subholding Of: Fidelity Rollover IRA,"SP SAP SE ADS (SAP) [ST] P 10/29/2024 09/11/2025 $1,001 - $15,000 Filing Status: New Subholding Of: Fidelity Rollover IRA",,,False,98,SAP,accepted,house_ptr_structure+v8_1,False,False,False,10/29/2024,False
20032070,Hon. Valerie Hoyle,Member,OR04,20032070.pdf,2025,180,SP,"ServiceNow, Inc. Common Stock","ServiceNow, Inc. Common Stock",NOW,NOW,ST,P,2025-04-15,2025-09-11,1001.0,15000.0,,"$1,001 - $15,000",valid_range,New,Fidelity Rollover IRA,,,,21,21,table,False,False,,False,0,False,True,100,True,20,False,https://disclosures-clerk.house.gov/public_disc/ptr-pdfs/2025/20032070.pdf,,,SP,"ServiceNow, Inc. Common Stock (NOW) [ST]","ServiceNow, Inc. Common Stock (NOW) [ST]",P,04/15/2025,09/11/2025,"$1,001 - $15,000",Filing Status: New Subholding Of: Fidelity Rollover IRA,"SP ServiceNow, Inc. Common Stock (NOW) [ST] P 04/15/2025 09/11/2025 $1,001 - $15,000 Filing Status: New Subholding Of: Fidelity Rollover IRA",,,False,100,NOW,accepted,house_ptr_structure+v8_1,False,False,False,04/15/2025,False
20032070,Hon. Valerie Hoyle,Member,OR04,20032070.pdf,2025,181,SP,"ServiceNow, Inc. Common Stock","ServiceNow, Inc. Common Stock",NOW,NOW,ST,S,2025-08-19,2025-09-11,1001.0,15000.0,,"$1,001 - $15,000",valid_range,New,Fidelity Rollover IRA,,,,21,21,table,False,False,,False,0,False,False,100,True,20,False,https://disclosures-clerk.house.gov/public_disc/ptr-pdfs/2025/20032070.pdf,,,SP,"ServiceNow, Inc. Common Stock (NOW) [ST] Filing Status: New Subholding Of: Fidelity Rollover IRA","ServiceNow, Inc. Common Stock (NOW) [ST]",S,08/19/2025,09/11/2025,"$1,001 - $15,000",,"SP ServiceNow, Inc. Common Stock (NOW) [ST] S 08/19/2025 09/11/2025 $1,001 - $15,000 Filing Status: New Subholding Of: Fidelity Rollover IRA",,,False,100,NOW,accepted,house_ptr_structure+v8_1,False,False,False,08/19/2025,False
20032070,Hon. Valerie Hoyle,Member,OR04,20032070.pdf,2025,182,SP,Shell PLC American Depositary Shares,Shell PLC American Depositary Shares,SHEL,SHEL,ST,P,2024-10-29,2025-09-11,1001.0,15000.0,,"$1,001 - $15,000",valid_range,New,Fidelity Rollover IRA,,,,21,21,table,False,False,,False,0,False,True,100,True,20,False,https://disclosures-clerk.house.gov/public_disc/ptr-pdfs/2025/20032070.pdf,,,SP,Shell PLC American Depositary Shares (SHEL) [ST],Shell PLC American Depositary Shares (SHEL) [ST],P,10/29/2024,09/11/2025,"$1,001 - $15,000",Filing Status: New Subholding Of: Fidelity Rollover IRA,"SP Shell PLC American Depositary Shares (SHEL) [ST] P 10/29/2024 09/11/2025 $1,001 - $15,000 Filing Status: New Subholding Of: Fidelity Rollover IRA",,,False,100,SHEL,accepted,house_ptr_structure+v8_1,False,False,False,10/29/2024,False
20032070,Hon. Valerie Hoyle,Member,OR04,20032070.pdf,2025,183,SP,Sherwin-Williams Company,Sherwin-Williams Company,SHW,SHW,ST,P,2024-10-29,2025-09-11,1001.0,15000.0,,"$1,001 - $15,000",valid_range,New,Fidelity Rollover IRA,,,,21,21,table,False,False,,False,0,False,False,100,True,20,False,https://disclosures-clerk.house.gov/public_disc/ptr-pdfs/2025/20032070.pdf,,,SP,Sherwin-Williams Company (SHW) [ST] Filing Status: New Subholding Of: Fidelity Rollover IRA,Sherwin-Williams Company (SHW) [ST],P,10/29/2024,09/11/2025,"$1,001 - $15,000",,"SP Sherwin-Williams Company (SHW) [ST] P 10/29/2024 09/11/2025 $1,001 - $15,000 Filing Status: New Subholding Of: Fidelity Rollover IRA",,,False,100,SHW,accepted,house_ptr_structure+v8_1,False,False,False,10/29/2024,False
20032070,Hon. Valerie Hoyle,Member,OR04,20032070.pdf,2025,184,SP,Sherwin-Williams Company,Sherwin-Williams Company,SHW,SHW,ST,S,2025-07-14,2025-09-11,1001.0,15000.0,,"$1,001 - $15,000",valid_range,New,Fidelity Rollover IRA,,,,21,21,table,False,False,,False,0,False,True,100,True,20,False,https://disclosures-clerk.house.gov/public_disc/ptr-pdfs/2025/20032070.pdf,,,SP,Sherwin-Williams Company (SHW) [ST],Sherwin-Williams Company (SHW) [ST],S,07/14/2025,09/11/2025,"$1,001 - $15,000",Filing Status: New Subholding Of: Fidelity Rollover IRA,"SP Sherwin-Williams Company (SHW) [ST] S 07/14/2025 09/11/2025 $1,001 - $15,000 Filing Status: New Subholding Of: Fidelity Rollover IRA",,,False,100,SHW,accepted,house_ptr_structure+v8_1,False,False,False,07/14/2025,False
20032070,Hon. Valerie Hoyle,Member,OR04,20032070.pdf,2025,185,SP,Siemens AG American Depositary Shares,Siemens AG American Depositary Shares,SIEGY,SIEGY,ST,S,2025-02-20,2025-09-11,1001.0,15000.0,,"$1,001 - $15,000",valid_range,New,Fidelity Rollover IRA,,,,21,21,table,False,False,,False,0,False,False,100,True,20,False,https://disclosures-clerk.house.gov/public_disc/ptr-pdfs/2025/20032070.pdf,,,SP,Siemens AG American Depositary Shares (SIEGY) [ST] Filing Status: New Subholding Of: Fidelity Rollover IRA,Siemens AG American Depositary Shares (SIEGY) [ST],S,02/20/2025,09/11/2025,"$1,001 - $15,000",,"SP Siemens AG American Depositary Shares (SIEGY) [ST] S 02/20/2025 09/11/2025 $1,001 - $15,000 Filing Status: New Subholding Of: Fidelity Rollover IRA",,,False,100,SIEGY,accepted,house_ptr_structure+v8_1,False,False,False,02/20/2025,False
20032070,Hon. Valerie Hoyle,Member,OR04,20032070.pdf,2025,186,SP,Siemens AG American Depositary Shares,Siemens AG American Depositary Shares,SIEGY,SIEGY,ST,P,2024-10-29,2025-09-11,1001.0,15000.0,,"$1,001 - $15,000",valid_range,New,Fidelity Rollover IRA,,,,21,21,table,False,False,,False,0,False,True,100,True,20,False,https://disclosures-clerk.house.gov/public_disc/ptr-pdfs/2025/20032070.pdf,,,SP,Siemens AG American Depositary Shares (SIEGY) [ST],Siemens AG American Depositary Shares (SIEGY) [ST],P,10/29/2024,09/11/2025,"$1,001 - $15,000",Filing Status: New Subholding Of: Fidelity Rollover IRA,"SP Siemens AG American Depositary Shares (SIEGY) [ST] P 10/29/2024 09/11/2025 $1,001 - $15,000 Filing Status: New Subholding Of: Fidelity Rollover IRA",,,False,100,SIEGY,accepted,house_ptr_structure+v8_1,False,False,False,10/29/2024,False
20032070,Hon. Valerie Hoyle,Member,OR04,20032070.pdf,2025,187,SP,Snap Inc. Class A Common Stock,Snap Inc. Class A Common Stock,SNAP,SNAP,ST,P,2025-02-04,2025-09-11,1001.0,15000.0,,"$1,001 - $15,000",valid_range,New,Fidelity Rollover IRA,,,,21,21,table,False,False,,False,0,False,False,100,True,20,False,https://disclosures-clerk.house.gov/public_disc/ptr-pdfs/2025/20032070.pdf,,,SP,Snap Inc. Class A Common Stock (SNAP) [ST] Filing Status: New Subholding Of: Fidelity Rollover IRA,Snap Inc. Class A Common Stock (SNAP) [ST],P,02/04/2025,09/11/2025,"$1,001 - $15,000",,"SP Snap Inc. Class A Common Stock (SNAP) [ST] P 02/04/2025 09/11/2025 $1,001 - $15,000 Filing Status: New Subholding Of: Fidelity Rollover IRA",,,False,100,SNAP,accepted,house_ptr_structure+v8_1,False,False,False,02/04/2025,False
20032070,Hon. Valerie Hoyle,Member,OR04,20032070.pdf,2025,188,SP,Southern Company,Southern Company,SO,SO,ST,P,2024-10-29,2025-09-11,1001.0,15000.0,,"$1,001 - $15,000",valid_range,New,Fidelity Rollover IRA Type Date Gains > $200?,,,,21,22,table,False,False,,True,0,False,True,98,True,20,False,https://disclosures-clerk.house.gov/public_disc/ptr-pdfs/2025/20032070.pdf,,,SP,Southern Company (SO) [ST],Southern Company (SO) [ST],P,10/29/2024,09/11/2025,"$1,001 - $15,000",Filing Status: New Subholding Of: Fidelity Rollover IRA Type Date Gains > $200?,"SP Southern Company (SO) [ST] P 10/29/2024 09/11/2025 $1,001 - $15,000 Filing Status: New Subholding Of: Fidelity Rollover IRA Type Date Gains > $200?",,,False,98,SO,accepted,house_ptr_structure+v8_1,False,False,False,10/29/2024,False
20032070,Hon. Valerie Hoyle,Member,OR04,20032070.pdf,2025,189,SP,Spotify Technology S.A. Ordinary Shares,Spotify Technology S.A. Ordinary Shares,SPOT,SPOT,ST,P,2025-03-13,2025-09-11,1001.0,15000.0,,"$1,001 - $15,000",valid_range,New,Fidelity Rollover IRA,,,,22,22,table,False,False,,False,0,False,False,100,True,20,False,https://disclosures-clerk.house.gov/public_disc/ptr-pdfs/2025/20032070.pdf,,,SP,Spotify Technology S.A. Ordinary Shares (SPOT) [ST] Filing Status: New Subholding Of: Fidelity Rollover IRA,Spotify Technology S.A. Ordinary Shares (SPOT) [ST],P,03/13/2025,09/11/2025,"$1,001 - $15,000",,"SP Spotify Technology S.A. Ordinary Shares (SPOT) [ST] P 03/13/2025 09/11/2025 $1,001 - $15,000 Filing Status: New Subholding Of: Fidelity Rollover IRA",,,False,100,SPOT,accepted,house_ptr_structure+v8_1,False,False,False,03/13/2025,False
20032070,Hon. Valerie Hoyle,Member,OR04,20032070.pdf,2025,190,SP,"Synopsys, Inc. - Common Stock","Synopsys, Inc. - Common Stock",SNPS,SNPS,ST,P,2024-10-29,2025-09-11,1001.0,15000.0,,"$1,001 - $15,000",valid_range,New,Fidelity Rollover IRA,,,,22,22,table,False,False,,False,0,False,True,100,True,20,False,https://disclosures-clerk.house.gov/public_disc/ptr-pdfs/2025/20032070.pdf,,,SP,"Synopsys, Inc. - Common Stock (SNPS) [ST]","Synopsys, Inc. - Common Stock (SNPS) [ST]",P,10/29/2024,09/11/2025,"$1,001 - $15,000",Filing Status: New Subholding Of: Fidelity Rollover IRA,"SP Synopsys, Inc. - Common Stock (SNPS) [ST] P 10/29/2024 09/11/2025 $1,001 - $15,000 Filing Status: New Subholding Of: Fidelity Rollover IRA",,,False,100,SNPS,accepted,house_ptr_structure+v8_1,False,False,False,10/29/2024,False
20032070,Hon. Valerie Hoyle,Member,OR04,20032070.pdf,2025,191,SP,Taiwan Semiconductor Manufacturing Company Ltd.,Taiwan Semiconductor Manufacturing Company Ltd.,TSM,TSM,ST,P,2024-10-29,2025-09-11,1001.0,15000.0,,"$1,001 - $15,000",valid_range,New,Fidelity Rollover IRA,,,,22,22,table,False,False,,False,0,False,False,100,True,20,False,https://disclosures-clerk.house.gov/public_disc/ptr-pdfs/2025/20032070.pdf,,,SP,Taiwan Semiconductor Manufacturing Company Ltd. (TSM) [ST] Filing Status: New Subholding Of: Fidelity Rollover IRA,Taiwan Semiconductor Manufacturing Company Ltd. (TSM) [ST],P,10/29/2024,09/11/2025,"$1,001 - $15,000",,"SP Taiwan Semiconductor Manufacturing Company Ltd. (TSM) [ST] P 10/29/2024 09/11/2025 $1,001 - $15,000 Filing Status: New Subholding Of: Fidelity Rollover IRA",,,False,100,TSM,accepted,house_ptr_structure+v8_1,False,False,False,10/29/2024,False
20032070,Hon. Valerie Hoyle,Member,OR04,20032070.pdf,2025,192,SP,Taiwan Semiconductor Manufacturing Company Ltd.,Taiwan Semiconductor Manufacturing Company Ltd.,TSM,TSM,ST,P,2025-05-06,2025-09-11,1001.0,15000.0,,"$1,001 - $15,000",valid_range,New,Fidelity Rollover IRA,,,,22,22,table,False,False,,False,0,False,True,100,True,20,False,https://disclosures-clerk.house.gov/public_disc/ptr-pdfs/2025/20032070.pdf,,,SP,Taiwan Semiconductor Manufacturing Company Ltd. (TSM) [ST],Taiwan Semiconductor Manufacturing Company Ltd. (TSM) [ST],P,05/06/2025,09/11/2025,"$1,001 - $15,000",Filing Status: New Subholding Of: Fidelity Rollover IRA,"SP Taiwan Semiconductor Manufacturing Company Ltd. (TSM) [ST] P 05/06/2025 09/11/2025 $1,001 - $15,000 Filing Status: New Subholding Of: Fidelity Rollover IRA",,,False,100,TSM,accepted,house_ptr_structure+v8_1,False,False,False,05/06/2025,False
20032070,Hon. Valerie Hoyle,Member,OR04,20032070.pdf,2025,193,SP,Target Corporation Common Stock,Target Corporation Common Stock,TGT,TGT,ST,P,2025-02-04,2025-09-11,1001.0,15000.0,,"$1,001 - $15,000",valid_range,New,Fidelity Rollover IRA,,,,22,22,table,False,False,,False,0,False,False,100,True,20,False,https://disclosures-clerk.house.gov/public_disc/ptr-pdfs/2025/20032070.pdf,,,SP,Target Corporation Common Stock (TGT) [ST] Filing Status: New Subholding Of: Fidelity Rollover IRA,Target Corporation Common Stock (TGT) [ST],P,02/04/2025,09/11/2025,"$1,001 - $15,000",,"SP Target Corporation Common Stock (TGT) [ST] P 02/04/2025 09/11/2025 $1,001 - $15,000 Filing Status: New Subholding Of: Fidelity Rollover IRA",,,False,100,TGT,accepted,house_ptr_structure+v8_1,False,False,False,02/04/2025,False
20032070,Hon. Valerie Hoyle,Member,OR04,20032070.pdf,2025,194,SP,The Bank of New York Mellon Corporation Common Stock,The Bank of New York Mellon Corporation Common Stock,BK,BK,ST,P,2025-06-06,2025-09-11,1001.0,15000.0,,"$1,001 - $15,000",valid_range,New,Fidelity Rollover IRA,,,,22,22,table,False,False,,False,0,False,True,100,True,20,False,https://disclosures-clerk.house.gov/public_disc/ptr-pdfs/2025/20032070.pdf,,,SP,The Bank of New York Mellon Corporation Common Stock (BK) [ST],The Bank of New York Mellon Corporation Common Stock (BK) [ST],P,06/06/2025,09/11/2025,"$1,001 - $15,000",Filing Status: New Subholding Of: Fidelity Rollover IRA,"SP The Bank of New York Mellon Corporation Common Stock (BK) [ST] P 06/06/2025 09/11/2025 $1,001 - $15,000 Filing Status: New Subholding Of: Fidelity Rollover IRA",,,False,100,BK,accepted,house_ptr_structure+v8_1,False,False,False,06/06/2025,False
20032070,Hon. Valerie Hoyle,Member,OR04,20032070.pdf,2025,195,SP,The Cigna Group Common Stock,The Cigna Group Common Stock,CI,CI,ST,P,2024-10-29,2025-09-11,1001.0,15000.0,,"$1,001 - $15,000",valid_range,New,Fidelity Rollover IRA,,,,22,22,table,False,False,,False,0,False,False,100,True,20,False,https://disclosures-clerk.house.gov/public_disc/ptr-pdfs/2025/20032070.pdf,,,SP,The Cigna Group Common Stock (CI) [ST] Filing Status: New Subholding Of: Fidelity Rollover IRA,The Cigna Group Common Stock (CI) [ST],P,10/29/2024,09/11/2025,"$1,001 - $15,000",,"SP The Cigna Group Common Stock (CI) [ST] P 10/29/2024 09/11/2025 $1,001 - $15,000 Filing Status: New Subholding Of: Fidelity Rollover IRA",,,False,100,CI,accepted,house_ptr_structure+v8_1,False,False,False,10/29/2024,False
20032070,Hon. Valerie Hoyle,Member,OR04,20032070.pdf,2025,196,SP,"The Hartford Insurance Group, Inc. Common Stock","The Hartford Insurance Group, Inc. Common Stock",HIG,HIG,ST,P,2025-06-06,2025-09-11,1001.0,15000.0,,"$1,001 - $15,000",valid_range,New,Fidelity Rollover IRA,,,,22,22,table,False,False,,False,0,False,True,100,True,20,False,https://disclosures-clerk.house.gov/public_disc/ptr-pdfs/2025/20032070.pdf,,,SP,"The Hartford Insurance Group, Inc. Common Stock (HIG) [ST]","The Hartford Insurance Group, Inc. Common Stock (HIG) [ST]",P,06/06/2025,09/11/2025,"$1,001 - $15,000",Filing Status: New Subholding Of: Fidelity Rollover IRA,"SP The Hartford Insurance Group, Inc. Common Stock (HIG) [ST] P 06/06/2025 09/11/2025 $1,001 - $15,000 Filing Status: New Subholding Of: Fidelity Rollover IRA",,,False,100,HIG,accepted,house_ptr_structure+v8_1,False,False,False,06/06/2025,False
20032070,Hon. Valerie Hoyle,Member,OR04,20032070.pdf,2025,197,SP,"The Travelers Companies, Inc. Common Stock","The Travelers Companies, Inc. Common Stock",TRV,TRV,ST,P,2024-10-29,2025-09-11,1001.0,15000.0,,"$1,001 - $15,000",valid_range,New,Fidelity Rollover IRA,,,,22,22,table,False,False,,False,0,False,False,100,True,20,False,https://disclosures-clerk.house.gov/public_disc/ptr-pdfs/2025/20032070.pdf,,,SP,"The Travelers Companies, Inc. Common Stock (TRV) [ST] Filing Status: New Subholding Of: Fidelity Rollover IRA","The Travelers Companies, Inc. Common Stock (TRV) [ST]",P,10/29/2024,09/11/2025,"$1,001 - $15,000",,"SP The Travelers Companies, Inc. Common Stock (TRV) [ST] P 10/29/2024 09/11/2025 $1,001 - $15,000 Filing Status: New Subholding Of: Fidelity Rollover IRA",,,False,100,TRV,accepted,house_ptr_structure+v8_1,False,False,False,10/29/2024,False
20032070,Hon. Valerie Hoyle,Member,OR04,20032070.pdf,2025,198,SP,Thermo Fisher Scientific Inc Common Stock,Thermo Fisher Scientific Inc Common Stock,TMO,TMO,ST,P,2024-10-29,2025-09-11,1001.0,15000.0,,"$1,001 - $15,000",valid_range,New,Fidelity Rollover IRA,,,,23,23,table,False,False,,False,0,False,True,100,True,20,False,https://disclosures-clerk.house.gov/public_disc/ptr-pdfs/2025/20032070.pdf,,,SP,Thermo Fisher Scientific Inc Common Stock (TMO) [ST],Thermo Fisher Scientific Inc Common Stock (TMO) [ST],P,10/29/2024,09/11/2025,"$1,001 - $15,000",Filing Status: New Subholding Of: Fidelity Rollover IRA,"SP Thermo Fisher Scientific Inc Common Stock (TMO) [ST] P 10/29/2024 09/11/2025 $1,001 - $15,000 Filing Status: New Subholding Of: Fidelity Rollover IRA",,,False,100,TMO,accepted,house_ptr_structure+v8_1,False,False,False,10/29/2024,False
20032070,Hon. Valerie Hoyle,Member,OR04,20032070.pdf,2025,199,SP,Thermo Fisher Scientific Inc Common Stock,Thermo Fisher Scientific Inc Common Stock,TMO,TMO,ST,P,2025-06-06,2025-09-11,1001.0,15000.0,,"$1,001 - $15,000",valid_range,New,Fidelity Rollover IRA,,,,23,23,table,False,False,,False,0,False,False,100,True,20,False,https://disclosures-clerk.house.gov/public_disc/ptr-pdfs/2025/20032070.pdf,,,SP,Thermo Fisher Scientific Inc Common Stock (TMO) [ST] Filing Status: New Subholding Of: Fidelity Rollover IRA,Thermo Fisher Scientific Inc Common Stock (TMO) [ST],P,06/06/2025,09/11/2025,"$1,001 - $15,000",,"SP Thermo Fisher Scientific Inc Common Stock (TMO) [ST] P 06/06/2025 09/11/2025 $1,001 - $15,000 Filing Status: New Subholding Of: Fidelity Rollover IRA",,,False,100,TMO,accepted,house_ptr_structure+v8_1,False,False,False,06/06/2025,False
20032070,Hon. Valerie Hoyle,Member,OR04,20032070.pdf,2025,200,SP,Thermo Fisher Scientific Inc Common Stock,Thermo Fisher Scientific Inc Common Stock,TMO,TMO,ST,S,2025-03-03,2025-09-11,1001.0,15000.0,,"$1,001 - $15,000",valid_range,New,Fidelity Rollover IRA,,,,23,23,table,False,False,,False,0,False,True,100,True,20,False,https://disclosures-clerk.house.gov/public_disc/ptr-pdfs/2025/20032070.pdf,,,SP,Thermo Fisher Scientific Inc Common Stock (TMO) [ST],Thermo Fisher Scientific Inc Common Stock (TMO) [ST],S,03/03/2025,09/11/2025,"$1,001 - $15,000",Filing Status: New Subholding Of: Fidelity Rollover IRA,"SP Thermo Fisher Scientific Inc Common Stock (TMO) [ST] S 03/03/2025 09/11/2025 $1,001 - $15,000 Filing Status: New Subholding Of: Fidelity Rollover IRA",,,False,100,TMO,accepted,house_ptr_structure+v8_1,False,False,False,03/03/2025,False
20032070,Hon. Valerie Hoyle,Member,OR04,20032070.pdf,2025,201,SP,Trane Technologies plc,Trane Technologies plc,TT,TT,ST,P,2024-10-29,2025-09-11,1001.0,15000.0,,"$1,001 - $15,000",valid_range,New,Fidelity Rollover IRA,,,,23,23,table,False,False,,False,0,False,False,100,True,20,False,https://disclosures-clerk.house.gov/public_disc/ptr-pdfs/2025/20032070.pdf,,,SP,Trane Technologies plc (TT) [ST] Filing Status: New Subholding Of: Fidelity Rollover IRA,Trane Technologies plc (TT) [ST],P,10/29/2024,09/11/2025,"$1,001 - $15,000",,"SP Trane Technologies plc (TT) [ST] P 10/29/2024 09/11/2025 $1,001 - $15,000 Filing Status: New Subholding Of: Fidelity Rollover IRA",,,False,100,TT,accepted,house_ptr_structure+v8_1,False,False,False,10/29/2024,False
20032070,Hon. Valerie Hoyle,Member,OR04,20032070.pdf,2025,202,SP,Transdigm Group Incorporated Common Stock,Transdigm Group Incorporated Common Stock,TDG,TDG,ST,P,2024-10-29,2025-09-11,1001.0,15000.0,,"$1,001 - $15,000",valid_range,New,Fidelity Rollover IRA,,,,23,23,table,False,False,,False,0,False,True,100,True,20,False,https://disclosures-clerk.house.gov/public_disc/ptr-pdfs/2025/20032070.pdf,,,SP,Transdigm Group Incorporated Common Stock (TDG) [ST],Transdigm Group Incorporated Common Stock (TDG) [ST],P,10/29/2024,09/11/2025,"$1,001 - $15,000",Filing Status: New Subholding Of: Fidelity Rollover IRA,"SP Transdigm Group Incorporated Common Stock (TDG) [ST] P 10/29/2024 09/11/2025 $1,001 - $15,000 Filing Status: New Subholding Of: Fidelity Rollover IRA",,,False,100,TDG,accepted,house_ptr_structure+v8_1,False,False,False,10/29/2024,False
20032070,Hon. Valerie Hoyle,Member,OR04,20032070.pdf,2025,203,SP,"Tyler Technologies, Inc. Common Stock","Tyler Technologies, Inc. Common Stock",TYL,TYL,ST,P,2025-06-06,2025-09-11,1001.0,15000.0,,"$1,001 - $15,000",valid_range,New,Fidelity Rollover IRA,,,,23,23,table,False,False,,False,0,False,False,100,True,20,False,https://disclosures-clerk.house.gov/public_disc/ptr-pdfs/2025/20032070.pdf,,,SP,"Tyler Technologies, Inc. Common Stock (TYL) [ST] Filing Status: New Subholding Of: Fidelity Rollover IRA","Tyler Technologies, Inc. Common Stock (TYL) [ST]",P,06/06/2025,09/11/2025,"$1,001 - $15,000",,"SP Tyler Technologies, Inc. Common Stock (TYL) [ST] P 06/06/2025 09/11/2025 $1,001 - $15,000 Filing Status: New Subholding Of: Fidelity Rollover IRA",,,False,100,TYL,accepted,house_ptr_structure+v8_1,False,False,False,06/06/2025,False
20032070,Hon. Valerie Hoyle,Member,OR04,20032070.pdf,2025,204,SP,"Tyler Technologies, Inc. Common Stock","Tyler Technologies, Inc. Common Stock",TYL,TYL,ST,P,2025-08-07,2025-09-11,1001.0,15000.0,,"$1,001 - $15,000",valid_range,New,Fidelity Rollover IRA,,,,23,23,table,False,False,,False,0,False,True,100,True,20,False,https://disclosures-clerk.house.gov/public_disc/ptr-pdfs/2025/20032070.pdf,,,SP,"Tyler Technologies, Inc. Common Stock (TYL) [ST]","Tyler Technologies, Inc. Common Stock (TYL) [ST]",P,08/07/2025,09/11/2025,"$1,001 - $15,000",Filing Status: New Subholding Of: Fidelity Rollover IRA,"SP Tyler Technologies, Inc. Common Stock (TYL) [ST] P 08/07/2025 09/11/2025 $1,001 - $15,000 Filing Status: New Subholding Of: Fidelity Rollover IRA",,,False,100,TYL,accepted,house_ptr_structure+v8_1,False,False,False,08/07/2025,False
20032070,Hon. Valerie Hoyle,Member,OR04,20032070.pdf,2025,205,SP,"Tyson Foods, Inc. Common Stock","Tyson Foods, Inc. Common Stock",TSN,TSN,ST,P,2024-10-29,2025-09-11,1001.0,15000.0,,"$1,001 - $15,000",valid_range,New,Fidelity Rollover IRA,,,,23,23,table,False,False,,False,0,False,False,100,True,20,False,https://disclosures-clerk.house.gov/public_disc/ptr-pdfs/2025/20032070.pdf,,,SP,"Tyson Foods, Inc. Common Stock (TSN) [ST] Filing Status: New Subholding Of: Fidelity Rollover IRA","Tyson Foods, Inc. Common Stock (TSN) [ST]",P,10/29/2024,09/11/2025,"$1,001 - $15,000",,"SP Tyson Foods, Inc. Common Stock (TSN) [ST] P 10/29/2024 09/11/2025 $1,001 - $15,000 Filing Status: New Subholding Of: Fidelity Rollover IRA",,,False,100,TSN,accepted,house_ptr_structure+v8_1,False,False,False,10/29/2024,False
20032070,Hon. Valerie Hoyle,Member,OR04,20032070.pdf,2025,206,SP,U.S. Bancorp Common Stock,U.S. Bancorp Common Stock,USB,USB,ST,P,2024-10-29,2025-09-11,1001.0,15000.0,,"$1,001 - $15,000",valid_range,New,Fidelity Rollover IRA,,,,23,23,table,False,False,,False,0,False,True,100,True,20,False,https://disclosures-clerk.house.gov/public_disc/ptr-pdfs/2025/20032070.pdf,,,SP,U.S. Bancorp Common Stock (USB) [ST],U.S. Bancorp Common Stock (USB) [ST],P,10/29/2024,09/11/2025,"$1,001 - $15,000",Filing Status: New Subholding Of: Fidelity Rollover IRA,"SP U.S. Bancorp Common Stock (USB) [ST] P 10/29/2024 09/11/2025 $1,001 - $15,000 Filing Status: New Subholding Of: Fidelity Rollover IRA",,,False,100,USB,accepted,house_ptr_structure+v8_1,False,False,False,10/29/2024,False
20032070,Hon. Valerie Hoyle,Member,OR04,20032070.pdf,2025,207,SP,"Uber Technologies, Inc. Common Stock","Uber Technologies, Inc. Common Stock",UBER,UBER,ST,P,2024-10-29,2025-09-11,1001.0,15000.0,,"$1,001 - $15,000",valid_range,New,Fidelity Rollover IRA,,,,24,24,table,False,False,,False,0,False,False,100,True,20,False,https://disclosures-clerk.house.gov/public_disc/ptr-pdfs/2025/20032070.pdf,,,SP,"Uber Technologies, Inc. Common Stock (UBER) [ST] Filing Status: New Subholding Of: Fidelity Rollover IRA","Uber Technologies, Inc. Common Stock (UBER) [ST]",P,10/29/2024,09/11/2025,"$1,001 - $15,000",,"SP Uber Technologies, Inc. Common Stock (UBER) [ST] P 10/29/2024 09/11/2025 $1,001 - $15,000 Filing Status: New Subholding Of: Fidelity Rollover IRA",,,False,100,UBER,accepted,house_ptr_structure+v8_1,False,False,False,10/29/2024,False
20032070,Hon. Valerie Hoyle,Member,OR04,20032070.pdf,2025,208,SP,"Uber Technologies, Inc. Common Stock","Uber Technologies, Inc. Common Stock",UBER,UBER,ST,S,2024-11-18,2025-09-11,1001.0,15000.0,,"$1,001 - $15,000",valid_range,New,Fidelity Rollover IRA,,,,24,24,table,False,False,,False,0,False,True,100,True,20,False,https://disclosures-clerk.house.gov/public_disc/ptr-pdfs/2025/20032070.pdf,,,SP,"Uber Technologies, Inc. Common Stock (UBER) [ST]","Uber Technologies, Inc. Common Stock (UBER) [ST]",S,11/18/2024,09/11/2025,"$1,001 - $15,000",Filing Status: New Subholding Of: Fidelity Rollover IRA,"SP Uber Technologies, Inc. Common Stock (UBER) [ST] S 11/18/2024 09/11/2025 $1,001 - $15,000 Filing Status: New Subholding Of: Fidelity Rollover IRA",,,False,100,UBER,accepted,house_ptr_structure+v8_1,False,False,False,11/18/2024,False
20032070,Hon. Valerie Hoyle,Member,OR04,20032070.pdf,2025,209,SP,"Uber Technologies, Inc. Common Stock","Uber Technologies, Inc. Common Stock",UBER,UBER,ST,P,2025-08-19,2025-09-11,1001.0,15000.0,,"$1,001 - $15,000",valid_range,New,Fidelity Rollover IRA,,,,24,24,table,False,False,,False,0,False,False,100,True,20,False,https://disclosures-clerk.house.gov/public_disc/ptr-pdfs/2025/20032070.pdf,,,SP,"Uber Technologies, Inc. Common Stock (UBER) [ST] Filing Status: New Subholding Of: Fidelity Rollover IRA","Uber Technologies, Inc. Common Stock (UBER) [ST]",P,08/19/2025,09/11/2025,"$1,001 - $15,000",,"SP Uber Technologies, Inc. Common Stock (UBER) [ST] P 08/19/2025 09/11/2025 $1,001 - $15,000 Filing Status: New Subholding Of: Fidelity Rollover IRA",,,False,100,UBER,accepted,house_ptr_structure+v8_1,False,False,False,08/19/2025,False
20032070,Hon. Valerie Hoyle,Member,OR04,20032070.pdf,2025,210,SP,"United Rentals, Inc. Common Stock","United Rentals, Inc. Common Stock",URI,URI,ST,P,2025-08-07,2025-09-11,1001.0,15000.0,,"$1,001 - $15,000",valid_range,New,Fidelity Rollover IRA,,,,24,24,table,False,False,,False,0,False,True,100,True,20,False,https://disclosures-clerk.house.gov/public_disc/ptr-pdfs/2025/20032070.pdf,,,SP,"United Rentals, Inc. Common Stock (URI) [ST]","United Rentals, Inc. Common Stock (URI) [ST]",P,08/07/2025,09/11/2025,"$1,001 - $15,000",Filing Status: New Subholding Of: Fidelity Rollover IRA,"SP United Rentals, Inc. Common Stock (URI) [ST] P 08/07/2025 09/11/2025 $1,001 - $15,000 Filing Status: New Subholding Of: Fidelity Rollover IRA",,,False,100,URI,accepted,house_ptr_structure+v8_1,False,False,False,08/07/2025,False
20032070,Hon. Valerie Hoyle,Member,OR04,20032070.pdf,2025,211,SP,"United Rentals, Inc. Common Stock","United Rentals, Inc. Common Stock",URI,URI,ST,P,2024-10-29,2025-09-11,1001.0,15000.0,,"$1,001 - $15,000",valid_range,New,Fidelity Rollover IRA,,,,24,24,table,False,False,,False,0,False,False,100,True,20,False,https://disclosures-clerk.house.gov/public_disc/ptr-pdfs/2025/20032070.pdf,,,SP,"United Rentals, Inc. Common Stock (URI) [ST] Filing Status: New Subholding Of: Fidelity Rollover IRA","United Rentals, Inc. Common Stock (URI) [ST]",P,10/29/2024,09/11/2025,"$1,001 - $15,000",,"SP United Rentals, Inc. Common Stock (URI) [ST] P 10/29/2024 09/11/2025 $1,001 - $15,000 Filing Status: New Subholding Of: Fidelity Rollover IRA",,,False,100,URI,accepted,house_ptr_structure+v8_1,False,False,False,10/29/2024,False
20032070,Hon. Valerie Hoyle,Member,OR04,20032070.pdf,2025,212,SP,UnitedHealth Group Incorporated Common Stock,UnitedHealth Group Incorporated Common Stock,UNH,UNH,ST,P,2024-10-29,2025-09-11,1001.0,15000.0,,"$1,001 - $15,000",valid_range,New,Fidelity Rollover IRA,,,,24,24,table,False,False,,False,0,False,True,100,True,20,False,https://disclosures-clerk.house.gov/public_disc/ptr-pdfs/2025/20032070.pdf,,,SP,UnitedHealth Group Incorporated Common Stock (UNH) [ST],UnitedHealth Group Incorporated Common Stock (UNH) [ST],P,10/29/2024,09/11/2025,"$1,001 - $15,000",Filing Status: New Subholding Of: Fidelity Rollover IRA,"SP UnitedHealth Group Incorporated Common Stock (UNH) [ST] P 10/29/2024 09/11/2025 $1,001 - $15,000 Filing Status: New Subholding Of: Fidelity Rollover IRA",,,False,100,UNH,accepted,house_ptr_structure+v8_1,False,False,False,10/29/2024,False
20032070,Hon. Valerie Hoyle,Member,OR04,20032070.pdf,2025,213,SP,UnitedHealth Group Incorporated Common Stock,UnitedHealth Group Incorporated Common Stock,UNH,UNH,ST,P,2025-04-29,2025-09-11,1001.0,15000.0,,"$1,001 - $15,000",valid_range,New,Fidelity Rollover IRA,,,,24,24,table,False,False,,False,0,False,False,100,True,20,False,https://disclosures-clerk.house.gov/public_disc/ptr-pdfs/2025/20032070.pdf,,,SP,UnitedHealth Group Incorporated Common Stock (UNH) [ST] Filing Status: New Subholding Of: Fidelity Rollover IRA,UnitedHealth Group Incorporated Common Stock (UNH) [ST],P,04/29/2025,09/11/2025,"$1,001 - $15,000",,"SP UnitedHealth Group Incorporated Common Stock (UNH) [ST] P 04/29/2025 09/11/2025 $1,001 - $15,000 Filing Status: New Subholding Of: Fidelity Rollover IRA",,,False,100,UNH,accepted,house_ptr_structure+v8_1,False,False,False,04/29/2025,False
20032070,Hon. Valerie Hoyle,Member,OR04,20032070.pdf,2025,214,SP,UnitedHealth Group Incorporated Common Stock,UnitedHealth Group Incorporated Common Stock,UNH,UNH,ST,S (partial),2025-05-06,2025-09-11,1001.0,15000.0,,"$1,001 - $15,000",valid_range,New,Fidelity Rollover IRA,,,,24,24,table,False,False,,False,0,False,True,100,True,20,False,https://disclosures-clerk.house.gov/public_disc/ptr-pdfs/2025/20032070.pdf,,,SP,UnitedHealth Group Incorporated Common Stock (UNH) [ST],UnitedHealth Group Incorporated Common Stock (UNH) [ST],S (partial),05/06/2025,09/11/2025,"$1,001 - $15,000",Filing Status: New Subholding Of: Fidelity Rollover IRA,"SP UnitedHealth Group Incorporated Common Stock (UNH) [ST] S (partial) 05/06/2025 09/11/2025 $1,001 - $15,000 Filing Status: New Subholding Of: Fidelity Rollover IRA",,,False,100,UNH,accepted,house_ptr_structure+v8_1,False,False,False,05/06/2025,False
20032070,Hon. Valerie Hoyle,Member,OR04,20032070.pdf,2025,215,SP,UnitedHealth Group Incorporated Common Stock,UnitedHealth Group Incorporated Common Stock,UNH,UNH,ST,P,2025-04-15,2025-09-11,1001.0,15000.0,,"$1,001 - $15,000",valid_range,New,Fidelity Rollover IRA,,,,24,24,table,False,False,,False,0,False,False,100,True,20,False,https://disclosures-clerk.house.gov/public_disc/ptr-pdfs/2025/20032070.pdf,,,SP,UnitedHealth Group Incorporated Common Stock (UNH) [ST] Filing Status: New Subholding Of: Fidelity Rollover IRA,UnitedHealth Group Incorporated Common Stock (UNH) [ST],P,04/15/2025,09/11/2025,"$1,001 - $15,000",,"SP UnitedHealth Group Incorporated Common Stock (UNH) [ST] P 04/15/2025 09/11/2025 $1,001 - $15,000 Filing Status: New Subholding Of: Fidelity Rollover IRA",,,False,100,UNH,accepted,house_ptr_structure+v8_1,False,False,False,04/15/2025,False
20032070,Hon. Valerie Hoyle,Member,OR04,20032070.pdf,2025,216,SP,UnitedHealth Group Incorporated Common Stock,UnitedHealth Group Incorporated Common Stock,UNH,UNH,ST,S (partial),2025-01-24,2025-09-11,1001.0,15000.0,,"$1,001 - $15,000",valid_range,New,Fidelity Rollover IRA,,,,25,25,table,False,False,,False,0,False,True,100,True,20,False,https://disclosures-clerk.house.gov/public_disc/ptr-pdfs/2025/20032070.pdf,,,SP,UnitedHealth Group Incorporated Common Stock (UNH) [ST],UnitedHealth Group Incorporated Common Stock (UNH) [ST],S (partial),01/24/2025,09/11/2025,"$1,001 - $15,000",Filing Status: New Subholding Of: Fidelity Rollover IRA,"SP UnitedHealth Group Incorporated Common Stock (UNH) [ST] S (partial) 01/24/2025 09/11/2025 $1,001 - $15,000 Filing Status: New Subholding Of: Fidelity Rollover IRA",,,False,100,UNH,accepted,house_ptr_structure+v8_1,False,False,False,01/24/2025,False
20032070,Hon. Valerie Hoyle,Member,OR04,20032070.pdf,2025,217,SP,US Foods Holding Corp. Common Stock,US Foods Holding Corp. Common Stock,USFD,USFD,ST,P,2024-10-29,2025-09-11,1001.0,15000.0,,"$1,001 - $15,000",valid_range,New,Fidelity Rollover IRA,,,,25,25,table,False,False,,False,0,False,False,100,True,20,False,https://disclosures-clerk.house.gov/public_disc/ptr-pdfs/2025/20032070.pdf,,,SP,US Foods Holding Corp. Common Stock (USFD) [ST] Filing Status: New Subholding Of: Fidelity Rollover IRA,US Foods Holding Corp. Common Stock (USFD) [ST],P,10/29/2024,09/11/2025,"$1,001 - $15,000",,"SP US Foods Holding Corp. Common Stock (USFD) [ST] P 10/29/2024 09/11/2025 $1,001 - $15,000 Filing Status: New Subholding Of: Fidelity Rollover IRA",,,False,100,USFD,accepted,house_ptr_structure+v8_1,False,False,False,10/29/2024,False
20032070,Hon. Valerie Hoyle,Member,OR04,20032070.pdf,2025,218,SP,"Verisk Analytics, Inc. - Common Stock","Verisk Analytics, Inc. - Common Stock",VRSK,VRSK,ST,P,2024-10-29,2025-09-11,1001.0,15000.0,,"$1,001 - $15,000",valid_range,New,Fidelity Rollover IRA,,,,25,25,table,False,False,,False,0,False,True,100,True,20,False,https://disclosures-clerk.house.gov/public_disc/ptr-pdfs/2025/20032070.pdf,,,SP,"Verisk Analytics, Inc. - Common Stock (VRSK) [ST]","Verisk Analytics, Inc. - Common Stock (VRSK) [ST]",P,10/29/2024,09/11/2025,"$1,001 - $15,000",Filing Status: New Subholding Of: Fidelity Rollover IRA,"SP Verisk Analytics, Inc. - Common Stock (VRSK) [ST] P 10/29/2024 09/11/2025 $1,001 - $15,000 Filing Status: New Subholding Of: Fidelity Rollover IRA",,,False,100,VRSK,accepted,house_ptr_structure+v8_1,False,False,False,10/29/2024,False
20032070,Hon. Valerie Hoyle,Member,OR04,20032070.pdf,2025,219,SP,"Vertiv Holdings, LLC Class A Common Stock","Vertiv Holdings, LLC Class A Common Stock",VRT,VRT,ST,P,2024-10-29,2025-09-11,1001.0,15000.0,,"$1,001 - $15,000",valid_range,New,Fidelity Rollover IRA,,,,25,25,table,False,False,,False,0,False,False,100,True,20,False,https://disclosures-clerk.house.gov/public_disc/ptr-pdfs/2025/20032070.pdf,,,SP,"Vertiv Holdings, LLC Class A Common Stock (VRT) [ST] Filing Status: New Subholding Of: Fidelity Rollover IRA","Vertiv Holdings, LLC Class A Common Stock (VRT) [ST]",P,10/29/2024,09/11/2025,"$1,001 - $15,000",,"SP Vertiv Holdings, LLC Class A Common Stock (VRT) [ST] P 10/29/2024 09/11/2025 $1,001 - $15,000 Filing Status: New Subholding Of: Fidelity Rollover IRA",,,False,100,VRT,accepted,house_ptr_structure+v8_1,False,False,False,10/29/2024,False
20032070,Hon. Valerie Hoyle,Member,OR04,20032070.pdf,2025,220,SP,Visa Inc.,Visa Inc.,V,V,ST,P,2024-10-29,2025-09-11,1001.0,15000.0,,"$1,001 - $15,000",valid_range,New,Fidelity Rollover IRA,,,,25,25,table,False,False,,False,0,False,True,100,True,20,False,https://disclosures-clerk.house.gov/public_disc/ptr-pdfs/2025/20032070.pdf,,,SP,Visa Inc. (V) [ST],Visa Inc. (V) [ST],P,10/29/2024,09/11/2025,"$1,001 - $15,000",Filing Status: New Subholding Of: Fidelity Rollover IRA,"SP Visa Inc. (V) [ST] P 10/29/2024 09/11/2025 $1,001 - $15,000 Filing Status: New Subholding Of: Fidelity Rollover IRA",,,False,100,V,accepted,house_ptr_structure+v8_1,False,False,False,10/29/2024,False
20032070,Hon. Valerie Hoyle,Member,OR04,20032070.pdf,2025,221,SP,Vulcan Materials Company,Vulcan Materials Company,VMC,VMC,ST,P,2024-10-29,2025-09-11,1001.0,15000.0,,"$1,001 - $15,000",valid_range,New,Fidelity Rollover IRA,,,,25,25,table,False,False,,False,0,False,False,100,True,20,False,https://disclosures-clerk.house.gov/public_disc/ptr-pdfs/2025/20032070.pdf,,,SP,Vulcan Materials Company (VMC) [ST] Filing Status: New Subholding Of: Fidelity Rollover IRA,Vulcan Materials Company (VMC) [ST],P,10/29/2024,09/11/2025,"$1,001 - $15,000",,"SP Vulcan Materials Company (VMC) [ST] P 10/29/2024 09/11/2025 $1,001 - $15,000 Filing Status: New Subholding Of: Fidelity Rollover IRA",,,False,100,VMC,accepted,house_ptr_structure+v8_1,False,False,False,10/29/2024,False
20032070,Hon. Valerie Hoyle,Member,OR04,20032070.pdf,2025,222,SP,Vulcan Materials Company,Vulcan Materials Company,VMC,VMC,ST,S,2025-06-06,2025-09-11,1001.0,15000.0,,"$1,001 - $15,000",valid_range,New,Fidelity Rollover IRA,,,,25,25,table,False,False,,False,0,False,True,100,True,20,False,https://disclosures-clerk.house.gov/public_disc/ptr-pdfs/2025/20032070.pdf,,,SP,Vulcan Materials Company (VMC) [ST],Vulcan Materials Company (VMC) [ST],S,06/06/2025,09/11/2025,"$1,001 - $15,000",Filing Status: New Subholding Of: Fidelity Rollover IRA,"SP Vulcan Materials Company (VMC) [ST] S 06/06/2025 09/11/2025 $1,001 - $15,000 Filing Status: New Subholding Of: Fidelity Rollover IRA",,,False,100,VMC,accepted,house_ptr_structure+v8_1,False,False,False,06/06/2025,False
20032070,Hon. Valerie Hoyle,Member,OR04,20032070.pdf,2025,223,SP,"Walgreens Boots Alliance, Inc. - Common Stock","Walgreens Boots Alliance, Inc. - Common Stock",WBA,WBA,ST,S,2025-08-27,2025-09-11,1001.0,15000.0,,"$1,001 - $15,000",valid_range,New,Fidelity Rollover IRA,,"Purchase less than $1,000",,25,25,table,False,False,,False,0,False,False,100,True,30,False,https://disclosures-clerk.house.gov/public_disc/ptr-pdfs/2025/20032070.pdf,,,SP,"Walgreens Boots Alliance, Inc. - Common Stock (WBA) [ST] Filing Status: New Subholding Of: Fidelity Rollover IRA Description: Purchase less than $1,000","Walgreens Boots Alliance, Inc. - Common Stock (WBA) [ST]",S,08/27/2025,09/11/2025,"$1,001 - $15,000",,"SP Walgreens Boots Alliance, Inc. - Common Stock (WBA) [ST] S 08/27/2025 09/11/2025 $1,001 - $15,000 Filing Status: New Subholding Of: Fidelity Rollover IRA Description: Purchase less than $1,000",,,False,100,WBA,accepted,house_ptr_structure+v8_1,False,False,False,08/27/2025,False
20032070,Hon. Valerie Hoyle,Member,OR04,20032070.pdf,2025,224,SP,Walt Disney Company,Walt Disney Company,DIS,DIS,ST,P,2024-10-29,2025-09-11,1001.0,15000.0,,"$1,001 - $15,000",valid_range,New,Fidelity Rollover IRA,,,,25,25,table,False,False,,False,0,False,True,100,True,20,False,https://disclosures-clerk.house.gov/public_disc/ptr-pdfs/2025/20032070.pdf,,,SP,Walt Disney Company (DIS) [ST],Walt Disney Company (DIS) [ST],P,10/29/2024,09/11/2025,"$1,001 - $15,000",Filing Status: New Subholding Of: Fidelity Rollover IRA,"SP Walt Disney Company (DIS) [ST] P 10/29/2024 09/11/2025 $1,001 - $15,000 Filing Status: New Subholding Of: Fidelity Rollover IRA",,,False,100,DIS,accepted,house_ptr_structure+v8_1,False,False,False,10/29/2024,False
20032070,Hon. Valerie Hoyle,Member,OR04,20032070.pdf,2025,225,SP,"Waste Connections, Inc. Common Shares","Waste Connections, Inc. Common Shares",WCN,WCN,ST,P,2024-10-29,2025-09-11,1001.0,15000.0,,"$1,001 - $15,000",valid_range,New,Fidelity Rollover IRA,,,,26,26,table,False,False,,False,0,False,False,100,True,20,False,https://disclosures-clerk.house.gov/public_disc/ptr-pdfs/2025/20032070.pdf,,,SP,"Waste Connections, Inc. Common Shares (WCN) [ST] Filing Status: New Subholding Of: Fidelity Rollover IRA","Waste Connections, Inc. Common Shares (WCN) [ST]",P,10/29/2024,09/11/2025,"$1,001 - $15,000",,"SP Waste Connections, Inc. Common Shares (WCN) [ST] P 10/29/2024 09/11/2025 $1,001 - $15,000 Filing Status: New Subholding Of: Fidelity Rollover IRA",,,False,100,WCN,accepted,house_ptr_structure+v8_1,False,False,False,10/29/2024,False
20032070,Hon. Valerie Hoyle,Member,OR04,20032070.pdf,2025,226,SP,"Watsco, Inc. Common Stock","Watsco, Inc. Common Stock",WSO,WSO,ST,P,2024-10-29,2025-09-11,1001.0,15000.0,,"$1,001 - $15,000",valid_range,New,Fidelity Rollover IRA,,,,26,26,table,False,False,,False,0,False,True,100,True,20,False,https://disclosures-clerk.house.gov/public_disc/ptr-pdfs/2025/20032070.pdf,,,SP,"Watsco, Inc. Common Stock (WSO) [ST]","Watsco, Inc. Common Stock (WSO) [ST]",P,10/29/2024,09/11/2025,"$1,001 - $15,000",Filing Status: New Subholding Of: Fidelity Rollover IRA,"SP Watsco, Inc. Common Stock (WSO) [ST] P 10/29/2024 09/11/2025 $1,001 - $15,000 Filing Status: New Subholding Of: Fidelity Rollover IRA",,,False,100,WSO,accepted,house_ptr_structure+v8_1,False,False,False,10/29/2024,False
20032070,Hon. Valerie Hoyle,Member,OR04,20032070.pdf,2025,227,SP,Wells Fargo & Company Common Stock,Wells Fargo & Company Common Stock,WFC,WFC,ST,P,2024-10-29,2025-09-11,1001.0,15000.0,,"$1,001 - $15,000",valid_range,New,Fidelity Rollover IRA,,,,26,26,table,False,False,,False,0,False,False,100,True,20,False,https://disclosures-clerk.house.gov/public_disc/ptr-pdfs/2025/20032070.pdf,,,SP,Wells Fargo & Company Common Stock (WFC) [ST] Filing Status: New Subholding Of: Fidelity Rollover IRA,Wells Fargo & Company Common Stock (WFC) [ST],P,10/29/2024,09/11/2025,"$1,001 - $15,000",,"SP Wells Fargo & Company Common Stock (WFC) [ST] P 10/29/2024 09/11/2025 $1,001 - $15,000 Filing Status: New Subholding Of: Fidelity Rollover IRA",,,False,100,WFC,accepted,house_ptr_structure+v8_1,False,False,False,10/29/2024,False
20032070,Hon. Valerie Hoyle,Member,OR04,20032070.pdf,2025,228,SP,Wells Fargo & Company Common Stock,Wells Fargo & Company Common Stock,WFC,WFC,ST,P,2025-06-06,2025-09-11,1001.0,15000.0,,"$1,001 - $15,000",valid_range,New,Fidelity Rollover IRA,,,,26,26,table,False,False,,False,0,False,True,100,True,20,False,https://disclosures-clerk.house.gov/public_disc/ptr-pdfs/2025/20032070.pdf,,,SP,Wells Fargo & Company Common Stock (WFC) [ST],Wells Fargo & Company Common Stock (WFC) [ST],P,06/06/2025,09/11/2025,"$1,001 - $15,000",Filing Status: New Subholding Of: Fidelity Rollover IRA,"SP Wells Fargo & Company Common Stock (WFC) [ST] P 06/06/2025 09/11/2025 $1,001 - $15,000 Filing Status: New Subholding Of: Fidelity Rollover IRA",,,False,100,WFC,accepted,house_ptr_structure+v8_1,False,False,False,06/06/2025,False
20032070,Hon. Valerie Hoyle,Member,OR04,20032070.pdf,2025,229,SP,Westinghouse Air Brake Technologies Corporation Common Stock,Westinghouse Air Brake Technologies Corporation Common Stock,WAB,WAB,ST,P,2024-10-29,2025-09-11,1001.0,15000.0,,"$1,001 - $15,000",valid_range,New,Fidelity Rollover IRA,,,,26,26,table,False,False,,False,0,False,False,100,True,20,False,https://disclosures-clerk.house.gov/public_disc/ptr-pdfs/2025/20032070.pdf,,,SP,Westinghouse Air Brake Technologies Corporation Common Stock (WAB) [ST] Filing Status: New Subholding Of: Fidelity Rollover IRA,Westinghouse Air Brake Technologies Corporation Common Stock (WAB) [ST],P,10/29/2024,09/11/2025,"$1,001 - $15,000",,"SP Westinghouse Air Brake Technologies Corporation Common Stock (WAB) [ST] P 10/29/2024 09/11/2025 $1,001 - $15,000 Filing Status: New Subholding Of: Fidelity Rollover IRA",,,False,100,WAB,accepted,house_ptr_structure+v8_1,False,False,False,10/29/2024,False
20032070,Hon. Valerie Hoyle,Member,OR04,20032070.pdf,2025,230,SP,Willis Towers Watson Public Limited Company - Ordinary Shares,Willis Towers Watson Public Limited Company - Ordinary Shares,WTW,WTW,ST,P,2024-10-29,2025-09-11,1001.0,15000.0,,"$1,001 - $15,000",valid_range,New,Fidelity Rollover IRA,,,,26,26,table,False,False,,False,0,False,True,100,True,20,False,https://disclosures-clerk.house.gov/public_disc/ptr-pdfs/2025/20032070.pdf,,,SP,Willis Towers Watson Public Limited Company - Ordinary Shares (WTW) [ST],Willis Towers Watson Public Limited Company - Ordinary Shares (WTW) [ST],P,10/29/2024,09/11/2025,"$1,001 - $15,000",Filing Status: New Subholding Of: Fidelity Rollover IRA,"SP Willis Towers Watson Public Limited Company - Ordinary Shares (WTW) [ST] P 10/29/2024 09/11/2025 $1,001 - $15,000 Filing Status: New Subholding Of: Fidelity Rollover IRA",,,False,100,WTW,accepted,house_ptr_structure+v8_1,False,False,False,10/29/2024,False
