filing_id,politician,member_status,state_district,source_pdf,source_year,transaction_number_in_filing,owner,asset_v8_2_cleaned,asset_v8_1,ticker_v8_2_cleaned,ticker_v8_1,asset_type,transaction_type,transaction_date,notification_date,amount_min,amount_max,amount_exact,amount_category,amount_status,filing_status,subholding,location,description,comments,page,last_page,page_parse_method,page_recovery_used,filing_page_completeness_issue,suspected_missed_pages,page_continuation_used,duplicate_geometry_rows_merged,possible_adjacent_same_signature,row_shaded,geometry_quality_score,unicode_repair_applied,unicode_repair_count,needs_review,original_pdf_url,review_level,review_reason,owner_raw,asset_raw,asset_lookup_context,transaction_type_raw,transaction_date_raw,notification_date_raw,amount_raw,continuation_raw,detail_raw,review_reason_v8_1,review_level_v8_1,needs_review_v8_1,geometry_quality_score_v8_1,ticker_candidate_raw,ticker_parse_status,ticker_validation_source,ticker_changed,asset_changed_by_ticker_resolver,raw_date_has_extra_text,raw_date_prefix,date_prefix_disagrees,amount_exact_before_p2,amount_status_before_p2
20030930,Hon. Ritchie John Torres,Member,NY15,20030930.pdf,2025,1,,AbbVie Inc. Common Stock,AbbVie Inc. Common Stock,ABBV,ABBV,ST,P,2024-09-26,2025-08-01,1001.0,15000.0,,"$1,001 - $15,000",valid_range,New,,,,"This investment is held within a publicly available, widely held independently managed portfolio over which I have no authority to exercise control over or influence the financial interests held by the portfolio. The assets of the portfolio are widely diversified, and all investment decisions are made solely by the independent manager, without my input or direction.",1,1,table,False,False,,False,0,False,False,100,True,17,False,https://disclosures-clerk.house.gov/public_disc/ptr-pdfs/2025/20030930.pdf,,,,"AbbVie Inc. Common Stock (ABBV) [ST] Filing Status: New Comments: This investment is held within have no authority to exercise control over are widely diversified, and all investment direction.",AbbVie Inc. Common Stock (ABBV) [ST],P n a publicly availa or influence the f decisions are mad,"09/26/2024 able, widely hel financial intere de solely by the",08/01/2025 ld independently m sts held by the po e independent ma,"$1,001 - $15,000 managed portfolio ov ortfolio. The assets of anager, without my in",,"AbbVie Inc. Common Stock (ABBV) [ST] P 09/26/2024 08/01/2025 $1,001 - $15,000 Filing Status: New Comments: This investment is held within a publicly available, widely held independently managed portfolio over which I have no authority to exercise control over or influence the financial interests held by the portfolio. The assets of the portfolio are widely diversified, and all investment decisions are made solely by the independent manager, without my input or direction.",,,False,100,ABBV,accepted,house_ptr_structure+v8_1,False,False,True,09/26/2024,False,,valid_range
20030930,Hon. Ritchie John Torres,Member,NY15,20030930.pdf,2025,2,,AbbVie Inc. Common Stock,AbbVie Inc. Common Stock,ABBV,ABBV,ST,S,2025-07-11,2025-08-01,1001.0,15000.0,,"$1,001 - $15,000",valid_range,New,,,,"This investment is held within a publicly available, widely held independently managed portfolio over which I have no authority to exercise control over or influence the financial interests held by the portfolio. The assets of the portfolio are widely diversified, and all investment decisions are made solely by the independent manager, without my input or direction.",1,1,table,False,False,,False,0,False,True,100,True,17,False,https://disclosures-clerk.house.gov/public_disc/ptr-pdfs/2025/20030930.pdf,,,,AbbVie Inc. Common Stock (ABBV) [ST],AbbVie Inc. Common Stock (ABBV) [ST],S,07/11/2025,08/01/2025,"$1,001 - $15,000","Filing Status: New Comments: This investment is held within a publicly available, widely held independently managed portfolio over which I have no authority to exercise control over or influence the financial interests held by the portfolio. The assets of the portfolio are widely diversified, and all investment decisions are made solely by the independent manager, without my input or direction.","AbbVie Inc. Common Stock (ABBV) [ST] S 07/11/2025 08/01/2025 $1,001 - $15,000 Filing Status: New Comments: This investment is held within a publicly available, widely held independently managed portfolio over which I have no authority to exercise control over or influence the financial interests held by the portfolio. The assets of the portfolio are widely diversified, and all investment decisions are made solely by the independent manager, without my input or direction.",,,False,100,ABBV,accepted,house_ptr_structure+v8_1,False,False,False,07/11/2025,False,,valid_range
20030930,Hon. Ritchie John Torres,Member,NY15,20030930.pdf,2025,3,,"Alexandria Real Estate Equities, Inc. Common Stock","Alexandria Real Estate Equities, Inc. Common Stock",ARE,ARE,ST,P,2024-09-26,2025-08-01,1001.0,15000.0,,"$1,001 - $15,000",valid_range,New,,,,"This investment is held within a publicly available, widely held independently managed portfolio over which I have no authority to exercise control over or influence the financial interests held by the portfolio. The assets of the portfolio are widely diversified, and all investment decisions are made solely by the independent manager, without my input or direction.",1,1,table,False,False,,False,0,False,False,100,True,17,False,https://disclosures-clerk.house.gov/public_disc/ptr-pdfs/2025/20030930.pdf,,,,"Alexandria Real Estate Equities, Inc. Common Stock (ARE) [ST] Filing Status: New Comments: This investment is held within have no authority to exercise control over are widely diversified, and all investment direction.","Alexandria Real Estate Equities, Inc. Common Stock (ARE) [ST]",P n a publicly availa or influence the f decisions are mad,"09/26/2024 able, widely hel financial intere de solely by the",08/01/2025 ld independently m sts held by the po e independent ma,"$1,001 - $15,000 managed portfolio ov ortfolio. The assets of anager, without my in",,"Alexandria Real Estate Equities, Inc. Common Stock (ARE) [ST] P 09/26/2024 08/01/2025 $1,001 - $15,000 Filing Status: New Comments: This investment is held within a publicly available, widely held independently managed portfolio over which I have no authority to exercise control over or influence the financial interests held by the portfolio. The assets of the portfolio are widely diversified, and all investment decisions are made solely by the independent manager, without my input or direction.",,,False,100,ARE,accepted,house_ptr_structure+v8_1,False,False,True,09/26/2024,False,,valid_range
20030930,Hon. Ritchie John Torres,Member,NY15,20030930.pdf,2025,4,,Alphabet Inc. - Class A Common Stock,Alphabet Inc. - Class A Common Stock,GOOGL,GOOGL,ST,P,2024-09-26,2025-08-01,1001.0,15000.0,,"$1,001 - $15,000",valid_range,New,,,,"This investment is held within a publicly available, widely held independently managed portfolio over which I have no authority to exercise control over or influence the financial interests held by the portfolio. The assets of the portfolio are widely diversified, and all investment decisions are made solely by the independent manager, without my input or ID Owner Asset Transaction Type Date Notification Date Amount Cap. Gains > $200?",1,2,table,True,False,,True,0,False,True,98,True,17,False,https://disclosures-clerk.house.gov/public_disc/ptr-pdfs/2025/20030930.pdf,,,,Alphabet Inc. - Class A Common Stock (GOOGL) [ST],Alphabet Inc. - Class A Common Stock (GOOGL) [ST],P,09/26/2024,08/01/2025,"$1,001 - $15,000","Filing Status: New Comments: This investment is held within a publicly available, widely held independently managed portfolio over which I have no authority to exercise control over or influence the financial interests held by the portfolio. The assets of the portfolio are widely diversified, and all investment decisions are made solely by the independent manager, without my input or ID Owner Asset Transaction Type Date Notification Date Amount Cap. Gains > $200?","Alphabet Inc. - Class A Common Stock (GOOGL) [ST] P 09/26/2024 08/01/2025 $1,001 - $15,000 Filing Status: New Comments: This investment is held within a publicly available, widely held independently managed portfolio over which I have no authority to exercise control over or influence the financial interests held by the portfolio. The assets of the portfolio are widely diversified, and all investment decisions are made solely by the independent manager, without my input or ID Owner Asset Transaction Type Date Notification Date Amount Cap. Gains > $200?",,,False,98,GOOGL,accepted,house_ptr_structure+v8_1,False,False,False,09/26/2024,False,,valid_range
20030930,Hon. Ritchie John Torres,Member,NY15,20030930.pdf,2025,5,,Alphabet Inc. - Class A Common Stock,Alphabet Inc. - Class A Common Stock,GOOGL,GOOGL,ST,S,2025-07-11,2025-08-01,1001.0,15000.0,,"$1,001 - $15,000",valid_range,New,,,,"This investment is held within a publicly available, widely held independently managed portfolio over which I have no authority to exercise control over or influence the financial interests held by the portfolio. The assets of the portfolio are widely diversified, and all investment decisions are made solely by the independent manager, without my input or direction.",2,2,relaxed_table,True,False,,False,0,False,False,100,True,17,False,https://disclosures-clerk.house.gov/public_disc/ptr-pdfs/2025/20030930.pdf,,,,"Alphabet Inc. - Class A Common Stock (GOOGL) [ST] Filing Status: New Comments: This investment is held within have no authority to exercise control over are widely diversified, and all investment direction.",Alphabet Inc. - Class A Common Stock (GOOGL) [ST],S n a publicly availa or influence the f decisions are mad,"07/11/2025 able, widely hel financial intere de solely by the",08/01/2025 ld independently m sts held by the po e independent ma,"$1,001 - $15,000 managed portfolio ov ortfolio. The assets of anager, without my in",,"Alphabet Inc. - Class A Common Stock (GOOGL) [ST] S 07/11/2025 08/01/2025 $1,001 - $15,000 Filing Status: New Comments: This investment is held within a publicly available, widely held independently managed portfolio over which I have no authority to exercise control over or influence the financial interests held by the portfolio. The assets of the portfolio are widely diversified, and all investment decisions are made solely by the independent manager, without my input or direction.",,,False,100,GOOGL,accepted,house_ptr_structure+v8_1,False,False,True,07/11/2025,False,,valid_range
20030930,Hon. Ritchie John Torres,Member,NY15,20030930.pdf,2025,6,,American Homes 4 Rent Common Shares of Beneficial Interest,American Homes 4 Rent Common Shares of Beneficial Interest,AMH,AMH,ST,S,2025-07-11,2025-08-01,1001.0,15000.0,,"$1,001 - $15,000",valid_range,New,,,,"This investment is held within a publicly available, widely held independently managed portfolio over which I have no authority to exercise control over or influence the financial interests held by the portfolio. The assets of the portfolio are widely diversified, and all investment decisions are made solely by the independent manager, without my input or direction.",2,2,relaxed_table,True,False,,False,0,False,True,100,True,17,False,https://disclosures-clerk.house.gov/public_disc/ptr-pdfs/2025/20030930.pdf,,,,American Homes 4 Rent Common Shares of Beneficial Interest (AMH) [ST],American Homes 4 Rent Common Shares of Beneficial Interest (AMH) [ST],S,07/11/2025,08/01/2025,"$1,001 - $15,000","Filing Status: New Comments: This investment is held within a publicly available, widely held independently managed portfolio over which I have no authority to exercise control over or influence the financial interests held by the portfolio. The assets of the portfolio are widely diversified, and all investment decisions are made solely by the independent manager, without my input or direction.","American Homes 4 Rent Common Shares of Beneficial Interest (AMH) [ST] S 07/11/2025 08/01/2025 $1,001 - $15,000 Filing Status: New Comments: This investment is held within a publicly available, widely held independently managed portfolio over which I have no authority to exercise control over or influence the financial interests held by the portfolio. The assets of the portfolio are widely diversified, and all investment decisions are made solely by the independent manager, without my input or direction.",,,False,100,AMH,accepted,house_ptr_structure+v8_1,False,False,False,07/11/2025,False,,valid_range
20030930,Hon. Ritchie John Torres,Member,NY15,20030930.pdf,2025,7,,American Homes 4 Rent Common Shares of Beneficial Interest,American Homes 4 Rent Common Shares of Beneficial Interest,AMH,AMH,ST,P,2024-09-26,2025-08-01,1001.0,15000.0,,"$1,001 - $15,000",valid_range,New,,,,"This investment is held within a publicly available, widely held independently managed portfolio over which I have no authority to exercise control over or influence the financial interests held by the portfolio. The assets of the portfolio are widely diversified, and all investment decisions are made solely by the independent manager, without my input or direction.",2,2,relaxed_table,True,False,,False,0,False,False,100,True,17,False,https://disclosures-clerk.house.gov/public_disc/ptr-pdfs/2025/20030930.pdf,,,,"American Homes 4 Rent Common Shares of Beneficial Interest (AMH) [ST] Filing Status: New Comments: This investment is held within have no authority to exercise control over are widely diversified, and all investment direction.",American Homes 4 Rent Common Shares of Beneficial Interest (AMH) [ST],P n a publicly availa or influence the f decisions are mad,"09/26/2024 able, widely hel financial intere de solely by the",08/01/2025 ld independently m sts held by the po e independent ma,"$1,001 - $15,000 managed portfolio ov ortfolio. The assets of anager, without my in",,"American Homes 4 Rent Common Shares of Beneficial Interest (AMH) [ST] P 09/26/2024 08/01/2025 $1,001 - $15,000 Filing Status: New Comments: This investment is held within a publicly available, widely held independently managed portfolio over which I have no authority to exercise control over or influence the financial interests held by the portfolio. The assets of the portfolio are widely diversified, and all investment decisions are made solely by the independent manager, without my input or direction.",,,False,100,AMH,accepted,house_ptr_structure+v8_1,False,False,True,09/26/2024,False,,valid_range
20030930,Hon. Ritchie John Torres,Member,NY15,20030930.pdf,2025,8,,American Tower Corporation,American Tower Corporation,AMT,AMT,ST,P,2024-09-26,2025-08-01,1001.0,15000.0,,"$1,001 - $15,000",valid_range,New,,,,"This investment is held within a publicly available, widely held independently managed portfolio over which I have no authority to exercise control over or influence the financial interests held by the portfolio. The assets of the portfolio are widely diversified, and all investment decisions are made solely by the independent manager, without my input or direction.",2,2,relaxed_table,True,False,,False,0,False,True,100,True,17,False,https://disclosures-clerk.house.gov/public_disc/ptr-pdfs/2025/20030930.pdf,,,,American Tower Corporation (AMT) [ST],American Tower Corporation (AMT) [ST],P,09/26/2024,08/01/2025,"$1,001 - $15,000","Filing Status: New Comments: This investment is held within a publicly available, widely held independently managed portfolio over which I have no authority to exercise control over or influence the financial interests held by the portfolio. The assets of the portfolio are widely diversified, and all investment decisions are made solely by the independent manager, without my input or direction.","American Tower Corporation (AMT) [ST] P 09/26/2024 08/01/2025 $1,001 - $15,000 Filing Status: New Comments: This investment is held within a publicly available, widely held independently managed portfolio over which I have no authority to exercise control over or influence the financial interests held by the portfolio. The assets of the portfolio are widely diversified, and all investment decisions are made solely by the independent manager, without my input or direction.",,,False,100,AMT,accepted,house_ptr_structure+v8_1,False,False,False,09/26/2024,False,,valid_range
20030930,Hon. Ritchie John Torres,Member,NY15,20030930.pdf,2025,9,,American Tower Corporation,American Tower Corporation,AMT,AMT,ST,S,2025-07-11,2025-08-01,1001.0,15000.0,,"$1,001 - $15,000",valid_range,New,,,,"This investment is held within a publicly available, widely held independently managed portfolio over which I have no authority to exercise control over or influence the financial interests held by the portfolio. The assets of the portfolio are widely diversified, and all investment decisions are made solely by the independent manager, without my input or direction.",2,2,relaxed_table,True,False,,False,0,False,False,100,True,17,False,https://disclosures-clerk.house.gov/public_disc/ptr-pdfs/2025/20030930.pdf,,,,"American Tower Corporation (AMT) [ST] Filing Status: New Comments: This investment is held within have no authority to exercise control over are widely diversified, and all investment direction.",American Tower Corporation (AMT) [ST],S n a publicly availa or influence the f decisions are mad,"07/11/2025 able, widely hel financial intere de solely by the",08/01/2025 ld independently m sts held by the po e independent ma,"$1,001 - $15,000 managed portfolio ov ortfolio. The assets of anager, without my in",,"American Tower Corporation (AMT) [ST] S 07/11/2025 08/01/2025 $1,001 - $15,000 Filing Status: New Comments: This investment is held within a publicly available, widely held independently managed portfolio over which I have no authority to exercise control over or influence the financial interests held by the portfolio. The assets of the portfolio are widely diversified, and all investment decisions are made solely by the independent manager, without my input or direction.",,,False,100,AMT,accepted,house_ptr_structure+v8_1,False,False,True,07/11/2025,False,,valid_range
20030930,Hon. Ritchie John Torres,Member,NY15,20030930.pdf,2025,10,,"Apollo Global Management, Inc.","Apollo Global Management, Inc.",APO,APO,ST,P,2024-09-26,2025-08-01,1001.0,15000.0,,"$1,001 - $15,000",valid_range,New,,,,"This investment is held within a publicly available, widely held independently managed portfolio over which I have no authority to exercise control over or influence the financial interests held by the portfolio. The assets of the portfolio are widely diversified, and all investment decisions are made solely by the independent manager, without my input or direction.",2,3,relaxed_table,True,False,,True,0,False,True,98,True,17,False,https://disclosures-clerk.house.gov/public_disc/ptr-pdfs/2025/20030930.pdf,,,,"Apollo Global Management, Inc. (APO) [ST]","Apollo Global Management, Inc. (APO) [ST]",P,09/26/2024,08/01/2025,"$1,001 - $15,000","Filing Status: New Comments: This investment is held within a publicly available, widely held independently managed portfolio over which I have no authority to exercise control over or influence the financial interests held by the portfolio. The assets of the portfolio are widely diversified, and all investment decisions are made solely by the independent manager, without my input or direction.","Apollo Global Management, Inc. (APO) [ST] P 09/26/2024 08/01/2025 $1,001 - $15,000 Filing Status: New Comments: This investment is held within a publicly available, widely held independently managed portfolio over which I have no authority to exercise control over or influence the financial interests held by the portfolio. The assets of the portfolio are widely diversified, and all investment decisions are made solely by the independent manager, without my input or direction.",,,False,98,APO,accepted,house_ptr_structure+v8_1,False,False,False,09/26/2024,False,,valid_range
20030930,Hon. Ritchie John Torres,Member,NY15,20030930.pdf,2025,11,,"Apollo Global Management, Inc.","Apollo Global Management, Inc.",APO,APO,ST,S,2025-07-11,2025-08-01,1001.0,15000.0,,"$1,001 - $15,000",valid_range,New,,,,"This investment is held within a publicly available, widely held independently managed portfolio over which I have no authority to exercise control over or influence the financial interests held by the portfolio. The assets of the portfolio are widely diversified, and all investment decisions are made solely by the independent manager, without my input or direction.",3,3,table,False,False,,False,0,False,False,100,True,17,False,https://disclosures-clerk.house.gov/public_disc/ptr-pdfs/2025/20030930.pdf,,,,"Apollo Global Management, Inc. (APO) [ST] Filing Status: New Comments: This investment is held within have no authority to exercise control over are widely diversified, and all investment direction.","Apollo Global Management, Inc. (APO) [ST]",S n a publicly availa or influence the f decisions are mad,"07/11/2025 able, widely hel financial intere de solely by the",08/01/2025 ld independently m sts held by the po e independent ma,"$1,001 - $15,000 managed portfolio ov ortfolio. The assets of anager, without my in",,"Apollo Global Management, Inc. (APO) [ST] S 07/11/2025 08/01/2025 $1,001 - $15,000 Filing Status: New Comments: This investment is held within a publicly available, widely held independently managed portfolio over which I have no authority to exercise control over or influence the financial interests held by the portfolio. The assets of the portfolio are widely diversified, and all investment decisions are made solely by the independent manager, without my input or direction.",,,False,100,APO,accepted,house_ptr_structure+v8_1,False,False,True,07/11/2025,False,,valid_range
20030930,Hon. Ritchie John Torres,Member,NY15,20030930.pdf,2025,12,,Appell Pete Corp,Appell Pete Corp,APPL,APPL,ST,P,2024-09-26,2025-08-01,1001.0,15000.0,,"$1,001 - $15,000",valid_range,New,,,,"This investment is held within a publicly available, widely held independently managed portfolio over which I have no authority to exercise control over or influence the financial interests held by the portfolio. The assets of the portfolio are widely diversified, and all investment decisions are made solely by the independent manager, without my input or direction.",3,3,table,False,False,,False,0,False,True,100,True,17,False,https://disclosures-clerk.house.gov/public_disc/ptr-pdfs/2025/20030930.pdf,,,,Appell Pete Corp (APPL) [ST],Appell Pete Corp (APPL) [ST],P,09/26/2024,08/01/2025,"$1,001 - $15,000","Filing Status: New Comments: This investment is held within a publicly available, widely held independently managed portfolio over which I have no authority to exercise control over or influence the financial interests held by the portfolio. The assets of the portfolio are widely diversified, and all investment decisions are made solely by the independent manager, without my input or direction.","Appell Pete Corp (APPL) [ST] P 09/26/2024 08/01/2025 $1,001 - $15,000 Filing Status: New Comments: This investment is held within a publicly available, widely held independently managed portfolio over which I have no authority to exercise control over or influence the financial interests held by the portfolio. The assets of the portfolio are widely diversified, and all investment decisions are made solely by the independent manager, without my input or direction.",,,False,100,APPL,accepted,house_ptr_structure+v8_1,False,False,False,09/26/2024,False,,valid_range
20030930,Hon. Ritchie John Torres,Member,NY15,20030930.pdf,2025,13,,Apple Inc. - Common Stock,Apple Inc. - Common Stock,AAPL,AAPL,ST,S,2025-07-11,2025-08-01,1001.0,15000.0,,"$1,001 - $15,000",valid_range,New,,,,"This investment is held within a publicly available, widely held independently managed portfolio over which I have no authority to exercise control over or influence the financial interests held by the portfolio. The assets of the portfolio are widely diversified, and all investment decisions are made solely by the independent manager, without my input or direction.",3,3,table,False,False,,False,0,False,False,100,True,17,False,https://disclosures-clerk.house.gov/public_disc/ptr-pdfs/2025/20030930.pdf,,,,"Apple Inc. - Common Stock (AAPL) [ST] Filing Status: New Comments: This investment is held within have no authority to exercise control over are widely diversified, and all investment direction.",Apple Inc. - Common Stock (AAPL) [ST],S n a publicly availa or influence the f decisions are mad,"07/11/2025 able, widely hel financial intere de solely by the",08/01/2025 ld independently m sts held by the po e independent ma,"$1,001 - $15,000 managed portfolio ov ortfolio. The assets of anager, without my in",,"Apple Inc. - Common Stock (AAPL) [ST] S 07/11/2025 08/01/2025 $1,001 - $15,000 Filing Status: New Comments: This investment is held within a publicly available, widely held independently managed portfolio over which I have no authority to exercise control over or influence the financial interests held by the portfolio. The assets of the portfolio are widely diversified, and all investment decisions are made solely by the independent manager, without my input or direction.",,,False,100,AAPL,accepted,house_ptr_structure+v8_1,False,False,True,07/11/2025,False,,valid_range
20030930,Hon. Ritchie John Torres,Member,NY15,20030930.pdf,2025,14,,Ares Management Corporation Class A Common Stock,Ares Management Corporation Class A Common Stock,ARES,ARES,ST,S,2025-07-11,2025-08-01,1001.0,15000.0,,"$1,001 - $15,000",valid_range,New,,,,"This investment is held within a publicly available, widely held independently managed portfolio over which I have no authority to exercise control over or influence the financial interests held by the portfolio. The assets of the portfolio are widely diversified, and all investment decisions are made solely by the independent manager, without my input or direction.",3,3,table,False,False,,False,0,False,True,100,True,17,False,https://disclosures-clerk.house.gov/public_disc/ptr-pdfs/2025/20030930.pdf,,,,Ares Management Corporation Class A Common Stock (ARES) [ST],Ares Management Corporation Class A Common Stock (ARES) [ST],S,07/11/2025,08/01/2025,"$1,001 - $15,000","Filing Status: New Comments: This investment is held within a publicly available, widely held independently managed portfolio over which I have no authority to exercise control over or influence the financial interests held by the portfolio. The assets of the portfolio are widely diversified, and all investment decisions are made solely by the independent manager, without my input or direction.","Ares Management Corporation Class A Common Stock (ARES) [ST] S 07/11/2025 08/01/2025 $1,001 - $15,000 Filing Status: New Comments: This investment is held within a publicly available, widely held independently managed portfolio over which I have no authority to exercise control over or influence the financial interests held by the portfolio. The assets of the portfolio are widely diversified, and all investment decisions are made solely by the independent manager, without my input or direction.",,,False,100,ARES,accepted,house_ptr_structure+v8_1,False,False,False,07/11/2025,False,,valid_range
20030930,Hon. Ritchie John Torres,Member,NY15,20030930.pdf,2025,15,,Ares Management Corporation Class A Common Stock,Ares Management Corporation Class A Common Stock,ARES,ARES,ST,P,2024-10-09,2025-08-01,1001.0,15000.0,,"$1,001 - $15,000",valid_range,New,,,,"This investment is held within a publicly available, widely held independently managed portfolio over which I have no authority to exercise control over or influence the financial interests held by the portfolio. The assets of the portfolio are widely diversified, and all investment decisions are made solely by the independent manager, without my input or direction.",3,3,table,False,False,,False,0,False,False,100,True,17,False,https://disclosures-clerk.house.gov/public_disc/ptr-pdfs/2025/20030930.pdf,,,,"Ares Management Corporation Class A Common Stock (ARES) [ST] Filing Status: New Comments: This investment is held within have no authority to exercise control over are widely diversified, and all investment direction.",Ares Management Corporation Class A Common Stock (ARES) [ST],P n a publicly availa or influence the f decisions are mad,"10/09/2024 able, widely hel financial intere de solely by the",08/01/2025 ld independently m sts held by the po e independent ma,"$1,001 - $15,000 managed portfolio ov ortfolio. The assets of anager, without my in",,"Ares Management Corporation Class A Common Stock (ARES) [ST] P 10/09/2024 08/01/2025 $1,001 - $15,000 Filing Status: New Comments: This investment is held within a publicly available, widely held independently managed portfolio over which I have no authority to exercise control over or influence the financial interests held by the portfolio. The assets of the portfolio are widely diversified, and all investment decisions are made solely by the independent manager, without my input or direction.",,,False,100,ARES,accepted,house_ptr_structure+v8_1,False,False,True,10/09/2024,False,,valid_range
20030930,Hon. Ritchie John Torres,Member,NY15,20030930.pdf,2025,16,,ASML Holding N.V. - New York Registry Shares,ASML Holding N.V. - New York Registry Shares,ASML,ASML,ST,P,2024-09-26,2025-08-01,1001.0,15000.0,,"$1,001 - $15,000",valid_range,New,,,,"This investment is held within a publicly available, widely held independently managed portfolio over which I have no authority to exercise control over or influence the financial interests held by the portfolio. The assets of the portfolio are widely diversified, and all investment decisions are made solely by the independent manager, without my input or direction.",4,4,table,False,False,,False,0,True,True,95,True,17,True,https://disclosures-clerk.house.gov/public_disc/ptr-pdfs/2025/20030930.pdf,low,adjacent transaction has same core signature,,ASML Holding N.V. - New York Registry Shares (ASML) [ST],ASML Holding N.V. - New York Registry Shares (ASML) [ST],P,09/26/2024,08/01/2025,"$1,001 - $15,000","Filing Status: New Comments: This investment is held within a publicly available, widely held independently managed portfolio over which I have no authority to exercise control over or influence the financial interests held by the portfolio. The assets of the portfolio are widely diversified, and all investment decisions are made solely by the independent manager, without my input or direction.","ASML Holding N.V. - New York Registry Shares (ASML) [ST] P 09/26/2024 08/01/2025 $1,001 - $15,000 Filing Status: New Comments: This investment is held within a publicly available, widely held independently managed portfolio over which I have no authority to exercise control over or influence the financial interests held by the portfolio. The assets of the portfolio are widely diversified, and all investment decisions are made solely by the independent manager, without my input or direction.",adjacent transaction has same core signature,low,True,95,ASML,accepted,house_ptr_structure+v8_1,False,False,False,09/26/2024,False,,valid_range
20030930,Hon. Ritchie John Torres,Member,NY15,20030930.pdf,2025,17,,ASML Holding N.V. - New York Registry Shares,ASML Holding N.V. - New York Registry Shares,ASML,ASML,ST,P,2024-09-26,2025-08-01,1001.0,15000.0,,"$1,001 - $15,000",valid_range,New,,,,"This investment is held within a publicly available, widely held independently managed portfolio over which I have no authority to exercise control over or influence the financial interests held by the portfolio. The assets of the portfolio are widely diversified, and all investment decisions are made solely by the independent manager, without my input or direction.",4,4,table,False,False,,False,0,False,False,100,True,17,False,https://disclosures-clerk.house.gov/public_disc/ptr-pdfs/2025/20030930.pdf,,,,"ASML Holding N.V. - New York Registry Shares (ASML) [ST] Filing Status: New Comments: This investment is held within have no authority to exercise control over are widely diversified, and all investment direction.",ASML Holding N.V. - New York Registry Shares (ASML) [ST],P n a publicly availa or influence the f decisions are mad,"09/26/2024 able, widely hel financial intere de solely by the",08/01/2025 ld independently m sts held by the po e independent ma,"$1,001 - $15,000 managed portfolio ov ortfolio. The assets of anager, without my in",,"ASML Holding N.V. - New York Registry Shares (ASML) [ST] P 09/26/2024 08/01/2025 $1,001 - $15,000 Filing Status: New Comments: This investment is held within a publicly available, widely held independently managed portfolio over which I have no authority to exercise control over or influence the financial interests held by the portfolio. The assets of the portfolio are widely diversified, and all investment decisions are made solely by the independent manager, without my input or direction.",,,False,100,ASML,accepted,house_ptr_structure+v8_1,False,False,True,09/26/2024,False,,valid_range
20030930,Hon. Ritchie John Torres,Member,NY15,20030930.pdf,2025,18,,ASML Holding N.V. - New York Registry Shares,ASML Holding N.V. - New York Registry Shares,ASML,ASML,ST,S,2025-07-11,2025-08-01,1001.0,15000.0,,"$1,001 - $15,000",valid_range,New,,,,"This investment is held within a publicly available, widely held independently managed portfolio over which I have no authority to exercise control over or influence the financial interests held by the portfolio. The assets of the portfolio are widely diversified, and all investment decisions are made solely by the independent manager, without my input or direction.",4,4,table,False,False,,False,0,False,True,100,True,17,False,https://disclosures-clerk.house.gov/public_disc/ptr-pdfs/2025/20030930.pdf,,,,ASML Holding N.V. - New York Registry Shares (ASML) [ST],ASML Holding N.V. - New York Registry Shares (ASML) [ST],S,07/11/2025,08/01/2025,"$1,001 - $15,000","Filing Status: New Comments: This investment is held within a publicly available, widely held independently managed portfolio over which I have no authority to exercise control over or influence the financial interests held by the portfolio. The assets of the portfolio are widely diversified, and all investment decisions are made solely by the independent manager, without my input or direction.","ASML Holding N.V. - New York Registry Shares (ASML) [ST] S 07/11/2025 08/01/2025 $1,001 - $15,000 Filing Status: New Comments: This investment is held within a publicly available, widely held independently managed portfolio over which I have no authority to exercise control over or influence the financial interests held by the portfolio. The assets of the portfolio are widely diversified, and all investment decisions are made solely by the independent manager, without my input or direction.",,,False,100,ASML,accepted,house_ptr_structure+v8_1,False,False,False,07/11/2025,False,,valid_range
20030930,Hon. Ritchie John Torres,Member,NY15,20030930.pdf,2025,19,,Bank of America Corporation Common Stock,Bank of America Corporation Common Stock,BAC,BAC,ST,S,2025-07-11,2025-08-01,1001.0,15000.0,,"$1,001 - $15,000",valid_range,New,,,,"This investment is held within a publicly available, widely held independently managed portfolio over which I have no authority to exercise control over or influence the financial interests held by the portfolio. The assets of the portfolio are widely diversified, and all investment decisions are made solely by the independent manager, without my input or direction.",4,4,table,False,False,,False,0,False,False,100,True,17,False,https://disclosures-clerk.house.gov/public_disc/ptr-pdfs/2025/20030930.pdf,,,,"Bank of America Corporation Common Stock (BAC) [ST] Filing Status: New Comments: This investment is held within have no authority to exercise control over are widely diversified, and all investment direction.",Bank of America Corporation Common Stock (BAC) [ST],S n a publicly availa or influence the f decisions are mad,"07/11/2025 able, widely hel financial intere de solely by the",08/01/2025 ld independently m sts held by the po e independent ma,"$1,001 - $15,000 managed portfolio ov ortfolio. The assets of anager, without my in",,"Bank of America Corporation Common Stock (BAC) [ST] S 07/11/2025 08/01/2025 $1,001 - $15,000 Filing Status: New Comments: This investment is held within a publicly available, widely held independently managed portfolio over which I have no authority to exercise control over or influence the financial interests held by the portfolio. The assets of the portfolio are widely diversified, and all investment decisions are made solely by the independent manager, without my input or direction.",,,False,100,BAC,accepted,house_ptr_structure+v8_1,False,False,True,07/11/2025,False,,valid_range
20030930,Hon. Ritchie John Torres,Member,NY15,20030930.pdf,2025,20,,"BlackRock, Inc. Common Stock","BlackRock, Inc. Common Stock",BLK,BLK,ST,S,2025-07-11,2025-08-01,1001.0,15000.0,,"$1,001 - $15,000",valid_range,New,,,,"This investment is held within a publicly available, widely held independently managed portfolio over which I have no authority to exercise control over or influence the financial interests held by the portfolio. The assets of the portfolio are widely diversified, and all investment decisions are made solely by the independent manager, without my input or direction.",4,4,table,False,False,,False,0,False,True,100,True,17,False,https://disclosures-clerk.house.gov/public_disc/ptr-pdfs/2025/20030930.pdf,,,,"BlackRock, Inc. Common Stock (BLK) [ST]","BlackRock, Inc. Common Stock (BLK) [ST]",S,07/11/2025,08/01/2025,"$1,001 - $15,000","Filing Status: New Comments: This investment is held within a publicly available, widely held independently managed portfolio over which I have no authority to exercise control over or influence the financial interests held by the portfolio. The assets of the portfolio are widely diversified, and all investment decisions are made solely by the independent manager, without my input or direction.","BlackRock, Inc. Common Stock (BLK) [ST] S 07/11/2025 08/01/2025 $1,001 - $15,000 Filing Status: New Comments: This investment is held within a publicly available, widely held independently managed portfolio over which I have no authority to exercise control over or influence the financial interests held by the portfolio. The assets of the portfolio are widely diversified, and all investment decisions are made solely by the independent manager, without my input or direction.",,,False,100,BLK,accepted,house_ptr_structure+v8_1,False,False,False,07/11/2025,False,,valid_range
20030930,Hon. Ritchie John Torres,Member,NY15,20030930.pdf,2025,21,,"BlackRock, Inc. Common Stock","BlackRock, Inc. Common Stock",BLK,BLK,ST,P,2024-09-26,2025-08-01,1001.0,15000.0,,"$1,001 - $15,000",valid_range,New,,,,,4,4,table,False,False,,False,0,False,False,100,True,10,False,https://disclosures-clerk.house.gov/public_disc/ptr-pdfs/2025/20030930.pdf,,,,"BlackRock, Inc. Common Stock (BLK) [ST] Filing Status: New","BlackRock, Inc. Common Stock (BLK) [ST]",P,09/26/2024,08/01/2025,"$1,001 - $15,000",,"BlackRock, Inc. Common Stock (BLK) [ST] P 09/26/2024 08/01/2025 $1,001 - $15,000 Filing Status: New",,,False,100,BLK,accepted,house_ptr_structure+v8_1,False,False,False,09/26/2024,False,,valid_range
20030930,Hon. Ritchie John Torres,Member,NY15,20030930.pdf,2025,22,,Blackstone Inc. Common Stock,Blackstone Inc. Common Stock,BX,BX,ST,P,2024-09-26,2025-08-01,1001.0,15000.0,,"$1,001 - $15,000",valid_range,New,,,,"This investment is held within a publicly available, widely held independently managed portfolio over which I have no authority to exercise control over or influence the financial interests held by the portfolio. The assets of the portfolio are widely diversified, and all investment decisions are made solely by the independent manager, without my input or direction.",4,5,table,False,False,,True,0,False,True,98,True,17,False,https://disclosures-clerk.house.gov/public_disc/ptr-pdfs/2025/20030930.pdf,,,,Blackstone Inc. Common Stock (BX) [ST],Blackstone Inc. Common Stock (BX) [ST] ID Owner Asset Transaction Type Date Notification Date Amount Cap. Gains > $200?,P,09/26/2024,08/01/2025,"$1,001 - $15,000","ID Owner Asset Transaction Type Date Notification Date Amount Cap. Gains > $200? Filing Status: New Comments: This investment is held within a publicly available, widely held independently managed portfolio over which I have no authority to exercise control over or influence the financial interests held by the portfolio. The assets of the portfolio are widely diversified, and all investment decisions are made solely by the independent manager, without my input or direction.","Blackstone Inc. Common Stock (BX) [ST] P 09/26/2024 08/01/2025 $1,001 - $15,000 ID Owner Asset Transaction Type Date Notification Date Amount Cap. Gains > $200? Filing Status: New Comments: This investment is held within a publicly available, widely held independently managed portfolio over which I have no authority to exercise control over or influence the financial interests held by the portfolio. The assets of the portfolio are widely diversified, and all investment decisions are made solely by the independent manager, without my input or direction.",,,False,98,BX,accepted,house_ptr_structure+v8_1,False,False,False,09/26/2024,False,,valid_range
20030930,Hon. Ritchie John Torres,Member,NY15,20030930.pdf,2025,23,,Blackstone Inc. Common Stock,Blackstone Inc. Common Stock,BX,BX,ST,S,2025-07-11,2025-08-01,1001.0,15000.0,,"$1,001 - $15,000",valid_range,New,,,"This investment is held within a publicly available, widely held independently managed portfolio over which I have no authority to exercise control over or influence the financial interests held by the portfolio. The assets of the portfolio are widely diversified, and all investment decisions are made solely by the independent manager, without my input or direction.",,5,5,table,False,False,,False,0,False,False,100,True,20,False,https://disclosures-clerk.house.gov/public_disc/ptr-pdfs/2025/20030930.pdf,,,,"Blackstone Inc. Common Stock (BX) [ST] Filing Status: New Description: This investment is held with have no authority to exercise control over are widely diversified, and all investment direction.",Blackstone Inc. Common Stock (BX) [ST],S hin a publicly avai or influence the f decisions are mad,"07/11/2025 ilable, widely h financial intere de solely by the",08/01/2025 held independently sts held by the po e independent ma,"$1,001 - $15,000 y managed portfolio ortfolio. The assets of anager, without my in",,"Blackstone Inc. Common Stock (BX) [ST] S 07/11/2025 08/01/2025 $1,001 - $15,000 Filing Status: New Description: This investment is held within a publicly available, widely held independently managed portfolio over which I have no authority to exercise control over or influence the financial interests held by the portfolio. The assets of the portfolio are widely diversified, and all investment decisions are made solely by the independent manager, without my input or direction.",,,False,100,BX,accepted,house_ptr_structure+v8_1,False,False,True,07/11/2025,False,,valid_range
20030930,Hon. Ritchie John Torres,Member,NY15,20030930.pdf,2025,24,,Blue Owl Capital Inc. Class A Common Stock,Blue Owl Capital Inc. Class A Common Stock,OWL,OWL,ST,S,2025-07-11,2025-08-01,1001.0,15000.0,,"$1,001 - $15,000",valid_range,New,,,,"This investment is held within a publicly available, widely held independently managed portfolio over which I have no authority to exercise control over or influence the financial interests held by the portfolio. The assets of the portfolio are widely diversified, and all investment decisions are made solely by the independent manager, without my input or direction.",5,5,table,False,False,,False,0,False,True,100,True,17,False,https://disclosures-clerk.house.gov/public_disc/ptr-pdfs/2025/20030930.pdf,,,,Blue Owl Capital Inc. Class A Common Stock (OWL) [ST],Blue Owl Capital Inc. Class A Common Stock (OWL) [ST],S,07/11/2025,08/01/2025,"$1,001 - $15,000","Filing Status: New Comments: This investment is held within a publicly available, widely held independently managed portfolio over which I have no authority to exercise control over or influence the financial interests held by the portfolio. The assets of the portfolio are widely diversified, and all investment decisions are made solely by the independent manager, without my input or direction.","Blue Owl Capital Inc. Class A Common Stock (OWL) [ST] S 07/11/2025 08/01/2025 $1,001 - $15,000 Filing Status: New Comments: This investment is held within a publicly available, widely held independently managed portfolio over which I have no authority to exercise control over or influence the financial interests held by the portfolio. The assets of the portfolio are widely diversified, and all investment decisions are made solely by the independent manager, without my input or direction.",,,False,100,OWL,accepted,house_ptr_structure+v8_1,False,False,False,07/11/2025,False,,valid_range
20030930,Hon. Ritchie John Torres,Member,NY15,20030930.pdf,2025,25,,Blue Owl Capital Inc. Class A Common Stock,Blue Owl Capital Inc. Class A Common Stock,OWL,OWL,ST,P,2024-09-26,2025-08-01,1001.0,15000.0,,"$1,001 - $15,000",valid_range,New,,,,"This investment is held within a publicly available, widely held independently managed portfolio over which I have no authority to exercise control over or influence the financial interests held by the portfolio. The assets of the portfolio are widely diversified, and all investment decisions are made solely by the independent manager, without my input or direction.",5,5,table,False,False,,False,0,False,False,100,True,17,False,https://disclosures-clerk.house.gov/public_disc/ptr-pdfs/2025/20030930.pdf,,,,"Blue Owl Capital Inc. Class A Common Stock (OWL) [ST] Filing Status: New Comments: This investment is held within have no authority to exercise control over are widely diversified, and all investment direction.",Blue Owl Capital Inc. Class A Common Stock (OWL) [ST],P n a publicly availa or influence the f decisions are mad,"09/26/2024 able, widely hel financial intere de solely by the",08/01/2025 ld independently m sts held by the po e independent ma,"$1,001 - $15,000 managed portfolio ov ortfolio. The assets of anager, without my in",,"Blue Owl Capital Inc. Class A Common Stock (OWL) [ST] P 09/26/2024 08/01/2025 $1,001 - $15,000 Filing Status: New Comments: This investment is held within a publicly available, widely held independently managed portfolio over which I have no authority to exercise control over or influence the financial interests held by the portfolio. The assets of the portfolio are widely diversified, and all investment decisions are made solely by the independent manager, without my input or direction.",,,False,100,OWL,accepted,house_ptr_structure+v8_1,False,False,True,09/26/2024,False,,valid_range
20030930,Hon. Ritchie John Torres,Member,NY15,20030930.pdf,2025,26,,Broadcom Inc. - Common Stock,Broadcom Inc. - Common Stock,AVGO,AVGO,ST,P,2024-09-26,2025-08-01,1001.0,15000.0,,"$1,001 - $15,000",valid_range,New,,,,"This investment is held within a publicly available, widely held independently managed portfolio over which I have no authority to exercise control over or influence the financial interests held by the portfolio. The assets of the portfolio are widely diversified, and all investment decisions are made solely by the independent manager, without my input or direction.",5,5,table,False,False,,False,0,False,True,100,True,17,False,https://disclosures-clerk.house.gov/public_disc/ptr-pdfs/2025/20030930.pdf,,,,Broadcom Inc. - Common Stock (AVGO) [ST],Broadcom Inc. - Common Stock (AVGO) [ST],P,09/26/2024,08/01/2025,"$1,001 - $15,000","Filing Status: New Comments: This investment is held within a publicly available, widely held independently managed portfolio over which I have no authority to exercise control over or influence the financial interests held by the portfolio. The assets of the portfolio are widely diversified, and all investment decisions are made solely by the independent manager, without my input or direction.","Broadcom Inc. - Common Stock (AVGO) [ST] P 09/26/2024 08/01/2025 $1,001 - $15,000 Filing Status: New Comments: This investment is held within a publicly available, widely held independently managed portfolio over which I have no authority to exercise control over or influence the financial interests held by the portfolio. The assets of the portfolio are widely diversified, and all investment decisions are made solely by the independent manager, without my input or direction.",,,False,100,AVGO,accepted,house_ptr_structure+v8_1,False,False,False,09/26/2024,False,,valid_range
20030930,Hon. Ritchie John Torres,Member,NY15,20030930.pdf,2025,27,,Broadcom Inc. - Common Stock,Broadcom Inc. - Common Stock,AVGO,AVGO,ST,S (partial),2025-01-07,2025-08-01,1001.0,15000.0,,"$1,001 - $15,000",valid_range,New,,,,"This investment is held within a publicly available, widely held independently managed portfolio over which I have no authority to exercise control over or influence the financial interests held by the portfolio. The assets of the portfolio are widely diversified, and all investment decisions are made solely by the independent manager, without my input or direction.",5,5,table,False,False,,False,0,False,False,100,True,17,False,https://disclosures-clerk.house.gov/public_disc/ptr-pdfs/2025/20030930.pdf,,,,"Broadcom Inc. - Common Stock (AVGO) [ST] Filing Status: New Comments: This investment is held within have no authority to exercise control over are widely diversified, and all investment direction.",Broadcom Inc. - Common Stock (AVGO) [ST],S (partial) n a publicly availa or influence the f decisions are mad,"01/07/2025 able, widely hel financial intere de solely by the",08/01/2025 ld independently m sts held by the po e independent ma,"$1,001 - $15,000 managed portfolio ov ortfolio. The assets of anager, without my in",,"Broadcom Inc. - Common Stock (AVGO) [ST] S (partial) 01/07/2025 08/01/2025 $1,001 - $15,000 Filing Status: New Comments: This investment is held within a publicly available, widely held independently managed portfolio over which I have no authority to exercise control over or influence the financial interests held by the portfolio. The assets of the portfolio are widely diversified, and all investment decisions are made solely by the independent manager, without my input or direction.",,,False,100,AVGO,accepted,house_ptr_structure+v8_1,False,False,True,01/07/2025,False,,valid_range
20030930,Hon. Ritchie John Torres,Member,NY15,20030930.pdf,2025,28,,Broadcom Inc. - Common Stock,Broadcom Inc. - Common Stock,AVGO,AVGO,ST,S,2025-07-11,2025-08-01,1001.0,15000.0,,"$1,001 - $15,000",valid_range,New,,,,"This investment is held within a publicly available, widely held independently managed portfolio over which I have no authority to exercise control over or influence the financial interests held by the portfolio. The assets of the portfolio are widely diversified, and all investment decisions are made solely by the independent manager, without my input or direction.",6,6,table,False,False,,False,0,False,True,100,True,17,False,https://disclosures-clerk.house.gov/public_disc/ptr-pdfs/2025/20030930.pdf,,,,Broadcom Inc. - Common Stock (AVGO) [ST],Broadcom Inc. - Common Stock (AVGO) [ST],S,07/11/2025,08/01/2025,"$1,001 - $15,000","Filing Status: New Comments: This investment is held within a publicly available, widely held independently managed portfolio over which I have no authority to exercise control over or influence the financial interests held by the portfolio. The assets of the portfolio are widely diversified, and all investment decisions are made solely by the independent manager, without my input or direction.","Broadcom Inc. - Common Stock (AVGO) [ST] S 07/11/2025 08/01/2025 $1,001 - $15,000 Filing Status: New Comments: This investment is held within a publicly available, widely held independently managed portfolio over which I have no authority to exercise control over or influence the financial interests held by the portfolio. The assets of the portfolio are widely diversified, and all investment decisions are made solely by the independent manager, without my input or direction.",,,False,100,AVGO,accepted,house_ptr_structure+v8_1,False,False,False,07/11/2025,False,,valid_range
20030930,Hon. Ritchie John Torres,Member,NY15,20030930.pdf,2025,29,,"Citigroup, Inc. Common Stock","Citigroup, Inc. Common Stock",C,C,ST,S,2025-07-11,2025-08-01,1001.0,15000.0,,"$1,001 - $15,000",valid_range,New,,,,"This investment is held within a publicly available, widely held independently managed portfolio over which I have no authority to exercise control over or influence the financial interests held by the portfolio. The assets of the portfolio are widely diversified, and all investment decisions are made solely by the independent manager, without my input or direction.",6,6,table,False,False,,False,0,False,False,100,True,17,False,https://disclosures-clerk.house.gov/public_disc/ptr-pdfs/2025/20030930.pdf,,,,"Citigroup, Inc. Common Stock (C) [ST] Filing Status: New Comments: This investment is held within have no authority to exercise control over are widely diversified, and all investment direction.","Citigroup, Inc. Common Stock (C) [ST]",S n a publicly availa or influence the f decisions are mad,"07/11/2025 able, widely hel financial intere de solely by the",08/01/2025 ld independently m sts held by the po e independent ma,"$1,001 - $15,000 managed portfolio ov ortfolio. The assets of anager, without my in",,"Citigroup, Inc. Common Stock (C) [ST] S 07/11/2025 08/01/2025 $1,001 - $15,000 Filing Status: New Comments: This investment is held within a publicly available, widely held independently managed portfolio over which I have no authority to exercise control over or influence the financial interests held by the portfolio. The assets of the portfolio are widely diversified, and all investment decisions are made solely by the independent manager, without my input or direction.",,,False,100,C,accepted,house_ptr_structure+v8_1,False,False,True,07/11/2025,False,,valid_range
20030930,Hon. Ritchie John Torres,Member,NY15,20030930.pdf,2025,30,,Coca-Cola Company,Coca-Cola Company,KO,KO,ST,S,2025-07-11,2025-08-01,1001.0,15000.0,,"$1,001 - $15,000",valid_range,New,,,,"This investment is held within a publicly available, widely held independently managed portfolio over which I have no authority to exercise control over or influence the financial interests held by the portfolio. The assets of the portfolio are widely diversified, and all investment decisions are made solely by the independent manager, without my input or direction.",6,6,table,False,False,,False,0,False,True,100,True,17,False,https://disclosures-clerk.house.gov/public_disc/ptr-pdfs/2025/20030930.pdf,,,,Coca-Cola Company (KO) [ST],Coca-Cola Company (KO) [ST],S,07/11/2025,08/01/2025,"$1,001 - $15,000","Filing Status: New Comments: This investment is held within a publicly available, widely held independently managed portfolio over which I have no authority to exercise control over or influence the financial interests held by the portfolio. The assets of the portfolio are widely diversified, and all investment decisions are made solely by the independent manager, without my input or direction.","Coca-Cola Company (KO) [ST] S 07/11/2025 08/01/2025 $1,001 - $15,000 Filing Status: New Comments: This investment is held within a publicly available, widely held independently managed portfolio over which I have no authority to exercise control over or influence the financial interests held by the portfolio. The assets of the portfolio are widely diversified, and all investment decisions are made solely by the independent manager, without my input or direction.",,,False,100,KO,accepted,house_ptr_structure+v8_1,False,False,False,07/11/2025,False,,valid_range
20030930,Hon. Ritchie John Torres,Member,NY15,20030930.pdf,2025,31,,Coca-Cola Company,Coca-Cola Company,KO,KO,ST,P,2024-09-26,2025-08-01,1001.0,15000.0,,"$1,001 - $15,000",valid_range,New,,,,"This investment is held within a publicly available, widely held independently managed portfolio over which I have no authority to exercise control over or influence the financial interests held by the portfolio. The assets of the portfolio are widely diversified, and all investment decisions are made solely by the independent manager, without my input or direction.",6,6,table,False,False,,False,0,False,False,100,True,17,False,https://disclosures-clerk.house.gov/public_disc/ptr-pdfs/2025/20030930.pdf,,,,"Coca-Cola Company (KO) [ST] Filing Status: New Comments: This investment is held within have no authority to exercise control over are widely diversified, and all investment direction.",Coca-Cola Company (KO) [ST],P n a publicly availa or influence the f decisions are mad,"09/26/2024 able, widely hel financial intere de solely by the",08/01/2025 ld independently m sts held by the po e independent ma,"$1,001 - $15,000 managed portfolio ov ortfolio. The assets of anager, without my in",,"Coca-Cola Company (KO) [ST] P 09/26/2024 08/01/2025 $1,001 - $15,000 Filing Status: New Comments: This investment is held within a publicly available, widely held independently managed portfolio over which I have no authority to exercise control over or influence the financial interests held by the portfolio. The assets of the portfolio are widely diversified, and all investment decisions are made solely by the independent manager, without my input or direction.",,,False,100,KO,accepted,house_ptr_structure+v8_1,False,False,True,09/26/2024,False,,valid_range
20030930,Hon. Ritchie John Torres,Member,NY15,20030930.pdf,2025,32,,Colgate-Palmolive Company Common Stock,Colgate-Palmolive Company Common Stock,CL,CL,ST,S,2025-07-11,2025-08-01,1001.0,15000.0,,"$1,001 - $15,000",valid_range,New,,,,"This investment is held within a publicly available, widely held independently managed portfolio over which I have no authority to exercise control over or influence the financial interests held by the portfolio. The assets of the portfolio are widely diversified, and all investment decisions are made solely by the independent manager, without my input or direction.",6,6,table,False,False,,False,0,False,True,100,True,17,False,https://disclosures-clerk.house.gov/public_disc/ptr-pdfs/2025/20030930.pdf,,,,Colgate-Palmolive Company Common Stock (CL) [ST],Colgate-Palmolive Company Common Stock (CL) [ST],S,07/11/2025,08/01/2025,"$1,001 - $15,000","Filing Status: New Comments: This investment is held within a publicly available, widely held independently managed portfolio over which I have no authority to exercise control over or influence the financial interests held by the portfolio. The assets of the portfolio are widely diversified, and all investment decisions are made solely by the independent manager, without my input or direction.","Colgate-Palmolive Company Common Stock (CL) [ST] S 07/11/2025 08/01/2025 $1,001 - $15,000 Filing Status: New Comments: This investment is held within a publicly available, widely held independently managed portfolio over which I have no authority to exercise control over or influence the financial interests held by the portfolio. The assets of the portfolio are widely diversified, and all investment decisions are made solely by the independent manager, without my input or direction.",,,False,100,CL,accepted,house_ptr_structure+v8_1,False,False,False,07/11/2025,False,,valid_range
20030930,Hon. Ritchie John Torres,Member,NY15,20030930.pdf,2025,33,,Comcast Corporation - Class A Common Stock,Comcast Corporation - Class A Common Stock,CMCSA,CMCSA,ST,P,2024-09-26,2025-08-01,1001.0,15000.0,,"$1,001 - $15,000",valid_range,New,,,,"This investment is held within a publicly available, widely held independently managed portfolio over which I have no authority to exercise control over or influence the financial interests held by the portfolio. The assets of the portfolio are widely diversified, and all investment decisions are made solely by the independent manager, without my input or direction. ID Owner Asset Transaction Type Date Notification Date Amount Cap. Gains > $200?",6,7,table,True,False,,True,0,False,False,98,True,17,False,https://disclosures-clerk.house.gov/public_disc/ptr-pdfs/2025/20030930.pdf,,,,"Comcast Corporation - Class A Common Stock (CMCSA) [ST] Filing Status: New Comments: This investment is held within have no authority to exercise control over are widely diversified, and all investment direction.",Comcast Corporation - Class A Common Stock (CMCSA) [ST] ID Owner Asset Transaction Type Date Notification Date Amount Cap. Gains > $200?,P n a publicly availa or influence the f decisions are mad,"09/26/2024 able, widely hel financial intere de solely by the",08/01/2025 ld independently m sts held by the po e independent ma,"$1,001 - $15,000 managed portfolio ov ortfolio. The assets of anager, without my in",ID Owner Asset Transaction Type Date Notification Date Amount Cap. Gains > $200?,"Comcast Corporation - Class A Common Stock (CMCSA) [ST] P 09/26/2024 08/01/2025 $1,001 - $15,000 Filing Status: New Comments: This investment is held within a publicly available, widely held independently managed portfolio over which I have no authority to exercise control over or influence the financial interests held by the portfolio. The assets of the portfolio are widely diversified, and all investment decisions are made solely by the independent manager, without my input or direction. ID Owner Asset Transaction Type Date Notification Date Amount Cap. Gains > $200?",,,False,98,CMCSA,accepted,house_ptr_structure+v8_1,False,False,True,09/26/2024,False,,valid_range
20030930,Hon. Ritchie John Torres,Member,NY15,20030930.pdf,2025,34,,DBA Sempra Common Stock,DBA Sempra Common Stock,SRE,SRE,ST,P,2024-09-26,2025-08-01,1001.0,15000.0,,"$1,001 - $15,000",valid_range,New,,,,"This investment is held within a publicly available, widely held independently managed portfolio over which I have no authority to exercise control over or influence the financial interests held by the portfolio. The assets of the portfolio are widely diversified, and all investment decisions are made solely by the independent manager, without my input or direction.",7,7,relaxed_table,True,False,,False,0,False,True,100,True,17,False,https://disclosures-clerk.house.gov/public_disc/ptr-pdfs/2025/20030930.pdf,,,,DBA Sempra Common Stock (SRE) [ST],DBA Sempra Common Stock (SRE) [ST],P,09/26/2024,08/01/2025,"$1,001 - $15,000","Filing Status: New Comments: This investment is held within a publicly available, widely held independently managed portfolio over which I have no authority to exercise control over or influence the financial interests held by the portfolio. The assets of the portfolio are widely diversified, and all investment decisions are made solely by the independent manager, without my input or direction.","DBA Sempra Common Stock (SRE) [ST] P 09/26/2024 08/01/2025 $1,001 - $15,000 Filing Status: New Comments: This investment is held within a publicly available, widely held independently managed portfolio over which I have no authority to exercise control over or influence the financial interests held by the portfolio. The assets of the portfolio are widely diversified, and all investment decisions are made solely by the independent manager, without my input or direction.",,,False,100,SRE,accepted,house_ptr_structure+v8_1,False,False,False,09/26/2024,False,,valid_range
20030930,Hon. Ritchie John Torres,Member,NY15,20030930.pdf,2025,35,,"Eaton Corporation, PLC Ordinary Shares","Eaton Corporation, PLC Ordinary Shares",ETN,ETN,ST,S,2025-07-11,2025-08-01,1001.0,15000.0,,"$1,001 - $15,000",valid_range,New,,,,"This investment is held within a publicly available, widely held independently managed portfolio over which I have no authority to exercise control over or influence the financial interests held by the portfolio. The assets of the portfolio are widely diversified, and all investment decisions are made solely by the independent manager, without my input or direction.",7,7,relaxed_table,True,False,,False,0,False,False,100,True,17,False,https://disclosures-clerk.house.gov/public_disc/ptr-pdfs/2025/20030930.pdf,,,,"Eaton Corporation, PLC Ordinary Shares (ETN) [ST] Filing Status: New Comments: This investment is held within have no authority to exercise control over are widely diversified, and all investment direction.","Eaton Corporation, PLC Ordinary Shares (ETN) [ST]",S n a publicly availa or influence the f decisions are mad,"07/11/2025 able, widely hel financial intere de solely by the",08/01/2025 ld independently m sts held by the po e independent ma,"$1,001 - $15,000 managed portfolio ov ortfolio. The assets of anager, without my in",,"Eaton Corporation, PLC Ordinary Shares (ETN) [ST] S 07/11/2025 08/01/2025 $1,001 - $15,000 Filing Status: New Comments: This investment is held within a publicly available, widely held independently managed portfolio over which I have no authority to exercise control over or influence the financial interests held by the portfolio. The assets of the portfolio are widely diversified, and all investment decisions are made solely by the independent manager, without my input or direction.",,,False,100,ETN,accepted,house_ptr_structure+v8_1,False,False,True,07/11/2025,False,,valid_range
20030930,Hon. Ritchie John Torres,Member,NY15,20030930.pdf,2025,36,,Edison International Common Stock,Edison International Common Stock,EIX,EIX,ST,P,2024-09-26,2025-08-01,1001.0,15000.0,,"$1,001 - $15,000",valid_range,New,,,,"This investment is held within a publicly available, widely held independently managed portfolio over which I have no authority to exercise control over or influence the financial interests held by the portfolio. The assets of the portfolio are widely diversified, and all investment decisions are made solely by the independent manager, without my input or direction.",7,7,relaxed_table,True,False,,False,0,False,True,100,True,17,False,https://disclosures-clerk.house.gov/public_disc/ptr-pdfs/2025/20030930.pdf,,,,Edison International Common Stock (EIX) [ST],Edison International Common Stock (EIX) [ST],P,09/26/2024,08/01/2025,"$1,001 - $15,000","Filing Status: New Comments: This investment is held within a publicly available, widely held independently managed portfolio over which I have no authority to exercise control over or influence the financial interests held by the portfolio. The assets of the portfolio are widely diversified, and all investment decisions are made solely by the independent manager, without my input or direction.","Edison International Common Stock (EIX) [ST] P 09/26/2024 08/01/2025 $1,001 - $15,000 Filing Status: New Comments: This investment is held within a publicly available, widely held independently managed portfolio over which I have no authority to exercise control over or influence the financial interests held by the portfolio. The assets of the portfolio are widely diversified, and all investment decisions are made solely by the independent manager, without my input or direction.",,,False,100,EIX,accepted,house_ptr_structure+v8_1,False,False,False,09/26/2024,False,,valid_range
20030930,Hon. Ritchie John Torres,Member,NY15,20030930.pdf,2025,37,,Emerson Electric Company Common Stock,Emerson Electric Company Common Stock,EMR,EMR,ST,S,2025-07-11,2025-08-01,1001.0,15000.0,,"$1,001 - $15,000",valid_range,New,,,,"This investment is held within a publicly available, widely held independently managed portfolio over which I have no authority to exercise control over or influence the financial interests held by the portfolio. The assets of the portfolio are widely diversified, and all investment decisions are made solely by the independent manager, without my input or direction.",7,7,relaxed_table,True,False,,False,0,False,False,100,True,17,False,https://disclosures-clerk.house.gov/public_disc/ptr-pdfs/2025/20030930.pdf,,,,"Emerson Electric Company Common Stock (EMR) [ST] Filing Status: New Comments: This investment is held within have no authority to exercise control over are widely diversified, and all investment direction.",Emerson Electric Company Common Stock (EMR) [ST],S n a publicly availa or influence the f decisions are mad,"07/11/2025 able, widely hel financial intere de solely by the",08/01/2025 ld independently m sts held by the po e independent ma,"$1,001 - $15,000 managed portfolio ov ortfolio. The assets of anager, without my in",,"Emerson Electric Company Common Stock (EMR) [ST] S 07/11/2025 08/01/2025 $1,001 - $15,000 Filing Status: New Comments: This investment is held within a publicly available, widely held independently managed portfolio over which I have no authority to exercise control over or influence the financial interests held by the portfolio. The assets of the portfolio are widely diversified, and all investment decisions are made solely by the independent manager, without my input or direction.",,,False,100,EMR,accepted,house_ptr_structure+v8_1,False,False,True,07/11/2025,False,,valid_range
20030930,Hon. Ritchie John Torres,Member,NY15,20030930.pdf,2025,38,,Enbridge Inc Common Stock,Enbridge Inc Common Stock,ENB,ENB,ST,P,2024-09-26,2025-08-01,1001.0,15000.0,,"$1,001 - $15,000",valid_range,New,,,,"This investment is held within a publicly available, widely held independently managed portfolio over which I have no authority to exercise control over or influence the financial interests held by the portfolio. The assets of the portfolio are widely diversified, and all investment decisions are made solely by the independent manager, without my input or direction.",7,7,relaxed_table,True,False,,False,0,False,True,100,True,17,False,https://disclosures-clerk.house.gov/public_disc/ptr-pdfs/2025/20030930.pdf,,,,Enbridge Inc Common Stock (ENB) [ST],Enbridge Inc Common Stock (ENB) [ST],P,09/26/2024,08/01/2025,"$1,001 - $15,000","Filing Status: New Comments: This investment is held within a publicly available, widely held independently managed portfolio over which I have no authority to exercise control over or influence the financial interests held by the portfolio. The assets of the portfolio are widely diversified, and all investment decisions are made solely by the independent manager, without my input or direction.","Enbridge Inc Common Stock (ENB) [ST] P 09/26/2024 08/01/2025 $1,001 - $15,000 Filing Status: New Comments: This investment is held within a publicly available, widely held independently managed portfolio over which I have no authority to exercise control over or influence the financial interests held by the portfolio. The assets of the portfolio are widely diversified, and all investment decisions are made solely by the independent manager, without my input or direction.",,,False,100,ENB,accepted,house_ptr_structure+v8_1,False,False,False,09/26/2024,False,,valid_range
20030930,Hon. Ritchie John Torres,Member,NY15,20030930.pdf,2025,39,,EQT Corporation Common Stock,EQT Corporation Common Stock,EQT,EQT,ST,P,2024-09-26,2025-08-01,1001.0,15000.0,,"$1,001 - $15,000",valid_range,New,,,,"This investment is held within a publicly available, widely held independently managed portfolio over which I have no authority to exercise control over or influence the financial interests held by the portfolio. The assets of the portfolio",7,7,relaxed_table,True,False,,False,0,False,False,100,True,17,False,https://disclosures-clerk.house.gov/public_disc/ptr-pdfs/2025/20030930.pdf,,,,EQT Corporation Common Stock (EQT) [ST] Filing Status: New Comments: This investment is held within have no authority to exercise control over,EQT Corporation Common Stock (EQT) [ST],P n a publicly availa or influence the f,"09/26/2024 able, widely hel financial intere",08/01/2025 ld independently m sts held by the po,"$1,001 - $15,000 managed portfolio ov ortfolio. The assets of",,"EQT Corporation Common Stock (EQT) [ST] P 09/26/2024 08/01/2025 $1,001 - $15,000 Filing Status: New Comments: This investment is held within a publicly available, widely held independently managed portfolio over which I have no authority to exercise control over or influence the financial interests held by the portfolio. The assets of the portfolio",,,False,100,EQT,accepted,house_ptr_structure+v8_1,False,False,True,09/26/2024,False,,valid_range
20030930,Hon. Ritchie John Torres,Member,NY15,20030930.pdf,2025,40,,EQT Corporation Common Stock,EQT Corporation Common Stock,EQT,EQT,ST,S,2025-07-11,2025-08-01,1001.0,15000.0,,"$1,001 - $15,000",valid_range,New,,,,"This investment is held within a publicly available, widely held independently managed portfolio over which I have no authority to exercise control over or influence the financial interests held by the portfolio. The assets of the portfolio are widely diversified, and all investment decisions are made solely by the independent manager, without my input or direction.",8,8,table,False,False,,False,0,False,True,100,True,17,False,https://disclosures-clerk.house.gov/public_disc/ptr-pdfs/2025/20030930.pdf,,,,EQT Corporation Common Stock (EQT) [ST],EQT Corporation Common Stock (EQT) [ST],S,07/11/2025,08/01/2025,"$1,001 - $15,000","Filing Status: New Comments: This investment is held within a publicly available, widely held independently managed portfolio over which I have no authority to exercise control over or influence the financial interests held by the portfolio. The assets of the portfolio are widely diversified, and all investment decisions are made solely by the independent manager, without my input or direction.","EQT Corporation Common Stock (EQT) [ST] S 07/11/2025 08/01/2025 $1,001 - $15,000 Filing Status: New Comments: This investment is held within a publicly available, widely held independently managed portfolio over which I have no authority to exercise control over or influence the financial interests held by the portfolio. The assets of the portfolio are widely diversified, and all investment decisions are made solely by the independent manager, without my input or direction.",,,False,100,EQT,accepted,house_ptr_structure+v8_1,False,False,False,07/11/2025,False,,valid_range
20030930,Hon. Ritchie John Torres,Member,NY15,20030930.pdf,2025,41,,"Equinix, Inc. - Common Stock","Equinix, Inc. - Common Stock",EQIX,EQIX,ST,S,2025-07-11,2025-08-01,1001.0,15000.0,,"$1,001 - $15,000",valid_range,New,,,,"This investment is held within a publicly available, widely held independently managed portfolio over which I have no authority to exercise control over or influence the financial interests held by the portfolio. The assets of the portfolio are widely diversified, and all investment decisions are made solely by the independent manager, without my input or direction.",8,8,table,False,False,,False,0,False,False,100,True,17,False,https://disclosures-clerk.house.gov/public_disc/ptr-pdfs/2025/20030930.pdf,,,,"Equinix, Inc. - Common Stock (EQIX) [ST] Filing Status: New Comments: This investment is held within have no authority to exercise control over are widely diversified, and all investment direction.","Equinix, Inc. - Common Stock (EQIX) [ST]",S n a publicly availa or influence the f decisions are mad,"07/11/2025 able, widely hel financial intere de solely by the",08/01/2025 ld independently m sts held by the po e independent ma,"$1,001 - $15,000 managed portfolio ov ortfolio. The assets of anager, without my in",,"Equinix, Inc. - Common Stock (EQIX) [ST] S 07/11/2025 08/01/2025 $1,001 - $15,000 Filing Status: New Comments: This investment is held within a publicly available, widely held independently managed portfolio over which I have no authority to exercise control over or influence the financial interests held by the portfolio. The assets of the portfolio are widely diversified, and all investment decisions are made solely by the independent manager, without my input or direction.",,,False,100,EQIX,accepted,house_ptr_structure+v8_1,False,False,True,07/11/2025,False,,valid_range
20030930,Hon. Ritchie John Torres,Member,NY15,20030930.pdf,2025,42,,"Equinix, Inc. - Common Stock","Equinix, Inc. - Common Stock",EQIX,EQIX,ST,P,2024-09-26,2025-08-01,1001.0,15000.0,,"$1,001 - $15,000",valid_range,New,,,,"This investment is held within a publicly available, widely held independently managed portfolio over which I have no authority to exercise control over or influence the financial interests held by the portfolio. The assets of the portfolio are widely diversified, and all investment decisions are made solely by the independent manager, without my input or direction.",8,8,table,False,False,,False,0,False,True,100,True,17,False,https://disclosures-clerk.house.gov/public_disc/ptr-pdfs/2025/20030930.pdf,,,,"Equinix, Inc. - Common Stock (EQIX) [ST]","Equinix, Inc. - Common Stock (EQIX) [ST]",P,09/26/2024,08/01/2025,"$1,001 - $15,000","Filing Status: New Comments: This investment is held within a publicly available, widely held independently managed portfolio over which I have no authority to exercise control over or influence the financial interests held by the portfolio. The assets of the portfolio are widely diversified, and all investment decisions are made solely by the independent manager, without my input or direction.","Equinix, Inc. - Common Stock (EQIX) [ST] P 09/26/2024 08/01/2025 $1,001 - $15,000 Filing Status: New Comments: This investment is held within a publicly available, widely held independently managed portfolio over which I have no authority to exercise control over or influence the financial interests held by the portfolio. The assets of the portfolio are widely diversified, and all investment decisions are made solely by the independent manager, without my input or direction.",,,False,100,EQIX,accepted,house_ptr_structure+v8_1,False,False,False,09/26/2024,False,,valid_range
20030930,Hon. Ritchie John Torres,Member,NY15,20030930.pdf,2025,43,,"Equity Lifestyle Properties, Inc. Common Stock","Equity Lifestyle Properties, Inc. Common Stock",ELS,ELS,ST,P,2024-09-26,2025-08-01,1001.0,15000.0,,"$1,001 - $15,000",valid_range,New,,,,"This investment is held within a publicly available, widely held independently managed portfolio over which I have no authority to exercise control over or influence the financial interests held by the portfolio. The assets of the portfolio are widely diversified, and all investment decisions are made solely by the independent manager, without my input or direction.",8,8,table,False,False,,False,0,False,False,100,True,17,False,https://disclosures-clerk.house.gov/public_disc/ptr-pdfs/2025/20030930.pdf,,,,"Equity Lifestyle Properties, Inc. Common Stock (ELS) [ST] Filing Status: New Comments: This investment is held within have no authority to exercise control over are widely diversified, and all investment direction.","Equity Lifestyle Properties, Inc. Common Stock (ELS) [ST]",P n a publicly availa or influence the f decisions are mad,"09/26/2024 able, widely hel financial intere de solely by the",08/01/2025 ld independently m sts held by the po e independent ma,"$1,001 - $15,000 managed portfolio ov ortfolio. The assets of anager, without my in",,"Equity Lifestyle Properties, Inc. Common Stock (ELS) [ST] P 09/26/2024 08/01/2025 $1,001 - $15,000 Filing Status: New Comments: This investment is held within a publicly available, widely held independently managed portfolio over which I have no authority to exercise control over or influence the financial interests held by the portfolio. The assets of the portfolio are widely diversified, and all investment decisions are made solely by the independent manager, without my input or direction.",,,False,100,ELS,accepted,house_ptr_structure+v8_1,False,False,True,09/26/2024,False,,valid_range
20030930,Hon. Ritchie John Torres,Member,NY15,20030930.pdf,2025,44,,"Equity Lifestyle Properties, Inc. Common Stock","Equity Lifestyle Properties, Inc. Common Stock",ELS,ELS,ST,S,2025-07-11,2025-08-01,1001.0,15000.0,,"$1,001 - $15,000",valid_range,New,,,,"This investment is held within a publicly available, widely held independently managed portfolio over which I have no authority to exercise control over or influence the financial interests held by the portfolio. The assets of the portfolio are widely diversified, and all investment decisions are made solely by the independent manager, without my input or direction.",8,8,table,False,False,,False,0,False,True,100,True,17,False,https://disclosures-clerk.house.gov/public_disc/ptr-pdfs/2025/20030930.pdf,,,,"Equity Lifestyle Properties, Inc. Common Stock (ELS) [ST]","Equity Lifestyle Properties, Inc. Common Stock (ELS) [ST]",S,07/11/2025,08/01/2025,"$1,001 - $15,000","Filing Status: New Comments: This investment is held within a publicly available, widely held independently managed portfolio over which I have no authority to exercise control over or influence the financial interests held by the portfolio. The assets of the portfolio are widely diversified, and all investment decisions are made solely by the independent manager, without my input or direction.","Equity Lifestyle Properties, Inc. Common Stock (ELS) [ST] S 07/11/2025 08/01/2025 $1,001 - $15,000 Filing Status: New Comments: This investment is held within a publicly available, widely held independently managed portfolio over which I have no authority to exercise control over or influence the financial interests held by the portfolio. The assets of the portfolio are widely diversified, and all investment decisions are made solely by the independent manager, without my input or direction.",,,False,100,ELS,accepted,house_ptr_structure+v8_1,False,False,False,07/11/2025,False,,valid_range
20030930,Hon. Ritchie John Torres,Member,NY15,20030930.pdf,2025,45,,Equity Residential Common Shares of Beneficial Interest,Equity Residential Common Shares of Beneficial Interest,EQR,EQR,ST,P,2024-09-26,2025-08-01,1001.0,15000.0,,"$1,001 - $15,000",valid_range,New,,,,"This investment is held within a publicly available, widely held independently managed portfolio over which I have no authority to exercise control over or influence the financial interests held by the portfolio. The assets of the portfolio are widely diversified, and all investment decisions are made solely by the independent manager, without my input or direction.",8,9,table,False,False,,True,0,False,False,98,True,17,False,https://disclosures-clerk.house.gov/public_disc/ptr-pdfs/2025/20030930.pdf,,,,Equity Residential Common Shares of Beneficial Interest (EQR) [ST] Filing Status: New,"Equity Residential Common Shares of Beneficial Interest (EQR) [ST] Comments: This investment is held within a publicly available, widely held independently managed portfolio over which I have no authority to exercise control over or influence the financial interests held by the portfolio. The assets of the portfolio are widely diversified, and all investment decisions are made solely by the independent manager, without my input or direction.",P,09/26/2024,08/01/2025,"$1,001 - $15,000","Comments: This investment is held within a publicly available, widely held independently managed portfolio over which I have no authority to exercise control over or influence the financial interests held by the portfolio. The assets of the portfolio are widely diversified, and all investment decisions are made solely by the independent manager, without my input or direction.","Equity Residential Common Shares of Beneficial Interest (EQR) [ST] P 09/26/2024 08/01/2025 $1,001 - $15,000 Filing Status: New Comments: This investment is held within a publicly available, widely held independently managed portfolio over which I have no authority to exercise control over or influence the financial interests held by the portfolio. The assets of the portfolio are widely diversified, and all investment decisions are made solely by the independent manager, without my input or direction.",,,False,98,EQR,accepted,house_ptr_structure+v8_1,False,False,False,09/26/2024,False,,valid_range
20030930,Hon. Ritchie John Torres,Member,NY15,20030930.pdf,2025,46,,Equity Residential Common Shares of Beneficial Interest,Equity Residential Common Shares of Beneficial Interest,EQR,EQR,ST,S,2025-07-11,2025-08-01,1001.0,15000.0,,"$1,001 - $15,000",valid_range,New,,,,"This investment is held within a publicly available, widely held independently managed portfolio over which I have no authority to exercise control over or influence the financial interests held by the portfolio. The assets of the portfolio are widely diversified, and all investment decisions are made solely by the independent manager, without my input or direction.",9,9,table,False,False,,False,0,False,True,100,True,17,False,https://disclosures-clerk.house.gov/public_disc/ptr-pdfs/2025/20030930.pdf,,,,Equity Residential Common Shares of Beneficial Interest (EQR) [ST],Equity Residential Common Shares of Beneficial Interest (EQR) [ST],S,07/11/2025,08/01/2025,"$1,001 - $15,000","Filing Status: New Comments: This investment is held within a publicly available, widely held independently managed portfolio over which I have no authority to exercise control over or influence the financial interests held by the portfolio. The assets of the portfolio are widely diversified, and all investment decisions are made solely by the independent manager, without my input or direction.","Equity Residential Common Shares of Beneficial Interest (EQR) [ST] S 07/11/2025 08/01/2025 $1,001 - $15,000 Filing Status: New Comments: This investment is held within a publicly available, widely held independently managed portfolio over which I have no authority to exercise control over or influence the financial interests held by the portfolio. The assets of the portfolio are widely diversified, and all investment decisions are made solely by the independent manager, without my input or direction.",,,False,100,EQR,accepted,house_ptr_structure+v8_1,False,False,False,07/11/2025,False,,valid_range
20030930,Hon. Ritchie John Torres,Member,NY15,20030930.pdf,2025,47,,"Freeport-McMoRan, Inc. Common Stock","Freeport-McMoRan, Inc. Common Stock",FCX,FCX,ST,S,2025-07-11,2025-08-01,1001.0,15000.0,,"$1,001 - $15,000",valid_range,New,,,,"This investment is held within a publicly available, widely held independently managed portfolio over which I have no authority to exercise control over or influence the financial interests held by the portfolio. The assets of the portfolio are widely diversified, and all investment decisions are made solely by the independent manager, without my input or direction.",9,9,table,False,False,,False,0,False,False,100,True,17,False,https://disclosures-clerk.house.gov/public_disc/ptr-pdfs/2025/20030930.pdf,,,,"Freeport-McMoRan, Inc. Common Stock (FCX) [ST] Filing Status: New Comments: This investment is held within have no authority to exercise control over are widely diversified, and all investment direction.","Freeport-McMoRan, Inc. Common Stock (FCX) [ST]",S n a publicly availa or influence the f decisions are mad,"07/11/2025 able, widely hel financial intere de solely by the",08/01/2025 ld independently m sts held by the po e independent ma,"$1,001 - $15,000 managed portfolio ov ortfolio. The assets of anager, without my in",,"Freeport-McMoRan, Inc. Common Stock (FCX) [ST] S 07/11/2025 08/01/2025 $1,001 - $15,000 Filing Status: New Comments: This investment is held within a publicly available, widely held independently managed portfolio over which I have no authority to exercise control over or influence the financial interests held by the portfolio. The assets of the portfolio are widely diversified, and all investment decisions are made solely by the independent manager, without my input or direction.",,,False,100,FCX,accepted,house_ptr_structure+v8_1,False,False,True,07/11/2025,False,,valid_range
20030930,Hon. Ritchie John Torres,Member,NY15,20030930.pdf,2025,48,,"Gaming and Leisure Properties, Inc. - Common Stock","Gaming and Leisure Properties, Inc. - Common Stock",GLPI,GLPI,ST,P,2024-09-26,2025-08-01,1001.0,15000.0,,"$1,001 - $15,000",valid_range,New,,,,"This investment is held within a publicly available, widely held independently managed portfolio over which I have no authority to exercise control over or influence the financial interests held by the portfolio. The assets of the portfolio are widely diversified, and all investment decisions are made solely by the independent manager, without my input or direction.",9,9,table,False,False,,False,0,False,True,100,True,17,False,https://disclosures-clerk.house.gov/public_disc/ptr-pdfs/2025/20030930.pdf,,,,"Gaming and Leisure Properties, Inc. - Common Stock (GLPI) [ST]","Gaming and Leisure Properties, Inc. - Common Stock (GLPI) [ST]",P,09/26/2024,08/01/2025,"$1,001 - $15,000","Filing Status: New Comments: This investment is held within a publicly available, widely held independently managed portfolio over which I have no authority to exercise control over or influence the financial interests held by the portfolio. The assets of the portfolio are widely diversified, and all investment decisions are made solely by the independent manager, without my input or direction.","Gaming and Leisure Properties, Inc. - Common Stock (GLPI) [ST] P 09/26/2024 08/01/2025 $1,001 - $15,000 Filing Status: New Comments: This investment is held within a publicly available, widely held independently managed portfolio over which I have no authority to exercise control over or influence the financial interests held by the portfolio. The assets of the portfolio are widely diversified, and all investment decisions are made solely by the independent manager, without my input or direction.",,,False,100,GLPI,accepted,house_ptr_structure+v8_1,False,False,False,09/26/2024,False,,valid_range
20030930,Hon. Ritchie John Torres,Member,NY15,20030930.pdf,2025,49,,"Goldman Sachs Group, Inc.","Goldman Sachs Group, Inc.",GS,GS,ST,S,2025-07-11,2025-08-01,1001.0,15000.0,,"$1,001 - $15,000",valid_range,New,,,,"This investment is held within a publicly available, widely held independently managed portfolio over which I have no authority to exercise control over or influence the financial interests held by the portfolio. The assets of the portfolio are widely diversified, and all investment decisions are made solely by the independent manager, without my input or direction.",9,9,table,False,False,,False,0,False,False,100,True,17,False,https://disclosures-clerk.house.gov/public_disc/ptr-pdfs/2025/20030930.pdf,,,,"Goldman Sachs Group, Inc. (GS) [ST] Filing Status: New Comments: This investment is held within have no authority to exercise control over are widely diversified, and all investment direction.","Goldman Sachs Group, Inc. (GS) [ST]",S n a publicly availa or influence the f decisions are mad,"07/11/2025 able, widely hel financial intere de solely by the",08/01/2025 ld independently m sts held by the po e independent ma,"$1,001 - $15,000 managed portfolio ov ortfolio. The assets of anager, without my in",,"Goldman Sachs Group, Inc. (GS) [ST] S 07/11/2025 08/01/2025 $1,001 - $15,000 Filing Status: New Comments: This investment is held within a publicly available, widely held independently managed portfolio over which I have no authority to exercise control over or influence the financial interests held by the portfolio. The assets of the portfolio are widely diversified, and all investment decisions are made solely by the independent manager, without my input or direction.",,,False,100,GS,accepted,house_ptr_structure+v8_1,False,False,True,07/11/2025,False,,valid_range
20030930,Hon. Ritchie John Torres,Member,NY15,20030930.pdf,2025,50,,Hewlett Packard Enterprise Company Common Stock,Hewlett Packard Enterprise Company Common Stock,HPE,HPE,ST,S,2025-07-11,2025-08-01,1001.0,15000.0,,"$1,001 - $15,000",valid_range,New,,,,"This investment is held within a publicly available, widely held independently managed portfolio over which I have no authority to exercise control over or influence the financial interests held by the portfolio. The assets of the portfolio are widely diversified, and all investment decisions are made solely by the independent manager, without my input or direction.",9,9,table,False,False,,False,0,False,True,100,True,17,False,https://disclosures-clerk.house.gov/public_disc/ptr-pdfs/2025/20030930.pdf,,,,Hewlett Packard Enterprise Company Common Stock (HPE) [ST],Hewlett Packard Enterprise Company Common Stock (HPE) [ST],S,07/11/2025,08/01/2025,"$1,001 - $15,000","Filing Status: New Comments: This investment is held within a publicly available, widely held independently managed portfolio over which I have no authority to exercise control over or influence the financial interests held by the portfolio. The assets of the portfolio are widely diversified, and all investment decisions are made solely by the independent manager, without my input or direction.","Hewlett Packard Enterprise Company Common Stock (HPE) [ST] S 07/11/2025 08/01/2025 $1,001 - $15,000 Filing Status: New Comments: This investment is held within a publicly available, widely held independently managed portfolio over which I have no authority to exercise control over or influence the financial interests held by the portfolio. The assets of the portfolio are widely diversified, and all investment decisions are made solely by the independent manager, without my input or direction.",,,False,100,HPE,accepted,house_ptr_structure+v8_1,False,False,False,07/11/2025,False,,valid_range
20030930,Hon. Ritchie John Torres,Member,NY15,20030930.pdf,2025,51,,"Home Depot, Inc.","Home Depot, Inc.",HD,HD,ST,S,2025-07-11,2025-08-01,1001.0,15000.0,,"$1,001 - $15,000",valid_range,New,,,,"This investment is held within a publicly available, widely held independently managed portfolio over which I have no authority to exercise control over or influence the financial interests held by the portfolio. The assets of the portfolio are widely diversified, and all investment decisions are made solely by the independent manager, without my input or direction.",9,10,table,False,False,,True,0,False,False,98,True,17,False,https://disclosures-clerk.house.gov/public_disc/ptr-pdfs/2025/20030930.pdf,,,,"Home Depot, Inc. (HD) [ST]","Home Depot, Inc. (HD) [ST]",S,07/11/2025,08/01/2025,"$1,001 - $15,000","Filing Status: New Comments: This investment is held within a publicly available, widely held independently managed portfolio over which I have no authority to exercise control over or influence the financial interests held by the portfolio. The assets of the portfolio are widely diversified, and all investment decisions are made solely by the independent manager, without my input or direction.","Home Depot, Inc. (HD) [ST] S 07/11/2025 08/01/2025 $1,001 - $15,000 Filing Status: New Comments: This investment is held within a publicly available, widely held independently managed portfolio over which I have no authority to exercise control over or influence the financial interests held by the portfolio. The assets of the portfolio are widely diversified, and all investment decisions are made solely by the independent manager, without my input or direction.",,,False,98,HD,accepted,house_ptr_structure+v8_1,False,False,False,07/11/2025,False,,valid_range
20030930,Hon. Ritchie John Torres,Member,NY15,20030930.pdf,2025,52,,"Home Depot, Inc.","Home Depot, Inc.",HD,HD,ST,P,2024-09-26,2025-08-01,1001.0,15000.0,,"$1,001 - $15,000",valid_range,New,,,,"This investment is held within a publicly available, widely held independently managed portfolio over which I have no authority to exercise control over or influence the financial interests held by the portfolio. The assets of the portfolio are widely diversified, and all investment decisions are made solely by the independent manager, without my input or direction.",10,10,table,False,False,,False,0,False,True,100,True,17,False,https://disclosures-clerk.house.gov/public_disc/ptr-pdfs/2025/20030930.pdf,,,,"Home Depot, Inc. (HD) [ST]","Home Depot, Inc. (HD) [ST]",P,09/26/2024,08/01/2025,"$1,001 - $15,000","Filing Status: New Comments: This investment is held within a publicly available, widely held independently managed portfolio over which I have no authority to exercise control over or influence the financial interests held by the portfolio. The assets of the portfolio are widely diversified, and all investment decisions are made solely by the independent manager, without my input or direction.","Home Depot, Inc. (HD) [ST] P 09/26/2024 08/01/2025 $1,001 - $15,000 Filing Status: New Comments: This investment is held within a publicly available, widely held independently managed portfolio over which I have no authority to exercise control over or influence the financial interests held by the portfolio. The assets of the portfolio are widely diversified, and all investment decisions are made solely by the independent manager, without my input or direction.",,,False,100,HD,accepted,house_ptr_structure+v8_1,False,False,False,09/26/2024,False,,valid_range
20030930,Hon. Ritchie John Torres,Member,NY15,20030930.pdf,2025,53,,Honeywell International Inc.,Honeywell International Inc.,HON,HON,ST,S,2025-02-28,2025-08-01,1001.0,15000.0,,"$1,001 - $15,000",valid_range,New,,,,"This investment is held within a publicly available, widely held independently managed portfolio over which I have no authority to exercise control over or influence the financial interests held by the portfolio. The assets of the portfolio are widely diversified, and all investment decisions are made solely by the independent manager, without my input or direction.",10,10,table,False,False,,False,0,False,False,100,True,17,False,https://disclosures-clerk.house.gov/public_disc/ptr-pdfs/2025/20030930.pdf,,,,"Honeywell International Inc. (HON) [ST] Filing Status: New Comments: This investment is held within have no authority to exercise control over are widely diversified, and all investment direction.",Honeywell International Inc. (HON) [ST],S n a publicly availa or influence the f decisions are mad,"02/28/2025 able, widely hel financial intere de solely by the",08/01/2025 ld independently m sts held by the po e independent ma,"$1,001 - $15,000 managed portfolio ov ortfolio. The assets of anager, without my in",,"Honeywell International Inc. (HON) [ST] S 02/28/2025 08/01/2025 $1,001 - $15,000 Filing Status: New Comments: This investment is held within a publicly available, widely held independently managed portfolio over which I have no authority to exercise control over or influence the financial interests held by the portfolio. The assets of the portfolio are widely diversified, and all investment decisions are made solely by the independent manager, without my input or direction.",,,False,100,HON,accepted,house_ptr_structure+v8_1,False,False,True,02/28/2025,False,,valid_range
20030930,Hon. Ritchie John Torres,Member,NY15,20030930.pdf,2025,54,,Intercontinental Exchange Inc. Common Stock,Intercontinental Exchange Inc. Common Stock,ICE,ICE,ST,S,2024-09-26,2025-07-11,1001.0,15000.0,,"$1,001 - $15,000",valid_range,New,,,,"This investment is held within a publicly available, widely held independently managed portfolio over which I have no authority to exercise control over or influence the financial interests held by the portfolio. The assets of the portfolio are widely diversified, and all investment decisions are made solely by the independent manager, without my input or direction.",10,10,table,False,False,,False,0,False,True,100,True,17,False,https://disclosures-clerk.house.gov/public_disc/ptr-pdfs/2025/20030930.pdf,,,,Intercontinental Exchange Inc. Common Stock (ICE) [ST],Intercontinental Exchange Inc. Common Stock (ICE) [ST],S,09/26/2024,07/11/2025,"$1,001 - $15,000","Filing Status: New Comments: This investment is held within a publicly available, widely held independently managed portfolio over which I have no authority to exercise control over or influence the financial interests held by the portfolio. The assets of the portfolio are widely diversified, and all investment decisions are made solely by the independent manager, without my input or direction.","Intercontinental Exchange Inc. Common Stock (ICE) [ST] S 09/26/2024 07/11/2025 $1,001 - $15,000 Filing Status: New Comments: This investment is held within a publicly available, widely held independently managed portfolio over which I have no authority to exercise control over or influence the financial interests held by the portfolio. The assets of the portfolio are widely diversified, and all investment decisions are made solely by the independent manager, without my input or direction.",,,False,100,ICE,accepted,house_ptr_structure+v8_1,False,False,False,09/26/2024,False,,valid_range
20030930,Hon. Ritchie John Torres,Member,NY15,20030930.pdf,2025,55,,Intercontinental Exchange Inc. Common Stock,Intercontinental Exchange Inc. Common Stock,ICE,ICE,ST,P,2024-09-26,2025-08-01,1001.0,15000.0,,"$1,001 - $15,000",valid_range,New,,,,"This investment is held within a publicly available, widely held independently managed portfolio over which I have no authority to exercise control over or influence the financial interests held by the portfolio. The assets of the portfolio are widely diversified, and all investment decisions are made solely by the independent manager, without my input or direction.",10,10,table,False,False,,False,0,False,False,100,True,17,False,https://disclosures-clerk.house.gov/public_disc/ptr-pdfs/2025/20030930.pdf,,,,"Intercontinental Exchange Inc. Common Stock (ICE) [ST] Filing Status: New Comments: This investment is held within have no authority to exercise control over are widely diversified, and all investment direction.",Intercontinental Exchange Inc. Common Stock (ICE) [ST],P n a publicly availa or influence the f decisions are mad,"09/26/2024 able, widely hel financial intere de solely by the",08/01/2025 ld independently m sts held by the po e independent ma,"$1,001 - $15,000 managed portfolio ov ortfolio. The assets of anager, without my in",,"Intercontinental Exchange Inc. Common Stock (ICE) [ST] P 09/26/2024 08/01/2025 $1,001 - $15,000 Filing Status: New Comments: This investment is held within a publicly available, widely held independently managed portfolio over which I have no authority to exercise control over or influence the financial interests held by the portfolio. The assets of the portfolio are widely diversified, and all investment decisions are made solely by the independent manager, without my input or direction.",,,False,100,ICE,accepted,house_ptr_structure+v8_1,False,False,True,09/26/2024,False,,valid_range
20030930,Hon. Ritchie John Torres,Member,NY15,20030930.pdf,2025,56,,Johnson & Johnson Common Stock,Johnson & Johnson Common Stock,JNJ,JNJ,ST,P,2024-09-26,2025-08-01,1001.0,15000.0,,"$1,001 - $15,000",valid_range,New,,,,"This investment is held within a publicly available, widely held independently managed portfolio over which I have no authority to exercise control over or influence the financial interests held by the portfolio. The assets of the portfolio are widely diversified, and all investment decisions are made solely by the independent manager, without my input or direction.",10,10,table,False,False,,False,0,False,True,100,True,17,False,https://disclosures-clerk.house.gov/public_disc/ptr-pdfs/2025/20030930.pdf,,,,Johnson & Johnson Common Stock (JNJ) [ST],Johnson & Johnson Common Stock (JNJ) [ST],P,09/26/2024,08/01/2025,"$1,001 - $15,000","Filing Status: New Comments: This investment is held within a publicly available, widely held independently managed portfolio over which I have no authority to exercise control over or influence the financial interests held by the portfolio. The assets of the portfolio are widely diversified, and all investment decisions are made solely by the independent manager, without my input or direction.","Johnson & Johnson Common Stock (JNJ) [ST] P 09/26/2024 08/01/2025 $1,001 - $15,000 Filing Status: New Comments: This investment is held within a publicly available, widely held independently managed portfolio over which I have no authority to exercise control over or influence the financial interests held by the portfolio. The assets of the portfolio are widely diversified, and all investment decisions are made solely by the independent manager, without my input or direction.",,,False,100,JNJ,accepted,house_ptr_structure+v8_1,False,False,False,09/26/2024,False,,valid_range
20030930,Hon. Ritchie John Torres,Member,NY15,20030930.pdf,2025,57,,JP Morgan Chase & Co. Common Stock,JP Morgan Chase & Co. Common Stock,JPM,JPM,ST,P,2024-09-26,2025-08-01,1001.0,15000.0,,"$1,001 - $15,000",valid_range,New,,,,"This investment is held within a publicly available, widely held independently managed portfolio over which I have no authority to exercise control over or influence the financial interests held by the portfolio. The assets of the portfolio are widely diversified, and all investment decisions are made solely by the independent manager, without my input or direction.",11,11,table,False,False,,False,0,False,False,100,True,17,False,https://disclosures-clerk.house.gov/public_disc/ptr-pdfs/2025/20030930.pdf,,,,"JP Morgan Chase & Co. Common Stock (JPM) [ST] Filing Status: New Comments: This investment is held within have no authority to exercise control over are widely diversified, and all investment direction.",JP Morgan Chase & Co. Common Stock (JPM) [ST],P n a publicly availa or influence the f decisions are mad,"09/26/2024 able, widely hel financial intere de solely by the",08/01/2025 ld independently m sts held by the po e independent ma,"$1,001 - $15,000 managed portfolio ov ortfolio. The assets of anager, without my in",,"JP Morgan Chase & Co. Common Stock (JPM) [ST] P 09/26/2024 08/01/2025 $1,001 - $15,000 Filing Status: New Comments: This investment is held within a publicly available, widely held independently managed portfolio over which I have no authority to exercise control over or influence the financial interests held by the portfolio. The assets of the portfolio are widely diversified, and all investment decisions are made solely by the independent manager, without my input or direction.",,,False,100,JPM,accepted,house_ptr_structure+v8_1,False,False,True,09/26/2024,False,,valid_range
20030930,Hon. Ritchie John Torres,Member,NY15,20030930.pdf,2025,58,,JP Morgan Chase & Co. Common Stock,JP Morgan Chase & Co. Common Stock,JPM,JPM,ST,S,2025-07-11,2025-08-01,1001.0,15000.0,,"$1,001 - $15,000",valid_range,New,,,,"This investment is held within a publicly available, widely held independently managed portfolio over which I have no authority to exercise control over or influence the financial interests held by the portfolio. The assets of the portfolio are widely diversified, and all investment decisions are made solely by the independent manager, without my input or direction.",11,11,table,False,False,,False,0,False,True,100,True,17,False,https://disclosures-clerk.house.gov/public_disc/ptr-pdfs/2025/20030930.pdf,,,,JP Morgan Chase & Co. Common Stock (JPM) [ST],JP Morgan Chase & Co. Common Stock (JPM) [ST],S,07/11/2025,08/01/2025,"$1,001 - $15,000","Filing Status: New Comments: This investment is held within a publicly available, widely held independently managed portfolio over which I have no authority to exercise control over or influence the financial interests held by the portfolio. The assets of the portfolio are widely diversified, and all investment decisions are made solely by the independent manager, without my input or direction.","JP Morgan Chase & Co. Common Stock (JPM) [ST] S 07/11/2025 08/01/2025 $1,001 - $15,000 Filing Status: New Comments: This investment is held within a publicly available, widely held independently managed portfolio over which I have no authority to exercise control over or influence the financial interests held by the portfolio. The assets of the portfolio are widely diversified, and all investment decisions are made solely by the independent manager, without my input or direction.",,,False,100,JPM,accepted,house_ptr_structure+v8_1,False,False,False,07/11/2025,False,,valid_range
20030930,Hon. Ritchie John Torres,Member,NY15,20030930.pdf,2025,59,,"Kinder Morgan, Inc. Common Stock","Kinder Morgan, Inc. Common Stock",KMI,KMI,ST,S,2025-07-11,2025-08-01,1001.0,15000.0,,"$1,001 - $15,000",valid_range,New,,,,"This investment is held within a publicly available, widely held independently managed portfolio over which I have no authority to exercise control over or influence the financial interests held by the portfolio. The assets of the portfolio are widely diversified, and all investment decisions are made solely by the independent manager, without my input or direction.",11,11,table,False,False,,False,0,False,False,100,True,17,False,https://disclosures-clerk.house.gov/public_disc/ptr-pdfs/2025/20030930.pdf,,,,"Kinder Morgan, Inc. Common Stock (KMI) [ST] Filing Status: New Comments: This investment is held within have no authority to exercise control over are widely diversified, and all investment direction.","Kinder Morgan, Inc. Common Stock (KMI) [ST]",S n a publicly availa or influence the f decisions are mad,"07/11/2025 able, widely hel financial intere de solely by the",08/01/2025 ld independently m sts held by the po e independent ma,"$1,001 - $15,000 managed portfolio ov ortfolio. The assets of anager, without my in",,"Kinder Morgan, Inc. Common Stock (KMI) [ST] S 07/11/2025 08/01/2025 $1,001 - $15,000 Filing Status: New Comments: This investment is held within a publicly available, widely held independently managed portfolio over which I have no authority to exercise control over or influence the financial interests held by the portfolio. The assets of the portfolio are widely diversified, and all investment decisions are made solely by the independent manager, without my input or direction.",,,False,100,KMI,accepted,house_ptr_structure+v8_1,False,False,True,07/11/2025,False,,valid_range
20030930,Hon. Ritchie John Torres,Member,NY15,20030930.pdf,2025,60,,"Kinder Morgan, Inc. Common Stock","Kinder Morgan, Inc. Common Stock",KMI,KMI,ST,P,2024-09-26,2025-08-01,1001.0,15000.0,,"$1,001 - $15,000",valid_range,New,,,,"This investment is held within a publicly available, widely held independently managed portfolio over which I have no authority to exercise control over or influence the financial interests held by the portfolio. The assets of the portfolio are widely diversified, and all investment decisions are made solely by the independent manager, without my input or direction.",11,11,table,False,False,,False,0,False,True,100,True,17,False,https://disclosures-clerk.house.gov/public_disc/ptr-pdfs/2025/20030930.pdf,,,,"Kinder Morgan, Inc. Common Stock (KMI) [ST]","Kinder Morgan, Inc. Common Stock (KMI) [ST]",P,09/26/2024,08/01/2025,"$1,001 - $15,000","Filing Status: New Comments: This investment is held within a publicly available, widely held independently managed portfolio over which I have no authority to exercise control over or influence the financial interests held by the portfolio. The assets of the portfolio are widely diversified, and all investment decisions are made solely by the independent manager, without my input or direction.","Kinder Morgan, Inc. Common Stock (KMI) [ST] P 09/26/2024 08/01/2025 $1,001 - $15,000 Filing Status: New Comments: This investment is held within a publicly available, widely held independently managed portfolio over which I have no authority to exercise control over or influence the financial interests held by the portfolio. The assets of the portfolio are widely diversified, and all investment decisions are made solely by the independent manager, without my input or direction.",,,False,100,KMI,accepted,house_ptr_structure+v8_1,False,False,False,09/26/2024,False,,valid_range
20030930,Hon. Ritchie John Torres,Member,NY15,20030930.pdf,2025,61,,"L3Harris Technologies, Inc. Common Stock","L3Harris Technologies, Inc. Common Stock",LHX,LHX,ST,P,2024-09-26,2025-08-01,1001.0,15000.0,,"$1,001 - $15,000",valid_range,New,,,,"This investment is held within a publicly available, widely held independently managed portfolio over which I have no authority to exercise control over or influence the financial interests held by the portfolio. The assets of the portfolio are widely diversified, and all investment decisions are made solely by the independent manager, without my input or direction.",11,11,table,False,False,,False,0,False,False,100,True,17,False,https://disclosures-clerk.house.gov/public_disc/ptr-pdfs/2025/20030930.pdf,,,,"L3Harris Technologies, Inc. Common Stock (LHX) [ST] Filing Status: New Comments: This investment is held within have no authority to exercise control over are widely diversified, and all investment direction.","L3Harris Technologies, Inc. Common Stock (LHX) [ST]",P n a publicly availa or influence the f decisions are mad,"09/26/2024 able, widely hel financial intere de solely by the",08/01/2025 ld independently m sts held by the po e independent ma,"$1,001 - $15,000 managed portfolio ov ortfolio. The assets of anager, without my in",,"L3Harris Technologies, Inc. Common Stock (LHX) [ST] P 09/26/2024 08/01/2025 $1,001 - $15,000 Filing Status: New Comments: This investment is held within a publicly available, widely held independently managed portfolio over which I have no authority to exercise control over or influence the financial interests held by the portfolio. The assets of the portfolio are widely diversified, and all investment decisions are made solely by the independent manager, without my input or direction.",,,False,100,LHX,accepted,house_ptr_structure+v8_1,False,False,True,09/26/2024,False,,valid_range
20030930,Hon. Ritchie John Torres,Member,NY15,20030930.pdf,2025,62,,"L3Harris Technologies, Inc. Common Stock","L3Harris Technologies, Inc. Common Stock",LHX,LHX,ST,S,2025-07-11,2025-08-01,1001.0,15000.0,,"$1,001 - $15,000",valid_range,New,,,,"This investment is held within a publicly available, widely held independently managed portfolio over which I have no authority to exercise control over or influence the financial interests held by the portfolio. The assets of the portfolio are widely diversified, and all investment decisions are made solely by the independent manager, without my input or ID Owner Asset Transaction Type Date Notification Date Amount Cap. Gains > $200?",11,12,table,True,False,,True,0,False,True,98,True,17,False,https://disclosures-clerk.house.gov/public_disc/ptr-pdfs/2025/20030930.pdf,,,,"L3Harris Technologies, Inc. Common Stock (LHX) [ST]","L3Harris Technologies, Inc. Common Stock (LHX) [ST]",S,07/11/2025,08/01/2025,"$1,001 - $15,000","Filing Status: New Comments: This investment is held within a publicly available, widely held independently managed portfolio over which I have no authority to exercise control over or influence the financial interests held by the portfolio. The assets of the portfolio are widely diversified, and all investment decisions are made solely by the independent manager, without my input or ID Owner Asset Transaction Type Date Notification Date Amount Cap. Gains > $200?","L3Harris Technologies, Inc. Common Stock (LHX) [ST] S 07/11/2025 08/01/2025 $1,001 - $15,000 Filing Status: New Comments: This investment is held within a publicly available, widely held independently managed portfolio over which I have no authority to exercise control over or influence the financial interests held by the portfolio. The assets of the portfolio are widely diversified, and all investment decisions are made solely by the independent manager, without my input or ID Owner Asset Transaction Type Date Notification Date Amount Cap. Gains > $200?",,,False,98,LHX,accepted,house_ptr_structure+v8_1,False,False,False,07/11/2025,False,,valid_range
20030930,Hon. Ritchie John Torres,Member,NY15,20030930.pdf,2025,63,,Lennar Corporation Class A Common Stock,Lennar Corporation Class A Common Stock,LEN,LEN,ST,S,2024-09-26,2025-07-11,1001.0,15000.0,,"$1,001 - $15,000",valid_range,New,,,,"This investment is held within a publicly available, widely held independently managed portfolio over which I have no authority to exercise control over or influence the financial interests held by the portfolio. The assets of the portfolio are widely diversified, and all investment decisions are made solely by the independent manager, without my input or direction.",12,12,relaxed_table,True,False,,False,0,False,False,100,True,17,False,https://disclosures-clerk.house.gov/public_disc/ptr-pdfs/2025/20030930.pdf,,,,"Lennar Corporation Class A Common Stock (LEN) [ST] Filing Status: New Comments: This investment is held within have no authority to exercise control over are widely diversified, and all investment direction.",Lennar Corporation Class A Common Stock (LEN) [ST],S n a publicly availa or influence the f decisions are mad,"09/26/2024 able, widely hel financial intere de solely by the",07/11/2025 ld independently m sts held by the po e independent ma,"$1,001 - $15,000 managed portfolio ov ortfolio. The assets of anager, without my in",,"Lennar Corporation Class A Common Stock (LEN) [ST] S 09/26/2024 07/11/2025 $1,001 - $15,000 Filing Status: New Comments: This investment is held within a publicly available, widely held independently managed portfolio over which I have no authority to exercise control over or influence the financial interests held by the portfolio. The assets of the portfolio are widely diversified, and all investment decisions are made solely by the independent manager, without my input or direction.",,,False,100,LEN,accepted,house_ptr_structure+v8_1,False,False,True,09/26/2024,False,,valid_range
20030930,Hon. Ritchie John Torres,Member,NY15,20030930.pdf,2025,64,,Lennar Corporation Class A Common Stock,Lennar Corporation Class A Common Stock,LEN,LEN,ST,P,2024-09-26,2025-08-01,1001.0,15000.0,,"$1,001 - $15,000",valid_range,New,,,,"This investment is held within a publicly available, widely held independently managed portfolio over which I have no authority to exercise control over or influence the financial interests held by the portfolio. The assets of the portfolio are widely diversified, and all investment decisions are made solely by the independent manager, without my input or direction.",12,12,relaxed_table,True,False,,False,0,False,True,100,True,17,False,https://disclosures-clerk.house.gov/public_disc/ptr-pdfs/2025/20030930.pdf,,,,Lennar Corporation Class A Common Stock (LEN) [ST],Lennar Corporation Class A Common Stock (LEN) [ST],P,09/26/2024,08/01/2025,"$1,001 - $15,000","Filing Status: New Comments: This investment is held within a publicly available, widely held independently managed portfolio over which I have no authority to exercise control over or influence the financial interests held by the portfolio. The assets of the portfolio are widely diversified, and all investment decisions are made solely by the independent manager, without my input or direction.","Lennar Corporation Class A Common Stock (LEN) [ST] P 09/26/2024 08/01/2025 $1,001 - $15,000 Filing Status: New Comments: This investment is held within a publicly available, widely held independently managed portfolio over which I have no authority to exercise control over or influence the financial interests held by the portfolio. The assets of the portfolio are widely diversified, and all investment decisions are made solely by the independent manager, without my input or direction.",,,False,100,LEN,accepted,house_ptr_structure+v8_1,False,False,False,09/26/2024,False,,valid_range
20030930,Hon. Ritchie John Torres,Member,NY15,20030930.pdf,2025,65,,"Lineage, Inc. - Common Stock","Lineage, Inc. - Common Stock",LINE,LINE,ST,P,2024-09-26,2025-08-01,1001.0,15000.0,,"$1,001 - $15,000",valid_range,New,,,,"This investment is held within a publicly available, widely held independently managed portfolio over which I have no authority to exercise control over or influence the financial interests held by the portfolio. The assets of the portfolio are widely diversified, and all investment decisions are made solely by the independent manager, without my input or direction.",12,12,relaxed_table,True,False,,False,0,False,False,100,True,17,False,https://disclosures-clerk.house.gov/public_disc/ptr-pdfs/2025/20030930.pdf,,,,"Lineage, Inc. - Common Stock (LINE) [ST] Filing Status: New Comments: This investment is held within have no authority to exercise control over are widely diversified, and all investment direction.","Lineage, Inc. - Common Stock (LINE) [ST]",P n a publicly availa or influence the f decisions are mad,"09/26/2024 able, widely hel financial intere de solely by the",08/01/2025 ld independently m sts held by the po e independent ma,"$1,001 - $15,000 managed portfolio ov ortfolio. The assets of anager, without my in",,"Lineage, Inc. - Common Stock (LINE) [ST] P 09/26/2024 08/01/2025 $1,001 - $15,000 Filing Status: New Comments: This investment is held within a publicly available, widely held independently managed portfolio over which I have no authority to exercise control over or influence the financial interests held by the portfolio. The assets of the portfolio are widely diversified, and all investment decisions are made solely by the independent manager, without my input or direction.",,,False,100,LINE,accepted,house_ptr_structure+v8_1,False,False,True,09/26/2024,False,,valid_range
20030930,Hon. Ritchie John Torres,Member,NY15,20030930.pdf,2025,66,,Lockheed Martin Corporation Common Stock,Lockheed Martin Corporation Common Stock,LMT,LMT,ST,P,2024-09-26,2025-08-01,1001.0,15000.0,,"$1,001 - $15,000",valid_range,New,,,,"This investment is held within a publicly available, widely held independently managed portfolio over which I have no authority to exercise control over or influence the financial interests held by the portfolio. The assets of the portfolio are widely diversified, and all investment decisions are made solely by the independent manager, without my input or direction.",12,12,relaxed_table,True,False,,False,0,False,True,100,True,17,False,https://disclosures-clerk.house.gov/public_disc/ptr-pdfs/2025/20030930.pdf,,,,Lockheed Martin Corporation Common Stock (LMT) [ST],Lockheed Martin Corporation Common Stock (LMT) [ST],P,09/26/2024,08/01/2025,"$1,001 - $15,000","Filing Status: New Comments: This investment is held within a publicly available, widely held independently managed portfolio over which I have no authority to exercise control over or influence the financial interests held by the portfolio. The assets of the portfolio are widely diversified, and all investment decisions are made solely by the independent manager, without my input or direction.","Lockheed Martin Corporation Common Stock (LMT) [ST] P 09/26/2024 08/01/2025 $1,001 - $15,000 Filing Status: New Comments: This investment is held within a publicly available, widely held independently managed portfolio over which I have no authority to exercise control over or influence the financial interests held by the portfolio. The assets of the portfolio are widely diversified, and all investment decisions are made solely by the independent manager, without my input or direction.",,,False,100,LMT,accepted,house_ptr_structure+v8_1,False,False,False,09/26/2024,False,,valid_range
20030930,Hon. Ritchie John Torres,Member,NY15,20030930.pdf,2025,67,,"Marvell Technology, Inc. - Common Stock","Marvell Technology, Inc. - Common Stock",MRVL,MRVL,ST,P,2025-06-06,2025-08-01,1001.0,15000.0,,"$1,001 - $15,000",valid_range,New,,,,,12,12,relaxed_table,True,False,,False,0,False,False,100,True,10,False,https://disclosures-clerk.house.gov/public_disc/ptr-pdfs/2025/20030930.pdf,,,,"Marvell Technology, Inc. - Common Stock (MRVL) [ST] Filing Status: New","Marvell Technology, Inc. - Common Stock (MRVL) [ST]",P,06/06/2025,08/01/2025,"$1,001 - $15,000",,"Marvell Technology, Inc. - Common Stock (MRVL) [ST] P 06/06/2025 08/01/2025 $1,001 - $15,000 Filing Status: New",,,False,100,MRVL,accepted,house_ptr_structure+v8_1,False,False,False,06/06/2025,False,,valid_range
20030930,Hon. Ritchie John Torres,Member,NY15,20030930.pdf,2025,68,,"Marvell Technology, Inc. - Common Stock","Marvell Technology, Inc. - Common Stock",MRVL,MRVL,ST,S,2025-07-11,2025-08-01,1001.0,15000.0,,"$1,001 - $15,000",valid_range,New,,,,"This investment is held within a publicly available, widely held independently managed portfolio over which I have no authority to exercise control over or influence the financial interests held by the portfolio. The assets of the portfolio are widely diversified, and all investment decisions are made solely by the independent manager, without my input or direction.",12,12,relaxed_table,True,False,,False,0,False,True,100,True,17,False,https://disclosures-clerk.house.gov/public_disc/ptr-pdfs/2025/20030930.pdf,,,,"Marvell Technology, Inc. - Common Stock (MRVL) [ST]","Marvell Technology, Inc. - Common Stock (MRVL) [ST]",S,07/11/2025,08/01/2025,"$1,001 - $15,000","Filing Status: New Comments: This investment is held within a publicly available, widely held independently managed portfolio over which I have no authority to exercise control over or influence the financial interests held by the portfolio. The assets of the portfolio are widely diversified, and all investment decisions are made solely by the independent manager, without my input or direction.","Marvell Technology, Inc. - Common Stock (MRVL) [ST] S 07/11/2025 08/01/2025 $1,001 - $15,000 Filing Status: New Comments: This investment is held within a publicly available, widely held independently managed portfolio over which I have no authority to exercise control over or influence the financial interests held by the portfolio. The assets of the portfolio are widely diversified, and all investment decisions are made solely by the independent manager, without my input or direction.",,,False,100,MRVL,accepted,house_ptr_structure+v8_1,False,False,False,07/11/2025,False,,valid_range
20030930,Hon. Ritchie John Torres,Member,NY15,20030930.pdf,2025,69,,"McCormick & Company, Incorporated Common Stock","McCormick & Company, Incorporated Common Stock",MKC,MKC,ST,S,2025-07-11,2025-08-01,1001.0,15000.0,,"$1,001 - $15,000",valid_range,New,,,,"This investment is held within a publicly available, widely held independently managed portfolio over which I have no authority to exercise control over or influence the financial interests held by the portfolio. The assets of the portfolio are widely diversified, and all investment decisions are made solely by the independent manager, without my input or direction.",13,13,table,False,False,,False,0,False,False,100,True,17,False,https://disclosures-clerk.house.gov/public_disc/ptr-pdfs/2025/20030930.pdf,,,,"McCormick & Company, Incorporated Common Stock (MKC) [ST] Filing Status: New Comments: This investment is held within have no authority to exercise control over are widely diversified, and all investment direction.","McCormick & Company, Incorporated Common Stock (MKC) [ST]",S n a publicly availa or influence the f decisions are mad,"07/11/2025 able, widely hel financial intere de solely by the",08/01/2025 ld independently m sts held by the po e independent ma,"$1,001 - $15,000 managed portfolio ov ortfolio. The assets of anager, without my in",,"McCormick & Company, Incorporated Common Stock (MKC) [ST] S 07/11/2025 08/01/2025 $1,001 - $15,000 Filing Status: New Comments: This investment is held within a publicly available, widely held independently managed portfolio over which I have no authority to exercise control over or influence the financial interests held by the portfolio. The assets of the portfolio are widely diversified, and all investment decisions are made solely by the independent manager, without my input or direction.",,,False,100,MKC,accepted,house_ptr_structure+v8_1,False,False,True,07/11/2025,False,,valid_range
20030930,Hon. Ritchie John Torres,Member,NY15,20030930.pdf,2025,70,,"McCormick & Company, Incorporated Common Stock","McCormick & Company, Incorporated Common Stock",MKC,MKC,ST,P,2025-01-07,2025-08-01,1001.0,15000.0,,"$1,001 - $15,000",valid_range,New,,,,"This investment is held within a publicly available, widely held independently managed portfolio over which I have no authority to exercise control over or influence the financial interests held by the portfolio. The assets of the portfolio are widely diversified, and all investment decisions are made solely by the independent manager, without my input or direction.",13,13,table,False,False,,False,0,False,True,100,True,17,False,https://disclosures-clerk.house.gov/public_disc/ptr-pdfs/2025/20030930.pdf,,,,"McCormick & Company, Incorporated Common Stock (MKC) [ST]","McCormick & Company, Incorporated Common Stock (MKC) [ST]",P,01/07/2025,08/01/2025,"$1,001 - $15,000","Filing Status: New Comments: This investment is held within a publicly available, widely held independently managed portfolio over which I have no authority to exercise control over or influence the financial interests held by the portfolio. The assets of the portfolio are widely diversified, and all investment decisions are made solely by the independent manager, without my input or direction.","McCormick & Company, Incorporated Common Stock (MKC) [ST] P 01/07/2025 08/01/2025 $1,001 - $15,000 Filing Status: New Comments: This investment is held within a publicly available, widely held independently managed portfolio over which I have no authority to exercise control over or influence the financial interests held by the portfolio. The assets of the portfolio are widely diversified, and all investment decisions are made solely by the independent manager, without my input or direction.",,,False,100,MKC,accepted,house_ptr_structure+v8_1,False,False,False,01/07/2025,False,,valid_range
20030930,Hon. Ritchie John Torres,Member,NY15,20030930.pdf,2025,71,,"McCormick & Company, Incorporated Common Stock","McCormick & Company, Incorporated Common Stock",MKC,MKC,ST,P,2024-09-26,2025-08-01,1001.0,15000.0,,"$1,001 - $15,000",valid_range,New,,,,"This investment is held within a publicly available, widely held independently managed portfolio over which I have no authority to exercise control over or influence the financial interests held by the portfolio. The assets of the portfolio are widely diversified, and all investment decisions are made solely by the independent manager, without my input or direction.",13,13,table,False,False,,False,0,False,False,100,True,17,False,https://disclosures-clerk.house.gov/public_disc/ptr-pdfs/2025/20030930.pdf,,,,"McCormick & Company, Incorporated Common Stock (MKC) [ST] Filing Status: New Comments: This investment is held within have no authority to exercise control over are widely diversified, and all investment direction.","McCormick & Company, Incorporated Common Stock (MKC) [ST]",P n a publicly availa or influence the f decisions are mad,"09/26/2024 able, widely hel financial intere de solely by the",08/01/2025 ld independently m sts held by the po e independent ma,"$1,001 - $15,000 managed portfolio ov ortfolio. The assets of anager, without my in",,"McCormick & Company, Incorporated Common Stock (MKC) [ST] P 09/26/2024 08/01/2025 $1,001 - $15,000 Filing Status: New Comments: This investment is held within a publicly available, widely held independently managed portfolio over which I have no authority to exercise control over or influence the financial interests held by the portfolio. The assets of the portfolio are widely diversified, and all investment decisions are made solely by the independent manager, without my input or direction.",,,False,100,MKC,accepted,house_ptr_structure+v8_1,False,False,True,09/26/2024,False,,valid_range
20030930,Hon. Ritchie John Torres,Member,NY15,20030930.pdf,2025,72,,McKesson Corporation Common Stock,McKesson Corporation Common Stock,MCK,MCK,ST,S,2025-07-11,2025-08-01,1001.0,15000.0,,"$1,001 - $15,000",valid_range,New,,,,"This investment is held within a publicly available, widely held independently managed portfolio over which I have no authority to exercise control over or influence the financial interests held by the portfolio. The assets of the portfolio are widely diversified, and all investment decisions are made solely by the independent manager, without my input or direction.",13,13,table,False,False,,False,0,False,True,100,True,17,False,https://disclosures-clerk.house.gov/public_disc/ptr-pdfs/2025/20030930.pdf,,,,McKesson Corporation Common Stock (MCK) [ST],McKesson Corporation Common Stock (MCK) [ST],S,07/11/2025,08/01/2025,"$1,001 - $15,000","Filing Status: New Comments: This investment is held within a publicly available, widely held independently managed portfolio over which I have no authority to exercise control over or influence the financial interests held by the portfolio. The assets of the portfolio are widely diversified, and all investment decisions are made solely by the independent manager, without my input or direction.","McKesson Corporation Common Stock (MCK) [ST] S 07/11/2025 08/01/2025 $1,001 - $15,000 Filing Status: New Comments: This investment is held within a publicly available, widely held independently managed portfolio over which I have no authority to exercise control over or influence the financial interests held by the portfolio. The assets of the portfolio are widely diversified, and all investment decisions are made solely by the independent manager, without my input or direction.",,,False,100,MCK,accepted,house_ptr_structure+v8_1,False,False,False,07/11/2025,False,,valid_range
20030930,Hon. Ritchie John Torres,Member,NY15,20030930.pdf,2025,73,,"Merck & Company, Inc. Common Stock","Merck & Company, Inc. Common Stock",MRK,MRK,ST,S,2025-07-11,2025-08-01,1001.0,15000.0,,"$1,001 - $15,000",valid_range,New,,,,"This investment is held within a publicly available, widely held independently managed portfolio over which I have no authority to exercise control over or influence the financial interests held by the portfolio. The assets of the portfolio are widely diversified, and all investment decisions are made solely by the independent manager, without my input or direction.",13,13,table,False,False,,False,0,False,False,100,True,17,False,https://disclosures-clerk.house.gov/public_disc/ptr-pdfs/2025/20030930.pdf,,,,"Merck & Company, Inc. Common Stock (MRK) [ST] Filing Status: New Comments: This investment is held within have no authority to exercise control over are widely diversified, and all investment direction.","Merck & Company, Inc. Common Stock (MRK) [ST]",S n a publicly availa or influence the f decisions are mad,"07/11/2025 able, widely hel financial intere de solely by the",08/01/2025 ld independently m sts held by the po e independent ma,"$1,001 - $15,000 managed portfolio ov ortfolio. The assets of anager, without my in",,"Merck & Company, Inc. Common Stock (MRK) [ST] S 07/11/2025 08/01/2025 $1,001 - $15,000 Filing Status: New Comments: This investment is held within a publicly available, widely held independently managed portfolio over which I have no authority to exercise control over or influence the financial interests held by the portfolio. The assets of the portfolio are widely diversified, and all investment decisions are made solely by the independent manager, without my input or direction.",,,False,100,MRK,accepted,house_ptr_structure+v8_1,False,False,True,07/11/2025,False,,valid_range
20030930,Hon. Ritchie John Torres,Member,NY15,20030930.pdf,2025,74,,"Merck & Company, Inc. Common Stock","Merck & Company, Inc. Common Stock",MRK,MRK,ST,P,2024-09-26,2025-08-01,1001.0,15000.0,,"$1,001 - $15,000",valid_range,New,,,,"This investment is held within a publicly available, widely held independently managed portfolio over which I have no authority to exercise control over or influence the financial interests held by the portfolio. The assets of the portfolio are widely diversified, and all investment decisions are made solely by the independent manager, without my input or ID Owner Asset Transaction Type Date Notification Date Amount Cap. Gains > $200?",13,14,table,True,False,,True,0,False,True,98,True,17,False,https://disclosures-clerk.house.gov/public_disc/ptr-pdfs/2025/20030930.pdf,,,,"Merck & Company, Inc. Common Stock (MRK) [ST]","Merck & Company, Inc. Common Stock (MRK) [ST]",P,09/26/2024,08/01/2025,"$1,001 - $15,000","Filing Status: New Comments: This investment is held within a publicly available, widely held independently managed portfolio over which I have no authority to exercise control over or influence the financial interests held by the portfolio. The assets of the portfolio are widely diversified, and all investment decisions are made solely by the independent manager, without my input or ID Owner Asset Transaction Type Date Notification Date Amount Cap. Gains > $200?","Merck & Company, Inc. Common Stock (MRK) [ST] P 09/26/2024 08/01/2025 $1,001 - $15,000 Filing Status: New Comments: This investment is held within a publicly available, widely held independently managed portfolio over which I have no authority to exercise control over or influence the financial interests held by the portfolio. The assets of the portfolio are widely diversified, and all investment decisions are made solely by the independent manager, without my input or ID Owner Asset Transaction Type Date Notification Date Amount Cap. Gains > $200?",,,False,98,MRK,accepted,house_ptr_structure+v8_1,False,False,False,09/26/2024,False,,valid_range
20030930,Hon. Ritchie John Torres,Member,NY15,20030930.pdf,2025,75,,"Meta Platforms, Inc. - Class A Common Stock","Meta Platforms, Inc. - Class A Common Stock",META,META,ST,P,2024-09-26,2025-08-01,1001.0,15000.0,,"$1,001 - $15,000",valid_range,New,,,,"This investment is held within a publicly available, widely held independently managed portfolio over which I have no authority to exercise control over or influence the financial interests held by the portfolio. The assets of the portfolio are widely diversified, and all investment decisions are made solely by the independent manager, without my input or direction.",14,14,relaxed_table,True,False,,False,0,False,False,100,True,17,False,https://disclosures-clerk.house.gov/public_disc/ptr-pdfs/2025/20030930.pdf,,,,"Meta Platforms, Inc. - Class A Common Stock (META) [ST] Filing Status: New Comments: This investment is held within have no authority to exercise control over are widely diversified, and all investment direction.","Meta Platforms, Inc. - Class A Common Stock (META) [ST]",P n a publicly availa or influence the f decisions are mad,"09/26/2024 able, widely hel financial intere de solely by the",08/01/2025 ld independently m sts held by the po e independent ma,"$1,001 - $15,000 managed portfolio ov ortfolio. The assets of anager, without my in",,"Meta Platforms, Inc. - Class A Common Stock (META) [ST] P 09/26/2024 08/01/2025 $1,001 - $15,000 Filing Status: New Comments: This investment is held within a publicly available, widely held independently managed portfolio over which I have no authority to exercise control over or influence the financial interests held by the portfolio. The assets of the portfolio are widely diversified, and all investment decisions are made solely by the independent manager, without my input or direction.",,,False,100,META,accepted,house_ptr_structure+v8_1,False,False,True,09/26/2024,False,,valid_range
20030930,Hon. Ritchie John Torres,Member,NY15,20030930.pdf,2025,76,,"Meta Platforms, Inc. - Class A Common Stock","Meta Platforms, Inc. - Class A Common Stock",META,META,ST,S,2025-07-11,2025-08-01,1001.0,15000.0,,"$1,001 - $15,000",valid_range,New,,,,"This investment is held within a publicly available, widely held independently managed portfolio over which I have no authority to exercise control over or influence the financial interests held by the portfolio. The assets of the portfolio are widely diversified, and all investment decisions are made solely by the independent manager, without my input or direction.",14,14,relaxed_table,True,False,,False,0,False,True,100,True,17,False,https://disclosures-clerk.house.gov/public_disc/ptr-pdfs/2025/20030930.pdf,,,,"Meta Platforms, Inc. - Class A Common Stock (META) [ST]","Meta Platforms, Inc. - Class A Common Stock (META) [ST]",S,07/11/2025,08/01/2025,"$1,001 - $15,000","Filing Status: New Comments: This investment is held within a publicly available, widely held independently managed portfolio over which I have no authority to exercise control over or influence the financial interests held by the portfolio. The assets of the portfolio are widely diversified, and all investment decisions are made solely by the independent manager, without my input or direction.","Meta Platforms, Inc. - Class A Common Stock (META) [ST] S 07/11/2025 08/01/2025 $1,001 - $15,000 Filing Status: New Comments: This investment is held within a publicly available, widely held independently managed portfolio over which I have no authority to exercise control over or influence the financial interests held by the portfolio. The assets of the portfolio are widely diversified, and all investment decisions are made solely by the independent manager, without my input or direction.",,,False,100,META,accepted,house_ptr_structure+v8_1,False,False,False,07/11/2025,False,,valid_range
20030930,Hon. Ritchie John Torres,Member,NY15,20030930.pdf,2025,77,,"MetLife, Inc. Common Stock","MetLife, Inc. Common Stock",MET,MET,ST,S,2025-07-11,2025-08-01,1001.0,15000.0,,"$1,001 - $15,000",valid_range,New,,,,"This investment is held within a publicly available, widely held independently managed portfolio over which I have no authority to exercise control over or influence the financial interests held by the portfolio. The assets of the portfolio are widely diversified, and all investment decisions are made solely by the independent manager, without my input or direction.",14,14,relaxed_table,True,False,,False,0,False,False,100,True,17,False,https://disclosures-clerk.house.gov/public_disc/ptr-pdfs/2025/20030930.pdf,,,,"MetLife, Inc. Common Stock (MET) [ST] Filing Status: New Comments: This investment is held within have no authority to exercise control over are widely diversified, and all investment direction.","MetLife, Inc. Common Stock (MET) [ST]",S n a publicly availa or influence the f decisions are mad,"07/11/2025 able, widely hel financial intere de solely by the",08/01/2025 ld independently m sts held by the po e independent ma,"$1,001 - $15,000 managed portfolio ov ortfolio. The assets of anager, without my in",,"MetLife, Inc. Common Stock (MET) [ST] S 07/11/2025 08/01/2025 $1,001 - $15,000 Filing Status: New Comments: This investment is held within a publicly available, widely held independently managed portfolio over which I have no authority to exercise control over or influence the financial interests held by the portfolio. The assets of the portfolio are widely diversified, and all investment decisions are made solely by the independent manager, without my input or direction.",,,False,100,MET,accepted,house_ptr_structure+v8_1,False,False,True,07/11/2025,False,,valid_range
20030930,Hon. Ritchie John Torres,Member,NY15,20030930.pdf,2025,78,,Microsoft Corporation - Common Stock,Microsoft Corporation - Common Stock,MSFT,MSFT,ST,S,2025-07-11,2025-08-01,1001.0,15000.0,,"$1,001 - $15,000",valid_range,New,,,,"This investment is held within a publicly available, widely held independently managed portfolio over which I have no authority to exercise control over or influence the financial interests held by the portfolio. The assets of the portfolio are widely diversified, and all investment decisions are made solely by the independent manager, without my input or direction.",14,14,relaxed_table,True,False,,False,0,False,True,100,True,17,False,https://disclosures-clerk.house.gov/public_disc/ptr-pdfs/2025/20030930.pdf,,,,Microsoft Corporation - Common Stock (MSFT) [ST],Microsoft Corporation - Common Stock (MSFT) [ST],S,07/11/2025,08/01/2025,"$1,001 - $15,000","Filing Status: New Comments: This investment is held within a publicly available, widely held independently managed portfolio over which I have no authority to exercise control over or influence the financial interests held by the portfolio. The assets of the portfolio are widely diversified, and all investment decisions are made solely by the independent manager, without my input or direction.","Microsoft Corporation - Common Stock (MSFT) [ST] S 07/11/2025 08/01/2025 $1,001 - $15,000 Filing Status: New Comments: This investment is held within a publicly available, widely held independently managed portfolio over which I have no authority to exercise control over or influence the financial interests held by the portfolio. The assets of the portfolio are widely diversified, and all investment decisions are made solely by the independent manager, without my input or direction.",,,False,100,MSFT,accepted,house_ptr_structure+v8_1,False,False,False,07/11/2025,False,,valid_range
20030930,Hon. Ritchie John Torres,Member,NY15,20030930.pdf,2025,79,,Microsoft Corporation - Common Stock,Microsoft Corporation - Common Stock,MSFT,MSFT,ST,P,2024-09-26,2025-08-01,1001.0,15000.0,,"$1,001 - $15,000",valid_range,New,,,,"This investment is held within a publicly available, widely held independently managed portfolio over which I have no authority to exercise control over or influence the financial interests held by the portfolio. The assets of the portfolio are widely diversified, and all investment decisions are made solely by the independent manager, without my input or direction.",14,14,relaxed_table,True,False,,False,0,False,False,100,True,17,False,https://disclosures-clerk.house.gov/public_disc/ptr-pdfs/2025/20030930.pdf,,,,"Microsoft Corporation - Common Stock (MSFT) [ST] Filing Status: New Comments: This investment is held within have no authority to exercise control over are widely diversified, and all investment direction.",Microsoft Corporation - Common Stock (MSFT) [ST],P n a publicly availa or influence the f decisions are mad,"09/26/2024 able, widely hel financial intere de solely by the",08/01/2025 ld independently m sts held by the po e independent ma,"$1,001 - $15,000 managed portfolio ov ortfolio. The assets of anager, without my in",,"Microsoft Corporation - Common Stock (MSFT) [ST] P 09/26/2024 08/01/2025 $1,001 - $15,000 Filing Status: New Comments: This investment is held within a publicly available, widely held independently managed portfolio over which I have no authority to exercise control over or influence the financial interests held by the portfolio. The assets of the portfolio are widely diversified, and all investment decisions are made solely by the independent manager, without my input or direction.",,,False,100,MSFT,accepted,house_ptr_structure+v8_1,False,False,True,09/26/2024,False,,valid_range
20030930,Hon. Ritchie John Torres,Member,NY15,20030930.pdf,2025,80,,Morgan Stanley Common Stock,Morgan Stanley Common Stock,MS,MS,ST,P,2024-09-26,2025-08-01,1001.0,15000.0,,"$1,001 - $15,000",valid_range,New,,,,"This investment is held within a publicly available, widely held independently managed portfolio over which I Type Date Gains > $200?",14,15,relaxed_table,True,False,,True,0,False,True,98,True,17,False,https://disclosures-clerk.house.gov/public_disc/ptr-pdfs/2025/20030930.pdf,,,,Morgan Stanley Common Stock (MS) [ST],Morgan Stanley Common Stock (MS) [ST],P,09/26/2024,08/01/2025,"$1,001 - $15,000","Filing Status: New Comments: This investment is held within a publicly available, widely held independently managed portfolio over which I Type Date Gains > $200?","Morgan Stanley Common Stock (MS) [ST] P 09/26/2024 08/01/2025 $1,001 - $15,000 Filing Status: New Comments: This investment is held within a publicly available, widely held independently managed portfolio over which I Type Date Gains > $200?",,,False,98,MS,accepted,house_ptr_structure+v8_1,False,False,False,09/26/2024,False,,valid_range
20030930,Hon. Ritchie John Torres,Member,NY15,20030930.pdf,2025,81,,Morgan Stanley Common Stock,Morgan Stanley Common Stock,MS,MS,ST,S,2025-07-11,2025-08-01,1001.0,15000.0,,"$1,001 - $15,000",valid_range,New,,,,"This investment is held within a publicly available, widely held independently managed portfolio over which I have no authority to exercise control over or influence the financial interests held by the portfolio. The assets of the portfolio are widely diversified, and all investment decisions are made solely by the independent manager, without my input or direction.",15,15,table,False,False,,False,0,False,False,100,True,17,False,https://disclosures-clerk.house.gov/public_disc/ptr-pdfs/2025/20030930.pdf,,,,"Morgan Stanley Common Stock (MS) [ST] Filing Status: New Comments: This investment is held within have no authority to exercise control over are widely diversified, and all investment direction.",Morgan Stanley Common Stock (MS) [ST],S n a publicly availa or influence the f decisions are mad,"07/11/2025 able, widely hel financial intere de solely by the",08/01/2025 ld independently m sts held by the po e independent ma,"$1,001 - $15,000 managed portfolio ov ortfolio. The assets of anager, without my in",,"Morgan Stanley Common Stock (MS) [ST] S 07/11/2025 08/01/2025 $1,001 - $15,000 Filing Status: New Comments: This investment is held within a publicly available, widely held independently managed portfolio over which I have no authority to exercise control over or influence the financial interests held by the portfolio. The assets of the portfolio are widely diversified, and all investment decisions are made solely by the independent manager, without my input or direction.",,,False,100,MS,accepted,house_ptr_structure+v8_1,False,False,True,07/11/2025,False,,valid_range
20030930,Hon. Ritchie John Torres,Member,NY15,20030930.pdf,2025,82,,NESTLE S.A S/ADR,NESTLE S.A S/ADR,NSRGY,NSRGY,ST,P,2024-09-26,2025-08-01,1001.0,15000.0,,"$1,001 - $15,000",valid_range,New,,,,"This investment is held within a publicly available, widely held independently managed portfolio over which I have no authority to exercise control over or influence the financial interests held by the portfolio. The assets of the portfolio are widely diversified, and all investment decisions are made solely by the independent manager, without my input or direction.",15,15,table,False,False,,False,0,False,True,100,True,17,False,https://disclosures-clerk.house.gov/public_disc/ptr-pdfs/2025/20030930.pdf,,,,NESTLE S.A S/ADR (NSRGY) [ST],NESTLE S.A S/ADR (NSRGY) [ST],P,09/26/2024,08/01/2025,"$1,001 - $15,000","Filing Status: New Comments: This investment is held within a publicly available, widely held independently managed portfolio over which I have no authority to exercise control over or influence the financial interests held by the portfolio. The assets of the portfolio are widely diversified, and all investment decisions are made solely by the independent manager, without my input or direction.","NESTLE S.A S/ADR (NSRGY) [ST] P 09/26/2024 08/01/2025 $1,001 - $15,000 Filing Status: New Comments: This investment is held within a publicly available, widely held independently managed portfolio over which I have no authority to exercise control over or influence the financial interests held by the portfolio. The assets of the portfolio are widely diversified, and all investment decisions are made solely by the independent manager, without my input or direction.",,,False,100,NSRGY,accepted,house_ptr_structure+v8_1,False,False,False,09/26/2024,False,,valid_range
20030930,Hon. Ritchie John Torres,Member,NY15,20030930.pdf,2025,83,,"NextEra Energy, Inc. Common Stock","NextEra Energy, Inc. Common Stock",NEE,NEE,ST,P,2024-09-26,2025-08-01,1001.0,15000.0,,"$1,001 - $15,000",valid_range,New,,,,"This investment is held within a publicly available, widely held independently managed portfolio over which I have no authority to exercise control over or influence the financial interests held by the portfolio. The assets of the portfolio are widely diversified, and all investment decisions are made solely by the independent manager, without my input or direction.",15,15,table,False,False,,False,0,False,False,100,True,17,False,https://disclosures-clerk.house.gov/public_disc/ptr-pdfs/2025/20030930.pdf,,,,"NextEra Energy, Inc. Common Stock (NEE) [ST] Filing Status: New Comments: This investment is held within have no authority to exercise control over are widely diversified, and all investment direction.","NextEra Energy, Inc. Common Stock (NEE) [ST]",P n a publicly availa or influence the f decisions are mad,"09/26/2024 able, widely hel financial intere de solely by the",08/01/2025 ld independently m sts held by the po e independent ma,"$1,001 - $15,000 managed portfolio ov ortfolio. The assets of anager, without my in",,"NextEra Energy, Inc. Common Stock (NEE) [ST] P 09/26/2024 08/01/2025 $1,001 - $15,000 Filing Status: New Comments: This investment is held within a publicly available, widely held independently managed portfolio over which I have no authority to exercise control over or influence the financial interests held by the portfolio. The assets of the portfolio are widely diversified, and all investment decisions are made solely by the independent manager, without my input or direction.",,,False,100,NEE,accepted,house_ptr_structure+v8_1,False,False,True,09/26/2024,False,,valid_range
20030930,Hon. Ritchie John Torres,Member,NY15,20030930.pdf,2025,84,,"NextEra Energy, Inc. Common Stock","NextEra Energy, Inc. Common Stock",NEE,NEE,ST,S,2025-07-11,2025-08-01,1001.0,15000.0,,"$1,001 - $15,000",valid_range,New,,,,"This investment is held within a publicly available, widely held independently managed portfolio over which I have no authority to exercise control over or influence the financial interests held by the portfolio. The assets of the portfolio are widely diversified, and all investment decisions are made solely by the independent manager, without my input or direction.",15,15,table,False,False,,False,0,False,True,100,True,17,False,https://disclosures-clerk.house.gov/public_disc/ptr-pdfs/2025/20030930.pdf,,,,"NextEra Energy, Inc. Common Stock (NEE) [ST]","NextEra Energy, Inc. Common Stock (NEE) [ST]",S,07/11/2025,08/01/2025,"$1,001 - $15,000","Filing Status: New Comments: This investment is held within a publicly available, widely held independently managed portfolio over which I have no authority to exercise control over or influence the financial interests held by the portfolio. The assets of the portfolio are widely diversified, and all investment decisions are made solely by the independent manager, without my input or direction.","NextEra Energy, Inc. Common Stock (NEE) [ST] S 07/11/2025 08/01/2025 $1,001 - $15,000 Filing Status: New Comments: This investment is held within a publicly available, widely held independently managed portfolio over which I have no authority to exercise control over or influence the financial interests held by the portfolio. The assets of the portfolio are widely diversified, and all investment decisions are made solely by the independent manager, without my input or direction.",,,False,100,NEE,accepted,house_ptr_structure+v8_1,False,False,False,07/11/2025,False,,valid_range
20030930,Hon. Ritchie John Torres,Member,NY15,20030930.pdf,2025,85,,Northrop Grumman Corporation Common Stock,Northrop Grumman Corporation Common Stock,NOC,NOC,ST,S,2025-07-11,2025-08-01,1001.0,15000.0,,"$1,001 - $15,000",valid_range,New,,,,"This investment is held within a publicly available, widely held independently managed portfolio over which I have no authority to exercise control over or influence the financial interests held by the portfolio. The assets of the portfolio are widely diversified, and all investment decisions are made solely by the independent manager, without my input or direction.",15,15,table,False,False,,False,0,False,False,100,True,17,False,https://disclosures-clerk.house.gov/public_disc/ptr-pdfs/2025/20030930.pdf,,,,"Northrop Grumman Corporation Common Stock (NOC) [ST] Filing Status: New Comments: This investment is held within have no authority to exercise control over are widely diversified, and all investment direction.",Northrop Grumman Corporation Common Stock (NOC) [ST],S n a publicly availa or influence the f decisions are mad,"07/11/2025 able, widely hel financial intere de solely by the",08/01/2025 ld independently m sts held by the po e independent ma,"$1,001 - $15,000 managed portfolio ov ortfolio. The assets of anager, without my in",,"Northrop Grumman Corporation Common Stock (NOC) [ST] S 07/11/2025 08/01/2025 $1,001 - $15,000 Filing Status: New Comments: This investment is held within a publicly available, widely held independently managed portfolio over which I have no authority to exercise control over or influence the financial interests held by the portfolio. The assets of the portfolio are widely diversified, and all investment decisions are made solely by the independent manager, without my input or direction.",,,False,100,NOC,accepted,house_ptr_structure+v8_1,False,False,True,07/11/2025,False,,valid_range
20030930,Hon. Ritchie John Torres,Member,NY15,20030930.pdf,2025,86,,Northrop Grumman Corporation Common Stock,Northrop Grumman Corporation Common Stock,NOC,NOC,ST,P,2024-09-26,2025-08-01,1001.0,15000.0,,"$1,001 - $15,000",valid_range,New,,,,"This investment is held within a publicly available, widely held independently managed portfolio over which I have no authority to exercise control over or influence the financial interests held by the portfolio. The assets of the portfolio are widely diversified, and all investment decisions are made solely by the independent manager, without my input or direction.",15,16,table,False,False,,True,0,False,True,98,True,17,False,https://disclosures-clerk.house.gov/public_disc/ptr-pdfs/2025/20030930.pdf,,,,Northrop Grumman Corporation Common Stock (NOC) [ST],Northrop Grumman Corporation Common Stock (NOC) [ST],P,09/26/2024,08/01/2025,"$1,001 - $15,000","Filing Status: New Comments: This investment is held within a publicly available, widely held independently managed portfolio over which I have no authority to exercise control over or influence the financial interests held by the portfolio. The assets of the portfolio are widely diversified, and all investment decisions are made solely by the independent manager, without my input or direction.","Northrop Grumman Corporation Common Stock (NOC) [ST] P 09/26/2024 08/01/2025 $1,001 - $15,000 Filing Status: New Comments: This investment is held within a publicly available, widely held independently managed portfolio over which I have no authority to exercise control over or influence the financial interests held by the portfolio. The assets of the portfolio are widely diversified, and all investment decisions are made solely by the independent manager, without my input or direction.",,,False,98,NOC,accepted,house_ptr_structure+v8_1,False,False,False,09/26/2024,False,,valid_range
20030930,Hon. Ritchie John Torres,Member,NY15,20030930.pdf,2025,87,,NVIDIA Corporation - Common Stock,NVIDIA Corporation - Common Stock,NVDA,NVDA,ST,P,2024-09-26,2025-08-01,1001.0,15000.0,,"$1,001 - $15,000",valid_range,New,,,,"This investment is held within a publicly available, widely held independently managed portfolio over which I have no authority to exercise control over or influence the financial interests held by the portfolio. The assets of the portfolio are widely diversified, and all investment decisions are made solely by the independent manager, without my input or direction.",16,16,table,False,False,,False,0,False,False,100,True,17,False,https://disclosures-clerk.house.gov/public_disc/ptr-pdfs/2025/20030930.pdf,,,,"NVIDIA Corporation - Common Stock (NVDA) [ST] Filing Status: New Comments: This investment is held within have no authority to exercise control over are widely diversified, and all investment direction.",NVIDIA Corporation - Common Stock (NVDA) [ST],P n a publicly availa or influence the f decisions are mad,"09/26/2024 able, widely hel financial intere de solely by the",08/01/2025 ld independently m sts held by the po e independent ma,"$1,001 - $15,000 managed portfolio ov ortfolio. The assets of anager, without my in",,"NVIDIA Corporation - Common Stock (NVDA) [ST] P 09/26/2024 08/01/2025 $1,001 - $15,000 Filing Status: New Comments: This investment is held within a publicly available, widely held independently managed portfolio over which I have no authority to exercise control over or influence the financial interests held by the portfolio. The assets of the portfolio are widely diversified, and all investment decisions are made solely by the independent manager, without my input or direction.",,,False,100,NVDA,accepted,house_ptr_structure+v8_1,False,False,True,09/26/2024,False,,valid_range
20030930,Hon. Ritchie John Torres,Member,NY15,20030930.pdf,2025,88,,NXP Semiconductors N.V. - Common Stock,NXP Semiconductors N.V. - Common Stock,NXPI,NXPI,ST,P,2024-09-26,2025-08-01,1001.0,15000.0,,"$1,001 - $15,000",valid_range,New,,,,"This investment is held within a publicly available, widely held independently managed portfolio over which I have no authority to exercise control over or influence the financial interests held by the portfolio. The assets of the portfolio are widely diversified, and all investment decisions are made solely by the independent manager, without my input or direction.",16,16,table,False,False,,False,0,False,True,100,True,17,False,https://disclosures-clerk.house.gov/public_disc/ptr-pdfs/2025/20030930.pdf,,,,NXP Semiconductors N.V. - Common Stock (NXPI) [ST],NXP Semiconductors N.V. - Common Stock (NXPI) [ST],P,09/26/2024,08/01/2025,"$1,001 - $15,000","Filing Status: New Comments: This investment is held within a publicly available, widely held independently managed portfolio over which I have no authority to exercise control over or influence the financial interests held by the portfolio. The assets of the portfolio are widely diversified, and all investment decisions are made solely by the independent manager, without my input or direction.","NXP Semiconductors N.V. - Common Stock (NXPI) [ST] P 09/26/2024 08/01/2025 $1,001 - $15,000 Filing Status: New Comments: This investment is held within a publicly available, widely held independently managed portfolio over which I have no authority to exercise control over or influence the financial interests held by the portfolio. The assets of the portfolio are widely diversified, and all investment decisions are made solely by the independent manager, without my input or direction.",,,False,100,NXPI,accepted,house_ptr_structure+v8_1,False,False,False,09/26/2024,False,,valid_range
20030930,Hon. Ritchie John Torres,Member,NY15,20030930.pdf,2025,89,,"Old Dominion Freight Line, Inc. - Common Stock","Old Dominion Freight Line, Inc. - Common Stock",ODFL,ODFL,ST,P,2024-09-26,2025-08-01,1001.0,15000.0,,"$1,001 - $15,000",valid_range,New,,,,"This investment is held within a publicly available, widely held independently managed portfolio over which I have no authority to exercise control over or influence the financial interests held by the portfolio. The assets of the portfolio are widely diversified, and all investment decisions are made solely by the independent manager, without my input or direction.",16,16,table,False,False,,False,0,False,False,100,True,17,False,https://disclosures-clerk.house.gov/public_disc/ptr-pdfs/2025/20030930.pdf,,,,"Old Dominion Freight Line, Inc. - Common Stock (ODFL) [ST] Filing Status: New Comments: This investment is held within have no authority to exercise control over are widely diversified, and all investment direction.","Old Dominion Freight Line, Inc. - Common Stock (ODFL) [ST]",P n a publicly availa or influence the f decisions are mad,"09/26/2024 able, widely hel financial intere de solely by the",08/01/2025 ld independently m sts held by the po e independent ma,"$1,001 - $15,000 managed portfolio ov ortfolio. The assets of anager, without my in",,"Old Dominion Freight Line, Inc. - Common Stock (ODFL) [ST] P 09/26/2024 08/01/2025 $1,001 - $15,000 Filing Status: New Comments: This investment is held within a publicly available, widely held independently managed portfolio over which I have no authority to exercise control over or influence the financial interests held by the portfolio. The assets of the portfolio are widely diversified, and all investment decisions are made solely by the independent manager, without my input or direction.",,,False,100,ODFL,accepted,house_ptr_structure+v8_1,False,False,True,09/26/2024,False,,valid_range
20030930,Hon. Ritchie John Torres,Member,NY15,20030930.pdf,2025,90,,"ONEOK, Inc. Common Stock","ONEOK, Inc. Common Stock",OKE,OKE,ST,P,2024-09-26,2025-08-01,1001.0,15000.0,,"$1,001 - $15,000",valid_range,New,,,,"This investment is held within a publicly available, widely held independently managed portfolio over which I have no authority to exercise control over or influence the financial interests held by the portfolio. The assets of the portfolio are widely diversified, and all investment decisions are made solely by the independent manager, without my input or direction.",16,16,table,False,False,,False,0,False,True,100,True,17,False,https://disclosures-clerk.house.gov/public_disc/ptr-pdfs/2025/20030930.pdf,,,,"ONEOK, Inc. Common Stock (OKE) [ST]","ONEOK, Inc. Common Stock (OKE) [ST]",P,09/26/2024,08/01/2025,"$1,001 - $15,000","Filing Status: New Comments: This investment is held within a publicly available, widely held independently managed portfolio over which I have no authority to exercise control over or influence the financial interests held by the portfolio. The assets of the portfolio are widely diversified, and all investment decisions are made solely by the independent manager, without my input or direction.","ONEOK, Inc. Common Stock (OKE) [ST] P 09/26/2024 08/01/2025 $1,001 - $15,000 Filing Status: New Comments: This investment is held within a publicly available, widely held independently managed portfolio over which I have no authority to exercise control over or influence the financial interests held by the portfolio. The assets of the portfolio are widely diversified, and all investment decisions are made solely by the independent manager, without my input or direction.",,,False,100,OKE,accepted,house_ptr_structure+v8_1,False,False,False,09/26/2024,False,,valid_range
20030930,Hon. Ritchie John Torres,Member,NY15,20030930.pdf,2025,91,,"ONEOK, Inc. Common Stock","ONEOK, Inc. Common Stock",OKE,OKE,ST,S,2025-07-11,2025-08-01,1001.0,15000.0,,"$1,001 - $15,000",valid_range,New,,,,,16,16,table,False,False,,False,0,False,False,100,True,10,False,https://disclosures-clerk.house.gov/public_disc/ptr-pdfs/2025/20030930.pdf,,,,"ONEOK, Inc. Common Stock (OKE) [ST] Filing Status: New","ONEOK, Inc. Common Stock (OKE) [ST]",S,07/11/2025,08/01/2025,"$1,001 - $15,000",,"ONEOK, Inc. Common Stock (OKE) [ST] S 07/11/2025 08/01/2025 $1,001 - $15,000 Filing Status: New",,,False,100,OKE,accepted,house_ptr_structure+v8_1,False,False,False,07/11/2025,False,,valid_range
20030930,Hon. Ritchie John Torres,Member,NY15,20030930.pdf,2025,92,,Oracle Corporation Common Stock,Oracle Corporation Common Stock,ORCL,ORCL,ST,S,2025-07-11,2025-08-01,1001.0,15000.0,,"$1,001 - $15,000",valid_range,New,,,,"This investment is held within a publicly available, widely held independently managed portfolio over which I Type Date Gains > $200?",16,17,table,False,False,,True,0,False,True,98,True,17,False,https://disclosures-clerk.house.gov/public_disc/ptr-pdfs/2025/20030930.pdf,,,,Oracle Corporation Common Stock (ORCL) [ST],Oracle Corporation Common Stock (ORCL) [ST],S,07/11/2025,08/01/2025,"$1,001 - $15,000","Filing Status: New Comments: This investment is held within a publicly available, widely held independently managed portfolio over which I Type Date Gains > $200?","Oracle Corporation Common Stock (ORCL) [ST] S 07/11/2025 08/01/2025 $1,001 - $15,000 Filing Status: New Comments: This investment is held within a publicly available, widely held independently managed portfolio over which I Type Date Gains > $200?",,,False,98,ORCL,accepted,house_ptr_structure+v8_1,False,False,False,07/11/2025,False,,valid_range
20030930,Hon. Ritchie John Torres,Member,NY15,20030930.pdf,2025,93,,Oracle Corporation Common Stock,Oracle Corporation Common Stock,ORCL,ORCL,ST,P,2024-09-26,2025-08-01,1001.0,15000.0,,"$1,001 - $15,000",valid_range,New,,,,"This investment is held within a publicly available, widely held independently managed portfolio over which I have no authority to exercise control over or influence the financial interests held by the portfolio. The assets of the portfolio are widely diversified, and all investment decisions are made solely by the independent manager, without my input or direction.",17,17,table,False,False,,False,0,False,False,100,True,17,False,https://disclosures-clerk.house.gov/public_disc/ptr-pdfs/2025/20030930.pdf,,,,"Oracle Corporation Common Stock (ORCL) [ST] Filing Status: New Comments: This investment is held within have no authority to exercise control over are widely diversified, and all investment direction.",Oracle Corporation Common Stock (ORCL) [ST],P n a publicly availa or influence the f decisions are mad,"09/26/2024 able, widely hel financial intere de solely by the",08/01/2025 ld independently m sts held by the po e independent ma,"$1,001 - $15,000 managed portfolio ov ortfolio. The assets of anager, without my in",,"Oracle Corporation Common Stock (ORCL) [ST] P 09/26/2024 08/01/2025 $1,001 - $15,000 Filing Status: New Comments: This investment is held within a publicly available, widely held independently managed portfolio over which I have no authority to exercise control over or influence the financial interests held by the portfolio. The assets of the portfolio are widely diversified, and all investment decisions are made solely by the independent manager, without my input or direction.",,,False,100,ORCL,accepted,house_ptr_structure+v8_1,False,False,True,09/26/2024,False,,valid_range
20030930,Hon. Ritchie John Torres,Member,NY15,20030930.pdf,2025,94,,Otis Worldwide Corporation Common Stock,Otis Worldwide Corporation Common Stock,OTIS,OTIS,ST,P,2024-09-26,2025-08-01,1001.0,15000.0,,"$1,001 - $15,000",valid_range,New,,,,"This investment is held within a publicly available, widely held independently managed portfolio over which I have no authority to exercise control over or influence the financial interests held by the portfolio. The assets of the portfolio are widely diversified, and all investment decisions are made solely by the independent manager, without my input or direction.",17,17,table,False,False,,False,0,False,True,100,True,17,False,https://disclosures-clerk.house.gov/public_disc/ptr-pdfs/2025/20030930.pdf,,,,Otis Worldwide Corporation Common Stock (OTIS) [ST],Otis Worldwide Corporation Common Stock (OTIS) [ST],P,09/26/2024,08/01/2025,"$1,001 - $15,000","Filing Status: New Comments: This investment is held within a publicly available, widely held independently managed portfolio over which I have no authority to exercise control over or influence the financial interests held by the portfolio. The assets of the portfolio are widely diversified, and all investment decisions are made solely by the independent manager, without my input or direction.","Otis Worldwide Corporation Common Stock (OTIS) [ST] P 09/26/2024 08/01/2025 $1,001 - $15,000 Filing Status: New Comments: This investment is held within a publicly available, widely held independently managed portfolio over which I have no authority to exercise control over or influence the financial interests held by the portfolio. The assets of the portfolio are widely diversified, and all investment decisions are made solely by the independent manager, without my input or direction.",,,False,100,OTIS,accepted,house_ptr_structure+v8_1,False,False,False,09/26/2024,False,,valid_range
20030930,Hon. Ritchie John Torres,Member,NY15,20030930.pdf,2025,95,,Otis Worldwide Corporation Common Stock,Otis Worldwide Corporation Common Stock,OTIS,OTIS,ST,S,2025-07-11,2025-08-01,1001.0,15000.0,,"$1,001 - $15,000",valid_range,New,,,,"This investment is held within a publicly available, widely held independently managed portfolio over which I have no authority to exercise control over or influence the financial interests held by the portfolio. The assets of the portfolio are widely diversified, and all investment decisions are made solely by the independent manager, without my input or direction.",17,17,table,False,False,,False,0,True,False,95,True,17,True,https://disclosures-clerk.house.gov/public_disc/ptr-pdfs/2025/20030930.pdf,low,adjacent transaction has same core signature,,"Otis Worldwide Corporation Common Stock (OTIS) [ST] Filing Status: New Comments: This investment is held within have no authority to exercise control over are widely diversified, and all investment direction.",Otis Worldwide Corporation Common Stock (OTIS) [ST],S n a publicly availa or influence the f decisions are mad,"07/11/2025 able, widely hel financial intere de solely by the",08/01/2025 ld independently m sts held by the po e independent ma,"$1,001 - $15,000 managed portfolio ov ortfolio. The assets of anager, without my in",,"Otis Worldwide Corporation Common Stock (OTIS) [ST] S 07/11/2025 08/01/2025 $1,001 - $15,000 Filing Status: New Comments: This investment is held within a publicly available, widely held independently managed portfolio over which I have no authority to exercise control over or influence the financial interests held by the portfolio. The assets of the portfolio are widely diversified, and all investment decisions are made solely by the independent manager, without my input or direction.",adjacent transaction has same core signature,low,True,95,OTIS,accepted,house_ptr_structure+v8_1,False,False,True,07/11/2025,False,,valid_range
20030930,Hon. Ritchie John Torres,Member,NY15,20030930.pdf,2025,96,,Otis Worldwide Corporation Common Stock,Otis Worldwide Corporation Common Stock,OTIS,OTIS,ST,S,2025-07-11,2025-08-01,1001.0,15000.0,,"$1,001 - $15,000",valid_range,New,,,,,17,17,table,False,False,,False,0,False,True,100,True,10,False,https://disclosures-clerk.house.gov/public_disc/ptr-pdfs/2025/20030930.pdf,,,,Otis Worldwide Corporation Common Stock (OTIS) [ST],Otis Worldwide Corporation Common Stock (OTIS) [ST],S,07/11/2025,08/01/2025,"$1,001 - $15,000",Filing Status: New,"Otis Worldwide Corporation Common Stock (OTIS) [ST] S 07/11/2025 08/01/2025 $1,001 - $15,000 Filing Status: New",,,False,100,OTIS,accepted,house_ptr_structure+v8_1,False,False,False,07/11/2025,False,,valid_range
20030930,Hon. Ritchie John Torres,Member,NY15,20030930.pdf,2025,97,,"Pepsico, Inc.","Pepsico, Inc.",PEP,PEP,ST,S,2025-07-11,2025-08-01,1001.0,15000.0,,"$1,001 - $15,000",valid_range,New,,,,"This investment is held within a publicly available, widely held independently managed portfolio over which I have no authority to exercise control over or influence the financial interests held by the portfolio. The assets of the portfolio are widely diversified, and all investment decisions are made solely by the independent manager, without my input or direction.",17,17,table,False,False,,False,0,False,False,100,True,17,False,https://disclosures-clerk.house.gov/public_disc/ptr-pdfs/2025/20030930.pdf,,,,"Pepsico, Inc. (PEP) [ST] Filing Status: New Comments: This investment is held within have no authority to exercise control over are widely diversified, and all investment direction.","Pepsico, Inc. (PEP) [ST]",S n a publicly availa or influence the f decisions are mad,"07/11/2025 able, widely hel financial intere de solely by the",08/01/2025 ld independently m sts held by the po e independent ma,"$1,001 - $15,000 managed portfolio ov ortfolio. The assets of anager, without my in",,"Pepsico, Inc. (PEP) [ST] S 07/11/2025 08/01/2025 $1,001 - $15,000 Filing Status: New Comments: This investment is held within a publicly available, widely held independently managed portfolio over which I have no authority to exercise control over or influence the financial interests held by the portfolio. The assets of the portfolio are widely diversified, and all investment decisions are made solely by the independent manager, without my input or direction.",,,False,100,PEP,accepted,house_ptr_structure+v8_1,False,False,True,07/11/2025,False,,valid_range
20030930,Hon. Ritchie John Torres,Member,NY15,20030930.pdf,2025,98,,"Plains GP Holdings, L.P. - Class A Shares representing limited partner interests","Plains GP Holdings, L.P. - Class A Shares representing limited partner interests",PAGP,PAGP,ST,P,2024-09-26,2025-08-01,1001.0,15000.0,,"$1,001 - $15,000",valid_range,New,,,,"This investment is held within a publicly available, widely held independently managed portfolio over which I have no authority to exercise control over or influence the financial interests held by the portfolio. The assets of the portfolio are widely diversified, and all investment decisions are made solely by the independent manager, without my input or ID Owner Asset Transaction Type Date Notification Date Amount Cap. Gains > $200?",17,18,table,True,False,,True,0,False,True,98,True,17,False,https://disclosures-clerk.house.gov/public_disc/ptr-pdfs/2025/20030930.pdf,,,,"Plains GP Holdings, L.P. - Class A Shares representing limited partner interests (PAGP) [ST]","Plains GP Holdings, L.P. - Class A Shares representing limited partner interests (PAGP) [ST]",P,09/26/2024,08/01/2025,"$1,001 - $15,000","Filing Status: New Comments: This investment is held within a publicly available, widely held independently managed portfolio over which I have no authority to exercise control over or influence the financial interests held by the portfolio. The assets of the portfolio are widely diversified, and all investment decisions are made solely by the independent manager, without my input or ID Owner Asset Transaction Type Date Notification Date Amount Cap. Gains > $200?","Plains GP Holdings, L.P. - Class A Shares representing limited partner interests (PAGP) [ST] P 09/26/2024 08/01/2025 $1,001 - $15,000 Filing Status: New Comments: This investment is held within a publicly available, widely held independently managed portfolio over which I have no authority to exercise control over or influence the financial interests held by the portfolio. The assets of the portfolio are widely diversified, and all investment decisions are made solely by the independent manager, without my input or ID Owner Asset Transaction Type Date Notification Date Amount Cap. Gains > $200?",,,False,98,PAGP,accepted,house_ptr_structure+v8_1,False,False,False,09/26/2024,False,,valid_range
20030930,Hon. Ritchie John Torres,Member,NY15,20030930.pdf,2025,99,,PPL Corporation Common Stock,PPL Corporation Common Stock,PPL,PPL,ST,P,2024-09-26,2025-08-01,1001.0,15000.0,,"$1,001 - $15,000",valid_range,New,,,,"This investment is held within a publicly available, widely held independently managed portfolio over which I have no authority to exercise control over or influence the financial interests held by the portfolio. The assets of the portfolio are widely diversified, and all investment decisions are made solely by the independent manager, without my input or direction.",18,18,relaxed_table,True,False,,False,0,False,False,100,True,17,False,https://disclosures-clerk.house.gov/public_disc/ptr-pdfs/2025/20030930.pdf,,,,"PPL Corporation Common Stock (PPL) [ST] Filing Status: New Comments: This investment is held within have no authority to exercise control over are widely diversified, and all investment direction.",PPL Corporation Common Stock (PPL) [ST],P n a publicly availa or influence the f decisions are mad,"09/26/2024 able, widely hel financial intere de solely by the",08/01/2025 ld independently m sts held by the po e independent ma,"$1,001 - $15,000 managed portfolio ov ortfolio. The assets of anager, without my in",,"PPL Corporation Common Stock (PPL) [ST] P 09/26/2024 08/01/2025 $1,001 - $15,000 Filing Status: New Comments: This investment is held within a publicly available, widely held independently managed portfolio over which I have no authority to exercise control over or influence the financial interests held by the portfolio. The assets of the portfolio are widely diversified, and all investment decisions are made solely by the independent manager, without my input or direction.",,,False,100,PPL,accepted,house_ptr_structure+v8_1,False,False,True,09/26/2024,False,,valid_range
20030930,Hon. Ritchie John Torres,Member,NY15,20030930.pdf,2025,100,,PPL Corporation Common Stock,PPL Corporation Common Stock,PPL,PPL,ST,S,2025-07-11,2025-08-01,1001.0,15000.0,,"$1,001 - $15,000",valid_range,New,,,,"This investment is held within a publicly available, widely held independently managed portfolio over which I have no authority to exercise control over or influence the financial interests held by the portfolio. The assets of the portfolio are widely diversified, and all investment decisions are made solely by the independent manager, without my input or direction.",18,18,relaxed_table,True,False,,False,0,False,True,100,True,17,False,https://disclosures-clerk.house.gov/public_disc/ptr-pdfs/2025/20030930.pdf,,,,PPL Corporation Common Stock (PPL) [ST],PPL Corporation Common Stock (PPL) [ST],S,07/11/2025,08/01/2025,"$1,001 - $15,000","Filing Status: New Comments: This investment is held within a publicly available, widely held independently managed portfolio over which I have no authority to exercise control over or influence the financial interests held by the portfolio. The assets of the portfolio are widely diversified, and all investment decisions are made solely by the independent manager, without my input or direction.","PPL Corporation Common Stock (PPL) [ST] S 07/11/2025 08/01/2025 $1,001 - $15,000 Filing Status: New Comments: This investment is held within a publicly available, widely held independently managed portfolio over which I have no authority to exercise control over or influence the financial interests held by the portfolio. The assets of the portfolio are widely diversified, and all investment decisions are made solely by the independent manager, without my input or direction.",,,False,100,PPL,accepted,house_ptr_structure+v8_1,False,False,False,07/11/2025,False,,valid_range
20030930,Hon. Ritchie John Torres,Member,NY15,20030930.pdf,2025,101,,Procter & Gamble Company,Procter & Gamble Company,PG,PG,ST,S,2025-07-11,2025-08-01,1001.0,15000.0,,"$1,001 - $15,000",valid_range,New,,,,"This investment is held within a publicly available, widely held independently managed portfolio over which I have no authority to exercise control over or influence the financial interests held by the portfolio. The assets of the portfolio are widely diversified, and all investment decisions are made solely by the independent manager, without my input or direction.",18,18,relaxed_table,True,False,,False,0,False,False,100,True,17,False,https://disclosures-clerk.house.gov/public_disc/ptr-pdfs/2025/20030930.pdf,,,,"Procter & Gamble Company (PG) [ST] Filing Status: New Comments: This investment is held within have no authority to exercise control over are widely diversified, and all investment direction.",Procter & Gamble Company (PG) [ST],S n a publicly availa or influence the f decisions are mad,"07/11/2025 able, widely hel financial intere de solely by the",08/01/2025 ld independently m sts held by the po e independent ma,"$1,001 - $15,000 managed portfolio ov ortfolio. The assets of anager, without my in",,"Procter & Gamble Company (PG) [ST] S 07/11/2025 08/01/2025 $1,001 - $15,000 Filing Status: New Comments: This investment is held within a publicly available, widely held independently managed portfolio over which I have no authority to exercise control over or influence the financial interests held by the portfolio. The assets of the portfolio are widely diversified, and all investment decisions are made solely by the independent manager, without my input or direction.",,,False,100,PG,accepted,house_ptr_structure+v8_1,False,False,True,07/11/2025,False,,valid_range
20030930,Hon. Ritchie John Torres,Member,NY15,20030930.pdf,2025,102,,Procter & Gamble Company,Procter & Gamble Company,PG,PG,ST,P,2024-09-26,2025-08-01,1001.0,15000.0,,"$1,001 - $15,000",valid_range,New,,,,"This investment is held within a publicly available, widely held independently managed portfolio over which I have no authority to exercise control over or influence the financial interests held by the portfolio. The assets of the portfolio are widely diversified, and all investment decisions are made solely by the independent manager, without my input or direction.",18,18,relaxed_table,True,False,,False,0,False,True,100,True,17,False,https://disclosures-clerk.house.gov/public_disc/ptr-pdfs/2025/20030930.pdf,,,,Procter & Gamble Company (PG) [ST],Procter & Gamble Company (PG) [ST],P,09/26/2024,08/01/2025,"$1,001 - $15,000","Filing Status: New Comments: This investment is held within a publicly available, widely held independently managed portfolio over which I have no authority to exercise control over or influence the financial interests held by the portfolio. The assets of the portfolio are widely diversified, and all investment decisions are made solely by the independent manager, without my input or direction.","Procter & Gamble Company (PG) [ST] P 09/26/2024 08/01/2025 $1,001 - $15,000 Filing Status: New Comments: This investment is held within a publicly available, widely held independently managed portfolio over which I have no authority to exercise control over or influence the financial interests held by the portfolio. The assets of the portfolio are widely diversified, and all investment decisions are made solely by the independent manager, without my input or direction.",,,False,100,PG,accepted,house_ptr_structure+v8_1,False,False,False,09/26/2024,False,,valid_range
20030930,Hon. Ritchie John Torres,Member,NY15,20030930.pdf,2025,103,,"Prologis, Inc. Common Stock","Prologis, Inc. Common Stock",PLD,PLD,ST,P,2024-09-26,2025-08-01,1001.0,15000.0,,"$1,001 - $15,000",valid_range,New,,,,"This investment is held within a publicly available, widely held independently managed portfolio over which I have no authority to exercise control over or influence the financial interests held by the portfolio. The assets of the portfolio are widely diversified, and all investment decisions are made solely by the independent manager, without my input or direction.",18,18,relaxed_table,True,False,,False,0,False,False,100,True,17,False,https://disclosures-clerk.house.gov/public_disc/ptr-pdfs/2025/20030930.pdf,,,,"Prologis, Inc. Common Stock (PLD) [ST] Filing Status: New Comments: This investment is held within have no authority to exercise control over are widely diversified, and all investment direction.","Prologis, Inc. Common Stock (PLD) [ST]",P n a publicly availa or influence the f decisions are mad,"09/26/2024 able, widely hel financial intere de solely by the",08/01/2025 ld independently m sts held by the po e independent ma,"$1,001 - $15,000 managed portfolio ov ortfolio. The assets of anager, without my in",,"Prologis, Inc. Common Stock (PLD) [ST] P 09/26/2024 08/01/2025 $1,001 - $15,000 Filing Status: New Comments: This investment is held within a publicly available, widely held independently managed portfolio over which I have no authority to exercise control over or influence the financial interests held by the portfolio. The assets of the portfolio are widely diversified, and all investment decisions are made solely by the independent manager, without my input or direction.",,,False,100,PLD,accepted,house_ptr_structure+v8_1,False,False,True,09/26/2024,False,,valid_range
20030930,Hon. Ritchie John Torres,Member,NY15,20030930.pdf,2025,104,,Public Service Enterprise Group Incorporated Common Stock,Public Service Enterprise Group Incorporated Common Stock,PEG,PEG,ST,P,2024-09-26,2025-08-01,1001.0,15000.0,,"$1,001 - $15,000",valid_range,New,,,,"This investment is held within a publicly available, widely held independently managed portfolio over which I Type Date Gains > $200?",18,19,relaxed_table,True,False,,True,0,False,True,98,True,17,False,https://disclosures-clerk.house.gov/public_disc/ptr-pdfs/2025/20030930.pdf,,,,Public Service Enterprise Group Incorporated Common Stock (PEG) [ST],Public Service Enterprise Group Incorporated Common Stock (PEG) [ST],P,09/26/2024,08/01/2025,"$1,001 - $15,000","Filing Status: New Comments: This investment is held within a publicly available, widely held independently managed portfolio over which I Type Date Gains > $200?","Public Service Enterprise Group Incorporated Common Stock (PEG) [ST] P 09/26/2024 08/01/2025 $1,001 - $15,000 Filing Status: New Comments: This investment is held within a publicly available, widely held independently managed portfolio over which I Type Date Gains > $200?",,,False,98,PEG,accepted,house_ptr_structure+v8_1,False,False,False,09/26/2024,False,,valid_range
20030930,Hon. Ritchie John Torres,Member,NY15,20030930.pdf,2025,105,,QUALCOMM Incorporated - Common Stock,QUALCOMM Incorporated - Common Stock,QCOM,QCOM,ST,P,2024-09-26,2025-08-01,1001.0,15000.0,,"$1,001 - $15,000",valid_range,New,,,,"This investment is held within a publicly available, widely held independently managed portfolio over which I have no authority to exercise control over or influence the financial interests held by the portfolio. The assets of the portfolio are widely diversified, and all investment decisions are made solely by the independent manager, without my input or direction.",19,19,table,False,False,,False,0,False,False,100,True,17,False,https://disclosures-clerk.house.gov/public_disc/ptr-pdfs/2025/20030930.pdf,,,,"QUALCOMM Incorporated - Common Stock (QCOM) [ST] Filing Status: New Comments: This investment is held within have no authority to exercise control over are widely diversified, and all investment direction.",QUALCOMM Incorporated - Common Stock (QCOM) [ST],P n a publicly availa or influence the f decisions are mad,"09/26/2024 able, widely hel financial intere de solely by the",08/01/2025 ld independently m sts held by the po e independent ma,"$1,001 - $15,000 managed portfolio ov ortfolio. The assets of anager, without my in",,"QUALCOMM Incorporated - Common Stock (QCOM) [ST] P 09/26/2024 08/01/2025 $1,001 - $15,000 Filing Status: New Comments: This investment is held within a publicly available, widely held independently managed portfolio over which I have no authority to exercise control over or influence the financial interests held by the portfolio. The assets of the portfolio are widely diversified, and all investment decisions are made solely by the independent manager, without my input or direction.",,,False,100,QCOM,accepted,house_ptr_structure+v8_1,False,False,True,09/26/2024,False,,valid_range
20030930,Hon. Ritchie John Torres,Member,NY15,20030930.pdf,2025,106,,QUALCOMM Incorporated - Common Stock,QUALCOMM Incorporated - Common Stock,QCOM,QCOM,ST,S,2025-07-11,2025-08-01,1001.0,15000.0,,"$1,001 - $15,000",valid_range,New,,,,"This investment is held within a publicly available, widely held independently managed portfolio over which I have no authority to exercise control over or influence the financial interests held by the portfolio. The assets of the portfolio are widely diversified, and all investment decisions are made solely by the independent manager, without my input or direction.",19,19,table,False,False,,False,0,False,True,100,True,17,False,https://disclosures-clerk.house.gov/public_disc/ptr-pdfs/2025/20030930.pdf,,,,QUALCOMM Incorporated - Common Stock (QCOM) [ST],QUALCOMM Incorporated - Common Stock (QCOM) [ST],S,07/11/2025,08/01/2025,"$1,001 - $15,000","Filing Status: New Comments: This investment is held within a publicly available, widely held independently managed portfolio over which I have no authority to exercise control over or influence the financial interests held by the portfolio. The assets of the portfolio are widely diversified, and all investment decisions are made solely by the independent manager, without my input or direction.","QUALCOMM Incorporated - Common Stock (QCOM) [ST] S 07/11/2025 08/01/2025 $1,001 - $15,000 Filing Status: New Comments: This investment is held within a publicly available, widely held independently managed portfolio over which I have no authority to exercise control over or influence the financial interests held by the portfolio. The assets of the portfolio are widely diversified, and all investment decisions are made solely by the independent manager, without my input or direction.",,,False,100,QCOM,accepted,house_ptr_structure+v8_1,False,False,False,07/11/2025,False,,valid_range
20030930,Hon. Ritchie John Torres,Member,NY15,20030930.pdf,2025,107,,ROCHE HOLDING LTD S/ADR,ROCHE HOLDING LTD S/ADR,RHHBY,RHHBY,ST,S,2025-07-11,2025-08-01,1001.0,15000.0,,"$1,001 - $15,000",valid_range,New,,,,"This investment is held within a publicly available, widely held independently managed portfolio over which I have no authority to exercise control over or influence the financial interests held by the portfolio. The assets of the portfolio are widely diversified, and all investment decisions are made solely by the independent manager, without my input or direction.",19,19,table,False,False,,False,0,False,False,100,True,17,False,https://disclosures-clerk.house.gov/public_disc/ptr-pdfs/2025/20030930.pdf,,,,"ROCHE HOLDING LTD S/ADR (RHHBY) [ST] Filing Status: New Comments: This investment is held within have no authority to exercise control over are widely diversified, and all investment direction.",ROCHE HOLDING LTD S/ADR (RHHBY) [ST],S n a publicly availa or influence the f decisions are mad,"07/11/2025 able, widely hel financial intere de solely by the",08/01/2025 ld independently m sts held by the po e independent ma,"$1,001 - $15,000 managed portfolio ov ortfolio. The assets of anager, without my in",,"ROCHE HOLDING LTD S/ADR (RHHBY) [ST] S 07/11/2025 08/01/2025 $1,001 - $15,000 Filing Status: New Comments: This investment is held within a publicly available, widely held independently managed portfolio over which I have no authority to exercise control over or influence the financial interests held by the portfolio. The assets of the portfolio are widely diversified, and all investment decisions are made solely by the independent manager, without my input or direction.",,,False,100,RHHBY,accepted,house_ptr_structure+v8_1,False,False,True,07/11/2025,False,,valid_range
20030930,Hon. Ritchie John Torres,Member,NY15,20030930.pdf,2025,108,,"Salesforce, Inc. Common Stock","Salesforce, Inc. Common Stock",CRM,CRM,ST,S,2025-07-11,2025-08-01,1001.0,15000.0,,"$1,001 - $15,000",valid_range,New,,,,"This investment is held within a publicly available, widely held independently managed portfolio over which I have no authority to exercise control over or influence the financial interests held by the portfolio. The assets of the portfolio are widely diversified, and all investment decisions are made solely by the independent manager, without my input or direction.",19,19,table,False,False,,False,0,False,True,100,True,17,False,https://disclosures-clerk.house.gov/public_disc/ptr-pdfs/2025/20030930.pdf,,,,"Salesforce, Inc. Common Stock (CRM) [ST]","Salesforce, Inc. Common Stock (CRM) [ST]",S,07/11/2025,08/01/2025,"$1,001 - $15,000","Filing Status: New Comments: This investment is held within a publicly available, widely held independently managed portfolio over which I have no authority to exercise control over or influence the financial interests held by the portfolio. The assets of the portfolio are widely diversified, and all investment decisions are made solely by the independent manager, without my input or direction.","Salesforce, Inc. Common Stock (CRM) [ST] S 07/11/2025 08/01/2025 $1,001 - $15,000 Filing Status: New Comments: This investment is held within a publicly available, widely held independently managed portfolio over which I have no authority to exercise control over or influence the financial interests held by the portfolio. The assets of the portfolio are widely diversified, and all investment decisions are made solely by the independent manager, without my input or direction.",,,False,100,CRM,accepted,house_ptr_structure+v8_1,False,False,False,07/11/2025,False,,valid_range
20030930,Hon. Ritchie John Torres,Member,NY15,20030930.pdf,2025,109,,"Salesforce, Inc. Common Stock","Salesforce, Inc. Common Stock",CRM,CRM,ST,P,2024-09-26,2025-08-01,1001.0,15000.0,,"$1,001 - $15,000",valid_range,New,,,,"This investment is held within a publicly available, widely held independently managed portfolio over which I have no authority to exercise control over or influence the financial interests held by the portfolio. The assets of the portfolio are widely diversified, and all investment decisions are made solely by the independent manager, without my input or direction.",19,19,table,False,False,,False,0,False,False,100,True,17,False,https://disclosures-clerk.house.gov/public_disc/ptr-pdfs/2025/20030930.pdf,,,,"Salesforce, Inc. Common Stock (CRM) [ST] Filing Status: New Comments: This investment is held within have no authority to exercise control over are widely diversified, and all investment direction.","Salesforce, Inc. Common Stock (CRM) [ST]",P n a publicly availa or influence the f decisions are mad,"09/26/2024 able, widely hel financial intere de solely by the",08/01/2025 ld independently m sts held by the po e independent ma,"$1,001 - $15,000 managed portfolio ov ortfolio. The assets of anager, without my in",,"Salesforce, Inc. Common Stock (CRM) [ST] P 09/26/2024 08/01/2025 $1,001 - $15,000 Filing Status: New Comments: This investment is held within a publicly available, widely held independently managed portfolio over which I have no authority to exercise control over or influence the financial interests held by the portfolio. The assets of the portfolio are widely diversified, and all investment decisions are made solely by the independent manager, without my input or direction.",,,False,100,CRM,accepted,house_ptr_structure+v8_1,False,False,True,09/26/2024,False,,valid_range
20030930,Hon. Ritchie John Torres,Member,NY15,20030930.pdf,2025,110,,Sherwin-Williams Company,Sherwin-Williams Company,SHW,SHW,ST,P,2024-09-26,2025-08-01,1001.0,15000.0,,"$1,001 - $15,000",valid_range,New,,,,"This investment is held within a publicly available, widely held independently managed portfolio over which I have no authority to exercise control over or influence the financial interests held by the portfolio. The assets of the portfolio are widely diversified, and all investment decisions are made solely by the independent manager, without my input or direction.",19,20,table,False,False,,True,0,False,True,98,True,17,False,https://disclosures-clerk.house.gov/public_disc/ptr-pdfs/2025/20030930.pdf,,,,Sherwin-Williams Company (SHW) [ST],Sherwin-Williams Company (SHW) [ST],P,09/26/2024,08/01/2025,"$1,001 - $15,000","Filing Status: New Comments: This investment is held within a publicly available, widely held independently managed portfolio over which I have no authority to exercise control over or influence the financial interests held by the portfolio. The assets of the portfolio are widely diversified, and all investment decisions are made solely by the independent manager, without my input or direction.","Sherwin-Williams Company (SHW) [ST] P 09/26/2024 08/01/2025 $1,001 - $15,000 Filing Status: New Comments: This investment is held within a publicly available, widely held independently managed portfolio over which I have no authority to exercise control over or influence the financial interests held by the portfolio. The assets of the portfolio are widely diversified, and all investment decisions are made solely by the independent manager, without my input or direction.",,,False,98,SHW,accepted,house_ptr_structure+v8_1,False,False,False,09/26/2024,False,,valid_range
20030930,Hon. Ritchie John Torres,Member,NY15,20030930.pdf,2025,111,,Sherwin-Williams Company,Sherwin-Williams Company,SHW,SHW,ST,S,2025-07-11,2025-08-01,1001.0,15000.0,,"$1,001 - $15,000",valid_range,New,,,,"This investment is held within a publicly available, widely held independently managed portfolio over which I have no authority to exercise control over or influence the financial interests held by the portfolio. The assets of the portfolio are widely diversified, and all investment decisions are made solely by the independent manager, without my input or direction.",20,20,table,False,False,,False,0,False,False,100,True,17,False,https://disclosures-clerk.house.gov/public_disc/ptr-pdfs/2025/20030930.pdf,,,,"Sherwin-Williams Company (SHW) [ST] Filing Status: New Comments: This investment is held within have no authority to exercise control over are widely diversified, and all investment direction.",Sherwin-Williams Company (SHW) [ST],S n a publicly availa or influence the f decisions are mad,"07/11/2025 able, widely hel financial intere de solely by the",08/01/2025 ld independently m sts held by the po e independent ma,"$1,001 - $15,000 managed portfolio ov ortfolio. The assets of anager, without my in",,"Sherwin-Williams Company (SHW) [ST] S 07/11/2025 08/01/2025 $1,001 - $15,000 Filing Status: New Comments: This investment is held within a publicly available, widely held independently managed portfolio over which I have no authority to exercise control over or influence the financial interests held by the portfolio. The assets of the portfolio are widely diversified, and all investment decisions are made solely by the independent manager, without my input or direction.",,,False,100,SHW,accepted,house_ptr_structure+v8_1,False,False,True,07/11/2025,False,,valid_range
20030930,Hon. Ritchie John Torres,Member,NY15,20030930.pdf,2025,112,,TC Energy Corporation Common Stock,TC Energy Corporation Common Stock,TRP,TRP,ST,S,2025-07-11,2025-08-01,1001.0,15000.0,,"$1,001 - $15,000",valid_range,New,,,,"This investment is held within a publicly available, widely held independently managed portfolio over which I have no authority to exercise control over or influence the financial interests held by the portfolio. The assets of the portfolio are widely diversified, and all investment decisions are made solely by the independent manager, without my input or direction.",20,20,table,False,False,,False,0,False,True,100,True,17,False,https://disclosures-clerk.house.gov/public_disc/ptr-pdfs/2025/20030930.pdf,,,,TC Energy Corporation Common Stock (TRP) [ST],TC Energy Corporation Common Stock (TRP) [ST],S,07/11/2025,08/01/2025,"$1,001 - $15,000","Filing Status: New Comments: This investment is held within a publicly available, widely held independently managed portfolio over which I have no authority to exercise control over or influence the financial interests held by the portfolio. The assets of the portfolio are widely diversified, and all investment decisions are made solely by the independent manager, without my input or direction.","TC Energy Corporation Common Stock (TRP) [ST] S 07/11/2025 08/01/2025 $1,001 - $15,000 Filing Status: New Comments: This investment is held within a publicly available, widely held independently managed portfolio over which I have no authority to exercise control over or influence the financial interests held by the portfolio. The assets of the portfolio are widely diversified, and all investment decisions are made solely by the independent manager, without my input or direction.",,,False,100,TRP,accepted,house_ptr_structure+v8_1,False,False,False,07/11/2025,False,,valid_range
20030930,Hon. Ritchie John Torres,Member,NY15,20030930.pdf,2025,113,,TC Energy Corporation Common Stock,TC Energy Corporation Common Stock,TRP,TRP,ST,P,2025-04-09,2025-08-01,1001.0,15000.0,,"$1,001 - $15,000",valid_range,New,,,,"This investment is held within a publicly available, widely held independently managed portfolio over which I have no authority to exercise control over or influence the financial interests held by the portfolio. The assets of the portfolio are widely diversified, and all investment decisions are made solely by the independent manager, without my input or direction.",20,20,table,False,False,,False,0,False,False,100,True,17,False,https://disclosures-clerk.house.gov/public_disc/ptr-pdfs/2025/20030930.pdf,,,,"TC Energy Corporation Common Stock (TRP) [ST] Filing Status: New Comments: This investment is held within have no authority to exercise control over are widely diversified, and all investment direction.",TC Energy Corporation Common Stock (TRP) [ST],P n a publicly availa or influence the f decisions are mad,"04/09/2025 able, widely hel financial intere de solely by the",08/01/2025 ld independently m sts held by the po e independent ma,"$1,001 - $15,000 managed portfolio ov ortfolio. The assets of anager, without my in",,"TC Energy Corporation Common Stock (TRP) [ST] P 04/09/2025 08/01/2025 $1,001 - $15,000 Filing Status: New Comments: This investment is held within a publicly available, widely held independently managed portfolio over which I have no authority to exercise control over or influence the financial interests held by the portfolio. The assets of the portfolio are widely diversified, and all investment decisions are made solely by the independent manager, without my input or direction.",,,False,100,TRP,accepted,house_ptr_structure+v8_1,False,False,True,04/09/2025,False,,valid_range
20030930,Hon. Ritchie John Torres,Member,NY15,20030930.pdf,2025,114,,Texas Instruments Incorporated - Common Stock,Texas Instruments Incorporated - Common Stock,TXN,TXN,ST,P,2024-09-26,2025-08-01,1001.0,15000.0,,"$1,001 - $15,000",valid_range,New,,,,"This investment is held within a publicly available, widely held independently managed portfolio over which I have no authority to exercise control over or influence the financial interests held by the portfolio. The assets of the portfolio are widely diversified, and all investment decisions are made solely by the independent manager, without my input or direction.",20,20,table,False,False,,False,0,False,True,100,True,17,False,https://disclosures-clerk.house.gov/public_disc/ptr-pdfs/2025/20030930.pdf,,,,Texas Instruments Incorporated - Common Stock (TXN) [ST],Texas Instruments Incorporated - Common Stock (TXN) [ST],P,09/26/2024,08/01/2025,"$1,001 - $15,000","Filing Status: New Comments: This investment is held within a publicly available, widely held independently managed portfolio over which I have no authority to exercise control over or influence the financial interests held by the portfolio. The assets of the portfolio are widely diversified, and all investment decisions are made solely by the independent manager, without my input or direction.","Texas Instruments Incorporated - Common Stock (TXN) [ST] P 09/26/2024 08/01/2025 $1,001 - $15,000 Filing Status: New Comments: This investment is held within a publicly available, widely held independently managed portfolio over which I have no authority to exercise control over or influence the financial interests held by the portfolio. The assets of the portfolio are widely diversified, and all investment decisions are made solely by the independent manager, without my input or direction.",,,False,100,TXN,accepted,house_ptr_structure+v8_1,False,False,False,09/26/2024,False,,valid_range
20030930,Hon. Ritchie John Torres,Member,NY15,20030930.pdf,2025,115,,"T-Mobile US, Inc.","T-Mobile US, Inc.",TMUS,TMUS,ST,P,2024-09-26,2025-08-01,1001.0,15000.0,,"$1,001 - $15,000",valid_range,New,,,,"This investment is held within a publicly available, widely held independently managed portfolio over which I have no authority to exercise control over or influence the financial interests held by the portfolio. The assets of the portfolio are widely diversified, and all investment decisions are made solely by the independent manager, without my input or direction.",20,20,table,False,False,,False,0,False,False,100,True,17,False,https://disclosures-clerk.house.gov/public_disc/ptr-pdfs/2025/20030930.pdf,,,,"T-Mobile US, Inc. (TMUS) [ST] Filing Status: New Comments: This investment is held within have no authority to exercise control over are widely diversified, and all investment direction.","T-Mobile US, Inc. (TMUS) [ST]",P n a publicly availa or influence the f decisions are mad,"09/26/2024 able, widely hel financial intere de solely by the",08/01/2025 ld independently m sts held by the po e independent ma,"$1,001 - $15,000 managed portfolio ov ortfolio. The assets of anager, without my in",,"T-Mobile US, Inc. (TMUS) [ST] P 09/26/2024 08/01/2025 $1,001 - $15,000 Filing Status: New Comments: This investment is held within a publicly available, widely held independently managed portfolio over which I have no authority to exercise control over or influence the financial interests held by the portfolio. The assets of the portfolio are widely diversified, and all investment decisions are made solely by the independent manager, without my input or direction.",,,False,100,TMUS,accepted,house_ptr_structure+v8_1,False,False,True,09/26/2024,False,,valid_range
20030930,Hon. Ritchie John Torres,Member,NY15,20030930.pdf,2025,116,,"T-Mobile US, Inc.","T-Mobile US, Inc.",TMUS,TMUS,ST,S,2025-07-11,2025-08-01,1001.0,15000.0,,"$1,001 - $15,000",valid_range,New,,,,"This investment is held within a publicly available, widely held independently managed portfolio over which I have no authority to exercise control over or influence the financial interests held by the portfolio. The assets of the portfolio are widely diversified, and all investment decisions are made solely by the independent manager, without my input or direction.",21,21,table,False,False,,False,0,False,True,100,True,17,False,https://disclosures-clerk.house.gov/public_disc/ptr-pdfs/2025/20030930.pdf,,,,"T-Mobile US, Inc. (TMUS) [ST]","T-Mobile US, Inc. (TMUS) [ST]",S,07/11/2025,08/01/2025,"$1,001 - $15,000","Filing Status: New Comments: This investment is held within a publicly available, widely held independently managed portfolio over which I have no authority to exercise control over or influence the financial interests held by the portfolio. The assets of the portfolio are widely diversified, and all investment decisions are made solely by the independent manager, without my input or direction.","T-Mobile US, Inc. (TMUS) [ST] S 07/11/2025 08/01/2025 $1,001 - $15,000 Filing Status: New Comments: This investment is held within a publicly available, widely held independently managed portfolio over which I have no authority to exercise control over or influence the financial interests held by the portfolio. The assets of the portfolio are widely diversified, and all investment decisions are made solely by the independent manager, without my input or direction.",,,False,100,TMUS,accepted,house_ptr_structure+v8_1,False,False,False,07/11/2025,False,,valid_range
20030930,Hon. Ritchie John Torres,Member,NY15,20030930.pdf,2025,117,,U.S. Bancorp Common Stock,U.S. Bancorp Common Stock,USB,USB,ST,P,2024-09-26,2025-08-01,1001.0,15000.0,,"$1,001 - $15,000",valid_range,New,,,,"This investment is held within a publicly available, widely held independently managed portfolio over which I have no authority to exercise control over or influence the financial interests held by the portfolio. The assets of the portfolio are widely diversified, and all investment decisions are made solely by the independent manager, without my input or direction.",21,21,table,False,False,,False,0,False,False,100,True,17,False,https://disclosures-clerk.house.gov/public_disc/ptr-pdfs/2025/20030930.pdf,,,,"U.S. Bancorp Common Stock (USB) [ST] Filing Status: New Comments: This investment is held within have no authority to exercise control over are widely diversified, and all investment direction.",U.S. Bancorp Common Stock (USB) [ST],P n a publicly availa or influence the f decisions are mad,"09/26/2024 able, widely hel financial intere de solely by the",08/01/2025 ld independently m sts held by the po e independent ma,"$1,001 - $15,000 managed portfolio ov ortfolio. The assets of anager, without my in",,"U.S. Bancorp Common Stock (USB) [ST] P 09/26/2024 08/01/2025 $1,001 - $15,000 Filing Status: New Comments: This investment is held within a publicly available, widely held independently managed portfolio over which I have no authority to exercise control over or influence the financial interests held by the portfolio. The assets of the portfolio are widely diversified, and all investment decisions are made solely by the independent manager, without my input or direction.",,,False,100,USB,accepted,house_ptr_structure+v8_1,False,False,True,09/26/2024,False,,valid_range
20030930,Hon. Ritchie John Torres,Member,NY15,20030930.pdf,2025,118,,Union Pacific Corporation Common Stock,Union Pacific Corporation Common Stock,UNP,UNP,ST,P,2024-09-26,2025-08-01,1001.0,15000.0,,"$1,001 - $15,000",valid_range,New,,,,"This investment is held within a publicly available, widely held independently managed portfolio over which I have no authority to exercise control over or influence the financial interests held by the portfolio. The assets of the portfolio are widely diversified, and all investment decisions are made solely by the independent manager, without my input or direction.",21,21,table,False,False,,False,0,False,True,100,True,17,False,https://disclosures-clerk.house.gov/public_disc/ptr-pdfs/2025/20030930.pdf,,,,Union Pacific Corporation Common Stock (UNP) [ST],Union Pacific Corporation Common Stock (UNP) [ST],P,09/26/2024,08/01/2025,"$1,001 - $15,000","Filing Status: New Comments: This investment is held within a publicly available, widely held independently managed portfolio over which I have no authority to exercise control over or influence the financial interests held by the portfolio. The assets of the portfolio are widely diversified, and all investment decisions are made solely by the independent manager, without my input or direction.","Union Pacific Corporation Common Stock (UNP) [ST] P 09/26/2024 08/01/2025 $1,001 - $15,000 Filing Status: New Comments: This investment is held within a publicly available, widely held independently managed portfolio over which I have no authority to exercise control over or influence the financial interests held by the portfolio. The assets of the portfolio are widely diversified, and all investment decisions are made solely by the independent manager, without my input or direction.",,,False,100,UNP,accepted,house_ptr_structure+v8_1,False,False,False,09/26/2024,False,,valid_range
20030930,Hon. Ritchie John Torres,Member,NY15,20030930.pdf,2025,119,,Union Pacific Corporation Common Stock,Union Pacific Corporation Common Stock,UNP,UNP,ST,S,2025-07-11,2025-08-01,1001.0,15000.0,,"$1,001 - $15,000",valid_range,New,,,,"This investment is held within a publicly available, widely held independently managed portfolio over which I have no authority to exercise control over or influence the financial interests held by the portfolio. The assets of the portfolio are widely diversified, and all investment decisions are made solely by the independent manager, without my input or direction.",21,21,table,False,False,,False,0,False,False,100,True,17,False,https://disclosures-clerk.house.gov/public_disc/ptr-pdfs/2025/20030930.pdf,,,,"Union Pacific Corporation Common Stock (UNP) [ST] Filing Status: New Comments: This investment is held within have no authority to exercise control over are widely diversified, and all investment direction.",Union Pacific Corporation Common Stock (UNP) [ST],S n a publicly availa or influence the f decisions are mad,"07/11/2025 able, widely hel financial intere de solely by the",08/01/2025 ld independently m sts held by the po e independent ma,"$1,001 - $15,000 managed portfolio ov ortfolio. The assets of anager, without my in",,"Union Pacific Corporation Common Stock (UNP) [ST] S 07/11/2025 08/01/2025 $1,001 - $15,000 Filing Status: New Comments: This investment is held within a publicly available, widely held independently managed portfolio over which I have no authority to exercise control over or influence the financial interests held by the portfolio. The assets of the portfolio are widely diversified, and all investment decisions are made solely by the independent manager, without my input or direction.",,,False,100,UNP,accepted,house_ptr_structure+v8_1,False,False,True,07/11/2025,False,,valid_range
20030930,Hon. Ritchie John Torres,Member,NY15,20030930.pdf,2025,120,,UnitedHealth Group Incorporated Common Stock,UnitedHealth Group Incorporated Common Stock,UNH,UNH,ST,P,2024-09-26,2025-08-01,1001.0,15000.0,,"$1,001 - $15,000",valid_range,New,,,,"This investment is held within a publicly available, widely held independently managed portfolio over which I have no authority to exercise control over or influence the financial interests held by the portfolio. The assets of the portfolio are widely diversified, and all investment decisions are made solely by the independent manager, without my input or direction.",21,21,table,False,False,,False,0,False,True,100,True,17,False,https://disclosures-clerk.house.gov/public_disc/ptr-pdfs/2025/20030930.pdf,,,,UnitedHealth Group Incorporated Common Stock (UNH) [ST],UnitedHealth Group Incorporated Common Stock (UNH) [ST],P,09/26/2024,08/01/2025,"$1,001 - $15,000","Filing Status: New Comments: This investment is held within a publicly available, widely held independently managed portfolio over which I have no authority to exercise control over or influence the financial interests held by the portfolio. The assets of the portfolio are widely diversified, and all investment decisions are made solely by the independent manager, without my input or direction.","UnitedHealth Group Incorporated Common Stock (UNH) [ST] P 09/26/2024 08/01/2025 $1,001 - $15,000 Filing Status: New Comments: This investment is held within a publicly available, widely held independently managed portfolio over which I have no authority to exercise control over or influence the financial interests held by the portfolio. The assets of the portfolio are widely diversified, and all investment decisions are made solely by the independent manager, without my input or direction.",,,False,100,UNH,accepted,house_ptr_structure+v8_1,False,False,False,09/26/2024,False,,valid_range
20030930,Hon. Ritchie John Torres,Member,NY15,20030930.pdf,2025,121,,US Treasury Note 9128284V9,US Treasury Note 9128284V9,,,GS,P,2024-09-26,2025-08-01,1001.0,15000.0,,"$1,001 - $15,000",valid_range,New,,,,"This investment is held within a publicly available, widely held independently managed portfolio over which I have no authority to exercise control over or influence the financial interests held by the portfolio. The assets of the portfolio are widely diversified, and all investment decisions are made solely by the independent manager, without my input or direction. ID Owner Asset Transaction Type Date Notification Date Amount Cap. Gains > $200?",21,22,table,True,False,,True,0,False,False,98,True,17,False,https://disclosures-clerk.house.gov/public_disc/ptr-pdfs/2025/20030930.pdf,,,,"US Treasury Note 9128284V9 [GS] Filing Status: New Comments: This investment is held within have no authority to exercise control over are widely diversified, and all investment direction.",US Treasury Note 9128284V9 [GS] ID Owner Asset Transaction Type Date Notification Date Amount Cap. Gains > $200?,P n a publicly availa or influence the f decisions are mad,"09/26/2024 able, widely hel financial intere de solely by the",08/01/2025 ld independently m sts held by the po e independent ma,"$1,001 - $15,000 managed portfolio ov ortfolio. The assets of anager, without my in",ID Owner Asset Transaction Type Date Notification Date Amount Cap. Gains > $200?,"US Treasury Note 9128284V9 [GS] P 09/26/2024 08/01/2025 $1,001 - $15,000 Filing Status: New Comments: This investment is held within a publicly available, widely held independently managed portfolio over which I have no authority to exercise control over or influence the financial interests held by the portfolio. The assets of the portfolio are widely diversified, and all investment decisions are made solely by the independent manager, without my input or direction. ID Owner Asset Transaction Type Date Notification Date Amount Cap. Gains > $200?",,,False,98,,not_applicable,,False,False,True,09/26/2024,False,,valid_range
20030930,Hon. Ritchie John Torres,Member,NY15,20030930.pdf,2025,122,,US Treasury Note 9128284V9,US Treasury Note 9128284V9,,,GS,S,2025-07-11,2025-08-01,1001.0,15000.0,,"$1,001 - $15,000",valid_range,New,,,,"This investment is held within a publicly available, widely held independently managed portfolio over which I have no authority to exercise control over or influence the financial interests held by the portfolio. The assets of the portfolio are widely diversified, and all investment decisions are made solely by the independent manager, without my input or direction.",22,22,relaxed_table,True,False,,False,0,False,True,100,True,17,False,https://disclosures-clerk.house.gov/public_disc/ptr-pdfs/2025/20030930.pdf,,,,US Treasury Note 9128284V9 [GS],US Treasury Note 9128284V9 [GS],S,07/11/2025,08/01/2025,"$1,001 - $15,000","Filing Status: New Comments: This investment is held within a publicly available, widely held independently managed portfolio over which I have no authority to exercise control over or influence the financial interests held by the portfolio. The assets of the portfolio are widely diversified, and all investment decisions are made solely by the independent manager, without my input or direction.","US Treasury Note 9128284V9 [GS] S 07/11/2025 08/01/2025 $1,001 - $15,000 Filing Status: New Comments: This investment is held within a publicly available, widely held independently managed portfolio over which I have no authority to exercise control over or influence the financial interests held by the portfolio. The assets of the portfolio are widely diversified, and all investment decisions are made solely by the independent manager, without my input or direction.",,,False,100,,not_applicable,,False,False,False,07/11/2025,False,,valid_range
20030930,Hon. Ritchie John Torres,Member,NY15,20030930.pdf,2025,123,,US Treasury Note 912828P46,US Treasury Note 912828P46,,,GS,S,2025-07-11,2025-08-01,1001.0,15000.0,,"$1,001 - $15,000",valid_range,New,,,,"This investment is held within a publicly available, widely held independently managed portfolio over which I have no authority to exercise control over or influence the financial interests held by the portfolio. The assets of the portfolio are widely diversified, and all investment decisions are made solely by the independent manager, without my input or direction.",22,22,relaxed_table,True,False,,False,0,False,False,100,True,17,False,https://disclosures-clerk.house.gov/public_disc/ptr-pdfs/2025/20030930.pdf,,,,"US Treasury Note 912828P46 [GS] Filing Status: New Comments: This investment is held within have no authority to exercise control over are widely diversified, and all investment direction.",US Treasury Note 912828P46 [GS],S n a publicly availa or influence the f decisions are mad,"07/11/2025 able, widely hel financial intere de solely by the",08/01/2025 ld independently m sts held by the po e independent ma,"$1,001 - $15,000 managed portfolio ov ortfolio. The assets of anager, without my in",,"US Treasury Note 912828P46 [GS] S 07/11/2025 08/01/2025 $1,001 - $15,000 Filing Status: New Comments: This investment is held within a publicly available, widely held independently managed portfolio over which I have no authority to exercise control over or influence the financial interests held by the portfolio. The assets of the portfolio are widely diversified, and all investment decisions are made solely by the independent manager, without my input or direction.",,,False,100,,not_applicable,,False,False,True,07/11/2025,False,,valid_range
20030930,Hon. Ritchie John Torres,Member,NY15,20030930.pdf,2025,124,,US Treasury Note 912828P46,US Treasury Note 912828P46,,,GS,P,2024-09-26,2025-08-01,1001.0,15000.0,,"$1,001 - $15,000",valid_range,New,,,,"This investment is held within a publicly available, widely held independently managed portfolio over which I have no authority to exercise control over or influence the financial interests held by the portfolio. The assets of the portfolio are widely diversified, and all investment decisions are made solely by the independent manager, without my input or direction.",22,22,relaxed_table,True,False,,False,0,False,True,100,True,17,False,https://disclosures-clerk.house.gov/public_disc/ptr-pdfs/2025/20030930.pdf,,,,US Treasury Note 912828P46 [GS],US Treasury Note 912828P46 [GS],P,09/26/2024,08/01/2025,"$1,001 - $15,000","Filing Status: New Comments: This investment is held within a publicly available, widely held independently managed portfolio over which I have no authority to exercise control over or influence the financial interests held by the portfolio. The assets of the portfolio are widely diversified, and all investment decisions are made solely by the independent manager, without my input or direction.","US Treasury Note 912828P46 [GS] P 09/26/2024 08/01/2025 $1,001 - $15,000 Filing Status: New Comments: This investment is held within a publicly available, widely held independently managed portfolio over which I have no authority to exercise control over or influence the financial interests held by the portfolio. The assets of the portfolio are widely diversified, and all investment decisions are made solely by the independent manager, without my input or direction.",,,False,100,,not_applicable,,False,False,False,09/26/2024,False,,valid_range
20030930,Hon. Ritchie John Torres,Member,NY15,20030930.pdf,2025,125,,US Treasury Note 912828P469,US Treasury Note 912828P469,,,GS,P,2024-09-26,2025-08-01,1001.0,15000.0,,"$1,001 - $15,000",valid_range,New,,,,"This investment is held within a publicly available, widely held independently managed portfolio over which I have no authority to exercise control over or influence the financial interests held by the portfolio. The assets of the portfolio are widely diversified, and all investment decisions are made solely by the independent manager, without my input or direction.",22,22,relaxed_table,True,False,,False,0,False,False,100,True,17,False,https://disclosures-clerk.house.gov/public_disc/ptr-pdfs/2025/20030930.pdf,,,,"US Treasury Note 912828P469 [GS] Filing Status: New Comments: This investment is held within have no authority to exercise control over are widely diversified, and all investment direction.",US Treasury Note 912828P469 [GS],P n a publicly availa or influence the f decisions are mad,"09/26/2024 able, widely hel financial intere de solely by the",08/01/2025 ld independently m sts held by the po e independent ma,"$1,001 - $15,000 managed portfolio ov ortfolio. The assets of anager, without my in",,"US Treasury Note 912828P469 [GS] P 09/26/2024 08/01/2025 $1,001 - $15,000 Filing Status: New Comments: This investment is held within a publicly available, widely held independently managed portfolio over which I have no authority to exercise control over or influence the financial interests held by the portfolio. The assets of the portfolio are widely diversified, and all investment decisions are made solely by the independent manager, without my input or direction.",,,False,100,,not_applicable,,False,False,True,09/26/2024,False,,valid_range
20030930,Hon. Ritchie John Torres,Member,NY15,20030930.pdf,2025,126,,US Treasury Note 91282CAE1,US Treasury Note 91282CAE1,,,GS,S,2025-07-11,2025-08-01,1001.0,15000.0,,"$1,001 - $15,000",valid_range,New,,,,"This investment is held within a publicly available, widely held independently managed portfolio over which I have no authority to exercise control over or influence the financial interests held by the portfolio. The assets of the portfolio are widely diversified, and all investment decisions are made solely by the independent manager, without my input or direction.",22,22,relaxed_table,True,False,,False,0,False,True,100,True,17,False,https://disclosures-clerk.house.gov/public_disc/ptr-pdfs/2025/20030930.pdf,,,,US Treasury Note 91282CAE1 [GS],US Treasury Note 91282CAE1 [GS],S,07/11/2025,08/01/2025,"$1,001 - $15,000","Filing Status: New Comments: This investment is held within a publicly available, widely held independently managed portfolio over which I have no authority to exercise control over or influence the financial interests held by the portfolio. The assets of the portfolio are widely diversified, and all investment decisions are made solely by the independent manager, without my input or direction.","US Treasury Note 91282CAE1 [GS] S 07/11/2025 08/01/2025 $1,001 - $15,000 Filing Status: New Comments: This investment is held within a publicly available, widely held independently managed portfolio over which I have no authority to exercise control over or influence the financial interests held by the portfolio. The assets of the portfolio are widely diversified, and all investment decisions are made solely by the independent manager, without my input or direction.",,,False,100,,not_applicable,,False,False,False,07/11/2025,False,,valid_range
20030930,Hon. Ritchie John Torres,Member,NY15,20030930.pdf,2025,127,,US Treasury Note 91282CAE1,US Treasury Note 91282CAE1,,,GS,P,2024-09-26,2025-08-01,1001.0,15000.0,,"$1,001 - $15,000",valid_range,New,,,,"This investment is held within a publicly available, widely held independently managed portfolio over which I have no authority to exercise control over or influence the financial interests held by the portfolio. The assets of the portfolio are widely diversified, and all investment decisions are made solely by the independent manager, without my input or direction.",22,22,relaxed_table,True,False,,False,0,False,False,100,True,17,False,https://disclosures-clerk.house.gov/public_disc/ptr-pdfs/2025/20030930.pdf,,,,"US Treasury Note 91282CAE1 [GS] Filing Status: New Comments: This investment is held within have no authority to exercise control over are widely diversified, and all investment direction.",US Treasury Note 91282CAE1 [GS],P n a publicly availa or influence the f decisions are mad,"09/26/2024 able, widely hel financial intere de solely by the",08/01/2025 ld independently m sts held by the po e independent ma,"$1,001 - $15,000 managed portfolio ov ortfolio. The assets of anager, without my in",,"US Treasury Note 91282CAE1 [GS] P 09/26/2024 08/01/2025 $1,001 - $15,000 Filing Status: New Comments: This investment is held within a publicly available, widely held independently managed portfolio over which I have no authority to exercise control over or influence the financial interests held by the portfolio. The assets of the portfolio are widely diversified, and all investment decisions are made solely by the independent manager, without my input or direction.",,,False,100,,not_applicable,,False,False,True,09/26/2024,False,,valid_range
20030930,Hon. Ritchie John Torres,Member,NY15,20030930.pdf,2025,128,,US Treasury Note 91282CAY7,US Treasury Note 91282CAY7,,,GS,P,2024-09-26,2025-08-01,1001.0,15000.0,,"$1,001 - $15,000",valid_range,New,,,,"This investment is held within a publicly available, widely held independently managed portfolio over which I have no authority to exercise control over or influence the financial interests held by the portfolio. The assets of the portfolio are widely diversified, and all investment decisions are made solely by the independent manager, without my input or direction.",23,23,table,False,False,,False,0,False,True,100,True,17,False,https://disclosures-clerk.house.gov/public_disc/ptr-pdfs/2025/20030930.pdf,,,,US Treasury Note 91282CAY7 [GS],US Treasury Note 91282CAY7 [GS],P,09/26/2024,08/01/2025,"$1,001 - $15,000","Filing Status: New Comments: This investment is held within a publicly available, widely held independently managed portfolio over which I have no authority to exercise control over or influence the financial interests held by the portfolio. The assets of the portfolio are widely diversified, and all investment decisions are made solely by the independent manager, without my input or direction.","US Treasury Note 91282CAY7 [GS] P 09/26/2024 08/01/2025 $1,001 - $15,000 Filing Status: New Comments: This investment is held within a publicly available, widely held independently managed portfolio over which I have no authority to exercise control over or influence the financial interests held by the portfolio. The assets of the portfolio are widely diversified, and all investment decisions are made solely by the independent manager, without my input or direction.",,,False,100,,not_applicable,,False,False,False,09/26/2024,False,,valid_range
20030930,Hon. Ritchie John Torres,Member,NY15,20030930.pdf,2025,129,,US Treasury Note 91282CAY75,US Treasury Note 91282CAY75,,,GS,S,2025-07-11,2025-08-01,1001.0,15000.0,,"$1,001 - $15,000",valid_range,New,,,,"This investment is held within a publicly available, widely held independently managed portfolio over which I have no authority to exercise control over or influence the financial interests held by the portfolio. The assets of the portfolio are widely diversified, and all investment decisions are made solely by the independent manager, without my input or direction.",23,23,table,False,False,,False,0,False,False,100,True,17,False,https://disclosures-clerk.house.gov/public_disc/ptr-pdfs/2025/20030930.pdf,,,,"US Treasury Note 91282CAY75 [GS] Filing Status: New Comments: This investment is held within have no authority to exercise control over are widely diversified, and all investment direction.",US Treasury Note 91282CAY75 [GS],S n a publicly availa or influence the f decisions are mad,"07/11/2025 able, widely hel financial intere de solely by the",08/01/2025 ld independently m sts held by the po e independent ma,"$1,001 - $15,000 managed portfolio ov ortfolio. The assets of anager, without my in",,"US Treasury Note 91282CAY75 [GS] S 07/11/2025 08/01/2025 $1,001 - $15,000 Filing Status: New Comments: This investment is held within a publicly available, widely held independently managed portfolio over which I have no authority to exercise control over or influence the financial interests held by the portfolio. The assets of the portfolio are widely diversified, and all investment decisions are made solely by the independent manager, without my input or direction.",,,False,100,,not_applicable,,False,False,True,07/11/2025,False,,valid_range
20030930,Hon. Ritchie John Torres,Member,NY15,20030930.pdf,2025,130,,US Treasury Note 91282CFF3,US Treasury Note 91282CFF3,,,GS,S,2025-07-11,2025-08-01,1001.0,15000.0,,"$1,001 - $15,000",valid_range,New,,,,"This investment is held within a publicly available, widely held independently managed portfolio over which I have no authority to exercise control over or influence the financial interests held by the portfolio. The assets of the portfolio are widely diversified, and all investment decisions are made solely by the independent manager, without my input or direction.",23,23,table,False,False,,False,0,False,True,100,True,17,False,https://disclosures-clerk.house.gov/public_disc/ptr-pdfs/2025/20030930.pdf,,,,US Treasury Note 91282CFF3 [GS],US Treasury Note 91282CFF3 [GS],S,07/11/2025,08/01/2025,"$1,001 - $15,000","Filing Status: New Comments: This investment is held within a publicly available, widely held independently managed portfolio over which I have no authority to exercise control over or influence the financial interests held by the portfolio. The assets of the portfolio are widely diversified, and all investment decisions are made solely by the independent manager, without my input or direction.","US Treasury Note 91282CFF3 [GS] S 07/11/2025 08/01/2025 $1,001 - $15,000 Filing Status: New Comments: This investment is held within a publicly available, widely held independently managed portfolio over which I have no authority to exercise control over or influence the financial interests held by the portfolio. The assets of the portfolio are widely diversified, and all investment decisions are made solely by the independent manager, without my input or direction.",,,False,100,,not_applicable,,False,False,False,07/11/2025,False,,valid_range
20030930,Hon. Ritchie John Torres,Member,NY15,20030930.pdf,2025,131,,US Treasury Note 91282CFF3,US Treasury Note 91282CFF3,,,GS,P,2024-09-26,2025-08-01,1001.0,15000.0,,"$1,001 - $15,000",valid_range,New,,,,"This investment is held within a publicly available, widely held independently managed portfolio over which I have no authority to exercise control over or influence the financial interests held by the portfolio. The assets of the portfolio are widely diversified, and all investment decisions are made solely by the independent manager, without my input or direction.",23,23,table,False,False,,False,0,False,False,100,True,17,False,https://disclosures-clerk.house.gov/public_disc/ptr-pdfs/2025/20030930.pdf,,,,"US Treasury Note 91282CFF3 [GS] Filing Status: New Comments: This investment is held within have no authority to exercise control over are widely diversified, and all investment direction.",US Treasury Note 91282CFF3 [GS],P n a publicly availa or influence the f decisions are mad,"09/26/2024 able, widely hel financial intere de solely by the",08/01/2025 ld independently m sts held by the po e independent ma,"$1,001 - $15,000 managed portfolio ov ortfolio. The assets of anager, without my in",,"US Treasury Note 91282CFF3 [GS] P 09/26/2024 08/01/2025 $1,001 - $15,000 Filing Status: New Comments: This investment is held within a publicly available, widely held independently managed portfolio over which I have no authority to exercise control over or influence the financial interests held by the portfolio. The assets of the portfolio are widely diversified, and all investment decisions are made solely by the independent manager, without my input or direction.",,,False,100,,not_applicable,,False,False,True,09/26/2024,False,,valid_range
20030930,Hon. Ritchie John Torres,Member,NY15,20030930.pdf,2025,132,,US Treasury Note 91282CFK2,US Treasury Note 91282CFK2,,,GS,P,2024-09-26,2025-08-01,1001.0,15000.0,,"$1,001 - $15,000",valid_range,New,,,,"This investment is held within a publicly available, widely held independently managed portfolio over which I have no authority to exercise control over or influence the financial interests held by the portfolio. The assets of the portfolio are widely diversified, and all investment decisions are made solely by the independent manager, without my input or direction.",23,23,table,False,False,,False,0,False,True,100,True,17,False,https://disclosures-clerk.house.gov/public_disc/ptr-pdfs/2025/20030930.pdf,,,,US Treasury Note 91282CFK2 [GS],US Treasury Note 91282CFK2 [GS],P,09/26/2024,08/01/2025,"$1,001 - $15,000","Filing Status: New Comments: This investment is held within a publicly available, widely held independently managed portfolio over which I have no authority to exercise control over or influence the financial interests held by the portfolio. The assets of the portfolio are widely diversified, and all investment decisions are made solely by the independent manager, without my input or direction.","US Treasury Note 91282CFK2 [GS] P 09/26/2024 08/01/2025 $1,001 - $15,000 Filing Status: New Comments: This investment is held within a publicly available, widely held independently managed portfolio over which I have no authority to exercise control over or influence the financial interests held by the portfolio. The assets of the portfolio are widely diversified, and all investment decisions are made solely by the independent manager, without my input or direction.",,,False,100,,not_applicable,,False,False,False,09/26/2024,False,,valid_range
20030930,Hon. Ritchie John Torres,Member,NY15,20030930.pdf,2025,133,,US Treasury Note 91282CFY2,US Treasury Note 91282CFY2,,,GS,P,2024-09-26,2025-08-01,1001.0,15000.0,,"$1,001 - $15,000",valid_range,New,,,,"This investment is held within a publicly available, widely held independently managed portfolio over which I have no authority to exercise control over or influence the financial interests held by the portfolio. The assets of the portfolio are widely diversified, and all investment decisions are made solely by the independent manager, without my input or direction.",23,23,table,False,False,,False,0,False,False,100,True,17,False,https://disclosures-clerk.house.gov/public_disc/ptr-pdfs/2025/20030930.pdf,,,,"US Treasury Note 91282CFY2 [GS] Filing Status: New Comments: This investment is held within have no authority to exercise control over are widely diversified, and all investment direction.",US Treasury Note 91282CFY2 [GS],P n a publicly availa or influence the f decisions are mad,"09/26/2024 able, widely hel financial intere de solely by the",08/01/2025 ld independently m sts held by the po e independent ma,"$1,001 - $15,000 managed portfolio ov ortfolio. The assets of anager, without my in",,"US Treasury Note 91282CFY2 [GS] P 09/26/2024 08/01/2025 $1,001 - $15,000 Filing Status: New Comments: This investment is held within a publicly available, widely held independently managed portfolio over which I have no authority to exercise control over or influence the financial interests held by the portfolio. The assets of the portfolio are widely diversified, and all investment decisions are made solely by the independent manager, without my input or direction.",,,False,100,,not_applicable,,False,False,True,09/26/2024,False,,valid_range
20030930,Hon. Ritchie John Torres,Member,NY15,20030930.pdf,2025,134,,US Treasury Note 91282CFY2,US Treasury Note 91282CFY2,,,GS,S,2025-07-11,2025-08-01,1001.0,15000.0,,"$1,001 - $15,000",valid_range,New,,,,"This investment is held within a publicly available, widely held independently managed portfolio over which I have no authority to exercise control over or influence the financial interests held by the portfolio. The assets of the portfolio are widely diversified, and all investment decisions are made solely by the independent manager, without my input or direction.",23,24,table,False,False,,True,0,False,True,98,True,17,False,https://disclosures-clerk.house.gov/public_disc/ptr-pdfs/2025/20030930.pdf,,,,US Treasury Note 91282CFY2 [GS],US Treasury Note 91282CFY2 [GS] Type Date Gains > $200?,S,07/11/2025,08/01/2025,"$1,001 - $15,000","Type Date Gains > $200? Filing Status: New Comments: This investment is held within a publicly available, widely held independently managed portfolio over which I have no authority to exercise control over or influence the financial interests held by the portfolio. The assets of the portfolio are widely diversified, and all investment decisions are made solely by the independent manager, without my input or direction.","US Treasury Note 91282CFY2 [GS] S 07/11/2025 08/01/2025 $1,001 - $15,000 Type Date Gains > $200? Filing Status: New Comments: This investment is held within a publicly available, widely held independently managed portfolio over which I have no authority to exercise control over or influence the financial interests held by the portfolio. The assets of the portfolio are widely diversified, and all investment decisions are made solely by the independent manager, without my input or direction.",,,False,98,,not_applicable,,False,False,False,07/11/2025,False,,valid_range
20030930,Hon. Ritchie John Torres,Member,NY15,20030930.pdf,2025,135,,US Treasury Note 91282CGC91,US Treasury Note 91282CGC91,,,GS,P,2025-06-06,2025-08-01,1001.0,15000.0,,"$1,001 - $15,000",valid_range,New,,,,"This investment is held within a publicly available, widely held independently managed portfolio over which I have no authority to exercise control over or influence the financial interests held by the portfolio. The assets of the portfolio are widely diversified, and all investment decisions are made solely by the independent manager, without my input or direction.",24,24,table,False,False,,False,0,False,False,100,True,17,False,https://disclosures-clerk.house.gov/public_disc/ptr-pdfs/2025/20030930.pdf,,,,"US Treasury Note 91282CGC91 [GS] Filing Status: New Comments: This investment is held within have no authority to exercise control over are widely diversified, and all investment direction.",US Treasury Note 91282CGC91 [GS],P n a publicly availa or influence the f decisions are mad,"06/06/2025 able, widely hel financial intere de solely by the",08/01/2025 ld independently m sts held by the po e independent ma,"$1,001 - $15,000 managed portfolio ov ortfolio. The assets of anager, without my in",,"US Treasury Note 91282CGC91 [GS] P 06/06/2025 08/01/2025 $1,001 - $15,000 Filing Status: New Comments: This investment is held within a publicly available, widely held independently managed portfolio over which I have no authority to exercise control over or influence the financial interests held by the portfolio. The assets of the portfolio are widely diversified, and all investment decisions are made solely by the independent manager, without my input or direction.",,,False,100,,not_applicable,,False,False,True,06/06/2025,False,,valid_range
20030930,Hon. Ritchie John Torres,Member,NY15,20030930.pdf,2025,136,,US Treasury Note 91282CGM7,US Treasury Note 91282CGM7,,,GS,S,2025-07-11,2025-08-01,1001.0,15000.0,,"$1,001 - $15,000",valid_range,New,,,,"This investment is held within a publicly available, widely held independently managed portfolio over which I have no authority to exercise control over or influence the financial interests held by the portfolio. The assets of the portfolio are widely diversified, and all investment decisions are made solely by the independent manager, without my input or direction.",24,24,table,False,False,,False,0,False,True,100,True,17,False,https://disclosures-clerk.house.gov/public_disc/ptr-pdfs/2025/20030930.pdf,,,,US Treasury Note 91282CGM7 [GS],US Treasury Note 91282CGM7 [GS],S,07/11/2025,08/01/2025,"$1,001 - $15,000","Filing Status: New Comments: This investment is held within a publicly available, widely held independently managed portfolio over which I have no authority to exercise control over or influence the financial interests held by the portfolio. The assets of the portfolio are widely diversified, and all investment decisions are made solely by the independent manager, without my input or direction.","US Treasury Note 91282CGM7 [GS] S 07/11/2025 08/01/2025 $1,001 - $15,000 Filing Status: New Comments: This investment is held within a publicly available, widely held independently managed portfolio over which I have no authority to exercise control over or influence the financial interests held by the portfolio. The assets of the portfolio are widely diversified, and all investment decisions are made solely by the independent manager, without my input or direction.",,,False,100,,not_applicable,,False,False,False,07/11/2025,False,,valid_range
20030930,Hon. Ritchie John Torres,Member,NY15,20030930.pdf,2025,137,,US Treasury Note 91282CGM7,US Treasury Note 91282CGM7,,,GS,P,2024-09-26,2025-08-01,1001.0,15000.0,,"$1,001 - $15,000",valid_range,New,,,,"This investment is held within a publicly available, widely held independently managed portfolio over which I have no authority to exercise control over or influence the financial interests held by the portfolio. The assets of the portfolio are widely diversified, and all investment decisions are made solely by the independent manager, without my input or direction.",24,24,table,False,False,,False,0,False,False,100,True,17,False,https://disclosures-clerk.house.gov/public_disc/ptr-pdfs/2025/20030930.pdf,,,,"US Treasury Note 91282CGM7 [GS] Filing Status: New Comments: This investment is held within have no authority to exercise control over are widely diversified, and all investment direction.",US Treasury Note 91282CGM7 [GS],P n a publicly availa or influence the f decisions are mad,"09/26/2024 able, widely hel financial intere de solely by the",08/01/2025 ld independently m sts held by the po e independent ma,"$1,001 - $15,000 managed portfolio ov ortfolio. The assets of anager, without my in",,"US Treasury Note 91282CGM7 [GS] P 09/26/2024 08/01/2025 $1,001 - $15,000 Filing Status: New Comments: This investment is held within a publicly available, widely held independently managed portfolio over which I have no authority to exercise control over or influence the financial interests held by the portfolio. The assets of the portfolio are widely diversified, and all investment decisions are made solely by the independent manager, without my input or direction.",,,False,100,,not_applicable,,False,False,True,09/26/2024,False,,valid_range
20030930,Hon. Ritchie John Torres,Member,NY15,20030930.pdf,2025,138,,US Treasury Note 91282CGM7,US Treasury Note 91282CGM7,,,GS,P,2024-12-09,2025-08-01,1001.0,15000.0,,"$1,001 - $15,000",valid_range,New,,,,"This investment is held within a publicly available, widely held independently managed portfolio over which I have no authority to exercise control over or influence the financial interests held by the portfolio. The assets of the portfolio are widely diversified, and all investment decisions are made solely by the independent manager, without my input or direction.",24,24,table,False,False,,False,0,False,True,100,True,17,False,https://disclosures-clerk.house.gov/public_disc/ptr-pdfs/2025/20030930.pdf,,,,US Treasury Note 91282CGM7 [GS],US Treasury Note 91282CGM7 [GS],P,12/09/2024,08/01/2025,"$1,001 - $15,000","Filing Status: New Comments: This investment is held within a publicly available, widely held independently managed portfolio over which I have no authority to exercise control over or influence the financial interests held by the portfolio. The assets of the portfolio are widely diversified, and all investment decisions are made solely by the independent manager, without my input or direction.","US Treasury Note 91282CGM7 [GS] P 12/09/2024 08/01/2025 $1,001 - $15,000 Filing Status: New Comments: This investment is held within a publicly available, widely held independently managed portfolio over which I have no authority to exercise control over or influence the financial interests held by the portfolio. The assets of the portfolio are widely diversified, and all investment decisions are made solely by the independent manager, without my input or direction.",,,False,100,,not_applicable,,False,False,False,12/09/2024,False,,valid_range
20030930,Hon. Ritchie John Torres,Member,NY15,20030930.pdf,2025,139,,US Treasury Note 91282CHA2,US Treasury Note 91282CHA2,,,GS,P,2024-09-26,2025-08-01,1001.0,15000.0,,"$1,001 - $15,000",valid_range,New,,,,"This investment is held within a publicly available, widely held independently managed portfolio over which I have no authority to exercise control over or influence the financial interests held by the portfolio. The assets of the portfolio are widely diversified, and all investment decisions are made solely by the independent manager, without my input or direction.",24,24,table,False,False,,False,0,False,False,100,True,17,False,https://disclosures-clerk.house.gov/public_disc/ptr-pdfs/2025/20030930.pdf,,,,"US Treasury Note 91282CHA2 [GS] Filing Status: New Comments: This investment is held within have no authority to exercise control over are widely diversified, and all investment direction.",US Treasury Note 91282CHA2 [GS],P n a publicly availa or influence the f decisions are mad,"09/26/2024 able, widely hel financial intere de solely by the",08/01/2025 ld independently m sts held by the po e independent ma,"$1,001 - $15,000 managed portfolio ov ortfolio. The assets of anager, without my in",,"US Treasury Note 91282CHA2 [GS] P 09/26/2024 08/01/2025 $1,001 - $15,000 Filing Status: New Comments: This investment is held within a publicly available, widely held independently managed portfolio over which I have no authority to exercise control over or influence the financial interests held by the portfolio. The assets of the portfolio are widely diversified, and all investment decisions are made solely by the independent manager, without my input or direction.",,,False,100,,not_applicable,,False,False,True,09/26/2024,False,,valid_range
20030930,Hon. Ritchie John Torres,Member,NY15,20030930.pdf,2025,140,,US Treasury Note 91282CHA2,US Treasury Note 91282CHA2,,,GS,S,2025-07-11,2025-08-01,1001.0,15000.0,,"$1,001 - $15,000",valid_range,New,,,,"This investment is held within a publicly available, widely held independently managed portfolio over which I have no authority to exercise control over or influence the financial interests held by the portfolio. The assets of the portfolio are widely diversified, and all investment decisions are made solely by the independent manager, without my input or direction.",24,25,table,False,False,,True,0,False,True,98,True,17,False,https://disclosures-clerk.house.gov/public_disc/ptr-pdfs/2025/20030930.pdf,,,,US Treasury Note 91282CHA2 [GS],US Treasury Note 91282CHA2 [GS],S,07/11/2025,08/01/2025,"$1,001 - $15,000","Filing Status: New Comments: This investment is held within a publicly available, widely held independently managed portfolio over which I have no authority to exercise control over or influence the financial interests held by the portfolio. The assets of the portfolio are widely diversified, and all investment decisions are made solely by the independent manager, without my input or direction.","US Treasury Note 91282CHA2 [GS] S 07/11/2025 08/01/2025 $1,001 - $15,000 Filing Status: New Comments: This investment is held within a publicly available, widely held independently managed portfolio over which I have no authority to exercise control over or influence the financial interests held by the portfolio. The assets of the portfolio are widely diversified, and all investment decisions are made solely by the independent manager, without my input or direction.",,,False,98,,not_applicable,,False,False,False,07/11/2025,False,,valid_range
20030930,Hon. Ritchie John Torres,Member,NY15,20030930.pdf,2025,141,,US Treasury Note 91282CKY6,US Treasury Note 91282CKY6,,,GS,S,2025-03-24,2025-08-01,1001.0,15000.0,,"$1,001 - $15,000",valid_range,New,,,,"This investment is held within a publicly available, widely held independently managed portfolio over which I have no authority to exercise control over or influence the financial interests held by the portfolio. The assets of the portfolio are widely diversified, and all investment decisions are made solely by the independent manager, without my input or direction.",25,25,table,False,False,,False,0,False,False,100,True,17,False,https://disclosures-clerk.house.gov/public_disc/ptr-pdfs/2025/20030930.pdf,,,,"US Treasury Note 91282CKY6 [GS] Filing Status: New Comments: This investment is held within have no authority to exercise control over are widely diversified, and all investment direction.",US Treasury Note 91282CKY6 [GS],S n a publicly availa or influence the f decisions are mad,"03/24/2025 able, widely hel financial intere de solely by the",08/01/2025 ld independently m sts held by the po e independent ma,"$1,001 - $15,000 managed portfolio ov ortfolio. The assets of anager, without my in",,"US Treasury Note 91282CKY6 [GS] S 03/24/2025 08/01/2025 $1,001 - $15,000 Filing Status: New Comments: This investment is held within a publicly available, widely held independently managed portfolio over which I have no authority to exercise control over or influence the financial interests held by the portfolio. The assets of the portfolio are widely diversified, and all investment decisions are made solely by the independent manager, without my input or direction.",,,False,100,,not_applicable,,False,False,True,03/24/2025,False,,valid_range
20030930,Hon. Ritchie John Torres,Member,NY15,20030930.pdf,2025,142,,US Treasury Note 91282CKY6,US Treasury Note 91282CKY6,,,GS,P,2024-09-26,2025-08-01,1001.0,15000.0,,"$1,001 - $15,000",valid_range,New,,,,"This investment is held within a publicly available, widely held independently managed portfolio over which I have no authority to exercise control over or influence the financial interests held by the portfolio. The assets of the portfolio are widely diversified, and all investment decisions are made solely by the independent manager, without my input or direction.",25,25,table,False,False,,False,0,False,True,100,True,17,False,https://disclosures-clerk.house.gov/public_disc/ptr-pdfs/2025/20030930.pdf,,,,US Treasury Note 91282CKY6 [GS],US Treasury Note 91282CKY6 [GS],P,09/26/2024,08/01/2025,"$1,001 - $15,000","Filing Status: New Comments: This investment is held within a publicly available, widely held independently managed portfolio over which I have no authority to exercise control over or influence the financial interests held by the portfolio. The assets of the portfolio are widely diversified, and all investment decisions are made solely by the independent manager, without my input or direction.","US Treasury Note 91282CKY6 [GS] P 09/26/2024 08/01/2025 $1,001 - $15,000 Filing Status: New Comments: This investment is held within a publicly available, widely held independently managed portfolio over which I have no authority to exercise control over or influence the financial interests held by the portfolio. The assets of the portfolio are widely diversified, and all investment decisions are made solely by the independent manager, without my input or direction.",,,False,100,,not_applicable,,False,False,False,09/26/2024,False,,valid_range
20030930,Hon. Ritchie John Torres,Member,NY15,20030930.pdf,2025,143,,US Treasury Note 91282CLP4,US Treasury Note 91282CLP4,,,GS,P,2024-10-09,2025-08-01,1001.0,15000.0,,"$1,001 - $15,000",valid_range,New,,,,"This investment is held within a publicly available, widely held independently managed portfolio over which I have no authority to exercise control over or influence the financial interests held by the portfolio. The assets of the portfolio are widely diversified, and all investment decisions are made solely by the independent manager, without my input or direction.",25,25,table,False,False,,False,0,False,False,100,True,17,False,https://disclosures-clerk.house.gov/public_disc/ptr-pdfs/2025/20030930.pdf,,,,"US Treasury Note 91282CLP4 [GS] Filing Status: New Comments: This investment is held within have no authority to exercise control over are widely diversified, and all investment direction.",US Treasury Note 91282CLP4 [GS],P n a publicly availa or influence the f decisions are mad,"10/09/2024 able, widely hel financial intere de solely by the",08/01/2025 ld independently m sts held by the po e independent ma,"$1,001 - $15,000 managed portfolio ov ortfolio. The assets of anager, without my in",,"US Treasury Note 91282CLP4 [GS] P 10/09/2024 08/01/2025 $1,001 - $15,000 Filing Status: New Comments: This investment is held within a publicly available, widely held independently managed portfolio over which I have no authority to exercise control over or influence the financial interests held by the portfolio. The assets of the portfolio are widely diversified, and all investment decisions are made solely by the independent manager, without my input or direction.",,,False,100,,not_applicable,,False,False,True,10/09/2024,False,,valid_range
20030930,Hon. Ritchie John Torres,Member,NY15,20030930.pdf,2025,144,,US Treasury Note 91282CLP4,US Treasury Note 91282CLP4,,,GS,P,2025-02-18,2025-08-01,1001.0,15000.0,,"$1,001 - $15,000",valid_range,New,,,,"This investment is held within a publicly available, widely held independently managed portfolio over which I have no authority to exercise control over or influence the financial interests held by the portfolio. The assets of the portfolio are widely diversified, and all investment decisions are made solely by the independent manager, without my input or direction.",25,25,table,False,False,,False,0,False,True,100,True,17,False,https://disclosures-clerk.house.gov/public_disc/ptr-pdfs/2025/20030930.pdf,,,,US Treasury Note 91282CLP4 [GS],US Treasury Note 91282CLP4 [GS],P,02/18/2025,08/01/2025,"$1,001 - $15,000","Filing Status: New Comments: This investment is held within a publicly available, widely held independently managed portfolio over which I have no authority to exercise control over or influence the financial interests held by the portfolio. The assets of the portfolio are widely diversified, and all investment decisions are made solely by the independent manager, without my input or direction.","US Treasury Note 91282CLP4 [GS] P 02/18/2025 08/01/2025 $1,001 - $15,000 Filing Status: New Comments: This investment is held within a publicly available, widely held independently managed portfolio over which I have no authority to exercise control over or influence the financial interests held by the portfolio. The assets of the portfolio are widely diversified, and all investment decisions are made solely by the independent manager, without my input or direction.",,,False,100,,not_applicable,,False,False,False,02/18/2025,False,,valid_range
20030930,Hon. Ritchie John Torres,Member,NY15,20030930.pdf,2025,145,,US Treasury Note 91282CLP40,US Treasury Note 91282CLP40,,,GS,S,2025-06-06,2025-08-01,1001.0,15000.0,,"$1,001 - $15,000",valid_range,New,,,,"This investment is held within a publicly available, widely held independently managed portfolio over which I have no authority to exercise control over or influence the financial interests held by the portfolio. The assets of the portfolio are widely diversified, and all investment decisions are made solely by the independent manager, without my input or direction.",25,25,table,False,False,,False,0,False,False,100,True,17,False,https://disclosures-clerk.house.gov/public_disc/ptr-pdfs/2025/20030930.pdf,,,,"US Treasury Note 91282CLP40 [GS] Filing Status: New Comments: This investment is held within have no authority to exercise control over are widely diversified, and all investment direction.",US Treasury Note 91282CLP40 [GS],S n a publicly availa or influence the f decisions are mad,"06/06/2025 able, widely hel financial intere de solely by the",08/01/2025 ld independently m sts held by the po e independent ma,"$1,001 - $15,000 managed portfolio ov ortfolio. The assets of anager, without my in",,"US Treasury Note 91282CLP40 [GS] S 06/06/2025 08/01/2025 $1,001 - $15,000 Filing Status: New Comments: This investment is held within a publicly available, widely held independently managed portfolio over which I have no authority to exercise control over or influence the financial interests held by the portfolio. The assets of the portfolio are widely diversified, and all investment decisions are made solely by the independent manager, without my input or direction.",,,False,100,,not_applicable,,False,False,True,06/06/2025,False,,valid_range
20030930,Hon. Ritchie John Torres,Member,NY15,20030930.pdf,2025,146,,US Treasury Note 91282CMP3,US Treasury Note 91282CMP3,,,GS,S,2025-07-11,2025-08-01,1001.0,15000.0,,"$1,001 - $15,000",valid_range,New $200?,,,,"This investment is held within a publicly available, widely held independently managed portfolio over which I have no authority to exercise control over or influence the financial interests held by the portfolio. The assets of the portfolio are widely diversified, and all investment decisions are made solely by the independent manager, without my input or direction.",25,26,table,False,False,,True,0,False,True,98,True,17,False,https://disclosures-clerk.house.gov/public_disc/ptr-pdfs/2025/20030930.pdf,,,,US Treasury Note 91282CMP3 [GS],US Treasury Note 91282CMP3 [GS],S,07/11/2025,08/01/2025,"$1,001 - $15,000","Filing Status: New $200? Comments: This investment is held within a publicly available, widely held independently managed portfolio over which I have no authority to exercise control over or influence the financial interests held by the portfolio. The assets of the portfolio are widely diversified, and all investment decisions are made solely by the independent manager, without my input or direction.","US Treasury Note 91282CMP3 [GS] S 07/11/2025 08/01/2025 $1,001 - $15,000 Filing Status: New $200? Comments: This investment is held within a publicly available, widely held independently managed portfolio over which I have no authority to exercise control over or influence the financial interests held by the portfolio. The assets of the portfolio are widely diversified, and all investment decisions are made solely by the independent manager, without my input or direction.",,,False,98,,not_applicable,,False,False,False,07/11/2025,False,,valid_range
20030930,Hon. Ritchie John Torres,Member,NY15,20030930.pdf,2025,147,,US Treasury Note 91282CMP3,US Treasury Note 91282CMP3,,,GS,P,2025-03-24,2025-08-01,1001.0,15000.0,,"$1,001 - $15,000",valid_range,New,,,,"This investment is held within a publicly available, widely held independently managed portfolio over which I have no authority to exercise control over or influence the financial interests held by the portfolio. The assets of the portfolio are widely diversified, and all investment decisions are made solely by the independent manager, without my input or direction.",26,26,table,False,False,,False,0,False,False,100,True,17,False,https://disclosures-clerk.house.gov/public_disc/ptr-pdfs/2025/20030930.pdf,,,,"US Treasury Note 91282CMP3 [GS] Filing Status: New Comments: This investment is held within have no authority to exercise control over are widely diversified, and all investment direction.",US Treasury Note 91282CMP3 [GS],P n a publicly availa or influence the f decisions are mad,"03/24/2025 able, widely hel financial intere de solely by the",08/01/2025 ld independently m sts held by the po e independent ma,"$1,001 - $15,000 managed portfolio ov ortfolio. The assets of anager, without my in",,"US Treasury Note 91282CMP3 [GS] P 03/24/2025 08/01/2025 $1,001 - $15,000 Filing Status: New Comments: This investment is held within a publicly available, widely held independently managed portfolio over which I have no authority to exercise control over or influence the financial interests held by the portfolio. The assets of the portfolio are widely diversified, and all investment decisions are made solely by the independent manager, without my input or direction.",,,False,100,,not_applicable,,False,False,True,03/24/2025,False,,valid_range
20030930,Hon. Ritchie John Torres,Member,NY15,20030930.pdf,2025,148,,US Treasury Note 91282CMU26,US Treasury Note 91282CMU26,,,GS,P,2025-06-06,2025-08-01,1001.0,15000.0,,"$1,001 - $15,000",valid_range,New,,,,"This investment is held within a publicly available, widely held independently managed portfolio over which I have no authority to exercise control over or influence the financial interests held by the portfolio. The assets of the portfolio are widely diversified, and all investment decisions are made solely by the independent manager, without my input or direction.",26,26,table,False,False,,False,0,False,True,100,True,17,False,https://disclosures-clerk.house.gov/public_disc/ptr-pdfs/2025/20030930.pdf,,,,US Treasury Note 91282CMU26 [GS],US Treasury Note 91282CMU26 [GS],P,06/06/2025,08/01/2025,"$1,001 - $15,000","Filing Status: New Comments: This investment is held within a publicly available, widely held independently managed portfolio over which I have no authority to exercise control over or influence the financial interests held by the portfolio. The assets of the portfolio are widely diversified, and all investment decisions are made solely by the independent manager, without my input or direction.","US Treasury Note 91282CMU26 [GS] P 06/06/2025 08/01/2025 $1,001 - $15,000 Filing Status: New Comments: This investment is held within a publicly available, widely held independently managed portfolio over which I have no authority to exercise control over or influence the financial interests held by the portfolio. The assets of the portfolio are widely diversified, and all investment decisions are made solely by the independent manager, without my input or direction.",,,False,100,,not_applicable,,False,False,False,06/06/2025,False,,valid_range
20030930,Hon. Ritchie John Torres,Member,NY15,20030930.pdf,2025,149,,US Treasury Note 91282CNE7,US Treasury Note 91282CNE7,,,GS,S,2025-07-11,2025-08-01,1001.0,15000.0,,"$1,001 - $15,000",valid_range,New,,,,"This investment is held within a publicly available, widely held independently managed portfolio over which I have no authority to exercise control over or influence the financial interests held by the portfolio. The assets of the portfolio are widely diversified, and all investment decisions are made solely by the independent manager, without my input or direction.",26,26,table,False,False,,False,0,False,False,100,True,17,False,https://disclosures-clerk.house.gov/public_disc/ptr-pdfs/2025/20030930.pdf,,,,"US Treasury Note 91282CNE7 [GS] Filing Status: New Comments: This investment is held within have no authority to exercise control over are widely diversified, and all investment direction.",US Treasury Note 91282CNE7 [GS],S n a publicly availa or influence the f decisions are mad,"07/11/2025 able, widely hel financial intere de solely by the",08/01/2025 ld independently m sts held by the po e independent ma,"$1,001 - $15,000 managed portfolio ov ortfolio. The assets of anager, without my in",,"US Treasury Note 91282CNE7 [GS] S 07/11/2025 08/01/2025 $1,001 - $15,000 Filing Status: New Comments: This investment is held within a publicly available, widely held independently managed portfolio over which I have no authority to exercise control over or influence the financial interests held by the portfolio. The assets of the portfolio are widely diversified, and all investment decisions are made solely by the independent manager, without my input or direction.",,,False,100,,not_applicable,,False,False,True,07/11/2025,False,,valid_range
20030930,Hon. Ritchie John Torres,Member,NY15,20030930.pdf,2025,150,,US Treasury Note 91282CNG2,US Treasury Note 91282CNG2,,,GS,S,2025-07-11,2025-08-01,1001.0,15000.0,,"$1,001 - $15,000",valid_range,New,,,,"This investment is held within a publicly available, widely held independently managed portfolio over which I have no authority to exercise control over or influence the financial interests held by the portfolio. The assets of the portfolio are widely diversified, and all investment decisions are made solely by the independent manager, without my input or direction.",26,26,table,False,False,,False,0,False,True,100,True,17,False,https://disclosures-clerk.house.gov/public_disc/ptr-pdfs/2025/20030930.pdf,,,,US Treasury Note 91282CNG2 [GS],US Treasury Note 91282CNG2 [GS],S,07/11/2025,08/01/2025,"$1,001 - $15,000","Filing Status: New Comments: This investment is held within a publicly available, widely held independently managed portfolio over which I have no authority to exercise control over or influence the financial interests held by the portfolio. The assets of the portfolio are widely diversified, and all investment decisions are made solely by the independent manager, without my input or direction.","US Treasury Note 91282CNG2 [GS] S 07/11/2025 08/01/2025 $1,001 - $15,000 Filing Status: New Comments: This investment is held within a publicly available, widely held independently managed portfolio over which I have no authority to exercise control over or influence the financial interests held by the portfolio. The assets of the portfolio are widely diversified, and all investment decisions are made solely by the independent manager, without my input or direction.",,,False,100,,not_applicable,,False,False,False,07/11/2025,False,,valid_range
20030930,Hon. Ritchie John Torres,Member,NY15,20030930.pdf,2025,151,,Verizon Communications Inc. Common Stock,Verizon Communications Inc. Common Stock,VZ,VZ,ST,S,2025-07-11,2025-08-01,1001.0,15000.0,,"$1,001 - $15,000",valid_range,New,,,,"This investment is held within a publicly available, widely held independently managed portfolio over which I have no authority to exercise control over or influence the financial interests held by the portfolio. The assets of the portfolio are widely diversified, and all investment decisions are made solely by the independent manager, without my input or direction.",26,26,table,False,False,,False,0,False,False,100,True,17,False,https://disclosures-clerk.house.gov/public_disc/ptr-pdfs/2025/20030930.pdf,,,,"Verizon Communications Inc. Common Stock (VZ) [ST] Filing Status: New Comments: This investment is held within have no authority to exercise control over are widely diversified, and all investment direction.",Verizon Communications Inc. Common Stock (VZ) [ST],S n a publicly availa or influence the f decisions are mad,"07/11/2025 able, widely hel financial intere de solely by the",08/01/2025 ld independently m sts held by the po e independent ma,"$1,001 - $15,000 managed portfolio ov ortfolio. The assets of anager, without my in",,"Verizon Communications Inc. Common Stock (VZ) [ST] S 07/11/2025 08/01/2025 $1,001 - $15,000 Filing Status: New Comments: This investment is held within a publicly available, widely held independently managed portfolio over which I have no authority to exercise control over or influence the financial interests held by the portfolio. The assets of the portfolio are widely diversified, and all investment decisions are made solely by the independent manager, without my input or direction.",,,False,100,VZ,accepted,house_ptr_structure+v8_1,False,False,True,07/11/2025,False,,valid_range
20030930,Hon. Ritchie John Torres,Member,NY15,20030930.pdf,2025,152,,VICI Properties Inc. Common Stock,VICI Properties Inc. Common Stock,VICI,VICI,ST,S,2025-07-11,2025-08-01,1001.0,15000.0,,"$1,001 - $15,000",valid_range,New $200?,,,,"This investment is held within a publicly available, widely held independently managed portfolio over which I have no authority to exercise control over or influence the financial interests held by the portfolio. The assets of the portfolio are widely diversified, and all investment decisions are made solely by the independent manager, without my input or direction.",26,27,table,False,False,,True,0,False,True,98,True,17,False,https://disclosures-clerk.house.gov/public_disc/ptr-pdfs/2025/20030930.pdf,,,,VICI Properties Inc. Common Stock (VICI) [ST],VICI Properties Inc. Common Stock (VICI) [ST],S,07/11/2025,08/01/2025,"$1,001 - $15,000","Filing Status: New $200? Comments: This investment is held within a publicly available, widely held independently managed portfolio over which I have no authority to exercise control over or influence the financial interests held by the portfolio. The assets of the portfolio are widely diversified, and all investment decisions are made solely by the independent manager, without my input or direction.","VICI Properties Inc. Common Stock (VICI) [ST] S 07/11/2025 08/01/2025 $1,001 - $15,000 Filing Status: New $200? Comments: This investment is held within a publicly available, widely held independently managed portfolio over which I have no authority to exercise control over or influence the financial interests held by the portfolio. The assets of the portfolio are widely diversified, and all investment decisions are made solely by the independent manager, without my input or direction.",,,False,98,VICI,accepted,house_ptr_structure+v8_1,False,False,False,07/11/2025,False,,valid_range
20030930,Hon. Ritchie John Torres,Member,NY15,20030930.pdf,2025,153,,Walmart Inc. Common Stock,Walmart Inc. Common Stock,WMT,WMT,ST,S,2025-07-11,2025-08-01,1001.0,15000.0,,"$1,001 - $15,000",valid_range,New,,,,"This investment is held within a publicly available, widely held independently managed portfolio over which I have no authority to exercise control over or influence the financial interests held by the portfolio. The assets of the portfolio are widely diversified, and all investment decisions are made solely by the independent manager, without my input or direction.",27,27,table,False,False,,False,0,False,False,100,True,17,False,https://disclosures-clerk.house.gov/public_disc/ptr-pdfs/2025/20030930.pdf,,,,"Walmart Inc. Common Stock (WMT) [ST] Filing Status: New Comments: This investment is held within have no authority to exercise control over are widely diversified, and all investment direction.",Walmart Inc. Common Stock (WMT) [ST],S n a publicly availa or influence the f decisions are mad,"07/11/2025 able, widely hel financial intere de solely by the",08/01/2025 ld independently m sts held by the po e independent ma,"$1,001 - $15,000 managed portfolio ov ortfolio. The assets of anager, without my in",,"Walmart Inc. Common Stock (WMT) [ST] S 07/11/2025 08/01/2025 $1,001 - $15,000 Filing Status: New Comments: This investment is held within a publicly available, widely held independently managed portfolio over which I have no authority to exercise control over or influence the financial interests held by the portfolio. The assets of the portfolio are widely diversified, and all investment decisions are made solely by the independent manager, without my input or direction.",,,False,100,WMT,accepted,house_ptr_structure+v8_1,False,False,True,07/11/2025,False,,valid_range
20030930,Hon. Ritchie John Torres,Member,NY15,20030930.pdf,2025,154,,"Waste Connections, Inc. Common Shares","Waste Connections, Inc. Common Shares",WCN,WCN,ST,S,2025-07-11,2025-08-01,1001.0,15000.0,,"$1,001 - $15,000",valid_range,New,,,,"This investment is held within a publicly available, widely held independently managed portfolio over which I have no authority to exercise control over or influence the financial interests held by the portfolio. The assets of the portfolio are widely diversified, and all investment decisions are made solely by the independent manager, without my input or direction.",27,27,table,False,False,,False,0,False,True,100,True,17,False,https://disclosures-clerk.house.gov/public_disc/ptr-pdfs/2025/20030930.pdf,,,,"Waste Connections, Inc. Common Shares (WCN) [ST]","Waste Connections, Inc. Common Shares (WCN) [ST]",S,07/11/2025,08/01/2025,"$1,001 - $15,000","Filing Status: New Comments: This investment is held within a publicly available, widely held independently managed portfolio over which I have no authority to exercise control over or influence the financial interests held by the portfolio. The assets of the portfolio are widely diversified, and all investment decisions are made solely by the independent manager, without my input or direction.","Waste Connections, Inc. Common Shares (WCN) [ST] S 07/11/2025 08/01/2025 $1,001 - $15,000 Filing Status: New Comments: This investment is held within a publicly available, widely held independently managed portfolio over which I have no authority to exercise control over or influence the financial interests held by the portfolio. The assets of the portfolio are widely diversified, and all investment decisions are made solely by the independent manager, without my input or direction.",,,False,100,WCN,accepted,house_ptr_structure+v8_1,False,False,False,07/11/2025,False,,valid_range
20030930,Hon. Ritchie John Torres,Member,NY15,20030930.pdf,2025,155,,"Williams Companies, Inc.","Williams Companies, Inc.",WMB,WMB,ST,S,2025-07-11,2025-08-01,1001.0,15000.0,,"$1,001 - $15,000",valid_range,New,,,,"This investment is held within a publicly available, widely held independently managed portfolio over which I have no authority to exercise control over or influence the financial interests held by the portfolio. The assets of the portfolio are widely diversified, and all investment decisions are made solely by the independent manager, without my input or direction.",27,27,table,False,False,,False,0,False,False,100,True,17,False,https://disclosures-clerk.house.gov/public_disc/ptr-pdfs/2025/20030930.pdf,,,,"Williams Companies, Inc. (WMB) [ST] Filing Status: New Comments: This investment is held within have no authority to exercise control over are widely diversified, and all investment direction.","Williams Companies, Inc. (WMB) [ST]",S n a publicly availa or influence the f decisions are mad,"07/11/2025 able, widely hel financial intere de solely by the",08/01/2025 ld independently m sts held by the po e independent ma,"$1,001 - $15,000 managed portfolio ov ortfolio. The assets of anager, without my in",,"Williams Companies, Inc. (WMB) [ST] S 07/11/2025 08/01/2025 $1,001 - $15,000 Filing Status: New Comments: This investment is held within a publicly available, widely held independently managed portfolio over which I have no authority to exercise control over or influence the financial interests held by the portfolio. The assets of the portfolio are widely diversified, and all investment decisions are made solely by the independent manager, without my input or direction.",,,False,100,WMB,accepted,house_ptr_structure+v8_1,False,False,True,07/11/2025,False,,valid_range
20030930,Hon. Ritchie John Torres,Member,NY15,20030930.pdf,2025,156,,"Williams Companies, Inc.","Williams Companies, Inc.",WMB,WMB,ST,P,2024-09-26,2025-08-01,1001.0,15000.0,,"$1,001 - $15,000",valid_range,New,,,,"This investment is held within a publicly available, widely held independently managed portfolio over which I have no authority to exercise control over or influence the financial interests held by the portfolio. The assets of the portfolio are widely diversified, and all investment decisions are made solely by the independent manager, without my input or direction.",27,27,table,False,False,,False,0,False,True,100,True,17,False,https://disclosures-clerk.house.gov/public_disc/ptr-pdfs/2025/20030930.pdf,,,,"Williams Companies, Inc. (WMB) [ST]","Williams Companies, Inc. (WMB) [ST]",P,09/26/2024,08/01/2025,"$1,001 - $15,000","Filing Status: New Comments: This investment is held within a publicly available, widely held independently managed portfolio over which I have no authority to exercise control over or influence the financial interests held by the portfolio. The assets of the portfolio are widely diversified, and all investment decisions are made solely by the independent manager, without my input or direction.","Williams Companies, Inc. (WMB) [ST] P 09/26/2024 08/01/2025 $1,001 - $15,000 Filing Status: New Comments: This investment is held within a publicly available, widely held independently managed portfolio over which I have no authority to exercise control over or influence the financial interests held by the portfolio. The assets of the portfolio are widely diversified, and all investment decisions are made solely by the independent manager, without my input or direction.",,,False,100,WMB,accepted,house_ptr_structure+v8_1,False,False,False,09/26/2024,False,,valid_range
