filing_id,politician,member_status,state_district,source_pdf,source_year,transaction_number_in_filing,owner,asset_v8_2_cleaned,asset_v8_1,ticker_v8_2_cleaned,ticker_v8_1,asset_type,transaction_type,transaction_date,notification_date,amount_min,amount_max,amount_exact,amount_category,amount_status,filing_status,subholding,location,description,comments,page,last_page,page_parse_method,page_recovery_used,filing_page_completeness_issue,suspected_missed_pages,page_continuation_used,duplicate_geometry_rows_merged,possible_adjacent_same_signature,row_shaded,geometry_quality_score,unicode_repair_applied,unicode_repair_count,needs_review,original_pdf_url,review_level,review_reason,owner_raw,asset_raw,asset_lookup_context,transaction_type_raw,transaction_date_raw,notification_date_raw,amount_raw,continuation_raw,detail_raw,review_reason_v8_1,review_level_v8_1,needs_review_v8_1,geometry_quality_score_v8_1,ticker_candidate_raw,ticker_parse_status,ticker_validation_source,ticker_changed,asset_changed_by_ticker_resolver,raw_date_has_extra_text,raw_date_prefix,date_prefix_disagrees,amount_exact_before_p2,amount_status_before_p2
20032149,Hon. Sheri Biggs,Member,SC03,20032149.pdf,2025,1,SP,"Air Products and Chemicals, Inc. Common Stock","Air Products and Chemicals, Inc. Common Stock",APD,APD,ST,S,2025-03-18,2025-08-11,15001.0,50000.0,,"$15,001 - $50,000",valid_range,New,W.S.B Trust > UBS Financial Services Inc 35,,Professionally managed account.,,1,1,table,False,False,,False,0,False,False,100,True,30,False,https://disclosures-clerk.house.gov/public_disc/ptr-pdfs/2025/20032149.pdf,,,SP,"Air Products and Chemicals, Inc. Common Stock (APD) [ST] Filing Status: New Subholding Of: W.S.B Trust > UBS Fina Description: Professionally managed acc","Air Products and Chemicals, Inc. Common Stock (APD) [ST]",S ancial Services Inc count.,03/18/2025 c 35,08/11/2025,"$15,001 - $50,000",,"SP Air Products and Chemicals, Inc. Common Stock (APD) [ST] S 03/18/2025 08/11/2025 $15,001 - $50,000 Filing Status: New Subholding Of: W.S.B Trust > UBS Financial Services Inc 35 Description: Professionally managed account.",,,False,100,APD,accepted,house_ptr_structure+v8_1,False,False,True,03/18/2025,False,,valid_range
20032149,Hon. Sheri Biggs,Member,SC03,20032149.pdf,2025,2,SP,Alibaba Group Holding Limited American Depositary Shares each representing eight Ordinary share,Alibaba Group Holding Limited American Depositary Shares each representing eight Ordinary share,BABA,BABA,ST,S,2025-03-18,2025-08-11,1001.0,15000.0,,"$1,001 - $15,000",valid_range,New,W.S.B Trust > UBS Financial Services Inc 35,,Professionally managed account.,,1,1,table,False,False,,False,0,False,True,100,True,30,False,https://disclosures-clerk.house.gov/public_disc/ptr-pdfs/2025/20032149.pdf,,,SP,Alibaba Group Holding Limited American Depositary Shares each representing eight Ordinary share (BABA) [ST],Alibaba Group Holding Limited American Depositary Shares each representing eight Ordinary share (BABA) [ST],S,03/18/2025,08/11/2025,"$1,001 - $15,000",Filing Status: New Subholding Of: W.S.B Trust > UBS Financial Services Inc 35 Description: Professionally managed account.,"SP Alibaba Group Holding Limited American Depositary Shares each representing eight Ordinary share (BABA) [ST] S 03/18/2025 08/11/2025 $1,001 - $15,000 Filing Status: New Subholding Of: W.S.B Trust > UBS Financial Services Inc 35 Description: Professionally managed account.",,,False,100,BABA,accepted,house_ptr_structure+v8_1,False,False,False,03/18/2025,False,,valid_range
20032149,Hon. Sheri Biggs,Member,SC03,20032149.pdf,2025,3,SP,"Altria Group, Inc.","Altria Group, Inc.",MO,MO,ST,S,2025-03-19,2025-08-11,1001.0,15000.0,,"$1,001 - $15,000",valid_range,New,W.S.B Trust > UBS Financial Services Inc 36,,Professionally managed account.,,1,1,table,False,False,,False,0,False,False,100,True,30,False,https://disclosures-clerk.house.gov/public_disc/ptr-pdfs/2025/20032149.pdf,,,SP,"Altria Group, Inc. (MO) [ST] Filing Status: New Subholding Of: W.S.B Trust > UBS Fina Description: Professionally managed acc","Altria Group, Inc. (MO) [ST]",S ancial Services Inc count.,03/19/2025 c 36,08/11/2025,"$1,001 - $15,000",,"SP Altria Group, Inc. (MO) [ST] S 03/19/2025 08/11/2025 $1,001 - $15,000 Filing Status: New Subholding Of: W.S.B Trust > UBS Financial Services Inc 36 Description: Professionally managed account.",,,False,100,MO,accepted,house_ptr_structure+v8_1,False,False,True,03/19/2025,False,,valid_range
20032149,Hon. Sheri Biggs,Member,SC03,20032149.pdf,2025,4,SP,"America Movil, S.A.B. de C.V. American Depositary Shares","America Movil, S.A.B. de C.V. American Depositary Shares",AMX,AMX,ST,S,2025-03-18,2025-08-11,1001.0,15000.0,,"$1,001 - $15,000",valid_range,New,W.S.B Trust > UBS Financial Services Inc 35,,Professionally managed account.,,1,1,table,False,False,,False,0,False,True,100,True,30,False,https://disclosures-clerk.house.gov/public_disc/ptr-pdfs/2025/20032149.pdf,,,SP,"America Movil, S.A.B. de C.V. American Depositary Shares (AMX) [ST]","America Movil, S.A.B. de C.V. American Depositary Shares (AMX) [ST]",S,03/18/2025,08/11/2025,"$1,001 - $15,000",Filing Status: New Subholding Of: W.S.B Trust > UBS Financial Services Inc 35 Description: Professionally managed account.,"SP America Movil, S.A.B. de C.V. American Depositary Shares (AMX) [ST] S 03/18/2025 08/11/2025 $1,001 - $15,000 Filing Status: New Subholding Of: W.S.B Trust > UBS Financial Services Inc 35 Description: Professionally managed account.",,,False,100,AMX,accepted,house_ptr_structure+v8_1,False,False,False,03/18/2025,False,,valid_range
20032149,Hon. Sheri Biggs,Member,SC03,20032149.pdf,2025,5,SP,Anhui Conch Cement Unsponsored ADR representing Shares -H,Anhui Conch Cement Unsponsored ADR representing Shares -H,AHCHY,AHCHY,ST,S,2025-03-18,2025-08-11,1001.0,15000.0,,"$1,001 - $15,000",valid_range,New,W.S.B Trust > UBS Financial Services Inc 35,,Professionally managed account.,,1,2,table,False,False,,True,0,False,False,98,True,30,False,https://disclosures-clerk.house.gov/public_disc/ptr-pdfs/2025/20032149.pdf,,,SP,Anhui Conch Cement Unsponsored ADR representing Shares -H- (AHCHY) [ST] Filing Status: New,Anhui Conch Cement Unsponsored ADR representing Shares -H- (AHCHY) [ST] Subholding Of: W.S.B Trust > UBS Financial Services Inc 35 Description: Professionally managed account.,S,03/18/2025,08/11/2025,"$1,001 - $15,000",Subholding Of: W.S.B Trust > UBS Financial Services Inc 35 Description: Professionally managed account.,"SP Anhui Conch Cement Unsponsored ADR representing Shares -H- (AHCHY) [ST] S 03/18/2025 08/11/2025 $1,001 - $15,000 Filing Status: New Subholding Of: W.S.B Trust > UBS Financial Services Inc 35 Description: Professionally managed account.",,,False,98,AHCHY,accepted,house_ptr_structure+v8_1,False,False,False,03/18/2025,False,,valid_range
20032149,Hon. Sheri Biggs,Member,SC03,20032149.pdf,2025,6,SP,Apollo Debt Solutions BDC Class S,Apollo Debt Solutions BDC Class S,,,OT,P,2025-01-06,2025-08-11,1001.0,15000.0,,"$1,001 - $15,000",valid_range,New,UBS Financial Services > 95,US,Dividend reinvestment in a professionally managed account – Business Development Company.,,2,2,table,False,False,,False,0,False,True,100,True,37,False,https://disclosures-clerk.house.gov/public_disc/ptr-pdfs/2025/20032149.pdf,,,SP,Apollo Debt Solutions BDC Class S [OT],Apollo Debt Solutions BDC Class S [OT],P,01/06/2025,08/11/2025,"$1,001 - $15,000",Filing Status: New Subholding Of: UBS Financial Services > 95 Location: US Description: Dividend reinvestment in a professionally managed account – Business Development Company.,"SP Apollo Debt Solutions BDC Class S [OT] P 01/06/2025 08/11/2025 $1,001 - $15,000 Filing Status: New Subholding Of: UBS Financial Services > 95 Location: US Description: Dividend reinvestment in a professionally managed account – Business Development Company.",,,False,100,,not_applicable,,False,False,False,01/06/2025,False,,valid_range
20032149,Hon. Sheri Biggs,Member,SC03,20032149.pdf,2025,7,SP,Apollo Debt Solutions BDC Class S,Apollo Debt Solutions BDC Class S,,,OT,P,2025-02-03,2025-08-11,1001.0,15000.0,,"$1,001 - $15,000",valid_range,New,UBS Financial Services > 95,US,Dividend reinvestment in a professionally managed account – Business Development Company.,,2,2,table,False,False,,False,0,False,False,100,True,37,False,https://disclosures-clerk.house.gov/public_disc/ptr-pdfs/2025/20032149.pdf,,,SP,Apollo Debt Solutions BDC Class S [OT] Filing Status: New Subholding Of: UBS Financial Services > Location: US Description: Dividend reinvestment in a,Apollo Debt Solutions BDC Class S [OT],P > 95 professionally m,02/03/2025 anaged accoun,08/11/2025 nt – Business Deve,"$1,001 - $15,000 elopment Company.",,"SP Apollo Debt Solutions BDC Class S [OT] P 02/03/2025 08/11/2025 $1,001 - $15,000 Filing Status: New Subholding Of: UBS Financial Services > 95 Location: US Description: Dividend reinvestment in a professionally managed account – Business Development Company.",,,False,100,,not_applicable,,False,False,True,02/03/2025,False,,valid_range
20032149,Hon. Sheri Biggs,Member,SC03,20032149.pdf,2025,8,SP,Apollo Debt Solutions BDC Class S,Apollo Debt Solutions BDC Class S,,,OT,P,2025-04-01,2025-08-11,1001.0,15000.0,,"$1,001 - $15,000",valid_range,New,UBS Financial Services > 95,US,Dividend reinvestment in a professionally managed account – Business Development Company.,,2,2,table,False,False,,False,0,False,True,100,True,37,False,https://disclosures-clerk.house.gov/public_disc/ptr-pdfs/2025/20032149.pdf,,,SP,Apollo Debt Solutions BDC Class S [OT],Apollo Debt Solutions BDC Class S [OT],P,04/01/2025,08/11/2025,"$1,001 - $15,000",Filing Status: New Subholding Of: UBS Financial Services > 95 Location: US Description: Dividend reinvestment in a professionally managed account – Business Development Company.,"SP Apollo Debt Solutions BDC Class S [OT] P 04/01/2025 08/11/2025 $1,001 - $15,000 Filing Status: New Subholding Of: UBS Financial Services > 95 Location: US Description: Dividend reinvestment in a professionally managed account – Business Development Company.",,,False,100,,not_applicable,,False,False,False,04/01/2025,False,,valid_range
20032149,Hon. Sheri Biggs,Member,SC03,20032149.pdf,2025,9,SP,Apollo Debt Solutions BDC Class S,Apollo Debt Solutions BDC Class S,,,OT,P,2025-05-01,2025-08-11,1001.0,15000.0,,"$1,001 - $15,000",valid_range,New,W.S.B Trust > UBS Financial Services 26,US,Dividend reinvestment in a professionally managed account – Business Development Company.,,2,2,table,False,False,,False,0,False,False,100,True,37,False,https://disclosures-clerk.house.gov/public_disc/ptr-pdfs/2025/20032149.pdf,,,SP,Apollo Debt Solutions BDC Class S [OT] Filing Status: New Subholding Of: W.S.B Trust > UBS Fina Location: US Description: Dividend reinvestment in a,Apollo Debt Solutions BDC Class S [OT],P ancial Services 26 professionally m,05/01/2025 anaged accoun,08/11/2025 nt – Business Deve,"$1,001 - $15,000 elopment Company.",,"SP Apollo Debt Solutions BDC Class S [OT] P 05/01/2025 08/11/2025 $1,001 - $15,000 Filing Status: New Subholding Of: W.S.B Trust > UBS Financial Services 26 Location: US Description: Dividend reinvestment in a professionally managed account – Business Development Company.",,,False,100,,not_applicable,,False,False,True,05/01/2025,False,,valid_range
20032149,Hon. Sheri Biggs,Member,SC03,20032149.pdf,2025,10,SP,Apollo Debt Solutions BDC Class S,Apollo Debt Solutions BDC Class S,,,OT,P,2025-06-02,2025-08-11,1001.0,15000.0,,"$1,001 - $15,000",valid_range,New,W.S.B Trust > UBS Financial Services 26,US,Dividend reinvestment in a professionally managed account – Business Development Company.,,2,2,table,False,False,,False,0,False,True,100,True,37,False,https://disclosures-clerk.house.gov/public_disc/ptr-pdfs/2025/20032149.pdf,,,SP,Apollo Debt Solutions BDC Class S [OT],Apollo Debt Solutions BDC Class S [OT],P,06/02/2025,08/11/2025,"$1,001 - $15,000",Filing Status: New Subholding Of: W.S.B Trust > UBS Financial Services 26 Location: US Description: Dividend reinvestment in a professionally managed account – Business Development Company.,"SP Apollo Debt Solutions BDC Class S [OT] P 06/02/2025 08/11/2025 $1,001 - $15,000 Filing Status: New Subholding Of: W.S.B Trust > UBS Financial Services 26 Location: US Description: Dividend reinvestment in a professionally managed account – Business Development Company.",,,False,100,,not_applicable,,False,False,False,06/02/2025,False,,valid_range
20032149,Hon. Sheri Biggs,Member,SC03,20032149.pdf,2025,11,SP,Apollo Debt Solutions BDC Class S,Apollo Debt Solutions BDC Class S,,,OT,P,2025-08-01,2025-09-17,1001.0,15000.0,,"$1,001 - $15,000",valid_range,New,W.S.B Trust > UBS Financial Services 26,US,Dividend reinvestment in a professionally managed account – Business Development Company.,,2,2,table,False,False,,False,0,False,False,100,True,37,False,https://disclosures-clerk.house.gov/public_disc/ptr-pdfs/2025/20032149.pdf,,,SP,Apollo Debt Solutions BDC Class S [OT] Filing Status: New Subholding Of: W.S.B Trust > UBS Fina Location: US Description: Dividend reinvestment in a,Apollo Debt Solutions BDC Class S [OT],P ancial Services 26 professionally m,08/01/2025 anaged accoun,09/17/2025 nt – Business Deve,"$1,001 - $15,000 elopment Company.",,"SP Apollo Debt Solutions BDC Class S [OT] P 08/01/2025 09/17/2025 $1,001 - $15,000 Filing Status: New Subholding Of: W.S.B Trust > UBS Financial Services 26 Location: US Description: Dividend reinvestment in a professionally managed account – Business Development Company.",,,False,100,,not_applicable,,False,False,True,08/01/2025,False,,valid_range
20032149,Hon. Sheri Biggs,Member,SC03,20032149.pdf,2025,12,SP,Apollo Debt Solutions BDC Class S,Apollo Debt Solutions BDC Class S,,,OT,P,2025-07-31,2025-09-17,1001.0,15000.0,,"$1,001 - $15,000",valid_range,New,W.S.B Trust > UBS Financial Services 26,US,Dividend reinvestment in a professionally managed account – Business Development Company.,,2,3,table,False,False,,True,0,False,True,98,True,37,False,https://disclosures-clerk.house.gov/public_disc/ptr-pdfs/2025/20032149.pdf,,,SP,Apollo Debt Solutions BDC Class S,Apollo Debt Solutions BDC Class S yp $200? [OT],P,07/31/2025,09/17/2025,"$1,001 - $15,000",yp $200? [OT] Filing Status: New Subholding Of: W.S.B Trust > UBS Financial Services 26 Location: US Description: Dividend reinvestment in a professionally managed account – Business Development Company.,"SP Apollo Debt Solutions BDC Class S P 07/31/2025 09/17/2025 $1,001 - $15,000 yp $200? [OT] Filing Status: New Subholding Of: W.S.B Trust > UBS Financial Services 26 Location: US Description: Dividend reinvestment in a professionally managed account – Business Development Company.",,,False,98,,not_applicable,,False,False,False,07/31/2025,False,,valid_range
20032149,Hon. Sheri Biggs,Member,SC03,20032149.pdf,2025,13,SP,Apollo Debt Solutions BDC Class S,Apollo Debt Solutions BDC Class S,,,OT,P,2025-08-01,2025-09-17,1001.0,15000.0,,"$1,001 - $15,000",valid_range,New,W.S.B Trust > UBS Financial Services 26,US,Dividend reinvestment in a professionally managed account – Business Development Company.,,3,3,table,False,False,,False,0,False,False,100,True,37,False,https://disclosures-clerk.house.gov/public_disc/ptr-pdfs/2025/20032149.pdf,,,SP,Apollo Debt Solutions BDC Class S [OT] Filing Status: New Subholding Of: W.S.B Trust > UBS Fina Location: US Description: Dividend reinvestment in a,Apollo Debt Solutions BDC Class S [OT],P ancial Services 26 professionally m,08/01/2025 anaged accoun,09/17/2025 nt – Business Deve,"$1,001 - $15,000 elopment Company.",,"SP Apollo Debt Solutions BDC Class S [OT] P 08/01/2025 09/17/2025 $1,001 - $15,000 Filing Status: New Subholding Of: W.S.B Trust > UBS Financial Services 26 Location: US Description: Dividend reinvestment in a professionally managed account – Business Development Company.",,,False,100,,not_applicable,,False,False,True,08/01/2025,False,,valid_range
20032149,Hon. Sheri Biggs,Member,SC03,20032149.pdf,2025,14,SP,Apple Inc. - Common Stock,Apple Inc. - Common Stock,AAPL,AAPL,ST,S,2025-03-18,2025-08-11,15001.0,50000.0,,"$15,001 - $50,000",valid_range,New,W.S.B Trust > UBS Financial Services Inc 35,,Professionally managed account.,,3,3,table,False,False,,False,0,False,True,100,True,30,False,https://disclosures-clerk.house.gov/public_disc/ptr-pdfs/2025/20032149.pdf,,,SP,Apple Inc. - Common Stock (AAPL) [ST],Apple Inc. - Common Stock (AAPL) [ST],S,03/18/2025,08/11/2025,"$15,001 - $50,000",Filing Status: New Subholding Of: W.S.B Trust > UBS Financial Services Inc 35 Description: Professionally managed account.,"SP Apple Inc. - Common Stock (AAPL) [ST] S 03/18/2025 08/11/2025 $15,001 - $50,000 Filing Status: New Subholding Of: W.S.B Trust > UBS Financial Services Inc 35 Description: Professionally managed account.",,,False,100,AAPL,accepted,house_ptr_structure+v8_1,False,False,False,03/18/2025,False,,valid_range
20032149,Hon. Sheri Biggs,Member,SC03,20032149.pdf,2025,15,SP,"ASE Technology Holding Co., Ltd. American Depositary Shares","ASE Technology Holding Co., Ltd. American Depositary Shares",ASX,ASX,ST,S,2025-03-18,2025-08-11,1001.0,15000.0,,"$1,001 - $15,000",valid_range,New,W.S.B Trust > UBS Financial Services Inc 35,,Professionally managed account.,,3,3,table,False,False,,False,0,False,False,100,True,30,False,https://disclosures-clerk.house.gov/public_disc/ptr-pdfs/2025/20032149.pdf,,,SP,"ASE Technology Holding Co., Ltd. American Depositary Shares (ASX) [ST] Filing Status: New Subholding Of: W.S.B Trust > UBS Fina Description: Professionally managed acc","ASE Technology Holding Co., Ltd. American Depositary Shares (ASX) [ST]",S ancial Services Inc count.,03/18/2025 c 35,08/11/2025,"$1,001 - $15,000",,"SP ASE Technology Holding Co., Ltd. American Depositary Shares (ASX) [ST] S 03/18/2025 08/11/2025 $1,001 - $15,000 Filing Status: New Subholding Of: W.S.B Trust > UBS Financial Services Inc 35 Description: Professionally managed account.",,,False,100,ASX,accepted,house_ptr_structure+v8_1,False,False,True,03/18/2025,False,,valid_range
20032149,Hon. Sheri Biggs,Member,SC03,20032149.pdf,2025,16,SP,ASMPT LIMITED UNSP/ADR,ASMPT LIMITED UNSP/ADR,ASMVY,ASMVY,ST,S,2025-03-18,2025-08-11,1001.0,15000.0,,"$1,001 - $15,000",valid_range,New,W.S.B Trust > UBS Financial Services Inc 35,,Professionally managed account.,,3,3,table,False,False,,False,0,False,True,100,True,30,False,https://disclosures-clerk.house.gov/public_disc/ptr-pdfs/2025/20032149.pdf,,,SP,ASMPT LIMITED UNSP/ADR (ASMVY) [ST],ASMPT LIMITED UNSP/ADR (ASMVY) [ST],S,03/18/2025,08/11/2025,"$1,001 - $15,000",Filing Status: New Subholding Of: W.S.B Trust > UBS Financial Services Inc 35 Description: Professionally managed account.,"SP ASMPT LIMITED UNSP/ADR (ASMVY) [ST] S 03/18/2025 08/11/2025 $1,001 - $15,000 Filing Status: New Subholding Of: W.S.B Trust > UBS Financial Services Inc 35 Description: Professionally managed account.",,,False,100,ASMVY,accepted,house_ptr_structure+v8_1,False,False,False,03/18/2025,False,,valid_range
20032149,Hon. Sheri Biggs,Member,SC03,20032149.pdf,2025,17,SP,Banco Do Brasil SA Sponsored ADR,Banco Do Brasil SA Sponsored ADR,BDORY,BDORY,ST,S,2025-03-18,2025-08-11,1001.0,15000.0,,"$1,001 - $15,000",valid_range,New,W.S.B Trust > UBS Financial Services Inc 35,,Professionally managed account.,,3,3,table,False,False,,False,0,False,False,100,True,30,False,https://disclosures-clerk.house.gov/public_disc/ptr-pdfs/2025/20032149.pdf,,,SP,Banco Do Brasil SA Sponsored ADR (BDORY) [ST] Filing Status: New Subholding Of: W.S.B Trust > UBS Fina Description: Professionally managed acc,Banco Do Brasil SA Sponsored ADR (BDORY) [ST],S ancial Services Inc count.,03/18/2025 c 35,08/11/2025,"$1,001 - $15,000",,"SP Banco Do Brasil SA Sponsored ADR (BDORY) [ST] S 03/18/2025 08/11/2025 $1,001 - $15,000 Filing Status: New Subholding Of: W.S.B Trust > UBS Financial Services Inc 35 Description: Professionally managed account.",,,False,100,BDORY,accepted,house_ptr_structure+v8_1,False,False,True,03/18/2025,False,,valid_range
20032149,Hon. Sheri Biggs,Member,SC03,20032149.pdf,2025,18,SP,Bank of Nova Scotia,Bank of Nova Scotia,,,CS,P,2025-03-19,2025-08-11,500001.0,1000000.0,,"$500,001 - $1,000,000",valid_range,New,W.S.B Trust > UBS Financial Services 26,,Structured product - linked to shares of S&P 500 index. Professionally managed account.,,3,3,table,False,False,,False,0,False,True,100,True,30,False,https://disclosures-clerk.house.gov/public_disc/ptr-pdfs/2025/20032149.pdf,,,SP,Bank of Nova Scotia [CS],Bank of Nova Scotia [CS],P,03/19/2025,08/11/2025,"$500,001 - $1,000,000",Filing Status: New Subholding Of: W.S.B Trust > UBS Financial Services 26 Description: Structured product - linked to shares of S&P 500 index. Professionally managed account.,"SP Bank of Nova Scotia [CS] P 03/19/2025 08/11/2025 $500,001 - $1,000,000 Filing Status: New Subholding Of: W.S.B Trust > UBS Financial Services 26 Description: Structured product - linked to shares of S&P 500 index. Professionally managed account.",,,False,100,,not_applicable,,False,False,False,03/19/2025,False,,valid_range
20032149,Hon. Sheri Biggs,Member,SC03,20032149.pdf,2025,19,SP,Bank of Nova Scotia,Bank of Nova Scotia,,,CS,P,2025-05-27,2025-08-11,250001.0,500000.0,,"$250,001 - $500,000",valid_range,New,W.S.B Trust > UBS Financial Services 26,,Structured investment product based on XLE. Professionally managed account.,,3,4,table,False,False,,True,0,False,False,98,True,30,False,https://disclosures-clerk.house.gov/public_disc/ptr-pdfs/2025/20032149.pdf,,,SP,Bank of Nova Scotia [CS],Bank of Nova Scotia [CS],P,05/27/2025,08/11/2025,"$250,001 - $500,000",Filing Status: New Subholding Of: W.S.B Trust > UBS Financial Services 26 Description: Structured investment product based on XLE. Professionally managed account.,"SP Bank of Nova Scotia [CS] P 05/27/2025 08/11/2025 $250,001 - $500,000 Filing Status: New Subholding Of: W.S.B Trust > UBS Financial Services 26 Description: Structured investment product based on XLE. Professionally managed account.",,,False,98,,not_applicable,,False,False,False,05/27/2025,False,,valid_range
20032149,Hon. Sheri Biggs,Member,SC03,20032149.pdf,2025,20,SP,Bank of Nova Scotia,Bank of Nova Scotia,,,CS,P,2025-03-26,2025-08-11,250001.0,500000.0,,"$250,001 - $500,000",valid_range,New,W.S.B Trust > UBS Financial Services 26,,Structured investment product based on RTY. Professionally managed account.,,4,4,table,False,False,,False,0,False,True,100,True,30,False,https://disclosures-clerk.house.gov/public_disc/ptr-pdfs/2025/20032149.pdf,,,SP,Bank of Nova Scotia [CS],Bank of Nova Scotia [CS],P,03/26/2025,08/11/2025,"$250,001 - $500,000",Filing Status: New Subholding Of: W.S.B Trust > UBS Financial Services 26 Description: Structured investment product based on RTY. Professionally managed account.,"SP Bank of Nova Scotia [CS] P 03/26/2025 08/11/2025 $250,001 - $500,000 Filing Status: New Subholding Of: W.S.B Trust > UBS Financial Services 26 Description: Structured investment product based on RTY. Professionally managed account.",,,False,100,,not_applicable,,False,False,False,03/26/2025,False,,valid_range
20032149,Hon. Sheri Biggs,Member,SC03,20032149.pdf,2025,21,SP,Bank of Nova Scotia Finance,Bank of Nova Scotia Finance,,,CS,S,2025-03-14,2025-08-11,100001.0,250000.0,,"$100,001 - $250,000",valid_range,New,W.S.B Trust > UBS Financial Services 26,,Structured investment product based on FXI. Professionally managed account.,,4,4,table,False,False,,False,0,False,False,100,True,30,False,https://disclosures-clerk.house.gov/public_disc/ptr-pdfs/2025/20032149.pdf,,,SP,Bank of Nova Scotia Finance [CS] Filing Status: New Subholding Of: W.S.B Trust > UBS Fina Description: Structured investment prod,Bank of Nova Scotia Finance [CS],S ancial Services 26 duct based on FXI,03/14/2025 I. Professionally,08/11/2025 y managed accoun,"$100,001 - $250,000 nt.",,"SP Bank of Nova Scotia Finance [CS] S 03/14/2025 08/11/2025 $100,001 - $250,000 Filing Status: New Subholding Of: W.S.B Trust > UBS Financial Services 26 Description: Structured investment product based on FXI. Professionally managed account.",,,False,100,,not_applicable,,False,False,True,03/14/2025,False,,valid_range
20032149,Hon. Sheri Biggs,Member,SC03,20032149.pdf,2025,22,SP,BB Seguridade Participacoes SA Sponsored ADR,BB Seguridade Participacoes SA Sponsored ADR,BBSEY,BBSEY,ST,S,2025-03-18,2025-08-11,1001.0,15000.0,,"$1,001 - $15,000",valid_range,New,W.S.B Trust > UBS Financial Services Inc 35,,Professionally managed account.,,4,4,table,False,False,,False,0,False,True,100,True,30,False,https://disclosures-clerk.house.gov/public_disc/ptr-pdfs/2025/20032149.pdf,,,SP,BB Seguridade Participacoes SA Sponsored ADR (BBSEY) [ST],BB Seguridade Participacoes SA Sponsored ADR (BBSEY) [ST],S,03/18/2025,08/11/2025,"$1,001 - $15,000",Filing Status: New Subholding Of: W.S.B Trust > UBS Financial Services Inc 35 Description: Professionally managed account.,"SP BB Seguridade Participacoes SA Sponsored ADR (BBSEY) [ST] S 03/18/2025 08/11/2025 $1,001 - $15,000 Filing Status: New Subholding Of: W.S.B Trust > UBS Financial Services Inc 35 Description: Professionally managed account.",,,False,100,BBSEY,accepted,house_ptr_structure+v8_1,False,False,False,03/18/2025,False,,valid_range
20032149,Hon. Sheri Biggs,Member,SC03,20032149.pdf,2025,23,SP,Berkshire Hathaway Inc. New Common Stock,Berkshire Hathaway Inc. New Common Stock,BRK.B,BRK.B,ST,S,2025-03-18,2025-08-11,15001.0,50000.0,,"$15,001 - $50,000",valid_range,New,W.S.B Trust > UBS Financial Services Inc 35,,Professionally managed account.,,4,4,table,False,False,,False,0,False,False,100,True,30,False,https://disclosures-clerk.house.gov/public_disc/ptr-pdfs/2025/20032149.pdf,,,SP,Berkshire Hathaway Inc. New Common Stock (BRK.B) [ST] Filing Status: New Subholding Of: W.S.B Trust > UBS Fina Description: Professionally managed acc,Berkshire Hathaway Inc. New Common Stock (BRK.B) [ST],S ancial Services Inc count.,03/18/2025 c 35,08/11/2025,"$15,001 - $50,000",,"SP Berkshire Hathaway Inc. New Common Stock (BRK.B) [ST] S 03/18/2025 08/11/2025 $15,001 - $50,000 Filing Status: New Subholding Of: W.S.B Trust > UBS Financial Services Inc 35 Description: Professionally managed account.",,,False,100,BRK.B,accepted,house_ptr_structure+v8_1,False,False,True,03/18/2025,False,,valid_range
20032149,Hon. Sheri Biggs,Member,SC03,20032149.pdf,2025,24,SP,Bidvest Group Ltd Sponsored ADR New,Bidvest Group Ltd Sponsored ADR New,BDVSY,BDVSY,ST,S,2025-03-18,2025-08-11,1001.0,15000.0,,"$1,001 - $15,000",valid_range,New,W.S.B Trust > UBS Financial Services Inc 35,,Professionally managed account.,,4,4,table,False,False,,False,0,False,True,100,True,30,False,https://disclosures-clerk.house.gov/public_disc/ptr-pdfs/2025/20032149.pdf,,,SP,Bidvest Group Ltd Sponsored ADR New (BDVSY) [ST],Bidvest Group Ltd Sponsored ADR New (BDVSY) [ST],S,03/18/2025,08/11/2025,"$1,001 - $15,000",Filing Status: New Subholding Of: W.S.B Trust > UBS Financial Services Inc 35 Description: Professionally managed account.,"SP Bidvest Group Ltd Sponsored ADR New (BDVSY) [ST] S 03/18/2025 08/11/2025 $1,001 - $15,000 Filing Status: New Subholding Of: W.S.B Trust > UBS Financial Services Inc 35 Description: Professionally managed account.",,,False,100,BDVSY,accepted,house_ptr_structure+v8_1,False,False,False,03/18/2025,False,,valid_range
20032149,Hon. Sheri Biggs,Member,SC03,20032149.pdf,2025,25,SP,"BlackRock, Inc. Common Stock","BlackRock, Inc. Common Stock",BLK,BLK,ST,S (partial),2025-03-18,2025-08-11,15001.0,50000.0,,"$15,001 - $50,000",valid_range,New,W.S.B Trust > UBS Financial Services Inc 35,,Professionally managed account.,,4,4,table,False,False,,False,0,False,False,100,True,30,False,https://disclosures-clerk.house.gov/public_disc/ptr-pdfs/2025/20032149.pdf,,,SP,"BlackRock, Inc. Common Stock (BLK) [ST] Filing Status: New Subholding Of: W.S.B Trust > UBS Fina Description: Professionally managed acc","BlackRock, Inc. Common Stock (BLK) [ST]",S (partial) ancial Services Inc count.,03/18/2025 c 35,08/11/2025,"$15,001 - $50,000",,"SP BlackRock, Inc. Common Stock (BLK) [ST] S (partial) 03/18/2025 08/11/2025 $15,001 - $50,000 Filing Status: New Subholding Of: W.S.B Trust > UBS Financial Services Inc 35 Description: Professionally managed account.",,,False,100,BLK,accepted,house_ptr_structure+v8_1,False,False,True,03/18/2025,False,,valid_range
20032149,Hon. Sheri Biggs,Member,SC03,20032149.pdf,2025,26,SP,"Cemex, S.A.B. de C.V. Sponsored ADR","Cemex, S.A.B. de C.V. Sponsored ADR",CX,CX,ST,S,2025-03-18,2025-08-11,1001.0,15000.0,,"$1,001 - $15,000",valid_range,New,W.S.B Trust > UBS Financial Services Inc 35,,Professionally managed account.,,4,4,table,False,False,,False,0,False,True,100,True,30,False,https://disclosures-clerk.house.gov/public_disc/ptr-pdfs/2025/20032149.pdf,,,SP,"Cemex, S.A.B. de C.V. Sponsored ADR (CX) [ST]","Cemex, S.A.B. de C.V. Sponsored ADR (CX) [ST]",S,03/18/2025,08/11/2025,"$1,001 - $15,000",Filing Status: New Subholding Of: W.S.B Trust > UBS Financial Services Inc 35 Description: Professionally managed account.,"SP Cemex, S.A.B. de C.V. Sponsored ADR (CX) [ST] S 03/18/2025 08/11/2025 $1,001 - $15,000 Filing Status: New Subholding Of: W.S.B Trust > UBS Financial Services Inc 35 Description: Professionally managed account.",,,False,100,CX,accepted,house_ptr_structure+v8_1,False,False,False,03/18/2025,False,,valid_range
20032149,Hon. Sheri Biggs,Member,SC03,20032149.pdf,2025,27,SP,Charles Schwab Corporation,Charles Schwab Corporation,SCHW,SCHW,ST,S,2025-03-19,2025-08-11,15001.0,50000.0,,"$15,001 - $50,000",valid_range,New,W.S.B Trust > UBS Financial Services Inc 36,,Professionally managed account.,,5,5,table,False,False,,False,0,False,False,100,True,30,False,https://disclosures-clerk.house.gov/public_disc/ptr-pdfs/2025/20032149.pdf,,,SP,Charles Schwab Corporation (SCHW) [ST] Filing Status: New Subholding Of: W.S.B Trust > UBS Fina Description: Professionally managed acc,Charles Schwab Corporation (SCHW) [ST],S ancial Services Inc count.,03/19/2025 c 36,08/11/2025,"$15,001 - $50,000",,"SP Charles Schwab Corporation (SCHW) [ST] S 03/19/2025 08/11/2025 $15,001 - $50,000 Filing Status: New Subholding Of: W.S.B Trust > UBS Financial Services Inc 36 Description: Professionally managed account.",,,False,100,SCHW,accepted,house_ptr_structure+v8_1,False,False,True,03/19/2025,False,,valid_range
20032149,Hon. Sheri Biggs,Member,SC03,20032149.pdf,2025,28,SP,Chevron Corporation Common Stock,Chevron Corporation Common Stock,CVX,CVX,ST,S,2025-03-18,2025-08-11,15001.0,50000.0,,"$15,001 - $50,000",valid_range,New,W.S.B Trust > UBS Financial Services Inc 35,,Professionally managed account.,,5,5,table,False,False,,False,0,False,True,100,True,30,False,https://disclosures-clerk.house.gov/public_disc/ptr-pdfs/2025/20032149.pdf,,,SP,Chevron Corporation Common Stock (CVX) [ST],Chevron Corporation Common Stock (CVX) [ST],S,03/18/2025,08/11/2025,"$15,001 - $50,000",Filing Status: New Subholding Of: W.S.B Trust > UBS Financial Services Inc 35 Description: Professionally managed account.,"SP Chevron Corporation Common Stock (CVX) [ST] S 03/18/2025 08/11/2025 $15,001 - $50,000 Filing Status: New Subholding Of: W.S.B Trust > UBS Financial Services Inc 35 Description: Professionally managed account.",,,False,100,CVX,accepted,house_ptr_structure+v8_1,False,False,False,03/18/2025,False,,valid_range
20032149,Hon. Sheri Biggs,Member,SC03,20032149.pdf,2025,29,SP,China Construction Bank Corporation Unsponsored ADR representing H shares,China Construction Bank Corporation Unsponsored ADR representing H shares,CICHY,CICHY,ST,S,2025-03-18,2025-08-11,1001.0,15000.0,,"$1,001 - $15,000",valid_range,New,W.S.B Trust > UBS Financial Services Inc 35,,Professionally managed account.,,5,5,table,False,False,,False,0,False,False,100,True,30,False,https://disclosures-clerk.house.gov/public_disc/ptr-pdfs/2025/20032149.pdf,,,SP,China Construction Bank Corporation Unsponsored ADR representing H shares (CICHY) [ST] Filing Status: New Subholding Of: W.S.B Trust > UBS Fina Description: Professionally managed acc,China Construction Bank Corporation Unsponsored ADR representing H shares (CICHY) [ST],S ancial Services Inc count.,03/18/2025 c 35,08/11/2025,"$1,001 - $15,000",,"SP China Construction Bank Corporation Unsponsored ADR representing H shares (CICHY) [ST] S 03/18/2025 08/11/2025 $1,001 - $15,000 Filing Status: New Subholding Of: W.S.B Trust > UBS Financial Services Inc 35 Description: Professionally managed account.",,,False,100,CICHY,accepted,house_ptr_structure+v8_1,False,False,True,03/18/2025,False,,valid_range
20032149,Hon. Sheri Biggs,Member,SC03,20032149.pdf,2025,30,SP,China Merchants Bank Co Ltd American Depository Receipt,China Merchants Bank Co Ltd American Depository Receipt,CIHKY,CIHKY,ST,S,2025-03-18,2025-08-11,1001.0,15000.0,,"$1,001 - $15,000",valid_range,New,W.S.B Trust > UBS Financial Services Inc 35,,Professionally managed account,,5,5,table,False,False,,False,0,False,True,100,True,30,False,https://disclosures-clerk.house.gov/public_disc/ptr-pdfs/2025/20032149.pdf,,,SP,China Merchants Bank Co Ltd American Depository Receipt (CIHKY) [ST],China Merchants Bank Co Ltd American Depository Receipt (CIHKY) [ST],S,03/18/2025,08/11/2025,"$1,001 - $15,000",Filing Status: New Subholding Of: W.S.B Trust > UBS Financial Services Inc 35 Description: Professionally managed account,"SP China Merchants Bank Co Ltd American Depository Receipt (CIHKY) [ST] S 03/18/2025 08/11/2025 $1,001 - $15,000 Filing Status: New Subholding Of: W.S.B Trust > UBS Financial Services Inc 35 Description: Professionally managed account",,,False,100,CIHKY,accepted,house_ptr_structure+v8_1,False,False,False,03/18/2025,False,,valid_range
20032149,Hon. Sheri Biggs,Member,SC03,20032149.pdf,2025,31,SP,Cincinnati Financial Corporation - Common Stock,Cincinnati Financial Corporation - Common Stock,CINF,CINF,ST,S,2025-03-18,2025-08-11,1001.0,15000.0,,"$1,001 - $15,000",valid_range,New,W.S.B Trust > UBS Financial Services Inc 35,,Professionally managed account.,,5,5,table,False,False,,False,0,False,False,100,True,30,False,https://disclosures-clerk.house.gov/public_disc/ptr-pdfs/2025/20032149.pdf,,,SP,Cincinnati Financial Corporation - Common Stock (CINF) [ST] Filing Status: New Subholding Of: W.S.B Trust > UBS Fina Description: Professionally managed acc,Cincinnati Financial Corporation - Common Stock (CINF) [ST],S ancial Services Inc count.,03/18/2025 c 35,08/11/2025,"$1,001 - $15,000",,"SP Cincinnati Financial Corporation - Common Stock (CINF) [ST] S 03/18/2025 08/11/2025 $1,001 - $15,000 Filing Status: New Subholding Of: W.S.B Trust > UBS Financial Services Inc 35 Description: Professionally managed account.",,,False,100,CINF,accepted,house_ptr_structure+v8_1,False,False,True,03/18/2025,False,,valid_range
20032149,Hon. Sheri Biggs,Member,SC03,20032149.pdf,2025,32,SP,"Cisco Systems, Inc. - Common Stock","Cisco Systems, Inc. - Common Stock",CSCO,CSCO,ST,S,2025-03-18,2025-08-11,15001.0,50000.0,,"$15,001 - $50,000",valid_range,New,W.S.B Trust > UBS Financial Services Inc 35,,Professionally managed account.,,5,5,table,False,False,,False,0,False,True,100,True,30,False,https://disclosures-clerk.house.gov/public_disc/ptr-pdfs/2025/20032149.pdf,,,SP,"Cisco Systems, Inc. - Common Stock (CSCO) [ST]","Cisco Systems, Inc. - Common Stock (CSCO) [ST]",S,03/18/2025,08/11/2025,"$15,001 - $50,000",Filing Status: New Subholding Of: W.S.B Trust > UBS Financial Services Inc 35 Description: Professionally managed account.,"SP Cisco Systems, Inc. - Common Stock (CSCO) [ST] S 03/18/2025 08/11/2025 $15,001 - $50,000 Filing Status: New Subholding Of: W.S.B Trust > UBS Financial Services Inc 35 Description: Professionally managed account.",,,False,100,CSCO,accepted,house_ptr_structure+v8_1,False,False,False,03/18/2025,False,,valid_range
20032149,Hon. Sheri Biggs,Member,SC03,20032149.pdf,2025,33,SP,Comcast Corporation - Class A Common Stock,Comcast Corporation - Class A Common Stock,CMCSA,CMCSA,ST,S,2025-03-19,2025-08-11,1001.0,15000.0,,"$1,001 - $15,000",valid_range,New,W.S.B Trust > UBS Financial Services Inc 36,,Professionally managed account,,5,5,table,False,False,,False,0,False,False,100,True,30,False,https://disclosures-clerk.house.gov/public_disc/ptr-pdfs/2025/20032149.pdf,,,SP,Comcast Corporation - Class A Common Stock (CMCSA) [ST] Filing Status: New Subholding Of: W.S.B Trust > UBS Fina Description: Professionally managed acc,Comcast Corporation - Class A Common Stock (CMCSA) [ST],S ancial Services Inc count,03/19/2025 c 36,08/11/2025,"$1,001 - $15,000",,"SP Comcast Corporation - Class A Common Stock (CMCSA) [ST] S 03/19/2025 08/11/2025 $1,001 - $15,000 Filing Status: New Subholding Of: W.S.B Trust > UBS Financial Services Inc 36 Description: Professionally managed account",,,False,100,CMCSA,accepted,house_ptr_structure+v8_1,False,False,True,03/19/2025,False,,valid_range
20032149,Hon. Sheri Biggs,Member,SC03,20032149.pdf,2025,34,SP,Crown Castle Inc. Common Stock,Crown Castle Inc. Common Stock,CCI,CCI,ST,S,2025-03-18,2025-08-11,1001.0,15000.0,,"$1,001 - $15,000",valid_range,New,W.S.B Trust > UBS Financial Services Inc 35,,Professionally managed account.,,5,6,table,False,False,,True,0,False,True,98,True,30,False,https://disclosures-clerk.house.gov/public_disc/ptr-pdfs/2025/20032149.pdf,,,SP,Crown Castle Inc. Common Stock,Crown Castle Inc. Common Stock yp $200? (CCI) [ST],S,03/18/2025,08/11/2025,"$1,001 - $15,000",yp $200? (CCI) [ST] Filing Status: New Subholding Of: W.S.B Trust > UBS Financial Services Inc 35 Description: Professionally managed account.,"SP Crown Castle Inc. Common Stock S 03/18/2025 08/11/2025 $1,001 - $15,000 yp $200? (CCI) [ST] Filing Status: New Subholding Of: W.S.B Trust > UBS Financial Services Inc 35 Description: Professionally managed account.",,,False,98,CCI,accepted,house_ptr_structure+v8_1,False,False,False,03/18/2025,False,,valid_range
20032149,Hon. Sheri Biggs,Member,SC03,20032149.pdf,2025,35,SP,Diageo plc Common Stock,Diageo plc Common Stock,DEO,DEO,ST,S,2025-03-18,2025-08-11,1001.0,15000.0,,"$1,001 - $15,000",valid_range,New,W.S.B Trust > UBS Financial Services Inc 35,,Professionally managed account.,,6,6,table,False,False,,False,0,False,False,100,True,30,False,https://disclosures-clerk.house.gov/public_disc/ptr-pdfs/2025/20032149.pdf,,,SP,Diageo plc Common Stock (DEO) [ST] Filing Status: New Subholding Of: W.S.B Trust > UBS Fina Description: Professionally managed acc,Diageo plc Common Stock (DEO) [ST],S ancial Services Inc count.,03/18/2025 c 35,08/11/2025,"$1,001 - $15,000",,"SP Diageo plc Common Stock (DEO) [ST] S 03/18/2025 08/11/2025 $1,001 - $15,000 Filing Status: New Subholding Of: W.S.B Trust > UBS Financial Services Inc 35 Description: Professionally managed account.",,,False,100,DEO,accepted,house_ptr_structure+v8_1,False,False,True,03/18/2025,False,,valid_range
20032149,Hon. Sheri Biggs,Member,SC03,20032149.pdf,2025,36,SP,"Dominion Energy, Inc. Common Stock","Dominion Energy, Inc. Common Stock",D,D,ST,S,2025-03-18,2025-08-11,15001.0,50000.0,,"$15,001 - $50,000",valid_range,New,W.S.B Trust > UBS Financial Services Inc 35,,Professionally managed account.,,6,6,table,False,False,,False,0,False,True,100,True,30,False,https://disclosures-clerk.house.gov/public_disc/ptr-pdfs/2025/20032149.pdf,,,SP,"Dominion Energy, Inc. Common Stock (D) [ST]","Dominion Energy, Inc. Common Stock (D) [ST]",S,03/18/2025,08/11/2025,"$15,001 - $50,000",Filing Status: New Subholding Of: W.S.B Trust > UBS Financial Services Inc 35 Description: Professionally managed account.,"SP Dominion Energy, Inc. Common Stock (D) [ST] S 03/18/2025 08/11/2025 $15,001 - $50,000 Filing Status: New Subholding Of: W.S.B Trust > UBS Financial Services Inc 35 Description: Professionally managed account.",,,False,100,D,accepted,house_ptr_structure+v8_1,False,False,False,03/18/2025,False,,valid_range
20032149,Hon. Sheri Biggs,Member,SC03,20032149.pdf,2025,37,SP,ENGIE BRASIL ENE SA S/ADR,ENGIE BRASIL ENE SA S/ADR,EGIEY,EGIEY,ST,S,2025-03-18,2025-08-11,1001.0,15000.0,,"$1,001 - $15,000",valid_range,New,W.S.B Trust > UBS Financial Services Inc 35,,Professionally managed account.,,6,6,table,False,False,,False,0,False,False,100,True,30,False,https://disclosures-clerk.house.gov/public_disc/ptr-pdfs/2025/20032149.pdf,,,SP,ENGIE BRASIL ENE SA S/ADR (EGIEY) [ST] Filing Status: New Subholding Of: W.S.B Trust > UBS Fina Description: Professionally managed acc,ENGIE BRASIL ENE SA S/ADR (EGIEY) [ST],S ancial Services Inc count.,03/18/2025 c 35,08/11/2025,"$1,001 - $15,000",,"SP ENGIE BRASIL ENE SA S/ADR (EGIEY) [ST] S 03/18/2025 08/11/2025 $1,001 - $15,000 Filing Status: New Subholding Of: W.S.B Trust > UBS Financial Services Inc 35 Description: Professionally managed account.",,,False,100,EGIEY,accepted,house_ptr_structure+v8_1,False,False,True,03/18/2025,False,,valid_range
20032149,Hon. Sheri Biggs,Member,SC03,20032149.pdf,2025,38,SP,Fannie Mae Note 9/24/2026,Fannie Mae Note 9/24/2026,,,GS,P,2025-05-30,2025-08-11,1001.0,15000.0,,"$1,001 - $15,000",valid_range,New,W.S.B Trust > UBS Financial Services Inc 35,,Professionally managed account,,6,6,table,False,False,,False,0,False,True,100,True,30,False,https://disclosures-clerk.house.gov/public_disc/ptr-pdfs/2025/20032149.pdf,,,SP,Fannie Mae Note 9/24/2026 [GS],Fannie Mae Note 9/24/2026 [GS],P,05/30/2025,08/11/2025,"$1,001 - $15,000",Filing Status: New Subholding Of: W.S.B Trust > UBS Financial Services Inc 35 Description: Professionally managed account,"SP Fannie Mae Note 9/24/2026 [GS] P 05/30/2025 08/11/2025 $1,001 - $15,000 Filing Status: New Subholding Of: W.S.B Trust > UBS Financial Services Inc 35 Description: Professionally managed account",,,False,100,,not_applicable,,False,False,False,05/30/2025,False,,valid_range
20032149,Hon. Sheri Biggs,Member,SC03,20032149.pdf,2025,39,SP,Fannie Mae Note 9/24/26,Fannie Mae Note 9/24/26,,,GS,P,2025-03-19,2025-08-11,1001.0,15000.0,,"$1,001 - $15,000",valid_range,New,W.S.B Trust > UBS Financial Services Inc 35,,Professionally managed account.,,6,6,table,False,False,,False,0,False,False,100,True,30,False,https://disclosures-clerk.house.gov/public_disc/ptr-pdfs/2025/20032149.pdf,,,SP,Fannie Mae Note 9/24/26 [GS] Filing Status: New Subholding Of: W.S.B Trust > UBS Fina Description: Professionally managed acc,Fannie Mae Note 9/24/26 [GS],P ancial Services Inc count.,03/19/2025 c 35,08/11/2025,"$1,001 - $15,000",,"SP Fannie Mae Note 9/24/26 [GS] P 03/19/2025 08/11/2025 $1,001 - $15,000 Filing Status: New Subholding Of: W.S.B Trust > UBS Financial Services Inc 35 Description: Professionally managed account.",,,False,100,,not_applicable,,False,False,True,03/19/2025,False,,valid_range
20032149,Hon. Sheri Biggs,Member,SC03,20032149.pdf,2025,40,SP,Fastenal Company - Common Stock,Fastenal Company - Common Stock,FAST,FAST,ST,S,2025-03-19,2025-08-11,15001.0,50000.0,,"$15,001 - $50,000",valid_range,New,W.S.B Trust > UBS Financial Services Inc 36,,Professionally managed account.,,6,6,table,False,False,,False,0,False,True,100,True,30,False,https://disclosures-clerk.house.gov/public_disc/ptr-pdfs/2025/20032149.pdf,,,SP,Fastenal Company - Common Stock (FAST) [ST],Fastenal Company - Common Stock (FAST) [ST],S,03/19/2025,08/11/2025,"$15,001 - $50,000",Filing Status: New Subholding Of: W.S.B Trust > UBS Financial Services Inc 36 Description: Professionally managed account.,"SP Fastenal Company - Common Stock (FAST) [ST] S 03/19/2025 08/11/2025 $15,001 - $50,000 Filing Status: New Subholding Of: W.S.B Trust > UBS Financial Services Inc 36 Description: Professionally managed account.",,,False,100,FAST,accepted,house_ptr_structure+v8_1,False,False,False,03/19/2025,False,,valid_range
20032149,Hon. Sheri Biggs,Member,SC03,20032149.pdf,2025,41,SP,"Fidelity National Information Services, Inc. Common Stock","Fidelity National Information Services, Inc. Common Stock",FIS,FIS,ST,S,2025-03-19,2025-08-11,15001.0,50000.0,,"$15,001 - $50,000",valid_range,New,W.S.B Trust > UBS Financial Services Inc 36,,Professionally managed account.,,6,6,table,False,False,,False,0,False,False,100,True,30,False,https://disclosures-clerk.house.gov/public_disc/ptr-pdfs/2025/20032149.pdf,,,SP,"Fidelity National Information Services, Inc. Common Stock (FIS) [ST] Filing Status: New Subholding Of: W.S.B Trust > UBS Fina Description: Professionally managed acc","Fidelity National Information Services, Inc. Common Stock (FIS) [ST]",S ancial Services Inc count.,03/19/2025 c 36,08/11/2025,"$15,001 - $50,000",,"SP Fidelity National Information Services, Inc. Common Stock (FIS) [ST] S 03/19/2025 08/11/2025 $15,001 - $50,000 Filing Status: New Subholding Of: W.S.B Trust > UBS Financial Services Inc 36 Description: Professionally managed account.",,,False,100,FIS,accepted,house_ptr_structure+v8_1,False,False,True,03/19/2025,False,,valid_range
20032149,Hon. Sheri Biggs,Member,SC03,20032149.pdf,2025,42,SP,Greek Organisation of Football Prognostics SA Unsponsored ADR,Greek Organisation of Football Prognostics SA Unsponsored ADR,GOFPY,GOFPY,ST,S,2025-03-18,2025-08-11,1001.0,15000.0,,"$1,001 - $15,000",valid_range,New,W.S.B Trust > UBS Financial Services Inc 35,,Professionally managed account.,,7,7,table,False,False,,False,0,False,True,100,True,30,False,https://disclosures-clerk.house.gov/public_disc/ptr-pdfs/2025/20032149.pdf,,,SP,Greek Organisation of Football Prognostics SA Unsponsored ADR (GOFPY) [ST],Greek Organisation of Football Prognostics SA Unsponsored ADR (GOFPY) [ST],S,03/18/2025,08/11/2025,"$1,001 - $15,000",Filing Status: New Subholding Of: W.S.B Trust > UBS Financial Services Inc 35 Description: Professionally managed account.,"SP Greek Organisation of Football Prognostics SA Unsponsored ADR (GOFPY) [ST] S 03/18/2025 08/11/2025 $1,001 - $15,000 Filing Status: New Subholding Of: W.S.B Trust > UBS Financial Services Inc 35 Description: Professionally managed account.",,,False,100,GOFPY,accepted,house_ptr_structure+v8_1,False,False,False,03/18/2025,False,,valid_range
20032149,Hon. Sheri Biggs,Member,SC03,20032149.pdf,2025,43,SP,"Grupo Financiero Banorte, S.A.B. De C.V Sponsored ADR","Grupo Financiero Banorte, S.A.B. De C.V Sponsored ADR",GBOOY,GBOOY,ST,S,2025-03-18,2025-08-11,1001.0,15000.0,,"$1,001 - $15,000",valid_range,New,W.S.B Trust > UBS Financial Services Inc 35,,Professionally managed account.,,7,7,table,False,False,,False,0,False,False,100,True,30,False,https://disclosures-clerk.house.gov/public_disc/ptr-pdfs/2025/20032149.pdf,,,SP,"Grupo Financiero Banorte, S.A.B. De C.V Sponsored ADR (GBOOY) [ST] Filing Status: New Subholding Of: W.S.B Trust > UBS Fina Description: Professionally managed acc","Grupo Financiero Banorte, S.A.B. De C.V Sponsored ADR (GBOOY) [ST]",S ancial Services Inc count.,03/18/2025 c 35,08/11/2025,"$1,001 - $15,000",,"SP Grupo Financiero Banorte, S.A.B. De C.V Sponsored ADR (GBOOY) [ST] S 03/18/2025 08/11/2025 $1,001 - $15,000 Filing Status: New Subholding Of: W.S.B Trust > UBS Financial Services Inc 35 Description: Professionally managed account.",,,False,100,GBOOY,accepted,house_ptr_structure+v8_1,False,False,True,03/18/2025,False,,valid_range
20032149,Hon. Sheri Biggs,Member,SC03,20032149.pdf,2025,44,SP,Hengan International Group Company Limited Unsponsored ADR,Hengan International Group Company Limited Unsponsored ADR,HEGIY,HEGIY,ST,S,2025-03-18,2025-08-11,1001.0,15000.0,,"$1,001 - $15,000",valid_range,New,W.S.B Trust > UBS Financial Services Inc 35,,Professionally managed account.,,7,7,table,False,False,,False,0,False,True,100,True,30,False,https://disclosures-clerk.house.gov/public_disc/ptr-pdfs/2025/20032149.pdf,,,SP,Hengan International Group Company Limited Unsponsored ADR (HEGIY) [ST],Hengan International Group Company Limited Unsponsored ADR (HEGIY) [ST],S,03/18/2025,08/11/2025,"$1,001 - $15,000",Filing Status: New Subholding Of: W.S.B Trust > UBS Financial Services Inc 35 Description: Professionally managed account.,"SP Hengan International Group Company Limited Unsponsored ADR (HEGIY) [ST] S 03/18/2025 08/11/2025 $1,001 - $15,000 Filing Status: New Subholding Of: W.S.B Trust > UBS Financial Services Inc 35 Description: Professionally managed account.",,,False,100,HEGIY,accepted,house_ptr_structure+v8_1,False,False,False,03/18/2025,False,,valid_range
20032149,Hon. Sheri Biggs,Member,SC03,20032149.pdf,2025,45,SP,"Himax Technologies, Inc. - American depositary shares, each of which represents two ordinary shares.","Himax Technologies, Inc. - American depositary shares, each of which represents two ordinary shares.",HIMX,HIMX,ST,S,2025-03-18,2025-08-11,1001.0,15000.0,,"$1,001 - $15,000",valid_range,New,W.S.B Trust > UBS Financial Services Inc 35,,Professionally managed account.,,7,7,table,False,False,,False,0,False,False,100,True,30,False,https://disclosures-clerk.house.gov/public_disc/ptr-pdfs/2025/20032149.pdf,,,SP,"Himax Technologies, Inc. - American depositary shares, each of which represents two ordinary shares. (HIMX) [ST] Filing Status: New Subholding Of: W.S.B Trust > UBS Fina Description: Professionally managed acc","Himax Technologies, Inc. - American depositary shares, each of which represents two ordinary shares. (HIMX) [ST]",S ancial Services Inc count.,03/18/2025 c 35,08/11/2025,"$1,001 - $15,000",,"SP Himax Technologies, Inc. - American depositary shares, each of which represents two ordinary shares. (HIMX) [ST] S 03/18/2025 08/11/2025 $1,001 - $15,000 Filing Status: New Subholding Of: W.S.B Trust > UBS Financial Services Inc 35 Description: Professionally managed account.",,,False,100,HIMX,accepted,house_ptr_structure+v8_1,False,False,True,03/18/2025,False,,valid_range
20032149,Hon. Sheri Biggs,Member,SC03,20032149.pdf,2025,46,SP,HSBC USA,HSBC USA,,,CS,P,2025-03-27,2025-08-11,250001.0,500000.0,,"$250,001 - $500,000",valid_range,New,W.S.B Trust > UBS Financial Services 26,,Structured investment product based on SX5E index. Professionally managed account,,7,7,table,False,False,,False,0,False,True,100,True,30,False,https://disclosures-clerk.house.gov/public_disc/ptr-pdfs/2025/20032149.pdf,,,SP,HSBC USA [CS],HSBC USA [CS],P,03/27/2025,08/11/2025,"$250,001 - $500,000",Filing Status: New Subholding Of: W.S.B Trust > UBS Financial Services 26 Description: Structured investment product based on SX5E index. Professionally managed account,"SP HSBC USA [CS] P 03/27/2025 08/11/2025 $250,001 - $500,000 Filing Status: New Subholding Of: W.S.B Trust > UBS Financial Services 26 Description: Structured investment product based on SX5E index. Professionally managed account",,,False,100,,not_applicable,,False,False,False,03/27/2025,False,,valid_range
20032149,Hon. Sheri Biggs,Member,SC03,20032149.pdf,2025,47,SP,iCapital-Arctos Sports Partners Fund II,iCapital-Arctos Sports Partners Fund II,,,HN,P,2025-02-27,2025-08-11,1001.0,15000.0,,"$1,001 - $15,000",valid_range,New,UBS Financial Services > 95,,Dividend reinvestment in a professionally managed account.,,7,7,table,False,False,,False,0,False,False,100,True,30,False,https://disclosures-clerk.house.gov/public_disc/ptr-pdfs/2025/20032149.pdf,,,SP,iCapital-Arctos Sports Partners Fund II [HN] Filing Status: New Subholding Of: UBS Financial Services > Description: Dividend reinvestment in a,iCapital-Arctos Sports Partners Fund II [HN],P > 95 professionally m,02/27/2025 anaged accoun,08/11/2025 nt.,"$1,001 - $15,000",,"SP iCapital-Arctos Sports Partners Fund II [HN] P 02/27/2025 08/11/2025 $1,001 - $15,000 Filing Status: New Subholding Of: UBS Financial Services > 95 Description: Dividend reinvestment in a professionally managed account.",,,False,100,,not_applicable,,False,False,True,02/27/2025,False,,valid_range
20032149,Hon. Sheri Biggs,Member,SC03,20032149.pdf,2025,48,SP,Icapital-Arctos Sports Partners Fund II Access Fund LP,Icapital-Arctos Sports Partners Fund II Access Fund LP,,,HN,P,2025-06-04,2025-08-11,15001.0,50000.0,,"$15,001 - $50,000",valid_range,New,W.S.B Trust > UBS Financial Services 26,,Professionally managed account.,,7,7,table,False,False,,False,0,False,True,100,True,30,False,https://disclosures-clerk.house.gov/public_disc/ptr-pdfs/2025/20032149.pdf,,,SP,Icapital-Arctos Sports Partners Fund II Access Fund LP [HN],Icapital-Arctos Sports Partners Fund II Access Fund LP [HN],P,06/04/2025,08/11/2025,"$15,001 - $50,000",Filing Status: New Subholding Of: W.S.B Trust > UBS Financial Services 26 Description: Professionally managed account.,"SP Icapital-Arctos Sports Partners Fund II Access Fund LP [HN] P 06/04/2025 08/11/2025 $15,001 - $50,000 Filing Status: New Subholding Of: W.S.B Trust > UBS Financial Services 26 Description: Professionally managed account.",,,False,100,,not_applicable,,False,False,False,06/04/2025,False,,valid_range
20032149,Hon. Sheri Biggs,Member,SC03,20032149.pdf,2025,49,SP,Infosys Limited American Depositary Shares,Infosys Limited American Depositary Shares,INFY,INFY,ST,S,2025-03-18,2025-08-11,1001.0,15000.0,,"$1,001 - $15,000",valid_range,New,W.S.B Trust > UBS Financial Services Inc 35,,Professionally managed account,,8,8,table,False,False,,False,0,False,False,100,True,30,False,https://disclosures-clerk.house.gov/public_disc/ptr-pdfs/2025/20032149.pdf,,,SP,Infosys Limited American Depositary Shares (INFY) [ST] Filing Status: New Subholding Of: W.S.B Trust > UBS Fina Description: Professionally managed acc,Infosys Limited American Depositary Shares (INFY) [ST],S ancial Services Inc count,03/18/2025 c 35,08/11/2025,"$1,001 - $15,000",,"SP Infosys Limited American Depositary Shares (INFY) [ST] S 03/18/2025 08/11/2025 $1,001 - $15,000 Filing Status: New Subholding Of: W.S.B Trust > UBS Financial Services Inc 35 Description: Professionally managed account",,,False,100,INFY,accepted,house_ptr_structure+v8_1,False,False,True,03/18/2025,False,,valid_range
20032149,Hon. Sheri Biggs,Member,SC03,20032149.pdf,2025,50,SP,iShares Bitcoin Trust ETF - iShares Bitcoin Trust ETF,iShares Bitcoin Trust ETF - iShares Bitcoin Trust ETF,IBIT,IBIT,ET,P,2025-07-09,2025-08-20,100001.0,250000.0,,"$100,001 - $250,000",valid_range,New,W.S.B Trust > UBS Financial Services 26,,,,8,8,table,False,False,,False,0,False,True,100,True,20,False,https://disclosures-clerk.house.gov/public_disc/ptr-pdfs/2025/20032149.pdf,,,SP,iShares Bitcoin Trust ETF - iShares Bitcoin Trust ETF (IBIT) [ET],iShares Bitcoin Trust ETF - iShares Bitcoin Trust ETF (IBIT) [ET],P,07/09/2025,08/20/2025,"$100,001 - $250,000",Filing Status: New Subholding Of: W.S.B Trust > UBS Financial Services 26,"SP iShares Bitcoin Trust ETF - iShares Bitcoin Trust ETF (IBIT) [ET] P 07/09/2025 08/20/2025 $100,001 - $250,000 Filing Status: New Subholding Of: W.S.B Trust > UBS Financial Services 26",,,False,100,,not_applicable,,False,False,False,07/09/2025,False,,valid_range
20032149,Hon. Sheri Biggs,Member,SC03,20032149.pdf,2025,51,SP,"JD.com, Inc. - American Depositary Shares","JD.com, Inc. - American Depositary Shares",JD,JD,ST,S,2025-03-18,2025-08-11,1001.0,15000.0,,"$1,001 - $15,000",valid_range,New,W.S.B Trust > UBS Financial Services Inc 35,,Professionally managed account.,,8,8,table,False,False,,False,0,False,False,100,True,30,False,https://disclosures-clerk.house.gov/public_disc/ptr-pdfs/2025/20032149.pdf,,,SP,"JD.com, Inc. - American Depositary Shares (JD) [ST] Filing Status: New Subholding Of: W.S.B Trust > UBS Fina Description: Professionally managed acc","JD.com, Inc. - American Depositary Shares (JD) [ST]",S ancial Services Inc count.,03/18/2025 c 35,08/11/2025,"$1,001 - $15,000",,"SP JD.com, Inc. - American Depositary Shares (JD) [ST] S 03/18/2025 08/11/2025 $1,001 - $15,000 Filing Status: New Subholding Of: W.S.B Trust > UBS Financial Services Inc 35 Description: Professionally managed account.",,,False,100,JD,accepted,house_ptr_structure+v8_1,False,False,True,03/18/2025,False,,valid_range
20032149,Hon. Sheri Biggs,Member,SC03,20032149.pdf,2025,52,SP,Johnson & Johnson Common Stock,Johnson & Johnson Common Stock,JNJ,JNJ,ST,S,2025-03-19,2025-08-11,15001.0,50000.0,,"$15,001 - $50,000",valid_range,New,W.S.B Trust > UBS Financial Services Inc 36,,Professionally managed account.,,8,8,table,False,False,,False,0,False,True,100,True,30,False,https://disclosures-clerk.house.gov/public_disc/ptr-pdfs/2025/20032149.pdf,,,SP,Johnson & Johnson Common Stock (JNJ) [ST],Johnson & Johnson Common Stock (JNJ) [ST],S,03/19/2025,08/11/2025,"$15,001 - $50,000",Filing Status: New Subholding Of: W.S.B Trust > UBS Financial Services Inc 36 Description: Professionally managed account.,"SP Johnson & Johnson Common Stock (JNJ) [ST] S 03/19/2025 08/11/2025 $15,001 - $50,000 Filing Status: New Subholding Of: W.S.B Trust > UBS Financial Services Inc 36 Description: Professionally managed account.",,,False,100,JNJ,accepted,house_ptr_structure+v8_1,False,False,False,03/19/2025,False,,valid_range
20032149,Hon. Sheri Biggs,Member,SC03,20032149.pdf,2025,53,SP,JP Morgan Chase Finance,JP Morgan Chase Finance,,,CS,P,2025-03-14,2025-08-11,500001.0,1000000.0,,"$500,001 - $1,000,000",valid_range,New,W.S.B Trust > UBS Financial Services 26,,"Structured Product linked to the performance of the EURO STOXX 50 Index, Nikkei 225 Index, FTSE 100 Index, Swiss Market Index, and S&P/ASX 200 Index. Professionally managed account.",,8,8,table,False,False,,False,0,False,False,100,True,30,False,https://disclosures-clerk.house.gov/public_disc/ptr-pdfs/2025/20032149.pdf,,,SP,"JP Morgan Chase Finance [CS] Filing Status: New Subholding Of: W.S.B Trust > UBS Fina Description: Structured Product linked t Index, Swiss Market Index, and S&P/ASX",JP Morgan Chase Finance [CS],P ancial Services 26 to the performanc X 200 Index. Profe,03/14/2025 ce of the EURO essionally man,08/11/2025 STOXX 50 Index aged account.,"$500,001 - $1,000,000 x, Nikkei 225 Index, F",,"SP JP Morgan Chase Finance [CS] P 03/14/2025 08/11/2025 $500,001 - $1,000,000 Filing Status: New Subholding Of: W.S.B Trust > UBS Financial Services 26 Description: Structured Product linked to the performance of the EURO STOXX 50 Index, Nikkei 225 Index, FTSE 100 Index, Swiss Market Index, and S&P/ASX 200 Index. Professionally managed account.",,,False,100,,not_applicable,,False,False,True,03/14/2025,False,,valid_range
20032149,Hon. Sheri Biggs,Member,SC03,20032149.pdf,2025,54,SP,JP Morgan Chase Finance,JP Morgan Chase Finance,,,CS,P,2025-03-27,2025-08-11,250001.0,500000.0,,"$250,001 - $500,000",valid_range,New,W.S.B Trust > UBS Financial Services 26,,"Structured investment product based on SX5E, NKY, UKX, SMI, AS51 indices. Professionally managed account",,8,8,table,False,False,,False,0,False,True,100,True,30,False,https://disclosures-clerk.house.gov/public_disc/ptr-pdfs/2025/20032149.pdf,,,SP,JP Morgan Chase Finance [CS],JP Morgan Chase Finance [CS],P,03/27/2025,08/11/2025,"$250,001 - $500,000","Filing Status: New Subholding Of: W.S.B Trust > UBS Financial Services 26 Description: Structured investment product based on SX5E, NKY, UKX, SMI, AS51 indices. Professionally managed account","SP JP Morgan Chase Finance [CS] P 03/27/2025 08/11/2025 $250,001 - $500,000 Filing Status: New Subholding Of: W.S.B Trust > UBS Financial Services 26 Description: Structured investment product based on SX5E, NKY, UKX, SMI, AS51 indices. Professionally managed account",,,False,100,,not_applicable,,False,False,False,03/27/2025,False,,valid_range
20032149,Hon. Sheri Biggs,Member,SC03,20032149.pdf,2025,55,SP,JP Morgan Chase Finance,JP Morgan Chase Finance,,,CS,P,2025-03-26,2025-08-11,250001.0,500000.0,,"$250,001 - $500,000",valid_range,New,W.S.B Trust > UBS Financial Services 26,,"Structured investment product based on INDU, SPX indices. Professionally managed account.",,8,8,table,False,False,,False,0,False,False,100,True,30,False,https://disclosures-clerk.house.gov/public_disc/ptr-pdfs/2025/20032149.pdf,,,SP,JP Morgan Chase Finance [CS] Filing Status: New Subholding Of: W.S.B Trust > UBS Fina Description: Structured investment prod,JP Morgan Chase Finance [CS],P ancial Services 26 duct based on IND,"03/26/2025 DU, SPX indice",08/11/2025 s. Professionally m,"$250,001 - $500,000 managed account.",,"SP JP Morgan Chase Finance [CS] P 03/26/2025 08/11/2025 $250,001 - $500,000 Filing Status: New Subholding Of: W.S.B Trust > UBS Financial Services 26 Description: Structured investment product based on INDU, SPX indices. Professionally managed account.",,,False,100,,not_applicable,,False,False,True,03/26/2025,False,,valid_range
20032149,Hon. Sheri Biggs,Member,SC03,20032149.pdf,2025,56,SP,JP Morgan Chase Finance,JP Morgan Chase Finance,,,CS,P,2025-03-17,2025-08-11,250001.0,500000.0,,"$250,001 - $500,000",valid_range,New,W.S.B Trust > UBS Financial Services 26,,"Structured investment product based on EURO STOXX 50, Nikkei 225, FTSE 100, Swiss Market, and S&P/ASX 200 indices. Professionally managed account.",,8,9,table,False,False,,True,0,False,True,98,True,30,False,https://disclosures-clerk.house.gov/public_disc/ptr-pdfs/2025/20032149.pdf,,,SP,JP Morgan Chase Finance [CS],JP Morgan Chase Finance [CS],P,03/17/2025,08/11/2025,"$250,001 - $500,000","Filing Status: New Subholding Of: W.S.B Trust > UBS Financial Services 26 Description: Structured investment product based on EURO STOXX 50, Nikkei 225, FTSE 100, Swiss Market, and S&P/ASX 200 indices. Professionally managed account.","SP JP Morgan Chase Finance [CS] P 03/17/2025 08/11/2025 $250,001 - $500,000 Filing Status: New Subholding Of: W.S.B Trust > UBS Financial Services 26 Description: Structured investment product based on EURO STOXX 50, Nikkei 225, FTSE 100, Swiss Market, and S&P/ASX 200 indices. Professionally managed account.",,,False,98,,not_applicable,,False,False,False,03/17/2025,False,,valid_range
20032149,Hon. Sheri Biggs,Member,SC03,20032149.pdf,2025,57,SP,JP Morgan Chase Finance,JP Morgan Chase Finance,,,CS,P,2025-04-15,2025-08-11,250001.0,500000.0,,"$250,001 - $500,000",valid_range,New,W.S.B Trust > UBS Financial Services 26,,"Structured investment product based on INDU, SPX indices. Professionally managed account.",,9,9,table,False,False,,False,0,False,False,100,True,30,False,https://disclosures-clerk.house.gov/public_disc/ptr-pdfs/2025/20032149.pdf,,,SP,JP Morgan Chase Finance [CS] Filing Status: New Subholding Of: W.S.B Trust > UBS Fina Description: Structured investment prod,JP Morgan Chase Finance [CS],P ancial Services 26 duct based on IND,"04/15/2025 DU, SPX indice",08/11/2025 s. Professionally m,"$250,001 - $500,000 managed account.",,"SP JP Morgan Chase Finance [CS] P 04/15/2025 08/11/2025 $250,001 - $500,000 Filing Status: New Subholding Of: W.S.B Trust > UBS Financial Services 26 Description: Structured investment product based on INDU, SPX indices. Professionally managed account.",,,False,100,,not_applicable,,False,False,True,04/15/2025,False,,valid_range
20032149,Hon. Sheri Biggs,Member,SC03,20032149.pdf,2025,58,SP,KASIKORNBANK PCL UNSP/ADR,KASIKORNBANK PCL UNSP/ADR,KPCPY,KPCPY,ST,S,2025-03-18,2025-08-11,1001.0,15000.0,,"$1,001 - $15,000",valid_range,New,W.S.B Trust > UBS Financial Services Inc 35,,Professionally managed account.,,9,9,table,False,False,,False,0,False,True,100,True,30,False,https://disclosures-clerk.house.gov/public_disc/ptr-pdfs/2025/20032149.pdf,,,SP,KASIKORNBANK PCL UNSP/ADR (KPCPY) [ST],KASIKORNBANK PCL UNSP/ADR (KPCPY) [ST],S,03/18/2025,08/11/2025,"$1,001 - $15,000",Filing Status: New Subholding Of: W.S.B Trust > UBS Financial Services Inc 35 Description: Professionally managed account.,"SP KASIKORNBANK PCL UNSP/ADR (KPCPY) [ST] S 03/18/2025 08/11/2025 $1,001 - $15,000 Filing Status: New Subholding Of: W.S.B Trust > UBS Financial Services Inc 35 Description: Professionally managed account.",,,False,100,KPCPY,accepted,house_ptr_structure+v8_1,False,False,False,03/18/2025,False,,valid_range
20032149,Hon. Sheri Biggs,Member,SC03,20032149.pdf,2025,59,SP,KB Financial Group Inc,KB Financial Group Inc,KB,KB,ST,S,2025-03-18,2025-08-11,1001.0,15000.0,,"$1,001 - $15,000",valid_range,New,W.S.B Trust > UBS Financial Services Inc 35,,Professionally managed account.,,9,9,table,False,False,,False,0,False,False,100,True,30,False,https://disclosures-clerk.house.gov/public_disc/ptr-pdfs/2025/20032149.pdf,,,SP,KB Financial Group Inc (KB) [ST] Filing Status: New Subholding Of: W.S.B Trust > UBS Fina Description: Professionally managed acc,KB Financial Group Inc (KB) [ST],S ancial Services Inc count.,03/18/2025 c 35,08/11/2025,"$1,001 - $15,000",,"SP KB Financial Group Inc (KB) [ST] S 03/18/2025 08/11/2025 $1,001 - $15,000 Filing Status: New Subholding Of: W.S.B Trust > UBS Financial Services Inc 35 Description: Professionally managed account.",,,False,100,KB,accepted,house_ptr_structure+v8_1,False,False,True,03/18/2025,False,,valid_range
20032149,Hon. Sheri Biggs,Member,SC03,20032149.pdf,2025,60,SP,Kimberly-Clark De Mexico S A B de C V Sponsored ADR,Kimberly-Clark De Mexico S A B de C V Sponsored ADR,KCDMY,KCDMY,ST,S,2025-03-18,2025-08-11,1001.0,15000.0,,"$1,001 - $15,000",valid_range,New,W.S.B Trust > UBS Financial Services Inc 35,,Professionally managed account,,9,9,table,False,False,,False,0,False,True,100,True,30,False,https://disclosures-clerk.house.gov/public_disc/ptr-pdfs/2025/20032149.pdf,,,SP,Kimberly-Clark De Mexico S A B de C V Sponsored ADR (KCDMY) [ST],Kimberly-Clark De Mexico S A B de C V Sponsored ADR (KCDMY) [ST],S,03/18/2025,08/11/2025,"$1,001 - $15,000",Filing Status: New Subholding Of: W.S.B Trust > UBS Financial Services Inc 35 Description: Professionally managed account,"SP Kimberly-Clark De Mexico S A B de C V Sponsored ADR (KCDMY) [ST] S 03/18/2025 08/11/2025 $1,001 - $15,000 Filing Status: New Subholding Of: W.S.B Trust > UBS Financial Services Inc 35 Description: Professionally managed account",,,False,100,KCDMY,accepted,house_ptr_structure+v8_1,False,False,False,03/18/2025,False,,valid_range
20032149,Hon. Sheri Biggs,Member,SC03,20032149.pdf,2025,61,SP,KKR Real Estate Select Trust Class U,KKR Real Estate Select Trust Class U,,,PS,P,2025-03-31,2025-08-11,1001.0,15000.0,,"$1,001 - $15,000",valid_range,New,UBS Financial Services > 95,US,Dividend reinvestment in a professionally managed account.,,9,9,table,False,False,,False,0,False,False,100,True,37,False,https://disclosures-clerk.house.gov/public_disc/ptr-pdfs/2025/20032149.pdf,,,SP,KKR Real Estate Select Trust Class U [PS] Filing Status: New Subholding Of: UBS Financial Services > Location: US Description: Dividend reinvestment in a,KKR Real Estate Select Trust Class U [PS],P > 95 professionally m,03/31/2025 anaged accoun,08/11/2025 nt.,"$1,001 - $15,000",,"SP KKR Real Estate Select Trust Class U [PS] P 03/31/2025 08/11/2025 $1,001 - $15,000 Filing Status: New Subholding Of: UBS Financial Services > 95 Location: US Description: Dividend reinvestment in a professionally managed account.",,,False,100,,not_applicable,,False,False,True,03/31/2025,False,,valid_range
20032149,Hon. Sheri Biggs,Member,SC03,20032149.pdf,2025,62,SP,KKR Real Estate Select Trust Class U,KKR Real Estate Select Trust Class U,,,HN,P,2025-05-30,2025-08-11,1001.0,15000.0,,"$1,001 - $15,000",valid_range,New,W.S.B Trust > UBS Financial Services 26,,Dividend reinvestment in a professionally managed account.,,9,9,table,False,False,,False,0,False,True,100,True,30,False,https://disclosures-clerk.house.gov/public_disc/ptr-pdfs/2025/20032149.pdf,,,SP,KKR Real Estate Select Trust Class U [HN],KKR Real Estate Select Trust Class U [HN],P,05/30/2025,08/11/2025,"$1,001 - $15,000",Filing Status: New Subholding Of: W.S.B Trust > UBS Financial Services 26 Description: Dividend reinvestment in a professionally managed account.,"SP KKR Real Estate Select Trust Class U [HN] P 05/30/2025 08/11/2025 $1,001 - $15,000 Filing Status: New Subholding Of: W.S.B Trust > UBS Financial Services 26 Description: Dividend reinvestment in a professionally managed account.",,,False,100,,not_applicable,,False,False,False,05/30/2025,False,,valid_range
20032149,Hon. Sheri Biggs,Member,SC03,20032149.pdf,2025,63,SP,KKR Real Estate Select Trust Class U,KKR Real Estate Select Trust Class U,,,HN,P,2025-08-29,2025-09-25,1001.0,15000.0,,"$1,001 - $15,000",valid_range,New,W.S.B Trust > UBS Financial Services 26,,Reinvestment in Managed Account,,9,10,table,False,False,,True,0,False,False,98,True,30,False,https://disclosures-clerk.house.gov/public_disc/ptr-pdfs/2025/20032149.pdf,,,SP,KKR Real Estate Select Trust Class U [HN] Filing Status: New Subholding Of: W.S.B Trust > UBS Fina,KKR Real Estate Select Trust Class U [HN] Description: Reinvestment in Managed Account,P ancial Services 26,08/29/2025,09/25/2025,"$1,001 - $15,000",Description: Reinvestment in Managed Account,"SP KKR Real Estate Select Trust Class U [HN] P 08/29/2025 09/25/2025 $1,001 - $15,000 Filing Status: New Subholding Of: W.S.B Trust > UBS Financial Services 26 Description: Reinvestment in Managed Account",,,False,98,,not_applicable,,False,False,False,08/29/2025,False,,valid_range
20032149,Hon. Sheri Biggs,Member,SC03,20032149.pdf,2025,64,SP,KT Corporation Common Stock,KT Corporation Common Stock,KT,KT,ST,S,2025-03-18,2025-08-11,1001.0,15000.0,,"$1,001 - $15,000",valid_range,New,W.S.B Trust > UBS Financial Services Inc 35,,Professionally managed account,,10,10,table,False,False,,False,0,False,True,100,True,30,False,https://disclosures-clerk.house.gov/public_disc/ptr-pdfs/2025/20032149.pdf,,,SP,KT Corporation Common Stock (KT) [ST],KT Corporation Common Stock (KT) [ST],S,03/18/2025,08/11/2025,"$1,001 - $15,000",Filing Status: New Subholding Of: W.S.B Trust > UBS Financial Services Inc 35 Description: Professionally managed account,"SP KT Corporation Common Stock (KT) [ST] S 03/18/2025 08/11/2025 $1,001 - $15,000 Filing Status: New Subholding Of: W.S.B Trust > UBS Financial Services Inc 35 Description: Professionally managed account",,,False,100,KT,accepted,house_ptr_structure+v8_1,False,False,False,03/18/2025,False,,valid_range
20032149,Hon. Sheri Biggs,Member,SC03,20032149.pdf,2025,65,SP,Lenovo Group Ltd Sponsored ADR,Lenovo Group Ltd Sponsored ADR,LNVGY,LNVGY,ST,S,2025-03-18,2025-08-11,1001.0,15000.0,,"$1,001 - $15,000",valid_range,New,W.S.B Trust > UBS Financial Services Inc 35,,Professionally managed account.,,10,10,table,False,False,,False,0,False,False,100,True,30,False,https://disclosures-clerk.house.gov/public_disc/ptr-pdfs/2025/20032149.pdf,,,SP,Lenovo Group Ltd Sponsored ADR (LNVGY) [ST] Filing Status: New Subholding Of: W.S.B Trust > UBS Fina Description: Professionally managed acc,Lenovo Group Ltd Sponsored ADR (LNVGY) [ST],S ancial Services Inc count.,03/18/2025 c 35,08/11/2025,"$1,001 - $15,000",,"SP Lenovo Group Ltd Sponsored ADR (LNVGY) [ST] S 03/18/2025 08/11/2025 $1,001 - $15,000 Filing Status: New Subholding Of: W.S.B Trust > UBS Financial Services Inc 35 Description: Professionally managed account.",,,False,100,LNVGY,accepted,house_ptr_structure+v8_1,False,False,True,03/18/2025,False,,valid_range
20032149,Hon. Sheri Biggs,Member,SC03,20032149.pdf,2025,66,SP,Life Healthcare Group Holdings Ltd Unsponsored ADR,Life Healthcare Group Holdings Ltd Unsponsored ADR,LTGHY,LTGHY,ST,S,2025-03-18,2025-08-11,1001.0,15000.0,,"$1,001 - $15,000",valid_range,New,W.S.B Trust > UBS Financial Services Inc 35,,Professionally managed account.,,10,10,table,False,False,,False,0,False,True,100,True,30,False,https://disclosures-clerk.house.gov/public_disc/ptr-pdfs/2025/20032149.pdf,,,SP,Life Healthcare Group Holdings Ltd Unsponsored ADR (LTGHY) [ST],Life Healthcare Group Holdings Ltd Unsponsored ADR (LTGHY) [ST],S,03/18/2025,08/11/2025,"$1,001 - $15,000",Filing Status: New Subholding Of: W.S.B Trust > UBS Financial Services Inc 35 Description: Professionally managed account.,"SP Life Healthcare Group Holdings Ltd Unsponsored ADR (LTGHY) [ST] S 03/18/2025 08/11/2025 $1,001 - $15,000 Filing Status: New Subholding Of: W.S.B Trust > UBS Financial Services Inc 35 Description: Professionally managed account.",,,False,100,LTGHY,accepted,house_ptr_structure+v8_1,False,False,False,03/18/2025,False,,valid_range
20032149,Hon. Sheri Biggs,Member,SC03,20032149.pdf,2025,67,SP,"Lowe's Companies, Inc. Common Stock","Lowe's Companies, Inc. Common Stock",LOW,LOW,ST,S,2025-03-19,2025-08-11,15001.0,50000.0,,"$15,001 - $50,000",valid_range,New,W.S.B Trust > UBS Financial Services Inc 36,,Professionally managed account.,,10,10,table,False,False,,False,0,False,False,100,True,30,False,https://disclosures-clerk.house.gov/public_disc/ptr-pdfs/2025/20032149.pdf,,,SP,"Lowe's Companies, Inc. Common Stock (LOW) [ST] Filing Status: New Subholding Of: W.S.B Trust > UBS Fina Description: Professionally managed acc","Lowe's Companies, Inc. Common Stock (LOW) [ST]",S ancial Services Inc count.,03/19/2025 c 36,08/11/2025,"$15,001 - $50,000",,"SP Lowe's Companies, Inc. Common Stock (LOW) [ST] S 03/19/2025 08/11/2025 $15,001 - $50,000 Filing Status: New Subholding Of: W.S.B Trust > UBS Financial Services Inc 36 Description: Professionally managed account.",,,False,100,LOW,accepted,house_ptr_structure+v8_1,False,False,True,03/19/2025,False,,valid_range
20032149,Hon. Sheri Biggs,Member,SC03,20032149.pdf,2025,68,SP,"Merck & Company, Inc. Common Stock","Merck & Company, Inc. Common Stock",MRK,MRK,ST,S,2025-03-19,2025-08-11,15001.0,50000.0,,"$15,001 - $50,000",valid_range,New,W.S.B Trust > UBS Financial Services Inc 36,,Professionally managed account.,,10,10,table,False,False,,False,0,False,True,100,True,30,False,https://disclosures-clerk.house.gov/public_disc/ptr-pdfs/2025/20032149.pdf,,,SP,"Merck & Company, Inc. Common Stock (MRK) [ST]","Merck & Company, Inc. Common Stock (MRK) [ST]",S,03/19/2025,08/11/2025,"$15,001 - $50,000",Filing Status: New Subholding Of: W.S.B Trust > UBS Financial Services Inc 36 Description: Professionally managed account.,"SP Merck & Company, Inc. Common Stock (MRK) [ST] S 03/19/2025 08/11/2025 $15,001 - $50,000 Filing Status: New Subholding Of: W.S.B Trust > UBS Financial Services Inc 36 Description: Professionally managed account.",,,False,100,MRK,accepted,house_ptr_structure+v8_1,False,False,False,03/19/2025,False,,valid_range
20032149,Hon. Sheri Biggs,Member,SC03,20032149.pdf,2025,69,SP,Microsoft Corporation - Common Stock,Microsoft Corporation - Common Stock,MSFT,MSFT,ST,S,2025-03-19,2025-08-11,15001.0,50000.0,,"$15,001 - $50,000",valid_range,New,W.S.B Trust > UBS Financial Services Inc 36,,Professionally managed account.,,10,10,table,False,False,,False,0,False,False,100,True,30,False,https://disclosures-clerk.house.gov/public_disc/ptr-pdfs/2025/20032149.pdf,,,SP,Microsoft Corporation - Common Stock (MSFT) [ST] Filing Status: New Subholding Of: W.S.B Trust > UBS Fina Description: Professionally managed acc,Microsoft Corporation - Common Stock (MSFT) [ST],S ancial Services Inc count.,03/19/2025 c 36,08/11/2025,"$15,001 - $50,000",,"SP Microsoft Corporation - Common Stock (MSFT) [ST] S 03/19/2025 08/11/2025 $15,001 - $50,000 Filing Status: New Subholding Of: W.S.B Trust > UBS Financial Services Inc 36 Description: Professionally managed account.",,,False,100,MSFT,accepted,house_ptr_structure+v8_1,False,False,True,03/19/2025,False,,valid_range
20032149,Hon. Sheri Biggs,Member,SC03,20032149.pdf,2025,70,SP,Mol Magyar Olay Es Gazipari Rt Sponsored ADR representing Ord Shs Series A,Mol Magyar Olay Es Gazipari Rt Sponsored ADR representing Ord Shs Series A,MGYOY,MGYOY,ST,S,2025-03-18,2025-08-11,1001.0,15000.0,,"$1,001 - $15,000",valid_range,New,W.S.B Trust > UBS Financial Services Inc 35,,Professionally managed account.,,10,10,table,False,False,,False,0,False,True,100,True,30,False,https://disclosures-clerk.house.gov/public_disc/ptr-pdfs/2025/20032149.pdf,,,SP,Mol Magyar Olay Es Gazipari Rt Sponsored ADR representing Ord Shs Series A (MGYOY) [ST],Mol Magyar Olay Es Gazipari Rt Sponsored ADR representing Ord Shs Series A (MGYOY) [ST],S,03/18/2025,08/11/2025,"$1,001 - $15,000",Filing Status: New Subholding Of: W.S.B Trust > UBS Financial Services Inc 35 Description: Professionally managed account.,"SP Mol Magyar Olay Es Gazipari Rt Sponsored ADR representing Ord Shs Series A (MGYOY) [ST] S 03/18/2025 08/11/2025 $1,001 - $15,000 Filing Status: New Subholding Of: W.S.B Trust > UBS Financial Services Inc 35 Description: Professionally managed account.",,,False,100,MGYOY,accepted,house_ptr_structure+v8_1,False,False,False,03/18/2025,False,,valid_range
20032149,Hon. Sheri Biggs,Member,SC03,20032149.pdf,2025,71,SP,Morgan Stanley Finance,Morgan Stanley Finance,,,CS,P,2025-03-26,2025-08-11,250001.0,500000.0,,"$250,001 - $500,000",valid_range,New,W.S.B Trust > UBS Financial Services 26,,Structured investment product based on SPX. Professionally managed account,,10,11,table,False,False,,True,0,False,False,98,True,30,False,https://disclosures-clerk.house.gov/public_disc/ptr-pdfs/2025/20032149.pdf,,,SP,Morgan Stanley Finance [CS],"Morgan Stanley Finance [CS] $500,000",P,03/26/2025,08/11/2025,"$250,001 -","$500,000 Filing Status: New Subholding Of: W.S.B Trust > UBS Financial Services 26 Description: Structured investment product based on SPX. Professionally managed account","SP Morgan Stanley Finance [CS] P 03/26/2025 08/11/2025 $250,001 - $500,000 Filing Status: New Subholding Of: W.S.B Trust > UBS Financial Services 26 Description: Structured investment product based on SPX. Professionally managed account",,,False,98,,not_applicable,,False,False,False,03/26/2025,False,,valid_range
20032149,Hon. Sheri Biggs,Member,SC03,20032149.pdf,2025,72,SP,Morgan Stanley Finance,Morgan Stanley Finance,,,CS,P,2025-03-27,2025-08-11,1000001.0,5000000.0,,"$1,000,001 - $5,000,000",valid_range,New,W.S.B Trust > UBS Financial Services 26,,"Structured investment product based on SX5E, NKY, UKX, SMI, AS51 indices. Professionally managed account.",,11,11,table,False,False,,False,0,False,True,100,True,30,False,https://disclosures-clerk.house.gov/public_disc/ptr-pdfs/2025/20032149.pdf,,,SP,Morgan Stanley Finance [CS],Morgan Stanley Finance [CS],P,03/27/2025,08/11/2025,"$1,000,001 - $5,000,000","Filing Status: New Subholding Of: W.S.B Trust > UBS Financial Services 26 Description: Structured investment product based on SX5E, NKY, UKX, SMI, AS51 indices. Professionally managed account.","SP Morgan Stanley Finance [CS] P 03/27/2025 08/11/2025 $1,000,001 - $5,000,000 Filing Status: New Subholding Of: W.S.B Trust > UBS Financial Services 26 Description: Structured investment product based on SX5E, NKY, UKX, SMI, AS51 indices. Professionally managed account.",,,False,100,,not_applicable,,False,False,False,03/27/2025,False,,valid_range
20032149,Hon. Sheri Biggs,Member,SC03,20032149.pdf,2025,73,SP,Morgan Stanley Finance,Morgan Stanley Finance,,,CS,P,2025-03-14,2025-08-11,250001.0,500000.0,,"$250,001 - $500,000",valid_range,New,W.S.B Trust > UBS Financial Services 26,,"Structured investment product based on INDU, SPX indices. Professionally managed account.",,11,11,table,False,False,,False,0,False,False,100,True,30,False,https://disclosures-clerk.house.gov/public_disc/ptr-pdfs/2025/20032149.pdf,,,SP,Morgan Stanley Finance [CS] Filing Status: New Subholding Of: W.S.B Trust > UBS Fina Description: Structured investment prod,Morgan Stanley Finance [CS],P ancial Services 26 duct based on IND,"03/14/2025 DU, SPX indice",08/11/2025 s. Professionally m,"$250,001 - $500,000 managed account.",,"SP Morgan Stanley Finance [CS] P 03/14/2025 08/11/2025 $250,001 - $500,000 Filing Status: New Subholding Of: W.S.B Trust > UBS Financial Services 26 Description: Structured investment product based on INDU, SPX indices. Professionally managed account.",,,False,100,,not_applicable,,False,False,True,03/14/2025,False,,valid_range
20032149,Hon. Sheri Biggs,Member,SC03,20032149.pdf,2025,74,SP,Nedbank Group Limited Sponsored ADR,Nedbank Group Limited Sponsored ADR,NDBKY,NDBKY,ST,S,2025-03-18,2025-08-11,1001.0,15000.0,,"$1,001 - $15,000",valid_range,New,W.S.B Trust > UBS Financial Services Inc 35,,Professionally managed account.,,11,11,table,False,False,,False,0,False,True,100,True,30,False,https://disclosures-clerk.house.gov/public_disc/ptr-pdfs/2025/20032149.pdf,,,SP,Nedbank Group Limited Sponsored ADR (NDBKY) [ST],Nedbank Group Limited Sponsored ADR (NDBKY) [ST],S,03/18/2025,08/11/2025,"$1,001 - $15,000",Filing Status: New Subholding Of: W.S.B Trust > UBS Financial Services Inc 35 Description: Professionally managed account.,"SP Nedbank Group Limited Sponsored ADR (NDBKY) [ST] S 03/18/2025 08/11/2025 $1,001 - $15,000 Filing Status: New Subholding Of: W.S.B Trust > UBS Financial Services Inc 35 Description: Professionally managed account.",,,False,100,NDBKY,accepted,house_ptr_structure+v8_1,False,False,False,03/18/2025,False,,valid_range
20032149,Hon. Sheri Biggs,Member,SC03,20032149.pdf,2025,75,SP,NESTLE S.A S/ADR,NESTLE S.A S/ADR,NSRGY,NSRGY,ST,S,2025-03-19,2025-08-11,1001.0,15000.0,,"$1,001 - $15,000",valid_range,New,W.S.B Trust > UBS Financial Services Inc 36,,Professionally managed account.,,11,11,table,False,False,,False,0,False,False,100,True,30,False,https://disclosures-clerk.house.gov/public_disc/ptr-pdfs/2025/20032149.pdf,,,SP,NESTLE S.A S/ADR (NSRGY) [ST] Filing Status: New Subholding Of: W.S.B Trust > UBS Fina Description: Professionally managed acc,NESTLE S.A S/ADR (NSRGY) [ST],S ancial Services Inc count.,03/19/2025 c 36,08/11/2025,"$1,001 - $15,000",,"SP NESTLE S.A S/ADR (NSRGY) [ST] S 03/19/2025 08/11/2025 $1,001 - $15,000 Filing Status: New Subholding Of: W.S.B Trust > UBS Financial Services Inc 36 Description: Professionally managed account.",,,False,100,NSRGY,accepted,house_ptr_structure+v8_1,False,False,True,03/19/2025,False,,valid_range
20032149,Hon. Sheri Biggs,Member,SC03,20032149.pdf,2025,76,SP,"NetEase, Inc. - American Depositary Shares, each representing 5 ordinary shares","NetEase, Inc. - American Depositary Shares, each representing 5 ordinary shares",NTES,NTES,ST,S,2025-03-18,2025-08-11,1001.0,15000.0,,"$1,001 - $15,000",valid_range,New,W.S.B Trust > UBS Financial Services Inc 35,,Professionally managed account.,,11,11,table,False,False,,False,0,False,True,100,True,30,False,https://disclosures-clerk.house.gov/public_disc/ptr-pdfs/2025/20032149.pdf,,,SP,"NetEase, Inc. - American Depositary Shares, each representing 5 ordinary shares (NTES) [ST]","NetEase, Inc. - American Depositary Shares, each representing 5 ordinary shares (NTES) [ST]",S,03/18/2025,08/11/2025,"$1,001 - $15,000",Filing Status: New Subholding Of: W.S.B Trust > UBS Financial Services Inc 35 Description: Professionally managed account.,"SP NetEase, Inc. - American Depositary Shares, each representing 5 ordinary shares (NTES) [ST] S 03/18/2025 08/11/2025 $1,001 - $15,000 Filing Status: New Subholding Of: W.S.B Trust > UBS Financial Services Inc 35 Description: Professionally managed account.",,,False,100,NTES,accepted,house_ptr_structure+v8_1,False,False,False,03/18/2025,False,,valid_range
20032149,Hon. Sheri Biggs,Member,SC03,20032149.pdf,2025,77,SP,Nintendo Co Ltd ADR,Nintendo Co Ltd ADR,NTDOY,NTDOY,ST,S,2025-03-19,2025-08-11,15001.0,50000.0,,"$15,001 - $50,000",valid_range,New,W.S.B Trust > UBS Financial Services Inc 36,,Professionally managed account.,,11,11,table,False,False,,False,0,False,False,100,True,30,False,https://disclosures-clerk.house.gov/public_disc/ptr-pdfs/2025/20032149.pdf,,,SP,Nintendo Co Ltd ADR (NTDOY) [ST] Filing Status: New Subholding Of: W.S.B Trust > UBS Fina Description: Professionally managed acc,Nintendo Co Ltd ADR (NTDOY) [ST],S ancial Services Inc count.,03/19/2025 c 36,08/11/2025,"$15,001 - $50,000",,"SP Nintendo Co Ltd ADR (NTDOY) [ST] S 03/19/2025 08/11/2025 $15,001 - $50,000 Filing Status: New Subholding Of: W.S.B Trust > UBS Financial Services Inc 36 Description: Professionally managed account.",,,False,100,NTDOY,accepted,house_ptr_structure+v8_1,False,False,True,03/19/2025,False,,valid_range
20032149,Hon. Sheri Biggs,Member,SC03,20032149.pdf,2025,78,SP,Norfolk Southern Corporation Common Stock,Norfolk Southern Corporation Common Stock,NSC,NSC,ST,S,2025-03-19,2025-08-11,15001.0,50000.0,,"$15,001 - $50,000",valid_range,New $200?,W.S.B Trust > UBS Financial Services Inc 36,,Professionally managed account.,,11,12,table,False,False,,True,0,False,True,98,True,30,False,https://disclosures-clerk.house.gov/public_disc/ptr-pdfs/2025/20032149.pdf,,,SP,Norfolk Southern Corporation Common Stock (NSC) [ST],Norfolk Southern Corporation Common Stock (NSC) [ST],S,03/19/2025,08/11/2025,"$15,001 - $50,000",Filing Status: New $200? Subholding Of: W.S.B Trust > UBS Financial Services Inc 36 Description: Professionally managed account.,"SP Norfolk Southern Corporation Common Stock (NSC) [ST] S 03/19/2025 08/11/2025 $15,001 - $50,000 Filing Status: New $200? Subholding Of: W.S.B Trust > UBS Financial Services Inc 36 Description: Professionally managed account.",,,False,98,NSC,accepted,house_ptr_structure+v8_1,False,False,False,03/19/2025,False,,valid_range
20032149,Hon. Sheri Biggs,Member,SC03,20032149.pdf,2025,79,SP,Northrop Grumman Corporation Common Stock,Northrop Grumman Corporation Common Stock,NOC,NOC,ST,S,2025-03-19,2025-08-11,15001.0,50000.0,,"$15,001 - $50,000",valid_range,New,W.S.B Trust > UBS Financial Services Inc 36,,Professionally managed account.,,12,12,table,False,False,,False,0,False,False,100,True,30,False,https://disclosures-clerk.house.gov/public_disc/ptr-pdfs/2025/20032149.pdf,,,SP,Northrop Grumman Corporation Common Stock (NOC) [ST] Filing Status: New Subholding Of: W.S.B Trust > UBS Fina Description: Professionally managed acc,Northrop Grumman Corporation Common Stock (NOC) [ST],S ancial Services Inc count.,03/19/2025 c 36,08/11/2025,"$15,001 - $50,000",,"SP Northrop Grumman Corporation Common Stock (NOC) [ST] S 03/19/2025 08/11/2025 $15,001 - $50,000 Filing Status: New Subholding Of: W.S.B Trust > UBS Financial Services Inc 36 Description: Professionally managed account.",,,False,100,NOC,accepted,house_ptr_structure+v8_1,False,False,True,03/19/2025,False,,valid_range
20032149,Hon. Sheri Biggs,Member,SC03,20032149.pdf,2025,80,SP,Oaktree Strategic Credit Fund Class S,Oaktree Strategic Credit Fund Class S,,,OT,P,2025-02-03,2025-08-11,1001.0,15000.0,,"$1,001 - $15,000",valid_range,New,UBS Financial Services > 95,US,Dividend reinvestment in a professionally managed account – Business Development Company.,,12,12,table,False,False,,False,0,False,True,100,True,37,False,https://disclosures-clerk.house.gov/public_disc/ptr-pdfs/2025/20032149.pdf,,,SP,Oaktree Strategic Credit Fund Class S [OT],Oaktree Strategic Credit Fund Class S [OT],P,02/03/2025,08/11/2025,"$1,001 - $15,000",Filing Status: New Subholding Of: UBS Financial Services > 95 Location: US Description: Dividend reinvestment in a professionally managed account – Business Development Company.,"SP Oaktree Strategic Credit Fund Class S [OT] P 02/03/2025 08/11/2025 $1,001 - $15,000 Filing Status: New Subholding Of: UBS Financial Services > 95 Location: US Description: Dividend reinvestment in a professionally managed account – Business Development Company.",,,False,100,,not_applicable,,False,False,False,02/03/2025,False,,valid_range
20032149,Hon. Sheri Biggs,Member,SC03,20032149.pdf,2025,81,SP,Oaktree Strategic Credit Fund Class S,Oaktree Strategic Credit Fund Class S,,,OT,P,2025-02-26,2025-08-11,1001.0,15000.0,,"$1,001 - $15,000",valid_range,New,UBS Financial Services > 95,US,Dividend reinvestment in a professionally managed account – Business Development Company.,,12,12,table,False,False,,False,0,False,False,100,True,37,False,https://disclosures-clerk.house.gov/public_disc/ptr-pdfs/2025/20032149.pdf,,,SP,Oaktree Strategic Credit Fund Class S [OT] Filing Status: New Subholding Of: UBS Financial Services > Location: US Description: Dividend reinvestment in a,Oaktree Strategic Credit Fund Class S [OT],P > 95 professionally m,02/26/2025 anaged accoun,08/11/2025 nt – Business Deve,"$1,001 - $15,000 elopment Company.",,"SP Oaktree Strategic Credit Fund Class S [OT] P 02/26/2025 08/11/2025 $1,001 - $15,000 Filing Status: New Subholding Of: UBS Financial Services > 95 Location: US Description: Dividend reinvestment in a professionally managed account – Business Development Company.",,,False,100,,not_applicable,,False,False,True,02/26/2025,False,,valid_range
20032149,Hon. Sheri Biggs,Member,SC03,20032149.pdf,2025,82,SP,Oaktree Strategic Credit Fund Class S,Oaktree Strategic Credit Fund Class S,,,OT,P,2025-03-03,2025-08-11,1001.0,15000.0,,"$1,001 - $15,000",valid_range,New,UBS Financial Services > 95,US,Dividend reinvestment in a professionally managed account – Business Development Company.,,12,12,table,False,False,,False,0,False,True,100,True,37,False,https://disclosures-clerk.house.gov/public_disc/ptr-pdfs/2025/20032149.pdf,,,SP,Oaktree Strategic Credit Fund Class S [OT],Oaktree Strategic Credit Fund Class S [OT],P,03/03/2025,08/11/2025,"$1,001 - $15,000",Filing Status: New Subholding Of: UBS Financial Services > 95 Location: US Description: Dividend reinvestment in a professionally managed account – Business Development Company.,"SP Oaktree Strategic Credit Fund Class S [OT] P 03/03/2025 08/11/2025 $1,001 - $15,000 Filing Status: New Subholding Of: UBS Financial Services > 95 Location: US Description: Dividend reinvestment in a professionally managed account – Business Development Company.",,,False,100,,not_applicable,,False,False,False,03/03/2025,False,,valid_range
20032149,Hon. Sheri Biggs,Member,SC03,20032149.pdf,2025,83,SP,Oaktree Strategic Credit Fund Class S,Oaktree Strategic Credit Fund Class S,,,OT,P,2025-08-27,2025-09-17,1001.0,15000.0,,"$1,001 - $15,000",valid_range,New,W.S.B Trust > UBS Financial Services 26,US,Dividend reinvestment in a professionally managed account – Business Development Company.,,12,12,table,False,False,,False,0,False,False,100,True,37,False,https://disclosures-clerk.house.gov/public_disc/ptr-pdfs/2025/20032149.pdf,,,SP,Oaktree Strategic Credit Fund Class S [OT] Filing Status: New Subholding Of: W.S.B Trust > UBS Fina Location: US Description: Dividend reinvestment in a,Oaktree Strategic Credit Fund Class S [OT],P ancial Services 26 professionally m,08/27/2025 anaged accoun,09/17/2025 nt – Business Deve,"$1,001 - $15,000 elopment Company.",,"SP Oaktree Strategic Credit Fund Class S [OT] P 08/27/2025 09/17/2025 $1,001 - $15,000 Filing Status: New Subholding Of: W.S.B Trust > UBS Financial Services 26 Location: US Description: Dividend reinvestment in a professionally managed account – Business Development Company.",,,False,100,,not_applicable,,False,False,True,08/27/2025,False,,valid_range
20032149,Hon. Sheri Biggs,Member,SC03,20032149.pdf,2025,84,SP,Oaktree Strategic Credit Fund Class S,Oaktree Strategic Credit Fund Class S,,,OT,P,2025-07-30,2025-08-20,1001.0,15000.0,,"$1,001 - $15,000",valid_range,New,W.S.B Trust > UBS Financial Services 26,US,Dividend reinvestment in a professionally managed account – Business Development Company.,,12,12,table,False,False,,False,0,False,True,100,True,37,False,https://disclosures-clerk.house.gov/public_disc/ptr-pdfs/2025/20032149.pdf,,,SP,Oaktree Strategic Credit Fund Class S [OT],Oaktree Strategic Credit Fund Class S [OT],P,07/30/2025,08/20/2025,"$1,001 - $15,000",Filing Status: New Subholding Of: W.S.B Trust > UBS Financial Services 26 Location: US Description: Dividend reinvestment in a professionally managed account – Business Development Company.,"SP Oaktree Strategic Credit Fund Class S [OT] P 07/30/2025 08/20/2025 $1,001 - $15,000 Filing Status: New Subholding Of: W.S.B Trust > UBS Financial Services 26 Location: US Description: Dividend reinvestment in a professionally managed account – Business Development Company.",,,False,100,,not_applicable,,False,False,False,07/30/2025,False,,valid_range
20032149,Hon. Sheri Biggs,Member,SC03,20032149.pdf,2025,85,SP,Oaktree Strategic Credit Fund Class S,Oaktree Strategic Credit Fund Class S,,,OT,P,2025-06-26,2025-08-11,1001.0,15000.0,,"$1,001 - $15,000",valid_range,New,W.S.B Trust > UBS Financial Services 26,US,Dividend reinvestment in a professionally managed account – Business Development Company.,,12,13,table,False,False,,True,0,False,False,98,True,37,False,https://disclosures-clerk.house.gov/public_disc/ptr-pdfs/2025/20032149.pdf,,,SP,Oaktree Strategic Credit Fund Class S [OT],Oaktree Strategic Credit Fund Class S [OT],P,06/26/2025,08/11/2025,"$1,001 - $15,000",Filing Status: New Subholding Of: W.S.B Trust > UBS Financial Services 26 Location: US Description: Dividend reinvestment in a professionally managed account – Business Development Company.,"SP Oaktree Strategic Credit Fund Class S [OT] P 06/26/2025 08/11/2025 $1,001 - $15,000 Filing Status: New Subholding Of: W.S.B Trust > UBS Financial Services 26 Location: US Description: Dividend reinvestment in a professionally managed account – Business Development Company.",,,False,98,,not_applicable,,False,False,False,06/26/2025,False,,valid_range
20032149,Hon. Sheri Biggs,Member,SC03,20032149.pdf,2025,86,SP,Oaktree Strategic Credit Fund Class S,Oaktree Strategic Credit Fund Class S,,,OT,P,2025-05-28,2025-08-11,1001.0,15000.0,,"$1,001 - $15,000",valid_range,New,W.S.B Trust > UBS Financial Services 26,US,Dividend reinvestment in a professionally managed account - Business Development Company.,,13,13,table,False,False,,False,0,False,True,100,True,37,False,https://disclosures-clerk.house.gov/public_disc/ptr-pdfs/2025/20032149.pdf,,,SP,Oaktree Strategic Credit Fund Class S [OT],Oaktree Strategic Credit Fund Class S [OT],P,05/28/2025,08/11/2025,"$1,001 - $15,000",Filing Status: New Subholding Of: W.S.B Trust > UBS Financial Services 26 Location: US Description: Dividend reinvestment in a professionally managed account - Business Development Company.,"SP Oaktree Strategic Credit Fund Class S [OT] P 05/28/2025 08/11/2025 $1,001 - $15,000 Filing Status: New Subholding Of: W.S.B Trust > UBS Financial Services 26 Location: US Description: Dividend reinvestment in a professionally managed account - Business Development Company.",,,False,100,,not_applicable,,False,False,False,05/28/2025,False,,valid_range
20032149,Hon. Sheri Biggs,Member,SC03,20032149.pdf,2025,87,SP,Oaktree Strategic Credit Fund Class S,Oaktree Strategic Credit Fund Class S,,,OT,P,2025-03-27,2025-08-11,1001.0,15000.0,,"$1,001 - $15,000",valid_range,New,W.S.B Trust > UBS Financial Services 26,US,Dividend reinvestment in a professionally managed account – Business Development Company.,,13,13,table,False,False,,False,0,False,False,100,True,37,False,https://disclosures-clerk.house.gov/public_disc/ptr-pdfs/2025/20032149.pdf,,,SP,Oaktree Strategic Credit Fund Class S [OT] Filing Status: New Subholding Of: W.S.B Trust > UBS Fina Location: US Description: Dividend reinvestment in a,Oaktree Strategic Credit Fund Class S [OT],P ancial Services 26 professionally m,03/27/2025 anaged accoun,08/11/2025 nt – Business Deve,"$1,001 - $15,000 elopment Company.",,"SP Oaktree Strategic Credit Fund Class S [OT] P 03/27/2025 08/11/2025 $1,001 - $15,000 Filing Status: New Subholding Of: W.S.B Trust > UBS Financial Services 26 Location: US Description: Dividend reinvestment in a professionally managed account – Business Development Company.",,,False,100,,not_applicable,,False,False,True,03/27/2025,False,,valid_range
20032149,Hon. Sheri Biggs,Member,SC03,20032149.pdf,2025,88,SP,Oaktree Strategic Credit Fund Class S,Oaktree Strategic Credit Fund Class S,,,OT,P,2025-04-28,2025-08-11,1001.0,15000.0,,"$1,001 - $15,000",valid_range,New,W.S.B Trust > UBS Financial Services 26,US,Dividend reinvestment in a professionally managed account – Business Development Company.,,13,13,table,False,False,,False,0,False,True,100,True,37,False,https://disclosures-clerk.house.gov/public_disc/ptr-pdfs/2025/20032149.pdf,,,SP,Oaktree Strategic Credit Fund Class S [OT],Oaktree Strategic Credit Fund Class S [OT],P,04/28/2025,08/11/2025,"$1,001 - $15,000",Filing Status: New Subholding Of: W.S.B Trust > UBS Financial Services 26 Location: US Description: Dividend reinvestment in a professionally managed account – Business Development Company.,"SP Oaktree Strategic Credit Fund Class S [OT] P 04/28/2025 08/11/2025 $1,001 - $15,000 Filing Status: New Subholding Of: W.S.B Trust > UBS Financial Services 26 Location: US Description: Dividend reinvestment in a professionally managed account – Business Development Company.",,,False,100,,not_applicable,,False,False,False,04/28/2025,False,,valid_range
20032149,Hon. Sheri Biggs,Member,SC03,20032149.pdf,2025,89,SP,"Paychex, Inc. - Common Stock","Paychex, Inc. - Common Stock",PAYX,PAYX,ST,S,2025-03-19,2025-08-11,15001.0,50000.0,,"$15,001 - $50,000",valid_range,New,W.S.B Trust > UBS Financial Services Inc 36,,Professionally managed account.,,13,13,table,False,False,,False,0,False,False,100,True,30,False,https://disclosures-clerk.house.gov/public_disc/ptr-pdfs/2025/20032149.pdf,,,SP,"Paychex, Inc. - Common Stock (PAYX) [ST] Filing Status: New Subholding Of: W.S.B Trust > UBS Fina Description: Professionally managed acc","Paychex, Inc. - Common Stock (PAYX) [ST]",S ancial Services Inc count.,03/19/2025 c 36,08/11/2025,"$15,001 - $50,000",,"SP Paychex, Inc. - Common Stock (PAYX) [ST] S 03/19/2025 08/11/2025 $15,001 - $50,000 Filing Status: New Subholding Of: W.S.B Trust > UBS Financial Services Inc 36 Description: Professionally managed account.",,,False,100,PAYX,accepted,house_ptr_structure+v8_1,False,False,True,03/19/2025,False,,valid_range
20032149,Hon. Sheri Biggs,Member,SC03,20032149.pdf,2025,90,SP,Petroleo Brasileiro S.A. Petrobras ADS,Petroleo Brasileiro S.A. Petrobras ADS,PBR,PBR,ST,S,2025-03-18,2025-08-11,1001.0,15000.0,,"$1,001 - $15,000",valid_range,New,W.S.B Trust > UBS Financial Services Inc 35,,Professionally managed account.,,13,13,table,False,False,,False,0,False,True,100,True,30,False,https://disclosures-clerk.house.gov/public_disc/ptr-pdfs/2025/20032149.pdf,,,SP,Petroleo Brasileiro S.A. Petrobras ADS (PBR) [ST],Petroleo Brasileiro S.A. Petrobras ADS (PBR) [ST],S,03/18/2025,08/11/2025,"$1,001 - $15,000",Filing Status: New Subholding Of: W.S.B Trust > UBS Financial Services Inc 35 Description: Professionally managed account.,"SP Petroleo Brasileiro S.A. Petrobras ADS (PBR) [ST] S 03/18/2025 08/11/2025 $1,001 - $15,000 Filing Status: New Subholding Of: W.S.B Trust > UBS Financial Services Inc 35 Description: Professionally managed account.",,,False,100,PBR,accepted,house_ptr_structure+v8_1,False,False,False,03/18/2025,False,,valid_range
20032149,Hon. Sheri Biggs,Member,SC03,20032149.pdf,2025,91,SP,Philip Morris International Inc Common Stock,Philip Morris International Inc Common Stock,PM,PM,ST,S,2025-03-19,2025-08-11,15001.0,50000.0,,"$15,001 - $50,000",valid_range,New,W.S.B Trust > UBS Financial Services Inc 36,,Professionally managed account.,,13,13,table,False,False,,False,0,False,False,100,True,30,False,https://disclosures-clerk.house.gov/public_disc/ptr-pdfs/2025/20032149.pdf,,,SP,Philip Morris International Inc Common Stock (PM) [ST] Filing Status: New Subholding Of: W.S.B Trust > UBS Fina Description: Professionally managed acc,Philip Morris International Inc Common Stock (PM) [ST],S ancial Services Inc count.,03/19/2025 c 36,08/11/2025,"$15,001 - $50,000",,"SP Philip Morris International Inc Common Stock (PM) [ST] S 03/19/2025 08/11/2025 $15,001 - $50,000 Filing Status: New Subholding Of: W.S.B Trust > UBS Financial Services Inc 36 Description: Professionally managed account.",,,False,100,PM,accepted,house_ptr_structure+v8_1,False,False,True,03/19/2025,False,,valid_range
20032149,Hon. Sheri Biggs,Member,SC03,20032149.pdf,2025,92,SP,Ping An Insurance Co Ltd Shares H,Ping An Insurance Co Ltd Shares H,PIAIF,PIAIF,ST,S,2025-03-18,2025-08-11,1001.0,15000.0,,"$1,001 - $15,000",valid_range,New,W.S.B Trust > UBS Financial Services Inc 35,,Professionally managed account.,,13,14,table,False,False,,True,0,False,True,98,True,30,False,https://disclosures-clerk.house.gov/public_disc/ptr-pdfs/2025/20032149.pdf,,,SP,Ping An Insurance Co Ltd Shares H (PIAIF) [ST],Ping An Insurance Co Ltd Shares H (PIAIF) [ST] Type Date p Gains > $200?,S,03/18/2025,08/11/2025,"$1,001 - $15,000",Type Date p Gains > $200? Filing Status: New Subholding Of: W.S.B Trust > UBS Financial Services Inc 35 Description: Professionally managed account.,"SP Ping An Insurance Co Ltd Shares H (PIAIF) [ST] S 03/18/2025 08/11/2025 $1,001 - $15,000 Type Date p Gains > $200? Filing Status: New Subholding Of: W.S.B Trust > UBS Financial Services Inc 35 Description: Professionally managed account.",,,False,98,PIAIF,accepted,house_ptr_structure+v8_1,False,False,False,03/18/2025,False,,valid_range
20032149,Hon. Sheri Biggs,Member,SC03,20032149.pdf,2025,93,SP,Progressive Corporation,Progressive Corporation,PGR,PGR,ST,S,2025-03-19,2025-08-11,15001.0,50000.0,,"$15,001 - $50,000",valid_range,New,W.S.B Trust > UBS Financial Services Inc 36,,Professionally managed account.,,14,14,table,False,False,,False,0,False,False,100,True,30,False,https://disclosures-clerk.house.gov/public_disc/ptr-pdfs/2025/20032149.pdf,,,SP,Progressive Corporation (PGR) [ST] Filing Status: New Subholding Of: W.S.B Trust > UBS Fina Description: Professionally managed acc,Progressive Corporation (PGR) [ST],S ancial Services Inc count.,03/19/2025 c 36,08/11/2025,"$15,001 - $50,000",,"SP Progressive Corporation (PGR) [ST] S 03/19/2025 08/11/2025 $15,001 - $50,000 Filing Status: New Subholding Of: W.S.B Trust > UBS Financial Services Inc 36 Description: Professionally managed account.",,,False,100,PGR,accepted,house_ptr_structure+v8_1,False,False,True,03/19/2025,False,,valid_range
20032149,Hon. Sheri Biggs,Member,SC03,20032149.pdf,2025,94,SP,Pt Astra International TBK Unsponsored ADR,Pt Astra International TBK Unsponsored ADR,PTAIY,PTAIY,ST,S,2025-03-18,2025-08-11,1001.0,15000.0,,"$1,001 - $15,000",valid_range,New,W.S.B Trust > UBS Financial Services Inc 35,,Professionally managed account.,,14,14,table,False,False,,False,0,False,True,100,True,30,False,https://disclosures-clerk.house.gov/public_disc/ptr-pdfs/2025/20032149.pdf,,,SP,Pt Astra International TBK Unsponsored ADR (PTAIY) [ST],Pt Astra International TBK Unsponsored ADR (PTAIY) [ST],S,03/18/2025,08/11/2025,"$1,001 - $15,000",Filing Status: New Subholding Of: W.S.B Trust > UBS Financial Services Inc 35 Description: Professionally managed account.,"SP Pt Astra International TBK Unsponsored ADR (PTAIY) [ST] S 03/18/2025 08/11/2025 $1,001 - $15,000 Filing Status: New Subholding Of: W.S.B Trust > UBS Financial Services Inc 35 Description: Professionally managed account.",,,False,100,PTAIY,accepted,house_ptr_structure+v8_1,False,False,False,03/18/2025,False,,valid_range
20032149,Hon. Sheri Biggs,Member,SC03,20032149.pdf,2025,95,SP,PT Bank Mandiri Persero TBK Unsponsored ADR,PT Bank Mandiri Persero TBK Unsponsored ADR,PPERY,PPERY,ST,S,2025-03-18,2025-08-11,1001.0,15000.0,,"$1,001 - $15,000",valid_range,New,W.S.B Trust > UBS Financial Services Inc 35,,Professionally managed account.,,14,14,table,False,False,,False,0,False,False,100,True,30,False,https://disclosures-clerk.house.gov/public_disc/ptr-pdfs/2025/20032149.pdf,,,SP,PT Bank Mandiri Persero TBK Unsponsored ADR (PPERY) [ST] Filing Status: New Subholding Of: W.S.B Trust > UBS Fina Description: Professionally managed acc,PT Bank Mandiri Persero TBK Unsponsored ADR (PPERY) [ST],S ancial Services Inc count.,03/18/2025 c 35,08/11/2025,"$1,001 - $15,000",,"SP PT Bank Mandiri Persero TBK Unsponsored ADR (PPERY) [ST] S 03/18/2025 08/11/2025 $1,001 - $15,000 Filing Status: New Subholding Of: W.S.B Trust > UBS Financial Services Inc 35 Description: Professionally managed account.",,,False,100,PPERY,accepted,house_ptr_structure+v8_1,False,False,True,03/18/2025,False,,valid_range
20032149,Hon. Sheri Biggs,Member,SC03,20032149.pdf,2025,96,SP,"PT Telekomunikasi Indonesia, Tbk","PT Telekomunikasi Indonesia, Tbk",TLK,TLK,ST,S,2025-03-18,2025-08-11,1001.0,15000.0,,"$1,001 - $15,000",valid_range,New,W.S.B Trust > UBS Financial Services Inc 35,,Professionally managed account.,,14,14,table,False,False,,False,0,False,True,100,True,30,False,https://disclosures-clerk.house.gov/public_disc/ptr-pdfs/2025/20032149.pdf,,,SP,"PT Telekomunikasi Indonesia, Tbk (TLK) [ST]","PT Telekomunikasi Indonesia, Tbk (TLK) [ST]",S,03/18/2025,08/11/2025,"$1,001 - $15,000",Filing Status: New Subholding Of: W.S.B Trust > UBS Financial Services Inc 35 Description: Professionally managed account.,"SP PT Telekomunikasi Indonesia, Tbk (TLK) [ST] S 03/18/2025 08/11/2025 $1,001 - $15,000 Filing Status: New Subholding Of: W.S.B Trust > UBS Financial Services Inc 35 Description: Professionally managed account.",,,False,100,TLK,accepted,house_ptr_structure+v8_1,False,False,False,03/18/2025,False,,valid_range
20032149,Hon. Sheri Biggs,Member,SC03,20032149.pdf,2025,97,SP,PT United Tractors Unsponsored ADR,PT United Tractors Unsponsored ADR,PUTKY,PUTKY,ST,S,2025-03-18,2025-08-11,1001.0,15000.0,,"$1,001 - $15,000",valid_range,New,W.S.B Trust > UBS Financial Services Inc 35,,Professionally managed account.,,14,14,table,False,False,,False,0,False,False,100,True,30,False,https://disclosures-clerk.house.gov/public_disc/ptr-pdfs/2025/20032149.pdf,,,SP,PT United Tractors Unsponsored ADR (PUTKY) [ST] Filing Status: New Subholding Of: W.S.B Trust > UBS Fina Description: Professionally managed acc,PT United Tractors Unsponsored ADR (PUTKY) [ST],S ancial Services Inc count.,03/18/2025 c 35,08/11/2025,"$1,001 - $15,000",,"SP PT United Tractors Unsponsored ADR (PUTKY) [ST] S 03/18/2025 08/11/2025 $1,001 - $15,000 Filing Status: New Subholding Of: W.S.B Trust > UBS Financial Services Inc 35 Description: Professionally managed account.",,,False,100,PUTKY,accepted,house_ptr_structure+v8_1,False,False,True,03/18/2025,False,,valid_range
20032149,Hon. Sheri Biggs,Member,SC03,20032149.pdf,2025,98,SP,Sanlam Ltd Sponsored ADR,Sanlam Ltd Sponsored ADR,SLLDY,SLLDY,ST,S,2025-03-18,2025-08-11,1001.0,15000.0,,"$1,001 - $15,000",valid_range,New,W.S.B Trust > UBS Financial Services Inc 35,,Professionally managed account.,,14,14,table,False,False,,False,0,False,True,100,True,30,False,https://disclosures-clerk.house.gov/public_disc/ptr-pdfs/2025/20032149.pdf,,,SP,Sanlam Ltd Sponsored ADR (SLLDY) [ST],Sanlam Ltd Sponsored ADR (SLLDY) [ST],S,03/18/2025,08/11/2025,"$1,001 - $15,000",Filing Status: New Subholding Of: W.S.B Trust > UBS Financial Services Inc 35 Description: Professionally managed account.,"SP Sanlam Ltd Sponsored ADR (SLLDY) [ST] S 03/18/2025 08/11/2025 $1,001 - $15,000 Filing Status: New Subholding Of: W.S.B Trust > UBS Financial Services Inc 35 Description: Professionally managed account.",,,False,100,SLLDY,accepted,house_ptr_structure+v8_1,False,False,False,03/18/2025,False,,valid_range
20032149,Hon. Sheri Biggs,Member,SC03,20032149.pdf,2025,99,SP,Schlumberger N.V. Common Stock,Schlumberger N.V. Common Stock,SLB,SLB,ST,S,2025-03-18,2025-08-11,1001.0,15000.0,,"$1,001 - $15,000",valid_range,New,W.S.B Trust > UBS Financial Services Inc 35,,Professionally managed account.,,14,14,table,False,False,,False,0,False,False,100,True,30,False,https://disclosures-clerk.house.gov/public_disc/ptr-pdfs/2025/20032149.pdf,,,SP,Schlumberger N.V. Common Stock (SLB) [ST] Filing Status: New Subholding Of: W.S.B Trust > UBS Fina Description: Professionally managed acc,Schlumberger N.V. Common Stock (SLB) [ST],S ancial Services Inc count.,03/18/2025 c 35,08/11/2025,"$1,001 - $15,000",,"SP Schlumberger N.V. Common Stock (SLB) [ST] S 03/18/2025 08/11/2025 $1,001 - $15,000 Filing Status: New Subholding Of: W.S.B Trust > UBS Financial Services Inc 35 Description: Professionally managed account.",,,False,100,SLB,accepted,house_ptr_structure+v8_1,False,False,True,03/18/2025,False,,valid_range
20032149,Hon. Sheri Biggs,Member,SC03,20032149.pdf,2025,100,SP,Shinhan Financial Group Co Ltd American Depositary Shares,Shinhan Financial Group Co Ltd American Depositary Shares,SHG,SHG,ST,S,2025-03-18,2025-08-11,1001.0,15000.0,,"$1,001 - $15,000",valid_range,New,W.S.B Trust > UBS Financial Services Inc 35,,Professionally managed account.,,15,15,table,False,False,,False,0,False,True,100,True,30,False,https://disclosures-clerk.house.gov/public_disc/ptr-pdfs/2025/20032149.pdf,,,SP,Shinhan Financial Group Co Ltd American Depositary Shares (SHG) [ST],Shinhan Financial Group Co Ltd American Depositary Shares (SHG) [ST],S,03/18/2025,08/11/2025,"$1,001 - $15,000",Filing Status: New Subholding Of: W.S.B Trust > UBS Financial Services Inc 35 Description: Professionally managed account.,"SP Shinhan Financial Group Co Ltd American Depositary Shares (SHG) [ST] S 03/18/2025 08/11/2025 $1,001 - $15,000 Filing Status: New Subholding Of: W.S.B Trust > UBS Financial Services Inc 35 Description: Professionally managed account.",,,False,100,SHG,accepted,house_ptr_structure+v8_1,False,False,False,03/18/2025,False,,valid_range
20032149,Hon. Sheri Biggs,Member,SC03,20032149.pdf,2025,101,SP,Sinopharm Group Co. Ltd Unsponsored ADR,Sinopharm Group Co. Ltd Unsponsored ADR,SHTDY,SHTDY,ST,S,2025-03-18,2025-08-11,1001.0,15000.0,,"$1,001 - $15,000",valid_range,New,W.S.B Trust > UBS Financial Services Inc 35,,Professionally managed account.,,15,15,table,False,False,,False,0,False,False,100,True,30,False,https://disclosures-clerk.house.gov/public_disc/ptr-pdfs/2025/20032149.pdf,,,SP,Sinopharm Group Co. Ltd Unsponsored ADR (SHTDY) [ST] Filing Status: New Subholding Of: W.S.B Trust > UBS Fina Description: Professionally managed acc,Sinopharm Group Co. Ltd Unsponsored ADR (SHTDY) [ST],S ancial Services Inc count.,03/18/2025 c 35,08/11/2025,"$1,001 - $15,000",,"SP Sinopharm Group Co. Ltd Unsponsored ADR (SHTDY) [ST] S 03/18/2025 08/11/2025 $1,001 - $15,000 Filing Status: New Subholding Of: W.S.B Trust > UBS Financial Services Inc 35 Description: Professionally managed account.",,,False,100,SHTDY,accepted,house_ptr_structure+v8_1,False,False,True,03/18/2025,False,,valid_range
20032149,Hon. Sheri Biggs,Member,SC03,20032149.pdf,2025,102,SP,SL Partners VII (ICapital) Fund,SL Partners VII (ICapital) Fund,,,HN,P,2025-04-22,2025-08-11,1001.0,15000.0,,"$1,001 - $15,000",valid_range,New,W.S.B Trust > UBS Financial Services 26,,Professionally managed account.,,15,15,table,False,False,,False,0,False,True,100,True,30,False,https://disclosures-clerk.house.gov/public_disc/ptr-pdfs/2025/20032149.pdf,,,SP,SL Partners VII (ICapital) Fund [HN],SL Partners VII (ICapital) Fund [HN],P,04/22/2025,08/11/2025,"$1,001 - $15,000",Filing Status: New Subholding Of: W.S.B Trust > UBS Financial Services 26 Description: Professionally managed account.,"SP SL Partners VII (ICapital) Fund [HN] P 04/22/2025 08/11/2025 $1,001 - $15,000 Filing Status: New Subholding Of: W.S.B Trust > UBS Financial Services 26 Description: Professionally managed account.",,,False,100,,not_applicable,,False,False,False,04/22/2025,False,,valid_range
20032149,Hon. Sheri Biggs,Member,SC03,20032149.pdf,2025,103,SP,SL Partners VII (ICapital) Fund,SL Partners VII (ICapital) Fund,,,HN,P,2025-01-06,2025-08-11,15001.0,50000.0,,"$15,001 - $50,000",valid_range,New,UBS Financial Services > 95,,Professionally managed account,,15,15,table,False,False,,False,0,False,False,100,True,30,False,https://disclosures-clerk.house.gov/public_disc/ptr-pdfs/2025/20032149.pdf,,,SP,SL Partners VII (ICapital) Fund [HN] Filing Status: New Subholding Of: UBS Financial Services > Description: Professionally managed acc,SL Partners VII (ICapital) Fund [HN],P > 95 count,01/06/2025,08/11/2025,"$15,001 - $50,000",,"SP SL Partners VII (ICapital) Fund [HN] P 01/06/2025 08/11/2025 $15,001 - $50,000 Filing Status: New Subholding Of: UBS Financial Services > 95 Description: Professionally managed account",,,False,100,,not_applicable,,False,False,False,01/06/2025,False,,valid_range
20032149,Hon. Sheri Biggs,Member,SC03,20032149.pdf,2025,104,SP,SL Partners VII iCapital LP,SL Partners VII iCapital LP,,,HN,P,2025-08-18,2025-09-17,1001.0,15000.0,,"$1,001 - $15,000",valid_range,New,W.S.B Trust > UBS Financial Services 26,,,,15,15,table,False,False,,False,0,False,True,100,True,20,False,https://disclosures-clerk.house.gov/public_disc/ptr-pdfs/2025/20032149.pdf,,,SP,SL Partners VII iCapital LP [HN],SL Partners VII iCapital LP [HN],P,08/18/2025,09/17/2025,"$1,001 - $15,000",Filing Status: New Subholding Of: W.S.B Trust > UBS Financial Services 26,"SP SL Partners VII iCapital LP [HN] P 08/18/2025 09/17/2025 $1,001 - $15,000 Filing Status: New Subholding Of: W.S.B Trust > UBS Financial Services 26",,,False,100,,not_applicable,,False,False,False,08/18/2025,False,,valid_range
20032149,Hon. Sheri Biggs,Member,SC03,20032149.pdf,2025,105,SP,SL Partners VII iCapital LP,SL Partners VII iCapital LP,,,HN,P,2025-09-18,2025-09-25,1001.0,15000.0,,"$1,001 - $15,000",valid_range,New,W.S.B Trust > UBS Financial Services 26,,Managed Account,,15,15,table,False,False,,False,0,False,False,100,True,30,False,https://disclosures-clerk.house.gov/public_disc/ptr-pdfs/2025/20032149.pdf,,,SP,SL Partners VII iCapital LP [HN] Filing Status: New Subholding Of: W.S.B Trust > UBS Fina Description: Managed Account,SL Partners VII iCapital LP [HN],P ancial Services 26,09/18/2025,09/25/2025,"$1,001 - $15,000",,"SP SL Partners VII iCapital LP [HN] P 09/18/2025 09/25/2025 $1,001 - $15,000 Filing Status: New Subholding Of: W.S.B Trust > UBS Financial Services 26 Description: Managed Account",,,False,100,,not_applicable,,False,False,False,09/18/2025,False,,valid_range
20032149,Hon. Sheri Biggs,Member,SC03,20032149.pdf,2025,106,SP,Sociedad Quimica y Minera S.A. Common Stock,Sociedad Quimica y Minera S.A. Common Stock,SQM,SQM,ST,S,2025-03-18,2025-08-11,1001.0,15000.0,,"$1,001 - $15,000",valid_range,New,W.S.B Trust > UBS Financial Services Inc 35,,Professionally managed account.,,15,15,table,False,False,,False,0,False,True,100,True,30,False,https://disclosures-clerk.house.gov/public_disc/ptr-pdfs/2025/20032149.pdf,,,SP,Sociedad Quimica y Minera S.A. Common Stock (SQM) [ST],Sociedad Quimica y Minera S.A. Common Stock (SQM) [ST],S,03/18/2025,08/11/2025,"$1,001 - $15,000",Filing Status: New Subholding Of: W.S.B Trust > UBS Financial Services Inc 35 Description: Professionally managed account.,"SP Sociedad Quimica y Minera S.A. Common Stock (SQM) [ST] S 03/18/2025 08/11/2025 $1,001 - $15,000 Filing Status: New Subholding Of: W.S.B Trust > UBS Financial Services Inc 35 Description: Professionally managed account.",,,False,100,SQM,accepted,house_ptr_structure+v8_1,False,False,False,03/18/2025,False,,valid_range
20032149,Hon. Sheri Biggs,Member,SC03,20032149.pdf,2025,107,SP,Standard Bank Group Limited Sponsored ADR,Standard Bank Group Limited Sponsored ADR,SGBLY,SGBLY,ST,S,2025-03-18,2025-08-11,1001.0,15000.0,,"$1,001 - $15,000",valid_range,New,W.S.B Trust > UBS Financial Services Inc 35,,Professionally managed account.,,15,16,table,False,False,,True,0,False,False,98,True,30,False,https://disclosures-clerk.house.gov/public_disc/ptr-pdfs/2025/20032149.pdf,,,SP,Standard Bank Group Limited Sponsored ADR (SGBLY) [ST] Filing Status: New Subholding Of: W.S.B Trust > UBS Fina,Standard Bank Group Limited Sponsored ADR (SGBLY) [ST] Description: Professionally managed account.,S ancial Services Inc,03/18/2025 c 35,08/11/2025,"$1,001 - $15,000",Description: Professionally managed account.,"SP Standard Bank Group Limited Sponsored ADR (SGBLY) [ST] S 03/18/2025 08/11/2025 $1,001 - $15,000 Filing Status: New Subholding Of: W.S.B Trust > UBS Financial Services Inc 35 Description: Professionally managed account.",,,False,98,SGBLY,accepted,house_ptr_structure+v8_1,False,False,True,03/18/2025,False,,valid_range
20032149,Hon. Sheri Biggs,Member,SC03,20032149.pdf,2025,108,SP,Starbucks Corporation - Common Stock,Starbucks Corporation - Common Stock,SBUX,SBUX,ST,S,2025-03-19,2025-08-11,15001.0,50000.0,,"$15,001 - $50,000",valid_range,New,W.S.B Trust > UBS Financial Services Inc 36,,Professionally managed account.,,16,16,table,False,False,,False,0,False,True,100,True,30,False,https://disclosures-clerk.house.gov/public_disc/ptr-pdfs/2025/20032149.pdf,,,SP,Starbucks Corporation - Common Stock (SBUX) [ST],Starbucks Corporation - Common Stock (SBUX) [ST],S,03/19/2025,08/11/2025,"$15,001 - $50,000",Filing Status: New Subholding Of: W.S.B Trust > UBS Financial Services Inc 36 Description: Professionally managed account.,"SP Starbucks Corporation - Common Stock (SBUX) [ST] S 03/19/2025 08/11/2025 $15,001 - $50,000 Filing Status: New Subholding Of: W.S.B Trust > UBS Financial Services Inc 36 Description: Professionally managed account.",,,False,100,SBUX,accepted,house_ptr_structure+v8_1,False,False,False,03/19/2025,False,,valid_range
20032149,Hon. Sheri Biggs,Member,SC03,20032149.pdf,2025,109,SP,Taiwan Semiconductor Manufacturing Company Ltd.,Taiwan Semiconductor Manufacturing Company Ltd.,TSM,TSM,ST,S,2025-03-18,2025-08-11,1001.0,15000.0,,"$1,001 - $15,000",valid_range,New,W.S.B Trust > UBS Financial Services Inc 35,,Professionally managed account.,,16,16,table,False,False,,False,0,False,False,100,True,30,False,https://disclosures-clerk.house.gov/public_disc/ptr-pdfs/2025/20032149.pdf,,,SP,Taiwan Semiconductor Manufacturing Company Ltd. (TSM) [ST] Filing Status: New Subholding Of: W.S.B Trust > UBS Fina Description: Professionally managed acc,Taiwan Semiconductor Manufacturing Company Ltd. (TSM) [ST],S ancial Services Inc count.,03/18/2025 c 35,08/11/2025,"$1,001 - $15,000",,"SP Taiwan Semiconductor Manufacturing Company Ltd. (TSM) [ST] S 03/18/2025 08/11/2025 $1,001 - $15,000 Filing Status: New Subholding Of: W.S.B Trust > UBS Financial Services Inc 35 Description: Professionally managed account.",,,False,100,TSM,accepted,house_ptr_structure+v8_1,False,False,True,03/18/2025,False,,valid_range
20032149,Hon. Sheri Biggs,Member,SC03,20032149.pdf,2025,110,SP,TE Connectivity plc Ordinary Shares,TE Connectivity plc Ordinary Shares,TEL,TEL,ST,S,2025-03-19,2025-08-11,15001.0,50000.0,,"$15,001 - $50,000",valid_range,New,W.S.B Trust > UBS Financial Services Inc 36,,Professionally managed account.,,16,16,table,False,False,,False,0,False,True,100,True,30,False,https://disclosures-clerk.house.gov/public_disc/ptr-pdfs/2025/20032149.pdf,,,SP,TE Connectivity plc Ordinary Shares (TEL) [ST],TE Connectivity plc Ordinary Shares (TEL) [ST],S,03/19/2025,08/11/2025,"$15,001 - $50,000",Filing Status: New Subholding Of: W.S.B Trust > UBS Financial Services Inc 36 Description: Professionally managed account.,"SP TE Connectivity plc Ordinary Shares (TEL) [ST] S 03/19/2025 08/11/2025 $15,001 - $50,000 Filing Status: New Subholding Of: W.S.B Trust > UBS Financial Services Inc 36 Description: Professionally managed account.",,,False,100,TEL,accepted,house_ptr_structure+v8_1,False,False,False,03/19/2025,False,,valid_range
20032149,Hon. Sheri Biggs,Member,SC03,20032149.pdf,2025,111,SP,TENCENT HLDGS UNSP/ADR,TENCENT HLDGS UNSP/ADR,TCEHY,TCEHY,ST,S,2025-03-18,2025-08-11,1001.0,15000.0,,"$1,001 - $15,000",valid_range,New,W.S.B Trust > UBS Financial Services Inc 35,,Professionally managed account.,,16,16,table,False,False,,False,0,False,False,100,True,30,False,https://disclosures-clerk.house.gov/public_disc/ptr-pdfs/2025/20032149.pdf,,,SP,TENCENT HLDGS UNSP/ADR (TCEHY) [ST] Filing Status: New Subholding Of: W.S.B Trust > UBS Fina Description: Professionally managed acc,TENCENT HLDGS UNSP/ADR (TCEHY) [ST],S ancial Services Inc count.,03/18/2025 c 35,08/11/2025,"$1,001 - $15,000",,"SP TENCENT HLDGS UNSP/ADR (TCEHY) [ST] S 03/18/2025 08/11/2025 $1,001 - $15,000 Filing Status: New Subholding Of: W.S.B Trust > UBS Financial Services Inc 35 Description: Professionally managed account.",,,False,100,TCEHY,accepted,house_ptr_structure+v8_1,False,False,True,03/18/2025,False,,valid_range
20032149,Hon. Sheri Biggs,Member,SC03,20032149.pdf,2025,112,SP,Ternium S.A. Ternium S.A. American Depositary Shares,Ternium S.A. Ternium S.A. American Depositary Shares,TX,TX,ST,S,2025-03-18,2025-08-11,1001.0,15000.0,,"$1,001 - $15,000",valid_range,New,W.S.B Trust > UBS Financial Services Inc 35,,Professionally managed account.,,16,16,table,False,False,,False,0,False,True,100,True,30,False,https://disclosures-clerk.house.gov/public_disc/ptr-pdfs/2025/20032149.pdf,,,SP,Ternium S.A. Ternium S.A. American Depositary Shares (TX) [ST],Ternium S.A. Ternium S.A. American Depositary Shares (TX) [ST],S,03/18/2025,08/11/2025,"$1,001 - $15,000",Filing Status: New Subholding Of: W.S.B Trust > UBS Financial Services Inc 35 Description: Professionally managed account.,"SP Ternium S.A. Ternium S.A. American Depositary Shares (TX) [ST] S 03/18/2025 08/11/2025 $1,001 - $15,000 Filing Status: New Subholding Of: W.S.B Trust > UBS Financial Services Inc 35 Description: Professionally managed account.",,,False,100,TX,accepted,house_ptr_structure+v8_1,False,False,False,03/18/2025,False,,valid_range
20032149,Hon. Sheri Biggs,Member,SC03,20032149.pdf,2025,113,SP,Texas Instruments Incorporated - Common Stock,Texas Instruments Incorporated - Common Stock,TXN,TXN,ST,S,2025-03-19,2025-08-11,15001.0,50000.0,,"$15,001 - $50,000",valid_range,New,W.S.B Trust > UBS Financial Services Inc 36,,Professionally managed account.,,16,16,table,False,False,,False,0,False,False,100,True,30,False,https://disclosures-clerk.house.gov/public_disc/ptr-pdfs/2025/20032149.pdf,,,SP,Texas Instruments Incorporated - Common Stock (TXN) [ST] Filing Status: New Subholding Of: W.S.B Trust > UBS Fina Description: Professionally managed acc,Texas Instruments Incorporated - Common Stock (TXN) [ST],S ancial Services Inc count.,03/19/2025 c 36,08/11/2025,"$15,001 - $50,000",,"SP Texas Instruments Incorporated - Common Stock (TXN) [ST] S 03/19/2025 08/11/2025 $15,001 - $50,000 Filing Status: New Subholding Of: W.S.B Trust > UBS Financial Services Inc 36 Description: Professionally managed account.",,,False,100,TXN,accepted,house_ptr_structure+v8_1,False,False,True,03/19/2025,False,,valid_range
20032149,Hon. Sheri Biggs,Member,SC03,20032149.pdf,2025,114,SP,Tingyi Cayman Islands Hldgs Cp Sponsored ADR,Tingyi Cayman Islands Hldgs Cp Sponsored ADR,TCYMY,TCYMY,ST,S,2025-03-18,2025-08-11,1001.0,15000.0,,"$1,001 - $15,000",valid_range,New,W.S.B Trust > UBS Financial Services Inc 35,,Professionally managed account.,,16,16,table,False,False,,False,0,False,True,100,True,30,False,https://disclosures-clerk.house.gov/public_disc/ptr-pdfs/2025/20032149.pdf,,,SP,Tingyi Cayman Islands Hldgs Cp Sponsored ADR (TCYMY) [ST],Tingyi Cayman Islands Hldgs Cp Sponsored ADR (TCYMY) [ST],S,03/18/2025,08/11/2025,"$1,001 - $15,000",Filing Status: New Subholding Of: W.S.B Trust > UBS Financial Services Inc 35 Description: Professionally managed account.,"SP Tingyi Cayman Islands Hldgs Cp Sponsored ADR (TCYMY) [ST] S 03/18/2025 08/11/2025 $1,001 - $15,000 Filing Status: New Subholding Of: W.S.B Trust > UBS Financial Services Inc 35 Description: Professionally managed account.",,,False,100,TCYMY,accepted,house_ptr_structure+v8_1,False,False,False,03/18/2025,False,,valid_range
20032149,Hon. Sheri Biggs,Member,SC03,20032149.pdf,2025,115,SP,Unilever PLC Common Stock,Unilever PLC Common Stock,UL,UL,ST,S,2025-03-18,2025-08-11,1001.0,15000.0,,"$1,001 - $15,000",valid_range,New,W.S.B Trust > UBS Financial Services Inc 35,,Professionally managed account.,,16,17,table,False,False,,True,0,False,False,98,True,30,False,https://disclosures-clerk.house.gov/public_disc/ptr-pdfs/2025/20032149.pdf,,,SP,Unilever PLC Common Stock (UL),Unilever PLC Common Stock (UL) [ST],S,03/18/2025,08/11/2025,"$1,001 - $15,000",[ST] Filing Status: New Subholding Of: W.S.B Trust > UBS Financial Services Inc 35 Description: Professionally managed account.,"SP Unilever PLC Common Stock (UL) S 03/18/2025 08/11/2025 $1,001 - $15,000 [ST] Filing Status: New Subholding Of: W.S.B Trust > UBS Financial Services Inc 35 Description: Professionally managed account.",,,False,98,UL,accepted,house_ptr_structure+v8_1,False,False,False,03/18/2025,False,,valid_range
20032149,Hon. Sheri Biggs,Member,SC03,20032149.pdf,2025,116,SP,"United Parcel Service, Inc. Common Stock","United Parcel Service, Inc. Common Stock",UPS,UPS,ST,S,2025-03-19,2025-08-11,1001.0,15000.0,,"$1,001 - $15,000",valid_range,New,W.S.B Trust > UBS Financial Services Inc 36,,Professionally managed account.,,17,17,table,False,False,,False,0,False,True,100,True,30,False,https://disclosures-clerk.house.gov/public_disc/ptr-pdfs/2025/20032149.pdf,,,SP,"United Parcel Service, Inc. Common Stock (UPS) [ST]","United Parcel Service, Inc. Common Stock (UPS) [ST]",S,03/19/2025,08/11/2025,"$1,001 - $15,000",Filing Status: New Subholding Of: W.S.B Trust > UBS Financial Services Inc 36 Description: Professionally managed account.,"SP United Parcel Service, Inc. Common Stock (UPS) [ST] S 03/19/2025 08/11/2025 $1,001 - $15,000 Filing Status: New Subholding Of: W.S.B Trust > UBS Financial Services Inc 36 Description: Professionally managed account.",,,False,100,UPS,accepted,house_ptr_structure+v8_1,False,False,False,03/19/2025,False,,valid_range
20032149,Hon. Sheri Biggs,Member,SC03,20032149.pdf,2025,117,SP,US Treasury Note 11/15/2025,US Treasury Note 11/15/2025,,,GS,P,2025-08-25,2025-09-17,1001.0,15000.0,,"$1,001 - $15,000",valid_range,New,W.S.B Trust > UBS Financial Services Inc 35,,,,17,17,table,False,False,,False,0,False,False,100,True,20,False,https://disclosures-clerk.house.gov/public_disc/ptr-pdfs/2025/20032149.pdf,,,SP,US Treasury Note 11/15/2025 [GS] Filing Status: New Subholding Of: W.S.B Trust > UBS Fina,US Treasury Note 11/15/2025 [GS],P ancial Services Inc,08/25/2025 c 35,09/17/2025,"$1,001 - $15,000",,"SP US Treasury Note 11/15/2025 [GS] P 08/25/2025 09/17/2025 $1,001 - $15,000 Filing Status: New Subholding Of: W.S.B Trust > UBS Financial Services Inc 35",,,False,100,,not_applicable,,False,False,True,08/25/2025,False,,valid_range
20032149,Hon. Sheri Biggs,Member,SC03,20032149.pdf,2025,118,SP,US Treasury Note 11/15/2025,US Treasury Note 11/15/2025,,,GS,P,2025-05-30,2025-08-11,1001.0,15000.0,,"$1,001 - $15,000",valid_range,New,W.S.B Trust > UBS Financial Services Inc 35,,Professionally managed account,,17,17,table,False,False,,False,0,False,True,100,True,30,False,https://disclosures-clerk.house.gov/public_disc/ptr-pdfs/2025/20032149.pdf,,,SP,US Treasury Note 11/15/2025 [GS],US Treasury Note 11/15/2025 [GS],P,05/30/2025,08/11/2025,"$1,001 - $15,000",Filing Status: New Subholding Of: W.S.B Trust > UBS Financial Services Inc 35 Description: Professionally managed account,"SP US Treasury Note 11/15/2025 [GS] P 05/30/2025 08/11/2025 $1,001 - $15,000 Filing Status: New Subholding Of: W.S.B Trust > UBS Financial Services Inc 35 Description: Professionally managed account",,,False,100,,not_applicable,,False,False,False,05/30/2025,False,,valid_range
20032149,Hon. Sheri Biggs,Member,SC03,20032149.pdf,2025,119,SP,US Treasury Note 11/15/2025,US Treasury Note 11/15/2025,,,GS,P,2025-03-19,2025-08-11,1001.0,15000.0,,"$1,001 - $15,000",valid_range,New,W.S.B Trust > UBS Financial Services Inc 35,,Professionally managed account.,,17,17,table,False,False,,False,0,False,False,100,True,30,False,https://disclosures-clerk.house.gov/public_disc/ptr-pdfs/2025/20032149.pdf,,,SP,US Treasury Note 11/15/2025 [GS] Filing Status: New Subholding Of: W.S.B Trust > UBS Fina Description: Professionally managed acc,US Treasury Note 11/15/2025 [GS],P ancial Services Inc count.,03/19/2025 c 35,08/11/2025,"$1,001 - $15,000",,"SP US Treasury Note 11/15/2025 [GS] P 03/19/2025 08/11/2025 $1,001 - $15,000 Filing Status: New Subholding Of: W.S.B Trust > UBS Financial Services Inc 35 Description: Professionally managed account.",,,False,100,,not_applicable,,False,False,True,03/19/2025,False,,valid_range
20032149,Hon. Sheri Biggs,Member,SC03,20032149.pdf,2025,120,SP,US Treasury Note 11/15/2029,US Treasury Note 11/15/2029,,,GS,P,2025-03-19,2025-08-11,1001.0,15000.0,,"$1,001 - $15,000",valid_range,New,W.S.B Trust > UBS Financial Services Inc 35,,Professionally managed account,,17,17,table,False,False,,False,0,False,True,100,True,30,False,https://disclosures-clerk.house.gov/public_disc/ptr-pdfs/2025/20032149.pdf,,,SP,US Treasury Note 11/15/2029 [GS],US Treasury Note 11/15/2029 [GS],P,03/19/2025,08/11/2025,"$1,001 - $15,000",Filing Status: New Subholding Of: W.S.B Trust > UBS Financial Services Inc 35 Description: Professionally managed account,"SP US Treasury Note 11/15/2029 [GS] P 03/19/2025 08/11/2025 $1,001 - $15,000 Filing Status: New Subholding Of: W.S.B Trust > UBS Financial Services Inc 35 Description: Professionally managed account",,,False,100,,not_applicable,,False,False,False,03/19/2025,False,,valid_range
20032149,Hon. Sheri Biggs,Member,SC03,20032149.pdf,2025,121,SP,US Treasury Note 11/15/2029,US Treasury Note 11/15/2029,,,GS,P,2025-05-30,2025-08-11,1001.0,15000.0,,"$1,001 - $15,000",valid_range,New,W.S.B Trust > UBS Financial Services Inc 35,,Professionally managed account,,17,17,table,False,False,,False,0,False,False,100,True,30,False,https://disclosures-clerk.house.gov/public_disc/ptr-pdfs/2025/20032149.pdf,,,SP,US Treasury Note 11/15/2029 [GS] Filing Status: New Subholding Of: W.S.B Trust > UBS Fina Description: Professionally managed acc,US Treasury Note 11/15/2029 [GS],P ancial Services Inc count,05/30/2025 c 35,08/11/2025,"$1,001 - $15,000",,"SP US Treasury Note 11/15/2029 [GS] P 05/30/2025 08/11/2025 $1,001 - $15,000 Filing Status: New Subholding Of: W.S.B Trust > UBS Financial Services Inc 35 Description: Professionally managed account",,,False,100,,not_applicable,,False,False,True,05/30/2025,False,,valid_range
20032149,Hon. Sheri Biggs,Member,SC03,20032149.pdf,2025,122,SP,US Treasury Note 11/15/2031,US Treasury Note 11/15/2031,,,GS,P,2025-03-19,2025-08-11,1001.0,15000.0,,"$1,001 - $15,000",valid_range,New,W.S.B Trust > UBS Financial Services Inc 35,,Professionally managed account,,17,17,table,False,False,,False,0,False,True,100,True,30,False,https://disclosures-clerk.house.gov/public_disc/ptr-pdfs/2025/20032149.pdf,,,SP,US Treasury Note 11/15/2031 [GS],US Treasury Note 11/15/2031 [GS],P,03/19/2025,08/11/2025,"$1,001 - $15,000",Filing Status: New Subholding Of: W.S.B Trust > UBS Financial Services Inc 35 Description: Professionally managed account,"SP US Treasury Note 11/15/2031 [GS] P 03/19/2025 08/11/2025 $1,001 - $15,000 Filing Status: New Subholding Of: W.S.B Trust > UBS Financial Services Inc 35 Description: Professionally managed account",,,False,100,,not_applicable,,False,False,False,03/19/2025,False,,valid_range
20032149,Hon. Sheri Biggs,Member,SC03,20032149.pdf,2025,123,SP,US Treasury Note 11/15/2032,US Treasury Note 11/15/2032,,,GS,P,2025-03-19,2025-08-11,1001.0,15000.0,,"$1,001 - $15,000",valid_range,New,W.S.B Trust > UBS Financial Services Inc 35,,Professionally managed account.,,17,18,table,False,False,,True,0,False,False,98,True,30,False,https://disclosures-clerk.house.gov/public_disc/ptr-pdfs/2025/20032149.pdf,,,SP,US Treasury Note 11/15/2032 [GS] Filing Status: New,US Treasury Note 11/15/2032 [GS] Subholding Of: W.S.B Trust > UBS Financial Services Inc 35 Description: Professionally managed account.,P,03/19/2025,08/11/2025,"$1,001 - $15,000",Subholding Of: W.S.B Trust > UBS Financial Services Inc 35 Description: Professionally managed account.,"SP US Treasury Note 11/15/2032 [GS] P 03/19/2025 08/11/2025 $1,001 - $15,000 Filing Status: New Subholding Of: W.S.B Trust > UBS Financial Services Inc 35 Description: Professionally managed account.",,,False,98,,not_applicable,,False,False,False,03/19/2025,False,,valid_range
20032149,Hon. Sheri Biggs,Member,SC03,20032149.pdf,2025,124,SP,US Treasury Note 11/15/2032,US Treasury Note 11/15/2032,,,GS,P,2025-05-30,2025-08-11,1001.0,15000.0,,"$1,001 - $15,000",valid_range,New,W.S.B Trust > UBS Financial Services Inc 35,,Professionally managed account,,18,18,table,False,False,,False,0,False,True,100,True,30,False,https://disclosures-clerk.house.gov/public_disc/ptr-pdfs/2025/20032149.pdf,,,SP,US Treasury Note 11/15/2032 [GS],US Treasury Note 11/15/2032 [GS],P,05/30/2025,08/11/2025,"$1,001 - $15,000",Filing Status: New Subholding Of: W.S.B Trust > UBS Financial Services Inc 35 Description: Professionally managed account,"SP US Treasury Note 11/15/2032 [GS] P 05/30/2025 08/11/2025 $1,001 - $15,000 Filing Status: New Subholding Of: W.S.B Trust > UBS Financial Services Inc 35 Description: Professionally managed account",,,False,100,,not_applicable,,False,False,False,05/30/2025,False,,valid_range
20032149,Hon. Sheri Biggs,Member,SC03,20032149.pdf,2025,125,SP,US Treasury Note 11/15/2033,US Treasury Note 11/15/2033,,,GS,P,2025-05-30,2025-08-11,1001.0,15000.0,,"$1,001 - $15,000",valid_range,New,W.S.B Trust > UBS Financial Services Inc 35,,Professionally managed account,,18,18,table,False,False,,False,0,False,False,100,True,30,False,https://disclosures-clerk.house.gov/public_disc/ptr-pdfs/2025/20032149.pdf,,,SP,US Treasury Note 11/15/2033 [GS] Filing Status: New Subholding Of: W.S.B Trust > UBS Fina Description: Professionally managed acc,US Treasury Note 11/15/2033 [GS],P ancial Services Inc count,05/30/2025 c 35,08/11/2025,"$1,001 - $15,000",,"SP US Treasury Note 11/15/2033 [GS] P 05/30/2025 08/11/2025 $1,001 - $15,000 Filing Status: New Subholding Of: W.S.B Trust > UBS Financial Services Inc 35 Description: Professionally managed account",,,False,100,,not_applicable,,False,False,True,05/30/2025,False,,valid_range
20032149,Hon. Sheri Biggs,Member,SC03,20032149.pdf,2025,126,SP,US Treasury Note 11/15/2033,US Treasury Note 11/15/2033,,,GS,P,2025-03-19,2025-08-11,1001.0,15000.0,,"$1,001 - $15,000",valid_range,New,W.S.B Trust > UBS Financial Services Inc 35,,Professionally managed account.,,18,18,table,False,False,,False,0,False,True,100,True,30,False,https://disclosures-clerk.house.gov/public_disc/ptr-pdfs/2025/20032149.pdf,,,SP,US Treasury Note 11/15/2033 [GS],US Treasury Note 11/15/2033 [GS],P,03/19/2025,08/11/2025,"$1,001 - $15,000",Filing Status: New Subholding Of: W.S.B Trust > UBS Financial Services Inc 35 Description: Professionally managed account.,"SP US Treasury Note 11/15/2033 [GS] P 03/19/2025 08/11/2025 $1,001 - $15,000 Filing Status: New Subholding Of: W.S.B Trust > UBS Financial Services Inc 35 Description: Professionally managed account.",,,False,100,,not_applicable,,False,False,False,03/19/2025,False,,valid_range
20032149,Hon. Sheri Biggs,Member,SC03,20032149.pdf,2025,127,SP,US Treasury Note 11/15/2034,US Treasury Note 11/15/2034,,,GS,P,2025-05-30,2025-08-11,1001.0,15000.0,,"$1,001 - $15,000",valid_range,New,W.S.B Trust > UBS Financial Services Inc 35,,Professionally managed account,,18,18,table,False,False,,False,0,False,False,100,True,30,False,https://disclosures-clerk.house.gov/public_disc/ptr-pdfs/2025/20032149.pdf,,,SP,US Treasury Note 11/15/2034 [GS] Filing Status: New Subholding Of: W.S.B Trust > UBS Fina Description: Professionally managed acc,US Treasury Note 11/15/2034 [GS],P ancial Services Inc count,05/30/2025 c 35,08/11/2025,"$1,001 - $15,000",,"SP US Treasury Note 11/15/2034 [GS] P 05/30/2025 08/11/2025 $1,001 - $15,000 Filing Status: New Subholding Of: W.S.B Trust > UBS Financial Services Inc 35 Description: Professionally managed account",,,False,100,,not_applicable,,False,False,True,05/30/2025,False,,valid_range
20032149,Hon. Sheri Biggs,Member,SC03,20032149.pdf,2025,128,SP,US Treasury Note 11/15/2034,US Treasury Note 11/15/2034,,,GS,P,2025-03-19,2025-08-11,1001.0,15000.0,,"$1,001 - $15,000",valid_range,New,W.S.B Trust > UBS Financial Services Inc 35,,Professionally managed account.,,18,18,table,False,False,,False,0,False,True,100,True,30,False,https://disclosures-clerk.house.gov/public_disc/ptr-pdfs/2025/20032149.pdf,,,SP,US Treasury Note 11/15/2034 [GS],US Treasury Note 11/15/2034 [GS],P,03/19/2025,08/11/2025,"$1,001 - $15,000",Filing Status: New Subholding Of: W.S.B Trust > UBS Financial Services Inc 35 Description: Professionally managed account.,"SP US Treasury Note 11/15/2034 [GS] P 03/19/2025 08/11/2025 $1,001 - $15,000 Filing Status: New Subholding Of: W.S.B Trust > UBS Financial Services Inc 35 Description: Professionally managed account.",,,False,100,,not_applicable,,False,False,False,03/19/2025,False,,valid_range
20032149,Hon. Sheri Biggs,Member,SC03,20032149.pdf,2025,129,SP,US Treasury Note 11/15/31,US Treasury Note 11/15/31,,,GS,P,2025-05-30,2025-08-11,1001.0,15000.0,,"$1,001 - $15,000",valid_range,New,W.S.B Trust > UBS Financial Services Inc 35,,Professionally managed account,,18,18,table,False,False,,False,0,False,False,100,True,30,False,https://disclosures-clerk.house.gov/public_disc/ptr-pdfs/2025/20032149.pdf,,,SP,US Treasury Note 11/15/31 [GS] Filing Status: New Subholding Of: W.S.B Trust > UBS Fina Description: Professionally managed acc,US Treasury Note 11/15/31 [GS],P ancial Services Inc count,05/30/2025 c 35,08/11/2025,"$1,001 - $15,000",,"SP US Treasury Note 11/15/31 [GS] P 05/30/2025 08/11/2025 $1,001 - $15,000 Filing Status: New Subholding Of: W.S.B Trust > UBS Financial Services Inc 35 Description: Professionally managed account",,,False,100,,not_applicable,,False,False,True,05/30/2025,False,,valid_range
20032149,Hon. Sheri Biggs,Member,SC03,20032149.pdf,2025,130,SP,US Treasury Note 11/30/2026,US Treasury Note 11/30/2026,,,GS,P,2025-03-19,2025-08-11,1001.0,15000.0,,"$1,001 - $15,000",valid_range,New,W.S.B Trust > UBS Financial Services Inc 35,,Professionally managed account,,18,18,table,False,False,,False,0,False,True,100,True,30,False,https://disclosures-clerk.house.gov/public_disc/ptr-pdfs/2025/20032149.pdf,,,SP,US Treasury Note 11/30/2026 [GS],US Treasury Note 11/30/2026 [GS],P,03/19/2025,08/11/2025,"$1,001 - $15,000",Filing Status: New Subholding Of: W.S.B Trust > UBS Financial Services Inc 35 Description: Professionally managed account,"SP US Treasury Note 11/30/2026 [GS] P 03/19/2025 08/11/2025 $1,001 - $15,000 Filing Status: New Subholding Of: W.S.B Trust > UBS Financial Services Inc 35 Description: Professionally managed account",,,False,100,,not_applicable,,False,False,False,03/19/2025,False,,valid_range
20032149,Hon. Sheri Biggs,Member,SC03,20032149.pdf,2025,131,SP,US Treasury Note 11/30/2026,US Treasury Note 11/30/2026,,,GS,P,2025-05-30,2025-08-11,1001.0,15000.0,,"$1,001 - $15,000",valid_range,New,W.S.B Trust > UBS Financial Services Inc 35,,Professionally managed account,,18,19,table,False,False,,True,0,False,False,98,True,30,False,https://disclosures-clerk.house.gov/public_disc/ptr-pdfs/2025/20032149.pdf,,,SP,US Treasury Note 11/30/2026 [GS] Filing Status: New Subholding Of: W.S.B Trust > UBS Fina,US Treasury Note 11/30/2026 [GS] Description: Professionally managed account,P ancial Services Inc,05/30/2025 c 35,08/11/2025,"$1,001 - $15,000",Description: Professionally managed account,"SP US Treasury Note 11/30/2026 [GS] P 05/30/2025 08/11/2025 $1,001 - $15,000 Filing Status: New Subholding Of: W.S.B Trust > UBS Financial Services Inc 35 Description: Professionally managed account",,,False,98,,not_applicable,,False,False,True,05/30/2025,False,,valid_range
20032149,Hon. Sheri Biggs,Member,SC03,20032149.pdf,2025,132,SP,US Treasury Note 11/30/2026,US Treasury Note 11/30/2026,,,GS,P,2025-08-25,2025-09-17,1001.0,15000.0,,"$1,001 - $15,000",valid_range,New,W.S.B Trust > UBS Financial Services Inc 35,,,,19,19,table,False,False,,False,0,False,True,100,True,20,False,https://disclosures-clerk.house.gov/public_disc/ptr-pdfs/2025/20032149.pdf,,,SP,US Treasury Note 11/30/2026 [GS],US Treasury Note 11/30/2026 [GS],P,08/25/2025,09/17/2025,"$1,001 - $15,000",Filing Status: New Subholding Of: W.S.B Trust > UBS Financial Services Inc 35,"SP US Treasury Note 11/30/2026 [GS] P 08/25/2025 09/17/2025 $1,001 - $15,000 Filing Status: New Subholding Of: W.S.B Trust > UBS Financial Services Inc 35",,,False,100,,not_applicable,,False,False,False,08/25/2025,False,,valid_range
20032149,Hon. Sheri Biggs,Member,SC03,20032149.pdf,2025,133,SP,US Treasury Note 2/15/2026,US Treasury Note 2/15/2026,,,GS,P,2025-05-30,2025-08-11,1001.0,15000.0,,"$1,001 - $15,000",valid_range,New,W.S.B Trust > UBS Financial Services Inc 35,,Professionally managed account,,19,19,table,False,False,,False,0,False,False,100,True,30,False,https://disclosures-clerk.house.gov/public_disc/ptr-pdfs/2025/20032149.pdf,,,SP,US Treasury Note 2/15/2026 [GS] Filing Status: New Subholding Of: W.S.B Trust > UBS Fina Description: Professionally managed acc,US Treasury Note 2/15/2026 [GS],P ancial Services Inc count,05/30/2025 c 35,08/11/2025,"$1,001 - $15,000",,"SP US Treasury Note 2/15/2026 [GS] P 05/30/2025 08/11/2025 $1,001 - $15,000 Filing Status: New Subholding Of: W.S.B Trust > UBS Financial Services Inc 35 Description: Professionally managed account",,,False,100,,not_applicable,,False,False,True,05/30/2025,False,,valid_range
20032149,Hon. Sheri Biggs,Member,SC03,20032149.pdf,2025,134,SP,US Treasury Note 2/15/2026,US Treasury Note 2/15/2026,,,GS,P,2025-03-19,2025-08-11,1001.0,15000.0,,"$1,001 - $15,000",valid_range,New,W.S.B Trust > UBS Financial Services Inc 35,,Professionally managed account,,19,19,table,False,False,,False,0,False,True,100,True,30,False,https://disclosures-clerk.house.gov/public_disc/ptr-pdfs/2025/20032149.pdf,,,SP,US Treasury Note 2/15/2026 [GS],US Treasury Note 2/15/2026 [GS],P,03/19/2025,08/11/2025,"$1,001 - $15,000",Filing Status: New Subholding Of: W.S.B Trust > UBS Financial Services Inc 35 Description: Professionally managed account,"SP US Treasury Note 2/15/2026 [GS] P 03/19/2025 08/11/2025 $1,001 - $15,000 Filing Status: New Subholding Of: W.S.B Trust > UBS Financial Services Inc 35 Description: Professionally managed account",,,False,100,,not_applicable,,False,False,False,03/19/2025,False,,valid_range
20032149,Hon. Sheri Biggs,Member,SC03,20032149.pdf,2025,135,SP,US Treasury Note 2/15/2028,US Treasury Note 2/15/2028,,,GS,P,2025-03-19,2025-08-11,1001.0,15000.0,,"$1,001 - $15,000",valid_range,New,W.S.B Trust > UBS Financial Services Inc 35,,Professionally managed account,,19,19,table,False,False,,False,0,False,False,100,True,30,False,https://disclosures-clerk.house.gov/public_disc/ptr-pdfs/2025/20032149.pdf,,,SP,US Treasury Note 2/15/2028 [GS] Filing Status: New Subholding Of: W.S.B Trust > UBS Fina Description: Professionally managed acc,US Treasury Note 2/15/2028 [GS],P ancial Services Inc count,03/19/2025 c 35,08/11/2025,"$1,001 - $15,000",,"SP US Treasury Note 2/15/2028 [GS] P 03/19/2025 08/11/2025 $1,001 - $15,000 Filing Status: New Subholding Of: W.S.B Trust > UBS Financial Services Inc 35 Description: Professionally managed account",,,False,100,,not_applicable,,False,False,True,03/19/2025,False,,valid_range
20032149,Hon. Sheri Biggs,Member,SC03,20032149.pdf,2025,136,SP,US Treasury Note 2/15/2028,US Treasury Note 2/15/2028,,,GS,P,2025-08-25,2025-09-17,1001.0,15000.0,,"$1,001 - $15,000",valid_range,New,W.S.B Trust > UBS Financial Services Inc 35,,,,19,19,table,False,False,,False,0,False,True,100,True,20,False,https://disclosures-clerk.house.gov/public_disc/ptr-pdfs/2025/20032149.pdf,,,SP,US Treasury Note 2/15/2028 [GS],US Treasury Note 2/15/2028 [GS],P,08/25/2025,09/17/2025,"$1,001 - $15,000",Filing Status: New Subholding Of: W.S.B Trust > UBS Financial Services Inc 35,"SP US Treasury Note 2/15/2028 [GS] P 08/25/2025 09/17/2025 $1,001 - $15,000 Filing Status: New Subholding Of: W.S.B Trust > UBS Financial Services Inc 35",,,False,100,,not_applicable,,False,False,False,08/25/2025,False,,valid_range
20032149,Hon. Sheri Biggs,Member,SC03,20032149.pdf,2025,137,SP,US Treasury Note 2/15/2029,US Treasury Note 2/15/2029,,,GS,P,2025-05-30,2025-08-11,1001.0,15000.0,,"$1,001 - $15,000",valid_range,New,W.S.B Trust > UBS Financial Services Inc 35,,Professionally managed account,,19,19,table,False,False,,False,0,False,False,100,True,30,False,https://disclosures-clerk.house.gov/public_disc/ptr-pdfs/2025/20032149.pdf,,,SP,US Treasury Note 2/15/2029 [GS] Filing Status: New Subholding Of: W.S.B Trust > UBS Fina Description: Professionally managed acc,US Treasury Note 2/15/2029 [GS],P ancial Services Inc count,05/30/2025 c 35,08/11/2025,"$1,001 - $15,000",,"SP US Treasury Note 2/15/2029 [GS] P 05/30/2025 08/11/2025 $1,001 - $15,000 Filing Status: New Subholding Of: W.S.B Trust > UBS Financial Services Inc 35 Description: Professionally managed account",,,False,100,,not_applicable,,False,False,True,05/30/2025,False,,valid_range
20032149,Hon. Sheri Biggs,Member,SC03,20032149.pdf,2025,138,SP,US Treasury Note 2/15/2029,US Treasury Note 2/15/2029,,,GS,P,2025-03-19,2025-08-11,1001.0,15000.0,,"$1,001 - $15,000",valid_range,New,W.S.B Trust > UBS Financial Services Inc 35,,Professionally managed account,,19,19,table,False,False,,False,0,False,True,100,True,30,False,https://disclosures-clerk.house.gov/public_disc/ptr-pdfs/2025/20032149.pdf,,,SP,US Treasury Note 2/15/2029 [GS],US Treasury Note 2/15/2029 [GS],P,03/19/2025,08/11/2025,"$1,001 - $15,000",Filing Status: New Subholding Of: W.S.B Trust > UBS Financial Services Inc 35 Description: Professionally managed account,"SP US Treasury Note 2/15/2029 [GS] P 03/19/2025 08/11/2025 $1,001 - $15,000 Filing Status: New Subholding Of: W.S.B Trust > UBS Financial Services Inc 35 Description: Professionally managed account",,,False,100,,not_applicable,,False,False,False,03/19/2025,False,,valid_range
20032149,Hon. Sheri Biggs,Member,SC03,20032149.pdf,2025,139,SP,US Treasury Note 2/15/2030,US Treasury Note 2/15/2030,,,GS,P,2025-05-30,2025-08-11,1001.0,15000.0,,"$1,001 - $15,000",valid_range,New,W.S.B Trust > UBS Financial Services Inc 35,,Professionally managed account,,19,19,table,False,False,,False,0,False,False,100,True,30,False,https://disclosures-clerk.house.gov/public_disc/ptr-pdfs/2025/20032149.pdf,,,SP,US Treasury Note 2/15/2030 [GS] Filing Status: New Subholding Of: W.S.B Trust > UBS Fina Description: Professionally managed acc,US Treasury Note 2/15/2030 [GS],P ancial Services Inc count,05/30/2025 c 35,08/11/2025,"$1,001 - $15,000",,"SP US Treasury Note 2/15/2030 [GS] P 05/30/2025 08/11/2025 $1,001 - $15,000 Filing Status: New Subholding Of: W.S.B Trust > UBS Financial Services Inc 35 Description: Professionally managed account",,,False,100,,not_applicable,,False,False,True,05/30/2025,False,,valid_range
20032149,Hon. Sheri Biggs,Member,SC03,20032149.pdf,2025,140,SP,US Treasury Note 2/15/2030,US Treasury Note 2/15/2030,,,GS,P,2025-03-19,2025-08-11,1001.0,15000.0,,"$1,001 - $15,000",valid_range,New,W.S.B Trust > UBS Financial Services Inc 35,,Professionally managed account,,19,20,table,False,False,,True,0,False,True,98,True,30,False,https://disclosures-clerk.house.gov/public_disc/ptr-pdfs/2025/20032149.pdf,,,SP,US Treasury Note 2/15/2030 [GS],US Treasury Note 2/15/2030 [GS],P,03/19/2025,08/11/2025,"$1,001 - $15,000",Filing Status: New Subholding Of: W.S.B Trust > UBS Financial Services Inc 35 Description: Professionally managed account,"SP US Treasury Note 2/15/2030 [GS] P 03/19/2025 08/11/2025 $1,001 - $15,000 Filing Status: New Subholding Of: W.S.B Trust > UBS Financial Services Inc 35 Description: Professionally managed account",,,False,98,,not_applicable,,False,False,False,03/19/2025,False,,valid_range
20032149,Hon. Sheri Biggs,Member,SC03,20032149.pdf,2025,141,SP,US Treasury Note 2/15/2031,US Treasury Note 2/15/2031,,,GS,P,2025-03-19,2025-08-11,1001.0,15000.0,,"$1,001 - $15,000",valid_range,New,W.S.B Trust > UBS Financial Services Inc 35,,Professionally managed account,,20,20,table,False,False,,False,0,False,False,100,True,30,False,https://disclosures-clerk.house.gov/public_disc/ptr-pdfs/2025/20032149.pdf,,,SP,US Treasury Note 2/15/2031 [GS] Filing Status: New Subholding Of: W.S.B Trust > UBS Fina Description: Professionally managed acc,US Treasury Note 2/15/2031 [GS],P ancial Services Inc count,03/19/2025 c 35,08/11/2025,"$1,001 - $15,000",,"SP US Treasury Note 2/15/2031 [GS] P 03/19/2025 08/11/2025 $1,001 - $15,000 Filing Status: New Subholding Of: W.S.B Trust > UBS Financial Services Inc 35 Description: Professionally managed account",,,False,100,,not_applicable,,False,False,True,03/19/2025,False,,valid_range
20032149,Hon. Sheri Biggs,Member,SC03,20032149.pdf,2025,142,SP,US Treasury Note 2/15/2031,US Treasury Note 2/15/2031,,,GS,P,2025-05-30,2025-08-11,1001.0,15000.0,,"$1,001 - $15,000",valid_range,New,W.S.B Trust > UBS Financial Services Inc 35,,Professionally managed account,,20,20,table,False,False,,False,0,False,True,100,True,30,False,https://disclosures-clerk.house.gov/public_disc/ptr-pdfs/2025/20032149.pdf,,,SP,US Treasury Note 2/15/2031 [GS],US Treasury Note 2/15/2031 [GS],P,05/30/2025,08/11/2025,"$1,001 - $15,000",Filing Status: New Subholding Of: W.S.B Trust > UBS Financial Services Inc 35 Description: Professionally managed account,"SP US Treasury Note 2/15/2031 [GS] P 05/30/2025 08/11/2025 $1,001 - $15,000 Filing Status: New Subholding Of: W.S.B Trust > UBS Financial Services Inc 35 Description: Professionally managed account",,,False,100,,not_applicable,,False,False,False,05/30/2025,False,,valid_range
20032149,Hon. Sheri Biggs,Member,SC03,20032149.pdf,2025,143,SP,US Treasury Note 2/15/2032,US Treasury Note 2/15/2032,,,GS,P,2025-05-30,2025-08-11,1001.0,15000.0,,"$1,001 - $15,000",valid_range,New,W.S.B Trust > UBS Financial Services Inc 35,,Professionally managed account,,20,20,table,False,False,,False,0,False,False,100,True,30,False,https://disclosures-clerk.house.gov/public_disc/ptr-pdfs/2025/20032149.pdf,,,SP,US Treasury Note 2/15/2032 [GS] Filing Status: New Subholding Of: W.S.B Trust > UBS Fina Description: Professionally managed acc,US Treasury Note 2/15/2032 [GS],P ancial Services Inc count,05/30/2025 c 35,08/11/2025,"$1,001 - $15,000",,"SP US Treasury Note 2/15/2032 [GS] P 05/30/2025 08/11/2025 $1,001 - $15,000 Filing Status: New Subholding Of: W.S.B Trust > UBS Financial Services Inc 35 Description: Professionally managed account",,,False,100,,not_applicable,,False,False,True,05/30/2025,False,,valid_range
20032149,Hon. Sheri Biggs,Member,SC03,20032149.pdf,2025,144,SP,US Treasury Note 2/15/2032,US Treasury Note 2/15/2032,,,GS,P,2025-03-19,2025-08-11,1001.0,15000.0,,"$1,001 - $15,000",valid_range,New,W.S.B Trust > UBS Financial Services Inc 35,,Professionally managed account,,20,20,table,False,False,,False,0,False,True,100,True,30,False,https://disclosures-clerk.house.gov/public_disc/ptr-pdfs/2025/20032149.pdf,,,SP,US Treasury Note 2/15/2032 [GS],US Treasury Note 2/15/2032 [GS],P,03/19/2025,08/11/2025,"$1,001 - $15,000",Filing Status: New Subholding Of: W.S.B Trust > UBS Financial Services Inc 35 Description: Professionally managed account,"SP US Treasury Note 2/15/2032 [GS] P 03/19/2025 08/11/2025 $1,001 - $15,000 Filing Status: New Subholding Of: W.S.B Trust > UBS Financial Services Inc 35 Description: Professionally managed account",,,False,100,,not_applicable,,False,False,False,03/19/2025,False,,valid_range
20032149,Hon. Sheri Biggs,Member,SC03,20032149.pdf,2025,145,SP,US Treasury Note 2/15/2033,US Treasury Note 2/15/2033,,,GS,P,2025-03-19,2025-08-11,1001.0,15000.0,,"$1,001 - $15,000",valid_range,New,W.S.B Trust > UBS Financial Services Inc 35,,Professionally managed account.,,20,20,table,False,False,,False,0,False,False,100,True,30,False,https://disclosures-clerk.house.gov/public_disc/ptr-pdfs/2025/20032149.pdf,,,SP,US Treasury Note 2/15/2033 [GS] Filing Status: New Subholding Of: W.S.B Trust > UBS Fina Description: Professionally managed acc,US Treasury Note 2/15/2033 [GS],P ancial Services Inc count.,03/19/2025 c 35,08/11/2025,"$1,001 - $15,000",,"SP US Treasury Note 2/15/2033 [GS] P 03/19/2025 08/11/2025 $1,001 - $15,000 Filing Status: New Subholding Of: W.S.B Trust > UBS Financial Services Inc 35 Description: Professionally managed account.",,,False,100,,not_applicable,,False,False,True,03/19/2025,False,,valid_range
20032149,Hon. Sheri Biggs,Member,SC03,20032149.pdf,2025,146,SP,US Treasury Note 2/15/2033,US Treasury Note 2/15/2033,,,GS,P,2025-05-30,2025-08-11,1001.0,15000.0,,"$1,001 - $15,000",valid_range,New,W.S.B Trust > UBS Financial Services Inc 35,,Professionally managed account,,20,20,table,False,False,,False,0,False,True,100,True,30,False,https://disclosures-clerk.house.gov/public_disc/ptr-pdfs/2025/20032149.pdf,,,SP,US Treasury Note 2/15/2033 [GS],US Treasury Note 2/15/2033 [GS],P,05/30/2025,08/11/2025,"$1,001 - $15,000",Filing Status: New Subholding Of: W.S.B Trust > UBS Financial Services Inc 35 Description: Professionally managed account,"SP US Treasury Note 2/15/2033 [GS] P 05/30/2025 08/11/2025 $1,001 - $15,000 Filing Status: New Subholding Of: W.S.B Trust > UBS Financial Services Inc 35 Description: Professionally managed account",,,False,100,,not_applicable,,False,False,False,05/30/2025,False,,valid_range
20032149,Hon. Sheri Biggs,Member,SC03,20032149.pdf,2025,147,SP,US Treasury Note 2/15/2033,US Treasury Note 2/15/2033,,,GS,P,2025-08-25,2025-09-17,1001.0,15000.0,,"$1,001 - $15,000",valid_range,New,W.S.B Trust > UBS Financial Services Inc 35,,,,20,20,table,False,False,,False,0,False,False,100,True,20,False,https://disclosures-clerk.house.gov/public_disc/ptr-pdfs/2025/20032149.pdf,,,SP,US Treasury Note 2/15/2033 [GS] Filing Status: New Subholding Of: W.S.B Trust > UBS Fina,US Treasury Note 2/15/2033 [GS],P ancial Services Inc,08/25/2025 c 35,09/17/2025,"$1,001 - $15,000",,"SP US Treasury Note 2/15/2033 [GS] P 08/25/2025 09/17/2025 $1,001 - $15,000 Filing Status: New Subholding Of: W.S.B Trust > UBS Financial Services Inc 35",,,False,100,,not_applicable,,False,False,True,08/25/2025,False,,valid_range
20032149,Hon. Sheri Biggs,Member,SC03,20032149.pdf,2025,148,SP,US Treasury Note 2/15/2034,US Treasury Note 2/15/2034,,,GS,P,2025-05-30,2025-08-11,1001.0,15000.0,,"$1,001 - $15,000",valid_range,New,W.S.B Trust > UBS Financial Services Inc 35,,Professionally managed account ID Owner Asset Transaction Type Date Notification Date Amount Cap. Gains > $200?,,20,21,table,True,False,,True,0,False,True,98,True,30,False,https://disclosures-clerk.house.gov/public_disc/ptr-pdfs/2025/20032149.pdf,,,SP,US Treasury Note 2/15/2034 [GS],US Treasury Note 2/15/2034 [GS],P,05/30/2025,08/11/2025,"$1,001 - $15,000",Filing Status: New Subholding Of: W.S.B Trust > UBS Financial Services Inc 35 Description: Professionally managed account ID Owner Asset Transaction Type Date Notification Date Amount Cap. Gains > $200?,"SP US Treasury Note 2/15/2034 [GS] P 05/30/2025 08/11/2025 $1,001 - $15,000 Filing Status: New Subholding Of: W.S.B Trust > UBS Financial Services Inc 35 Description: Professionally managed account ID Owner Asset Transaction Type Date Notification Date Amount Cap. Gains > $200?",,,False,98,,not_applicable,,False,False,False,05/30/2025,False,,valid_range
20032149,Hon. Sheri Biggs,Member,SC03,20032149.pdf,2025,149,SP,US Treasury Note 2/15/2034,US Treasury Note 2/15/2034,,,GS,P,2025-03-19,2025-08-11,1001.0,15000.0,,"$1,001 - $15,000",valid_range,New,W.S.B Trust > UBS Financial Services Inc 35,,Professionally managed account.,,21,21,relaxed_table,True,False,,False,0,False,False,100,True,30,False,https://disclosures-clerk.house.gov/public_disc/ptr-pdfs/2025/20032149.pdf,,,SP,US Treasury Note 2/15/2034 [GS] Filing Status: New Subholding Of: W.S.B Trust > UBS Fina Description: Professionally managed acc,US Treasury Note 2/15/2034 [GS],P ancial Services Inc count.,03/19/2025 c 35,08/11/2025,"$1,001 - $15,000",,"SP US Treasury Note 2/15/2034 [GS] P 03/19/2025 08/11/2025 $1,001 - $15,000 Filing Status: New Subholding Of: W.S.B Trust > UBS Financial Services Inc 35 Description: Professionally managed account.",,,False,100,,not_applicable,,False,False,True,03/19/2025,False,,valid_range
20032149,Hon. Sheri Biggs,Member,SC03,20032149.pdf,2025,150,SP,US Treasury Note 2/15/2035,US Treasury Note 2/15/2035,,,GS,P,2025-05-30,2025-08-11,1001.0,15000.0,,"$1,001 - $15,000",valid_range,New,W.S.B Trust > UBS Financial Services Inc 35,,,,21,21,relaxed_table,True,False,,False,0,False,True,100,True,20,False,https://disclosures-clerk.house.gov/public_disc/ptr-pdfs/2025/20032149.pdf,,,SP,US Treasury Note 2/15/2035 [GS],US Treasury Note 2/15/2035 [GS],P,05/30/2025,08/11/2025,"$1,001 - $15,000",Filing Status: New Subholding Of: W.S.B Trust > UBS Financial Services Inc 35,"SP US Treasury Note 2/15/2035 [GS] P 05/30/2025 08/11/2025 $1,001 - $15,000 Filing Status: New Subholding Of: W.S.B Trust > UBS Financial Services Inc 35",,,False,100,,not_applicable,,False,False,False,05/30/2025,False,,valid_range
20032149,Hon. Sheri Biggs,Member,SC03,20032149.pdf,2025,151,SP,US Treasury Note 2/15/2035,US Treasury Note 2/15/2035,,,GS,P,2025-08-25,2025-09-17,1001.0,15000.0,,"$1,001 - $15,000",valid_range,New,W.S.B Trust > UBS Financial Services Inc 35,,Professionally managed account,,21,21,relaxed_table,True,False,,False,0,False,False,100,True,30,False,https://disclosures-clerk.house.gov/public_disc/ptr-pdfs/2025/20032149.pdf,,,SP,US Treasury Note 2/15/2035 [GS] Filing Status: New Subholding Of: W.S.B Trust > UBS Fina Description: Professionally managed acc,US Treasury Note 2/15/2035 [GS],P ancial Services Inc count,08/25/2025 c 35,09/17/2025,"$1,001 - $15,000",,"SP US Treasury Note 2/15/2035 [GS] P 08/25/2025 09/17/2025 $1,001 - $15,000 Filing Status: New Subholding Of: W.S.B Trust > UBS Financial Services Inc 35 Description: Professionally managed account",,,False,100,,not_applicable,,False,False,True,08/25/2025,False,,valid_range
20032149,Hon. Sheri Biggs,Member,SC03,20032149.pdf,2025,152,SP,US Treasury Note 2/15/28,US Treasury Note 2/15/28,,,GS,P,2025-05-30,2025-08-11,1001.0,15000.0,,"$1,001 - $15,000",valid_range,New,W.S.B Trust > UBS Financial Services Inc 35,,Professionally managed account,,21,21,relaxed_table,True,False,,False,0,False,True,100,True,30,False,https://disclosures-clerk.house.gov/public_disc/ptr-pdfs/2025/20032149.pdf,,,SP,US Treasury Note 2/15/28 [GS],US Treasury Note 2/15/28 [GS],P,05/30/2025,08/11/2025,"$1,001 - $15,000",Filing Status: New Subholding Of: W.S.B Trust > UBS Financial Services Inc 35 Description: Professionally managed account,"SP US Treasury Note 2/15/28 [GS] P 05/30/2025 08/11/2025 $1,001 - $15,000 Filing Status: New Subholding Of: W.S.B Trust > UBS Financial Services Inc 35 Description: Professionally managed account",,,False,100,,not_applicable,,False,False,False,05/30/2025,False,,valid_range
20032149,Hon. Sheri Biggs,Member,SC03,20032149.pdf,2025,153,SP,US Treasury Note 2/28/2027,US Treasury Note 2/28/2027,,,GS,P,2025-05-30,2025-08-11,1001.0,15000.0,,"$1,001 - $15,000",valid_range,New,W.S.B Trust > UBS Financial Services Inc 35,,Professionally managed account,,21,21,relaxed_table,True,False,,False,0,False,False,100,True,30,False,https://disclosures-clerk.house.gov/public_disc/ptr-pdfs/2025/20032149.pdf,,,SP,US Treasury Note 2/28/2027 [GS] Filing Status: New Subholding Of: W.S.B Trust > UBS Fina Description: Professionally managed acc,US Treasury Note 2/28/2027 [GS],P ancial Services Inc count,05/30/2025 c 35,08/11/2025,"$1,001 - $15,000",,"SP US Treasury Note 2/28/2027 [GS] P 05/30/2025 08/11/2025 $1,001 - $15,000 Filing Status: New Subholding Of: W.S.B Trust > UBS Financial Services Inc 35 Description: Professionally managed account",,,False,100,,not_applicable,,False,False,True,05/30/2025,False,,valid_range
20032149,Hon. Sheri Biggs,Member,SC03,20032149.pdf,2025,154,SP,US Treasury Note 2/28/2027,US Treasury Note 2/28/2027,,,GS,P,2025-03-19,2025-08-11,1001.0,15000.0,,"$1,001 - $15,000",valid_range,New,W.S.B Trust > UBS Financial Services Inc 35,,Professionally managed account,,21,21,relaxed_table,True,False,,False,0,False,True,100,True,30,False,https://disclosures-clerk.house.gov/public_disc/ptr-pdfs/2025/20032149.pdf,,,SP,US Treasury Note 2/28/2027 [GS],US Treasury Note 2/28/2027 [GS],P,03/19/2025,08/11/2025,"$1,001 - $15,000",Filing Status: New Subholding Of: W.S.B Trust > UBS Financial Services Inc 35 Description: Professionally managed account,"SP US Treasury Note 2/28/2027 [GS] P 03/19/2025 08/11/2025 $1,001 - $15,000 Filing Status: New Subholding Of: W.S.B Trust > UBS Financial Services Inc 35 Description: Professionally managed account",,,False,100,,not_applicable,,False,False,False,03/19/2025,False,,valid_range
20032149,Hon. Sheri Biggs,Member,SC03,20032149.pdf,2025,155,SP,US Treasury Note 4/30/2025,US Treasury Note 4/30/2025,,,GS,P,2025-03-19,2025-08-11,1001.0,15000.0,,"$1,001 - $15,000",valid_range,New,W.S.B Trust > UBS Financial Services Inc 35,,Professionally managed account.,,21,21,relaxed_table,True,False,,False,0,False,False,100,True,30,False,https://disclosures-clerk.house.gov/public_disc/ptr-pdfs/2025/20032149.pdf,,,SP,US Treasury Note 4/30/2025 [GS] Filing Status: New Subholding Of: W.S.B Trust > UBS Fina Description: Professionally managed acc,US Treasury Note 4/30/2025 [GS],P ancial Services Inc count.,03/19/2025 c 35,08/11/2025,"$1,001 - $15,000",,"SP US Treasury Note 4/30/2025 [GS] P 03/19/2025 08/11/2025 $1,001 - $15,000 Filing Status: New Subholding Of: W.S.B Trust > UBS Financial Services Inc 35 Description: Professionally managed account.",,,False,100,,not_applicable,,False,False,True,03/19/2025,False,,valid_range
20032149,Hon. Sheri Biggs,Member,SC03,20032149.pdf,2025,156,SP,US Treasury Note 5/15/2028,US Treasury Note 5/15/2028,,,GS,P,2025-03-19,2025-08-11,1001.0,15000.0,,"$1,001 - $15,000",valid_range,New,W.S.B Trust > UBS Financial Services Inc 35,,Professionally managed account.,,21,21,relaxed_table,True,False,,False,0,False,True,100,True,30,False,https://disclosures-clerk.house.gov/public_disc/ptr-pdfs/2025/20032149.pdf,,,SP,US Treasury Note 5/15/2028 [GS],US Treasury Note 5/15/2028 [GS],P,03/19/2025,08/11/2025,"$1,001 - $15,000",Filing Status: New Subholding Of: W.S.B Trust > UBS Financial Services Inc 35 Description: Professionally managed account.,"SP US Treasury Note 5/15/2028 [GS] P 03/19/2025 08/11/2025 $1,001 - $15,000 Filing Status: New Subholding Of: W.S.B Trust > UBS Financial Services Inc 35 Description: Professionally managed account.",,,False,100,,not_applicable,,False,False,False,03/19/2025,False,,valid_range
20032149,Hon. Sheri Biggs,Member,SC03,20032149.pdf,2025,157,SP,US Treasury Note 5/15/2028,US Treasury Note 5/15/2028,,,GS,P,2025-05-30,2025-08-11,1001.0,15000.0,,"$1,001 - $15,000",valid_range,New,W.S.B Trust > UBS Financial Services Inc 35,,Professionally managed account,,21,22,relaxed_table,True,False,,True,0,False,False,98,True,30,False,https://disclosures-clerk.house.gov/public_disc/ptr-pdfs/2025/20032149.pdf,,,SP,US Treasury Note 5/15/2028 [GS],US Treasury Note 5/15/2028 [GS],P,05/30/2025,08/11/2025,"$1,001 - $15,000",Filing Status: New Subholding Of: W.S.B Trust > UBS Financial Services Inc 35 Description: Professionally managed account,"SP US Treasury Note 5/15/2028 [GS] P 05/30/2025 08/11/2025 $1,001 - $15,000 Filing Status: New Subholding Of: W.S.B Trust > UBS Financial Services Inc 35 Description: Professionally managed account",,,False,98,,not_applicable,,False,False,False,05/30/2025,False,,valid_range
20032149,Hon. Sheri Biggs,Member,SC03,20032149.pdf,2025,158,SP,US Treasury Note 5/15/2028,US Treasury Note 5/15/2028,,,GS,P,2025-08-25,2025-09-17,1001.0,15000.0,,"$1,001 - $15,000",valid_range,New,W.S.B Trust > UBS Financial Services Inc 35,,,,22,22,table,False,False,,False,0,False,True,100,True,20,False,https://disclosures-clerk.house.gov/public_disc/ptr-pdfs/2025/20032149.pdf,,,SP,US Treasury Note 5/15/2028 [GS],US Treasury Note 5/15/2028 [GS],P,08/25/2025,09/17/2025,"$1,001 - $15,000",Filing Status: New Subholding Of: W.S.B Trust > UBS Financial Services Inc 35,"SP US Treasury Note 5/15/2028 [GS] P 08/25/2025 09/17/2025 $1,001 - $15,000 Filing Status: New Subholding Of: W.S.B Trust > UBS Financial Services Inc 35",,,False,100,,not_applicable,,False,False,False,08/25/2025,False,,valid_range
20032149,Hon. Sheri Biggs,Member,SC03,20032149.pdf,2025,159,SP,US Treasury Note 5/15/2032,US Treasury Note 5/15/2032,,,GS,P,2025-05-30,2025-08-11,1001.0,15000.0,,"$1,001 - $15,000",valid_range,New,W.S.B Trust > UBS Financial Services Inc 35,,Professionally managed account,,22,22,table,False,False,,False,0,False,False,100,True,30,False,https://disclosures-clerk.house.gov/public_disc/ptr-pdfs/2025/20032149.pdf,,,SP,US Treasury Note 5/15/2032 [GS] Filing Status: New Subholding Of: W.S.B Trust > UBS Fina Description: Professionally managed acc,US Treasury Note 5/15/2032 [GS],P ancial Services Inc count,05/30/2025 c 35,08/11/2025,"$1,001 - $15,000",,"SP US Treasury Note 5/15/2032 [GS] P 05/30/2025 08/11/2025 $1,001 - $15,000 Filing Status: New Subholding Of: W.S.B Trust > UBS Financial Services Inc 35 Description: Professionally managed account",,,False,100,,not_applicable,,False,False,True,05/30/2025,False,,valid_range
20032149,Hon. Sheri Biggs,Member,SC03,20032149.pdf,2025,160,SP,US Treasury Note 5/15/2032,US Treasury Note 5/15/2032,,,GS,P,2025-03-19,2025-08-11,1001.0,15000.0,,"$1,001 - $15,000",valid_range,New,W.S.B Trust > UBS Financial Services Inc 35,,Professionally managed account.,,22,22,table,False,False,,False,0,False,True,100,True,30,False,https://disclosures-clerk.house.gov/public_disc/ptr-pdfs/2025/20032149.pdf,,,SP,US Treasury Note 5/15/2032 [GS],US Treasury Note 5/15/2032 [GS],P,03/19/2025,08/11/2025,"$1,001 - $15,000",Filing Status: New Subholding Of: W.S.B Trust > UBS Financial Services Inc 35 Description: Professionally managed account.,"SP US Treasury Note 5/15/2032 [GS] P 03/19/2025 08/11/2025 $1,001 - $15,000 Filing Status: New Subholding Of: W.S.B Trust > UBS Financial Services Inc 35 Description: Professionally managed account.",,,False,100,,not_applicable,,False,False,False,03/19/2025,False,,valid_range
20032149,Hon. Sheri Biggs,Member,SC03,20032149.pdf,2025,161,SP,US Treasury Note 5/15/2034,US Treasury Note 5/15/2034,,,GS,P,2025-03-19,2025-08-11,1001.0,15000.0,,"$1,001 - $15,000",valid_range,New,W.S.B Trust > UBS Financial Services Inc 35,,Professionally managed account.,,22,22,table,False,False,,False,0,False,False,100,True,30,False,https://disclosures-clerk.house.gov/public_disc/ptr-pdfs/2025/20032149.pdf,,,SP,US Treasury Note 5/15/2034 [GS] Filing Status: New Subholding Of: W.S.B Trust > UBS Fina Description: Professionally managed acc,US Treasury Note 5/15/2034 [GS],P ancial Services Inc count.,03/19/2025 c 35,08/11/2025,"$1,001 - $15,000",,"SP US Treasury Note 5/15/2034 [GS] P 03/19/2025 08/11/2025 $1,001 - $15,000 Filing Status: New Subholding Of: W.S.B Trust > UBS Financial Services Inc 35 Description: Professionally managed account.",,,False,100,,not_applicable,,False,False,True,03/19/2025,False,,valid_range
20032149,Hon. Sheri Biggs,Member,SC03,20032149.pdf,2025,162,SP,US Treasury Note 5/15/2034,US Treasury Note 5/15/2034,,,GS,P,2025-05-30,2025-08-11,1001.0,15000.0,,"$1,001 - $15,000",valid_range,New,W.S.B Trust > UBS Financial Services Inc 35,,Professionally managed account.,,22,22,table,False,False,,False,0,False,True,100,True,30,False,https://disclosures-clerk.house.gov/public_disc/ptr-pdfs/2025/20032149.pdf,,,SP,US Treasury Note 5/15/2034 [GS],US Treasury Note 5/15/2034 [GS],P,05/30/2025,08/11/2025,"$1,001 - $15,000",Filing Status: New Subholding Of: W.S.B Trust > UBS Financial Services Inc 35 Description: Professionally managed account.,"SP US Treasury Note 5/15/2034 [GS] P 05/30/2025 08/11/2025 $1,001 - $15,000 Filing Status: New Subholding Of: W.S.B Trust > UBS Financial Services Inc 35 Description: Professionally managed account.",,,False,100,,not_applicable,,False,False,False,05/30/2025,False,,valid_range
20032149,Hon. Sheri Biggs,Member,SC03,20032149.pdf,2025,163,SP,US Treasury Note 5/15/2035,US Treasury Note 5/15/2035,,,GS,P,2025-06-17,2025-08-11,15001.0,50000.0,,"$15,001 - $50,000",valid_range,New,W.S.B Trust > UBS Financial Services Inc 35,,Professionally managed account,,22,22,table,False,False,,False,0,False,False,100,True,30,False,https://disclosures-clerk.house.gov/public_disc/ptr-pdfs/2025/20032149.pdf,,,SP,US Treasury Note 5/15/2035 [GS] Filing Status: New Subholding Of: W.S.B Trust > UBS Fina Description: Professionally managed acc,US Treasury Note 5/15/2035 [GS],P ancial Services Inc count,06/17/2025 c 35,08/11/2025,"$15,001 - $50,000",,"SP US Treasury Note 5/15/2035 [GS] P 06/17/2025 08/11/2025 $15,001 - $50,000 Filing Status: New Subholding Of: W.S.B Trust > UBS Financial Services Inc 35 Description: Professionally managed account",,,False,100,,not_applicable,,False,False,True,06/17/2025,False,,valid_range
20032149,Hon. Sheri Biggs,Member,SC03,20032149.pdf,2025,164,SP,US Treasury Note 5/31/2027,US Treasury Note 5/31/2027,,,GS,P,2025-05-30,2025-08-11,1001.0,15000.0,,"$1,001 - $15,000",valid_range,New,W.S.B Trust > UBS Financial Services Inc 35,,Professionally managed account,,22,22,table,False,False,,False,0,False,True,100,True,30,False,https://disclosures-clerk.house.gov/public_disc/ptr-pdfs/2025/20032149.pdf,,,SP,US Treasury Note 5/31/2027 [GS],US Treasury Note 5/31/2027 [GS],P,05/30/2025,08/11/2025,"$1,001 - $15,000",Filing Status: New Subholding Of: W.S.B Trust > UBS Financial Services Inc 35 Description: Professionally managed account,"SP US Treasury Note 5/31/2027 [GS] P 05/30/2025 08/11/2025 $1,001 - $15,000 Filing Status: New Subholding Of: W.S.B Trust > UBS Financial Services Inc 35 Description: Professionally managed account",,,False,100,,not_applicable,,False,False,False,05/30/2025,False,,valid_range
20032149,Hon. Sheri Biggs,Member,SC03,20032149.pdf,2025,165,SP,US Treasury Note 5/31/2027,US Treasury Note 5/31/2027,,,GS,P,2025-03-19,2025-08-11,1001.0,15000.0,,"$1,001 - $15,000",valid_range,New,W.S.B Trust > UBS Financial Services Inc 35,,Professionally managed account,,22,23,table,False,False,,True,0,False,False,98,True,30,False,https://disclosures-clerk.house.gov/public_disc/ptr-pdfs/2025/20032149.pdf,,,SP,US Treasury Note 5/31/2027 [GS] Filing Status: New Subholding Of: W.S.B Trust > UBS Fina,US Treasury Note 5/31/2027 [GS] Description: Professionally managed account,P ancial Services Inc,03/19/2025 c 35,08/11/2025,"$1,001 - $15,000",Description: Professionally managed account,"SP US Treasury Note 5/31/2027 [GS] P 03/19/2025 08/11/2025 $1,001 - $15,000 Filing Status: New Subholding Of: W.S.B Trust > UBS Financial Services Inc 35 Description: Professionally managed account",,,False,98,,not_applicable,,False,False,True,03/19/2025,False,,valid_range
20032149,Hon. Sheri Biggs,Member,SC03,20032149.pdf,2025,166,SP,US Treasury Note 5/31/2030,US Treasury Note 5/31/2030,,,GS,P,2025-03-19,2025-08-11,1001.0,15000.0,,"$1,001 - $15,000",valid_range,New,W.S.B Trust > UBS Financial Services Inc 35,,Professionally managed account.,,23,23,table,False,False,,False,0,False,True,100,True,30,False,https://disclosures-clerk.house.gov/public_disc/ptr-pdfs/2025/20032149.pdf,,,SP,US Treasury Note 5/31/2030 [GS],US Treasury Note 5/31/2030 [GS],P,03/19/2025,08/11/2025,"$1,001 - $15,000",Filing Status: New Subholding Of: W.S.B Trust > UBS Financial Services Inc 35 Description: Professionally managed account.,"SP US Treasury Note 5/31/2030 [GS] P 03/19/2025 08/11/2025 $1,001 - $15,000 Filing Status: New Subholding Of: W.S.B Trust > UBS Financial Services Inc 35 Description: Professionally managed account.",,,False,100,,not_applicable,,False,False,False,03/19/2025,False,,valid_range
20032149,Hon. Sheri Biggs,Member,SC03,20032149.pdf,2025,167,SP,US Treasury Note 5/31/2030,US Treasury Note 5/31/2030,,,GS,P,2025-05-30,2025-08-11,1001.0,15000.0,,"$1,001 - $15,000",valid_range,New,W.S.B Trust > UBS Financial Services Inc 35,,Professionally managed account,,23,23,table,False,False,,False,0,False,False,100,True,30,False,https://disclosures-clerk.house.gov/public_disc/ptr-pdfs/2025/20032149.pdf,,,SP,US Treasury Note 5/31/2030 [GS] Filing Status: New Subholding Of: W.S.B Trust > UBS Fina Description: Professionally managed acc,US Treasury Note 5/31/2030 [GS],P ancial Services Inc count,05/30/2025 c 35,08/11/2025,"$1,001 - $15,000",,"SP US Treasury Note 5/31/2030 [GS] P 05/30/2025 08/11/2025 $1,001 - $15,000 Filing Status: New Subholding Of: W.S.B Trust > UBS Financial Services Inc 35 Description: Professionally managed account",,,False,100,,not_applicable,,False,False,True,05/30/2025,False,,valid_range
20032149,Hon. Sheri Biggs,Member,SC03,20032149.pdf,2025,168,SP,US Treasury Note 6/15/2025,US Treasury Note 6/15/2025,,,GS,P,2025-05-30,2025-08-11,1001.0,15000.0,,"$1,001 - $15,000",valid_range,New,W.S.B Trust > UBS Financial Services Inc 35,,Professionally managed account,,23,23,table,False,False,,False,0,False,True,100,True,30,False,https://disclosures-clerk.house.gov/public_disc/ptr-pdfs/2025/20032149.pdf,,,SP,US Treasury Note 6/15/2025 [GS],US Treasury Note 6/15/2025 [GS],P,05/30/2025,08/11/2025,"$1,001 - $15,000",Filing Status: New Subholding Of: W.S.B Trust > UBS Financial Services Inc 35 Description: Professionally managed account,"SP US Treasury Note 6/15/2025 [GS] P 05/30/2025 08/11/2025 $1,001 - $15,000 Filing Status: New Subholding Of: W.S.B Trust > UBS Financial Services Inc 35 Description: Professionally managed account",,,False,100,,not_applicable,,False,False,False,05/30/2025,False,,valid_range
20032149,Hon. Sheri Biggs,Member,SC03,20032149.pdf,2025,169,SP,US Treasury Note 8/15/2025,US Treasury Note 8/15/2025,,,GS,P,2025-03-19,2025-08-11,1001.0,15000.0,,"$1,001 - $15,000",valid_range,New,W.S.B Trust > UBS Financial Services Inc 35,,Professionally managed account,,23,23,table,False,False,,False,0,False,False,100,True,30,False,https://disclosures-clerk.house.gov/public_disc/ptr-pdfs/2025/20032149.pdf,,,SP,US Treasury Note 8/15/2025 [GS] Filing Status: New Subholding Of: W.S.B Trust > UBS Fina Description: Professionally managed acc,US Treasury Note 8/15/2025 [GS],P ancial Services Inc count,03/19/2025 c 35,08/11/2025,"$1,001 - $15,000",,"SP US Treasury Note 8/15/2025 [GS] P 03/19/2025 08/11/2025 $1,001 - $15,000 Filing Status: New Subholding Of: W.S.B Trust > UBS Financial Services Inc 35 Description: Professionally managed account",,,False,100,,not_applicable,,False,False,True,03/19/2025,False,,valid_range
20032149,Hon. Sheri Biggs,Member,SC03,20032149.pdf,2025,170,SP,US Treasury Note 8/15/2025,US Treasury Note 8/15/2025,,,GS,P,2025-05-30,2025-08-11,1001.0,15000.0,,"$1,001 - $15,000",valid_range,New,W.S.B Trust > UBS Financial Services Inc 35,,Professionally managed account,,23,23,table,False,False,,False,0,False,True,100,True,30,False,https://disclosures-clerk.house.gov/public_disc/ptr-pdfs/2025/20032149.pdf,,,SP,US Treasury Note 8/15/2025 [GS],US Treasury Note 8/15/2025 [GS],P,05/30/2025,08/11/2025,"$1,001 - $15,000",Filing Status: New Subholding Of: W.S.B Trust > UBS Financial Services Inc 35 Description: Professionally managed account,"SP US Treasury Note 8/15/2025 [GS] P 05/30/2025 08/11/2025 $1,001 - $15,000 Filing Status: New Subholding Of: W.S.B Trust > UBS Financial Services Inc 35 Description: Professionally managed account",,,False,100,,not_applicable,,False,False,False,05/30/2025,False,,valid_range
20032149,Hon. Sheri Biggs,Member,SC03,20032149.pdf,2025,171,SP,US Treasury Note 8/15/2027,US Treasury Note 8/15/2027,,,GS,P,2025-05-30,2025-08-11,1001.0,15000.0,,"$1,001 - $15,000",valid_range,New,W.S.B Trust > UBS Financial Services Inc 35,,Professionally managed account,,23,23,table,False,False,,False,0,False,False,100,True,30,False,https://disclosures-clerk.house.gov/public_disc/ptr-pdfs/2025/20032149.pdf,,,SP,US Treasury Note 8/15/2027 [GS] Filing Status: New Subholding Of: W.S.B Trust > UBS Fina Description: Professionally managed acc,US Treasury Note 8/15/2027 [GS],P ancial Services Inc count,05/30/2025 c 35,08/11/2025,"$1,001 - $15,000",,"SP US Treasury Note 8/15/2027 [GS] P 05/30/2025 08/11/2025 $1,001 - $15,000 Filing Status: New Subholding Of: W.S.B Trust > UBS Financial Services Inc 35 Description: Professionally managed account",,,False,100,,not_applicable,,False,False,True,05/30/2025,False,,valid_range
20032149,Hon. Sheri Biggs,Member,SC03,20032149.pdf,2025,172,SP,US Treasury Note 8/15/2027,US Treasury Note 8/15/2027,,,GS,P,2025-03-19,2025-08-11,1001.0,15000.0,,"$1,001 - $15,000",valid_range,New,W.S.B Trust > UBS Financial Services Inc 35,,Professionally managed account,,23,23,table,False,False,,False,0,False,True,100,True,30,False,https://disclosures-clerk.house.gov/public_disc/ptr-pdfs/2025/20032149.pdf,,,SP,US Treasury Note 8/15/2027 [GS],US Treasury Note 8/15/2027 [GS],P,03/19/2025,08/11/2025,"$1,001 - $15,000",Filing Status: New Subholding Of: W.S.B Trust > UBS Financial Services Inc 35 Description: Professionally managed account,"SP US Treasury Note 8/15/2027 [GS] P 03/19/2025 08/11/2025 $1,001 - $15,000 Filing Status: New Subholding Of: W.S.B Trust > UBS Financial Services Inc 35 Description: Professionally managed account",,,False,100,,not_applicable,,False,False,False,03/19/2025,False,,valid_range
20032149,Hon. Sheri Biggs,Member,SC03,20032149.pdf,2025,173,SP,US Treasury Note 8/15/2027,US Treasury Note 8/15/2027,,,GS,P,2025-08-25,2025-09-17,1001.0,15000.0,,"$1,001 - $15,000",valid_range,New,W.S.B Trust > UBS Financial Services Inc 35,,,,23,23,table,False,False,,False,0,False,False,100,True,20,False,https://disclosures-clerk.house.gov/public_disc/ptr-pdfs/2025/20032149.pdf,,,SP,US Treasury Note 8/15/2027 [GS] Filing Status: New Subholding Of: W.S.B Trust > UBS Fina,US Treasury Note 8/15/2027 [GS],P ancial Services Inc,08/25/2025 c 35,09/17/2025,"$1,001 - $15,000",,"SP US Treasury Note 8/15/2027 [GS] P 08/25/2025 09/17/2025 $1,001 - $15,000 Filing Status: New Subholding Of: W.S.B Trust > UBS Financial Services Inc 35",,,False,100,,not_applicable,,False,False,True,08/25/2025,False,,valid_range
20032149,Hon. Sheri Biggs,Member,SC03,20032149.pdf,2025,174,SP,US Treasury Note 8/15/2028,US Treasury Note 8/15/2028,,,GS,P,2025-03-19,2025-08-11,1001.0,15000.0,,"$1,001 - $15,000",valid_range,New,W.S.B Trust > UBS Financial Services Inc 35,,Professionally managed account.,,24,24,table,False,False,,False,0,False,True,100,True,30,False,https://disclosures-clerk.house.gov/public_disc/ptr-pdfs/2025/20032149.pdf,,,SP,US Treasury Note 8/15/2028 [GS],US Treasury Note 8/15/2028 [GS],P,03/19/2025,08/11/2025,"$1,001 - $15,000",Filing Status: New Subholding Of: W.S.B Trust > UBS Financial Services Inc 35 Description: Professionally managed account.,"SP US Treasury Note 8/15/2028 [GS] P 03/19/2025 08/11/2025 $1,001 - $15,000 Filing Status: New Subholding Of: W.S.B Trust > UBS Financial Services Inc 35 Description: Professionally managed account.",,,False,100,,not_applicable,,False,False,False,03/19/2025,False,,valid_range
20032149,Hon. Sheri Biggs,Member,SC03,20032149.pdf,2025,175,SP,US Treasury Note 8/15/2028,US Treasury Note 8/15/2028,,,GS,P,2025-05-30,2025-08-11,1001.0,15000.0,,"$1,001 - $15,000",valid_range,New,W.S.B Trust > UBS Financial Services Inc 35,,Professionally managed account,,24,24,table,False,False,,False,0,False,False,100,True,30,False,https://disclosures-clerk.house.gov/public_disc/ptr-pdfs/2025/20032149.pdf,,,SP,US Treasury Note 8/15/2028 [GS] Filing Status: New Subholding Of: W.S.B Trust > UBS Fina Description: Professionally managed acc,US Treasury Note 8/15/2028 [GS],P ancial Services Inc count,05/30/2025 c 35,08/11/2025,"$1,001 - $15,000",,"SP US Treasury Note 8/15/2028 [GS] P 05/30/2025 08/11/2025 $1,001 - $15,000 Filing Status: New Subholding Of: W.S.B Trust > UBS Financial Services Inc 35 Description: Professionally managed account",,,False,100,,not_applicable,,False,False,True,05/30/2025,False,,valid_range
20032149,Hon. Sheri Biggs,Member,SC03,20032149.pdf,2025,176,SP,US Treasury Note 8/15/2028,US Treasury Note 8/15/2028,,,GS,P,2025-08-25,2025-09-17,1001.0,15000.0,,"$1,001 - $15,000",valid_range,New,W.S.B Trust > UBS Financial Services Inc 35,,,,24,24,table,False,False,,False,0,False,True,100,True,20,False,https://disclosures-clerk.house.gov/public_disc/ptr-pdfs/2025/20032149.pdf,,,SP,US Treasury Note 8/15/2028 [GS],US Treasury Note 8/15/2028 [GS],P,08/25/2025,09/17/2025,"$1,001 - $15,000",Filing Status: New Subholding Of: W.S.B Trust > UBS Financial Services Inc 35,"SP US Treasury Note 8/15/2028 [GS] P 08/25/2025 09/17/2025 $1,001 - $15,000 Filing Status: New Subholding Of: W.S.B Trust > UBS Financial Services Inc 35",,,False,100,,not_applicable,,False,False,False,08/25/2025,False,,valid_range
20032149,Hon. Sheri Biggs,Member,SC03,20032149.pdf,2025,177,SP,US Treasury Note 8/15/2029,US Treasury Note 8/15/2029,,,GS,P,2025-08-25,2025-09-17,1001.0,15000.0,,"$1,001 - $15,000",valid_range,New,W.S.B Trust > UBS Financial Services Inc 35,,,,24,24,table,False,False,,False,0,False,False,100,True,20,False,https://disclosures-clerk.house.gov/public_disc/ptr-pdfs/2025/20032149.pdf,,,SP,US Treasury Note 8/15/2029 [GS] Filing Status: New Subholding Of: W.S.B Trust > UBS Fina,US Treasury Note 8/15/2029 [GS],P ancial Services Inc,08/25/2025 c 35,09/17/2025,"$1,001 - $15,000",,"SP US Treasury Note 8/15/2029 [GS] P 08/25/2025 09/17/2025 $1,001 - $15,000 Filing Status: New Subholding Of: W.S.B Trust > UBS Financial Services Inc 35",,,False,100,,not_applicable,,False,False,True,08/25/2025,False,,valid_range
20032149,Hon. Sheri Biggs,Member,SC03,20032149.pdf,2025,178,SP,US Treasury Note 8/15/2029,US Treasury Note 8/15/2029,,,GS,P,2025-05-30,2025-08-11,1001.0,15000.0,,"$1,001 - $15,000",valid_range,New,W.S.B Trust > UBS Financial Services Inc 35,,Professionally managed account,,24,24,table,False,False,,False,0,False,True,100,True,30,False,https://disclosures-clerk.house.gov/public_disc/ptr-pdfs/2025/20032149.pdf,,,SP,US Treasury Note 8/15/2029 [GS],US Treasury Note 8/15/2029 [GS],P,05/30/2025,08/11/2025,"$1,001 - $15,000",Filing Status: New Subholding Of: W.S.B Trust > UBS Financial Services Inc 35 Description: Professionally managed account,"SP US Treasury Note 8/15/2029 [GS] P 05/30/2025 08/11/2025 $1,001 - $15,000 Filing Status: New Subholding Of: W.S.B Trust > UBS Financial Services Inc 35 Description: Professionally managed account",,,False,100,,not_applicable,,False,False,False,05/30/2025,False,,valid_range
20032149,Hon. Sheri Biggs,Member,SC03,20032149.pdf,2025,179,SP,US Treasury Note 8/15/2029,US Treasury Note 8/15/2029,,,GS,P,2025-03-19,2025-08-11,1001.0,15000.0,,"$1,001 - $15,000",valid_range,New,W.S.B Trust > UBS Financial Services Inc 35,,Professionally managed account.,,24,24,table,False,False,,False,0,False,False,100,True,30,False,https://disclosures-clerk.house.gov/public_disc/ptr-pdfs/2025/20032149.pdf,,,SP,US Treasury Note 8/15/2029 [GS] Filing Status: New Subholding Of: W.S.B Trust > UBS Fina Description: Professionally managed acc,US Treasury Note 8/15/2029 [GS],P ancial Services Inc count.,03/19/2025 c 35,08/11/2025,"$1,001 - $15,000",,"SP US Treasury Note 8/15/2029 [GS] P 03/19/2025 08/11/2025 $1,001 - $15,000 Filing Status: New Subholding Of: W.S.B Trust > UBS Financial Services Inc 35 Description: Professionally managed account.",,,False,100,,not_applicable,,False,False,True,03/19/2025,False,,valid_range
20032149,Hon. Sheri Biggs,Member,SC03,20032149.pdf,2025,180,SP,US Treasury Note 8/15/2031,US Treasury Note 8/15/2031,,,GS,P,2025-03-19,2025-08-11,1001.0,15000.0,,"$1,001 - $15,000",valid_range,New,W.S.B Trust > UBS Financial Services Inc 35,,Professionally managed account,,24,24,table,False,False,,False,0,False,True,100,True,30,False,https://disclosures-clerk.house.gov/public_disc/ptr-pdfs/2025/20032149.pdf,,,SP,US Treasury Note 8/15/2031 [GS],US Treasury Note 8/15/2031 [GS],P,03/19/2025,08/11/2025,"$1,001 - $15,000",Filing Status: New Subholding Of: W.S.B Trust > UBS Financial Services Inc 35 Description: Professionally managed account,"SP US Treasury Note 8/15/2031 [GS] P 03/19/2025 08/11/2025 $1,001 - $15,000 Filing Status: New Subholding Of: W.S.B Trust > UBS Financial Services Inc 35 Description: Professionally managed account",,,False,100,,not_applicable,,False,False,False,03/19/2025,False,,valid_range
20032149,Hon. Sheri Biggs,Member,SC03,20032149.pdf,2025,181,SP,US Treasury Note 8/15/2031,US Treasury Note 8/15/2031,,,GS,P,2025-05-30,2025-08-11,1001.0,15000.0,,"$1,001 - $15,000",valid_range,New,W.S.B Trust > UBS Financial Services Inc 35,,Professionally managed account,,24,24,table,False,False,,False,0,False,False,100,True,30,False,https://disclosures-clerk.house.gov/public_disc/ptr-pdfs/2025/20032149.pdf,,,SP,US Treasury Note 8/15/2031 [GS] Filing Status: New Subholding Of: W.S.B Trust > UBS Fina Description: Professionally managed acc,US Treasury Note 8/15/2031 [GS],P ancial Services Inc count,05/30/2025 c 35,08/11/2025,"$1,001 - $15,000",,"SP US Treasury Note 8/15/2031 [GS] P 05/30/2025 08/11/2025 $1,001 - $15,000 Filing Status: New Subholding Of: W.S.B Trust > UBS Financial Services Inc 35 Description: Professionally managed account",,,False,100,,not_applicable,,False,False,True,05/30/2025,False,,valid_range
20032149,Hon. Sheri Biggs,Member,SC03,20032149.pdf,2025,182,SP,US Treasury Note 8/15/2033,US Treasury Note 8/15/2033,,,GS,P,2025-03-19,2025-08-11,1001.0,15000.0,,"$1,001 - $15,000",valid_range,New,W.S.B Trust > UBS Financial Services Inc 35 Type Date Gains > $200?,,Professionally managed account.,,24,25,table,False,False,,True,0,False,True,98,True,30,False,https://disclosures-clerk.house.gov/public_disc/ptr-pdfs/2025/20032149.pdf,,,SP,US Treasury Note 8/15/2033 [GS],US Treasury Note 8/15/2033 [GS],P,03/19/2025,08/11/2025,"$1,001 - $15,000",Filing Status: New Subholding Of: W.S.B Trust > UBS Financial Services Inc 35 Type Date Gains > $200? Description: Professionally managed account.,"SP US Treasury Note 8/15/2033 [GS] P 03/19/2025 08/11/2025 $1,001 - $15,000 Filing Status: New Subholding Of: W.S.B Trust > UBS Financial Services Inc 35 Type Date Gains > $200? Description: Professionally managed account.",,,False,98,,not_applicable,,False,False,False,03/19/2025,False,,valid_range
20032149,Hon. Sheri Biggs,Member,SC03,20032149.pdf,2025,183,SP,US Treasury Note 8/15/2033,US Treasury Note 8/15/2033,,,GS,P,2025-05-30,2025-08-11,1001.0,15000.0,,"$1,001 - $15,000",valid_range,New,W.S.B Trust > UBS Financial Services Inc 35,,Professionally managed account,,25,25,table,False,False,,False,0,False,False,100,True,30,False,https://disclosures-clerk.house.gov/public_disc/ptr-pdfs/2025/20032149.pdf,,,SP,US Treasury Note 8/15/2033 [GS] Filing Status: New Subholding Of: W.S.B Trust > UBS Fina Description: Professionally managed acc,US Treasury Note 8/15/2033 [GS],P ancial Services Inc count,05/30/2025 c 35,08/11/2025,"$1,001 - $15,000",,"SP US Treasury Note 8/15/2033 [GS] P 05/30/2025 08/11/2025 $1,001 - $15,000 Filing Status: New Subholding Of: W.S.B Trust > UBS Financial Services Inc 35 Description: Professionally managed account",,,False,100,,not_applicable,,False,False,True,05/30/2025,False,,valid_range
20032149,Hon. Sheri Biggs,Member,SC03,20032149.pdf,2025,184,SP,US Treasury Note 8/31/2030,US Treasury Note 8/31/2030,,,GS,P,2025-05-30,2025-08-11,1001.0,15000.0,,"$1,001 - $15,000",valid_range,New,W.S.B Trust > UBS Financial Services Inc 35,,Professionally managed account.,,25,25,table,False,False,,False,0,False,True,100,True,30,False,https://disclosures-clerk.house.gov/public_disc/ptr-pdfs/2025/20032149.pdf,,,SP,US Treasury Note 8/31/2030 [GS],US Treasury Note 8/31/2030 [GS],P,05/30/2025,08/11/2025,"$1,001 - $15,000",Filing Status: New Subholding Of: W.S.B Trust > UBS Financial Services Inc 35 Description: Professionally managed account.,"SP US Treasury Note 8/31/2030 [GS] P 05/30/2025 08/11/2025 $1,001 - $15,000 Filing Status: New Subholding Of: W.S.B Trust > UBS Financial Services Inc 35 Description: Professionally managed account.",,,False,100,,not_applicable,,False,False,False,05/30/2025,False,,valid_range
20032149,Hon. Sheri Biggs,Member,SC03,20032149.pdf,2025,185,SP,US Treasury Note 8/31/2030,US Treasury Note 8/31/2030,,,GS,P,2025-08-25,2025-09-17,1001.0,15000.0,,"$1,001 - $15,000",valid_range,New,W.S.B Trust > UBS Financial Services Inc 35,,,,25,25,table,False,False,,False,0,False,False,100,True,20,False,https://disclosures-clerk.house.gov/public_disc/ptr-pdfs/2025/20032149.pdf,,,SP,US Treasury Note 8/31/2030 [GS] Filing Status: New Subholding Of: W.S.B Trust > UBS Fina,US Treasury Note 8/31/2030 [GS],P ancial Services Inc,08/25/2025 c 35,09/17/2025,"$1,001 - $15,000",,"SP US Treasury Note 8/31/2030 [GS] P 08/25/2025 09/17/2025 $1,001 - $15,000 Filing Status: New Subholding Of: W.S.B Trust > UBS Financial Services Inc 35",,,False,100,,not_applicable,,False,False,True,08/25/2025,False,,valid_range
20032149,Hon. Sheri Biggs,Member,SC03,20032149.pdf,2025,186,SP,US Treasury Note 8/31/2030,US Treasury Note 8/31/2030,,,GS,P,2025-03-19,2025-08-11,1001.0,15000.0,,"$1,001 - $15,000",valid_range,New,W.S.B Trust > UBS Financial Services Inc 35,,Professionally managed account.,,25,25,table,False,False,,False,0,False,True,100,True,30,False,https://disclosures-clerk.house.gov/public_disc/ptr-pdfs/2025/20032149.pdf,,,SP,US Treasury Note 8/31/2030 [GS],US Treasury Note 8/31/2030 [GS],P,03/19/2025,08/11/2025,"$1,001 - $15,000",Filing Status: New Subholding Of: W.S.B Trust > UBS Financial Services Inc 35 Description: Professionally managed account.,"SP US Treasury Note 8/31/2030 [GS] P 03/19/2025 08/11/2025 $1,001 - $15,000 Filing Status: New Subholding Of: W.S.B Trust > UBS Financial Services Inc 35 Description: Professionally managed account.",,,False,100,,not_applicable,,False,False,False,03/19/2025,False,,valid_range
20032149,Hon. Sheri Biggs,Member,SC03,20032149.pdf,2025,187,SP,VALE S.A. American Depositary Shares Each Representing one common share,VALE S.A. American Depositary Shares Each Representing one common share,VALE,VALE,ST,S,2025-03-18,2025-08-11,1001.0,15000.0,,"$1,001 - $15,000",valid_range,New,W.S.B Trust > UBS Financial Services Inc 35,,Professionally managed account.,,25,25,table,False,False,,False,0,False,False,100,True,30,False,https://disclosures-clerk.house.gov/public_disc/ptr-pdfs/2025/20032149.pdf,,,SP,VALE S.A. American Depositary Shares Each Representing one common share (VALE) [ST] Filing Status: New Subholding Of: W.S.B Trust > UBS Fina Description: Professionally managed acc,VALE S.A. American Depositary Shares Each Representing one common share (VALE) [ST],S ancial Services Inc count.,03/18/2025 c 35,08/11/2025,"$1,001 - $15,000",,"SP VALE S.A. American Depositary Shares Each Representing one common share (VALE) [ST] S 03/18/2025 08/11/2025 $1,001 - $15,000 Filing Status: New Subholding Of: W.S.B Trust > UBS Financial Services Inc 35 Description: Professionally managed account.",,,False,100,VALE,accepted,house_ptr_structure+v8_1,False,False,True,03/18/2025,False,,valid_range
20032149,Hon. Sheri Biggs,Member,SC03,20032149.pdf,2025,188,SP,VIBRA ENERGIA UNSP/ADR,VIBRA ENERGIA UNSP/ADR,PETRY,PETRY,ST,S,2025-03-18,2025-08-11,1001.0,15000.0,,"$1,001 - $15,000",valid_range,New,W.S.B Trust > UBS Financial Services Inc 35,,Professionally managed account.,,25,25,table,False,False,,False,0,False,True,100,True,30,False,https://disclosures-clerk.house.gov/public_disc/ptr-pdfs/2025/20032149.pdf,,,SP,VIBRA ENERGIA UNSP/ADR (PETRY) [ST],VIBRA ENERGIA UNSP/ADR (PETRY) [ST],S,03/18/2025,08/11/2025,"$1,001 - $15,000",Filing Status: New Subholding Of: W.S.B Trust > UBS Financial Services Inc 35 Description: Professionally managed account.,"SP VIBRA ENERGIA UNSP/ADR (PETRY) [ST] S 03/18/2025 08/11/2025 $1,001 - $15,000 Filing Status: New Subholding Of: W.S.B Trust > UBS Financial Services Inc 35 Description: Professionally managed account.",,,False,100,PETRY,accepted,house_ptr_structure+v8_1,False,False,False,03/18/2025,False,,valid_range
20032149,Hon. Sheri Biggs,Member,SC03,20032149.pdf,2025,189,SP,VODACOM GROUP LTD S/ADR,VODACOM GROUP LTD S/ADR,VDMCY,VDMCY,ST,S,2025-03-18,2025-08-11,1001.0,15000.0,,"$1,001 - $15,000",valid_range,New,W.S.B Trust > UBS Financial Services Inc 35,,Professionally managed account.,,25,25,table,False,False,,False,0,False,False,100,True,30,False,https://disclosures-clerk.house.gov/public_disc/ptr-pdfs/2025/20032149.pdf,,,SP,VODACOM GROUP LTD S/ADR (VDMCY) [ST] Filing Status: New Subholding Of: W.S.B Trust > UBS Fina Description: Professionally managed acc,VODACOM GROUP LTD S/ADR (VDMCY) [ST],S ancial Services Inc count.,03/18/2025 c 35,08/11/2025,"$1,001 - $15,000",,"SP VODACOM GROUP LTD S/ADR (VDMCY) [ST] S 03/18/2025 08/11/2025 $1,001 - $15,000 Filing Status: New Subholding Of: W.S.B Trust > UBS Financial Services Inc 35 Description: Professionally managed account.",,,False,100,VDMCY,accepted,house_ptr_structure+v8_1,False,False,True,03/18/2025,False,,valid_range
