filing_id,politician,member_status,state_district,source_pdf,source_year,transaction_number_in_filing,owner,asset_v8_2_cleaned,asset_v8_1,ticker_v8_2_cleaned,ticker_v8_1,asset_type,transaction_type,transaction_date,notification_date,amount_min,amount_max,amount_exact,amount_category,amount_status,filing_status,subholding,location,description,comments,page,last_page,page_parse_method,page_recovery_used,filing_page_completeness_issue,suspected_missed_pages,page_continuation_used,duplicate_geometry_rows_merged,possible_adjacent_same_signature,row_shaded,geometry_quality_score,unicode_repair_applied,unicode_repair_count,needs_review,original_pdf_url,review_level,review_reason,owner_raw,asset_raw,asset_lookup_context,transaction_type_raw,transaction_date_raw,notification_date_raw,amount_raw,continuation_raw,detail_raw,review_reason_v8_1,review_level_v8_1,needs_review_v8_1,geometry_quality_score_v8_1,ticker_candidate_raw,ticker_parse_status,ticker_validation_source,ticker_changed,asset_changed_by_ticker_resolver,raw_date_has_extra_text,raw_date_prefix,date_prefix_disagrees,amount_exact_before_p2,amount_status_before_p2
20030296,Hon. Julie Johnson,Member,TX32,20030296.pdf,2025,1,JT,3M Company Common Stock,3M Company Common Stock,MMM,MMM,ST,P,2025-04-01,2025-05-05,1001.0,15000.0,,"$1,001 - $15,000",valid_range,New,Chase Brokerage Account (3935),,,,1,1,table,False,False,,False,0,False,False,100,True,20,False,https://disclosures-clerk.house.gov/public_disc/ptr-pdfs/2025/20030296.pdf,,,JT,3M Company Common Stock (MMM) [ST] Filing Status: New Subholding Of: Chase Brokerage Accoun,3M Company Common Stock (MMM) [ST],P nt (3935),04/01/2025,05/05/2025,"$1,001 - $15,000",,"JT 3M Company Common Stock (MMM) [ST] P 04/01/2025 05/05/2025 $1,001 - $15,000 Filing Status: New Subholding Of: Chase Brokerage Account (3935)",,,False,100,MMM,accepted,house_ptr_structure+v8_1,False,False,False,04/01/2025,False,,valid_range
20030296,Hon. Julie Johnson,Member,TX32,20030296.pdf,2025,2,JT,3M Company Common Stock,3M Company Common Stock,MMM,MMM,ST,P,2025-04-11,2025-05-05,1001.0,15000.0,,"$1,001 - $15,000",valid_range,New,Chase Brokerage Account (3935),,,,1,1,table,False,False,,False,0,False,True,100,True,20,False,https://disclosures-clerk.house.gov/public_disc/ptr-pdfs/2025/20030296.pdf,,,JT,3M Company Common Stock (MMM) [ST],3M Company Common Stock (MMM) [ST],P,04/11/2025,05/05/2025,"$1,001 - $15,000",Filing Status: New Subholding Of: Chase Brokerage Account (3935),"JT 3M Company Common Stock (MMM) [ST] P 04/11/2025 05/05/2025 $1,001 - $15,000 Filing Status: New Subholding Of: Chase Brokerage Account (3935)",,,False,100,MMM,accepted,house_ptr_structure+v8_1,False,False,False,04/11/2025,False,,valid_range
20030296,Hon. Julie Johnson,Member,TX32,20030296.pdf,2025,3,JT,Adobe Inc. - Common Stock,Adobe Inc. - Common Stock,ADBE,ADBE,ST,S,2025-04-07,2025-05-06,1001.0,15000.0,,"$1,001 - $15,000",valid_range,New,Merrill Lynch Long Term Growth,,,,1,1,table,False,False,,False,0,False,False,100,True,20,False,https://disclosures-clerk.house.gov/public_disc/ptr-pdfs/2025/20030296.pdf,,,JT,Adobe Inc. - Common Stock (ADBE) [ST] Filing Status: New Subholding Of: Merrill Lynch Long Term,Adobe Inc. - Common Stock (ADBE) [ST],S m Growth,04/07/2025,05/06/2025,"$1,001 - $15,000",,"JT Adobe Inc. - Common Stock (ADBE) [ST] S 04/07/2025 05/06/2025 $1,001 - $15,000 Filing Status: New Subholding Of: Merrill Lynch Long Term Growth",,,False,100,ADBE,accepted,house_ptr_structure+v8_1,False,False,False,04/07/2025,False,,valid_range
20030296,Hon. Julie Johnson,Member,TX32,20030296.pdf,2025,4,JT,"Agilent Technologies, Inc. Common Stock","Agilent Technologies, Inc. Common Stock",A,A,ST,S (partial),2025-04-01,2025-05-06,1001.0,15000.0,,"$1,001 - $15,000",valid_range,New,Merrill Lynch Tax Efficient Core,,,,1,1,table,False,False,,False,0,False,True,100,True,20,False,https://disclosures-clerk.house.gov/public_disc/ptr-pdfs/2025/20030296.pdf,,,JT,"Agilent Technologies, Inc. Common Stock (A) [ST]","Agilent Technologies, Inc. Common Stock (A) [ST]",S (partial),04/01/2025,05/06/2025,"$1,001 - $15,000",Filing Status: New Subholding Of: Merrill Lynch Tax Efficient Core,"JT Agilent Technologies, Inc. Common Stock (A) [ST] S (partial) 04/01/2025 05/06/2025 $1,001 - $15,000 Filing Status: New Subholding Of: Merrill Lynch Tax Efficient Core",,,False,100,A,accepted,house_ptr_structure+v8_1,False,False,False,04/01/2025,False,,valid_range
20030296,Hon. Julie Johnson,Member,TX32,20030296.pdf,2025,5,JT,Allstate Corporation,Allstate Corporation,ALL,ALL,ST,S,2025-04-07,2025-05-06,1001.0,15000.0,,"$1,001 - $15,000",valid_range,New,Merrill Lynch Long Term Growth,,,,1,1,table,False,False,,False,0,False,False,100,True,20,False,https://disclosures-clerk.house.gov/public_disc/ptr-pdfs/2025/20030296.pdf,,,JT,Allstate Corporation (ALL) [ST] Filing Status: New Subholding Of: Merrill Lynch Long Term,Allstate Corporation (ALL) [ST],S m Growth,04/07/2025,05/06/2025,"$1,001 - $15,000",,"JT Allstate Corporation (ALL) [ST] S 04/07/2025 05/06/2025 $1,001 - $15,000 Filing Status: New Subholding Of: Merrill Lynch Long Term Growth",,,False,100,ALL,accepted,house_ptr_structure+v8_1,False,False,False,04/07/2025,False,,valid_range
20030296,Hon. Julie Johnson,Member,TX32,20030296.pdf,2025,6,JT,Alphabet Inc. - Class C Capital Stock,Alphabet Inc. - Class C Capital Stock,GOOG,GOOG,ST,S,2025-04-07,2025-05-06,1001.0,15000.0,,"$1,001 - $15,000",valid_range,New,Merrill Lynch Long Term Growth,,,,1,1,table,False,False,,False,0,False,True,100,True,20,False,https://disclosures-clerk.house.gov/public_disc/ptr-pdfs/2025/20030296.pdf,,,JT,Alphabet Inc. - Class C Capital Stock (GOOG) [ST],Alphabet Inc. - Class C Capital Stock (GOOG) [ST],S,04/07/2025,05/06/2025,"$1,001 - $15,000",Filing Status: New Subholding Of: Merrill Lynch Long Term Growth,"JT Alphabet Inc. - Class C Capital Stock (GOOG) [ST] S 04/07/2025 05/06/2025 $1,001 - $15,000 Filing Status: New Subholding Of: Merrill Lynch Long Term Growth",,,False,100,GOOG,accepted,house_ptr_structure+v8_1,False,False,False,04/07/2025,False,,valid_range
20030296,Hon. Julie Johnson,Member,TX32,20030296.pdf,2025,7,JT,"Amazon.com, Inc. - Common Stock","Amazon.com, Inc. - Common Stock",AMZN,AMZN,ST,S,2025-04-07,2025-05-06,15001.0,50000.0,,"$15,001 - $50,000",valid_range,New,Merrill Lynch Long Term Growth,,,,2,2,table,False,False,,False,0,False,False,100,True,20,False,https://disclosures-clerk.house.gov/public_disc/ptr-pdfs/2025/20030296.pdf,,,JT,"Amazon.com, Inc. - Common Stock (AMZN) [ST] Filing Status: New Subholding Of: Merrill Lynch Long Term","Amazon.com, Inc. - Common Stock (AMZN) [ST]",S m Growth,04/07/2025,05/06/2025,"$15,001 - $50,000",,"JT Amazon.com, Inc. - Common Stock (AMZN) [ST] S 04/07/2025 05/06/2025 $15,001 - $50,000 Filing Status: New Subholding Of: Merrill Lynch Long Term Growth",,,False,100,AMZN,accepted,house_ptr_structure+v8_1,False,False,False,04/07/2025,False,,valid_range
20030296,Hon. Julie Johnson,Member,TX32,20030296.pdf,2025,8,JT,Apple Inc. - Common Stock,Apple Inc. - Common Stock,AAPL,AAPL,ST,S,2025-04-07,2025-05-06,1001.0,15000.0,,"$1,001 - $15,000",valid_range,New,Merrill Lynch Long Term Growth,,,,2,2,table,False,False,,False,0,False,True,100,True,20,False,https://disclosures-clerk.house.gov/public_disc/ptr-pdfs/2025/20030296.pdf,,,JT,Apple Inc. - Common Stock (AAPL) [ST],Apple Inc. - Common Stock (AAPL) [ST],S,04/07/2025,05/06/2025,"$1,001 - $15,000",Filing Status: New Subholding Of: Merrill Lynch Long Term Growth,"JT Apple Inc. - Common Stock (AAPL) [ST] S 04/07/2025 05/06/2025 $1,001 - $15,000 Filing Status: New Subholding Of: Merrill Lynch Long Term Growth",,,False,100,AAPL,accepted,house_ptr_structure+v8_1,False,False,False,04/07/2025,False,,valid_range
20030296,Hon. Julie Johnson,Member,TX32,20030296.pdf,2025,9,JT,Apple Inc. - Common Stock,Apple Inc. - Common Stock,AAPL,AAPL,ST,S,2025-03-31,2025-05-06,1001.0,15000.0,,"$1,001 - $15,000",valid_range,New,Merrill Lynch Long Term Growth,,,,2,2,table,False,False,,False,0,False,False,100,True,20,False,https://disclosures-clerk.house.gov/public_disc/ptr-pdfs/2025/20030296.pdf,,,JT,Apple Inc. - Common Stock (AAPL) [ST] Filing Status: New Subholding Of: Merrill Lynch Long Term,Apple Inc. - Common Stock (AAPL) [ST],S m Growth,03/31/2025,05/06/2025,"$1,001 - $15,000",,"JT Apple Inc. - Common Stock (AAPL) [ST] S 03/31/2025 05/06/2025 $1,001 - $15,000 Filing Status: New Subholding Of: Merrill Lynch Long Term Growth",,,False,100,AAPL,accepted,house_ptr_structure+v8_1,False,False,False,03/31/2025,False,,valid_range
20030296,Hon. Julie Johnson,Member,TX32,20030296.pdf,2025,10,JT,Aptiv PLC Ordinary Shares,Aptiv PLC Ordinary Shares,APTV,APTV,ST,S,2025-04-01,2025-05-06,1001.0,15000.0,,"$1,001 - $15,000",valid_range,New,Merrill Lynch Tax Efficient Core,,,,2,2,table,False,False,,False,0,False,True,100,True,20,False,https://disclosures-clerk.house.gov/public_disc/ptr-pdfs/2025/20030296.pdf,,,JT,Aptiv PLC Ordinary Shares (APTV) [ST],Aptiv PLC Ordinary Shares (APTV) [ST],S,04/01/2025,05/06/2025,"$1,001 - $15,000",Filing Status: New Subholding Of: Merrill Lynch Tax Efficient Core,"JT Aptiv PLC Ordinary Shares (APTV) [ST] S 04/01/2025 05/06/2025 $1,001 - $15,000 Filing Status: New Subholding Of: Merrill Lynch Tax Efficient Core",,,False,100,APTV,accepted,house_ptr_structure+v8_1,False,False,False,04/01/2025,False,,valid_range
20030296,Hon. Julie Johnson,Member,TX32,20030296.pdf,2025,11,JT,"Arista Networks, Inc. Common Stock","Arista Networks, Inc. Common Stock",ANET,ANET,ST,S,2025-04-01,2025-05-06,1001.0,15000.0,,"$1,001 - $15,000",valid_range,New,Merrill Lynch Tax Efficient Core,,,,2,2,table,False,False,,False,0,False,False,100,True,20,False,https://disclosures-clerk.house.gov/public_disc/ptr-pdfs/2025/20030296.pdf,,,JT,"Arista Networks, Inc. Common Stock (ANET) [ST] Filing Status: New Subholding Of: Merrill Lynch Tax Efficie","Arista Networks, Inc. Common Stock (ANET) [ST]",S ent Core,04/01/2025,05/06/2025,"$1,001 - $15,000",,"JT Arista Networks, Inc. Common Stock (ANET) [ST] S 04/01/2025 05/06/2025 $1,001 - $15,000 Filing Status: New Subholding Of: Merrill Lynch Tax Efficient Core",,,False,100,ANET,accepted,house_ptr_structure+v8_1,False,False,False,04/01/2025,False,,valid_range
20030296,Hon. Julie Johnson,Member,TX32,20030296.pdf,2025,12,JT,ASML Holding N.V. - New York Registry Shares,ASML Holding N.V. - New York Registry Shares,ASML,ASML,ST,S,2025-04-07,2025-05-06,1001.0,15000.0,,"$1,001 - $15,000",valid_range,New,Merrill Lynch Long Term Growth,,,,2,2,table,False,False,,False,0,False,True,100,True,20,False,https://disclosures-clerk.house.gov/public_disc/ptr-pdfs/2025/20030296.pdf,,,JT,ASML Holding N.V. - New York Registry Shares (ASML) [ST],ASML Holding N.V. - New York Registry Shares (ASML) [ST],S,04/07/2025,05/06/2025,"$1,001 - $15,000",Filing Status: New Subholding Of: Merrill Lynch Long Term Growth,"JT ASML Holding N.V. - New York Registry Shares (ASML) [ST] S 04/07/2025 05/06/2025 $1,001 - $15,000 Filing Status: New Subholding Of: Merrill Lynch Long Term Growth",,,False,100,ASML,accepted,house_ptr_structure+v8_1,False,False,False,04/07/2025,False,,valid_range
20030296,Hon. Julie Johnson,Member,TX32,20030296.pdf,2025,13,JT,"AutoZone, Inc. Common Stock","AutoZone, Inc. Common Stock",AZO,AZO,ST,S,2025-04-07,2025-05-06,1001.0,15000.0,,"$1,001 - $15,000",valid_range,New,Merrill Lynch Long Term Growth,,,,2,2,table,False,False,,False,0,False,False,100,True,20,False,https://disclosures-clerk.house.gov/public_disc/ptr-pdfs/2025/20030296.pdf,,,JT,"AutoZone, Inc. Common Stock (AZO) [ST] Filing Status: New Subholding Of: Merrill Lynch Long Term","AutoZone, Inc. Common Stock (AZO) [ST]",S m Growth,04/07/2025,05/06/2025,"$1,001 - $15,000",,"JT AutoZone, Inc. Common Stock (AZO) [ST] S 04/07/2025 05/06/2025 $1,001 - $15,000 Filing Status: New Subholding Of: Merrill Lynch Long Term Growth",,,False,100,AZO,accepted,house_ptr_structure+v8_1,False,False,False,04/07/2025,False,,valid_range
20030296,Hon. Julie Johnson,Member,TX32,20030296.pdf,2025,14,JT,Ball Corporation Common Stock,Ball Corporation Common Stock,BALL,BALL,ST,S,2025-04-01,2025-05-06,1001.0,15000.0,,"$1,001 - $15,000",valid_range,New,Merrill Lynch Tax Efficient Core,,,,2,2,table,False,False,,False,0,False,True,100,True,20,False,https://disclosures-clerk.house.gov/public_disc/ptr-pdfs/2025/20030296.pdf,,,JT,Ball Corporation Common Stock (BALL) [ST],Ball Corporation Common Stock (BALL) [ST],S,04/01/2025,05/06/2025,"$1,001 - $15,000",Filing Status: New Subholding Of: Merrill Lynch Tax Efficient Core,"JT Ball Corporation Common Stock (BALL) [ST] S 04/01/2025 05/06/2025 $1,001 - $15,000 Filing Status: New Subholding Of: Merrill Lynch Tax Efficient Core",,,False,100,BALL,accepted,house_ptr_structure+v8_1,False,False,False,04/01/2025,False,,valid_range
20030296,Hon. Julie Johnson,Member,TX32,20030296.pdf,2025,15,JT,Bio-Techne Corp - Common Stock,Bio-Techne Corp - Common Stock,TECH,TECH,ST,S,2025-04-01,2025-05-06,1001.0,15000.0,,"$1,001 - $15,000",valid_range,New,Merrill Lynch Tax Efficient Core,,,,2,2,table,False,False,,False,0,False,False,100,True,20,False,https://disclosures-clerk.house.gov/public_disc/ptr-pdfs/2025/20030296.pdf,,,JT,Bio-Techne Corp - Common Stock (TECH) [ST] Filing Status: New Subholding Of: Merrill Lynch Tax Efficie,Bio-Techne Corp - Common Stock (TECH) [ST],S ent Core,04/01/2025,05/06/2025,"$1,001 - $15,000",,"JT Bio-Techne Corp - Common Stock (TECH) [ST] S 04/01/2025 05/06/2025 $1,001 - $15,000 Filing Status: New Subholding Of: Merrill Lynch Tax Efficient Core",,,False,100,TECH,accepted,house_ptr_structure+v8_1,False,False,False,04/01/2025,False,,valid_range
20030296,Hon. Julie Johnson,Member,TX32,20030296.pdf,2025,16,JT,Blackstone Inc. Common Stock,Blackstone Inc. Common Stock,BX,BX,ST,S (partial),2025-04-22,2025-05-05,1001.0,15000.0,,"$1,001 - $15,000",valid_range,New,Chase Brokerage Account (3935),,,,3,3,table,False,False,,False,0,False,True,100,True,20,False,https://disclosures-clerk.house.gov/public_disc/ptr-pdfs/2025/20030296.pdf,,,JT,Blackstone Inc. Common Stock (BX) [ST],Blackstone Inc. Common Stock (BX) [ST],S (partial),04/22/2025,05/05/2025,"$1,001 - $15,000",Filing Status: New Subholding Of: Chase Brokerage Account (3935),"JT Blackstone Inc. Common Stock (BX) [ST] S (partial) 04/22/2025 05/05/2025 $1,001 - $15,000 Filing Status: New Subholding Of: Chase Brokerage Account (3935)",,,False,100,BX,accepted,house_ptr_structure+v8_1,False,False,False,04/22/2025,False,,valid_range
20030296,Hon. Julie Johnson,Member,TX32,20030296.pdf,2025,17,JT,Blue Bird Corporation - Common Stock,Blue Bird Corporation - Common Stock,BLBD,BLBD,ST,S,2025-04-07,2025-05-06,1001.0,15000.0,,"$1,001 - $15,000",valid_range,New,Merrill Lynch Long Term Growth,,,,3,3,table,False,False,,False,0,False,False,100,True,20,False,https://disclosures-clerk.house.gov/public_disc/ptr-pdfs/2025/20030296.pdf,,,JT,Blue Bird Corporation - Common Stock (BLBD) [ST] Filing Status: New Subholding Of: Merrill Lynch Long Term,Blue Bird Corporation - Common Stock (BLBD) [ST],S m Growth,04/07/2025,05/06/2025,"$1,001 - $15,000",,"JT Blue Bird Corporation - Common Stock (BLBD) [ST] S 04/07/2025 05/06/2025 $1,001 - $15,000 Filing Status: New Subholding Of: Merrill Lynch Long Term Growth",,,False,100,BLBD,accepted,house_ptr_structure+v8_1,False,False,False,04/07/2025,False,,valid_range
20030296,Hon. Julie Johnson,Member,TX32,20030296.pdf,2025,18,JT,Boeing Company,Boeing Company,BA,BA,ST,S (partial),2025-04-01,2025-05-06,1001.0,15000.0,,"$1,001 - $15,000",valid_range,New,Merrill Lynch Tax Efficient Core,,,,3,3,table,False,False,,False,0,False,True,100,True,20,False,https://disclosures-clerk.house.gov/public_disc/ptr-pdfs/2025/20030296.pdf,,,JT,Boeing Company (BA) [ST],Boeing Company (BA) [ST],S (partial),04/01/2025,05/06/2025,"$1,001 - $15,000",Filing Status: New Subholding Of: Merrill Lynch Tax Efficient Core,"JT Boeing Company (BA) [ST] S (partial) 04/01/2025 05/06/2025 $1,001 - $15,000 Filing Status: New Subholding Of: Merrill Lynch Tax Efficient Core",,,False,100,BA,accepted,house_ptr_structure+v8_1,False,False,False,04/01/2025,False,,valid_range
20030296,Hon. Julie Johnson,Member,TX32,20030296.pdf,2025,19,JT,BorgWarner Inc. Common Stock,BorgWarner Inc. Common Stock,BWA,BWA,ST,S,2025-04-01,2025-05-06,1001.0,15000.0,,"$1,001 - $15,000",valid_range,New,Merrill Lynch Tax Efficient Core,,,,3,3,table,False,False,,False,0,False,False,100,True,20,False,https://disclosures-clerk.house.gov/public_disc/ptr-pdfs/2025/20030296.pdf,,,JT,BorgWarner Inc. Common Stock (BWA) [ST] Filing Status: New Subholding Of: Merrill Lynch Tax Efficie,BorgWarner Inc. Common Stock (BWA) [ST],S ent Core,04/01/2025,05/06/2025,"$1,001 - $15,000",,"JT BorgWarner Inc. Common Stock (BWA) [ST] S 04/01/2025 05/06/2025 $1,001 - $15,000 Filing Status: New Subholding Of: Merrill Lynch Tax Efficient Core",,,False,100,BWA,accepted,house_ptr_structure+v8_1,False,False,False,04/01/2025,False,,valid_range
20030296,Hon. Julie Johnson,Member,TX32,20030296.pdf,2025,20,JT,Bristol-Myers Squibb Company Common Stock,Bristol-Myers Squibb Company Common Stock,BMY,BMY,ST,S,2025-04-01,2025-05-06,1001.0,15000.0,,"$1,001 - $15,000",valid_range,New,Merrill Lynch Tax Efficient Core,,,,3,3,table,False,False,,False,0,False,True,100,True,20,False,https://disclosures-clerk.house.gov/public_disc/ptr-pdfs/2025/20030296.pdf,,,JT,Bristol-Myers Squibb Company Common Stock (BMY) [ST],Bristol-Myers Squibb Company Common Stock (BMY) [ST],S,04/01/2025,05/06/2025,"$1,001 - $15,000",Filing Status: New Subholding Of: Merrill Lynch Tax Efficient Core,"JT Bristol-Myers Squibb Company Common Stock (BMY) [ST] S 04/01/2025 05/06/2025 $1,001 - $15,000 Filing Status: New Subholding Of: Merrill Lynch Tax Efficient Core",,,False,100,BMY,accepted,house_ptr_structure+v8_1,False,False,False,04/01/2025,False,,valid_range
20030296,Hon. Julie Johnson,Member,TX32,20030296.pdf,2025,21,JT,Camden Property Trust Common Stock,Camden Property Trust Common Stock,CPT,CPT,ST,S,2025-04-01,2025-05-06,1001.0,15000.0,,"$1,001 - $15,000",valid_range,New,Merrill Lynch Tax Efficient Core,,,,3,3,table,False,False,,False,0,False,False,100,True,20,False,https://disclosures-clerk.house.gov/public_disc/ptr-pdfs/2025/20030296.pdf,,,JT,Camden Property Trust Common Stock (CPT) [ST] Filing Status: New Subholding Of: Merrill Lynch Tax Efficie,Camden Property Trust Common Stock (CPT) [ST],S ent Core,04/01/2025,05/06/2025,"$1,001 - $15,000",,"JT Camden Property Trust Common Stock (CPT) [ST] S 04/01/2025 05/06/2025 $1,001 - $15,000 Filing Status: New Subholding Of: Merrill Lynch Tax Efficient Core",,,False,100,CPT,accepted,house_ptr_structure+v8_1,False,False,False,04/01/2025,False,,valid_range
20030296,Hon. Julie Johnson,Member,TX32,20030296.pdf,2025,22,JT,Capital One Financial Corporation Common Stock,Capital One Financial Corporation Common Stock,COF,COF,ST,P,2025-04-01,2025-05-05,1001.0,15000.0,,"$1,001 - $15,000",valid_range,New,Chase Brokerage Account (3935),,,,3,3,table,False,False,,False,0,False,True,100,True,20,False,https://disclosures-clerk.house.gov/public_disc/ptr-pdfs/2025/20030296.pdf,,,JT,Capital One Financial Corporation Common Stock (COF) [ST],Capital One Financial Corporation Common Stock (COF) [ST],P,04/01/2025,05/05/2025,"$1,001 - $15,000",Filing Status: New Subholding Of: Chase Brokerage Account (3935),"JT Capital One Financial Corporation Common Stock (COF) [ST] P 04/01/2025 05/05/2025 $1,001 - $15,000 Filing Status: New Subholding Of: Chase Brokerage Account (3935)",,,False,100,COF,accepted,house_ptr_structure+v8_1,False,False,False,04/01/2025,False,,valid_range
20030296,Hon. Julie Johnson,Member,TX32,20030296.pdf,2025,23,JT,Carlisle Companies Incorporated Common Stock,Carlisle Companies Incorporated Common Stock,CSL,CSL,ST,S,2025-04-07,2025-05-06,1001.0,15000.0,,"$1,001 - $15,000",valid_range,New,Merrill Lynch Long Term Growth,,,,3,3,table,False,False,,False,0,False,False,100,True,20,False,https://disclosures-clerk.house.gov/public_disc/ptr-pdfs/2025/20030296.pdf,,,JT,Carlisle Companies Incorporated Common Stock (CSL) [ST] Filing Status: New Subholding Of: Merrill Lynch Long Term,Carlisle Companies Incorporated Common Stock (CSL) [ST],S m Growth,04/07/2025,05/06/2025,"$1,001 - $15,000",,"JT Carlisle Companies Incorporated Common Stock (CSL) [ST] S 04/07/2025 05/06/2025 $1,001 - $15,000 Filing Status: New Subholding Of: Merrill Lynch Long Term Growth",,,False,100,CSL,accepted,house_ptr_structure+v8_1,False,False,False,04/07/2025,False,,valid_range
20030296,Hon. Julie Johnson,Member,TX32,20030296.pdf,2025,24,JT,Chevron Corporation Common Stock,Chevron Corporation Common Stock,CVX,CVX,ST,S,2025-04-07,2025-05-06,1001.0,15000.0,,"$1,001 - $15,000",valid_range,New,Merrill Lynch Long Term Growth,,,,3,3,table,False,False,,False,0,False,True,100,True,20,False,https://disclosures-clerk.house.gov/public_disc/ptr-pdfs/2025/20030296.pdf,,,JT,Chevron Corporation Common Stock (CVX) [ST],Chevron Corporation Common Stock (CVX) [ST],S,04/07/2025,05/06/2025,"$1,001 - $15,000",Filing Status: New Subholding Of: Merrill Lynch Long Term Growth,"JT Chevron Corporation Common Stock (CVX) [ST] S 04/07/2025 05/06/2025 $1,001 - $15,000 Filing Status: New Subholding Of: Merrill Lynch Long Term Growth",,,False,100,CVX,accepted,house_ptr_structure+v8_1,False,False,False,04/07/2025,False,,valid_range
20030296,Hon. Julie Johnson,Member,TX32,20030296.pdf,2025,25,JT,Chevron Corporation Common Stock,Chevron Corporation Common Stock,CVX,CVX,ST,S,2025-04-01,2025-05-06,1001.0,15000.0,,"$1,001 - $15,000",valid_range,New,Merrill Lynch Tax Efficient Core,,,,3,4,table,False,False,,True,0,False,False,98,True,20,False,https://disclosures-clerk.house.gov/public_disc/ptr-pdfs/2025/20030296.pdf,,,JT,Chevron Corporation Common Stock,Chevron Corporation Common Stock (CVX) [ST],S,04/01/2025,05/06/2025,"$1,001 - $15,000",(CVX) [ST] Filing Status: New Subholding Of: Merrill Lynch Tax Efficient Core,"JT Chevron Corporation Common Stock S 04/01/2025 05/06/2025 $1,001 - $15,000 (CVX) [ST] Filing Status: New Subholding Of: Merrill Lynch Tax Efficient Core",,,False,98,CVX,accepted,house_ptr_structure+v8_1,False,False,False,04/01/2025,False,,valid_range
20030296,Hon. Julie Johnson,Member,TX32,20030296.pdf,2025,26,JT,Chubb Limited Common Stock,Chubb Limited Common Stock,CB,CB,ST,S,2025-04-07,2025-05-06,1001.0,15000.0,,"$1,001 - $15,000",valid_range,New,Merrill Lynch Long Term Growth,,,,4,4,table,False,False,,False,0,False,True,100,True,20,False,https://disclosures-clerk.house.gov/public_disc/ptr-pdfs/2025/20030296.pdf,,,JT,Chubb Limited Common Stock (CB) [ST],Chubb Limited Common Stock (CB) [ST],S,04/07/2025,05/06/2025,"$1,001 - $15,000",Filing Status: New Subholding Of: Merrill Lynch Long Term Growth,"JT Chubb Limited Common Stock (CB) [ST] S 04/07/2025 05/06/2025 $1,001 - $15,000 Filing Status: New Subholding Of: Merrill Lynch Long Term Growth",,,False,100,CB,accepted,house_ptr_structure+v8_1,False,False,False,04/07/2025,False,,valid_range
20030296,Hon. Julie Johnson,Member,TX32,20030296.pdf,2025,27,JT,Comcast Corporation - Class A Common Stock,Comcast Corporation - Class A Common Stock,CMCSA,CMCSA,ST,S,2025-04-01,2025-05-06,1001.0,15000.0,,"$1,001 - $15,000",valid_range,New,Merrill Lynch Tax Efficient Core,,,,4,4,table,False,False,,False,0,False,False,100,True,20,False,https://disclosures-clerk.house.gov/public_disc/ptr-pdfs/2025/20030296.pdf,,,JT,Comcast Corporation - Class A Common Stock (CMCSA) [ST] Filing Status: New Subholding Of: Merrill Lynch Tax Efficie,Comcast Corporation - Class A Common Stock (CMCSA) [ST],S ent Core,04/01/2025,05/06/2025,"$1,001 - $15,000",,"JT Comcast Corporation - Class A Common Stock (CMCSA) [ST] S 04/01/2025 05/06/2025 $1,001 - $15,000 Filing Status: New Subholding Of: Merrill Lynch Tax Efficient Core",,,False,100,CMCSA,accepted,house_ptr_structure+v8_1,False,False,False,04/01/2025,False,,valid_range
20030296,Hon. Julie Johnson,Member,TX32,20030296.pdf,2025,28,JT,"ConAgra Brands, Inc. Common Stock","ConAgra Brands, Inc. Common Stock",CAG,CAG,ST,S,2025-04-01,2025-05-06,1001.0,15000.0,,"$1,001 - $15,000",valid_range,New,Merrill Lynch Tax Efficient Core,,,,4,4,table,False,False,,False,0,False,True,100,True,20,False,https://disclosures-clerk.house.gov/public_disc/ptr-pdfs/2025/20030296.pdf,,,JT,"ConAgra Brands, Inc. Common Stock (CAG) [ST]","ConAgra Brands, Inc. Common Stock (CAG) [ST]",S,04/01/2025,05/06/2025,"$1,001 - $15,000",Filing Status: New Subholding Of: Merrill Lynch Tax Efficient Core,"JT ConAgra Brands, Inc. Common Stock (CAG) [ST] S 04/01/2025 05/06/2025 $1,001 - $15,000 Filing Status: New Subholding Of: Merrill Lynch Tax Efficient Core",,,False,100,CAG,accepted,house_ptr_structure+v8_1,False,False,False,04/01/2025,False,,valid_range
20030296,Hon. Julie Johnson,Member,TX32,20030296.pdf,2025,29,JT,ConocoPhillips Common Stock,ConocoPhillips Common Stock,COP,COP,ST,S,2025-04-01,2025-05-06,1001.0,15000.0,,"$1,001 - $15,000",valid_range,New,Merrill Lynch Tax Efficient Core,,,,4,4,table,False,False,,False,0,False,False,100,True,20,False,https://disclosures-clerk.house.gov/public_disc/ptr-pdfs/2025/20030296.pdf,,,JT,ConocoPhillips Common Stock (COP) [ST] Filing Status: New Subholding Of: Merrill Lynch Tax Efficie,ConocoPhillips Common Stock (COP) [ST],S ent Core,04/01/2025,05/06/2025,"$1,001 - $15,000",,"JT ConocoPhillips Common Stock (COP) [ST] S 04/01/2025 05/06/2025 $1,001 - $15,000 Filing Status: New Subholding Of: Merrill Lynch Tax Efficient Core",,,False,100,COP,accepted,house_ptr_structure+v8_1,False,False,False,04/01/2025,False,,valid_range
20030296,Hon. Julie Johnson,Member,TX32,20030296.pdf,2025,30,JT,"Constellation Brands, Inc. Common Stock","Constellation Brands, Inc. Common Stock",STZ,STZ,ST,S,2025-04-01,2025-05-06,1001.0,15000.0,,"$1,001 - $15,000",valid_range,New,Merrill Lynch Tax Efficient Core,,,,4,4,table,False,False,,False,0,False,True,100,True,20,False,https://disclosures-clerk.house.gov/public_disc/ptr-pdfs/2025/20030296.pdf,,,JT,"Constellation Brands, Inc. Common Stock (STZ) [ST]","Constellation Brands, Inc. Common Stock (STZ) [ST]",S,04/01/2025,05/06/2025,"$1,001 - $15,000",Filing Status: New Subholding Of: Merrill Lynch Tax Efficient Core,"JT Constellation Brands, Inc. Common Stock (STZ) [ST] S 04/01/2025 05/06/2025 $1,001 - $15,000 Filing Status: New Subholding Of: Merrill Lynch Tax Efficient Core",,,False,100,STZ,accepted,house_ptr_structure+v8_1,False,False,False,04/01/2025,False,,valid_range
20030296,Hon. Julie Johnson,Member,TX32,20030296.pdf,2025,31,JT,Constellation Energy Corporation - Common Stock,Constellation Energy Corporation - Common Stock,CEG,CEG,ST,S,2025-04-01,2025-05-06,1001.0,15000.0,,"$1,001 - $15,000",valid_range,New,Merrill Lynch Tax Efficient Core,,,,4,4,table,False,False,,False,0,False,False,100,True,20,False,https://disclosures-clerk.house.gov/public_disc/ptr-pdfs/2025/20030296.pdf,,,JT,Constellation Energy Corporation - Common Stock (CEG) [ST] Filing Status: New Subholding Of: Merrill Lynch Tax Efficie,Constellation Energy Corporation - Common Stock (CEG) [ST],S ent Core,04/01/2025,05/06/2025,"$1,001 - $15,000",,"JT Constellation Energy Corporation - Common Stock (CEG) [ST] S 04/01/2025 05/06/2025 $1,001 - $15,000 Filing Status: New Subholding Of: Merrill Lynch Tax Efficient Core",,,False,100,CEG,accepted,house_ptr_structure+v8_1,False,False,False,04/01/2025,False,,valid_range
20030296,Hon. Julie Johnson,Member,TX32,20030296.pdf,2025,32,JT,Crown Castle Inc. Common Stock,Crown Castle Inc. Common Stock,CCI,CCI,ST,S,2025-04-01,2025-05-06,1001.0,15000.0,,"$1,001 - $15,000",valid_range,New,Merrill Lynch Tax Efficient Core,,,,4,4,table,False,False,,False,0,False,True,100,True,20,False,https://disclosures-clerk.house.gov/public_disc/ptr-pdfs/2025/20030296.pdf,,,JT,Crown Castle Inc. Common Stock (CCI) [ST],Crown Castle Inc. Common Stock (CCI) [ST],S,04/01/2025,05/06/2025,"$1,001 - $15,000",Filing Status: New Subholding Of: Merrill Lynch Tax Efficient Core,"JT Crown Castle Inc. Common Stock (CCI) [ST] S 04/01/2025 05/06/2025 $1,001 - $15,000 Filing Status: New Subholding Of: Merrill Lynch Tax Efficient Core",,,False,100,CCI,accepted,house_ptr_structure+v8_1,False,False,False,04/01/2025,False,,valid_range
20030296,Hon. Julie Johnson,Member,TX32,20030296.pdf,2025,33,JT,CVS Health Corporation Common Stock,CVS Health Corporation Common Stock,CVS,CVS,ST,S,2025-04-01,2025-05-06,1001.0,15000.0,,"$1,001 - $15,000",valid_range,New,Merrill Lynch Tax Efficient Core,,,,4,4,table,False,False,,False,0,False,False,100,True,20,False,https://disclosures-clerk.house.gov/public_disc/ptr-pdfs/2025/20030296.pdf,,,JT,CVS Health Corporation Common Stock (CVS) [ST] Filing Status: New Subholding Of: Merrill Lynch Tax Efficie,CVS Health Corporation Common Stock (CVS) [ST],S ent Core,04/01/2025,05/06/2025,"$1,001 - $15,000",,"JT CVS Health Corporation Common Stock (CVS) [ST] S 04/01/2025 05/06/2025 $1,001 - $15,000 Filing Status: New Subholding Of: Merrill Lynch Tax Efficient Core",,,False,100,CVS,accepted,house_ptr_structure+v8_1,False,False,False,04/01/2025,False,,valid_range
20030296,Hon. Julie Johnson,Member,TX32,20030296.pdf,2025,34,JT,"Delta Air Lines, Inc. Common Stock","Delta Air Lines, Inc. Common Stock",DAL,DAL,ST,S,2025-04-01,2025-05-06,1001.0,15000.0,,"$1,001 - $15,000",valid_range,New,Merrill Lynch Long Term Growth,,,,4,5,table,False,False,,True,0,False,True,98,True,20,False,https://disclosures-clerk.house.gov/public_disc/ptr-pdfs/2025/20030296.pdf,,,JT,"Delta Air Lines, Inc. Common Stock","Delta Air Lines, Inc. Common Stock yp $200? (DAL) [ST]",S,04/01/2025,05/06/2025,"$1,001 - $15,000",yp $200? (DAL) [ST] Filing Status: New Subholding Of: Merrill Lynch Long Term Growth,"JT Delta Air Lines, Inc. Common Stock S 04/01/2025 05/06/2025 $1,001 - $15,000 yp $200? (DAL) [ST] Filing Status: New Subholding Of: Merrill Lynch Long Term Growth",,,False,98,DAL,accepted,house_ptr_structure+v8_1,False,False,False,04/01/2025,False,,valid_range
20030296,Hon. Julie Johnson,Member,TX32,20030296.pdf,2025,35,JT,Discover Financial Services Common Stock,Discover Financial Services Common Stock,DFS,DFS,ST,S,2025-04-07,2025-05-06,1001.0,15000.0,,"$1,001 - $15,000",valid_range,New,Merrill Lynch Long Term Growth,,,,5,5,table,False,False,,False,0,False,False,100,True,20,False,https://disclosures-clerk.house.gov/public_disc/ptr-pdfs/2025/20030296.pdf,,,JT,Discover Financial Services Common Stock (DFS) [ST] Filing Status: New Subholding Of: Merrill Lynch Long Term,Discover Financial Services Common Stock (DFS) [ST],S m Growth,04/07/2025,05/06/2025,"$1,001 - $15,000",,"JT Discover Financial Services Common Stock (DFS) [ST] S 04/07/2025 05/06/2025 $1,001 - $15,000 Filing Status: New Subholding Of: Merrill Lynch Long Term Growth",,,False,100,DFS,accepted,house_ptr_structure+v8_1,False,False,False,04/07/2025,False,,valid_range
20030296,Hon. Julie Johnson,Member,TX32,20030296.pdf,2025,36,JT,"Dollar Tree, Inc. - Common Stock","Dollar Tree, Inc. - Common Stock",DLTR,DLTR,ST,S,2025-04-01,2025-05-06,1001.0,15000.0,,"$1,001 - $15,000",valid_range,New,Merrill Lynch Tax Efficient Core,,,,5,5,table,False,False,,False,0,False,True,100,True,20,False,https://disclosures-clerk.house.gov/public_disc/ptr-pdfs/2025/20030296.pdf,,,JT,"Dollar Tree, Inc. - Common Stock (DLTR) [ST]","Dollar Tree, Inc. - Common Stock (DLTR) [ST]",S,04/01/2025,05/06/2025,"$1,001 - $15,000",Filing Status: New Subholding Of: Merrill Lynch Tax Efficient Core,"JT Dollar Tree, Inc. - Common Stock (DLTR) [ST] S 04/01/2025 05/06/2025 $1,001 - $15,000 Filing Status: New Subholding Of: Merrill Lynch Tax Efficient Core",,,False,100,DLTR,accepted,house_ptr_structure+v8_1,False,False,False,04/01/2025,False,,valid_range
20030296,Hon. Julie Johnson,Member,TX32,20030296.pdf,2025,37,JT,"DT Midstream, Inc. Common Stock","DT Midstream, Inc. Common Stock",DTM,DTM,ST,S,2025-04-07,2025-05-06,1001.0,15000.0,,"$1,001 - $15,000",valid_range,New,Merrill Lynch Long Term Growth,,,,5,5,table,False,False,,False,0,False,False,100,True,20,False,https://disclosures-clerk.house.gov/public_disc/ptr-pdfs/2025/20030296.pdf,,,JT,"DT Midstream, Inc. Common Stock (DTM) [ST] Filing Status: New Subholding Of: Merrill Lynch Long Term","DT Midstream, Inc. Common Stock (DTM) [ST]",S m Growth,04/07/2025,05/06/2025,"$1,001 - $15,000",,"JT DT Midstream, Inc. Common Stock (DTM) [ST] S 04/07/2025 05/06/2025 $1,001 - $15,000 Filing Status: New Subholding Of: Merrill Lynch Long Term Growth",,,False,100,DTM,accepted,house_ptr_structure+v8_1,False,False,False,04/07/2025,False,,valid_range
20030296,Hon. Julie Johnson,Member,TX32,20030296.pdf,2025,38,JT,"Eaton Corporation, PLC Ordinary Shares","Eaton Corporation, PLC Ordinary Shares",ETN,ETN,ST,S,2025-04-07,2025-05-06,1001.0,15000.0,,"$1,001 - $15,000",valid_range,New,Merrill Lynch Long Term Growth,,,,5,5,table,False,False,,False,0,False,True,100,True,20,False,https://disclosures-clerk.house.gov/public_disc/ptr-pdfs/2025/20030296.pdf,,,JT,"Eaton Corporation, PLC Ordinary Shares (ETN) [ST]","Eaton Corporation, PLC Ordinary Shares (ETN) [ST]",S,04/07/2025,05/06/2025,"$1,001 - $15,000",Filing Status: New Subholding Of: Merrill Lynch Long Term Growth,"JT Eaton Corporation, PLC Ordinary Shares (ETN) [ST] S 04/07/2025 05/06/2025 $1,001 - $15,000 Filing Status: New Subholding Of: Merrill Lynch Long Term Growth",,,False,100,ETN,accepted,house_ptr_structure+v8_1,False,False,False,04/07/2025,False,,valid_range
20030296,Hon. Julie Johnson,Member,TX32,20030296.pdf,2025,39,JT,"Eaton Corporation, PLC Ordinary Shares","Eaton Corporation, PLC Ordinary Shares",ETN,ETN,ST,S,2025-04-01,2025-05-06,1001.0,15000.0,,"$1,001 - $15,000",valid_range,New,Merrill Lynch Tax Efficient Core,,,,5,5,table,False,False,,False,0,False,False,100,True,20,False,https://disclosures-clerk.house.gov/public_disc/ptr-pdfs/2025/20030296.pdf,,,JT,"Eaton Corporation, PLC Ordinary Shares (ETN) [ST] Filing Status: New Subholding Of: Merrill Lynch Tax Efficie","Eaton Corporation, PLC Ordinary Shares (ETN) [ST]",S ent Core,04/01/2025,05/06/2025,"$1,001 - $15,000",,"JT Eaton Corporation, PLC Ordinary Shares (ETN) [ST] S 04/01/2025 05/06/2025 $1,001 - $15,000 Filing Status: New Subholding Of: Merrill Lynch Tax Efficient Core",,,False,100,ETN,accepted,house_ptr_structure+v8_1,False,False,False,04/01/2025,False,,valid_range
20030296,Hon. Julie Johnson,Member,TX32,20030296.pdf,2025,40,JT,Edison International Common Stock,Edison International Common Stock,EIX,EIX,ST,S,2025-04-01,2025-05-06,1001.0,15000.0,,"$1,001 - $15,000",valid_range,New,Merrill Lynch Tax Efficient Core,,,,5,5,table,False,False,,False,0,False,True,100,True,20,False,https://disclosures-clerk.house.gov/public_disc/ptr-pdfs/2025/20030296.pdf,,,JT,Edison International Common Stock (EIX) [ST],Edison International Common Stock (EIX) [ST],S,04/01/2025,05/06/2025,"$1,001 - $15,000",Filing Status: New Subholding Of: Merrill Lynch Tax Efficient Core,"JT Edison International Common Stock (EIX) [ST] S 04/01/2025 05/06/2025 $1,001 - $15,000 Filing Status: New Subholding Of: Merrill Lynch Tax Efficient Core",,,False,100,EIX,accepted,house_ptr_structure+v8_1,False,False,False,04/01/2025,False,,valid_range
20030296,Hon. Julie Johnson,Member,TX32,20030296.pdf,2025,41,JT,Electronic Arts Inc. - Common Stock,Electronic Arts Inc. - Common Stock,EA,EA,ST,S,2025-04-01,2025-05-06,1001.0,15000.0,,"$1,001 - $15,000",valid_range,New,Merrill Lynch Tax Efficient Core,,,,5,5,table,False,False,,False,0,False,False,100,True,20,False,https://disclosures-clerk.house.gov/public_disc/ptr-pdfs/2025/20030296.pdf,,,JT,Electronic Arts Inc. - Common Stock (EA) [ST] Filing Status: New Subholding Of: Merrill Lynch Tax Efficie,Electronic Arts Inc. - Common Stock (EA) [ST],S ent Core,04/01/2025,05/06/2025,"$1,001 - $15,000",,"JT Electronic Arts Inc. - Common Stock (EA) [ST] S 04/01/2025 05/06/2025 $1,001 - $15,000 Filing Status: New Subholding Of: Merrill Lynch Tax Efficient Core",,,False,100,EA,accepted,house_ptr_structure+v8_1,False,False,False,04/01/2025,False,,valid_range
20030296,Hon. Julie Johnson,Member,TX32,20030296.pdf,2025,42,JT,Eli Lilly and Company Common Stock,Eli Lilly and Company Common Stock,LLY,LLY,ST,S,2025-04-07,2025-05-06,1001.0,15000.0,,"$1,001 - $15,000",valid_range,New,Merrill Lynch Long Term Growth,,,,5,5,table,False,False,,False,0,False,True,100,True,20,False,https://disclosures-clerk.house.gov/public_disc/ptr-pdfs/2025/20030296.pdf,,,JT,Eli Lilly and Company Common Stock (LLY) [ST],Eli Lilly and Company Common Stock (LLY) [ST],S,04/07/2025,05/06/2025,"$1,001 - $15,000",Filing Status: New Subholding Of: Merrill Lynch Long Term Growth,"JT Eli Lilly and Company Common Stock (LLY) [ST] S 04/07/2025 05/06/2025 $1,001 - $15,000 Filing Status: New Subholding Of: Merrill Lynch Long Term Growth",,,False,100,LLY,accepted,house_ptr_structure+v8_1,False,False,False,04/07/2025,False,,valid_range
20030296,Hon. Julie Johnson,Member,TX32,20030296.pdf,2025,43,JT,"Equinix, Inc. - Common Stock","Equinix, Inc. - Common Stock",EQIX,EQIX,ST,S,2025-04-07,2025-05-06,1001.0,15000.0,,"$1,001 - $15,000",valid_range,New,Merrill Lynch Long Term Growth,,,,5,6,table,False,False,,True,0,False,False,98,True,20,False,https://disclosures-clerk.house.gov/public_disc/ptr-pdfs/2025/20030296.pdf,,,JT,"Equinix, Inc. - Common Stock (EQIX)","Equinix, Inc. - Common Stock (EQIX) [ST]",S,04/07/2025,05/06/2025,"$1,001 - $15,000",[ST] Filing Status: New Subholding Of: Merrill Lynch Long Term Growth,"JT Equinix, Inc. - Common Stock (EQIX) S 04/07/2025 05/06/2025 $1,001 - $15,000 [ST] Filing Status: New Subholding Of: Merrill Lynch Long Term Growth",,,False,98,EQIX,accepted,house_ptr_structure+v8_1,False,False,False,04/07/2025,False,,valid_range
20030296,Hon. Julie Johnson,Member,TX32,20030296.pdf,2025,44,JT,Eversource Energy,Eversource Energy,ES,ES,ST,S,2025-04-01,2025-05-06,1001.0,15000.0,,"$1,001 - $15,000",valid_range,New,Merrill Lynch Tax Efficient Core,,,,6,6,table,False,False,,False,0,False,True,100,True,20,False,https://disclosures-clerk.house.gov/public_disc/ptr-pdfs/2025/20030296.pdf,,,JT,Eversource Energy (ES) [ST],Eversource Energy (ES) [ST],S,04/01/2025,05/06/2025,"$1,001 - $15,000",Filing Status: New Subholding Of: Merrill Lynch Tax Efficient Core,"JT Eversource Energy (ES) [ST] S 04/01/2025 05/06/2025 $1,001 - $15,000 Filing Status: New Subholding Of: Merrill Lynch Tax Efficient Core",,,False,100,ES,accepted,house_ptr_structure+v8_1,False,False,False,04/01/2025,False,,valid_range
20030296,Hon. Julie Johnson,Member,TX32,20030296.pdf,2025,45,JT,Exxon Mobil Corporation Common Stock,Exxon Mobil Corporation Common Stock,XOM,XOM,ST,S,2025-04-07,2025-05-06,1001.0,15000.0,,"$1,001 - $15,000",valid_range,New,Merrill Lynch Long Term Growth,,,,6,6,table,False,False,,False,0,False,False,100,True,20,False,https://disclosures-clerk.house.gov/public_disc/ptr-pdfs/2025/20030296.pdf,,,JT,Exxon Mobil Corporation Common Stock (XOM) [ST] Filing Status: New Subholding Of: Merrill Lynch Long Term,Exxon Mobil Corporation Common Stock (XOM) [ST],S m Growth,04/07/2025,05/06/2025,"$1,001 - $15,000",,"JT Exxon Mobil Corporation Common Stock (XOM) [ST] S 04/07/2025 05/06/2025 $1,001 - $15,000 Filing Status: New Subholding Of: Merrill Lynch Long Term Growth",,,False,100,XOM,accepted,house_ptr_structure+v8_1,False,False,False,04/07/2025,False,,valid_range
20030296,Hon. Julie Johnson,Member,TX32,20030296.pdf,2025,46,JT,FactSet Research Systems Inc. Common Stock,FactSet Research Systems Inc. Common Stock,FDS,FDS,ST,S,2025-04-01,2025-05-06,1001.0,15000.0,,"$1,001 - $15,000",valid_range,New,Merrill Lynch Tax Efficient Core,,,,6,6,table,False,False,,False,0,False,True,100,True,20,False,https://disclosures-clerk.house.gov/public_disc/ptr-pdfs/2025/20030296.pdf,,,JT,FactSet Research Systems Inc. Common Stock (FDS) [ST],FactSet Research Systems Inc. Common Stock (FDS) [ST],S,04/01/2025,05/06/2025,"$1,001 - $15,000",Filing Status: New Subholding Of: Merrill Lynch Tax Efficient Core,"JT FactSet Research Systems Inc. Common Stock (FDS) [ST] S 04/01/2025 05/06/2025 $1,001 - $15,000 Filing Status: New Subholding Of: Merrill Lynch Tax Efficient Core",,,False,100,FDS,accepted,house_ptr_structure+v8_1,False,False,False,04/01/2025,False,,valid_range
20030296,Hon. Julie Johnson,Member,TX32,20030296.pdf,2025,47,JT,FedEx Corporation Common Stock,FedEx Corporation Common Stock,FDX,FDX,ST,S,2025-04-01,2025-05-06,1001.0,15000.0,,"$1,001 - $15,000",valid_range,New,Merrill Lynch Tax Efficient Core,,,,6,6,table,False,False,,False,0,False,False,100,True,20,False,https://disclosures-clerk.house.gov/public_disc/ptr-pdfs/2025/20030296.pdf,,,JT,FedEx Corporation Common Stock (FDX) [ST] Filing Status: New Subholding Of: Merrill Lynch Tax Efficie,FedEx Corporation Common Stock (FDX) [ST],S ent Core,04/01/2025,05/06/2025,"$1,001 - $15,000",,"JT FedEx Corporation Common Stock (FDX) [ST] S 04/01/2025 05/06/2025 $1,001 - $15,000 Filing Status: New Subholding Of: Merrill Lynch Tax Efficient Core",,,False,100,FDX,accepted,house_ptr_structure+v8_1,False,False,False,04/01/2025,False,,valid_range
20030296,Hon. Julie Johnson,Member,TX32,20030296.pdf,2025,48,JT,"Fidelity National Information Services, Inc. Common Stock","Fidelity National Information Services, Inc. Common Stock",FIS,FIS,ST,P,2025-04-22,2025-05-05,1001.0,15000.0,,"$1,001 - $15,000",valid_range,New,Chase Brokerage Account (3935),,,,6,6,table,False,False,,False,0,False,True,100,True,20,False,https://disclosures-clerk.house.gov/public_disc/ptr-pdfs/2025/20030296.pdf,,,JT,"Fidelity National Information Services, Inc. Common Stock (FIS) [ST]","Fidelity National Information Services, Inc. Common Stock (FIS) [ST]",P,04/22/2025,05/05/2025,"$1,001 - $15,000",Filing Status: New Subholding Of: Chase Brokerage Account (3935),"JT Fidelity National Information Services, Inc. Common Stock (FIS) [ST] P 04/22/2025 05/05/2025 $1,001 - $15,000 Filing Status: New Subholding Of: Chase Brokerage Account (3935)",,,False,100,FIS,accepted,house_ptr_structure+v8_1,False,False,False,04/22/2025,False,,valid_range
20030296,Hon. Julie Johnson,Member,TX32,20030296.pdf,2025,49,JT,"Fidelity National Information Services, Inc. Common Stock","Fidelity National Information Services, Inc. Common Stock",FIS,FIS,ST,P,2025-04-30,2025-05-05,1001.0,15000.0,,"$1,001 - $15,000",valid_range,New,Chase Brokerage Account (3935),,,,6,6,table,False,False,,False,0,False,False,100,True,20,False,https://disclosures-clerk.house.gov/public_disc/ptr-pdfs/2025/20030296.pdf,,,JT,"Fidelity National Information Services, Inc. Common Stock (FIS) [ST] Filing Status: New Subholding Of: Chase Brokerage Accoun","Fidelity National Information Services, Inc. Common Stock (FIS) [ST]",P nt (3935),04/30/2025,05/05/2025,"$1,001 - $15,000",,"JT Fidelity National Information Services, Inc. Common Stock (FIS) [ST] P 04/30/2025 05/05/2025 $1,001 - $15,000 Filing Status: New Subholding Of: Chase Brokerage Account (3935)",,,False,100,FIS,accepted,house_ptr_structure+v8_1,False,False,False,04/30/2025,False,,valid_range
20030296,Hon. Julie Johnson,Member,TX32,20030296.pdf,2025,50,JT,"Fiserv, Inc. Common Stock","Fiserv, Inc. Common Stock",FI,FI,ST,S,2025-04-07,2025-05-06,1001.0,15000.0,,"$1,001 - $15,000",valid_range,New,Merrill Lynch Long Term Growth,,,,6,6,table,False,False,,False,0,False,True,100,True,20,False,https://disclosures-clerk.house.gov/public_disc/ptr-pdfs/2025/20030296.pdf,,,JT,"Fiserv, Inc. Common Stock (FI) [ST]","Fiserv, Inc. Common Stock (FI) [ST]",S,04/07/2025,05/06/2025,"$1,001 - $15,000",Filing Status: New Subholding Of: Merrill Lynch Long Term Growth,"JT Fiserv, Inc. Common Stock (FI) [ST] S 04/07/2025 05/06/2025 $1,001 - $15,000 Filing Status: New Subholding Of: Merrill Lynch Long Term Growth",,,False,100,FI,accepted,house_ptr_structure+v8_1,False,False,False,04/07/2025,False,,valid_range
20030296,Hon. Julie Johnson,Member,TX32,20030296.pdf,2025,51,JT,Ford Motor Company Common Stock,Ford Motor Company Common Stock,F,F,ST,S (partial),2025-04-01,2025-05-06,1001.0,15000.0,,"$1,001 - $15,000",valid_range,New,Merrill Lynch Tax Efficient Core,,,,6,6,table,False,False,,False,0,False,False,100,True,20,False,https://disclosures-clerk.house.gov/public_disc/ptr-pdfs/2025/20030296.pdf,,,JT,Ford Motor Company Common Stock (F) [ST] Filing Status: New Subholding Of: Merrill Lynch Tax Efficie,Ford Motor Company Common Stock (F) [ST],S (partial) ent Core,04/01/2025,05/06/2025,"$1,001 - $15,000",,"JT Ford Motor Company Common Stock (F) [ST] S (partial) 04/01/2025 05/06/2025 $1,001 - $15,000 Filing Status: New Subholding Of: Merrill Lynch Tax Efficient Core",,,False,100,F,accepted,house_ptr_structure+v8_1,False,False,False,04/01/2025,False,,valid_range
20030296,Hon. Julie Johnson,Member,TX32,20030296.pdf,2025,52,JT,"Freeport-McMoRan, Inc. Common Stock","Freeport-McMoRan, Inc. Common Stock",FCX,FCX,ST,S,2025-04-01,2025-05-06,1001.0,15000.0,,"$1,001 - $15,000",valid_range,New,Merrill Lynch Tax Efficient Core,,,,7,7,table,False,False,,False,0,False,True,100,True,20,False,https://disclosures-clerk.house.gov/public_disc/ptr-pdfs/2025/20030296.pdf,,,JT,"Freeport-McMoRan, Inc. Common Stock (FCX) [ST]","Freeport-McMoRan, Inc. Common Stock (FCX) [ST]",S,04/01/2025,05/06/2025,"$1,001 - $15,000",Filing Status: New Subholding Of: Merrill Lynch Tax Efficient Core,"JT Freeport-McMoRan, Inc. Common Stock (FCX) [ST] S 04/01/2025 05/06/2025 $1,001 - $15,000 Filing Status: New Subholding Of: Merrill Lynch Tax Efficient Core",,,False,100,FCX,accepted,house_ptr_structure+v8_1,False,False,False,04/01/2025,False,,valid_range
20030296,Hon. Julie Johnson,Member,TX32,20030296.pdf,2025,53,JT,Generac Holdlings Inc. Common Stock,Generac Holdlings Inc. Common Stock,GNRC,GNRC,ST,S,2025-04-01,2025-05-06,1001.0,15000.0,,"$1,001 - $15,000",valid_range,New,Merrill Lynch Tax Efficient Core,,,,7,7,table,False,False,,False,0,False,False,100,True,20,False,https://disclosures-clerk.house.gov/public_disc/ptr-pdfs/2025/20030296.pdf,,,JT,Generac Holdlings Inc. Common Stock (GNRC) [ST] Filing Status: New Subholding Of: Merrill Lynch Tax Efficie,Generac Holdlings Inc. Common Stock (GNRC) [ST],S ent Core,04/01/2025,05/06/2025,"$1,001 - $15,000",,"JT Generac Holdlings Inc. Common Stock (GNRC) [ST] S 04/01/2025 05/06/2025 $1,001 - $15,000 Filing Status: New Subholding Of: Merrill Lynch Tax Efficient Core",,,False,100,GNRC,accepted,house_ptr_structure+v8_1,False,False,False,04/01/2025,False,,valid_range
20030296,Hon. Julie Johnson,Member,TX32,20030296.pdf,2025,54,JT,Global Payments Inc. Common Stock,Global Payments Inc. Common Stock,GPN,GPN,ST,S,2025-04-01,2025-05-06,1001.0,15000.0,,"$1,001 - $15,000",valid_range,New,Merrill Lynch Tax Efficient Core,,,,7,7,table,False,False,,False,0,False,True,100,True,20,False,https://disclosures-clerk.house.gov/public_disc/ptr-pdfs/2025/20030296.pdf,,,JT,Global Payments Inc. Common Stock (GPN) [ST],Global Payments Inc. Common Stock (GPN) [ST],S,04/01/2025,05/06/2025,"$1,001 - $15,000",Filing Status: New Subholding Of: Merrill Lynch Tax Efficient Core,"JT Global Payments Inc. Common Stock (GPN) [ST] S 04/01/2025 05/06/2025 $1,001 - $15,000 Filing Status: New Subholding Of: Merrill Lynch Tax Efficient Core",,,False,100,GPN,accepted,house_ptr_structure+v8_1,False,False,False,04/01/2025,False,,valid_range
20030296,Hon. Julie Johnson,Member,TX32,20030296.pdf,2025,55,JT,"Hasbro, Inc. - Common Stock","Hasbro, Inc. - Common Stock",HAS,HAS,ST,S,2025-04-01,2025-05-06,1001.0,15000.0,,"$1,001 - $15,000",valid_range,New,Merrill Lynch Tax Efficient Core,,,,7,7,table,False,False,,False,0,False,False,100,True,20,False,https://disclosures-clerk.house.gov/public_disc/ptr-pdfs/2025/20030296.pdf,,,JT,"Hasbro, Inc. - Common Stock (HAS) [ST] Filing Status: New Subholding Of: Merrill Lynch Tax Efficie","Hasbro, Inc. - Common Stock (HAS) [ST]",S ent Core,04/01/2025,05/06/2025,"$1,001 - $15,000",,"JT Hasbro, Inc. - Common Stock (HAS) [ST] S 04/01/2025 05/06/2025 $1,001 - $15,000 Filing Status: New Subholding Of: Merrill Lynch Tax Efficient Core",,,False,100,HAS,accepted,house_ptr_structure+v8_1,False,False,False,04/01/2025,False,,valid_range
20030296,Hon. Julie Johnson,Member,TX32,20030296.pdf,2025,56,JT,"HCA Healthcare, Inc. Common Stock","HCA Healthcare, Inc. Common Stock",HCA,HCA,ST,S,2025-04-07,2025-05-06,1001.0,15000.0,,"$1,001 - $15,000",valid_range,New,Merrill Lynch Long Term Growth,,,,7,7,table,False,False,,False,0,False,True,100,True,20,False,https://disclosures-clerk.house.gov/public_disc/ptr-pdfs/2025/20030296.pdf,,,JT,"HCA Healthcare, Inc. Common Stock (HCA) [ST]","HCA Healthcare, Inc. Common Stock (HCA) [ST]",S,04/07/2025,05/06/2025,"$1,001 - $15,000",Filing Status: New Subholding Of: Merrill Lynch Long Term Growth,"JT HCA Healthcare, Inc. Common Stock (HCA) [ST] S 04/07/2025 05/06/2025 $1,001 - $15,000 Filing Status: New Subholding Of: Merrill Lynch Long Term Growth",,,False,100,HCA,accepted,house_ptr_structure+v8_1,False,False,False,04/07/2025,False,,valid_range
20030296,Hon. Julie Johnson,Member,TX32,20030296.pdf,2025,57,JT,"Healthpeak Properties, Inc. Common Stock","Healthpeak Properties, Inc. Common Stock",DOC,DOC,ST,S,2025-04-01,2025-05-06,1001.0,15000.0,,"$1,001 - $15,000",valid_range,New,Merrill Lynch Tax Efficient Core,,,,7,7,table,False,False,,False,0,False,False,100,True,20,False,https://disclosures-clerk.house.gov/public_disc/ptr-pdfs/2025/20030296.pdf,,,JT,"Healthpeak Properties, Inc. Common Stock (DOC) [ST] Filing Status: New Subholding Of: Merrill Lynch Tax Efficie","Healthpeak Properties, Inc. Common Stock (DOC) [ST]",S ent Core,04/01/2025,05/06/2025,"$1,001 - $15,000",,"JT Healthpeak Properties, Inc. Common Stock (DOC) [ST] S 04/01/2025 05/06/2025 $1,001 - $15,000 Filing Status: New Subholding Of: Merrill Lynch Tax Efficient Core",,,False,100,DOC,accepted,house_ptr_structure+v8_1,False,False,False,04/01/2025,False,,valid_range
20030296,Hon. Julie Johnson,Member,TX32,20030296.pdf,2025,58,JT,"Henry Schein, Inc. - Common Stock","Henry Schein, Inc. - Common Stock",HSIC,HSIC,ST,S,2025-04-01,2025-05-06,1001.0,15000.0,,"$1,001 - $15,000",valid_range,New,Merrill Lynch Tax Efficient Core,,,,7,7,table,False,False,,False,0,False,True,100,True,20,False,https://disclosures-clerk.house.gov/public_disc/ptr-pdfs/2025/20030296.pdf,,,JT,"Henry Schein, Inc. - Common Stock (HSIC) [ST]","Henry Schein, Inc. - Common Stock (HSIC) [ST]",S,04/01/2025,05/06/2025,"$1,001 - $15,000",Filing Status: New Subholding Of: Merrill Lynch Tax Efficient Core,"JT Henry Schein, Inc. - Common Stock (HSIC) [ST] S 04/01/2025 05/06/2025 $1,001 - $15,000 Filing Status: New Subholding Of: Merrill Lynch Tax Efficient Core",,,False,100,HSIC,accepted,house_ptr_structure+v8_1,False,False,False,04/01/2025,False,,valid_range
20030296,Hon. Julie Johnson,Member,TX32,20030296.pdf,2025,59,JT,"Home Depot, Inc.","Home Depot, Inc.",HD,HD,ST,S (partial),2025-04-01,2025-05-06,1001.0,15000.0,,"$1,001 - $15,000",valid_range,New,Merrill Lynch Tax Efficient Core,,,,7,7,table,False,False,,False,0,False,False,100,True,20,False,https://disclosures-clerk.house.gov/public_disc/ptr-pdfs/2025/20030296.pdf,,,JT,"Home Depot, Inc. (HD) [ST] Filing Status: New Subholding Of: Merrill Lynch Tax Efficie","Home Depot, Inc. (HD) [ST]",S (partial) ent Core,04/01/2025,05/06/2025,"$1,001 - $15,000",,"JT Home Depot, Inc. (HD) [ST] S (partial) 04/01/2025 05/06/2025 $1,001 - $15,000 Filing Status: New Subholding Of: Merrill Lynch Tax Efficient Core",,,False,100,HD,accepted,house_ptr_structure+v8_1,False,False,False,04/01/2025,False,,valid_range
20030296,Hon. Julie Johnson,Member,TX32,20030296.pdf,2025,60,JT,Honeywell International Inc.,Honeywell International Inc.,HON,HON,ST,S,2025-04-07,2025-05-06,1001.0,15000.0,,"$1,001 - $15,000",valid_range,New,Merrill Lynch Long Term Growth,,,,7,7,table,False,False,,False,0,False,True,100,True,20,False,https://disclosures-clerk.house.gov/public_disc/ptr-pdfs/2025/20030296.pdf,,,JT,Honeywell International Inc. (HON) [ST],Honeywell International Inc. (HON) [ST],S,04/07/2025,05/06/2025,"$1,001 - $15,000",Filing Status: New Subholding Of: Merrill Lynch Long Term Growth,"JT Honeywell International Inc. (HON) [ST] S 04/07/2025 05/06/2025 $1,001 - $15,000 Filing Status: New Subholding Of: Merrill Lynch Long Term Growth",,,False,100,HON,accepted,house_ptr_structure+v8_1,False,False,False,04/07/2025,False,,valid_range
20030296,Hon. Julie Johnson,Member,TX32,20030296.pdf,2025,61,JT,Honeywell International Inc.,Honeywell International Inc.,HON,HON,ST,S (partial),2025-04-01,2025-05-06,1001.0,15000.0,,"$1,001 - $15,000",valid_range,New,Merrill Lynch Tax Efficient Core,,,,7,8,table,False,False,,True,0,False,False,98,True,20,False,https://disclosures-clerk.house.gov/public_disc/ptr-pdfs/2025/20030296.pdf,,,JT,Honeywell International Inc. (HON),Honeywell International Inc. (HON) [ST],S (partial),04/01/2025,05/06/2025,"$1,001 - $15,000",[ST] Filing Status: New Subholding Of: Merrill Lynch Tax Efficient Core,"JT Honeywell International Inc. (HON) S (partial) 04/01/2025 05/06/2025 $1,001 - $15,000 [ST] Filing Status: New Subholding Of: Merrill Lynch Tax Efficient Core",,,False,98,HON,accepted,house_ptr_structure+v8_1,False,False,False,04/01/2025,False,,valid_range
20030296,Hon. Julie Johnson,Member,TX32,20030296.pdf,2025,62,JT,Howmet Aerospace Inc. Common Stock,Howmet Aerospace Inc. Common Stock,HWM,HWM,ST,S,2025-04-07,2025-05-06,1001.0,15000.0,,"$1,001 - $15,000",valid_range,New,Merrill Lynch Long Term Growth,,,,8,8,table,False,False,,False,0,False,True,100,True,20,False,https://disclosures-clerk.house.gov/public_disc/ptr-pdfs/2025/20030296.pdf,,,JT,Howmet Aerospace Inc. Common Stock (HWM) [ST],Howmet Aerospace Inc. Common Stock (HWM) [ST],S,04/07/2025,05/06/2025,"$1,001 - $15,000",Filing Status: New Subholding Of: Merrill Lynch Long Term Growth,"JT Howmet Aerospace Inc. Common Stock (HWM) [ST] S 04/07/2025 05/06/2025 $1,001 - $15,000 Filing Status: New Subholding Of: Merrill Lynch Long Term Growth",,,False,100,HWM,accepted,house_ptr_structure+v8_1,False,False,False,04/07/2025,False,,valid_range
20030296,Hon. Julie Johnson,Member,TX32,20030296.pdf,2025,63,JT,"Intuitive Surgical, Inc. - Common Stock","Intuitive Surgical, Inc. - Common Stock",ISRG,ISRG,ST,S,2025-04-07,2025-05-06,1001.0,15000.0,,"$1,001 - $15,000",valid_range,New,Merrill Lynch Long Term Growth,,,,8,8,table,False,False,,False,0,False,False,100,True,20,False,https://disclosures-clerk.house.gov/public_disc/ptr-pdfs/2025/20030296.pdf,,,JT,"Intuitive Surgical, Inc. - Common Stock (ISRG) [ST] Filing Status: New Subholding Of: Merrill Lynch Long Term","Intuitive Surgical, Inc. - Common Stock (ISRG) [ST]",S m Growth,04/07/2025,05/06/2025,"$1,001 - $15,000",,"JT Intuitive Surgical, Inc. - Common Stock (ISRG) [ST] S 04/07/2025 05/06/2025 $1,001 - $15,000 Filing Status: New Subholding Of: Merrill Lynch Long Term Growth",,,False,100,ISRG,accepted,house_ptr_structure+v8_1,False,False,False,04/07/2025,False,,valid_range
20030296,Hon. Julie Johnson,Member,TX32,20030296.pdf,2025,64,JT,"J.B. Hunt Transport Services, Inc. - Common Stock","J.B. Hunt Transport Services, Inc. - Common Stock",JBHT,JBHT,ST,S,2025-04-01,2025-05-06,1001.0,15000.0,,"$1,001 - $15,000",valid_range,New,Merrill Lynch Tax Efficient Core,,,,8,8,table,False,False,,False,0,False,True,100,True,20,False,https://disclosures-clerk.house.gov/public_disc/ptr-pdfs/2025/20030296.pdf,,,JT,"J.B. Hunt Transport Services, Inc. - Common Stock (JBHT) [ST]","J.B. Hunt Transport Services, Inc. - Common Stock (JBHT) [ST]",S,04/01/2025,05/06/2025,"$1,001 - $15,000",Filing Status: New Subholding Of: Merrill Lynch Tax Efficient Core,"JT J.B. Hunt Transport Services, Inc. - Common Stock (JBHT) [ST] S 04/01/2025 05/06/2025 $1,001 - $15,000 Filing Status: New Subholding Of: Merrill Lynch Tax Efficient Core",,,False,100,JBHT,accepted,house_ptr_structure+v8_1,False,False,False,04/01/2025,False,,valid_range
20030296,Hon. Julie Johnson,Member,TX32,20030296.pdf,2025,65,JT,JBT Marel Corporation Common Stock,JBT Marel Corporation Common Stock,JBTM,JBTM,ST,S,2025-04-07,2025-05-06,1001.0,15000.0,,"$1,001 - $15,000",valid_range,New,Merrill Lynch Long Term Growth,,,,8,8,table,False,False,,False,0,False,False,100,True,20,False,https://disclosures-clerk.house.gov/public_disc/ptr-pdfs/2025/20030296.pdf,,,JT,JBT Marel Corporation Common Stock (JBTM) [ST] Filing Status: New Subholding Of: Merrill Lynch Long Term,JBT Marel Corporation Common Stock (JBTM) [ST],S m Growth,04/07/2025,05/06/2025,"$1,001 - $15,000",,"JT JBT Marel Corporation Common Stock (JBTM) [ST] S 04/07/2025 05/06/2025 $1,001 - $15,000 Filing Status: New Subholding Of: Merrill Lynch Long Term Growth",,,False,100,JBTM,accepted,house_ptr_structure+v8_1,False,False,False,04/07/2025,False,,valid_range
20030296,Hon. Julie Johnson,Member,TX32,20030296.pdf,2025,66,JT,Johnson & Johnson Common Stock,Johnson & Johnson Common Stock,JNJ,JNJ,ST,S,2025-04-01,2025-05-06,1001.0,15000.0,,"$1,001 - $15,000",valid_range,New,Merrill Lynch Tax Efficient Core,,,,8,8,table,False,False,,False,0,False,True,100,True,20,False,https://disclosures-clerk.house.gov/public_disc/ptr-pdfs/2025/20030296.pdf,,,JT,Johnson & Johnson Common Stock (JNJ) [ST],Johnson & Johnson Common Stock (JNJ) [ST],S,04/01/2025,05/06/2025,"$1,001 - $15,000",Filing Status: New Subholding Of: Merrill Lynch Tax Efficient Core,"JT Johnson & Johnson Common Stock (JNJ) [ST] S 04/01/2025 05/06/2025 $1,001 - $15,000 Filing Status: New Subholding Of: Merrill Lynch Tax Efficient Core",,,False,100,JNJ,accepted,house_ptr_structure+v8_1,False,False,False,04/01/2025,False,,valid_range
20030296,Hon. Julie Johnson,Member,TX32,20030296.pdf,2025,67,JT,JP Morgan Chase & Co. Common Stock,JP Morgan Chase & Co. Common Stock,JPM,JPM,ST,S,2025-04-07,2025-05-06,1001.0,15000.0,,"$1,001 - $15,000",valid_range,New,Merrill Lynch Long Term Growth,,,,8,8,table,False,False,,False,0,False,False,100,True,20,False,https://disclosures-clerk.house.gov/public_disc/ptr-pdfs/2025/20030296.pdf,,,JT,JP Morgan Chase & Co. Common Stock (JPM) [ST] Filing Status: New Subholding Of: Merrill Lynch Long Term,JP Morgan Chase & Co. Common Stock (JPM) [ST],S m Growth,04/07/2025,05/06/2025,"$1,001 - $15,000",,"JT JP Morgan Chase & Co. Common Stock (JPM) [ST] S 04/07/2025 05/06/2025 $1,001 - $15,000 Filing Status: New Subholding Of: Merrill Lynch Long Term Growth",,,False,100,JPM,accepted,house_ptr_structure+v8_1,False,False,False,04/07/2025,False,,valid_range
20030296,Hon. Julie Johnson,Member,TX32,20030296.pdf,2025,68,JT,Keurig Dr Pepper Inc.,Keurig Dr Pepper Inc.,KDP,KDP,ST,S,2025-04-01,2025-05-06,1001.0,15000.0,,"$1,001 - $15,000",valid_range,New,Merrill Lynch Tax Efficient Core,,,,8,8,table,False,False,,False,0,False,True,100,True,20,False,https://disclosures-clerk.house.gov/public_disc/ptr-pdfs/2025/20030296.pdf,,,JT,Keurig Dr Pepper Inc. (KDP) [ST],Keurig Dr Pepper Inc. (KDP) [ST],S,04/01/2025,05/06/2025,"$1,001 - $15,000",Filing Status: New Subholding Of: Merrill Lynch Tax Efficient Core,"JT Keurig Dr Pepper Inc. (KDP) [ST] S 04/01/2025 05/06/2025 $1,001 - $15,000 Filing Status: New Subholding Of: Merrill Lynch Tax Efficient Core",,,False,100,KDP,accepted,house_ptr_structure+v8_1,False,False,False,04/01/2025,False,,valid_range
20030296,Hon. Julie Johnson,Member,TX32,20030296.pdf,2025,69,JT,Kimberly-Clark Corporation Common Stock,Kimberly-Clark Corporation Common Stock,KMB,KMB,ST,S (partial),2025-04-01,2025-05-06,1001.0,15000.0,,"$1,001 - $15,000",valid_range,New,Merrill Lynch Tax Efficient Core,,,,8,8,table,False,False,,False,0,False,False,100,True,20,False,https://disclosures-clerk.house.gov/public_disc/ptr-pdfs/2025/20030296.pdf,,,JT,Kimberly-Clark Corporation Common Stock (KMB) [ST] Filing Status: New Subholding Of: Merrill Lynch Tax Efficie,Kimberly-Clark Corporation Common Stock (KMB) [ST],S (partial) ent Core,04/01/2025,05/06/2025,"$1,001 - $15,000",,"JT Kimberly-Clark Corporation Common Stock (KMB) [ST] S (partial) 04/01/2025 05/06/2025 $1,001 - $15,000 Filing Status: New Subholding Of: Merrill Lynch Tax Efficient Core",,,False,100,KMB,accepted,house_ptr_structure+v8_1,False,False,False,04/01/2025,False,,valid_range
20030296,Hon. Julie Johnson,Member,TX32,20030296.pdf,2025,70,JT,"L3Harris Technologies, Inc. Common Stock","L3Harris Technologies, Inc. Common Stock",LHX,LHX,ST,S,2025-04-01,2025-05-06,1001.0,15000.0,,"$1,001 - $15,000",valid_range,New,Merrill Lynch Tax Efficient Core,,,,8,9,table,False,False,,True,0,False,True,98,True,20,False,https://disclosures-clerk.house.gov/public_disc/ptr-pdfs/2025/20030296.pdf,,,JT,"L3Harris Technologies, Inc. Common Stock (LHX) [ST]","L3Harris Technologies, Inc. Common Stock (LHX) [ST] Type Date Gains > $200?",S,04/01/2025,05/06/2025,"$1,001 - $15,000",Type Date Gains > $200? Filing Status: New Subholding Of: Merrill Lynch Tax Efficient Core,"JT L3Harris Technologies, Inc. Common Stock (LHX) [ST] S 04/01/2025 05/06/2025 $1,001 - $15,000 Type Date Gains > $200? Filing Status: New Subholding Of: Merrill Lynch Tax Efficient Core",,,False,98,LHX,accepted,house_ptr_structure+v8_1,False,False,False,04/01/2025,False,,valid_range
20030296,Hon. Julie Johnson,Member,TX32,20030296.pdf,2025,71,JT,"L3Harris Technologies, Inc. Common Stock","L3Harris Technologies, Inc. Common Stock",LHX,LHX,ST,S,2025-04-07,2025-05-06,1001.0,15000.0,,"$1,001 - $15,000",valid_range,New,Merrill Lynch Long Term Growth,,,,9,9,table,False,False,,False,0,False,False,100,True,20,False,https://disclosures-clerk.house.gov/public_disc/ptr-pdfs/2025/20030296.pdf,,,JT,"L3Harris Technologies, Inc. Common Stock (LHX) [ST] Filing Status: New Subholding Of: Merrill Lynch Long Term","L3Harris Technologies, Inc. Common Stock (LHX) [ST]",S m Growth,04/07/2025,05/06/2025,"$1,001 - $15,000",,"JT L3Harris Technologies, Inc. Common Stock (LHX) [ST] S 04/07/2025 05/06/2025 $1,001 - $15,000 Filing Status: New Subholding Of: Merrill Lynch Long Term Growth",,,False,100,LHX,accepted,house_ptr_structure+v8_1,False,False,False,04/07/2025,False,,valid_range
20030296,Hon. Julie Johnson,Member,TX32,20030296.pdf,2025,72,JT,Lam Research Corporation - Common Stock,Lam Research Corporation - Common Stock,LRCX,LRCX,ST,S,2025-04-07,2025-05-06,1001.0,15000.0,,"$1,001 - $15,000",valid_range,New,Merrill Lynch Long Term Growth,,,,9,9,table,False,False,,False,0,False,True,100,True,20,False,https://disclosures-clerk.house.gov/public_disc/ptr-pdfs/2025/20030296.pdf,,,JT,Lam Research Corporation - Common Stock (LRCX) [ST],Lam Research Corporation - Common Stock (LRCX) [ST],S,04/07/2025,05/06/2025,"$1,001 - $15,000",Filing Status: New Subholding Of: Merrill Lynch Long Term Growth,"JT Lam Research Corporation - Common Stock (LRCX) [ST] S 04/07/2025 05/06/2025 $1,001 - $15,000 Filing Status: New Subholding Of: Merrill Lynch Long Term Growth",,,False,100,LRCX,accepted,house_ptr_structure+v8_1,False,False,False,04/07/2025,False,,valid_range
20030296,Hon. Julie Johnson,Member,TX32,20030296.pdf,2025,73,JT,Las Vegas Sands Corp. Common Stock,Las Vegas Sands Corp. Common Stock,LVS,LVS,ST,S,2025-04-01,2025-05-06,1001.0,15000.0,,"$1,001 - $15,000",valid_range,New,Merrill Lynch Tax Efficient Core,,,,9,9,table,False,False,,False,0,False,False,100,True,20,False,https://disclosures-clerk.house.gov/public_disc/ptr-pdfs/2025/20030296.pdf,,,JT,Las Vegas Sands Corp. Common Stock (LVS) [ST] Filing Status: New Subholding Of: Merrill Lynch Tax Efficie,Las Vegas Sands Corp. Common Stock (LVS) [ST],S ent Core,04/01/2025,05/06/2025,"$1,001 - $15,000",,"JT Las Vegas Sands Corp. Common Stock (LVS) [ST] S 04/01/2025 05/06/2025 $1,001 - $15,000 Filing Status: New Subholding Of: Merrill Lynch Tax Efficient Core",,,False,100,LVS,accepted,house_ptr_structure+v8_1,False,False,False,04/01/2025,False,,valid_range
20030296,Hon. Julie Johnson,Member,TX32,20030296.pdf,2025,74,JT,Lockheed Martin Corporation Common Stock,Lockheed Martin Corporation Common Stock,LMT,LMT,ST,S (partial),2025-04-01,2025-05-06,1001.0,15000.0,,"$1,001 - $15,000",valid_range,New,Merrill Lynch Tax Efficient Core,,,,9,9,table,False,False,,False,0,False,True,100,True,20,False,https://disclosures-clerk.house.gov/public_disc/ptr-pdfs/2025/20030296.pdf,,,JT,Lockheed Martin Corporation Common Stock (LMT) [ST],Lockheed Martin Corporation Common Stock (LMT) [ST],S (partial),04/01/2025,05/06/2025,"$1,001 - $15,000",Filing Status: New Subholding Of: Merrill Lynch Tax Efficient Core,"JT Lockheed Martin Corporation Common Stock (LMT) [ST] S (partial) 04/01/2025 05/06/2025 $1,001 - $15,000 Filing Status: New Subholding Of: Merrill Lynch Tax Efficient Core",,,False,100,LMT,accepted,house_ptr_structure+v8_1,False,False,False,04/01/2025,False,,valid_range
20030296,Hon. Julie Johnson,Member,TX32,20030296.pdf,2025,75,JT,"Lowe's Companies, Inc. Common Stock","Lowe's Companies, Inc. Common Stock",LOW,LOW,ST,S (partial),2025-04-01,2025-05-06,1001.0,15000.0,,"$1,001 - $15,000",valid_range,New,Merrill Lynch Tax Efficient Core,,,,9,9,table,False,False,,False,0,False,False,100,True,20,False,https://disclosures-clerk.house.gov/public_disc/ptr-pdfs/2025/20030296.pdf,,,JT,"Lowe's Companies, Inc. Common Stock (LOW) [ST] Filing Status: New Subholding Of: Merrill Lynch Tax Efficie","Lowe's Companies, Inc. Common Stock (LOW) [ST]",S (partial) ent Core,04/01/2025,05/06/2025,"$1,001 - $15,000",,"JT Lowe's Companies, Inc. Common Stock (LOW) [ST] S (partial) 04/01/2025 05/06/2025 $1,001 - $15,000 Filing Status: New Subholding Of: Merrill Lynch Tax Efficient Core",,,False,100,LOW,accepted,house_ptr_structure+v8_1,False,False,False,04/01/2025,False,,valid_range
20030296,Hon. Julie Johnson,Member,TX32,20030296.pdf,2025,76,JT,Marathon Petroleum Corporation Common Stock,Marathon Petroleum Corporation Common Stock,MPC,MPC,ST,S,2025-04-01,2025-05-06,1001.0,15000.0,,"$1,001 - $15,000",valid_range,New,Merrill Lynch Tax Efficient Core,,,,9,9,table,False,False,,False,0,False,True,100,True,20,False,https://disclosures-clerk.house.gov/public_disc/ptr-pdfs/2025/20030296.pdf,,,JT,Marathon Petroleum Corporation Common Stock (MPC) [ST],Marathon Petroleum Corporation Common Stock (MPC) [ST],S,04/01/2025,05/06/2025,"$1,001 - $15,000",Filing Status: New Subholding Of: Merrill Lynch Tax Efficient Core,"JT Marathon Petroleum Corporation Common Stock (MPC) [ST] S 04/01/2025 05/06/2025 $1,001 - $15,000 Filing Status: New Subholding Of: Merrill Lynch Tax Efficient Core",,,False,100,MPC,accepted,house_ptr_structure+v8_1,False,False,False,04/01/2025,False,,valid_range
20030296,Hon. Julie Johnson,Member,TX32,20030296.pdf,2025,77,JT,"Marsh & McLennan Companies, Inc. Common Stock","Marsh & McLennan Companies, Inc. Common Stock",MMC,MMC,ST,S,2025-04-07,2025-05-06,1001.0,15000.0,,"$1,001 - $15,000",valid_range,New,Merrill Lynch Long Term Growth,,,,9,9,table,False,False,,False,0,False,False,100,True,20,False,https://disclosures-clerk.house.gov/public_disc/ptr-pdfs/2025/20030296.pdf,,,JT,"Marsh & McLennan Companies, Inc. Common Stock (MMC) [ST] Filing Status: New Subholding Of: Merrill Lynch Long Term","Marsh & McLennan Companies, Inc. Common Stock (MMC) [ST]",S m Growth,04/07/2025,05/06/2025,"$1,001 - $15,000",,"JT Marsh & McLennan Companies, Inc. Common Stock (MMC) [ST] S 04/07/2025 05/06/2025 $1,001 - $15,000 Filing Status: New Subholding Of: Merrill Lynch Long Term Growth",,,False,100,MMC,accepted,house_ptr_structure+v8_1,False,False,False,04/07/2025,False,,valid_range
20030296,Hon. Julie Johnson,Member,TX32,20030296.pdf,2025,78,JT,Masco Corporation Common Stock,Masco Corporation Common Stock,MAS,MAS,ST,S,2025-04-07,2025-05-06,1001.0,15000.0,,"$1,001 - $15,000",valid_range,New,Merrill Lynch Long Term Growth,,,,9,9,table,False,False,,False,0,False,True,100,True,20,False,https://disclosures-clerk.house.gov/public_disc/ptr-pdfs/2025/20030296.pdf,,,JT,Masco Corporation Common Stock (MAS) [ST],Masco Corporation Common Stock (MAS) [ST],S,04/07/2025,05/06/2025,"$1,001 - $15,000",Filing Status: New Subholding Of: Merrill Lynch Long Term Growth,"JT Masco Corporation Common Stock (MAS) [ST] S 04/07/2025 05/06/2025 $1,001 - $15,000 Filing Status: New Subholding Of: Merrill Lynch Long Term Growth",,,False,100,MAS,accepted,house_ptr_structure+v8_1,False,False,False,04/07/2025,False,,valid_range
20030296,Hon. Julie Johnson,Member,TX32,20030296.pdf,2025,79,JT,"Meta Platforms, Inc. - Class A Common Stock","Meta Platforms, Inc. - Class A Common Stock",META,META,ST,S,2025-04-07,2025-05-06,15001.0,50000.0,,"$15,001 - $50,000",valid_range,New,Merrill Lynch Long Term Growth,,,,9,10,table,False,False,,True,0,False,False,98,True,20,False,https://disclosures-clerk.house.gov/public_disc/ptr-pdfs/2025/20030296.pdf,,,JT,"Meta Platforms, Inc. - Class A Common Stock (META) [ST]","Meta Platforms, Inc. - Class A Common Stock (META) [ST]",S,04/07/2025,05/06/2025,"$15,001 - $50,000",Filing Status: New Subholding Of: Merrill Lynch Long Term Growth,"JT Meta Platforms, Inc. - Class A Common Stock (META) [ST] S 04/07/2025 05/06/2025 $15,001 - $50,000 Filing Status: New Subholding Of: Merrill Lynch Long Term Growth",,,False,98,META,accepted,house_ptr_structure+v8_1,False,False,False,04/07/2025,False,,valid_range
20030296,Hon. Julie Johnson,Member,TX32,20030296.pdf,2025,80,JT,"Mettler-Toledo International, Inc. Common Stock","Mettler-Toledo International, Inc. Common Stock",MTD,MTD,ST,S,2025-04-01,2025-05-06,1001.0,15000.0,,"$1,001 - $15,000",valid_range,New,Merrill Lynch Tax Efficient Core,,,,10,10,table,False,False,,False,0,False,True,100,True,20,False,https://disclosures-clerk.house.gov/public_disc/ptr-pdfs/2025/20030296.pdf,,,JT,"Mettler-Toledo International, Inc. Common Stock (MTD) [ST]","Mettler-Toledo International, Inc. Common Stock (MTD) [ST]",S,04/01/2025,05/06/2025,"$1,001 - $15,000",Filing Status: New Subholding Of: Merrill Lynch Tax Efficient Core,"JT Mettler-Toledo International, Inc. Common Stock (MTD) [ST] S 04/01/2025 05/06/2025 $1,001 - $15,000 Filing Status: New Subholding Of: Merrill Lynch Tax Efficient Core",,,False,100,MTD,accepted,house_ptr_structure+v8_1,False,False,False,04/01/2025,False,,valid_range
20030296,Hon. Julie Johnson,Member,TX32,20030296.pdf,2025,81,JT,"Micron Technology, Inc. - Common Stock","Micron Technology, Inc. - Common Stock",MU,MU,ST,S,2025-04-07,2025-05-06,1001.0,15000.0,,"$1,001 - $15,000",valid_range,New,Merrill Lynch Long Term Growth,,,,10,10,table,False,False,,False,0,False,False,100,True,20,False,https://disclosures-clerk.house.gov/public_disc/ptr-pdfs/2025/20030296.pdf,,,JT,"Micron Technology, Inc. - Common Stock (MU) [ST] Filing Status: New Subholding Of: Merrill Lynch Long Term","Micron Technology, Inc. - Common Stock (MU) [ST]",S m Growth,04/07/2025,05/06/2025,"$1,001 - $15,000",,"JT Micron Technology, Inc. - Common Stock (MU) [ST] S 04/07/2025 05/06/2025 $1,001 - $15,000 Filing Status: New Subholding Of: Merrill Lynch Long Term Growth",,,False,100,MU,accepted,house_ptr_structure+v8_1,False,False,False,04/07/2025,False,,valid_range
20030296,Hon. Julie Johnson,Member,TX32,20030296.pdf,2025,82,JT,Microsoft Corporation - Common Stock,Microsoft Corporation - Common Stock,MSFT,MSFT,ST,S,2025-04-07,2025-05-06,1001.0,15000.0,,"$1,001 - $15,000",valid_range,New,Merrill Lynch Long Term Growth,,,,10,10,table,False,False,,False,0,False,True,100,True,20,False,https://disclosures-clerk.house.gov/public_disc/ptr-pdfs/2025/20030296.pdf,,,JT,Microsoft Corporation - Common Stock (MSFT) [ST],Microsoft Corporation - Common Stock (MSFT) [ST],S,04/07/2025,05/06/2025,"$1,001 - $15,000",Filing Status: New Subholding Of: Merrill Lynch Long Term Growth,"JT Microsoft Corporation - Common Stock (MSFT) [ST] S 04/07/2025 05/06/2025 $1,001 - $15,000 Filing Status: New Subholding Of: Merrill Lynch Long Term Growth",,,False,100,MSFT,accepted,house_ptr_structure+v8_1,False,False,False,04/07/2025,False,,valid_range
20030296,Hon. Julie Johnson,Member,TX32,20030296.pdf,2025,83,JT,Microsoft Corporation - Common Stock,Microsoft Corporation - Common Stock,MSFT,MSFT,ST,S,2025-04-01,2025-05-06,15001.0,50000.0,,"$15,001 - $50,000",valid_range,New,Merrill Lynch Long Term Growth,,,,10,10,table,False,False,,False,0,False,False,100,True,20,False,https://disclosures-clerk.house.gov/public_disc/ptr-pdfs/2025/20030296.pdf,,,JT,Microsoft Corporation - Common Stock (MSFT) [ST] Filing Status: New Subholding Of: Merrill Lynch Long Term,Microsoft Corporation - Common Stock (MSFT) [ST],S m Growth,04/01/2025,05/06/2025,"$15,001 - $50,000",,"JT Microsoft Corporation - Common Stock (MSFT) [ST] S 04/01/2025 05/06/2025 $15,001 - $50,000 Filing Status: New Subholding Of: Merrill Lynch Long Term Growth",,,False,100,MSFT,accepted,house_ptr_structure+v8_1,False,False,False,04/01/2025,False,,valid_range
20030296,Hon. Julie Johnson,Member,TX32,20030296.pdf,2025,84,JT,Microsoft Corporation - Common Stock,Microsoft Corporation - Common Stock,MSFT,MSFT,ST,S (partial),2025-04-01,2025-05-06,1001.0,15000.0,,"$1,001 - $15,000",valid_range,New,Merrill Lynch Tax Efficient Core,,,,10,10,table,False,False,,False,0,False,True,100,True,20,False,https://disclosures-clerk.house.gov/public_disc/ptr-pdfs/2025/20030296.pdf,,,JT,Microsoft Corporation - Common Stock (MSFT) [ST],Microsoft Corporation - Common Stock (MSFT) [ST],S (partial),04/01/2025,05/06/2025,"$1,001 - $15,000",Filing Status: New Subholding Of: Merrill Lynch Tax Efficient Core,"JT Microsoft Corporation - Common Stock (MSFT) [ST] S (partial) 04/01/2025 05/06/2025 $1,001 - $15,000 Filing Status: New Subholding Of: Merrill Lynch Tax Efficient Core",,,False,100,MSFT,accepted,house_ptr_structure+v8_1,False,False,False,04/01/2025,False,,valid_range
20030296,Hon. Julie Johnson,Member,TX32,20030296.pdf,2025,85,JT,"Mondelez International, Inc. - Class A Common Stock","Mondelez International, Inc. - Class A Common Stock",MDLZ,MDLZ,ST,S,2025-04-07,2025-05-06,1001.0,15000.0,,"$1,001 - $15,000",valid_range,New,Merrill Lynch Long Term Growth,,,,10,10,table,False,False,,False,0,False,False,100,True,20,False,https://disclosures-clerk.house.gov/public_disc/ptr-pdfs/2025/20030296.pdf,,,JT,"Mondelez International, Inc. - Class A Common Stock (MDLZ) [ST] Filing Status: New Subholding Of: Merrill Lynch Long Term","Mondelez International, Inc. - Class A Common Stock (MDLZ) [ST]",S m Growth,04/07/2025,05/06/2025,"$1,001 - $15,000",,"JT Mondelez International, Inc. - Class A Common Stock (MDLZ) [ST] S 04/07/2025 05/06/2025 $1,001 - $15,000 Filing Status: New Subholding Of: Merrill Lynch Long Term Growth",,,False,100,MDLZ,accepted,house_ptr_structure+v8_1,False,False,False,04/07/2025,False,,valid_range
20030296,Hon. Julie Johnson,Member,TX32,20030296.pdf,2025,86,JT,Morgan Stanley Common Stock,Morgan Stanley Common Stock,MS,MS,ST,S,2025-04-07,2025-05-06,1001.0,15000.0,,"$1,001 - $15,000",valid_range,New,Merrill Lynch Long Term Growth,,,,10,10,table,False,False,,False,0,False,True,100,True,20,False,https://disclosures-clerk.house.gov/public_disc/ptr-pdfs/2025/20030296.pdf,,,JT,Morgan Stanley Common Stock (MS) [ST],Morgan Stanley Common Stock (MS) [ST],S,04/07/2025,05/06/2025,"$1,001 - $15,000",Filing Status: New Subholding Of: Merrill Lynch Long Term Growth,"JT Morgan Stanley Common Stock (MS) [ST] S 04/07/2025 05/06/2025 $1,001 - $15,000 Filing Status: New Subholding Of: Merrill Lynch Long Term Growth",,,False,100,MS,accepted,house_ptr_structure+v8_1,False,False,False,04/07/2025,False,,valid_range
20030296,Hon. Julie Johnson,Member,TX32,20030296.pdf,2025,87,JT,MSCI Inc. Common Stock,MSCI Inc. Common Stock,MSCI,MSCI,ST,S,2025-04-01,2025-05-06,1001.0,15000.0,,"$1,001 - $15,000",valid_range,New,Merrill Lynch Tax Efficient Core,,,,10,10,table,False,False,,False,0,False,False,100,True,20,False,https://disclosures-clerk.house.gov/public_disc/ptr-pdfs/2025/20030296.pdf,,,JT,MSCI Inc. Common Stock (MSCI) [ST] Filing Status: New Subholding Of: Merrill Lynch Tax Efficie,MSCI Inc. Common Stock (MSCI) [ST],S ent Core,04/01/2025,05/06/2025,"$1,001 - $15,000",,"JT MSCI Inc. Common Stock (MSCI) [ST] S 04/01/2025 05/06/2025 $1,001 - $15,000 Filing Status: New Subholding Of: Merrill Lynch Tax Efficient Core",,,False,100,MSCI,accepted,house_ptr_structure+v8_1,False,False,False,04/01/2025,False,,valid_range
20030296,Hon. Julie Johnson,Member,TX32,20030296.pdf,2025,88,JT,"Netflix, Inc. - Common Stock","Netflix, Inc. - Common Stock",NFLX,NFLX,ST,S,2025-04-07,2025-05-06,15001.0,50000.0,,"$15,001 - $50,000",valid_range,New,Merrill Lynch Long Term Growth,,,,10,11,table,False,False,,True,0,False,True,98,True,20,False,https://disclosures-clerk.house.gov/public_disc/ptr-pdfs/2025/20030296.pdf,,,JT,"Netflix, Inc. - Common Stock (NFLX) [ST]","Netflix, Inc. - Common Stock (NFLX) [ST]",S,04/07/2025,05/06/2025,"$15,001 - $50,000",Filing Status: New Subholding Of: Merrill Lynch Long Term Growth,"JT Netflix, Inc. - Common Stock (NFLX) [ST] S 04/07/2025 05/06/2025 $15,001 - $50,000 Filing Status: New Subholding Of: Merrill Lynch Long Term Growth",,,False,98,NFLX,accepted,house_ptr_structure+v8_1,False,False,False,04/07/2025,False,,valid_range
20030296,Hon. Julie Johnson,Member,TX32,20030296.pdf,2025,89,JT,"NextEra Energy, Inc. Common Stock","NextEra Energy, Inc. Common Stock",NEE,NEE,ST,S (partial),2025-04-01,2025-05-06,1001.0,15000.0,,"$1,001 - $15,000",valid_range,New,Merrill Lynch Tax Efficient Core,,,,11,11,table,False,False,,False,0,False,False,100,True,20,False,https://disclosures-clerk.house.gov/public_disc/ptr-pdfs/2025/20030296.pdf,,,JT,"NextEra Energy, Inc. Common Stock (NEE) [ST] Filing Status: New Subholding Of: Merrill Lynch Tax Efficie","NextEra Energy, Inc. Common Stock (NEE) [ST]",S (partial) ent Core,04/01/2025,05/06/2025,"$1,001 - $15,000",,"JT NextEra Energy, Inc. Common Stock (NEE) [ST] S (partial) 04/01/2025 05/06/2025 $1,001 - $15,000 Filing Status: New Subholding Of: Merrill Lynch Tax Efficient Core",,,False,100,NEE,accepted,house_ptr_structure+v8_1,False,False,False,04/01/2025,False,,valid_range
20030296,Hon. Julie Johnson,Member,TX32,20030296.pdf,2025,90,JT,Norfolk Southern Corporation Common Stock,Norfolk Southern Corporation Common Stock,NSC,NSC,ST,S (partial),2025-04-01,2025-05-06,1001.0,15000.0,,"$1,001 - $15,000",valid_range,New,Merrill Lynch Tax Efficient Core,,,,11,11,table,False,False,,False,0,False,True,100,True,20,False,https://disclosures-clerk.house.gov/public_disc/ptr-pdfs/2025/20030296.pdf,,,JT,Norfolk Southern Corporation Common Stock (NSC) [ST],Norfolk Southern Corporation Common Stock (NSC) [ST],S (partial),04/01/2025,05/06/2025,"$1,001 - $15,000",Filing Status: New Subholding Of: Merrill Lynch Tax Efficient Core,"JT Norfolk Southern Corporation Common Stock (NSC) [ST] S (partial) 04/01/2025 05/06/2025 $1,001 - $15,000 Filing Status: New Subholding Of: Merrill Lynch Tax Efficient Core",,,False,100,NSC,accepted,house_ptr_structure+v8_1,False,False,False,04/01/2025,False,,valid_range
20030296,Hon. Julie Johnson,Member,TX32,20030296.pdf,2025,91,JT,NVIDIA Corporation - Common Stock,NVIDIA Corporation - Common Stock,NVDA,NVDA,ST,S,2025-04-07,2025-05-06,15001.0,50000.0,,"$15,001 - $50,000",valid_range,New,Merrill Lynch Long Term Growth,,,,11,11,table,False,False,,False,0,False,False,100,True,20,False,https://disclosures-clerk.house.gov/public_disc/ptr-pdfs/2025/20030296.pdf,,,JT,NVIDIA Corporation - Common Stock (NVDA) [ST] Filing Status: New Subholding Of: Merrill Lynch Long Term,NVIDIA Corporation - Common Stock (NVDA) [ST],S m Growth,04/07/2025,05/06/2025,"$15,001 - $50,000",,"JT NVIDIA Corporation - Common Stock (NVDA) [ST] S 04/07/2025 05/06/2025 $15,001 - $50,000 Filing Status: New Subholding Of: Merrill Lynch Long Term Growth",,,False,100,NVDA,accepted,house_ptr_structure+v8_1,False,False,False,04/07/2025,False,,valid_range
20030296,Hon. Julie Johnson,Member,TX32,20030296.pdf,2025,92,JT,ON Semiconductor Corporation - Common Stock,ON Semiconductor Corporation - Common Stock,ON,ON,ST,S,2025-04-01,2025-05-06,1001.0,15000.0,,"$1,001 - $15,000",valid_range,New,Merrill Lynch Tax Efficient Core,,,,11,11,table,False,False,,False,0,False,True,100,True,20,False,https://disclosures-clerk.house.gov/public_disc/ptr-pdfs/2025/20030296.pdf,,,JT,ON Semiconductor Corporation - Common Stock (ON) [ST],ON Semiconductor Corporation - Common Stock (ON) [ST],S,04/01/2025,05/06/2025,"$1,001 - $15,000",Filing Status: New Subholding Of: Merrill Lynch Tax Efficient Core,"JT ON Semiconductor Corporation - Common Stock (ON) [ST] S 04/01/2025 05/06/2025 $1,001 - $15,000 Filing Status: New Subholding Of: Merrill Lynch Tax Efficient Core",,,False,100,ON,accepted,house_ptr_structure+v8_1,False,False,False,04/01/2025,False,,valid_range
20030296,Hon. Julie Johnson,Member,TX32,20030296.pdf,2025,93,JT,Oracle Corporation Common Stock,Oracle Corporation Common Stock,ORCL,ORCL,ST,S,2025-04-07,2025-05-06,1001.0,15000.0,,"$1,001 - $15,000",valid_range,New,Merrill Lynch Long Term Growth,,,,11,11,table,False,False,,False,0,False,False,100,True,20,False,https://disclosures-clerk.house.gov/public_disc/ptr-pdfs/2025/20030296.pdf,,,JT,Oracle Corporation Common Stock (ORCL) [ST] Filing Status: New Subholding Of: Merrill Lynch Long Term,Oracle Corporation Common Stock (ORCL) [ST],S m Growth,04/07/2025,05/06/2025,"$1,001 - $15,000",,"JT Oracle Corporation Common Stock (ORCL) [ST] S 04/07/2025 05/06/2025 $1,001 - $15,000 Filing Status: New Subholding Of: Merrill Lynch Long Term Growth",,,False,100,ORCL,accepted,house_ptr_structure+v8_1,False,False,False,04/07/2025,False,,valid_range
20030296,Hon. Julie Johnson,Member,TX32,20030296.pdf,2025,94,JT,Palantir Technologies Inc. - Class A Common Stock,Palantir Technologies Inc. - Class A Common Stock,PLTR,PLTR,ST,S (partial),2025-04-01,2025-05-06,1001.0,15000.0,,"$1,001 - $15,000",valid_range,New,Merrill Lynch Tax Efficient Core,,,,11,11,table,False,False,,False,0,False,True,100,True,20,False,https://disclosures-clerk.house.gov/public_disc/ptr-pdfs/2025/20030296.pdf,,,JT,Palantir Technologies Inc. - Class A Common Stock (PLTR) [ST],Palantir Technologies Inc. - Class A Common Stock (PLTR) [ST],S (partial),04/01/2025,05/06/2025,"$1,001 - $15,000",Filing Status: New Subholding Of: Merrill Lynch Tax Efficient Core,"JT Palantir Technologies Inc. - Class A Common Stock (PLTR) [ST] S (partial) 04/01/2025 05/06/2025 $1,001 - $15,000 Filing Status: New Subholding Of: Merrill Lynch Tax Efficient Core",,,False,100,PLTR,accepted,house_ptr_structure+v8_1,False,False,False,04/01/2025,False,,valid_range
20030296,Hon. Julie Johnson,Member,TX32,20030296.pdf,2025,95,JT,"Palo Alto Networks, Inc.","Palo Alto Networks, Inc.",PANW,PANW,ST,S,2025-04-07,2025-05-06,1001.0,15000.0,,"$1,001 - $15,000",valid_range,New,Merrill Lynch Long Term Growth,,,,11,11,table,False,False,,False,0,False,False,100,True,20,False,https://disclosures-clerk.house.gov/public_disc/ptr-pdfs/2025/20030296.pdf,,,JT,"Palo Alto Networks, Inc. (PANW) [ST] Filing Status: New Subholding Of: Merrill Lynch Long Term","Palo Alto Networks, Inc. (PANW) [ST]",S m Growth,04/07/2025,05/06/2025,"$1,001 - $15,000",,"JT Palo Alto Networks, Inc. (PANW) [ST] S 04/07/2025 05/06/2025 $1,001 - $15,000 Filing Status: New Subholding Of: Merrill Lynch Long Term Growth",,,False,100,PANW,accepted,house_ptr_structure+v8_1,False,False,False,04/07/2025,False,,valid_range
20030296,Hon. Julie Johnson,Member,TX32,20030296.pdf,2025,96,JT,"PayPal Holdings, Inc. - Common Stock","PayPal Holdings, Inc. - Common Stock",PYPL,PYPL,ST,S,2025-04-01,2025-05-06,1001.0,15000.0,,"$1,001 - $15,000",valid_range,New,Merrill Lynch Tax Efficient Core,,,,11,11,table,False,False,,False,0,False,True,100,True,20,False,https://disclosures-clerk.house.gov/public_disc/ptr-pdfs/2025/20030296.pdf,,,JT,"PayPal Holdings, Inc. - Common Stock (PYPL) [ST]","PayPal Holdings, Inc. - Common Stock (PYPL) [ST]",S,04/01/2025,05/06/2025,"$1,001 - $15,000",Filing Status: New Subholding Of: Merrill Lynch Tax Efficient Core,"JT PayPal Holdings, Inc. - Common Stock (PYPL) [ST] S 04/01/2025 05/06/2025 $1,001 - $15,000 Filing Status: New Subholding Of: Merrill Lynch Tax Efficient Core",,,False,100,PYPL,accepted,house_ptr_structure+v8_1,False,False,False,04/01/2025,False,,valid_range
20030296,Hon. Julie Johnson,Member,TX32,20030296.pdf,2025,97,JT,Pentair plc. Ordinary Share,Pentair plc. Ordinary Share,PNR,PNR,ST,S,2025-04-07,2025-05-06,1001.0,15000.0,,"$1,001 - $15,000",valid_range,New,Merrill Lynch Long Term Growth,,,,11,12,table,False,False,,True,0,False,False,98,True,20,False,https://disclosures-clerk.house.gov/public_disc/ptr-pdfs/2025/20030296.pdf,,,JT,Pentair plc. Ordinary Share (PNR) [ST] Filing Status: New,Pentair plc. Ordinary Share (PNR) [ST] Subholding Of: Merrill Lynch Long Term Growth,S,04/07/2025,05/06/2025,"$1,001 - $15,000",Subholding Of: Merrill Lynch Long Term Growth,"JT Pentair plc. Ordinary Share (PNR) [ST] S 04/07/2025 05/06/2025 $1,001 - $15,000 Filing Status: New Subholding Of: Merrill Lynch Long Term Growth",,,False,98,PNR,accepted,house_ptr_structure+v8_1,False,False,False,04/07/2025,False,,valid_range
20030296,Hon. Julie Johnson,Member,TX32,20030296.pdf,2025,98,JT,"PepsiCo, Inc. - Common Stock","PepsiCo, Inc. - Common Stock",PEP,PEP,ST,S (partial),2025-04-01,2025-05-06,1001.0,15000.0,,"$1,001 - $15,000",valid_range,New,Merrill Lynch Tax Efficient Core,,,,12,12,table,False,False,,False,0,True,True,95,True,20,True,https://disclosures-clerk.house.gov/public_disc/ptr-pdfs/2025/20030296.pdf,low,adjacent transaction has same core signature,JT,"PepsiCo, Inc. - Common Stock (PEP) [ST]","PepsiCo, Inc. - Common Stock (PEP) [ST]",S (partial),04/01/2025,05/06/2025,"$1,001 - $15,000",Filing Status: New Subholding Of: Merrill Lynch Tax Efficient Core,"JT PepsiCo, Inc. - Common Stock (PEP) [ST] S (partial) 04/01/2025 05/06/2025 $1,001 - $15,000 Filing Status: New Subholding Of: Merrill Lynch Tax Efficient Core",adjacent transaction has same core signature,low,True,95,PEP,accepted,house_ptr_structure+v8_1,False,False,False,04/01/2025,False,,valid_range
20030296,Hon. Julie Johnson,Member,TX32,20030296.pdf,2025,99,JT,"PepsiCo, Inc. - Common Stock","PepsiCo, Inc. - Common Stock",PEP,PEP,ST,S (partial),2025-04-01,2025-05-06,1001.0,15000.0,,"$1,001 - $15,000",valid_range,New,Merrill Lynch Tax Efficient Core,,,,12,12,table,False,False,,False,0,False,False,100,True,20,False,https://disclosures-clerk.house.gov/public_disc/ptr-pdfs/2025/20030296.pdf,,,JT,"PepsiCo, Inc. - Common Stock (PEP) [ST] Filing Status: New Subholding Of: Merrill Lynch Tax Efficie","PepsiCo, Inc. - Common Stock (PEP) [ST]",S (partial) ent Core,04/01/2025,05/06/2025,"$1,001 - $15,000",,"JT PepsiCo, Inc. - Common Stock (PEP) [ST] S (partial) 04/01/2025 05/06/2025 $1,001 - $15,000 Filing Status: New Subholding Of: Merrill Lynch Tax Efficient Core",,,False,100,PEP,accepted,house_ptr_structure+v8_1,False,False,False,04/01/2025,False,,valid_range
20030296,Hon. Julie Johnson,Member,TX32,20030296.pdf,2025,100,JT,Progressive Corporation,Progressive Corporation,PGR,PGR,ST,S,2025-04-07,2025-05-06,1001.0,15000.0,,"$1,001 - $15,000",valid_range,New,Merrill Lynch Long Term Growth,,,,12,12,table,False,False,,False,0,False,True,100,True,20,False,https://disclosures-clerk.house.gov/public_disc/ptr-pdfs/2025/20030296.pdf,,,JT,Progressive Corporation (PGR) [ST],Progressive Corporation (PGR) [ST],S,04/07/2025,05/06/2025,"$1,001 - $15,000",Filing Status: New Subholding Of: Merrill Lynch Long Term Growth,"JT Progressive Corporation (PGR) [ST] S 04/07/2025 05/06/2025 $1,001 - $15,000 Filing Status: New Subholding Of: Merrill Lynch Long Term Growth",,,False,100,PGR,accepted,house_ptr_structure+v8_1,False,False,False,04/07/2025,False,,valid_range
20030296,Hon. Julie Johnson,Member,TX32,20030296.pdf,2025,101,JT,"Prologis, Inc. Common Stock","Prologis, Inc. Common Stock",PLD,PLD,ST,S (partial),2025-04-01,2025-05-06,1001.0,15000.0,,"$1,001 - $15,000",valid_range,New,Merrill Lynch Tax Efficient Core,,,,12,12,table,False,False,,False,0,False,False,100,True,20,False,https://disclosures-clerk.house.gov/public_disc/ptr-pdfs/2025/20030296.pdf,,,JT,"Prologis, Inc. Common Stock (PLD) [ST] Filing Status: New Subholding Of: Merrill Lynch Tax Efficie","Prologis, Inc. Common Stock (PLD) [ST]",S (partial) ent Core,04/01/2025,05/06/2025,"$1,001 - $15,000",,"JT Prologis, Inc. Common Stock (PLD) [ST] S (partial) 04/01/2025 05/06/2025 $1,001 - $15,000 Filing Status: New Subholding Of: Merrill Lynch Tax Efficient Core",,,False,100,PLD,accepted,house_ptr_structure+v8_1,False,False,False,04/01/2025,False,,valid_range
20030296,Hon. Julie Johnson,Member,TX32,20030296.pdf,2025,102,JT,PTC Inc. - Common Stock,PTC Inc. - Common Stock,PTC,PTC,ST,S,2025-04-01,2025-05-06,1001.0,15000.0,,"$1,001 - $15,000",valid_range,New,Merrill Lynch Tax Efficient Core,,,,12,12,table,False,False,,False,0,False,True,100,True,20,False,https://disclosures-clerk.house.gov/public_disc/ptr-pdfs/2025/20030296.pdf,,,JT,PTC Inc. - Common Stock (PTC) [ST],PTC Inc. - Common Stock (PTC) [ST],S,04/01/2025,05/06/2025,"$1,001 - $15,000",Filing Status: New Subholding Of: Merrill Lynch Tax Efficient Core,"JT PTC Inc. - Common Stock (PTC) [ST] S 04/01/2025 05/06/2025 $1,001 - $15,000 Filing Status: New Subholding Of: Merrill Lynch Tax Efficient Core",,,False,100,PTC,accepted,house_ptr_structure+v8_1,False,False,False,04/01/2025,False,,valid_range
20030296,Hon. Julie Johnson,Member,TX32,20030296.pdf,2025,103,JT,"Raymond James Financial, Inc. Common Stock","Raymond James Financial, Inc. Common Stock",RJF,RJF,ST,S,2025-04-07,2025-05-06,1001.0,15000.0,,"$1,001 - $15,000",valid_range,New,Merrill Lynch Long Term Growth,,,,12,12,table,False,False,,False,0,False,False,100,True,20,False,https://disclosures-clerk.house.gov/public_disc/ptr-pdfs/2025/20030296.pdf,,,JT,"Raymond James Financial, Inc. Common Stock (RJF) [ST] Filing Status: New Subholding Of: Merrill Lynch Long Term","Raymond James Financial, Inc. Common Stock (RJF) [ST]",S m Growth,04/07/2025,05/06/2025,"$1,001 - $15,000",,"JT Raymond James Financial, Inc. Common Stock (RJF) [ST] S 04/07/2025 05/06/2025 $1,001 - $15,000 Filing Status: New Subholding Of: Merrill Lynch Long Term Growth",,,False,100,RJF,accepted,house_ptr_structure+v8_1,False,False,False,04/07/2025,False,,valid_range
20030296,Hon. Julie Johnson,Member,TX32,20030296.pdf,2025,104,JT,Realty Income Corporation Common Stock,Realty Income Corporation Common Stock,O,O,ST,S,2025-04-01,2025-05-06,1001.0,15000.0,,"$1,001 - $15,000",valid_range,New,Merrill Lynch Tax Efficient Core,,,,12,12,table,False,False,,False,0,False,True,100,True,20,False,https://disclosures-clerk.house.gov/public_disc/ptr-pdfs/2025/20030296.pdf,,,JT,Realty Income Corporation Common Stock (O) [ST],Realty Income Corporation Common Stock (O) [ST],S,04/01/2025,05/06/2025,"$1,001 - $15,000",Filing Status: New Subholding Of: Merrill Lynch Tax Efficient Core,"JT Realty Income Corporation Common Stock (O) [ST] S 04/01/2025 05/06/2025 $1,001 - $15,000 Filing Status: New Subholding Of: Merrill Lynch Tax Efficient Core",,,False,100,O,accepted,house_ptr_structure+v8_1,False,False,False,04/01/2025,False,,valid_range
20030296,Hon. Julie Johnson,Member,TX32,20030296.pdf,2025,105,JT,"Regeneron Pharmaceuticals, Inc. - Common Stock","Regeneron Pharmaceuticals, Inc. - Common Stock",REGN,REGN,ST,S,2025-04-01,2025-05-06,1001.0,15000.0,,"$1,001 - $15,000",valid_range,New,Merrill Lynch Tax Efficient Core,,,,12,12,table,False,False,,False,0,False,False,100,True,20,False,https://disclosures-clerk.house.gov/public_disc/ptr-pdfs/2025/20030296.pdf,,,JT,"Regeneron Pharmaceuticals, Inc. - Common Stock (REGN) [ST] Filing Status: New Subholding Of: Merrill Lynch Tax Efficie","Regeneron Pharmaceuticals, Inc. - Common Stock (REGN) [ST]",S ent Core,04/01/2025,05/06/2025,"$1,001 - $15,000",,"JT Regeneron Pharmaceuticals, Inc. - Common Stock (REGN) [ST] S 04/01/2025 05/06/2025 $1,001 - $15,000 Filing Status: New Subholding Of: Merrill Lynch Tax Efficient Core",,,False,100,REGN,accepted,house_ptr_structure+v8_1,False,False,False,04/01/2025,False,,valid_range
20030296,Hon. Julie Johnson,Member,TX32,20030296.pdf,2025,106,JT,"Reliance, Inc. Common Stock","Reliance, Inc. Common Stock",RS,RS,ST,S,2025-04-07,2025-05-06,1001.0,15000.0,,"$1,001 - $15,000",valid_range,New,Merrill Lynch Long Term Growth Ow e sset a sact o Type ate Not cat o Date ou t Cap. Gains > $200?,,,,12,13,table,False,False,,True,0,False,True,98,True,20,False,https://disclosures-clerk.house.gov/public_disc/ptr-pdfs/2025/20030296.pdf,,,JT,"Reliance, Inc. Common Stock (RS) [ST]","Reliance, Inc. Common Stock (RS) [ST]",S,04/07/2025,05/06/2025,"$1,001 - $15,000",Filing Status: New Subholding Of: Merrill Lynch Long Term Growth Ow e sset a sact o Type ate Not cat o Date ou t Cap. Gains > $200?,"JT Reliance, Inc. Common Stock (RS) [ST] S 04/07/2025 05/06/2025 $1,001 - $15,000 Filing Status: New Subholding Of: Merrill Lynch Long Term Growth Ow e sset a sact o Type ate Not cat o Date ou t Cap. Gains > $200?",,,False,98,RS,accepted,house_ptr_structure+v8_1,False,False,False,04/07/2025,False,,valid_range
20030296,Hon. Julie Johnson,Member,TX32,20030296.pdf,2025,107,JT,"Republic Services, Inc. Common Stock","Republic Services, Inc. Common Stock",RSG,RSG,ST,S (partial),2025-04-01,2025-05-05,1001.0,15000.0,,"$1,001 - $15,000",valid_range,New,Chase Brokerage Account (3935),,,,13,13,table,False,False,,False,0,False,False,100,True,20,False,https://disclosures-clerk.house.gov/public_disc/ptr-pdfs/2025/20030296.pdf,,,JT,"Republic Services, Inc. Common Stock (RSG) [ST] Filing Status: New Subholding Of: Chase Brokerage Accoun","Republic Services, Inc. Common Stock (RSG) [ST]",S (partial) nt (3935),04/01/2025,05/05/2025,"$1,001 - $15,000",,"JT Republic Services, Inc. Common Stock (RSG) [ST] S (partial) 04/01/2025 05/05/2025 $1,001 - $15,000 Filing Status: New Subholding Of: Chase Brokerage Account (3935)",,,False,100,RSG,accepted,house_ptr_structure+v8_1,False,False,False,04/01/2025,False,,valid_range
20030296,Hon. Julie Johnson,Member,TX32,20030296.pdf,2025,108,JT,RTX Corporation Common Stock,RTX Corporation Common Stock,RTX,RTX,ST,S,2025-04-07,2025-05-06,1001.0,15000.0,,"$1,001 - $15,000",valid_range,New,Merrill Lynch Long Term Growth,,,,13,13,table,False,False,,False,0,False,True,100,True,20,False,https://disclosures-clerk.house.gov/public_disc/ptr-pdfs/2025/20030296.pdf,,,JT,RTX Corporation Common Stock (RTX) [ST],RTX Corporation Common Stock (RTX) [ST],S,04/07/2025,05/06/2025,"$1,001 - $15,000",Filing Status: New Subholding Of: Merrill Lynch Long Term Growth,"JT RTX Corporation Common Stock (RTX) [ST] S 04/07/2025 05/06/2025 $1,001 - $15,000 Filing Status: New Subholding Of: Merrill Lynch Long Term Growth",,,False,100,RTX,accepted,house_ptr_structure+v8_1,False,False,False,04/07/2025,False,,valid_range
20030296,Hon. Julie Johnson,Member,TX32,20030296.pdf,2025,109,JT,S&P Global Inc. Common Stock,S&P Global Inc. Common Stock,SPGI,SPGI,ST,S,2025-04-07,2025-05-06,1001.0,15000.0,,"$1,001 - $15,000",valid_range,New,Merrill Lynch Long Term Growth,,,,13,13,table,False,False,,False,0,False,False,100,True,20,False,https://disclosures-clerk.house.gov/public_disc/ptr-pdfs/2025/20030296.pdf,,,JT,S&P Global Inc. Common Stock (SPGI) [ST] Filing Status: New Subholding Of: Merrill Lynch Long Term,S&P Global Inc. Common Stock (SPGI) [ST],S m Growth,04/07/2025,05/06/2025,"$1,001 - $15,000",,"JT S&P Global Inc. Common Stock (SPGI) [ST] S 04/07/2025 05/06/2025 $1,001 - $15,000 Filing Status: New Subholding Of: Merrill Lynch Long Term Growth",,,False,100,SPGI,accepted,house_ptr_structure+v8_1,False,False,False,04/07/2025,False,,valid_range
20030296,Hon. Julie Johnson,Member,TX32,20030296.pdf,2025,110,JT,"Salesforce, Inc. Common Stock","Salesforce, Inc. Common Stock",CRM,CRM,ST,S,2025-04-07,2025-05-06,1001.0,15000.0,,"$1,001 - $15,000",valid_range,New,Merrill Lynch Long Term Growth,,,,13,13,table,False,False,,False,0,False,True,100,True,20,False,https://disclosures-clerk.house.gov/public_disc/ptr-pdfs/2025/20030296.pdf,,,JT,"Salesforce, Inc. Common Stock (CRM) [ST]","Salesforce, Inc. Common Stock (CRM) [ST]",S,04/07/2025,05/06/2025,"$1,001 - $15,000",Filing Status: New Subholding Of: Merrill Lynch Long Term Growth,"JT Salesforce, Inc. Common Stock (CRM) [ST] S 04/07/2025 05/06/2025 $1,001 - $15,000 Filing Status: New Subholding Of: Merrill Lynch Long Term Growth",,,False,100,CRM,accepted,house_ptr_structure+v8_1,False,False,False,04/07/2025,False,,valid_range
20030296,Hon. Julie Johnson,Member,TX32,20030296.pdf,2025,111,JT,SBA Communications Corporation - Class A Common Stock,SBA Communications Corporation - Class A Common Stock,SBAC,SBAC,ST,S,2025-04-01,2025-05-06,1001.0,15000.0,,"$1,001 - $15,000",valid_range,New,Merrill Lynch Tax Efficient Core,,,,13,13,table,False,False,,False,0,False,False,100,True,20,False,https://disclosures-clerk.house.gov/public_disc/ptr-pdfs/2025/20030296.pdf,,,JT,SBA Communications Corporation - Class A Common Stock (SBAC) [ST] Filing Status: New Subholding Of: Merrill Lynch Tax Efficie,SBA Communications Corporation - Class A Common Stock (SBAC) [ST],S ent Core,04/01/2025,05/06/2025,"$1,001 - $15,000",,"JT SBA Communications Corporation - Class A Common Stock (SBAC) [ST] S 04/01/2025 05/06/2025 $1,001 - $15,000 Filing Status: New Subholding Of: Merrill Lynch Tax Efficient Core",,,False,100,SBAC,accepted,house_ptr_structure+v8_1,False,False,False,04/01/2025,False,,valid_range
20030296,Hon. Julie Johnson,Member,TX32,20030296.pdf,2025,112,JT,Sherwin-Williams Company,Sherwin-Williams Company,SHW,SHW,ST,S,2025-04-07,2025-05-06,1001.0,15000.0,,"$1,001 - $15,000",valid_range,New,Merrill Lynch Long Term Growth,,,,13,13,table,False,False,,False,0,False,True,100,True,20,False,https://disclosures-clerk.house.gov/public_disc/ptr-pdfs/2025/20030296.pdf,,,JT,Sherwin-Williams Company (SHW) [ST],Sherwin-Williams Company (SHW) [ST],S,04/07/2025,05/06/2025,"$1,001 - $15,000",Filing Status: New Subholding Of: Merrill Lynch Long Term Growth,"JT Sherwin-Williams Company (SHW) [ST] S 04/07/2025 05/06/2025 $1,001 - $15,000 Filing Status: New Subholding Of: Merrill Lynch Long Term Growth",,,False,100,SHW,accepted,house_ptr_structure+v8_1,False,False,False,04/07/2025,False,,valid_range
20030296,Hon. Julie Johnson,Member,TX32,20030296.pdf,2025,113,JT,Smurfit WestRock plc Ordinary Shares,Smurfit WestRock plc Ordinary Shares,SW,SW,ST,S,2025-04-01,2025-05-06,1001.0,15000.0,,"$1,001 - $15,000",valid_range,New,Merrill Lynch Tax Efficient Core,,,,13,13,table,False,False,,False,0,False,False,100,True,20,False,https://disclosures-clerk.house.gov/public_disc/ptr-pdfs/2025/20030296.pdf,,,JT,Smurfit WestRock plc Ordinary Shares (SW) [ST] Filing Status: New Subholding Of: Merrill Lynch Tax Efficie,Smurfit WestRock plc Ordinary Shares (SW) [ST],S ent Core,04/01/2025,05/06/2025,"$1,001 - $15,000",,"JT Smurfit WestRock plc Ordinary Shares (SW) [ST] S 04/01/2025 05/06/2025 $1,001 - $15,000 Filing Status: New Subholding Of: Merrill Lynch Tax Efficient Core",,,False,100,SW,accepted,house_ptr_structure+v8_1,False,False,False,04/01/2025,False,,valid_range
20030296,Hon. Julie Johnson,Member,TX32,20030296.pdf,2025,114,JT,Starbucks Corporation - Common Stock,Starbucks Corporation - Common Stock,SBUX,SBUX,ST,S,2025-04-01,2025-05-06,1001.0,15000.0,,"$1,001 - $15,000",valid_range,New,Merrill Lynch Tax Efficient Core,,,,13,13,table,False,False,,False,0,False,True,100,True,20,False,https://disclosures-clerk.house.gov/public_disc/ptr-pdfs/2025/20030296.pdf,,,JT,Starbucks Corporation - Common Stock (SBUX) [ST],Starbucks Corporation - Common Stock (SBUX) [ST],S,04/01/2025,05/06/2025,"$1,001 - $15,000",Filing Status: New Subholding Of: Merrill Lynch Tax Efficient Core,"JT Starbucks Corporation - Common Stock (SBUX) [ST] S 04/01/2025 05/06/2025 $1,001 - $15,000 Filing Status: New Subholding Of: Merrill Lynch Tax Efficient Core",,,False,100,SBUX,accepted,house_ptr_structure+v8_1,False,False,False,04/01/2025,False,,valid_range
20030296,Hon. Julie Johnson,Member,TX32,20030296.pdf,2025,115,JT,Stryker Corporation Common Stock,Stryker Corporation Common Stock,SYK,SYK,ST,S,2025-04-07,2025-05-06,1001.0,15000.0,,"$1,001 - $15,000",valid_range,New,Merrill Lynch Long Term Growth,,,,13,13,table,False,False,,False,0,False,False,100,True,20,False,https://disclosures-clerk.house.gov/public_disc/ptr-pdfs/2025/20030296.pdf,,,JT,Stryker Corporation Common Stock (SYK) [ST] Filing Status: New Subholding Of: Merrill Lynch Long Term,Stryker Corporation Common Stock (SYK) [ST],S m Growth,04/07/2025,05/06/2025,"$1,001 - $15,000",,"JT Stryker Corporation Common Stock (SYK) [ST] S 04/07/2025 05/06/2025 $1,001 - $15,000 Filing Status: New Subholding Of: Merrill Lynch Long Term Growth",,,False,100,SYK,accepted,house_ptr_structure+v8_1,False,False,False,04/07/2025,False,,valid_range
20030296,Hon. Julie Johnson,Member,TX32,20030296.pdf,2025,116,JT,"Super Micro Computer, Inc. - Common Stock","Super Micro Computer, Inc. - Common Stock",SMCI,SMCI,ST,S,2025-04-01,2025-05-06,1001.0,15000.0,,"$1,001 - $15,000",valid_range,New,Merrill Lynch Tax Efficient Core,,,,14,14,table,False,False,,False,0,False,True,100,True,20,False,https://disclosures-clerk.house.gov/public_disc/ptr-pdfs/2025/20030296.pdf,,,JT,"Super Micro Computer, Inc. - Common Stock (SMCI) [ST]","Super Micro Computer, Inc. - Common Stock (SMCI) [ST]",S,04/01/2025,05/06/2025,"$1,001 - $15,000",Filing Status: New Subholding Of: Merrill Lynch Tax Efficient Core,"JT Super Micro Computer, Inc. - Common Stock (SMCI) [ST] S 04/01/2025 05/06/2025 $1,001 - $15,000 Filing Status: New Subholding Of: Merrill Lynch Tax Efficient Core",,,False,100,SMCI,accepted,house_ptr_structure+v8_1,False,False,False,04/01/2025,False,,valid_range
20030296,Hon. Julie Johnson,Member,TX32,20030296.pdf,2025,117,JT,Sysco Corporation Common Stock,Sysco Corporation Common Stock,SYY,SYY,ST,S,2025-04-01,2025-05-06,1001.0,15000.0,,"$1,001 - $15,000",valid_range,New,Merrill Lynch Tax Efficient Core,,,,14,14,table,False,False,,False,0,False,False,100,True,20,False,https://disclosures-clerk.house.gov/public_disc/ptr-pdfs/2025/20030296.pdf,,,JT,Sysco Corporation Common Stock (SYY) [ST] Filing Status: New Subholding Of: Merrill Lynch Tax Efficie,Sysco Corporation Common Stock (SYY) [ST],S ent Core,04/01/2025,05/06/2025,"$1,001 - $15,000",,"JT Sysco Corporation Common Stock (SYY) [ST] S 04/01/2025 05/06/2025 $1,001 - $15,000 Filing Status: New Subholding Of: Merrill Lynch Tax Efficient Core",,,False,100,SYY,accepted,house_ptr_structure+v8_1,False,False,False,04/01/2025,False,,valid_range
20030296,Hon. Julie Johnson,Member,TX32,20030296.pdf,2025,118,JT,"T. Rowe Price Group, Inc. - Common Stock","T. Rowe Price Group, Inc. - Common Stock",TROW,TROW,ST,S,2025-04-01,2025-05-06,1001.0,15000.0,,"$1,001 - $15,000",valid_range,New,Merrill Lynch Tax Efficient Core,,,,14,14,table,False,False,,False,0,False,True,100,True,20,False,https://disclosures-clerk.house.gov/public_disc/ptr-pdfs/2025/20030296.pdf,,,JT,"T. Rowe Price Group, Inc. - Common Stock (TROW) [ST]","T. Rowe Price Group, Inc. - Common Stock (TROW) [ST]",S,04/01/2025,05/06/2025,"$1,001 - $15,000",Filing Status: New Subholding Of: Merrill Lynch Tax Efficient Core,"JT T. Rowe Price Group, Inc. - Common Stock (TROW) [ST] S 04/01/2025 05/06/2025 $1,001 - $15,000 Filing Status: New Subholding Of: Merrill Lynch Tax Efficient Core",,,False,100,TROW,accepted,house_ptr_structure+v8_1,False,False,False,04/01/2025,False,,valid_range
20030296,Hon. Julie Johnson,Member,TX32,20030296.pdf,2025,119,JT,Target Corporation Common Stock,Target Corporation Common Stock,TGT,TGT,ST,S,2025-04-01,2025-05-06,1001.0,15000.0,,"$1,001 - $15,000",valid_range,New,Merrill Lynch Tax Efficient Core,,,,14,14,table,False,False,,False,0,False,False,100,True,20,False,https://disclosures-clerk.house.gov/public_disc/ptr-pdfs/2025/20030296.pdf,,,JT,Target Corporation Common Stock (TGT) [ST] Filing Status: New Subholding Of: Merrill Lynch Tax Efficie,Target Corporation Common Stock (TGT) [ST],S ent Core,04/01/2025,05/06/2025,"$1,001 - $15,000",,"JT Target Corporation Common Stock (TGT) [ST] S 04/01/2025 05/06/2025 $1,001 - $15,000 Filing Status: New Subholding Of: Merrill Lynch Tax Efficient Core",,,False,100,TGT,accepted,house_ptr_structure+v8_1,False,False,False,04/01/2025,False,,valid_range
20030296,Hon. Julie Johnson,Member,TX32,20030296.pdf,2025,120,JT,"Teradyne, Inc.","Teradyne, Inc.",TER,TER,ST,S,2025-04-01,2025-05-06,1001.0,15000.0,,"$1,001 - $15,000",valid_range,New,Merrill Lynch Tax Efficient Core,,,,14,14,table,False,False,,False,0,False,True,100,True,20,False,https://disclosures-clerk.house.gov/public_disc/ptr-pdfs/2025/20030296.pdf,,,JT,"Teradyne, Inc. (TER) [ST]","Teradyne, Inc. (TER) [ST]",S,04/01/2025,05/06/2025,"$1,001 - $15,000",Filing Status: New Subholding Of: Merrill Lynch Tax Efficient Core,"JT Teradyne, Inc. (TER) [ST] S 04/01/2025 05/06/2025 $1,001 - $15,000 Filing Status: New Subholding Of: Merrill Lynch Tax Efficient Core",,,False,100,TER,accepted,house_ptr_structure+v8_1,False,False,False,04/01/2025,False,,valid_range
20030296,Hon. Julie Johnson,Member,TX32,20030296.pdf,2025,121,JT,The Hershey Company Common Stock,The Hershey Company Common Stock,HSY,HSY,ST,S,2025-04-01,2025-05-06,1001.0,15000.0,,"$1,001 - $15,000",valid_range,New,Merrill Lynch Tax Efficient Core,,,,14,14,table,False,False,,False,0,False,False,100,True,20,False,https://disclosures-clerk.house.gov/public_disc/ptr-pdfs/2025/20030296.pdf,,,JT,The Hershey Company Common Stock (HSY) [ST] Filing Status: New Subholding Of: Merrill Lynch Tax Efficie,The Hershey Company Common Stock (HSY) [ST],S ent Core,04/01/2025,05/06/2025,"$1,001 - $15,000",,"JT The Hershey Company Common Stock (HSY) [ST] S 04/01/2025 05/06/2025 $1,001 - $15,000 Filing Status: New Subholding Of: Merrill Lynch Tax Efficient Core",,,False,100,HSY,accepted,house_ptr_structure+v8_1,False,False,False,04/01/2025,False,,valid_range
20030296,Hon. Julie Johnson,Member,TX32,20030296.pdf,2025,122,JT,The J.M. Smucker Company Common Stock,The J.M. Smucker Company Common Stock,SJM,SJM,ST,S,2025-04-01,2025-05-06,1001.0,15000.0,,"$1,001 - $15,000",valid_range,New,Merrill Lynch Tax Efficient Core,,,,14,14,table,False,False,,False,0,False,True,100,True,20,False,https://disclosures-clerk.house.gov/public_disc/ptr-pdfs/2025/20030296.pdf,,,JT,The J.M. Smucker Company Common Stock (SJM) [ST],The J.M. Smucker Company Common Stock (SJM) [ST],S,04/01/2025,05/06/2025,"$1,001 - $15,000",Filing Status: New Subholding Of: Merrill Lynch Tax Efficient Core,"JT The J.M. Smucker Company Common Stock (SJM) [ST] S 04/01/2025 05/06/2025 $1,001 - $15,000 Filing Status: New Subholding Of: Merrill Lynch Tax Efficient Core",,,False,100,SJM,accepted,house_ptr_structure+v8_1,False,False,False,04/01/2025,False,,valid_range
20030296,Hon. Julie Johnson,Member,TX32,20030296.pdf,2025,123,JT,The Kraft Heinz Company - Common Stock,The Kraft Heinz Company - Common Stock,KHC,KHC,ST,S,2025-04-01,2025-05-06,1001.0,15000.0,,"$1,001 - $15,000",valid_range,New,Merrill Lynch Tax Efficient Core,,,,14,14,table,False,False,,False,0,False,False,100,True,20,False,https://disclosures-clerk.house.gov/public_disc/ptr-pdfs/2025/20030296.pdf,,,JT,The Kraft Heinz Company - Common Stock (KHC) [ST] Filing Status: New Subholding Of: Merrill Lynch Tax Efficie,The Kraft Heinz Company - Common Stock (KHC) [ST],S ent Core,04/01/2025,05/06/2025,"$1,001 - $15,000",,"JT The Kraft Heinz Company - Common Stock (KHC) [ST] S 04/01/2025 05/06/2025 $1,001 - $15,000 Filing Status: New Subholding Of: Merrill Lynch Tax Efficient Core",,,False,100,KHC,accepted,house_ptr_structure+v8_1,False,False,False,04/01/2025,False,,valid_range
20030296,Hon. Julie Johnson,Member,TX32,20030296.pdf,2025,124,JT,Thermo Fisher Scientific Inc Common Stock,Thermo Fisher Scientific Inc Common Stock,TMO,TMO,ST,S,2025-04-07,2025-05-06,1001.0,15000.0,,"$1,001 - $15,000",valid_range,New,Merrill Lynch Long Term Growth,,,,14,14,table,False,False,,False,0,False,True,100,True,20,False,https://disclosures-clerk.house.gov/public_disc/ptr-pdfs/2025/20030296.pdf,,,JT,Thermo Fisher Scientific Inc Common Stock (TMO) [ST],Thermo Fisher Scientific Inc Common Stock (TMO) [ST],S,04/07/2025,05/06/2025,"$1,001 - $15,000",Filing Status: New Subholding Of: Merrill Lynch Long Term Growth,"JT Thermo Fisher Scientific Inc Common Stock (TMO) [ST] S 04/07/2025 05/06/2025 $1,001 - $15,000 Filing Status: New Subholding Of: Merrill Lynch Long Term Growth",,,False,100,TMO,accepted,house_ptr_structure+v8_1,False,False,False,04/07/2025,False,,valid_range
20030296,Hon. Julie Johnson,Member,TX32,20030296.pdf,2025,125,JT,Trimble Inc. - Common Stock,Trimble Inc. - Common Stock,TRMB,TRMB,ST,S,2025-04-01,2025-05-06,1001.0,15000.0,,"$1,001 - $15,000",valid_range,New,Merrill Lynch Tax Efficient Core,,,,15,15,table,False,False,,False,0,False,False,100,True,20,False,https://disclosures-clerk.house.gov/public_disc/ptr-pdfs/2025/20030296.pdf,,,JT,Trimble Inc. - Common Stock (TRMB) [ST] Filing Status: New Subholding Of: Merrill Lynch Tax Efficie,Trimble Inc. - Common Stock (TRMB) [ST],S ent Core,04/01/2025,05/06/2025,"$1,001 - $15,000",,"JT Trimble Inc. - Common Stock (TRMB) [ST] S 04/01/2025 05/06/2025 $1,001 - $15,000 Filing Status: New Subholding Of: Merrill Lynch Tax Efficient Core",,,False,100,TRMB,accepted,house_ptr_structure+v8_1,False,False,False,04/01/2025,False,,valid_range
20030296,Hon. Julie Johnson,Member,TX32,20030296.pdf,2025,126,JT,"TXNM Energy, Inc. Common Stock","TXNM Energy, Inc. Common Stock",TXNM,TXNM,ST,S,2025-04-07,2025-05-06,1001.0,15000.0,,"$1,001 - $15,000",valid_range,New,Merrill Lynch Long Term Growth,,,,15,15,table,False,False,,False,0,False,True,100,True,20,False,https://disclosures-clerk.house.gov/public_disc/ptr-pdfs/2025/20030296.pdf,,,JT,"TXNM Energy, Inc. Common Stock (TXNM) [ST]","TXNM Energy, Inc. Common Stock (TXNM) [ST]",S,04/07/2025,05/06/2025,"$1,001 - $15,000",Filing Status: New Subholding Of: Merrill Lynch Long Term Growth,"JT TXNM Energy, Inc. Common Stock (TXNM) [ST] S 04/07/2025 05/06/2025 $1,001 - $15,000 Filing Status: New Subholding Of: Merrill Lynch Long Term Growth",,,False,100,TXNM,accepted,house_ptr_structure+v8_1,False,False,False,04/07/2025,False,,valid_range
20030296,Hon. Julie Johnson,Member,TX32,20030296.pdf,2025,127,JT,"Uber Technologies, Inc. Common Stock","Uber Technologies, Inc. Common Stock",UBER,UBER,ST,S,2025-04-07,2025-05-06,1001.0,15000.0,,"$1,001 - $15,000",valid_range,New,Merrill Lynch Long Term Growth,,,,15,15,table,False,False,,False,0,False,False,100,True,20,False,https://disclosures-clerk.house.gov/public_disc/ptr-pdfs/2025/20030296.pdf,,,JT,"Uber Technologies, Inc. Common Stock (UBER) [ST] Filing Status: New Subholding Of: Merrill Lynch Long Term","Uber Technologies, Inc. Common Stock (UBER) [ST]",S m Growth,04/07/2025,05/06/2025,"$1,001 - $15,000",,"JT Uber Technologies, Inc. Common Stock (UBER) [ST] S 04/07/2025 05/06/2025 $1,001 - $15,000 Filing Status: New Subholding Of: Merrill Lynch Long Term Growth",,,False,100,UBER,accepted,house_ptr_structure+v8_1,False,False,False,04/07/2025,False,,valid_range
20030296,Hon. Julie Johnson,Member,TX32,20030296.pdf,2025,128,JT,"Uber Technologies, Inc. Common Stock","Uber Technologies, Inc. Common Stock",UBER,UBER,ST,S,2025-04-01,2025-05-06,1001.0,15000.0,,"$1,001 - $15,000",valid_range,New,Merrill Lynch Tax Efficient Core,,,,15,15,table,False,False,,False,0,False,True,100,True,20,False,https://disclosures-clerk.house.gov/public_disc/ptr-pdfs/2025/20030296.pdf,,,JT,"Uber Technologies, Inc. Common Stock (UBER) [ST]","Uber Technologies, Inc. Common Stock (UBER) [ST]",S,04/01/2025,05/06/2025,"$1,001 - $15,000",Filing Status: New Subholding Of: Merrill Lynch Tax Efficient Core,"JT Uber Technologies, Inc. Common Stock (UBER) [ST] S 04/01/2025 05/06/2025 $1,001 - $15,000 Filing Status: New Subholding Of: Merrill Lynch Tax Efficient Core",,,False,100,UBER,accepted,house_ptr_structure+v8_1,False,False,False,04/01/2025,False,,valid_range
20030296,Hon. Julie Johnson,Member,TX32,20030296.pdf,2025,129,JT,"United Parcel Service, Inc. Common Stock","United Parcel Service, Inc. Common Stock",UPS,UPS,ST,S,2025-04-01,2025-05-06,1001.0,15000.0,,"$1,001 - $15,000",valid_range,New,Merrill Lynch Tax Efficient Core,,,,15,15,table,False,False,,False,0,False,False,100,True,20,False,https://disclosures-clerk.house.gov/public_disc/ptr-pdfs/2025/20030296.pdf,,,JT,"United Parcel Service, Inc. Common Stock (UPS) [ST] Filing Status: New Subholding Of: Merrill Lynch Tax Efficie","United Parcel Service, Inc. Common Stock (UPS) [ST]",S ent Core,04/01/2025,05/06/2025,"$1,001 - $15,000",,"JT United Parcel Service, Inc. Common Stock (UPS) [ST] S 04/01/2025 05/06/2025 $1,001 - $15,000 Filing Status: New Subholding Of: Merrill Lynch Tax Efficient Core",,,False,100,UPS,accepted,house_ptr_structure+v8_1,False,False,False,04/01/2025,False,,valid_range
20030296,Hon. Julie Johnson,Member,TX32,20030296.pdf,2025,130,JT,"United Parcel Service, Inc. Common Stock","United Parcel Service, Inc. Common Stock",UPS,UPS,ST,S (partial),2025-04-11,2025-05-05,1001.0,15000.0,,"$1,001 - $15,000",valid_range,New,Chase Brokerage Account (3935),,,,15,15,table,False,False,,False,0,False,True,100,True,20,False,https://disclosures-clerk.house.gov/public_disc/ptr-pdfs/2025/20030296.pdf,,,JT,"United Parcel Service, Inc. Common Stock (UPS) [ST]","United Parcel Service, Inc. Common Stock (UPS) [ST]",S (partial),04/11/2025,05/05/2025,"$1,001 - $15,000",Filing Status: New Subholding Of: Chase Brokerage Account (3935),"JT United Parcel Service, Inc. Common Stock (UPS) [ST] S (partial) 04/11/2025 05/05/2025 $1,001 - $15,000 Filing Status: New Subholding Of: Chase Brokerage Account (3935)",,,False,100,UPS,accepted,house_ptr_structure+v8_1,False,False,False,04/11/2025,False,,valid_range
20030296,Hon. Julie Johnson,Member,TX32,20030296.pdf,2025,131,JT,"United Parcel Service, Inc. Common Stock","United Parcel Service, Inc. Common Stock",UPS,UPS,ST,S (partial),2025-04-01,2025-05-05,1001.0,15000.0,,"$1,001 - $15,000",valid_range,New,Chase Brokerage Account (3935),,,,15,15,table,False,False,,False,0,False,False,100,True,20,False,https://disclosures-clerk.house.gov/public_disc/ptr-pdfs/2025/20030296.pdf,,,JT,"United Parcel Service, Inc. Common Stock (UPS) [ST] Filing Status: New Subholding Of: Chase Brokerage Accoun","United Parcel Service, Inc. Common Stock (UPS) [ST]",S (partial) nt (3935),04/01/2025,05/05/2025,"$1,001 - $15,000",,"JT United Parcel Service, Inc. Common Stock (UPS) [ST] S (partial) 04/01/2025 05/05/2025 $1,001 - $15,000 Filing Status: New Subholding Of: Chase Brokerage Account (3935)",,,False,100,UPS,accepted,house_ptr_structure+v8_1,False,False,False,04/01/2025,False,,valid_range
20030296,Hon. Julie Johnson,Member,TX32,20030296.pdf,2025,132,JT,"United Parcel Service, Inc. Common Stock","United Parcel Service, Inc. Common Stock",UPS,UPS,ST,S,2025-04-15,2025-05-05,1001.0,15000.0,,"$1,001 - $15,000",valid_range,New,Chase Brokerage Account (3935),,,,15,15,table,False,False,,False,0,False,True,100,True,20,False,https://disclosures-clerk.house.gov/public_disc/ptr-pdfs/2025/20030296.pdf,,,JT,"United Parcel Service, Inc. Common Stock (UPS) [ST]","United Parcel Service, Inc. Common Stock (UPS) [ST]",S,04/15/2025,05/05/2025,"$1,001 - $15,000",Filing Status: New Subholding Of: Chase Brokerage Account (3935),"JT United Parcel Service, Inc. Common Stock (UPS) [ST] S 04/15/2025 05/05/2025 $1,001 - $15,000 Filing Status: New Subholding Of: Chase Brokerage Account (3935)",,,False,100,UPS,accepted,house_ptr_structure+v8_1,False,False,False,04/15/2025,False,,valid_range
20030296,Hon. Julie Johnson,Member,TX32,20030296.pdf,2025,133,JT,UnitedHealth Group Incorporated Common Stock,UnitedHealth Group Incorporated Common Stock,UNH,UNH,ST,S,2025-04-07,2025-05-06,1001.0,15000.0,,"$1,001 - $15,000",valid_range,New,Merrill Lynch Long Term Growth,,,,15,15,table,False,False,,False,0,False,False,100,True,20,False,https://disclosures-clerk.house.gov/public_disc/ptr-pdfs/2025/20030296.pdf,,,JT,UnitedHealth Group Incorporated Common Stock (UNH) [ST] Filing Status: New Subholding Of: Merrill Lynch Long Term,UnitedHealth Group Incorporated Common Stock (UNH) [ST],S m Growth,04/07/2025,05/06/2025,"$1,001 - $15,000",,"JT UnitedHealth Group Incorporated Common Stock (UNH) [ST] S 04/07/2025 05/06/2025 $1,001 - $15,000 Filing Status: New Subholding Of: Merrill Lynch Long Term Growth",,,False,100,UNH,accepted,house_ptr_structure+v8_1,False,False,False,04/07/2025,False,,valid_range
20030296,Hon. Julie Johnson,Member,TX32,20030296.pdf,2025,134,JT,Verizon Communications Inc. Common Stock,Verizon Communications Inc. Common Stock,VZ,VZ,ST,S,2025-04-01,2025-05-06,1001.0,15000.0,,"$1,001 - $15,000",valid_range,New,Merrill Lynch Tax Efficient Core,,,,16,16,table,False,False,,False,0,False,True,100,True,20,False,https://disclosures-clerk.house.gov/public_disc/ptr-pdfs/2025/20030296.pdf,,,JT,Verizon Communications Inc. Common Stock (VZ) [ST],Verizon Communications Inc. Common Stock (VZ) [ST],S,04/01/2025,05/06/2025,"$1,001 - $15,000",Filing Status: New Subholding Of: Merrill Lynch Tax Efficient Core,"JT Verizon Communications Inc. Common Stock (VZ) [ST] S 04/01/2025 05/06/2025 $1,001 - $15,000 Filing Status: New Subholding Of: Merrill Lynch Tax Efficient Core",,,False,100,VZ,accepted,house_ptr_structure+v8_1,False,False,False,04/01/2025,False,,valid_range
20030296,Hon. Julie Johnson,Member,TX32,20030296.pdf,2025,135,JT,VICI Properties Inc. Common Stock,VICI Properties Inc. Common Stock,VICI,VICI,ST,S,2025-04-07,2025-05-06,1001.0,15000.0,,"$1,001 - $15,000",valid_range,New,Merrill Lynch Long Term Growth,,,,16,16,table,False,False,,False,0,False,False,100,True,20,False,https://disclosures-clerk.house.gov/public_disc/ptr-pdfs/2025/20030296.pdf,,,JT,VICI Properties Inc. Common Stock (VICI) [ST] Filing Status: New Subholding Of: Merrill Lynch Long Term,VICI Properties Inc. Common Stock (VICI) [ST],S m Growth,04/07/2025,05/06/2025,"$1,001 - $15,000",,"JT VICI Properties Inc. Common Stock (VICI) [ST] S 04/07/2025 05/06/2025 $1,001 - $15,000 Filing Status: New Subholding Of: Merrill Lynch Long Term Growth",,,False,100,VICI,accepted,house_ptr_structure+v8_1,False,False,False,04/07/2025,False,,valid_range
20030296,Hon. Julie Johnson,Member,TX32,20030296.pdf,2025,136,JT,Visa Inc.,Visa Inc.,V,V,ST,S,2025-04-07,2025-05-06,15001.0,50000.0,,"$15,001 - $50,000",valid_range,New,Merrill Lynch Long Term Growth,,,,16,16,table,False,False,,False,0,False,True,100,True,20,False,https://disclosures-clerk.house.gov/public_disc/ptr-pdfs/2025/20030296.pdf,,,JT,Visa Inc. (V) [ST],Visa Inc. (V) [ST],S,04/07/2025,05/06/2025,"$15,001 - $50,000",Filing Status: New Subholding Of: Merrill Lynch Long Term Growth,"JT Visa Inc. (V) [ST] S 04/07/2025 05/06/2025 $15,001 - $50,000 Filing Status: New Subholding Of: Merrill Lynch Long Term Growth",,,False,100,V,accepted,house_ptr_structure+v8_1,False,False,False,04/07/2025,False,,valid_range
20030296,Hon. Julie Johnson,Member,TX32,20030296.pdf,2025,137,JT,Vistra Corp. Common Stock,Vistra Corp. Common Stock,VST,VST,ST,S,2025-04-01,2025-05-06,1001.0,15000.0,,"$1,001 - $15,000",valid_range,New,Merrill Lynch Tax Efficient Core,,,,16,16,table,False,False,,False,0,False,False,100,True,20,False,https://disclosures-clerk.house.gov/public_disc/ptr-pdfs/2025/20030296.pdf,,,JT,Vistra Corp. Common Stock (VST) [ST] Filing Status: New Subholding Of: Merrill Lynch Tax Efficie,Vistra Corp. Common Stock (VST) [ST],S ent Core,04/01/2025,05/06/2025,"$1,001 - $15,000",,"JT Vistra Corp. Common Stock (VST) [ST] S 04/01/2025 05/06/2025 $1,001 - $15,000 Filing Status: New Subholding Of: Merrill Lynch Tax Efficient Core",,,False,100,VST,accepted,house_ptr_structure+v8_1,False,False,False,04/01/2025,False,,valid_range
20030296,Hon. Julie Johnson,Member,TX32,20030296.pdf,2025,138,JT,"W.W. Grainger, Inc. Common Stock","W.W. Grainger, Inc. Common Stock",GWW,GWW,ST,S,2025-04-07,2025-05-06,1001.0,15000.0,,"$1,001 - $15,000",valid_range,New,Merrill Lynch Long Term Growth,,,,16,16,table,False,False,,False,0,False,True,100,True,20,False,https://disclosures-clerk.house.gov/public_disc/ptr-pdfs/2025/20030296.pdf,,,JT,"W.W. Grainger, Inc. Common Stock (GWW) [ST]","W.W. Grainger, Inc. Common Stock (GWW) [ST]",S,04/07/2025,05/06/2025,"$1,001 - $15,000",Filing Status: New Subholding Of: Merrill Lynch Long Term Growth,"JT W.W. Grainger, Inc. Common Stock (GWW) [ST] S 04/07/2025 05/06/2025 $1,001 - $15,000 Filing Status: New Subholding Of: Merrill Lynch Long Term Growth",,,False,100,GWW,accepted,house_ptr_structure+v8_1,False,False,False,04/07/2025,False,,valid_range
20030296,Hon. Julie Johnson,Member,TX32,20030296.pdf,2025,139,JT,Walt Disney Company,Walt Disney Company,DIS,DIS,ST,S,2025-04-01,2025-05-06,1001.0,15000.0,,"$1,001 - $15,000",valid_range,New,Merrill Lynch Tax Efficient Core,,,,16,16,table,False,False,,False,0,False,False,100,True,20,False,https://disclosures-clerk.house.gov/public_disc/ptr-pdfs/2025/20030296.pdf,,,JT,Walt Disney Company (DIS) [ST] Filing Status: New Subholding Of: Merrill Lynch Tax Efficie,Walt Disney Company (DIS) [ST],S ent Core,04/01/2025,05/06/2025,"$1,001 - $15,000",,"JT Walt Disney Company (DIS) [ST] S 04/01/2025 05/06/2025 $1,001 - $15,000 Filing Status: New Subholding Of: Merrill Lynch Tax Efficient Core",,,False,100,DIS,accepted,house_ptr_structure+v8_1,False,False,False,04/01/2025,False,,valid_range
20030296,Hon. Julie Johnson,Member,TX32,20030296.pdf,2025,140,JT,"Waste Management, Inc. Common Stock","Waste Management, Inc. Common Stock",WM,WM,ST,S,2025-04-07,2025-05-06,1001.0,15000.0,,"$1,001 - $15,000",valid_range,New,Merrill Lynch Long Term Growth,,,,16,16,table,False,False,,False,0,False,True,100,True,20,False,https://disclosures-clerk.house.gov/public_disc/ptr-pdfs/2025/20030296.pdf,,,JT,"Waste Management, Inc. Common Stock (WM) [ST]","Waste Management, Inc. Common Stock (WM) [ST]",S,04/07/2025,05/06/2025,"$1,001 - $15,000",Filing Status: New Subholding Of: Merrill Lynch Long Term Growth,"JT Waste Management, Inc. Common Stock (WM) [ST] S 04/07/2025 05/06/2025 $1,001 - $15,000 Filing Status: New Subholding Of: Merrill Lynch Long Term Growth",,,False,100,WM,accepted,house_ptr_structure+v8_1,False,False,False,04/07/2025,False,,valid_range
20030296,Hon. Julie Johnson,Member,TX32,20030296.pdf,2025,141,JT,Weyerhaeuser Company Common Stock,Weyerhaeuser Company Common Stock,WY,WY,ST,S (partial),2025-04-01,2025-05-06,1001.0,15000.0,,"$1,001 - $15,000",valid_range,New,Merrill Lynch Tax Efficient Core,,,,16,16,table,False,False,,False,0,False,False,100,True,20,False,https://disclosures-clerk.house.gov/public_disc/ptr-pdfs/2025/20030296.pdf,,,JT,Weyerhaeuser Company Common Stock (WY) [ST] Filing Status: New Subholding Of: Merrill Lynch Tax Efficie,Weyerhaeuser Company Common Stock (WY) [ST],S (partial) ent Core,04/01/2025,05/06/2025,"$1,001 - $15,000",,"JT Weyerhaeuser Company Common Stock (WY) [ST] S (partial) 04/01/2025 05/06/2025 $1,001 - $15,000 Filing Status: New Subholding Of: Merrill Lynch Tax Efficient Core",,,False,100,WY,accepted,house_ptr_structure+v8_1,False,False,False,04/01/2025,False,,valid_range
20030296,Hon. Julie Johnson,Member,TX32,20030296.pdf,2025,142,JT,Willis Towers Watson Public Limited Company - Ordinary Shares,Willis Towers Watson Public Limited Company - Ordinary Shares,WTW,WTW,ST,S,2025-04-07,2025-05-06,1001.0,15000.0,,"$1,001 - $15,000",valid_range,New,Merrill Lynch Long Term Growth,,,,16,16,table,False,False,,False,0,False,True,100,True,20,False,https://disclosures-clerk.house.gov/public_disc/ptr-pdfs/2025/20030296.pdf,,,JT,Willis Towers Watson Public Limited Company - Ordinary Shares (WTW) [ST],Willis Towers Watson Public Limited Company - Ordinary Shares (WTW) [ST],S,04/07/2025,05/06/2025,"$1,001 - $15,000",Filing Status: New Subholding Of: Merrill Lynch Long Term Growth,"JT Willis Towers Watson Public Limited Company - Ordinary Shares (WTW) [ST] S 04/07/2025 05/06/2025 $1,001 - $15,000 Filing Status: New Subholding Of: Merrill Lynch Long Term Growth",,,False,100,WTW,accepted,house_ptr_structure+v8_1,False,False,False,04/07/2025,False,,valid_range
20030296,Hon. Julie Johnson,Member,TX32,20030296.pdf,2025,143,JT,"Workday, Inc. - Class A Common Stock","Workday, Inc. - Class A Common Stock",WDAY,WDAY,ST,S,2025-04-07,2025-05-06,1001.0,15000.0,,"$1,001 - $15,000",valid_range,New,Merrill Lynch Long Term Growth,,,,17,17,table,False,False,,False,0,False,False,100,True,20,False,https://disclosures-clerk.house.gov/public_disc/ptr-pdfs/2025/20030296.pdf,,,JT,"Workday, Inc. - Class A Common Stock (WDAY) [ST] Filing Status: New Subholding Of: Merrill Lynch Long Term","Workday, Inc. - Class A Common Stock (WDAY) [ST]",S m Growth,04/07/2025,05/06/2025,"$1,001 - $15,000",,"JT Workday, Inc. - Class A Common Stock (WDAY) [ST] S 04/07/2025 05/06/2025 $1,001 - $15,000 Filing Status: New Subholding Of: Merrill Lynch Long Term Growth",,,False,100,WDAY,accepted,house_ptr_structure+v8_1,False,False,False,04/07/2025,False,,valid_range
20030296,Hon. Julie Johnson,Member,TX32,20030296.pdf,2025,144,JT,Zoetis Inc. Class A Common Stock,Zoetis Inc. Class A Common Stock,ZTS,ZTS,ST,S,2025-04-01,2025-05-06,1001.0,15000.0,,"$1,001 - $15,000",valid_range,New,Merrill Lynch Tax Efficient Core,,,,17,17,table,False,False,,False,0,False,True,100,True,20,False,https://disclosures-clerk.house.gov/public_disc/ptr-pdfs/2025/20030296.pdf,,,JT,Zoetis Inc. Class A Common Stock (ZTS) [ST],Zoetis Inc. Class A Common Stock (ZTS) [ST],S,04/01/2025,05/06/2025,"$1,001 - $15,000",Filing Status: New Subholding Of: Merrill Lynch Tax Efficient Core,"JT Zoetis Inc. Class A Common Stock (ZTS) [ST] S 04/01/2025 05/06/2025 $1,001 - $15,000 Filing Status: New Subholding Of: Merrill Lynch Tax Efficient Core",,,False,100,ZTS,accepted,house_ptr_structure+v8_1,False,False,False,04/01/2025,False,,valid_range
