filing_id,politician,member_status,state_district,source_pdf,source_year,transaction_number_in_filing,owner,asset_v8_2_cleaned,asset_v8_1,ticker_v8_2_cleaned,ticker_v8_1,asset_type,transaction_type,transaction_date,notification_date,amount_min,amount_max,amount_exact,amount_category,amount_status,filing_status,subholding,location,description,comments,page,last_page,page_parse_method,page_recovery_used,filing_page_completeness_issue,suspected_missed_pages,page_continuation_used,duplicate_geometry_rows_merged,possible_adjacent_same_signature,row_shaded,geometry_quality_score,unicode_repair_applied,unicode_repair_count,needs_review,original_pdf_url,review_level,review_reason,owner_raw,asset_raw,asset_lookup_context,transaction_type_raw,transaction_date_raw,notification_date_raw,amount_raw,continuation_raw,detail_raw,review_reason_v8_1,review_level_v8_1,needs_review_v8_1,geometry_quality_score_v8_1,ticker_candidate_raw,ticker_parse_status,ticker_validation_source,ticker_changed,asset_changed_by_ticker_resolver,raw_date_has_extra_text,raw_date_prefix,date_prefix_disagrees
20033619,Hon. Gilbert Cisneros,Member,CA31,20033619.pdf,2025,1,,Abbott Laboratories Common Stock,Abbott Laboratories Common Stock,ABT,ABT,ST,P,2025-11-18,2025-12-12,1001.0,15000.0,,"$1,001 - $15,000",valid_range,New,150 Main Street Trust > Bank of America,,,,1,1,table,False,False,,False,0,False,False,100,True,20,False,https://disclosures-clerk.house.gov/public_disc/ptr-pdfs/2025/20033619.pdf,,,,Abbott Laboratories Common Stock (ABT) [ST] Filing Status: New Subholding Of: 150 Main Street Trust >,Abbott Laboratories Common Stock (ABT) [ST],P Bank of America,11/18/2025,12/12/2025,"$1,001 - $15,000",,"Abbott Laboratories Common Stock (ABT) [ST] P 11/18/2025 12/12/2025 $1,001 - $15,000 Filing Status: New Subholding Of: 150 Main Street Trust > Bank of America",,,False,100,ABT,accepted,house_ptr_structure+v8_1,False,False,False,11/18/2025,False
20033619,Hon. Gilbert Cisneros,Member,CA31,20033619.pdf,2025,2,,"Advanced Micro Devices, Inc.","Advanced Micro Devices, Inc.",AMD,AMD,ST,P,2025-11-18,2025-12-12,15001.0,50000.0,,"$15,001 - $50,000",valid_range,New,150 Main Street Trust > Bank of America,,,,1,1,table,False,False,,False,0,False,True,100,True,20,False,https://disclosures-clerk.house.gov/public_disc/ptr-pdfs/2025/20033619.pdf,,,,"Advanced Micro Devices, Inc. (AMD) [ST]","Advanced Micro Devices, Inc. (AMD) [ST]",P,11/18/2025,12/12/2025,"$15,001 - $50,000",Filing Status: New Subholding Of: 150 Main Street Trust > Bank of America,"Advanced Micro Devices, Inc. (AMD) [ST] P 11/18/2025 12/12/2025 $15,001 - $50,000 Filing Status: New Subholding Of: 150 Main Street Trust > Bank of America",,,False,100,AMD,accepted,house_ptr_structure+v8_1,False,False,False,11/18/2025,False
20033619,Hon. Gilbert Cisneros,Member,CA31,20033619.pdf,2025,3,,"Alexandria Real Estate Equities, Inc. Common Stock","Alexandria Real Estate Equities, Inc. Common Stock",ARE,ARE,ST,P,2025-11-18,2025-12-12,1001.0,15000.0,,"$1,001 - $15,000",valid_range,New,150 Main Street Trust > Bank of America,,,,1,1,table,False,False,,False,0,False,False,100,True,20,False,https://disclosures-clerk.house.gov/public_disc/ptr-pdfs/2025/20033619.pdf,,,,"Alexandria Real Estate Equities, Inc. Common Stock (ARE) [ST] Filing Status: New Subholding Of: 150 Main Street Trust >","Alexandria Real Estate Equities, Inc. Common Stock (ARE) [ST]",P Bank of America,11/18/2025,12/12/2025,"$1,001 - $15,000",,"Alexandria Real Estate Equities, Inc. Common Stock (ARE) [ST] P 11/18/2025 12/12/2025 $1,001 - $15,000 Filing Status: New Subholding Of: 150 Main Street Trust > Bank of America",,,False,100,ARE,accepted,house_ptr_structure+v8_1,False,False,False,11/18/2025,False
20033619,Hon. Gilbert Cisneros,Member,CA31,20033619.pdf,2025,4,,Alibaba Group Holding Limited American Depositary Shares each representing eight Ordinary share,Alibaba Group Holding Limited American Depositary Shares each representing eight Ordinary share,BABA,BABA,ST,P,2025-11-19,2025-12-12,15001.0,50000.0,,"$15,001 - $50,000",valid_range,New,150 Main Street Trust > Bank of America,,,,1,1,table,False,False,,False,0,False,True,100,True,20,False,https://disclosures-clerk.house.gov/public_disc/ptr-pdfs/2025/20033619.pdf,,,,Alibaba Group Holding Limited American Depositary Shares each representing eight Ordinary share (BABA) [ST],Alibaba Group Holding Limited American Depositary Shares each representing eight Ordinary share (BABA) [ST],P,11/19/2025,12/12/2025,"$15,001 - $50,000",Filing Status: New Subholding Of: 150 Main Street Trust > Bank of America,"Alibaba Group Holding Limited American Depositary Shares each representing eight Ordinary share (BABA) [ST] P 11/19/2025 12/12/2025 $15,001 - $50,000 Filing Status: New Subholding Of: 150 Main Street Trust > Bank of America",,,False,100,BABA,accepted,house_ptr_structure+v8_1,False,False,False,11/19/2025,False
20033619,Hon. Gilbert Cisneros,Member,CA31,20033619.pdf,2025,5,,ALIBABA GROUP HOLDING LTD,ALIBABA GROUP HOLDING LTD,BABAF,BABAF,ST,P,2025-11-19,2025-12-12,1001.0,15000.0,,"$1,001 - $15,000",valid_range,New,150 Main Street Trust > Bank of America,,Ticker 9988HK,,1,1,table,False,False,,False,0,False,False,100,True,30,False,https://disclosures-clerk.house.gov/public_disc/ptr-pdfs/2025/20033619.pdf,,,,ALIBABA GROUP HOLDING LTD (BABAF) [ST] Filing Status: New Subholding Of: 150 Main Street Trust > Description: Ticker 9988HK,ALIBABA GROUP HOLDING LTD (BABAF) [ST],P Bank of America,11/19/2025,12/12/2025,"$1,001 - $15,000",,"ALIBABA GROUP HOLDING LTD (BABAF) [ST] P 11/19/2025 12/12/2025 $1,001 - $15,000 Filing Status: New Subholding Of: 150 Main Street Trust > Bank of America Description: Ticker 9988HK",,,False,100,BABAF,accepted,house_ptr_structure+v8_1,False,False,False,11/19/2025,False
20033619,Hon. Gilbert Cisneros,Member,CA31,20033619.pdf,2025,6,,"Alkami Technology, Inc. - Common Stock","Alkami Technology, Inc. - Common Stock",ALKT,ALKT,ST,P,2025-11-13,2025-12-12,1001.0,15000.0,,"$1,001 - $15,000",valid_range,New,150 Main Street Trust > Bank of America,,,,1,2,table,False,False,,True,0,False,True,98,True,20,False,https://disclosures-clerk.house.gov/public_disc/ptr-pdfs/2025/20033619.pdf,,,,"Alkami Technology, Inc. - Common Stock (ALKT) [ST]","Alkami Technology, Inc. - Common Stock (ALKT) [ST]",P,11/13/2025,12/12/2025,"$1,001 - $15,000",Filing Status: New Subholding Of: 150 Main Street Trust > Bank of America,"Alkami Technology, Inc. - Common Stock (ALKT) [ST] P 11/13/2025 12/12/2025 $1,001 - $15,000 Filing Status: New Subholding Of: 150 Main Street Trust > Bank of America",,,False,98,ALKT,accepted,house_ptr_structure+v8_1,False,False,False,11/13/2025,False
20033619,Hon. Gilbert Cisneros,Member,CA31,20033619.pdf,2025,7,,Allianz SE ADS,Allianz SE ADS,AZSEY,AZSEY,ST,P,2025-11-19,2025-12-12,1001.0,15000.0,,"$1,001 - $15,000",valid_range,New,150 Main Street Trust > Bank of America,,Ticker ALV GR,,2,2,table,False,False,,False,0,False,False,100,True,30,False,https://disclosures-clerk.house.gov/public_disc/ptr-pdfs/2025/20033619.pdf,,,,Allianz SE ADS (AZSEY) [ST] Filing Status: New Subholding Of: 150 Main Street Trust > Description: Ticker ALV GR,Allianz SE ADS (AZSEY) [ST],P Bank of America,11/19/2025,12/12/2025,"$1,001 - $15,000",,"Allianz SE ADS (AZSEY) [ST] P 11/19/2025 12/12/2025 $1,001 - $15,000 Filing Status: New Subholding Of: 150 Main Street Trust > Bank of America Description: Ticker ALV GR",,,False,100,AZSEY,accepted,house_ptr_structure+v8_1,False,False,False,11/19/2025,False
20033619,Hon. Gilbert Cisneros,Member,CA31,20033619.pdf,2025,8,,Alphabet Inc. - Class A Common Stock,Alphabet Inc. - Class A Common Stock,GOOGL,GOOGL,ST,P,2025-11-18,2025-12-12,1001.0,15000.0,,"$1,001 - $15,000",valid_range,New,150 Main Street Trust > Bank of America,,,,2,2,table,False,False,,False,0,False,True,100,True,20,False,https://disclosures-clerk.house.gov/public_disc/ptr-pdfs/2025/20033619.pdf,,,,Alphabet Inc. - Class A Common Stock (GOOGL) [ST],Alphabet Inc. - Class A Common Stock (GOOGL) [ST],P,11/18/2025,12/12/2025,"$1,001 - $15,000",Filing Status: New Subholding Of: 150 Main Street Trust > Bank of America,"Alphabet Inc. - Class A Common Stock (GOOGL) [ST] P 11/18/2025 12/12/2025 $1,001 - $15,000 Filing Status: New Subholding Of: 150 Main Street Trust > Bank of America",,,False,100,GOOGL,accepted,house_ptr_structure+v8_1,False,False,False,11/18/2025,False
20033619,Hon. Gilbert Cisneros,Member,CA31,20033619.pdf,2025,9,,Alphabet Inc. - Class A Common Stock,Alphabet Inc. - Class A Common Stock,GOOGL,GOOGL,ST,S (partial),2025-11-26,2025-12-12,1001.0,15000.0,,"$1,001 - $15,000",valid_range,New,150 Main Street Trust > Bank of America,,,,2,2,table,False,False,,False,0,False,False,100,True,20,False,https://disclosures-clerk.house.gov/public_disc/ptr-pdfs/2025/20033619.pdf,,,,Alphabet Inc. - Class A Common Stock (GOOGL) [ST] Filing Status: New Subholding Of: 150 Main Street Trust >,Alphabet Inc. - Class A Common Stock (GOOGL) [ST],S (partial) Bank of America,11/26/2025,12/12/2025,"$1,001 - $15,000",,"Alphabet Inc. - Class A Common Stock (GOOGL) [ST] S (partial) 11/26/2025 12/12/2025 $1,001 - $15,000 Filing Status: New Subholding Of: 150 Main Street Trust > Bank of America",,,False,100,GOOGL,accepted,house_ptr_structure+v8_1,False,False,False,11/26/2025,False
20033619,Hon. Gilbert Cisneros,Member,CA31,20033619.pdf,2025,10,,"Amazon.com, Inc. - Common Stock","Amazon.com, Inc. - Common Stock",AMZN,AMZN,ST,P,2025-11-18,2025-12-12,15001.0,50000.0,,"$15,001 - $50,000",valid_range,New,150 Main Street Trust > Bank of America,,,,2,2,table,False,False,,False,0,False,True,100,True,20,False,https://disclosures-clerk.house.gov/public_disc/ptr-pdfs/2025/20033619.pdf,,,,"Amazon.com, Inc. - Common Stock (AMZN) [ST]","Amazon.com, Inc. - Common Stock (AMZN) [ST]",P,11/18/2025,12/12/2025,"$15,001 - $50,000",Filing Status: New Subholding Of: 150 Main Street Trust > Bank of America,"Amazon.com, Inc. - Common Stock (AMZN) [ST] P 11/18/2025 12/12/2025 $15,001 - $50,000 Filing Status: New Subholding Of: 150 Main Street Trust > Bank of America",,,False,100,AMZN,accepted,house_ptr_structure+v8_1,False,False,False,11/18/2025,False
20033619,Hon. Gilbert Cisneros,Member,CA31,20033619.pdf,2025,11,,"Amazon.com, Inc. - Common Stock","Amazon.com, Inc. - Common Stock",AMZN,AMZN,ST,P,2025-11-18,2025-12-12,1001.0,15000.0,,"$1,001 - $15,000",valid_range,New,150 Main Street Trust > Bank of America,,,,2,2,table,False,False,,False,0,False,False,100,True,20,False,https://disclosures-clerk.house.gov/public_disc/ptr-pdfs/2025/20033619.pdf,,,,"Amazon.com, Inc. - Common Stock (AMZN) [ST] Filing Status: New Subholding Of: 150 Main Street Trust >","Amazon.com, Inc. - Common Stock (AMZN) [ST]",P Bank of America,11/18/2025,12/12/2025,"$1,001 - $15,000",,"Amazon.com, Inc. - Common Stock (AMZN) [ST] P 11/18/2025 12/12/2025 $1,001 - $15,000 Filing Status: New Subholding Of: 150 Main Street Trust > Bank of America",,,False,100,AMZN,accepted,house_ptr_structure+v8_1,False,False,False,11/18/2025,False
20033619,Hon. Gilbert Cisneros,Member,CA31,20033619.pdf,2025,12,,Amcor plc Ordinary Shares,Amcor plc Ordinary Shares,AMCR,AMCR,ST,P,2025-11-18,2025-12-12,1001.0,15000.0,,"$1,001 - $15,000",valid_range,New,150 Main Street Trust > Bank of America,,,,2,2,table,False,False,,False,0,False,True,100,True,20,False,https://disclosures-clerk.house.gov/public_disc/ptr-pdfs/2025/20033619.pdf,,,,Amcor plc Ordinary Shares (AMCR) [ST],Amcor plc Ordinary Shares (AMCR) [ST],P,11/18/2025,12/12/2025,"$1,001 - $15,000",Filing Status: New Subholding Of: 150 Main Street Trust > Bank of America,"Amcor plc Ordinary Shares (AMCR) [ST] P 11/18/2025 12/12/2025 $1,001 - $15,000 Filing Status: New Subholding Of: 150 Main Street Trust > Bank of America",,,False,100,AMCR,accepted,house_ptr_structure+v8_1,False,False,False,11/18/2025,False
20033619,Hon. Gilbert Cisneros,Member,CA31,20033619.pdf,2025,13,,Amdocs Limited - Ordinary Shares,Amdocs Limited - Ordinary Shares,DOX,DOX,ST,S (partial),2025-11-12,2025-12-12,15001.0,50000.0,,"$15,001 - $50,000",valid_range,New,150 Main Street Trust > Bank of America,,,,2,2,table,False,False,,False,0,False,False,100,True,20,False,https://disclosures-clerk.house.gov/public_disc/ptr-pdfs/2025/20033619.pdf,,,,Amdocs Limited - Ordinary Shares (DOX) [ST] Filing Status: New Subholding Of: 150 Main Street Trust >,Amdocs Limited - Ordinary Shares (DOX) [ST],S (partial) Bank of America,11/12/2025,12/12/2025,"$15,001 - $50,000",,"Amdocs Limited - Ordinary Shares (DOX) [ST] S (partial) 11/12/2025 12/12/2025 $15,001 - $50,000 Filing Status: New Subholding Of: 150 Main Street Trust > Bank of America",,,False,100,DOX,accepted,house_ptr_structure+v8_1,False,False,False,11/12/2025,False
20033619,Hon. Gilbert Cisneros,Member,CA31,20033619.pdf,2025,14,,"Apollo Global Management, Inc.","Apollo Global Management, Inc.",APO,APO,ST,P,2025-11-18,2025-12-12,1001.0,15000.0,,"$1,001 - $15,000",valid_range,New,150 Main Street Trust > Bank of America,,,,2,2,table,False,False,,False,0,False,True,100,True,20,False,https://disclosures-clerk.house.gov/public_disc/ptr-pdfs/2025/20033619.pdf,,,,"Apollo Global Management, Inc. (APO) [ST]","Apollo Global Management, Inc. (APO) [ST]",P,11/18/2025,12/12/2025,"$1,001 - $15,000",Filing Status: New Subholding Of: 150 Main Street Trust > Bank of America,"Apollo Global Management, Inc. (APO) [ST] P 11/18/2025 12/12/2025 $1,001 - $15,000 Filing Status: New Subholding Of: 150 Main Street Trust > Bank of America",,,False,100,APO,accepted,house_ptr_structure+v8_1,False,False,False,11/18/2025,False
20033619,Hon. Gilbert Cisneros,Member,CA31,20033619.pdf,2025,15,,Apple Inc. - Common Stock,Apple Inc. - Common Stock,AAPL,AAPL,ST,P,2025-11-18,2025-12-12,1001.0,15000.0,,"$1,001 - $15,000",valid_range,New,150 Main Street Trust > Bank of America,,,,2,3,table,False,False,,True,0,False,False,98,True,20,False,https://disclosures-clerk.house.gov/public_disc/ptr-pdfs/2025/20033619.pdf,,,,Apple Inc. - Common Stock (AAPL) [ST],Apple Inc. - Common Stock (AAPL) [ST],P,11/18/2025,12/12/2025,"$1,001 - $15,000",Filing Status: New Subholding Of: 150 Main Street Trust > Bank of America,"Apple Inc. - Common Stock (AAPL) [ST] P 11/18/2025 12/12/2025 $1,001 - $15,000 Filing Status: New Subholding Of: 150 Main Street Trust > Bank of America",,,False,98,AAPL,accepted,house_ptr_structure+v8_1,False,False,False,11/18/2025,False
20033619,Hon. Gilbert Cisneros,Member,CA31,20033619.pdf,2025,16,,Applovin Corporation - Class A Common Stock,Applovin Corporation - Class A Common Stock,APP,APP,ST,P,2025-11-18,2025-12-12,1001.0,15000.0,,"$1,001 - $15,000",valid_range,New,150 Main Street Trust > Bank of America,,,,3,3,table,False,False,,False,0,False,True,100,True,20,False,https://disclosures-clerk.house.gov/public_disc/ptr-pdfs/2025/20033619.pdf,,,,Applovin Corporation - Class A Common Stock (APP) [ST],Applovin Corporation - Class A Common Stock (APP) [ST],P,11/18/2025,12/12/2025,"$1,001 - $15,000",Filing Status: New Subholding Of: 150 Main Street Trust > Bank of America,"Applovin Corporation - Class A Common Stock (APP) [ST] P 11/18/2025 12/12/2025 $1,001 - $15,000 Filing Status: New Subholding Of: 150 Main Street Trust > Bank of America",,,False,100,APP,accepted,house_ptr_structure+v8_1,False,False,False,11/18/2025,False
20033619,Hon. Gilbert Cisneros,Member,CA31,20033619.pdf,2025,17,,"Arista Networks, Inc. Common Stock","Arista Networks, Inc. Common Stock",ANET,ANET,ST,P,2025-11-18,2025-12-12,1001.0,15000.0,,"$1,001 - $15,000",valid_range,New,150 Main Street Trust > Bank of America,,,,3,3,table,False,False,,False,0,False,False,100,True,20,False,https://disclosures-clerk.house.gov/public_disc/ptr-pdfs/2025/20033619.pdf,,,,"Arista Networks, Inc. Common Stock (ANET) [ST] Filing Status: New Subholding Of: 150 Main Street Trust >","Arista Networks, Inc. Common Stock (ANET) [ST]",P Bank of America,11/18/2025,12/12/2025,"$1,001 - $15,000",,"Arista Networks, Inc. Common Stock (ANET) [ST] P 11/18/2025 12/12/2025 $1,001 - $15,000 Filing Status: New Subholding Of: 150 Main Street Trust > Bank of America",,,False,100,ANET,accepted,house_ptr_structure+v8_1,False,False,False,11/18/2025,False
20033619,Hon. Gilbert Cisneros,Member,CA31,20033619.pdf,2025,18,,AstraZeneca PLC - American Depositary Shares,AstraZeneca PLC - American Depositary Shares,AZN,AZN,ST,P,2025-11-19,2025-12-12,1001.0,15000.0,,"$1,001 - $15,000",valid_range,New,150 Main Street Trust > Bank of America,,Ticker AZN LN,,3,3,table,False,False,,False,0,False,True,100,True,30,False,https://disclosures-clerk.house.gov/public_disc/ptr-pdfs/2025/20033619.pdf,,,,AstraZeneca PLC - American Depositary Shares (AZN) [ST],AstraZeneca PLC - American Depositary Shares (AZN) [ST],P,11/19/2025,12/12/2025,"$1,001 - $15,000",Filing Status: New Subholding Of: 150 Main Street Trust > Bank of America Description: Ticker AZN LN,"AstraZeneca PLC - American Depositary Shares (AZN) [ST] P 11/19/2025 12/12/2025 $1,001 - $15,000 Filing Status: New Subholding Of: 150 Main Street Trust > Bank of America Description: Ticker AZN LN",,,False,100,AZN,accepted,house_ptr_structure+v8_1,False,False,False,11/19/2025,False
20033619,Hon. Gilbert Cisneros,Member,CA31,20033619.pdf,2025,19,,"AutoZone, Inc. Common Stock","AutoZone, Inc. Common Stock",AZO,AZO,ST,P,2025-11-18,2025-12-12,1001.0,15000.0,,"$1,001 - $15,000",valid_range,New,150 Main Street Trust > Bank of America,,,,3,3,table,False,False,,False,0,False,False,100,True,20,False,https://disclosures-clerk.house.gov/public_disc/ptr-pdfs/2025/20033619.pdf,,,,"AutoZone, Inc. Common Stock (AZO) [ST] Filing Status: New Subholding Of: 150 Main Street Trust >","AutoZone, Inc. Common Stock (AZO) [ST]",P Bank of America,11/18/2025,12/12/2025,"$1,001 - $15,000",,"AutoZone, Inc. Common Stock (AZO) [ST] P 11/18/2025 12/12/2025 $1,001 - $15,000 Filing Status: New Subholding Of: 150 Main Street Trust > Bank of America",,,False,100,AZO,accepted,house_ptr_structure+v8_1,False,False,False,11/18/2025,False
20033619,Hon. Gilbert Cisneros,Member,CA31,20033619.pdf,2025,20,,Barclays Plc Ord Ordinary Shares,Barclays Plc Ord Ordinary Shares,BCLYF,BCLYF,ST,P,2025-11-19,2025-12-12,1001.0,15000.0,,"$1,001 - $15,000",valid_range,New,150 Main Street Trust > Bank of America,,Ticker BARC LN,,3,3,table,False,False,,False,0,False,True,100,True,30,False,https://disclosures-clerk.house.gov/public_disc/ptr-pdfs/2025/20033619.pdf,,,,Barclays Plc Ord Ordinary Shares (BCLYF) [ST],Barclays Plc Ord Ordinary Shares (BCLYF) [ST],P,11/19/2025,12/12/2025,"$1,001 - $15,000",Filing Status: New Subholding Of: 150 Main Street Trust > Bank of America Description: Ticker BARC LN,"Barclays Plc Ord Ordinary Shares (BCLYF) [ST] P 11/19/2025 12/12/2025 $1,001 - $15,000 Filing Status: New Subholding Of: 150 Main Street Trust > Bank of America Description: Ticker BARC LN",,,False,100,BCLYF,accepted,house_ptr_structure+v8_1,False,False,False,11/19/2025,False
20033619,Hon. Gilbert Cisneros,Member,CA31,20033619.pdf,2025,21,,Berkshire Hathaway Inc. New Common Stock,Berkshire Hathaway Inc. New Common Stock,BRK.B,BRK.B,ST,P,2025-11-18,2025-12-12,1001.0,15000.0,,"$1,001 - $15,000",valid_range,New,150 Main Street Trust > Bank of America,,,,3,3,table,False,False,,False,0,False,False,100,True,20,False,https://disclosures-clerk.house.gov/public_disc/ptr-pdfs/2025/20033619.pdf,,,,Berkshire Hathaway Inc. New Common Stock (BRK.B) [ST] Filing Status: New Subholding Of: 150 Main Street Trust >,Berkshire Hathaway Inc. New Common Stock (BRK.B) [ST],P Bank of America,11/18/2025,12/12/2025,"$1,001 - $15,000",,"Berkshire Hathaway Inc. New Common Stock (BRK.B) [ST] P 11/18/2025 12/12/2025 $1,001 - $15,000 Filing Status: New Subholding Of: 150 Main Street Trust > Bank of America",,,False,100,BRK.B,accepted,house_ptr_structure+v8_1,False,False,False,11/18/2025,False
20033619,Hon. Gilbert Cisneros,Member,CA31,20033619.pdf,2025,22,,"BioCryst Pharmaceuticals, Inc. - Common Stock","BioCryst Pharmaceuticals, Inc. - Common Stock",BCRX,BCRX,ST,P,2025-11-13,2025-12-12,1001.0,15000.0,,"$1,001 - $15,000",valid_range,New,150 Main Street Trust > Bank of America,,,,3,3,table,False,False,,False,0,False,True,100,True,20,False,https://disclosures-clerk.house.gov/public_disc/ptr-pdfs/2025/20033619.pdf,,,,"BioCryst Pharmaceuticals, Inc. - Common Stock (BCRX) [ST]","BioCryst Pharmaceuticals, Inc. - Common Stock (BCRX) [ST]",P,11/13/2025,12/12/2025,"$1,001 - $15,000",Filing Status: New Subholding Of: 150 Main Street Trust > Bank of America,"BioCryst Pharmaceuticals, Inc. - Common Stock (BCRX) [ST] P 11/13/2025 12/12/2025 $1,001 - $15,000 Filing Status: New Subholding Of: 150 Main Street Trust > Bank of America",,,False,100,BCRX,accepted,house_ptr_structure+v8_1,False,False,False,11/13/2025,False
20033619,Hon. Gilbert Cisneros,Member,CA31,20033619.pdf,2025,23,,"Block, Inc. Class A Common Stock,","Block, Inc. Class A Common Stock,",SQ,SQ,ST,P,2025-11-18,2025-12-12,1001.0,15000.0,,"$1,001 - $15,000",valid_range,New,150 Main Street Trust > Bank of America,,,,3,3,table,False,False,,False,0,False,False,100,True,20,False,https://disclosures-clerk.house.gov/public_disc/ptr-pdfs/2025/20033619.pdf,,,,"Block, Inc. Class A Common Stock, (SQ) [ST] Filing Status: New Subholding Of: 150 Main Street Trust >","Block, Inc. Class A Common Stock, (SQ) [ST]",P Bank of America,11/18/2025,12/12/2025,"$1,001 - $15,000",,"Block, Inc. Class A Common Stock, (SQ) [ST] P 11/18/2025 12/12/2025 $1,001 - $15,000 Filing Status: New Subholding Of: 150 Main Street Trust > Bank of America",,,False,100,SQ,accepted,house_ptr_structure+v8_1,False,False,False,11/18/2025,False
20033619,Hon. Gilbert Cisneros,Member,CA31,20033619.pdf,2025,24,,Bloom Energy Corporation Class A Common Stock,Bloom Energy Corporation Class A Common Stock,BE,BE,ST,P,2025-11-18,2025-12-12,1001.0,15000.0,,"$1,001 - $15,000",valid_range,New,150 Main Street Trust > Bank of America,,,,4,4,table,False,False,,False,0,False,True,100,True,20,False,https://disclosures-clerk.house.gov/public_disc/ptr-pdfs/2025/20033619.pdf,,,,Bloom Energy Corporation Class A Common Stock (BE) [ST],Bloom Energy Corporation Class A Common Stock (BE) [ST],P,11/18/2025,12/12/2025,"$1,001 - $15,000",Filing Status: New Subholding Of: 150 Main Street Trust > Bank of America,"Bloom Energy Corporation Class A Common Stock (BE) [ST] P 11/18/2025 12/12/2025 $1,001 - $15,000 Filing Status: New Subholding Of: 150 Main Street Trust > Bank of America",,,False,100,BE,accepted,house_ptr_structure+v8_1,False,False,False,11/18/2025,False
20033619,Hon. Gilbert Cisneros,Member,CA31,20033619.pdf,2025,25,,Boeing Company,Boeing Company,BA,BA,ST,S (partial),2025-11-12,2025-12-12,1001.0,15000.0,,"$1,001 - $15,000",valid_range,New,150 Main Street Trust > Bank of America,,,,4,4,table,False,False,,False,0,False,False,100,True,20,False,https://disclosures-clerk.house.gov/public_disc/ptr-pdfs/2025/20033619.pdf,,,,Boeing Company (BA) [ST] Filing Status: New Subholding Of: 150 Main Street Trust >,Boeing Company (BA) [ST],S (partial) Bank of America,11/12/2025,12/12/2025,"$1,001 - $15,000",,"Boeing Company (BA) [ST] S (partial) 11/12/2025 12/12/2025 $1,001 - $15,000 Filing Status: New Subholding Of: 150 Main Street Trust > Bank of America",,,False,100,BA,accepted,house_ptr_structure+v8_1,False,False,False,11/12/2025,False
20033619,Hon. Gilbert Cisneros,Member,CA31,20033619.pdf,2025,26,,Booking Holdings Inc. - Common Stock,Booking Holdings Inc. - Common Stock,BKNG,BKNG,ST,P,2025-11-18,2025-12-12,1001.0,15000.0,,"$1,001 - $15,000",valid_range,New,150 Main Street Trust > Bank of America,,,,4,4,table,False,False,,False,0,False,True,100,True,20,False,https://disclosures-clerk.house.gov/public_disc/ptr-pdfs/2025/20033619.pdf,,,,Booking Holdings Inc. - Common Stock (BKNG) [ST],Booking Holdings Inc. - Common Stock (BKNG) [ST],P,11/18/2025,12/12/2025,"$1,001 - $15,000",Filing Status: New Subholding Of: 150 Main Street Trust > Bank of America,"Booking Holdings Inc. - Common Stock (BKNG) [ST] P 11/18/2025 12/12/2025 $1,001 - $15,000 Filing Status: New Subholding Of: 150 Main Street Trust > Bank of America",,,False,100,BKNG,accepted,house_ptr_structure+v8_1,False,False,False,11/18/2025,False
20033619,Hon. Gilbert Cisneros,Member,CA31,20033619.pdf,2025,27,,Boston Scientific Corporation Common Stock,Boston Scientific Corporation Common Stock,BSX,BSX,ST,P,2025-11-18,2025-12-12,1001.0,15000.0,,"$1,001 - $15,000",valid_range,New,150 Main Street Trust > Bank of America,,,,4,4,table,False,False,,False,0,False,False,100,True,20,False,https://disclosures-clerk.house.gov/public_disc/ptr-pdfs/2025/20033619.pdf,,,,Boston Scientific Corporation Common Stock (BSX) [ST] Filing Status: New Subholding Of: 150 Main Street Trust >,Boston Scientific Corporation Common Stock (BSX) [ST],P Bank of America,11/18/2025,12/12/2025,"$1,001 - $15,000",,"Boston Scientific Corporation Common Stock (BSX) [ST] P 11/18/2025 12/12/2025 $1,001 - $15,000 Filing Status: New Subholding Of: 150 Main Street Trust > Bank of America",,,False,100,BSX,accepted,house_ptr_structure+v8_1,False,False,False,11/18/2025,False
20033619,Hon. Gilbert Cisneros,Member,CA31,20033619.pdf,2025,28,,Bristol-Myers Squibb Company Common Stock,Bristol-Myers Squibb Company Common Stock,BMY,BMY,ST,P,2025-11-12,2025-12-12,1001.0,15000.0,,"$1,001 - $15,000",valid_range,New,150 Main Street Trust > Bank of America,,,,4,4,table,False,False,,False,0,False,True,100,True,20,False,https://disclosures-clerk.house.gov/public_disc/ptr-pdfs/2025/20033619.pdf,,,,Bristol-Myers Squibb Company Common Stock (BMY) [ST],Bristol-Myers Squibb Company Common Stock (BMY) [ST],P,11/12/2025,12/12/2025,"$1,001 - $15,000",Filing Status: New Subholding Of: 150 Main Street Trust > Bank of America,"Bristol-Myers Squibb Company Common Stock (BMY) [ST] P 11/12/2025 12/12/2025 $1,001 - $15,000 Filing Status: New Subholding Of: 150 Main Street Trust > Bank of America",,,False,100,BMY,accepted,house_ptr_structure+v8_1,False,False,False,11/12/2025,False
20033619,Hon. Gilbert Cisneros,Member,CA31,20033619.pdf,2025,29,,Broadcom Inc. - Common Stock,Broadcom Inc. - Common Stock,AVGO,AVGO,ST,P,2025-11-18,2025-12-12,1001.0,15000.0,,"$1,001 - $15,000",valid_range,New,150 Main Street Trust > Bank of America,,,,4,4,table,False,False,,False,0,False,False,100,True,20,False,https://disclosures-clerk.house.gov/public_disc/ptr-pdfs/2025/20033619.pdf,,,,Broadcom Inc. - Common Stock (AVGO) [ST] Filing Status: New Subholding Of: 150 Main Street Trust >,Broadcom Inc. - Common Stock (AVGO) [ST],P Bank of America,11/18/2025,12/12/2025,"$1,001 - $15,000",,"Broadcom Inc. - Common Stock (AVGO) [ST] P 11/18/2025 12/12/2025 $1,001 - $15,000 Filing Status: New Subholding Of: 150 Main Street Trust > Bank of America",,,False,100,AVGO,accepted,house_ptr_structure+v8_1,False,False,False,11/18/2025,False
20033619,Hon. Gilbert Cisneros,Member,CA31,20033619.pdf,2025,30,,"Brown & Brown, Inc. Common Stock","Brown & Brown, Inc. Common Stock",BRO,BRO,ST,P,2025-11-18,2025-12-12,1001.0,15000.0,,"$1,001 - $15,000",valid_range,New,150 Main Street Trust > Bank of America,,,,4,4,table,False,False,,False,0,False,True,100,True,20,False,https://disclosures-clerk.house.gov/public_disc/ptr-pdfs/2025/20033619.pdf,,,,"Brown & Brown, Inc. Common Stock (BRO) [ST]","Brown & Brown, Inc. Common Stock (BRO) [ST]",P,11/18/2025,12/12/2025,"$1,001 - $15,000",Filing Status: New Subholding Of: 150 Main Street Trust > Bank of America,"Brown & Brown, Inc. Common Stock (BRO) [ST] P 11/18/2025 12/12/2025 $1,001 - $15,000 Filing Status: New Subholding Of: 150 Main Street Trust > Bank of America",,,False,100,BRO,accepted,house_ptr_structure+v8_1,False,False,False,11/18/2025,False
20033619,Hon. Gilbert Cisneros,Member,CA31,20033619.pdf,2025,31,,"BXP, Inc. Common Stock","BXP, Inc. Common Stock",BXP,BXP,ST,P,2025-11-18,2025-12-12,1001.0,15000.0,,"$1,001 - $15,000",valid_range,New,150 Main Street Trust > Bank of America,,,,4,4,table,False,False,,False,0,False,False,100,True,20,False,https://disclosures-clerk.house.gov/public_disc/ptr-pdfs/2025/20033619.pdf,,,,"BXP, Inc. Common Stock (BXP) [ST] Filing Status: New Subholding Of: 150 Main Street Trust >","BXP, Inc. Common Stock (BXP) [ST]",P Bank of America,11/18/2025,12/12/2025,"$1,001 - $15,000",,"BXP, Inc. Common Stock (BXP) [ST] P 11/18/2025 12/12/2025 $1,001 - $15,000 Filing Status: New Subholding Of: 150 Main Street Trust > Bank of America",,,False,100,BXP,accepted,house_ptr_structure+v8_1,False,False,False,11/18/2025,False
20033619,Hon. Gilbert Cisneros,Member,CA31,20033619.pdf,2025,32,,BYD Company Ltd H Shares,BYD Company Ltd H Shares,BYDDF,BYDDF,ST,S,2025-11-12,2025-12-12,1001.0,15000.0,,"$1,001 - $15,000",valid_range,New,150 Main Street Trust > Bank of America,,,,4,4,table,False,False,,False,0,False,True,100,True,20,False,https://disclosures-clerk.house.gov/public_disc/ptr-pdfs/2025/20033619.pdf,,,,BYD Company Ltd H Shares (BYDDF) [ST],BYD Company Ltd H Shares (BYDDF) [ST],S,11/12/2025,12/12/2025,"$1,001 - $15,000",Filing Status: New Subholding Of: 150 Main Street Trust > Bank of America,"BYD Company Ltd H Shares (BYDDF) [ST] S 11/12/2025 12/12/2025 $1,001 - $15,000 Filing Status: New Subholding Of: 150 Main Street Trust > Bank of America",,,False,100,BYDDF,accepted,house_ptr_structure+v8_1,False,False,False,11/12/2025,False
20033619,Hon. Gilbert Cisneros,Member,CA31,20033619.pdf,2025,33,,Cameco Corporation Common Stock,Cameco Corporation Common Stock,CCJ,CCJ,ST,P,2025-11-18,2025-12-12,1001.0,15000.0,,"$1,001 - $15,000",valid_range,New,150 Main Street Trust > Bank of America,,,,4,5,table,False,False,,True,0,False,False,98,True,20,False,https://disclosures-clerk.house.gov/public_disc/ptr-pdfs/2025/20033619.pdf,,,,Cameco Corporation Common Stock,Cameco Corporation Common Stock (CCJ) [ST],P,11/18/2025,12/12/2025,"$1,001 - $15,000",(CCJ) [ST] Filing Status: New Subholding Of: 150 Main Street Trust > Bank of America,"Cameco Corporation Common Stock P 11/18/2025 12/12/2025 $1,001 - $15,000 (CCJ) [ST] Filing Status: New Subholding Of: 150 Main Street Trust > Bank of America",,,False,98,CCJ,accepted,house_ptr_structure+v8_1,False,False,False,11/18/2025,False
20033619,Hon. Gilbert Cisneros,Member,CA31,20033619.pdf,2025,34,,Canadian Pacific Kansas City Limited Common Shares,Canadian Pacific Kansas City Limited Common Shares,CP,CP,ST,P,2025-11-12,2025-12-12,15001.0,50000.0,,"$15,001 - $50,000",valid_range,New,150 Main Street Trust > Bank of America,,,,5,5,table,False,False,,False,0,False,True,100,True,20,False,https://disclosures-clerk.house.gov/public_disc/ptr-pdfs/2025/20033619.pdf,,,,Canadian Pacific Kansas City Limited Common Shares (CP) [ST],Canadian Pacific Kansas City Limited Common Shares (CP) [ST],P,11/12/2025,12/12/2025,"$15,001 - $50,000",Filing Status: New Subholding Of: 150 Main Street Trust > Bank of America,"Canadian Pacific Kansas City Limited Common Shares (CP) [ST] P 11/12/2025 12/12/2025 $15,001 - $50,000 Filing Status: New Subholding Of: 150 Main Street Trust > Bank of America",,,False,100,CP,accepted,house_ptr_structure+v8_1,False,False,False,11/12/2025,False
20033619,Hon. Gilbert Cisneros,Member,CA31,20033619.pdf,2025,35,,Canadian Pacific Kansas City Limited Common Shares,Canadian Pacific Kansas City Limited Common Shares,CP,CP,ST,P,2025-11-17,2025-12-12,1001.0,15000.0,,"$1,001 - $15,000",valid_range,New,150 Main Street Trust > Bank of America,,,,5,5,table,False,False,,False,0,False,False,100,True,20,False,https://disclosures-clerk.house.gov/public_disc/ptr-pdfs/2025/20033619.pdf,,,,Canadian Pacific Kansas City Limited Common Shares (CP) [ST] Filing Status: New Subholding Of: 150 Main Street Trust >,Canadian Pacific Kansas City Limited Common Shares (CP) [ST],P Bank of America,11/17/2025,12/12/2025,"$1,001 - $15,000",,"Canadian Pacific Kansas City Limited Common Shares (CP) [ST] P 11/17/2025 12/12/2025 $1,001 - $15,000 Filing Status: New Subholding Of: 150 Main Street Trust > Bank of America",,,False,100,CP,accepted,house_ptr_structure+v8_1,False,False,False,11/17/2025,False
20033619,Hon. Gilbert Cisneros,Member,CA31,20033619.pdf,2025,36,,"Caterpillar, Inc. Common Stock","Caterpillar, Inc. Common Stock",CAT,CAT,ST,P,2025-11-18,2025-12-12,1001.0,15000.0,,"$1,001 - $15,000",valid_range,New,150 Main Street Trust > Bank of America,,,,5,5,table,False,False,,False,0,False,True,100,True,20,False,https://disclosures-clerk.house.gov/public_disc/ptr-pdfs/2025/20033619.pdf,,,,"Caterpillar, Inc. Common Stock (CAT) [ST]","Caterpillar, Inc. Common Stock (CAT) [ST]",P,11/18/2025,12/12/2025,"$1,001 - $15,000",Filing Status: New Subholding Of: 150 Main Street Trust > Bank of America,"Caterpillar, Inc. Common Stock (CAT) [ST] P 11/18/2025 12/12/2025 $1,001 - $15,000 Filing Status: New Subholding Of: 150 Main Street Trust > Bank of America",,,False,100,CAT,accepted,house_ptr_structure+v8_1,False,False,False,11/18/2025,False
20033619,Hon. Gilbert Cisneros,Member,CA31,20033619.pdf,2025,37,,"Cboe Global Markets, Inc.","Cboe Global Markets, Inc.",CBOE,CBOE,ST,P,2025-11-12,2025-12-12,1001.0,15000.0,,"$1,001 - $15,000",valid_range,New,150 Main Street Trust > Bank of America,,,,5,5,table,False,False,,False,0,False,False,100,True,20,False,https://disclosures-clerk.house.gov/public_disc/ptr-pdfs/2025/20033619.pdf,,,,"Cboe Global Markets, Inc. (CBOE) [ST] Filing Status: New Subholding Of: 150 Main Street Trust >","Cboe Global Markets, Inc. (CBOE) [ST]",P Bank of America,11/12/2025,12/12/2025,"$1,001 - $15,000",,"Cboe Global Markets, Inc. (CBOE) [ST] P 11/12/2025 12/12/2025 $1,001 - $15,000 Filing Status: New Subholding Of: 150 Main Street Trust > Bank of America",,,False,100,CBOE,accepted,house_ptr_structure+v8_1,False,False,False,11/12/2025,False
20033619,Hon. Gilbert Cisneros,Member,CA31,20033619.pdf,2025,38,,Chevron Corporation Common Stock,Chevron Corporation Common Stock,CVX,CVX,ST,P,2025-11-18,2025-12-12,1001.0,15000.0,,"$1,001 - $15,000",valid_range,New,150 Main Street Trust > Bank of America,,,,5,5,table,False,False,,False,0,False,True,100,True,20,False,https://disclosures-clerk.house.gov/public_disc/ptr-pdfs/2025/20033619.pdf,,,,Chevron Corporation Common Stock (CVX) [ST],Chevron Corporation Common Stock (CVX) [ST],P,11/18/2025,12/12/2025,"$1,001 - $15,000",Filing Status: New Subholding Of: 150 Main Street Trust > Bank of America,"Chevron Corporation Common Stock (CVX) [ST] P 11/18/2025 12/12/2025 $1,001 - $15,000 Filing Status: New Subholding Of: 150 Main Street Trust > Bank of America",,,False,100,CVX,accepted,house_ptr_structure+v8_1,False,False,False,11/18/2025,False
20033619,Hon. Gilbert Cisneros,Member,CA31,20033619.pdf,2025,39,,"Chipotle Mexican Grill, Inc. Common Stock","Chipotle Mexican Grill, Inc. Common Stock",CMG,CMG,ST,P,2025-11-18,2025-12-12,1001.0,15000.0,,"$1,001 - $15,000",valid_range,New,150 Main Street Trust > Bank of America,,,,5,5,table,False,False,,False,0,False,False,100,True,20,False,https://disclosures-clerk.house.gov/public_disc/ptr-pdfs/2025/20033619.pdf,,,,"Chipotle Mexican Grill, Inc. Common Stock (CMG) [ST] Filing Status: New Subholding Of: 150 Main Street Trust >","Chipotle Mexican Grill, Inc. Common Stock (CMG) [ST]",P Bank of America,11/18/2025,12/12/2025,"$1,001 - $15,000",,"Chipotle Mexican Grill, Inc. Common Stock (CMG) [ST] P 11/18/2025 12/12/2025 $1,001 - $15,000 Filing Status: New Subholding Of: 150 Main Street Trust > Bank of America",,,False,100,CMG,accepted,house_ptr_structure+v8_1,False,False,False,11/18/2025,False
20033619,Hon. Gilbert Cisneros,Member,CA31,20033619.pdf,2025,40,,Clorox Company,Clorox Company,CLX,CLX,ST,S,2025-11-12,2025-12-12,1001.0,15000.0,,"$1,001 - $15,000",valid_range,New,150 Main Street Trust > Bank of America,,,,5,5,table,False,False,,False,0,False,True,100,True,20,False,https://disclosures-clerk.house.gov/public_disc/ptr-pdfs/2025/20033619.pdf,,,,Clorox Company (CLX) [ST],Clorox Company (CLX) [ST],S,11/12/2025,12/12/2025,"$1,001 - $15,000",Filing Status: New Subholding Of: 150 Main Street Trust > Bank of America,"Clorox Company (CLX) [ST] S 11/12/2025 12/12/2025 $1,001 - $15,000 Filing Status: New Subholding Of: 150 Main Street Trust > Bank of America",,,False,100,CLX,accepted,house_ptr_structure+v8_1,False,False,False,11/12/2025,False
20033619,Hon. Gilbert Cisneros,Member,CA31,20033619.pdf,2025,41,,"Cloudflare, Inc. Class A Common Stock","Cloudflare, Inc. Class A Common Stock",NET,NET,ST,P,2025-11-18,2025-12-12,1001.0,15000.0,,"$1,001 - $15,000",valid_range,New,150 Main Street Trust > Bank of America,,,,5,5,table,False,False,,False,0,False,False,100,True,20,False,https://disclosures-clerk.house.gov/public_disc/ptr-pdfs/2025/20033619.pdf,,,,"Cloudflare, Inc. Class A Common Stock (NET) [ST] Filing Status: New Subholding Of: 150 Main Street Trust >","Cloudflare, Inc. Class A Common Stock (NET) [ST]",P Bank of America,11/18/2025,12/12/2025,"$1,001 - $15,000",,"Cloudflare, Inc. Class A Common Stock (NET) [ST] P 11/18/2025 12/12/2025 $1,001 - $15,000 Filing Status: New Subholding Of: 150 Main Street Trust > Bank of America",,,False,100,NET,accepted,house_ptr_structure+v8_1,False,False,False,11/18/2025,False
20033619,Hon. Gilbert Cisneros,Member,CA31,20033619.pdf,2025,42,,"Coinbase Global, Inc. - Class A Common Stock","Coinbase Global, Inc. - Class A Common Stock",COIN,COIN,ST,P,2025-11-18,2025-12-12,1001.0,15000.0,,"$1,001 - $15,000",valid_range,New,150 Main Street Trust > Bank of America,,,,5,6,table,False,False,,True,0,False,True,98,True,20,False,https://disclosures-clerk.house.gov/public_disc/ptr-pdfs/2025/20033619.pdf,,,,"Coinbase Global, Inc. - Class A Common Stock (COIN) [ST]","Coinbase Global, Inc. - Class A Common Stock (COIN) [ST] Type Date Gains > $200?",P,11/18/2025,12/12/2025,"$1,001 - $15,000",Type Date Gains > $200? Filing Status: New Subholding Of: 150 Main Street Trust > Bank of America,"Coinbase Global, Inc. - Class A Common Stock (COIN) [ST] P 11/18/2025 12/12/2025 $1,001 - $15,000 Type Date Gains > $200? Filing Status: New Subholding Of: 150 Main Street Trust > Bank of America",,,False,98,COIN,accepted,house_ptr_structure+v8_1,False,False,False,11/18/2025,False
20033619,Hon. Gilbert Cisneros,Member,CA31,20033619.pdf,2025,43,,Comcast Corporation - Class A Common Stock,Comcast Corporation - Class A Common Stock,CMCSA,CMCSA,ST,S (partial),2025-11-12,2025-12-12,1001.0,15000.0,,"$1,001 - $15,000",valid_range,New,150 Main Street Trust > Bank of America,,,,6,6,table,False,False,,False,0,False,False,100,True,20,False,https://disclosures-clerk.house.gov/public_disc/ptr-pdfs/2025/20033619.pdf,,,,Comcast Corporation - Class A Common Stock (CMCSA) [ST] Filing Status: New Subholding Of: 150 Main Street Trust >,Comcast Corporation - Class A Common Stock (CMCSA) [ST],S (partial) Bank of America,11/12/2025,12/12/2025,"$1,001 - $15,000",,"Comcast Corporation - Class A Common Stock (CMCSA) [ST] S (partial) 11/12/2025 12/12/2025 $1,001 - $15,000 Filing Status: New Subholding Of: 150 Main Street Trust > Bank of America",,,False,100,CMCSA,accepted,house_ptr_structure+v8_1,False,False,False,11/12/2025,False
20033619,Hon. Gilbert Cisneros,Member,CA31,20033619.pdf,2025,44,,Comcast Corporation - Class A Common Stock,Comcast Corporation - Class A Common Stock,CMCSA,CMCSA,ST,S (partial),2025-11-18,2025-12-12,1001.0,15000.0,,"$1,001 - $15,000",valid_range,New,150 Main Street Trust > Bank of America,,,,6,6,table,False,False,,False,0,False,True,100,True,20,False,https://disclosures-clerk.house.gov/public_disc/ptr-pdfs/2025/20033619.pdf,,,,Comcast Corporation - Class A Common Stock (CMCSA) [ST],Comcast Corporation - Class A Common Stock (CMCSA) [ST],S (partial),11/18/2025,12/12/2025,"$1,001 - $15,000",Filing Status: New Subholding Of: 150 Main Street Trust > Bank of America,"Comcast Corporation - Class A Common Stock (CMCSA) [ST] S (partial) 11/18/2025 12/12/2025 $1,001 - $15,000 Filing Status: New Subholding Of: 150 Main Street Trust > Bank of America",,,False,100,CMCSA,accepted,house_ptr_structure+v8_1,False,False,False,11/18/2025,False
20033619,Hon. Gilbert Cisneros,Member,CA31,20033619.pdf,2025,45,,"ConAgra Brands, Inc. Common Stock","ConAgra Brands, Inc. Common Stock",CAG,CAG,ST,P,2025-11-12,2025-12-12,1001.0,15000.0,,"$1,001 - $15,000",valid_range,New,150 Main Street Trust > Bank of America,,,,6,6,table,False,False,,False,0,False,False,100,True,20,False,https://disclosures-clerk.house.gov/public_disc/ptr-pdfs/2025/20033619.pdf,,,,"ConAgra Brands, Inc. Common Stock (CAG) [ST] Filing Status: New Subholding Of: 150 Main Street Trust >","ConAgra Brands, Inc. Common Stock (CAG) [ST]",P Bank of America,11/12/2025,12/12/2025,"$1,001 - $15,000",,"ConAgra Brands, Inc. Common Stock (CAG) [ST] P 11/12/2025 12/12/2025 $1,001 - $15,000 Filing Status: New Subholding Of: 150 Main Street Trust > Bank of America",,,False,100,CAG,accepted,house_ptr_structure+v8_1,False,False,False,11/12/2025,False
20033619,Hon. Gilbert Cisneros,Member,CA31,20033619.pdf,2025,46,,"Constellation Brands, Inc. Common Stock","Constellation Brands, Inc. Common Stock",STZ,STZ,ST,P,2025-11-18,2025-12-12,1001.0,15000.0,,"$1,001 - $15,000",valid_range,New,150 Main Street Trust > Bank of America,,,,6,6,table,False,False,,False,0,False,True,100,True,20,False,https://disclosures-clerk.house.gov/public_disc/ptr-pdfs/2025/20033619.pdf,,,,"Constellation Brands, Inc. Common Stock (STZ) [ST]","Constellation Brands, Inc. Common Stock (STZ) [ST]",P,11/18/2025,12/12/2025,"$1,001 - $15,000",Filing Status: New Subholding Of: 150 Main Street Trust > Bank of America,"Constellation Brands, Inc. Common Stock (STZ) [ST] P 11/18/2025 12/12/2025 $1,001 - $15,000 Filing Status: New Subholding Of: 150 Main Street Trust > Bank of America",,,False,100,STZ,accepted,house_ptr_structure+v8_1,False,False,False,11/18/2025,False
20033619,Hon. Gilbert Cisneros,Member,CA31,20033619.pdf,2025,47,,Coterra Energy Inc. Common Stock,Coterra Energy Inc. Common Stock,CTRA,CTRA,ST,P,2025-11-18,2025-12-12,1001.0,15000.0,,"$1,001 - $15,000",valid_range,New,150 Main Street Trust > Bank of America,,,,6,6,table,False,False,,False,0,False,False,100,True,20,False,https://disclosures-clerk.house.gov/public_disc/ptr-pdfs/2025/20033619.pdf,,,,Coterra Energy Inc. Common Stock (CTRA) [ST] Filing Status: New Subholding Of: 150 Main Street Trust >,Coterra Energy Inc. Common Stock (CTRA) [ST],P Bank of America,11/18/2025,12/12/2025,"$1,001 - $15,000",,"Coterra Energy Inc. Common Stock (CTRA) [ST] P 11/18/2025 12/12/2025 $1,001 - $15,000 Filing Status: New Subholding Of: 150 Main Street Trust > Bank of America",,,False,100,CTRA,accepted,house_ptr_structure+v8_1,False,False,False,11/18/2025,False
20033619,Hon. Gilbert Cisneros,Member,CA31,20033619.pdf,2025,48,,"CSW Industrials, Inc. Common Stock","CSW Industrials, Inc. Common Stock",CSW,CSW,ST,P,2025-11-06,2025-12-12,1001.0,15000.0,,"$1,001 - $15,000",valid_range,New,150 Main Street Trust > Bank of America,,,,6,6,table,False,False,,False,0,False,True,100,True,20,False,https://disclosures-clerk.house.gov/public_disc/ptr-pdfs/2025/20033619.pdf,,,,"CSW Industrials, Inc. Common Stock (CSW) [ST]","CSW Industrials, Inc. Common Stock (CSW) [ST]",P,11/06/2025,12/12/2025,"$1,001 - $15,000",Filing Status: New Subholding Of: 150 Main Street Trust > Bank of America,"CSW Industrials, Inc. Common Stock (CSW) [ST] P 11/06/2025 12/12/2025 $1,001 - $15,000 Filing Status: New Subholding Of: 150 Main Street Trust > Bank of America",,,False,100,CSW,accepted,house_ptr_structure+v8_1,False,False,False,11/06/2025,False
20033619,Hon. Gilbert Cisneros,Member,CA31,20033619.pdf,2025,49,,"CSW Industrials, Inc. Common Stock","CSW Industrials, Inc. Common Stock",CSW,CSW,ST,P,2025-11-18,2025-12-12,1001.0,15000.0,,"$1,001 - $15,000",valid_range,New,150 Main Street Trust > Bank of America,,,,6,6,table,False,False,,False,0,False,False,100,True,20,False,https://disclosures-clerk.house.gov/public_disc/ptr-pdfs/2025/20033619.pdf,,,,"CSW Industrials, Inc. Common Stock (CSW) [ST] Filing Status: New Subholding Of: 150 Main Street Trust >","CSW Industrials, Inc. Common Stock (CSW) [ST]",P Bank of America,11/18/2025,12/12/2025,"$1,001 - $15,000",,"CSW Industrials, Inc. Common Stock (CSW) [ST] P 11/18/2025 12/12/2025 $1,001 - $15,000 Filing Status: New Subholding Of: 150 Main Street Trust > Bank of America",,,False,100,CSW,accepted,house_ptr_structure+v8_1,False,False,False,11/18/2025,False
20033619,Hon. Gilbert Cisneros,Member,CA31,20033619.pdf,2025,50,,"D.R. Horton, Inc. Common Stock","D.R. Horton, Inc. Common Stock",DHI,DHI,ST,P,2025-11-18,2025-12-12,1001.0,15000.0,,"$1,001 - $15,000",valid_range,New,150 Main Street Trust > Bank of America,,,,6,6,table,False,False,,False,0,False,True,100,True,20,False,https://disclosures-clerk.house.gov/public_disc/ptr-pdfs/2025/20033619.pdf,,,,"D.R. Horton, Inc. Common Stock (DHI) [ST]","D.R. Horton, Inc. Common Stock (DHI) [ST]",P,11/18/2025,12/12/2025,"$1,001 - $15,000",Filing Status: New Subholding Of: 150 Main Street Trust > Bank of America,"D.R. Horton, Inc. Common Stock (DHI) [ST] P 11/18/2025 12/12/2025 $1,001 - $15,000 Filing Status: New Subholding Of: 150 Main Street Trust > Bank of America",,,False,100,DHI,accepted,house_ptr_structure+v8_1,False,False,False,11/18/2025,False
20033619,Hon. Gilbert Cisneros,Member,CA31,20033619.pdf,2025,51,,DBS GROUP HLDGS LTD ORD,DBS GROUP HLDGS LTD ORD,DBSDF,DBSDF,ST,P,2025-11-20,2025-12-12,1001.0,15000.0,,"$1,001 - $15,000",valid_range,New,150 Main Street Trust > Bank of America,,,,6,7,table,False,False,,True,0,False,False,98,True,20,False,https://disclosures-clerk.house.gov/public_disc/ptr-pdfs/2025/20033619.pdf,,,,DBS GROUP HLDGS LTD ORD (DBSDF) [ST],DBS GROUP HLDGS LTD ORD (DBSDF) [ST],P,11/20/2025,12/12/2025,"$1,001 - $15,000",Filing Status: New Subholding Of: 150 Main Street Trust > Bank of America,"DBS GROUP HLDGS LTD ORD (DBSDF) [ST] P 11/20/2025 12/12/2025 $1,001 - $15,000 Filing Status: New Subholding Of: 150 Main Street Trust > Bank of America",,,False,98,DBSDF,accepted,house_ptr_structure+v8_1,False,False,False,11/20/2025,False
20033619,Hon. Gilbert Cisneros,Member,CA31,20033619.pdf,2025,52,,Deckers Outdoor Corporation,Deckers Outdoor Corporation,DECK,DECK,ST,P,2025-11-18,2025-12-12,1001.0,15000.0,,"$1,001 - $15,000",valid_range,New,150 Main Street Trust > Bank of America,,,,7,7,table,False,False,,False,0,False,True,100,True,20,False,https://disclosures-clerk.house.gov/public_disc/ptr-pdfs/2025/20033619.pdf,,,,Deckers Outdoor Corporation (DECK) [ST],Deckers Outdoor Corporation (DECK) [ST],P,11/18/2025,12/12/2025,"$1,001 - $15,000",Filing Status: New Subholding Of: 150 Main Street Trust > Bank of America,"Deckers Outdoor Corporation (DECK) [ST] P 11/18/2025 12/12/2025 $1,001 - $15,000 Filing Status: New Subholding Of: 150 Main Street Trust > Bank of America",,,False,100,DECK,accepted,house_ptr_structure+v8_1,False,False,False,11/18/2025,False
20033619,Hon. Gilbert Cisneros,Member,CA31,20033619.pdf,2025,53,,"DoorDash, Inc. - Common Stock","DoorDash, Inc. - Common Stock",DASH,DASH,ST,P,2025-11-18,2025-12-12,1001.0,15000.0,,"$1,001 - $15,000",valid_range,New,150 Main Street Trust > Bank of America,,,,7,7,table,False,False,,False,0,False,False,100,True,20,False,https://disclosures-clerk.house.gov/public_disc/ptr-pdfs/2025/20033619.pdf,,,,"DoorDash, Inc. - Common Stock (DASH) [ST] Filing Status: New Subholding Of: 150 Main Street Trust >","DoorDash, Inc. - Common Stock (DASH) [ST]",P Bank of America,11/18/2025,12/12/2025,"$1,001 - $15,000",,"DoorDash, Inc. - Common Stock (DASH) [ST] P 11/18/2025 12/12/2025 $1,001 - $15,000 Filing Status: New Subholding Of: 150 Main Street Trust > Bank of America",,,False,100,DASH,accepted,house_ptr_structure+v8_1,False,False,False,11/18/2025,False
20033619,Hon. Gilbert Cisneros,Member,CA31,20033619.pdf,2025,54,,"DoorDash, Inc. - Common Stock","DoorDash, Inc. - Common Stock",DASH,DASH,ST,P,2025-11-17,2025-12-12,1001.0,15000.0,,"$1,001 - $15,000",valid_range,New,150 Main Street Trust > Bank of America,,,,7,7,table,False,False,,False,0,False,True,100,True,20,False,https://disclosures-clerk.house.gov/public_disc/ptr-pdfs/2025/20033619.pdf,,,,"DoorDash, Inc. - Common Stock (DASH) [ST]","DoorDash, Inc. - Common Stock (DASH) [ST]",P,11/17/2025,12/12/2025,"$1,001 - $15,000",Filing Status: New Subholding Of: 150 Main Street Trust > Bank of America,"DoorDash, Inc. - Common Stock (DASH) [ST] P 11/17/2025 12/12/2025 $1,001 - $15,000 Filing Status: New Subholding Of: 150 Main Street Trust > Bank of America",,,False,100,DASH,accepted,house_ptr_structure+v8_1,False,False,False,11/17/2025,False
20033619,Hon. Gilbert Cisneros,Member,CA31,20033619.pdf,2025,55,,Dow Inc. Common Stock,Dow Inc. Common Stock,DOW,DOW,ST,P,2025-11-18,2025-12-12,1001.0,15000.0,,"$1,001 - $15,000",valid_range,New,150 Main Street Trust > Bank of America,,,,7,7,table,False,False,,False,0,False,False,100,True,20,False,https://disclosures-clerk.house.gov/public_disc/ptr-pdfs/2025/20033619.pdf,,,,Dow Inc. Common Stock (DOW) [ST] Filing Status: New Subholding Of: 150 Main Street Trust >,Dow Inc. Common Stock (DOW) [ST],P Bank of America,11/18/2025,12/12/2025,"$1,001 - $15,000",,"Dow Inc. Common Stock (DOW) [ST] P 11/18/2025 12/12/2025 $1,001 - $15,000 Filing Status: New Subholding Of: 150 Main Street Trust > Bank of America",,,False,100,DOW,accepted,house_ptr_structure+v8_1,False,False,False,11/18/2025,False
20033619,Hon. Gilbert Cisneros,Member,CA31,20033619.pdf,2025,56,,"DuPont de Nemours, Inc. Common Stock","DuPont de Nemours, Inc. Common Stock",DD,DD,ST,S,2025-11-12,2025-12-12,1001.0,15000.0,,"$1,001 - $15,000",valid_range,New,150 Main Street Trust > Bank of America,,,,7,7,table,False,False,,False,0,False,True,100,True,20,False,https://disclosures-clerk.house.gov/public_disc/ptr-pdfs/2025/20033619.pdf,,,,"DuPont de Nemours, Inc. Common Stock (DD) [ST]","DuPont de Nemours, Inc. Common Stock (DD) [ST]",S,11/12/2025,12/12/2025,"$1,001 - $15,000",Filing Status: New Subholding Of: 150 Main Street Trust > Bank of America,"DuPont de Nemours, Inc. Common Stock (DD) [ST] S 11/12/2025 12/12/2025 $1,001 - $15,000 Filing Status: New Subholding Of: 150 Main Street Trust > Bank of America",,,False,100,DD,accepted,house_ptr_structure+v8_1,False,False,False,11/12/2025,False
20033619,Hon. Gilbert Cisneros,Member,CA31,20033619.pdf,2025,57,,"Eaton Corporation, PLC Ordinary Shares","Eaton Corporation, PLC Ordinary Shares",ETN,ETN,ST,P,2025-11-18,2025-12-12,1001.0,15000.0,,"$1,001 - $15,000",valid_range,New,150 Main Street Trust > Bank of America,,,,7,7,table,False,False,,False,0,False,False,100,True,20,False,https://disclosures-clerk.house.gov/public_disc/ptr-pdfs/2025/20033619.pdf,,,,"Eaton Corporation, PLC Ordinary Shares (ETN) [ST] Filing Status: New Subholding Of: 150 Main Street Trust >","Eaton Corporation, PLC Ordinary Shares (ETN) [ST]",P Bank of America,11/18/2025,12/12/2025,"$1,001 - $15,000",,"Eaton Corporation, PLC Ordinary Shares (ETN) [ST] P 11/18/2025 12/12/2025 $1,001 - $15,000 Filing Status: New Subholding Of: 150 Main Street Trust > Bank of America",,,False,100,ETN,accepted,house_ptr_structure+v8_1,False,False,False,11/18/2025,False
20033619,Hon. Gilbert Cisneros,Member,CA31,20033619.pdf,2025,58,,Eli Lilly and Company Common Stock,Eli Lilly and Company Common Stock,LLY,LLY,ST,P,2025-11-18,2025-12-12,1001.0,15000.0,,"$1,001 - $15,000",valid_range,New,150 Main Street Trust > Bank of America,,,,7,7,table,False,False,,False,0,False,True,100,True,20,False,https://disclosures-clerk.house.gov/public_disc/ptr-pdfs/2025/20033619.pdf,,,,Eli Lilly and Company Common Stock (LLY) [ST],Eli Lilly and Company Common Stock (LLY) [ST],P,11/18/2025,12/12/2025,"$1,001 - $15,000",Filing Status: New Subholding Of: 150 Main Street Trust > Bank of America,"Eli Lilly and Company Common Stock (LLY) [ST] P 11/18/2025 12/12/2025 $1,001 - $15,000 Filing Status: New Subholding Of: 150 Main Street Trust > Bank of America",,,False,100,LLY,accepted,house_ptr_structure+v8_1,False,False,False,11/18/2025,False
20033619,Hon. Gilbert Cisneros,Member,CA31,20033619.pdf,2025,59,,"Everest Group, Ltd. Common Stock","Everest Group, Ltd. Common Stock",EG,EG,ST,P,2025-11-18,2025-12-12,1001.0,15000.0,,"$1,001 - $15,000",valid_range,New,150 Main Street Trust > Bank of America,,,,7,7,table,False,False,,False,0,False,False,100,True,20,False,https://disclosures-clerk.house.gov/public_disc/ptr-pdfs/2025/20033619.pdf,,,,"Everest Group, Ltd. Common Stock (EG) [ST] Filing Status: New Subholding Of: 150 Main Street Trust >","Everest Group, Ltd. Common Stock (EG) [ST]",P Bank of America,11/18/2025,12/12/2025,"$1,001 - $15,000",,"Everest Group, Ltd. Common Stock (EG) [ST] P 11/18/2025 12/12/2025 $1,001 - $15,000 Filing Status: New Subholding Of: 150 Main Street Trust > Bank of America",,,False,100,EG,accepted,house_ptr_structure+v8_1,False,False,False,11/18/2025,False
20033619,Hon. Gilbert Cisneros,Member,CA31,20033619.pdf,2025,60,,Expand Energy Corporation - Common Stock,Expand Energy Corporation - Common Stock,EXE,EXE,ST,P,2025-11-18,2025-12-12,1001.0,15000.0,,"$1,001 - $15,000",valid_range,New,150 Main Street Trust > Bank of America,,,,7,8,table,False,False,,True,0,False,True,98,True,20,False,https://disclosures-clerk.house.gov/public_disc/ptr-pdfs/2025/20033619.pdf,,,,Expand Energy Corporation - Common Stock (EXE) [ST],Expand Energy Corporation - Common Stock (EXE) [ST],P,11/18/2025,12/12/2025,"$1,001 - $15,000",Filing Status: New Subholding Of: 150 Main Street Trust > Bank of America,"Expand Energy Corporation - Common Stock (EXE) [ST] P 11/18/2025 12/12/2025 $1,001 - $15,000 Filing Status: New Subholding Of: 150 Main Street Trust > Bank of America",,,False,98,EXE,accepted,house_ptr_structure+v8_1,False,False,False,11/18/2025,False
20033619,Hon. Gilbert Cisneros,Member,CA31,20033619.pdf,2025,61,,FactSet Research Systems Inc. Common Stock,FactSet Research Systems Inc. Common Stock,FDS,FDS,ST,P,2025-11-18,2025-12-12,1001.0,15000.0,,"$1,001 - $15,000",valid_range,New,150 Main Street Trust > Bank of America,,,,8,8,table,False,False,,False,0,False,False,100,True,20,False,https://disclosures-clerk.house.gov/public_disc/ptr-pdfs/2025/20033619.pdf,,,,FactSet Research Systems Inc. Common Stock (FDS) [ST] Filing Status: New Subholding Of: 150 Main Street Trust >,FactSet Research Systems Inc. Common Stock (FDS) [ST],P Bank of America,11/18/2025,12/12/2025,"$1,001 - $15,000",,"FactSet Research Systems Inc. Common Stock (FDS) [ST] P 11/18/2025 12/12/2025 $1,001 - $15,000 Filing Status: New Subholding Of: 150 Main Street Trust > Bank of America",,,False,100,FDS,accepted,house_ptr_structure+v8_1,False,False,False,11/18/2025,False
20033619,Hon. Gilbert Cisneros,Member,CA31,20033619.pdf,2025,62,,Ferrari N.V. Common Shares,Ferrari N.V. Common Shares,RACE,RACE,ST,P,2025-11-19,2025-12-12,1001.0,15000.0,,"$1,001 - $15,000",valid_range,New,150 Main Street Trust > Bank of America,,,,8,8,table,False,False,,False,0,False,True,100,True,20,False,https://disclosures-clerk.house.gov/public_disc/ptr-pdfs/2025/20033619.pdf,,,,Ferrari N.V. Common Shares (RACE) [ST],Ferrari N.V. Common Shares (RACE) [ST],P,11/19/2025,12/12/2025,"$1,001 - $15,000",Filing Status: New Subholding Of: 150 Main Street Trust > Bank of America,"Ferrari N.V. Common Shares (RACE) [ST] P 11/19/2025 12/12/2025 $1,001 - $15,000 Filing Status: New Subholding Of: 150 Main Street Trust > Bank of America",,,False,100,RACE,accepted,house_ptr_structure+v8_1,False,False,False,11/19/2025,False
20033619,Hon. Gilbert Cisneros,Member,CA31,20033619.pdf,2025,63,,"Fidelity National Information Services, Inc. Common Stock","Fidelity National Information Services, Inc. Common Stock",FIS,FIS,ST,P,2025-11-18,2025-12-12,1001.0,15000.0,,"$1,001 - $15,000",valid_range,New,150 Main Street Trust > Bank of America,,,,8,8,table,False,False,,False,0,False,False,100,True,20,False,https://disclosures-clerk.house.gov/public_disc/ptr-pdfs/2025/20033619.pdf,,,,"Fidelity National Information Services, Inc. Common Stock (FIS) [ST] Filing Status: New Subholding Of: 150 Main Street Trust >","Fidelity National Information Services, Inc. Common Stock (FIS) [ST]",P Bank of America,11/18/2025,12/12/2025,"$1,001 - $15,000",,"Fidelity National Information Services, Inc. Common Stock (FIS) [ST] P 11/18/2025 12/12/2025 $1,001 - $15,000 Filing Status: New Subholding Of: 150 Main Street Trust > Bank of America",,,False,100,FIS,accepted,house_ptr_structure+v8_1,False,False,False,11/18/2025,False
20033619,Hon. Gilbert Cisneros,Member,CA31,20033619.pdf,2025,64,,"First Watch Restaurant Group, Inc. - Common Stock","First Watch Restaurant Group, Inc. - Common Stock",FWRG,FWRG,ST,P,2025-11-26,2025-12-12,1001.0,15000.0,,"$1,001 - $15,000",valid_range,New,150 Main Street Trust > Bank of America,,,,8,8,table,False,False,,False,0,False,True,100,True,20,False,https://disclosures-clerk.house.gov/public_disc/ptr-pdfs/2025/20033619.pdf,,,,"First Watch Restaurant Group, Inc. - Common Stock (FWRG) [ST]","First Watch Restaurant Group, Inc. - Common Stock (FWRG) [ST]",P,11/26/2025,12/12/2025,"$1,001 - $15,000",Filing Status: New Subholding Of: 150 Main Street Trust > Bank of America,"First Watch Restaurant Group, Inc. - Common Stock (FWRG) [ST] P 11/26/2025 12/12/2025 $1,001 - $15,000 Filing Status: New Subholding Of: 150 Main Street Trust > Bank of America",,,False,100,FWRG,accepted,house_ptr_structure+v8_1,False,False,False,11/26/2025,False
20033619,Hon. Gilbert Cisneros,Member,CA31,20033619.pdf,2025,65,,"Fiserv, Inc. - Common Stock","Fiserv, Inc. - Common Stock",FISV,FISV,ST,P,2025-11-18,2025-12-12,1001.0,15000.0,,"$1,001 - $15,000",valid_range,New,150 Main Street Trust > Bank of America,,,,8,8,table,False,False,,False,0,False,False,100,True,20,False,https://disclosures-clerk.house.gov/public_disc/ptr-pdfs/2025/20033619.pdf,,,,"Fiserv, Inc. - Common Stock (FISV) [ST] Filing Status: New Subholding Of: 150 Main Street Trust >","Fiserv, Inc. - Common Stock (FISV) [ST]",P Bank of America,11/18/2025,12/12/2025,"$1,001 - $15,000",,"Fiserv, Inc. - Common Stock (FISV) [ST] P 11/18/2025 12/12/2025 $1,001 - $15,000 Filing Status: New Subholding Of: 150 Main Street Trust > Bank of America",,,False,100,FISV,accepted,house_ptr_structure+v8_1,False,False,False,11/18/2025,False
20033619,Hon. Gilbert Cisneros,Member,CA31,20033619.pdf,2025,66,,"Fiserv, Inc. - Common Stock","Fiserv, Inc. - Common Stock",FISV,FISV,ST,P,2025-11-12,2025-12-12,1001.0,15000.0,,"$1,001 - $15,000",valid_range,New,150 Main Street Trust > Bank of America,,,,8,8,table,False,False,,False,0,False,True,100,True,20,False,https://disclosures-clerk.house.gov/public_disc/ptr-pdfs/2025/20033619.pdf,,,,"Fiserv, Inc. - Common Stock (FISV) [ST]","Fiserv, Inc. - Common Stock (FISV) [ST]",P,11/12/2025,12/12/2025,"$1,001 - $15,000",Filing Status: New Subholding Of: 150 Main Street Trust > Bank of America,"Fiserv, Inc. - Common Stock (FISV) [ST] P 11/12/2025 12/12/2025 $1,001 - $15,000 Filing Status: New Subholding Of: 150 Main Street Trust > Bank of America",,,False,100,FISV,accepted,house_ptr_structure+v8_1,False,False,False,11/12/2025,False
20033619,Hon. Gilbert Cisneros,Member,CA31,20033619.pdf,2025,67,,"Freeport-McMoRan, Inc. Common Stock","Freeport-McMoRan, Inc. Common Stock",FCX,FCX,ST,P,2025-11-18,2025-12-12,1001.0,15000.0,,"$1,001 - $15,000",valid_range,New,150 Main Street Trust > Bank of America,,,,8,8,table,False,False,,False,0,False,False,100,True,20,False,https://disclosures-clerk.house.gov/public_disc/ptr-pdfs/2025/20033619.pdf,,,,"Freeport-McMoRan, Inc. Common Stock (FCX) [ST] Filing Status: New Subholding Of: 150 Main Street Trust >","Freeport-McMoRan, Inc. Common Stock (FCX) [ST]",P Bank of America,11/18/2025,12/12/2025,"$1,001 - $15,000",,"Freeport-McMoRan, Inc. Common Stock (FCX) [ST] P 11/18/2025 12/12/2025 $1,001 - $15,000 Filing Status: New Subholding Of: 150 Main Street Trust > Bank of America",,,False,100,FCX,accepted,house_ptr_structure+v8_1,False,False,False,11/18/2025,False
20033619,Hon. Gilbert Cisneros,Member,CA31,20033619.pdf,2025,68,,GE Vernova Inc. Common Stock,GE Vernova Inc. Common Stock,GEV,GEV,ST,P,2025-11-18,2025-12-12,1001.0,15000.0,,"$1,001 - $15,000",valid_range,New,150 Main Street Trust > Bank of America,,,,8,8,table,False,False,,False,0,False,True,100,True,20,False,https://disclosures-clerk.house.gov/public_disc/ptr-pdfs/2025/20033619.pdf,,,,GE Vernova Inc. Common Stock (GEV) [ST],GE Vernova Inc. Common Stock (GEV) [ST],P,11/18/2025,12/12/2025,"$1,001 - $15,000",Filing Status: New Subholding Of: 150 Main Street Trust > Bank of America,"GE Vernova Inc. Common Stock (GEV) [ST] P 11/18/2025 12/12/2025 $1,001 - $15,000 Filing Status: New Subholding Of: 150 Main Street Trust > Bank of America",,,False,100,GEV,accepted,house_ptr_structure+v8_1,False,False,False,11/18/2025,False
20033619,Hon. Gilbert Cisneros,Member,CA31,20033619.pdf,2025,69,,Global Payments Inc. Common Stock,Global Payments Inc. Common Stock,GPN,GPN,ST,P,2025-11-18,2025-12-12,1001.0,15000.0,,"$1,001 - $15,000",valid_range,New,150 Main Street Trust > Bank of America,,,,8,9,table,False,False,,True,0,False,False,98,True,20,False,https://disclosures-clerk.house.gov/public_disc/ptr-pdfs/2025/20033619.pdf,,,,Global Payments Inc. Common Stock (GPN) [ST],Global Payments Inc. Common Stock (GPN) [ST],P,11/18/2025,12/12/2025,"$1,001 - $15,000",Filing Status: New Subholding Of: 150 Main Street Trust > Bank of America,"Global Payments Inc. Common Stock (GPN) [ST] P 11/18/2025 12/12/2025 $1,001 - $15,000 Filing Status: New Subholding Of: 150 Main Street Trust > Bank of America",,,False,98,GPN,accepted,house_ptr_structure+v8_1,False,False,False,11/18/2025,False
20033619,Hon. Gilbert Cisneros,Member,CA31,20033619.pdf,2025,70,,Halliburton Company Common Stock,Halliburton Company Common Stock,HAL,HAL,ST,P,2025-11-12,2025-12-12,1001.0,15000.0,,"$1,001 - $15,000",valid_range,New,150 Main Street Trust > Bank of America,,,,9,9,table,False,False,,False,0,False,True,100,True,20,False,https://disclosures-clerk.house.gov/public_disc/ptr-pdfs/2025/20033619.pdf,,,,Halliburton Company Common Stock (HAL) [ST],Halliburton Company Common Stock (HAL) [ST],P,11/12/2025,12/12/2025,"$1,001 - $15,000",Filing Status: New Subholding Of: 150 Main Street Trust > Bank of America,"Halliburton Company Common Stock (HAL) [ST] P 11/12/2025 12/12/2025 $1,001 - $15,000 Filing Status: New Subholding Of: 150 Main Street Trust > Bank of America",,,False,100,HAL,accepted,house_ptr_structure+v8_1,False,False,False,11/12/2025,False
20033619,Hon. Gilbert Cisneros,Member,CA31,20033619.pdf,2025,71,,HERMES INTL SA,HERMES INTL SA,HESAF,HESAF,ST,P,2025-11-19,2025-12-12,1001.0,15000.0,,"$1,001 - $15,000",valid_range,New,150 Main Street Trust > Bank of America,,Ticker RMS FP,,9,9,table,False,False,,False,0,False,False,100,True,30,False,https://disclosures-clerk.house.gov/public_disc/ptr-pdfs/2025/20033619.pdf,,,,HERMES INTL SA (HESAF) [ST] Filing Status: New Subholding Of: 150 Main Street Trust > Description: Ticker RMS FP,HERMES INTL SA (HESAF) [ST],P Bank of America,11/19/2025,12/12/2025,"$1,001 - $15,000",,"HERMES INTL SA (HESAF) [ST] P 11/19/2025 12/12/2025 $1,001 - $15,000 Filing Status: New Subholding Of: 150 Main Street Trust > Bank of America Description: Ticker RMS FP",,,False,100,HESAF,accepted,house_ptr_structure+v8_1,False,False,False,11/19/2025,False
20033619,Hon. Gilbert Cisneros,Member,CA31,20033619.pdf,2025,72,,"Home Depot, Inc.","Home Depot, Inc.",HD,HD,ST,P,2025-11-18,2025-12-12,1001.0,15000.0,,"$1,001 - $15,000",valid_range,New,150 Main Street Trust > Bank of America,,,,9,9,table,False,False,,False,0,False,True,100,True,20,False,https://disclosures-clerk.house.gov/public_disc/ptr-pdfs/2025/20033619.pdf,,,,"Home Depot, Inc. (HD) [ST]","Home Depot, Inc. (HD) [ST]",P,11/18/2025,12/12/2025,"$1,001 - $15,000",Filing Status: New Subholding Of: 150 Main Street Trust > Bank of America,"Home Depot, Inc. (HD) [ST] P 11/18/2025 12/12/2025 $1,001 - $15,000 Filing Status: New Subholding Of: 150 Main Street Trust > Bank of America",,,False,100,HD,accepted,house_ptr_structure+v8_1,False,False,False,11/18/2025,False
20033619,Hon. Gilbert Cisneros,Member,CA31,20033619.pdf,2025,73,,Honeywell International Inc.,Honeywell International Inc.,HON,HON,ST,P,2025-11-18,2025-12-12,1001.0,15000.0,,"$1,001 - $15,000",valid_range,New,150 Main Street Trust > Bank of America,,,,9,9,table,False,False,,False,0,False,False,100,True,20,False,https://disclosures-clerk.house.gov/public_disc/ptr-pdfs/2025/20033619.pdf,,,,Honeywell International Inc. (HON) [ST] Filing Status: New Subholding Of: 150 Main Street Trust >,Honeywell International Inc. (HON) [ST],P Bank of America,11/18/2025,12/12/2025,"$1,001 - $15,000",,"Honeywell International Inc. (HON) [ST] P 11/18/2025 12/12/2025 $1,001 - $15,000 Filing Status: New Subholding Of: 150 Main Street Trust > Bank of America",,,False,100,HON,accepted,house_ptr_structure+v8_1,False,False,False,11/18/2025,False
20033619,Hon. Gilbert Cisneros,Member,CA31,20033619.pdf,2025,74,,Humana Inc. Common Stock,Humana Inc. Common Stock,HUM,HUM,ST,S,2025-11-12,2025-12-12,1001.0,15000.0,,"$1,001 - $15,000",valid_range,New,150 Main Street Trust > Bank of America,,,,9,9,table,False,False,,False,0,False,True,100,True,20,False,https://disclosures-clerk.house.gov/public_disc/ptr-pdfs/2025/20033619.pdf,,,,Humana Inc. Common Stock (HUM) [ST],Humana Inc. Common Stock (HUM) [ST],S,11/12/2025,12/12/2025,"$1,001 - $15,000",Filing Status: New Subholding Of: 150 Main Street Trust > Bank of America,"Humana Inc. Common Stock (HUM) [ST] S 11/12/2025 12/12/2025 $1,001 - $15,000 Filing Status: New Subholding Of: 150 Main Street Trust > Bank of America",,,False,100,HUM,accepted,house_ptr_structure+v8_1,False,False,False,11/12/2025,False
20033619,Hon. Gilbert Cisneros,Member,CA31,20033619.pdf,2025,75,,Iberdrola SA Bilbao Ordinary Shares,Iberdrola SA Bilbao Ordinary Shares,IBDSF,IBDSF,ST,P,2025-11-19,2025-12-12,1001.0,15000.0,,"$1,001 - $15,000",valid_range,New,150 Main Street Trust > Bank of America,,Ticker IBESM,,9,9,table,False,False,,False,0,False,False,100,True,30,False,https://disclosures-clerk.house.gov/public_disc/ptr-pdfs/2025/20033619.pdf,,,,Iberdrola SA Bilbao Ordinary Shares (IBDSF) [ST] Filing Status: New Subholding Of: 150 Main Street Trust > Description: Ticker IBESM,Iberdrola SA Bilbao Ordinary Shares (IBDSF) [ST],P Bank of America,11/19/2025,12/12/2025,"$1,001 - $15,000",,"Iberdrola SA Bilbao Ordinary Shares (IBDSF) [ST] P 11/19/2025 12/12/2025 $1,001 - $15,000 Filing Status: New Subholding Of: 150 Main Street Trust > Bank of America Description: Ticker IBESM",,,False,100,IBDSF,accepted,house_ptr_structure+v8_1,False,False,False,11/19/2025,False
20033619,Hon. Gilbert Cisneros,Member,CA31,20033619.pdf,2025,76,,"Intapp, Inc. - Common Stock","Intapp, Inc. - Common Stock",INTA,INTA,ST,S (partial),2025-11-13,2025-12-12,1001.0,15000.0,,"$1,001 - $15,000",valid_range,New,150 Main Street Trust > Bank of America,,,,9,9,table,False,False,,False,0,False,True,100,True,20,False,https://disclosures-clerk.house.gov/public_disc/ptr-pdfs/2025/20033619.pdf,,,,"Intapp, Inc. - Common Stock (INTA) [ST]","Intapp, Inc. - Common Stock (INTA) [ST]",S (partial),11/13/2025,12/12/2025,"$1,001 - $15,000",Filing Status: New Subholding Of: 150 Main Street Trust > Bank of America,"Intapp, Inc. - Common Stock (INTA) [ST] S (partial) 11/13/2025 12/12/2025 $1,001 - $15,000 Filing Status: New Subholding Of: 150 Main Street Trust > Bank of America",,,False,100,INTA,accepted,house_ptr_structure+v8_1,False,False,False,11/13/2025,False
20033619,Hon. Gilbert Cisneros,Member,CA31,20033619.pdf,2025,77,,Intel Corporation - Common Stock,Intel Corporation - Common Stock,INTC,INTC,ST,P,2025-11-18,2025-12-12,1001.0,15000.0,,"$1,001 - $15,000",valid_range,New,150 Main Street Trust > Bank of America,,,,9,9,table,False,False,,False,0,False,False,100,True,20,False,https://disclosures-clerk.house.gov/public_disc/ptr-pdfs/2025/20033619.pdf,,,,Intel Corporation - Common Stock (INTC) [ST] Filing Status: New Subholding Of: 150 Main Street Trust >,Intel Corporation - Common Stock (INTC) [ST],P Bank of America,11/18/2025,12/12/2025,"$1,001 - $15,000",,"Intel Corporation - Common Stock (INTC) [ST] P 11/18/2025 12/12/2025 $1,001 - $15,000 Filing Status: New Subholding Of: 150 Main Street Trust > Bank of America",,,False,100,INTC,accepted,house_ptr_structure+v8_1,False,False,False,11/18/2025,False
20033619,Hon. Gilbert Cisneros,Member,CA31,20033619.pdf,2025,78,,International Business Machines,International Business Machines,IBM,IBM,ST,P,2025-11-18,2025-12-12,1001.0,15000.0,,"$1,001 - $15,000",valid_range,New,150 Main Street Trust > Bank of America,,,,9,10,table,False,False,,True,0,False,True,98,True,20,False,https://disclosures-clerk.house.gov/public_disc/ptr-pdfs/2025/20033619.pdf,,,,International Business Machines,International Business Machines yp $200? Corporation Common Stock (IBM) [ST],P,11/18/2025,12/12/2025,"$1,001 - $15,000",yp $200? Corporation Common Stock (IBM) [ST] Filing Status: New Subholding Of: 150 Main Street Trust > Bank of America,"International Business Machines P 11/18/2025 12/12/2025 $1,001 - $15,000 yp $200? Corporation Common Stock (IBM) [ST] Filing Status: New Subholding Of: 150 Main Street Trust > Bank of America",,,False,98,IBM,accepted,house_ptr_structure+v8_1,False,False,False,11/18/2025,False
20033619,Hon. Gilbert Cisneros,Member,CA31,20033619.pdf,2025,79,,International Business Machines Corporation Common Stock,International Business Machines Corporation Common Stock,IBM,IBM,ST,P,2025-11-12,2025-12-12,1001.0,15000.0,,"$1,001 - $15,000",valid_range,New,150 Main Street Trust > Bank of America,,,,10,10,table,False,False,,False,0,False,False,100,True,20,False,https://disclosures-clerk.house.gov/public_disc/ptr-pdfs/2025/20033619.pdf,,,,International Business Machines Corporation Common Stock (IBM) [ST] Filing Status: New Subholding Of: 150 Main Street Trust >,International Business Machines Corporation Common Stock (IBM) [ST],P Bank of America,11/12/2025,12/12/2025,"$1,001 - $15,000",,"International Business Machines Corporation Common Stock (IBM) [ST] P 11/12/2025 12/12/2025 $1,001 - $15,000 Filing Status: New Subholding Of: 150 Main Street Trust > Bank of America",,,False,100,IBM,accepted,house_ptr_structure+v8_1,False,False,False,11/12/2025,False
20033619,Hon. Gilbert Cisneros,Member,CA31,20033619.pdf,2025,80,,"International Flavors & Fragrances, Inc. Common Stock","International Flavors & Fragrances, Inc. Common Stock",IFF,IFF,ST,P,2025-11-18,2025-12-12,1001.0,15000.0,,"$1,001 - $15,000",valid_range,New,150 Main Street Trust > Bank of America,,,,10,10,table,False,False,,False,0,False,True,100,True,20,False,https://disclosures-clerk.house.gov/public_disc/ptr-pdfs/2025/20033619.pdf,,,,"International Flavors & Fragrances, Inc. Common Stock (IFF) [ST]","International Flavors & Fragrances, Inc. Common Stock (IFF) [ST]",P,11/18/2025,12/12/2025,"$1,001 - $15,000",Filing Status: New Subholding Of: 150 Main Street Trust > Bank of America,"International Flavors & Fragrances, Inc. Common Stock (IFF) [ST] P 11/18/2025 12/12/2025 $1,001 - $15,000 Filing Status: New Subholding Of: 150 Main Street Trust > Bank of America",,,False,100,IFF,accepted,house_ptr_structure+v8_1,False,False,False,11/18/2025,False
20033619,Hon. Gilbert Cisneros,Member,CA31,20033619.pdf,2025,81,,International Paper Company Common Stock,International Paper Company Common Stock,IP,IP,ST,P,2025-11-18,2025-12-12,1001.0,15000.0,,"$1,001 - $15,000",valid_range,New,150 Main Street Trust > Bank of America,,,,10,10,table,False,False,,False,0,False,False,100,True,20,False,https://disclosures-clerk.house.gov/public_disc/ptr-pdfs/2025/20033619.pdf,,,,International Paper Company Common Stock (IP) [ST] Filing Status: New Subholding Of: 150 Main Street Trust >,International Paper Company Common Stock (IP) [ST],P Bank of America,11/18/2025,12/12/2025,"$1,001 - $15,000",,"International Paper Company Common Stock (IP) [ST] P 11/18/2025 12/12/2025 $1,001 - $15,000 Filing Status: New Subholding Of: 150 Main Street Trust > Bank of America",,,False,100,IP,accepted,house_ptr_structure+v8_1,False,False,False,11/18/2025,False
20033619,Hon. Gilbert Cisneros,Member,CA31,20033619.pdf,2025,82,,"Intuitive Surgical, Inc. - Common Stock","Intuitive Surgical, Inc. - Common Stock",ISRG,ISRG,ST,P,2025-11-18,2025-12-12,1001.0,15000.0,,"$1,001 - $15,000",valid_range,New,150 Main Street Trust > Bank of America,,,,10,10,table,False,False,,False,0,False,True,100,True,20,False,https://disclosures-clerk.house.gov/public_disc/ptr-pdfs/2025/20033619.pdf,,,,"Intuitive Surgical, Inc. - Common Stock (ISRG) [ST]","Intuitive Surgical, Inc. - Common Stock (ISRG) [ST]",P,11/18/2025,12/12/2025,"$1,001 - $15,000",Filing Status: New Subholding Of: 150 Main Street Trust > Bank of America,"Intuitive Surgical, Inc. - Common Stock (ISRG) [ST] P 11/18/2025 12/12/2025 $1,001 - $15,000 Filing Status: New Subholding Of: 150 Main Street Trust > Bank of America",,,False,100,ISRG,accepted,house_ptr_structure+v8_1,False,False,False,11/18/2025,False
20033619,Hon. Gilbert Cisneros,Member,CA31,20033619.pdf,2025,83,,ITT Inc. Common Stock,ITT Inc. Common Stock,ITT,ITT,ST,S (partial),2025-11-06,2025-12-12,1001.0,15000.0,,"$1,001 - $15,000",valid_range,New,150 Main Street Trust > Bank of America,,,,10,10,table,False,False,,False,0,False,False,100,True,20,False,https://disclosures-clerk.house.gov/public_disc/ptr-pdfs/2025/20033619.pdf,,,,ITT Inc. Common Stock (ITT) [ST] Filing Status: New Subholding Of: 150 Main Street Trust >,ITT Inc. Common Stock (ITT) [ST],S (partial) Bank of America,11/06/2025,12/12/2025,"$1,001 - $15,000",,"ITT Inc. Common Stock (ITT) [ST] S (partial) 11/06/2025 12/12/2025 $1,001 - $15,000 Filing Status: New Subholding Of: 150 Main Street Trust > Bank of America",,,False,100,ITT,accepted,house_ptr_structure+v8_1,False,False,False,11/06/2025,False
20033619,Hon. Gilbert Cisneros,Member,CA31,20033619.pdf,2025,84,,"Jack Henry & Associates, Inc. - Common Stock","Jack Henry & Associates, Inc. - Common Stock",JKHY,JKHY,ST,P,2025-11-18,2025-12-12,1001.0,15000.0,,"$1,001 - $15,000",valid_range,New,150 Main Street Trust > Bank of America,,,,10,10,table,False,False,,False,0,False,True,100,True,20,False,https://disclosures-clerk.house.gov/public_disc/ptr-pdfs/2025/20033619.pdf,,,,"Jack Henry & Associates, Inc. - Common Stock (JKHY) [ST]","Jack Henry & Associates, Inc. - Common Stock (JKHY) [ST]",P,11/18/2025,12/12/2025,"$1,001 - $15,000",Filing Status: New Subholding Of: 150 Main Street Trust > Bank of America,"Jack Henry & Associates, Inc. - Common Stock (JKHY) [ST] P 11/18/2025 12/12/2025 $1,001 - $15,000 Filing Status: New Subholding Of: 150 Main Street Trust > Bank of America",,,False,100,JKHY,accepted,house_ptr_structure+v8_1,False,False,False,11/18/2025,False
20033619,Hon. Gilbert Cisneros,Member,CA31,20033619.pdf,2025,85,,"Jack Henry & Associates, Inc. - Common Stock","Jack Henry & Associates, Inc. - Common Stock",JKHY,JKHY,ST,P,2025-11-12,2025-12-12,1001.0,15000.0,,"$1,001 - $15,000",valid_range,New,150 Main Street Trust > Bank of America,,,,10,10,table,False,False,,False,0,False,False,100,True,20,False,https://disclosures-clerk.house.gov/public_disc/ptr-pdfs/2025/20033619.pdf,,,,"Jack Henry & Associates, Inc. - Common Stock (JKHY) [ST] Filing Status: New Subholding Of: 150 Main Street Trust >","Jack Henry & Associates, Inc. - Common Stock (JKHY) [ST]",P Bank of America,11/12/2025,12/12/2025,"$1,001 - $15,000",,"Jack Henry & Associates, Inc. - Common Stock (JKHY) [ST] P 11/12/2025 12/12/2025 $1,001 - $15,000 Filing Status: New Subholding Of: 150 Main Street Trust > Bank of America",,,False,100,JKHY,accepted,house_ptr_structure+v8_1,False,False,False,11/12/2025,False
20033619,Hon. Gilbert Cisneros,Member,CA31,20033619.pdf,2025,86,,JP Morgan Chase & Co. Common Stock,JP Morgan Chase & Co. Common Stock,JPM,JPM,ST,P,2025-11-18,2025-12-12,1001.0,15000.0,,"$1,001 - $15,000",valid_range,New,150 Main Street Trust > Bank of America,,,,10,10,table,False,False,,False,0,False,True,100,True,20,False,https://disclosures-clerk.house.gov/public_disc/ptr-pdfs/2025/20033619.pdf,,,,JP Morgan Chase & Co. Common Stock (JPM) [ST],JP Morgan Chase & Co. Common Stock (JPM) [ST],P,11/18/2025,12/12/2025,"$1,001 - $15,000",Filing Status: New Subholding Of: 150 Main Street Trust > Bank of America,"JP Morgan Chase & Co. Common Stock (JPM) [ST] P 11/18/2025 12/12/2025 $1,001 - $15,000 Filing Status: New Subholding Of: 150 Main Street Trust > Bank of America",,,False,100,JPM,accepted,house_ptr_structure+v8_1,False,False,False,11/18/2025,False
20033619,Hon. Gilbert Cisneros,Member,CA31,20033619.pdf,2025,87,,Kenvue Inc. Common Stock,Kenvue Inc. Common Stock,KVUE,KVUE,ST,P,2025-11-12,2025-12-12,1001.0,15000.0,,"$1,001 - $15,000",valid_range,New,150 Main Street Trust > Bank of America,,,,11,11,table,False,False,,False,0,False,False,100,True,20,False,https://disclosures-clerk.house.gov/public_disc/ptr-pdfs/2025/20033619.pdf,,,,Kenvue Inc. Common Stock (KVUE) [ST] Filing Status: New Subholding Of: 150 Main Street Trust >,Kenvue Inc. Common Stock (KVUE) [ST],P Bank of America,11/12/2025,12/12/2025,"$1,001 - $15,000",,"Kenvue Inc. Common Stock (KVUE) [ST] P 11/12/2025 12/12/2025 $1,001 - $15,000 Filing Status: New Subholding Of: 150 Main Street Trust > Bank of America",,,False,100,KVUE,accepted,house_ptr_structure+v8_1,False,False,False,11/12/2025,False
20033619,Hon. Gilbert Cisneros,Member,CA31,20033619.pdf,2025,88,,Kimberly-Clark Corporation Common Stock,Kimberly-Clark Corporation Common Stock,KMB,KMB,ST,S,2025-11-12,2025-12-12,1001.0,15000.0,,"$1,001 - $15,000",valid_range,New,150 Main Street Trust > Bank of America,,,,11,11,table,False,False,,False,0,False,True,100,True,20,False,https://disclosures-clerk.house.gov/public_disc/ptr-pdfs/2025/20033619.pdf,,,,Kimberly-Clark Corporation Common Stock (KMB) [ST],Kimberly-Clark Corporation Common Stock (KMB) [ST],S,11/12/2025,12/12/2025,"$1,001 - $15,000",Filing Status: New Subholding Of: 150 Main Street Trust > Bank of America,"Kimberly-Clark Corporation Common Stock (KMB) [ST] S 11/12/2025 12/12/2025 $1,001 - $15,000 Filing Status: New Subholding Of: 150 Main Street Trust > Bank of America",,,False,100,KMB,accepted,house_ptr_structure+v8_1,False,False,False,11/12/2025,False
20033619,Hon. Gilbert Cisneros,Member,CA31,20033619.pdf,2025,89,,KKR & Co. Inc. Common Stock,KKR & Co. Inc. Common Stock,KKR,KKR,ST,S,2025-11-07,2025-12-12,1001.0,15000.0,,"$1,001 - $15,000",valid_range,New,150 Main Street Trust > Bank of America,,,,11,11,table,False,False,,False,0,False,False,100,True,20,False,https://disclosures-clerk.house.gov/public_disc/ptr-pdfs/2025/20033619.pdf,,,,KKR & Co. Inc. Common Stock (KKR) [ST] Filing Status: New Subholding Of: 150 Main Street Trust >,KKR & Co. Inc. Common Stock (KKR) [ST],S Bank of America,11/07/2025,12/12/2025,"$1,001 - $15,000",,"KKR & Co. Inc. Common Stock (KKR) [ST] S 11/07/2025 12/12/2025 $1,001 - $15,000 Filing Status: New Subholding Of: 150 Main Street Trust > Bank of America",,,False,100,KKR,accepted,house_ptr_structure+v8_1,False,False,False,11/07/2025,False
20033619,Hon. Gilbert Cisneros,Member,CA31,20033619.pdf,2025,90,,LandBridge Company LLC Class A Shares Representing Limited Liability Company Interests,LandBridge Company LLC Class A Shares Representing Limited Liability Company Interests,LB,LB,ST,P,2025-11-20,2025-12-12,50001.0,100000.0,,"$50,001 - $100,000",valid_range,New,150 Main Street Trust > Wells Fargo Advisors,,,,11,11,table,False,False,,False,0,False,True,100,True,20,False,https://disclosures-clerk.house.gov/public_disc/ptr-pdfs/2025/20033619.pdf,,,,LandBridge Company LLC Class A Shares Representing Limited Liability Company Interests (LB) [ST],LandBridge Company LLC Class A Shares Representing Limited Liability Company Interests (LB) [ST],P,11/20/2025,12/12/2025,"$50,001 - $100,000",Filing Status: New Subholding Of: 150 Main Street Trust > Wells Fargo Advisors,"LandBridge Company LLC Class A Shares Representing Limited Liability Company Interests (LB) [ST] P 11/20/2025 12/12/2025 $50,001 - $100,000 Filing Status: New Subholding Of: 150 Main Street Trust > Wells Fargo Advisors",,,False,100,LB,accepted,house_ptr_structure+v8_1,False,False,False,11/20/2025,False
20033619,Hon. Gilbert Cisneros,Member,CA31,20033619.pdf,2025,91,,LandBridge Company LLC Class A Shares Representing Limited Liability Company Interests,LandBridge Company LLC Class A Shares Representing Limited Liability Company Interests,LB,LB,ST,P,2025-11-21,2025-12-12,15001.0,50000.0,,"$15,001 - $50,000",valid_range,New,150 Main Street Trust > Wells Fargo Advisors,,,,11,11,table,False,False,,False,0,False,False,100,True,20,False,https://disclosures-clerk.house.gov/public_disc/ptr-pdfs/2025/20033619.pdf,,,,LandBridge Company LLC Class A Shares Representing Limited Liability Company Interests (LB) [ST] Filing Status: New Subholding Of: 150 Main Street Trust >,LandBridge Company LLC Class A Shares Representing Limited Liability Company Interests (LB) [ST],P Wells Fargo Advi,11/21/2025 isors,12/12/2025,"$15,001 - $50,000",,"LandBridge Company LLC Class A Shares Representing Limited Liability Company Interests (LB) [ST] P 11/21/2025 12/12/2025 $15,001 - $50,000 Filing Status: New Subholding Of: 150 Main Street Trust > Wells Fargo Advisors",,,False,100,LB,accepted,house_ptr_structure+v8_1,False,False,True,11/21/2025,False
20033619,Hon. Gilbert Cisneros,Member,CA31,20033619.pdf,2025,92,,Legence Corp. - Class A Common stock,Legence Corp. - Class A Common stock,LGN,LGN,ST,P,2025-11-24,2025-12-12,1001.0,15000.0,,"$1,001 - $15,000",valid_range,New,150 Main Street Trust > Bank of America,,,,11,11,table,False,False,,False,0,False,True,100,True,20,False,https://disclosures-clerk.house.gov/public_disc/ptr-pdfs/2025/20033619.pdf,,,,Legence Corp. - Class A Common stock (LGN) [ST],Legence Corp. - Class A Common stock (LGN) [ST],P,11/24/2025,12/12/2025,"$1,001 - $15,000",Filing Status: New Subholding Of: 150 Main Street Trust > Bank of America,"Legence Corp. - Class A Common stock (LGN) [ST] P 11/24/2025 12/12/2025 $1,001 - $15,000 Filing Status: New Subholding Of: 150 Main Street Trust > Bank of America",,,False,100,LGN,accepted,house_ptr_structure+v8_1,False,False,False,11/24/2025,False
20033619,Hon. Gilbert Cisneros,Member,CA31,20033619.pdf,2025,93,,Lennar Corporation Class A Common Stock,Lennar Corporation Class A Common Stock,LEN,LEN,ST,P,2025-11-18,2025-12-12,1001.0,15000.0,,"$1,001 - $15,000",valid_range,New,150 Main Street Trust > Bank of America,,,,11,11,table,False,False,,False,0,False,False,100,True,20,False,https://disclosures-clerk.house.gov/public_disc/ptr-pdfs/2025/20033619.pdf,,,,Lennar Corporation Class A Common Stock (LEN) [ST] Filing Status: New Subholding Of: 150 Main Street Trust >,Lennar Corporation Class A Common Stock (LEN) [ST],P Bank of America,11/18/2025,12/12/2025,"$1,001 - $15,000",,"Lennar Corporation Class A Common Stock (LEN) [ST] P 11/18/2025 12/12/2025 $1,001 - $15,000 Filing Status: New Subholding Of: 150 Main Street Trust > Bank of America",,,False,100,LEN,accepted,house_ptr_structure+v8_1,False,False,False,11/18/2025,False
20033619,Hon. Gilbert Cisneros,Member,CA31,20033619.pdf,2025,94,,Lockheed Martin Corporation Common Stock,Lockheed Martin Corporation Common Stock,LMT,LMT,ST,P,2025-11-18,2025-12-12,1001.0,15000.0,,"$1,001 - $15,000",valid_range,New,150 Main Street Trust > Bank of America,,,,11,11,table,False,False,,False,0,False,True,100,True,20,False,https://disclosures-clerk.house.gov/public_disc/ptr-pdfs/2025/20033619.pdf,,,,Lockheed Martin Corporation Common Stock (LMT) [ST],Lockheed Martin Corporation Common Stock (LMT) [ST],P,11/18/2025,12/12/2025,"$1,001 - $15,000",Filing Status: New Subholding Of: 150 Main Street Trust > Bank of America,"Lockheed Martin Corporation Common Stock (LMT) [ST] P 11/18/2025 12/12/2025 $1,001 - $15,000 Filing Status: New Subholding Of: 150 Main Street Trust > Bank of America",,,False,100,LMT,accepted,house_ptr_structure+v8_1,False,False,False,11/18/2025,False
20033619,Hon. Gilbert Cisneros,Member,CA31,20033619.pdf,2025,95,,lululemon athletica inc. - Common Stock,lululemon athletica inc. - Common Stock,LULU,LULU,ST,P,2025-11-12,2025-12-12,1001.0,15000.0,,"$1,001 - $15,000",valid_range,New,150 Main Street Trust > Bank of America,,,,11,12,table,False,False,,True,0,False,False,98,True,20,False,https://disclosures-clerk.house.gov/public_disc/ptr-pdfs/2025/20033619.pdf,,,,lululemon athletica inc. - Common Stock (LULU) [ST] Filing Status: New,lululemon athletica inc. - Common Stock (LULU) [ST] Subholding Of: 150 Main Street Trust > Bank of America,P,11/12/2025,12/12/2025,"$1,001 - $15,000",Subholding Of: 150 Main Street Trust > Bank of America,"lululemon athletica inc. - Common Stock (LULU) [ST] P 11/12/2025 12/12/2025 $1,001 - $15,000 Filing Status: New Subholding Of: 150 Main Street Trust > Bank of America",,,False,98,LULU,accepted,house_ptr_structure+v8_1,False,False,False,11/12/2025,False
20033619,Hon. Gilbert Cisneros,Member,CA31,20033619.pdf,2025,96,,M&T Bank Corporation Common Stock,M&T Bank Corporation Common Stock,MTB,MTB,ST,P,2025-11-18,2025-12-12,1001.0,15000.0,,"$1,001 - $15,000",valid_range,New,150 Main Street Trust > Bank of America,,,,12,12,table,False,False,,False,0,False,True,100,True,20,False,https://disclosures-clerk.house.gov/public_disc/ptr-pdfs/2025/20033619.pdf,,,,M&T Bank Corporation Common Stock (MTB) [ST],M&T Bank Corporation Common Stock (MTB) [ST],P,11/18/2025,12/12/2025,"$1,001 - $15,000",Filing Status: New Subholding Of: 150 Main Street Trust > Bank of America,"M&T Bank Corporation Common Stock (MTB) [ST] P 11/18/2025 12/12/2025 $1,001 - $15,000 Filing Status: New Subholding Of: 150 Main Street Trust > Bank of America",,,False,100,MTB,accepted,house_ptr_structure+v8_1,False,False,False,11/18/2025,False
20033619,Hon. Gilbert Cisneros,Member,CA31,20033619.pdf,2025,97,,"MACOM Technology Solutions Holdings, Inc. - Common Stock","MACOM Technology Solutions Holdings, Inc. - Common Stock",MTSI,MTSI,ST,S (partial),2025-11-13,2025-12-12,1001.0,15000.0,,"$1,001 - $15,000",valid_range,New,150 Main Street Trust > Bank of America,,,,12,12,table,False,False,,False,0,False,False,100,True,20,False,https://disclosures-clerk.house.gov/public_disc/ptr-pdfs/2025/20033619.pdf,,,,"MACOM Technology Solutions Holdings, Inc. - Common Stock (MTSI) [ST] Filing Status: New Subholding Of: 150 Main Street Trust >","MACOM Technology Solutions Holdings, Inc. - Common Stock (MTSI) [ST]",S (partial) Bank of America,11/13/2025,12/12/2025,"$1,001 - $15,000",,"MACOM Technology Solutions Holdings, Inc. - Common Stock (MTSI) [ST] S (partial) 11/13/2025 12/12/2025 $1,001 - $15,000 Filing Status: New Subholding Of: 150 Main Street Trust > Bank of America",,,False,100,MTSI,accepted,house_ptr_structure+v8_1,False,False,False,11/13/2025,False
20033619,Hon. Gilbert Cisneros,Member,CA31,20033619.pdf,2025,98,,Mastercard Incorporated Common Stock,Mastercard Incorporated Common Stock,MA,MA,ST,P,2025-11-18,2025-12-12,1001.0,15000.0,,"$1,001 - $15,000",valid_range,New,150 Main Street Trust > Bank of America,,,,12,12,table,False,False,,False,0,False,True,100,True,20,False,https://disclosures-clerk.house.gov/public_disc/ptr-pdfs/2025/20033619.pdf,,,,Mastercard Incorporated Common Stock (MA) [ST],Mastercard Incorporated Common Stock (MA) [ST],P,11/18/2025,12/12/2025,"$1,001 - $15,000",Filing Status: New Subholding Of: 150 Main Street Trust > Bank of America,"Mastercard Incorporated Common Stock (MA) [ST] P 11/18/2025 12/12/2025 $1,001 - $15,000 Filing Status: New Subholding Of: 150 Main Street Trust > Bank of America",,,False,100,MA,accepted,house_ptr_structure+v8_1,False,False,False,11/18/2025,False
20033619,Hon. Gilbert Cisneros,Member,CA31,20033619.pdf,2025,99,,McKesson Corporation Common Stock,McKesson Corporation Common Stock,MCK,MCK,ST,P,2025-11-18,2025-12-12,1001.0,15000.0,,"$1,001 - $15,000",valid_range,New,150 Main Street Trust > Bank of America,,,,12,12,table,False,False,,False,0,False,False,100,True,20,False,https://disclosures-clerk.house.gov/public_disc/ptr-pdfs/2025/20033619.pdf,,,,McKesson Corporation Common Stock (MCK) [ST] Filing Status: New Subholding Of: 150 Main Street Trust >,McKesson Corporation Common Stock (MCK) [ST],P Bank of America,11/18/2025,12/12/2025,"$1,001 - $15,000",,"McKesson Corporation Common Stock (MCK) [ST] P 11/18/2025 12/12/2025 $1,001 - $15,000 Filing Status: New Subholding Of: 150 Main Street Trust > Bank of America",,,False,100,MCK,accepted,house_ptr_structure+v8_1,False,False,False,11/18/2025,False
20033619,Hon. Gilbert Cisneros,Member,CA31,20033619.pdf,2025,100,,"MercadoLibre, Inc. - Common Stock","MercadoLibre, Inc. - Common Stock",MELI,MELI,ST,P,2025-11-18,2025-12-12,1001.0,15000.0,,"$1,001 - $15,000",valid_range,New,150 Main Street Trust > Bank of America,,,,12,12,table,False,False,,False,0,False,True,100,True,20,False,https://disclosures-clerk.house.gov/public_disc/ptr-pdfs/2025/20033619.pdf,,,,"MercadoLibre, Inc. - Common Stock (MELI) [ST]","MercadoLibre, Inc. - Common Stock (MELI) [ST]",P,11/18/2025,12/12/2025,"$1,001 - $15,000",Filing Status: New Subholding Of: 150 Main Street Trust > Bank of America,"MercadoLibre, Inc. - Common Stock (MELI) [ST] P 11/18/2025 12/12/2025 $1,001 - $15,000 Filing Status: New Subholding Of: 150 Main Street Trust > Bank of America",,,False,100,MELI,accepted,house_ptr_structure+v8_1,False,False,False,11/18/2025,False
20033619,Hon. Gilbert Cisneros,Member,CA31,20033619.pdf,2025,101,,"Merck & Company, Inc. Common Stock","Merck & Company, Inc. Common Stock",MRK,MRK,ST,P,2025-11-18,2025-12-12,1001.0,15000.0,,"$1,001 - $15,000",valid_range,New,150 Main Street Trust > Bank of America,,,,12,12,table,False,False,,False,0,False,False,100,True,20,False,https://disclosures-clerk.house.gov/public_disc/ptr-pdfs/2025/20033619.pdf,,,,"Merck & Company, Inc. Common Stock (MRK) [ST] Filing Status: New Subholding Of: 150 Main Street Trust >","Merck & Company, Inc. Common Stock (MRK) [ST]",P Bank of America,11/18/2025,12/12/2025,"$1,001 - $15,000",,"Merck & Company, Inc. Common Stock (MRK) [ST] P 11/18/2025 12/12/2025 $1,001 - $15,000 Filing Status: New Subholding Of: 150 Main Street Trust > Bank of America",,,False,100,MRK,accepted,house_ptr_structure+v8_1,False,False,False,11/18/2025,False
20033619,Hon. Gilbert Cisneros,Member,CA31,20033619.pdf,2025,102,,"Meta Platforms, Inc. - Class A","Meta Platforms, Inc. - Class A",FB,FB,ST,P,2025-11-18,2025-12-12,1001.0,15000.0,,"$1,001 - $15,000",valid_range,New,150 Main Street Trust > Bank of America,,,,12,12,table,False,False,,False,0,False,True,100,True,20,False,https://disclosures-clerk.house.gov/public_disc/ptr-pdfs/2025/20033619.pdf,,,,"Meta Platforms, Inc. - Class A (FB) [ST]","Meta Platforms, Inc. - Class A (FB) [ST]",P,11/18/2025,12/12/2025,"$1,001 - $15,000",Filing Status: New Subholding Of: 150 Main Street Trust > Bank of America,"Meta Platforms, Inc. - Class A (FB) [ST] P 11/18/2025 12/12/2025 $1,001 - $15,000 Filing Status: New Subholding Of: 150 Main Street Trust > Bank of America",,,False,100,FB,accepted,house_ptr_structure+v8_1,False,False,False,11/18/2025,False
20033619,Hon. Gilbert Cisneros,Member,CA31,20033619.pdf,2025,103,,Microsoft Corporation - Common Stock,Microsoft Corporation - Common Stock,MSFT,MSFT,ST,P,2025-11-12,2025-12-12,1001.0,15000.0,,"$1,001 - $15,000",valid_range,New,150 Main Street Trust > Bank of America,,,,12,12,table,False,False,,False,0,False,False,100,True,20,False,https://disclosures-clerk.house.gov/public_disc/ptr-pdfs/2025/20033619.pdf,,,,Microsoft Corporation - Common Stock (MSFT) [ST] Filing Status: New Subholding Of: 150 Main Street Trust >,Microsoft Corporation - Common Stock (MSFT) [ST],P Bank of America,11/12/2025,12/12/2025,"$1,001 - $15,000",,"Microsoft Corporation - Common Stock (MSFT) [ST] P 11/12/2025 12/12/2025 $1,001 - $15,000 Filing Status: New Subholding Of: 150 Main Street Trust > Bank of America",,,False,100,MSFT,accepted,house_ptr_structure+v8_1,False,False,False,11/12/2025,False
20033619,Hon. Gilbert Cisneros,Member,CA31,20033619.pdf,2025,104,,Microsoft Corporation - Common Stock,Microsoft Corporation - Common Stock,MSFT,MSFT,ST,P,2025-11-18,2025-12-12,50001.0,100000.0,,"$50,001 - $100,000",valid_range,New,150 Main Street Trust > Bank of America,,,,12,13,table,False,False,,True,0,False,True,98,True,20,False,https://disclosures-clerk.house.gov/public_disc/ptr-pdfs/2025/20033619.pdf,,,,Microsoft Corporation - Common Stock (MSFT) [ST],Microsoft Corporation - Common Stock (MSFT) [ST],P,11/18/2025,12/12/2025,"$50,001 - $100,000",Filing Status: New Subholding Of: 150 Main Street Trust > Bank of America,"Microsoft Corporation - Common Stock (MSFT) [ST] P 11/18/2025 12/12/2025 $50,001 - $100,000 Filing Status: New Subholding Of: 150 Main Street Trust > Bank of America",,,False,98,MSFT,accepted,house_ptr_structure+v8_1,False,False,False,11/18/2025,False
20033619,Hon. Gilbert Cisneros,Member,CA31,20033619.pdf,2025,105,,Mitsubishi Heavy Industries Ltd Ordinary Shares,Mitsubishi Heavy Industries Ltd Ordinary Shares,MHVYF,MHVYF,ST,P,2025-11-20,2025-12-12,1001.0,15000.0,,"$1,001 - $15,000",valid_range,New,150 Main Street Trust > Bank of America,,Ticker 7011 JP,,13,13,table,False,False,,False,0,False,False,100,True,30,False,https://disclosures-clerk.house.gov/public_disc/ptr-pdfs/2025/20033619.pdf,,,,Mitsubishi Heavy Industries Ltd Ordinary Shares (MHVYF) [ST] Filing Status: New Subholding Of: 150 Main Street Trust > Description: Ticker 7011 JP,Mitsubishi Heavy Industries Ltd Ordinary Shares (MHVYF) [ST],P Bank of America,11/20/2025,12/12/2025,"$1,001 - $15,000",,"Mitsubishi Heavy Industries Ltd Ordinary Shares (MHVYF) [ST] P 11/20/2025 12/12/2025 $1,001 - $15,000 Filing Status: New Subholding Of: 150 Main Street Trust > Bank of America Description: Ticker 7011 JP",,,False,100,MHVYF,accepted,house_ptr_structure+v8_1,False,False,False,11/20/2025,False
20033619,Hon. Gilbert Cisneros,Member,CA31,20033619.pdf,2025,106,,Mitsubishi UFJ Financial Group Inc Ordinary Shares,Mitsubishi UFJ Financial Group Inc Ordinary Shares,MBFJF,MBFJF,ST,P,2025-11-20,2025-12-12,1001.0,15000.0,,"$1,001 - $15,000",valid_range,New,150 Main Street Trust > Bank of America,,Ticker 8306 JP,,13,13,table,False,False,,False,0,False,True,100,True,30,False,https://disclosures-clerk.house.gov/public_disc/ptr-pdfs/2025/20033619.pdf,,,,Mitsubishi UFJ Financial Group Inc Ordinary Shares (MBFJF) [ST],Mitsubishi UFJ Financial Group Inc Ordinary Shares (MBFJF) [ST],P,11/20/2025,12/12/2025,"$1,001 - $15,000",Filing Status: New Subholding Of: 150 Main Street Trust > Bank of America Description: Ticker 8306 JP,"Mitsubishi UFJ Financial Group Inc Ordinary Shares (MBFJF) [ST] P 11/20/2025 12/12/2025 $1,001 - $15,000 Filing Status: New Subholding Of: 150 Main Street Trust > Bank of America Description: Ticker 8306 JP",,,False,100,MBFJF,accepted,house_ptr_structure+v8_1,False,False,False,11/20/2025,False
20033619,Hon. Gilbert Cisneros,Member,CA31,20033619.pdf,2025,107,,Molina Healthcare Inc Common Stock,Molina Healthcare Inc Common Stock,MOH,MOH,ST,S (partial),2025-11-12,2025-12-12,1001.0,15000.0,,"$1,001 - $15,000",valid_range,New,150 Main Street Trust > Bank of America,,,,13,13,table,False,False,,False,0,False,False,100,True,20,False,https://disclosures-clerk.house.gov/public_disc/ptr-pdfs/2025/20033619.pdf,,,,Molina Healthcare Inc Common Stock (MOH) [ST] Filing Status: New Subholding Of: 150 Main Street Trust >,Molina Healthcare Inc Common Stock (MOH) [ST],S (partial) Bank of America,11/12/2025,12/12/2025,"$1,001 - $15,000",,"Molina Healthcare Inc Common Stock (MOH) [ST] S (partial) 11/12/2025 12/12/2025 $1,001 - $15,000 Filing Status: New Subholding Of: 150 Main Street Trust > Bank of America",,,False,100,MOH,accepted,house_ptr_structure+v8_1,False,False,False,11/12/2025,False
20033619,Hon. Gilbert Cisneros,Member,CA31,20033619.pdf,2025,108,,Molson Coors Beverage Company Class B Common Stock,Molson Coors Beverage Company Class B Common Stock,TAP,TAP,ST,P,2025-11-18,2025-12-12,1001.0,15000.0,,"$1,001 - $15,000",valid_range,New,150 Main Street Trust > Bank of America,,,,13,13,table,False,False,,False,0,False,True,100,True,20,False,https://disclosures-clerk.house.gov/public_disc/ptr-pdfs/2025/20033619.pdf,,,,Molson Coors Beverage Company Class B Common Stock (TAP) [ST],Molson Coors Beverage Company Class B Common Stock (TAP) [ST],P,11/18/2025,12/12/2025,"$1,001 - $15,000",Filing Status: New Subholding Of: 150 Main Street Trust > Bank of America,"Molson Coors Beverage Company Class B Common Stock (TAP) [ST] P 11/18/2025 12/12/2025 $1,001 - $15,000 Filing Status: New Subholding Of: 150 Main Street Trust > Bank of America",,,False,100,TAP,accepted,house_ptr_structure+v8_1,False,False,False,11/18/2025,False
20033619,Hon. Gilbert Cisneros,Member,CA31,20033619.pdf,2025,109,,"MongoDB, Inc. - Class A Common Stock","MongoDB, Inc. - Class A Common Stock",MDB,MDB,ST,P,2025-11-18,2025-12-12,1001.0,15000.0,,"$1,001 - $15,000",valid_range,New,150 Main Street Trust > Bank of America,,,,13,13,table,False,False,,False,0,False,False,100,True,20,False,https://disclosures-clerk.house.gov/public_disc/ptr-pdfs/2025/20033619.pdf,,,,"MongoDB, Inc. - Class A Common Stock (MDB) [ST] Filing Status: New Subholding Of: 150 Main Street Trust >","MongoDB, Inc. - Class A Common Stock (MDB) [ST]",P Bank of America,11/18/2025,12/12/2025,"$1,001 - $15,000",,"MongoDB, Inc. - Class A Common Stock (MDB) [ST] P 11/18/2025 12/12/2025 $1,001 - $15,000 Filing Status: New Subholding Of: 150 Main Street Trust > Bank of America",,,False,100,MDB,accepted,house_ptr_structure+v8_1,False,False,False,11/18/2025,False
20033619,Hon. Gilbert Cisneros,Member,CA31,20033619.pdf,2025,110,,Morgan Stanley Common Stock,Morgan Stanley Common Stock,MS,MS,ST,P,2025-11-18,2025-12-12,1001.0,15000.0,,"$1,001 - $15,000",valid_range,New,150 Main Street Trust > Bank of America,,,,13,13,table,False,False,,False,0,False,True,100,True,20,False,https://disclosures-clerk.house.gov/public_disc/ptr-pdfs/2025/20033619.pdf,,,,Morgan Stanley Common Stock (MS) [ST],Morgan Stanley Common Stock (MS) [ST],P,11/18/2025,12/12/2025,"$1,001 - $15,000",Filing Status: New Subholding Of: 150 Main Street Trust > Bank of America,"Morgan Stanley Common Stock (MS) [ST] P 11/18/2025 12/12/2025 $1,001 - $15,000 Filing Status: New Subholding Of: 150 Main Street Trust > Bank of America",,,False,100,MS,accepted,house_ptr_structure+v8_1,False,False,False,11/18/2025,False
20033619,Hon. Gilbert Cisneros,Member,CA31,20033619.pdf,2025,111,,"Netflix, Inc. - Common Stock","Netflix, Inc. - Common Stock",NFLX,NFLX,ST,P,2025-11-18,2025-12-12,1001.0,15000.0,,"$1,001 - $15,000",valid_range,New,150 Main Street Trust > Bank of America,,,,13,13,table,False,False,,False,0,False,False,100,True,20,False,https://disclosures-clerk.house.gov/public_disc/ptr-pdfs/2025/20033619.pdf,,,,"Netflix, Inc. - Common Stock (NFLX) [ST] Filing Status: New Subholding Of: 150 Main Street Trust >","Netflix, Inc. - Common Stock (NFLX) [ST]",P Bank of America,11/18/2025,12/12/2025,"$1,001 - $15,000",,"Netflix, Inc. - Common Stock (NFLX) [ST] P 11/18/2025 12/12/2025 $1,001 - $15,000 Filing Status: New Subholding Of: 150 Main Street Trust > Bank of America",,,False,100,NFLX,accepted,house_ptr_structure+v8_1,False,False,False,11/18/2025,False
20033619,Hon. Gilbert Cisneros,Member,CA31,20033619.pdf,2025,112,,NINTENDO CO LTD ORD,NINTENDO CO LTD ORD,NTDOF,NTDOF,ST,P,2025-11-20,2025-12-12,1001.0,15000.0,,"$1,001 - $15,000",valid_range,New,150 Main Street Trust > Bank of America,,Ticker 7974 JP,,13,13,table,False,False,,False,0,False,True,100,True,30,False,https://disclosures-clerk.house.gov/public_disc/ptr-pdfs/2025/20033619.pdf,,,,NINTENDO CO LTD ORD (NTDOF) [ST],NINTENDO CO LTD ORD (NTDOF) [ST],P,11/20/2025,12/12/2025,"$1,001 - $15,000",Filing Status: New Subholding Of: 150 Main Street Trust > Bank of America Description: Ticker 7974 JP,"NINTENDO CO LTD ORD (NTDOF) [ST] P 11/20/2025 12/12/2025 $1,001 - $15,000 Filing Status: New Subholding Of: 150 Main Street Trust > Bank of America Description: Ticker 7974 JP",,,False,100,NTDOF,accepted,house_ptr_structure+v8_1,False,False,False,11/20/2025,False
20033619,Hon. Gilbert Cisneros,Member,CA31,20033619.pdf,2025,113,,Novanta Inc. - Common Shares,Novanta Inc. - Common Shares,NOVT,NOVT,ST,P,2025-11-13,2025-12-12,1001.0,15000.0,,"$1,001 - $15,000",valid_range,New,150 Main Street Trust > Bank of America,,,,14,14,table,False,False,,False,0,False,False,100,True,20,False,https://disclosures-clerk.house.gov/public_disc/ptr-pdfs/2025/20033619.pdf,,,,Novanta Inc. - Common Shares (NOVT) [ST] Filing Status: New Subholding Of: 150 Main Street Trust >,Novanta Inc. - Common Shares (NOVT) [ST],P Bank of America,11/13/2025,12/12/2025,"$1,001 - $15,000",,"Novanta Inc. - Common Shares (NOVT) [ST] P 11/13/2025 12/12/2025 $1,001 - $15,000 Filing Status: New Subholding Of: 150 Main Street Trust > Bank of America",,,False,100,NOVT,accepted,house_ptr_structure+v8_1,False,False,False,11/13/2025,False
20033619,Hon. Gilbert Cisneros,Member,CA31,20033619.pdf,2025,114,,NVIDIA Corporation - Common Stock,NVIDIA Corporation - Common Stock,NVDA,NVDA,ST,P,2025-11-18,2025-12-12,15001.0,50000.0,,"$15,001 - $50,000",valid_range,New,150 Main Street Trust > Bank of America,,,,14,14,table,False,False,,False,0,False,True,100,True,20,False,https://disclosures-clerk.house.gov/public_disc/ptr-pdfs/2025/20033619.pdf,,,,NVIDIA Corporation - Common Stock (NVDA) [ST],NVIDIA Corporation - Common Stock (NVDA) [ST],P,11/18/2025,12/12/2025,"$15,001 - $50,000",Filing Status: New Subholding Of: 150 Main Street Trust > Bank of America,"NVIDIA Corporation - Common Stock (NVDA) [ST] P 11/18/2025 12/12/2025 $15,001 - $50,000 Filing Status: New Subholding Of: 150 Main Street Trust > Bank of America",,,False,100,NVDA,accepted,house_ptr_structure+v8_1,False,False,False,11/18/2025,False
20033619,Hon. Gilbert Cisneros,Member,CA31,20033619.pdf,2025,115,,NXP Semiconductors N.V. - Common Stock,NXP Semiconductors N.V. - Common Stock,NXPI,NXPI,ST,P,2025-11-18,2025-12-12,1001.0,15000.0,,"$1,001 - $15,000",valid_range,New,150 Main Street Trust > Bank of America,,,,14,14,table,False,False,,False,0,False,False,100,True,20,False,https://disclosures-clerk.house.gov/public_disc/ptr-pdfs/2025/20033619.pdf,,,,NXP Semiconductors N.V. - Common Stock (NXPI) [ST] Filing Status: New Subholding Of: 150 Main Street Trust >,NXP Semiconductors N.V. - Common Stock (NXPI) [ST],P Bank of America,11/18/2025,12/12/2025,"$1,001 - $15,000",,"NXP Semiconductors N.V. - Common Stock (NXPI) [ST] P 11/18/2025 12/12/2025 $1,001 - $15,000 Filing Status: New Subholding Of: 150 Main Street Trust > Bank of America",,,False,100,NXPI,accepted,house_ptr_structure+v8_1,False,False,False,11/18/2025,False
20033619,Hon. Gilbert Cisneros,Member,CA31,20033619.pdf,2025,116,,Occidental Petroleum Corporation Common Stock,Occidental Petroleum Corporation Common Stock,OXY,OXY,ST,S (partial),2025-11-12,2025-12-12,1001.0,15000.0,,"$1,001 - $15,000",valid_range,New,150 Main Street Trust > Bank of America,,,,14,14,table,False,False,,False,0,False,True,100,True,20,False,https://disclosures-clerk.house.gov/public_disc/ptr-pdfs/2025/20033619.pdf,,,,Occidental Petroleum Corporation Common Stock (OXY) [ST],Occidental Petroleum Corporation Common Stock (OXY) [ST],S (partial),11/12/2025,12/12/2025,"$1,001 - $15,000",Filing Status: New Subholding Of: 150 Main Street Trust > Bank of America,"Occidental Petroleum Corporation Common Stock (OXY) [ST] S (partial) 11/12/2025 12/12/2025 $1,001 - $15,000 Filing Status: New Subholding Of: 150 Main Street Trust > Bank of America",,,False,100,OXY,accepted,house_ptr_structure+v8_1,False,False,False,11/12/2025,False
20033619,Hon. Gilbert Cisneros,Member,CA31,20033619.pdf,2025,117,,"ONEOK, Inc. Common Stock","ONEOK, Inc. Common Stock",OKE,OKE,ST,P,2025-11-18,2025-12-12,1001.0,15000.0,,"$1,001 - $15,000",valid_range,New,150 Main Street Trust > Bank of America,,,,14,14,table,False,False,,False,0,False,False,100,True,20,False,https://disclosures-clerk.house.gov/public_disc/ptr-pdfs/2025/20033619.pdf,,,,"ONEOK, Inc. Common Stock (OKE) [ST] Filing Status: New Subholding Of: 150 Main Street Trust >","ONEOK, Inc. Common Stock (OKE) [ST]",P Bank of America,11/18/2025,12/12/2025,"$1,001 - $15,000",,"ONEOK, Inc. Common Stock (OKE) [ST] P 11/18/2025 12/12/2025 $1,001 - $15,000 Filing Status: New Subholding Of: 150 Main Street Trust > Bank of America",,,False,100,OKE,accepted,house_ptr_structure+v8_1,False,False,False,11/18/2025,False
20033619,Hon. Gilbert Cisneros,Member,CA31,20033619.pdf,2025,118,,Oracle Corporation Common Stock,Oracle Corporation Common Stock,ORCL,ORCL,ST,P,2025-11-18,2025-12-12,1001.0,15000.0,,"$1,001 - $15,000",valid_range,New,150 Main Street Trust > Bank of America,,,,14,14,table,False,False,,False,0,False,True,100,True,20,False,https://disclosures-clerk.house.gov/public_disc/ptr-pdfs/2025/20033619.pdf,,,,Oracle Corporation Common Stock (ORCL) [ST],Oracle Corporation Common Stock (ORCL) [ST],P,11/18/2025,12/12/2025,"$1,001 - $15,000",Filing Status: New Subholding Of: 150 Main Street Trust > Bank of America,"Oracle Corporation Common Stock (ORCL) [ST] P 11/18/2025 12/12/2025 $1,001 - $15,000 Filing Status: New Subholding Of: 150 Main Street Trust > Bank of America",,,False,100,ORCL,accepted,house_ptr_structure+v8_1,False,False,False,11/18/2025,False
20033619,Hon. Gilbert Cisneros,Member,CA31,20033619.pdf,2025,119,,Palantir Technologies Inc. - Class A Common Stock,Palantir Technologies Inc. - Class A Common Stock,PLTR,PLTR,ST,P,2025-11-07,2025-12-12,1001.0,15000.0,,"$1,001 - $15,000",valid_range,New,150 Main Street Trust > Bank of America,,,,14,14,table,False,False,,False,0,False,False,100,True,20,False,https://disclosures-clerk.house.gov/public_disc/ptr-pdfs/2025/20033619.pdf,,,,Palantir Technologies Inc. - Class A Common Stock (PLTR) [ST] Filing Status: New Subholding Of: 150 Main Street Trust >,Palantir Technologies Inc. - Class A Common Stock (PLTR) [ST],P Bank of America,11/07/2025,12/12/2025,"$1,001 - $15,000",,"Palantir Technologies Inc. - Class A Common Stock (PLTR) [ST] P 11/07/2025 12/12/2025 $1,001 - $15,000 Filing Status: New Subholding Of: 150 Main Street Trust > Bank of America",,,False,100,PLTR,accepted,house_ptr_structure+v8_1,False,False,False,11/07/2025,False
20033619,Hon. Gilbert Cisneros,Member,CA31,20033619.pdf,2025,120,,Palantir Technologies Inc. Class A Common Stock,Palantir Technologies Inc. Class A Common Stock,PLTR,PLTR,ST,P,2025-11-18,2025-12-12,1001.0,15000.0,,"$1,001 - $15,000",valid_range,New,150 Main Street Trust > Bank of America,,,,14,14,table,False,False,,False,0,False,True,100,True,20,False,https://disclosures-clerk.house.gov/public_disc/ptr-pdfs/2025/20033619.pdf,,,,Palantir Technologies Inc. Class A Common Stock (PLTR) [ST],Palantir Technologies Inc. Class A Common Stock (PLTR) [ST],P,11/18/2025,12/12/2025,"$1,001 - $15,000",Filing Status: New Subholding Of: 150 Main Street Trust > Bank of America,"Palantir Technologies Inc. Class A Common Stock (PLTR) [ST] P 11/18/2025 12/12/2025 $1,001 - $15,000 Filing Status: New Subholding Of: 150 Main Street Trust > Bank of America",,,False,100,PLTR,accepted,house_ptr_structure+v8_1,False,False,False,11/18/2025,False
20033619,Hon. Gilbert Cisneros,Member,CA31,20033619.pdf,2025,121,,"Pfizer, Inc. Common Stock","Pfizer, Inc. Common Stock",PFE,PFE,ST,P,2025-11-18,2025-12-12,1001.0,15000.0,,"$1,001 - $15,000",valid_range,New,150 Main Street Trust > Bank of America,,,,14,14,table,False,False,,False,0,False,False,100,True,20,False,https://disclosures-clerk.house.gov/public_disc/ptr-pdfs/2025/20033619.pdf,,,,"Pfizer, Inc. Common Stock (PFE) [ST] Filing Status: New Subholding Of: 150 Main Street Trust >","Pfizer, Inc. Common Stock (PFE) [ST]",P Bank of America,11/18/2025,12/12/2025,"$1,001 - $15,000",,"Pfizer, Inc. Common Stock (PFE) [ST] P 11/18/2025 12/12/2025 $1,001 - $15,000 Filing Status: New Subholding Of: 150 Main Street Trust > Bank of America",,,False,100,PFE,accepted,house_ptr_structure+v8_1,False,False,False,11/18/2025,False
20033619,Hon. Gilbert Cisneros,Member,CA31,20033619.pdf,2025,122,,"Portola Valley, CA Sch. Dist. Go Bonds","Portola Valley, CA Sch. Dist. Go Bonds",,,GS,S,2025-11-25,2025-12-12,250001.0,500000.0,,"$250,001 - $500,000",valid_range,New,150 Main Street Trust > Bank of America,,,,15,15,table,False,False,,False,0,False,True,100,True,20,False,https://disclosures-clerk.house.gov/public_disc/ptr-pdfs/2025/20033619.pdf,,,,"Portola Valley, CA Sch. Dist. Go Bonds [GS]","Portola Valley, CA Sch. Dist. Go Bonds [GS]",S,11/25/2025,12/12/2025,"$250,001 - $500,000",Filing Status: New Subholding Of: 150 Main Street Trust > Bank of America,"Portola Valley, CA Sch. Dist. Go Bonds [GS] S 11/25/2025 12/12/2025 $250,001 - $500,000 Filing Status: New Subholding Of: 150 Main Street Trust > Bank of America",,,False,100,,not_applicable,,False,False,False,11/25/2025,False
20033619,Hon. Gilbert Cisneros,Member,CA31,20033619.pdf,2025,123,,Primoris Services Corporation,Primoris Services Corporation,PRIM,PRIM,ST,S (partial),2025-11-24,2025-12-12,1001.0,15000.0,,"$1,001 - $15,000",valid_range,New,150 Main Street Trust > Bank of America,,,,15,15,table,False,False,,False,0,False,False,100,True,20,False,https://disclosures-clerk.house.gov/public_disc/ptr-pdfs/2025/20033619.pdf,,,,Primoris Services Corporation (PRIM) [ST] Filing Status: New Subholding Of: 150 Main Street Trust >,Primoris Services Corporation (PRIM) [ST],S (partial) Bank of America,11/24/2025,12/12/2025,"$1,001 - $15,000",,"Primoris Services Corporation (PRIM) [ST] S (partial) 11/24/2025 12/12/2025 $1,001 - $15,000 Filing Status: New Subholding Of: 150 Main Street Trust > Bank of America",,,False,100,PRIM,accepted,house_ptr_structure+v8_1,False,False,False,11/24/2025,False
20033619,Hon. Gilbert Cisneros,Member,CA31,20033619.pdf,2025,124,,Primoris Services Corporation,Primoris Services Corporation,PRIM,PRIM,ST,S (partial),2025-11-06,2025-12-12,1001.0,15000.0,,"$1,001 - $15,000",valid_range,New,150 Main Street Trust > Bank of America,,,,15,15,table,False,False,,False,0,False,True,100,True,20,False,https://disclosures-clerk.house.gov/public_disc/ptr-pdfs/2025/20033619.pdf,,,,Primoris Services Corporation (PRIM) [ST],Primoris Services Corporation (PRIM) [ST],S (partial),11/06/2025,12/12/2025,"$1,001 - $15,000",Filing Status: New Subholding Of: 150 Main Street Trust > Bank of America,"Primoris Services Corporation (PRIM) [ST] S (partial) 11/06/2025 12/12/2025 $1,001 - $15,000 Filing Status: New Subholding Of: 150 Main Street Trust > Bank of America",,,False,100,PRIM,accepted,house_ptr_structure+v8_1,False,False,False,11/06/2025,False
20033619,Hon. Gilbert Cisneros,Member,CA31,20033619.pdf,2025,125,,Procter & Gamble Company,Procter & Gamble Company,PG,PG,ST,P,2025-11-18,2025-12-12,1001.0,15000.0,,"$1,001 - $15,000",valid_range,New,150 Main Street Trust > Bank of America,,,,15,15,table,False,False,,False,0,False,False,100,True,20,False,https://disclosures-clerk.house.gov/public_disc/ptr-pdfs/2025/20033619.pdf,,,,Procter & Gamble Company (PG) [ST] Filing Status: New Subholding Of: 150 Main Street Trust >,Procter & Gamble Company (PG) [ST],P Bank of America,11/18/2025,12/12/2025,"$1,001 - $15,000",,"Procter & Gamble Company (PG) [ST] P 11/18/2025 12/12/2025 $1,001 - $15,000 Filing Status: New Subholding Of: 150 Main Street Trust > Bank of America",,,False,100,PG,accepted,house_ptr_structure+v8_1,False,False,False,11/18/2025,False
20033619,Hon. Gilbert Cisneros,Member,CA31,20033619.pdf,2025,126,,"Qnity Electronics, Inc. Common Stock","Qnity Electronics, Inc. Common Stock",Q,Q,ST,E,2025-11-03,2025-12-12,1001.0,15000.0,,"$1,001 - $15,000",valid_range,New,150 Main Street Trust > Bank of America,,Received shares following spinoff from Dupont de Nemours Inc. (DD).,,15,15,table,False,False,,False,0,False,True,100,True,30,False,https://disclosures-clerk.house.gov/public_disc/ptr-pdfs/2025/20033619.pdf,,,,"Qnity Electronics, Inc. Common Stock (Q) [ST]","Qnity Electronics, Inc. Common Stock (Q) [ST]",E,11/03/2025,12/12/2025,"$1,001 - $15,000",Filing Status: New Subholding Of: 150 Main Street Trust > Bank of America Description: Received shares following spinoff from Dupont de Nemours Inc. (DD).,"Qnity Electronics, Inc. Common Stock (Q) [ST] E 11/03/2025 12/12/2025 $1,001 - $15,000 Filing Status: New Subholding Of: 150 Main Street Trust > Bank of America Description: Received shares following spinoff from Dupont de Nemours Inc. (DD).",,,False,100,Q,accepted,house_ptr_structure+v8_1,False,False,False,11/03/2025,False
20033619,Hon. Gilbert Cisneros,Member,CA31,20033619.pdf,2025,127,,"Quanta Services, Inc. Common Stock","Quanta Services, Inc. Common Stock",PWR,PWR,ST,P,2025-11-18,2025-12-12,1001.0,15000.0,,"$1,001 - $15,000",valid_range,New,150 Main Street Trust > Bank of America,,,,15,15,table,False,False,,False,0,False,False,100,True,20,False,https://disclosures-clerk.house.gov/public_disc/ptr-pdfs/2025/20033619.pdf,,,,"Quanta Services, Inc. Common Stock (PWR) [ST] Filing Status: New Subholding Of: 150 Main Street Trust >","Quanta Services, Inc. Common Stock (PWR) [ST]",P Bank of America,11/18/2025,12/12/2025,"$1,001 - $15,000",,"Quanta Services, Inc. Common Stock (PWR) [ST] P 11/18/2025 12/12/2025 $1,001 - $15,000 Filing Status: New Subholding Of: 150 Main Street Trust > Bank of America",,,False,100,PWR,accepted,house_ptr_structure+v8_1,False,False,False,11/18/2025,False
20033619,Hon. Gilbert Cisneros,Member,CA31,20033619.pdf,2025,128,,RBC Bearings Incorporated Common Stock,RBC Bearings Incorporated Common Stock,RBC,RBC,ST,S (partial),2025-11-24,2025-12-12,1001.0,15000.0,,"$1,001 - $15,000",valid_range,New,150 Main Street Trust > Bank of America,,,,15,15,table,False,False,,False,0,False,True,100,True,20,False,https://disclosures-clerk.house.gov/public_disc/ptr-pdfs/2025/20033619.pdf,,,,RBC Bearings Incorporated Common Stock (RBC) [ST],RBC Bearings Incorporated Common Stock (RBC) [ST],S (partial),11/24/2025,12/12/2025,"$1,001 - $15,000",Filing Status: New Subholding Of: 150 Main Street Trust > Bank of America,"RBC Bearings Incorporated Common Stock (RBC) [ST] S (partial) 11/24/2025 12/12/2025 $1,001 - $15,000 Filing Status: New Subholding Of: 150 Main Street Trust > Bank of America",,,False,100,RBC,accepted,house_ptr_structure+v8_1,False,False,False,11/24/2025,False
20033619,Hon. Gilbert Cisneros,Member,CA31,20033619.pdf,2025,129,,Realty Income Corporation Common Stock,Realty Income Corporation Common Stock,O,O,ST,S (partial),2025-11-12,2025-12-12,1001.0,15000.0,,"$1,001 - $15,000",valid_range,New,150 Main Street Trust > Bank of America,,,,15,15,table,False,False,,False,0,False,False,100,True,20,False,https://disclosures-clerk.house.gov/public_disc/ptr-pdfs/2025/20033619.pdf,,,,Realty Income Corporation Common Stock (O) [ST] Filing Status: New Subholding Of: 150 Main Street Trust >,Realty Income Corporation Common Stock (O) [ST],S (partial) Bank of America,11/12/2025,12/12/2025,"$1,001 - $15,000",,"Realty Income Corporation Common Stock (O) [ST] S (partial) 11/12/2025 12/12/2025 $1,001 - $15,000 Filing Status: New Subholding Of: 150 Main Street Trust > Bank of America",,,False,100,O,accepted,house_ptr_structure+v8_1,False,False,False,11/12/2025,False
20033619,Hon. Gilbert Cisneros,Member,CA31,20033619.pdf,2025,130,,"Regeneron Pharmaceuticals, Inc. - Common Stock","Regeneron Pharmaceuticals, Inc. - Common Stock",REGN,REGN,ST,P,2025-11-18,2025-12-12,1001.0,15000.0,,"$1,001 - $15,000",valid_range,New,150 Main Street Trust > Bank of America,,,,15,15,table,False,False,,False,0,False,True,100,True,20,False,https://disclosures-clerk.house.gov/public_disc/ptr-pdfs/2025/20033619.pdf,,,,"Regeneron Pharmaceuticals, Inc. - Common Stock (REGN) [ST]","Regeneron Pharmaceuticals, Inc. - Common Stock (REGN) [ST]",P,11/18/2025,12/12/2025,"$1,001 - $15,000",Filing Status: New Subholding Of: 150 Main Street Trust > Bank of America,"Regeneron Pharmaceuticals, Inc. - Common Stock (REGN) [ST] P 11/18/2025 12/12/2025 $1,001 - $15,000 Filing Status: New Subholding Of: 150 Main Street Trust > Bank of America",,,False,100,REGN,accepted,house_ptr_structure+v8_1,False,False,False,11/18/2025,False
20033619,Hon. Gilbert Cisneros,Member,CA31,20033619.pdf,2025,131,,RESONA HOLDINGS INC,RESONA HOLDINGS INC,RSNHF,RSNHF,ST,P,2025-11-10,2025-12-12,1001.0,15000.0,,"$1,001 - $15,000",valid_range,New,150 Main Street Trust > Bank of America,,Ticker 8308JP,,16,16,table,False,False,,False,0,False,False,100,True,30,False,https://disclosures-clerk.house.gov/public_disc/ptr-pdfs/2025/20033619.pdf,,,,RESONA HOLDINGS INC (RSNHF) [ST] Filing Status: New Subholding Of: 150 Main Street Trust > Description: Ticker 8308JP,RESONA HOLDINGS INC (RSNHF) [ST],P Bank of America,11/10/2025,12/12/2025,"$1,001 - $15,000",,"RESONA HOLDINGS INC (RSNHF) [ST] P 11/10/2025 12/12/2025 $1,001 - $15,000 Filing Status: New Subholding Of: 150 Main Street Trust > Bank of America Description: Ticker 8308JP",,,False,100,RSNHF,accepted,house_ptr_structure+v8_1,False,False,False,11/10/2025,False
20033619,Hon. Gilbert Cisneros,Member,CA31,20033619.pdf,2025,132,,Rheinmetall Ag Ordinary Shares,Rheinmetall Ag Ordinary Shares,RNMBF,RNMBF,ST,P,2025-11-19,2025-12-12,1001.0,15000.0,,"$1,001 - $15,000",valid_range,New,150 Main Street Trust > Bank of America,,Ticker RHM GR,,16,16,table,False,False,,False,0,False,True,100,True,30,False,https://disclosures-clerk.house.gov/public_disc/ptr-pdfs/2025/20033619.pdf,,,,Rheinmetall Ag Ordinary Shares (RNMBF) [ST],Rheinmetall Ag Ordinary Shares (RNMBF) [ST],P,11/19/2025,12/12/2025,"$1,001 - $15,000",Filing Status: New Subholding Of: 150 Main Street Trust > Bank of America Description: Ticker RHM GR,"Rheinmetall Ag Ordinary Shares (RNMBF) [ST] P 11/19/2025 12/12/2025 $1,001 - $15,000 Filing Status: New Subholding Of: 150 Main Street Trust > Bank of America Description: Ticker RHM GR",,,False,100,RNMBF,accepted,house_ptr_structure+v8_1,False,False,False,11/19/2025,False
20033619,Hon. Gilbert Cisneros,Member,CA31,20033619.pdf,2025,133,,"Robinhood Markets, Inc. - Class A Common Stock","Robinhood Markets, Inc. - Class A Common Stock",HOOD,HOOD,ST,P,2025-11-18,2025-12-12,1001.0,15000.0,,"$1,001 - $15,000",valid_range,New,150 Main Street Trust > Bank of America,,,,16,16,table,False,False,,False,0,False,False,100,True,20,False,https://disclosures-clerk.house.gov/public_disc/ptr-pdfs/2025/20033619.pdf,,,,"Robinhood Markets, Inc. - Class A Common Stock (HOOD) [ST] Filing Status: New Subholding Of: 150 Main Street Trust >","Robinhood Markets, Inc. - Class A Common Stock (HOOD) [ST]",P Bank of America,11/18/2025,12/12/2025,"$1,001 - $15,000",,"Robinhood Markets, Inc. - Class A Common Stock (HOOD) [ST] P 11/18/2025 12/12/2025 $1,001 - $15,000 Filing Status: New Subholding Of: 150 Main Street Trust > Bank of America",,,False,100,HOOD,accepted,house_ptr_structure+v8_1,False,False,False,11/18/2025,False
20033619,Hon. Gilbert Cisneros,Member,CA31,20033619.pdf,2025,134,,Roblox Corporation Class A Common Stock,Roblox Corporation Class A Common Stock,RBLX,RBLX,ST,P,2025-11-18,2025-12-12,1001.0,15000.0,,"$1,001 - $15,000",valid_range,New,150 Main Street Trust > Bank of America,,,,16,16,table,False,False,,False,0,False,True,100,True,20,False,https://disclosures-clerk.house.gov/public_disc/ptr-pdfs/2025/20033619.pdf,,,,Roblox Corporation Class A Common Stock (RBLX) [ST],Roblox Corporation Class A Common Stock (RBLX) [ST],P,11/18/2025,12/12/2025,"$1,001 - $15,000",Filing Status: New Subholding Of: 150 Main Street Trust > Bank of America,"Roblox Corporation Class A Common Stock (RBLX) [ST] P 11/18/2025 12/12/2025 $1,001 - $15,000 Filing Status: New Subholding Of: 150 Main Street Trust > Bank of America",,,False,100,RBLX,accepted,house_ptr_structure+v8_1,False,False,False,11/18/2025,False
20033619,Hon. Gilbert Cisneros,Member,CA31,20033619.pdf,2025,135,,Roblox Corporation Class A Common Stock,Roblox Corporation Class A Common Stock,RBLX,RBLX,ST,P,2025-11-07,2025-12-12,1001.0,15000.0,,"$1,001 - $15,000",valid_range,New,150 Main Street Trust > Bank of America,,,,16,16,table,False,False,,False,0,False,False,100,True,20,False,https://disclosures-clerk.house.gov/public_disc/ptr-pdfs/2025/20033619.pdf,,,,Roblox Corporation Class A Common Stock (RBLX) [ST] Filing Status: New Subholding Of: 150 Main Street Trust >,Roblox Corporation Class A Common Stock (RBLX) [ST],P Bank of America,11/07/2025,12/12/2025,"$1,001 - $15,000",,"Roblox Corporation Class A Common Stock (RBLX) [ST] P 11/07/2025 12/12/2025 $1,001 - $15,000 Filing Status: New Subholding Of: 150 Main Street Trust > Bank of America",,,False,100,RBLX,accepted,house_ptr_structure+v8_1,False,False,False,11/07/2025,False
20033619,Hon. Gilbert Cisneros,Member,CA31,20033619.pdf,2025,136,,SAP SE ADS,SAP SE ADS,SAP,SAP,ST,S,2025-11-07,2025-12-12,1001.0,15000.0,,"$1,001 - $15,000",valid_range,New,150 Main Street Trust > Bank of America,,,,16,16,table,False,False,,False,0,False,True,100,True,20,False,https://disclosures-clerk.house.gov/public_disc/ptr-pdfs/2025/20033619.pdf,,,,SAP SE ADS (SAP) [ST],SAP SE ADS (SAP) [ST],S,11/07/2025,12/12/2025,"$1,001 - $15,000",Filing Status: New Subholding Of: 150 Main Street Trust > Bank of America,"SAP SE ADS (SAP) [ST] S 11/07/2025 12/12/2025 $1,001 - $15,000 Filing Status: New Subholding Of: 150 Main Street Trust > Bank of America",,,False,100,SAP,accepted,house_ptr_structure+v8_1,False,False,False,11/07/2025,False
20033619,Hon. Gilbert Cisneros,Member,CA31,20033619.pdf,2025,137,,SBA Communications Corporation - Class A Common Stock,SBA Communications Corporation - Class A Common Stock,SBAC,SBAC,ST,P,2025-11-12,2025-12-12,1001.0,15000.0,,"$1,001 - $15,000",valid_range,New,150 Main Street Trust > Bank of America,,,,16,16,table,False,False,,False,0,False,False,100,True,20,False,https://disclosures-clerk.house.gov/public_disc/ptr-pdfs/2025/20033619.pdf,,,,SBA Communications Corporation - Class A Common Stock (SBAC) [ST] Filing Status: New Subholding Of: 150 Main Street Trust >,SBA Communications Corporation - Class A Common Stock (SBAC) [ST],P Bank of America,11/12/2025,12/12/2025,"$1,001 - $15,000",,"SBA Communications Corporation - Class A Common Stock (SBAC) [ST] P 11/12/2025 12/12/2025 $1,001 - $15,000 Filing Status: New Subholding Of: 150 Main Street Trust > Bank of America",,,False,100,SBAC,accepted,house_ptr_structure+v8_1,False,False,False,11/12/2025,False
20033619,Hon. Gilbert Cisneros,Member,CA31,20033619.pdf,2025,138,,SCHNEIDER ELECTRIC SA,SCHNEIDER ELECTRIC SA,SBGSF,SBGSF,ST,P,2025-11-19,2025-12-12,1001.0,15000.0,,"$1,001 - $15,000",valid_range,New,150 Main Street Trust > Bank of America,,Ticker SU FP,,16,16,table,False,False,,False,0,False,True,100,True,30,False,https://disclosures-clerk.house.gov/public_disc/ptr-pdfs/2025/20033619.pdf,,,,SCHNEIDER ELECTRIC SA (SBGSF) [ST],SCHNEIDER ELECTRIC SA (SBGSF) [ST],P,11/19/2025,12/12/2025,"$1,001 - $15,000",Filing Status: New Subholding Of: 150 Main Street Trust > Bank of America Description: Ticker SU FP,"SCHNEIDER ELECTRIC SA (SBGSF) [ST] P 11/19/2025 12/12/2025 $1,001 - $15,000 Filing Status: New Subholding Of: 150 Main Street Trust > Bank of America Description: Ticker SU FP",,,False,100,SBGSF,accepted,house_ptr_structure+v8_1,False,False,False,11/19/2025,False
20033619,Hon. Gilbert Cisneros,Member,CA31,20033619.pdf,2025,139,,"ServiceNow, Inc. Common Stock","ServiceNow, Inc. Common Stock",NOW,NOW,ST,S (partial),2025-11-07,2025-12-12,1001.0,15000.0,,"$1,001 - $15,000",valid_range,New,150 Main Street Trust > Bank of America,,,,16,17,table,False,False,,True,0,False,False,98,True,20,False,https://disclosures-clerk.house.gov/public_disc/ptr-pdfs/2025/20033619.pdf,,,,"ServiceNow, Inc. Common Stock (NOW) [ST]","ServiceNow, Inc. Common Stock (NOW) [ST]",S (partial),11/07/2025,12/12/2025,"$1,001 - $15,000",Filing Status: New Subholding Of: 150 Main Street Trust > Bank of America,"ServiceNow, Inc. Common Stock (NOW) [ST] S (partial) 11/07/2025 12/12/2025 $1,001 - $15,000 Filing Status: New Subholding Of: 150 Main Street Trust > Bank of America",,,False,98,NOW,accepted,house_ptr_structure+v8_1,False,False,False,11/07/2025,False
20033619,Hon. Gilbert Cisneros,Member,CA31,20033619.pdf,2025,140,,SIEMENS ENERGY AG,SIEMENS ENERGY AG,SMEGF,SMEGF,ST,P,2025-11-19,2025-12-12,1001.0,15000.0,,"$1,001 - $15,000",valid_range,New,150 Main Street Trust > Bank of America,,Ticker ENR GR,,17,17,table,False,False,,False,0,False,True,100,True,30,False,https://disclosures-clerk.house.gov/public_disc/ptr-pdfs/2025/20033619.pdf,,,,SIEMENS ENERGY AG (SMEGF) [ST],SIEMENS ENERGY AG (SMEGF) [ST],P,11/19/2025,12/12/2025,"$1,001 - $15,000",Filing Status: New Subholding Of: 150 Main Street Trust > Bank of America Description: Ticker ENR GR,"SIEMENS ENERGY AG (SMEGF) [ST] P 11/19/2025 12/12/2025 $1,001 - $15,000 Filing Status: New Subholding Of: 150 Main Street Trust > Bank of America Description: Ticker ENR GR",,,False,100,SMEGF,accepted,house_ptr_structure+v8_1,False,False,False,11/19/2025,False
20033619,Hon. Gilbert Cisneros,Member,CA31,20033619.pdf,2025,141,,Smurfit WestRock plc Ordinary Shares,Smurfit WestRock plc Ordinary Shares,SW,SW,ST,P,2025-11-18,2025-12-12,1001.0,15000.0,,"$1,001 - $15,000",valid_range,New,150 Main Street Trust > Bank of America,,,,17,17,table,False,False,,False,0,False,False,100,True,20,False,https://disclosures-clerk.house.gov/public_disc/ptr-pdfs/2025/20033619.pdf,,,,Smurfit WestRock plc Ordinary Shares (SW) [ST] Filing Status: New Subholding Of: 150 Main Street Trust >,Smurfit WestRock plc Ordinary Shares (SW) [ST],P Bank of America,11/18/2025,12/12/2025,"$1,001 - $15,000",,"Smurfit WestRock plc Ordinary Shares (SW) [ST] P 11/18/2025 12/12/2025 $1,001 - $15,000 Filing Status: New Subholding Of: 150 Main Street Trust > Bank of America",,,False,100,SW,accepted,house_ptr_structure+v8_1,False,False,False,11/18/2025,False
20033619,Hon. Gilbert Cisneros,Member,CA31,20033619.pdf,2025,142,,"Southeast Energy Authority Cooperative District, Alabama Bonds","Southeast Energy Authority Cooperative District, Alabama Bonds",,,GS,P,2025-12-01,2025-12-12,250001.0,500000.0,,"$250,001 - $500,000",valid_range,New,150 Main Street Trust > Bank of America,,,,17,17,table,False,False,,False,0,False,True,100,True,20,False,https://disclosures-clerk.house.gov/public_disc/ptr-pdfs/2025/20033619.pdf,,,,"Southeast Energy Authority Cooperative District, Alabama Bonds [GS]","Southeast Energy Authority Cooperative District, Alabama Bonds [GS]",P,12/01/2025,12/12/2025,"$250,001 - $500,000",Filing Status: New Subholding Of: 150 Main Street Trust > Bank of America,"Southeast Energy Authority Cooperative District, Alabama Bonds [GS] P 12/01/2025 12/12/2025 $250,001 - $500,000 Filing Status: New Subholding Of: 150 Main Street Trust > Bank of America",,,False,100,,not_applicable,,False,False,False,12/01/2025,False
20033619,Hon. Gilbert Cisneros,Member,CA31,20033619.pdf,2025,143,,Spotify Technology S.A. Ordinary Shares,Spotify Technology S.A. Ordinary Shares,SPOT,SPOT,ST,P,2025-11-18,2025-12-12,1001.0,15000.0,,"$1,001 - $15,000",valid_range,New,150 Main Street Trust > Bank of America,,,,17,17,table,False,False,,False,0,False,False,100,True,20,False,https://disclosures-clerk.house.gov/public_disc/ptr-pdfs/2025/20033619.pdf,,,,Spotify Technology S.A. Ordinary Shares (SPOT) [ST] Filing Status: New Subholding Of: 150 Main Street Trust >,Spotify Technology S.A. Ordinary Shares (SPOT) [ST],P Bank of America,11/18/2025,12/12/2025,"$1,001 - $15,000",,"Spotify Technology S.A. Ordinary Shares (SPOT) [ST] P 11/18/2025 12/12/2025 $1,001 - $15,000 Filing Status: New Subholding Of: 150 Main Street Trust > Bank of America",,,False,100,SPOT,accepted,house_ptr_structure+v8_1,False,False,False,11/18/2025,False
20033619,Hon. Gilbert Cisneros,Member,CA31,20033619.pdf,2025,144,,Spotify Technology S.A. Ordinary Shares,Spotify Technology S.A. Ordinary Shares,SPOT,SPOT,ST,S (partial),2025-11-26,2025-12-12,1001.0,15000.0,,"$1,001 - $15,000",valid_range,New,150 Main Street Trust > Bank of America,,,,17,17,table,False,False,,False,0,False,True,100,True,20,False,https://disclosures-clerk.house.gov/public_disc/ptr-pdfs/2025/20033619.pdf,,,,Spotify Technology S.A. Ordinary Shares (SPOT) [ST],Spotify Technology S.A. Ordinary Shares (SPOT) [ST],S (partial),11/26/2025,12/12/2025,"$1,001 - $15,000",Filing Status: New Subholding Of: 150 Main Street Trust > Bank of America,"Spotify Technology S.A. Ordinary Shares (SPOT) [ST] S (partial) 11/26/2025 12/12/2025 $1,001 - $15,000 Filing Status: New Subholding Of: 150 Main Street Trust > Bank of America",,,False,100,SPOT,accepted,house_ptr_structure+v8_1,False,False,False,11/26/2025,False
20033619,Hon. Gilbert Cisneros,Member,CA31,20033619.pdf,2025,145,,"SPX Technologies, Inc. Common Stock","SPX Technologies, Inc. Common Stock",SPXC,SPXC,ST,S (partial),2025-11-06,2025-12-12,1001.0,15000.0,,"$1,001 - $15,000",valid_range,New,150 Main Street Trust > Bank of America,,,,17,17,table,False,False,,False,0,False,False,100,True,20,False,https://disclosures-clerk.house.gov/public_disc/ptr-pdfs/2025/20033619.pdf,,,,"SPX Technologies, Inc. Common Stock (SPXC) [ST] Filing Status: New Subholding Of: 150 Main Street Trust >","SPX Technologies, Inc. Common Stock (SPXC) [ST]",S (partial) Bank of America,11/06/2025,12/12/2025,"$1,001 - $15,000",,"SPX Technologies, Inc. Common Stock (SPXC) [ST] S (partial) 11/06/2025 12/12/2025 $1,001 - $15,000 Filing Status: New Subholding Of: 150 Main Street Trust > Bank of America",,,False,100,SPXC,accepted,house_ptr_structure+v8_1,False,False,False,11/06/2025,False
20033619,Hon. Gilbert Cisneros,Member,CA31,20033619.pdf,2025,146,,"StandardAero, Inc. Common Stock","StandardAero, Inc. Common Stock",SARO,SARO,ST,P,2025-11-17,2025-12-12,1001.0,15000.0,,"$1,001 - $15,000",valid_range,New,150 Main Street Trust > Bank of America,,,,17,17,table,False,False,,False,0,False,True,100,True,20,False,https://disclosures-clerk.house.gov/public_disc/ptr-pdfs/2025/20033619.pdf,,,,"StandardAero, Inc. Common Stock (SARO) [ST]","StandardAero, Inc. Common Stock (SARO) [ST]",P,11/17/2025,12/12/2025,"$1,001 - $15,000",Filing Status: New Subholding Of: 150 Main Street Trust > Bank of America,"StandardAero, Inc. Common Stock (SARO) [ST] P 11/17/2025 12/12/2025 $1,001 - $15,000 Filing Status: New Subholding Of: 150 Main Street Trust > Bank of America",,,False,100,SARO,accepted,house_ptr_structure+v8_1,False,False,False,11/17/2025,False
20033619,Hon. Gilbert Cisneros,Member,CA31,20033619.pdf,2025,147,,Stifel Financial Corporation Common Stock,Stifel Financial Corporation Common Stock,SF,SF,ST,S (partial),2025-11-24,2025-12-12,1001.0,15000.0,,"$1,001 - $15,000",valid_range,New,150 Main Street Trust > Bank of America,,,,17,17,table,False,False,,False,0,False,False,100,True,20,False,https://disclosures-clerk.house.gov/public_disc/ptr-pdfs/2025/20033619.pdf,,,,Stifel Financial Corporation Common Stock (SF) [ST] Filing Status: New Subholding Of: 150 Main Street Trust >,Stifel Financial Corporation Common Stock (SF) [ST],S (partial) Bank of America,11/24/2025,12/12/2025,"$1,001 - $15,000",,"Stifel Financial Corporation Common Stock (SF) [ST] S (partial) 11/24/2025 12/12/2025 $1,001 - $15,000 Filing Status: New Subholding Of: 150 Main Street Trust > Bank of America",,,False,100,SF,accepted,house_ptr_structure+v8_1,False,False,False,11/24/2025,False
20033619,Hon. Gilbert Cisneros,Member,CA31,20033619.pdf,2025,148,,Stryker Corporation Common Stock,Stryker Corporation Common Stock,SYK,SYK,ST,P,2025-11-18,2025-12-12,1001.0,15000.0,,"$1,001 - $15,000",valid_range,New,150 Main Street Trust > Bank of America,,,,18,18,table,False,False,,False,0,False,True,100,True,20,False,https://disclosures-clerk.house.gov/public_disc/ptr-pdfs/2025/20033619.pdf,,,,Stryker Corporation Common Stock (SYK) [ST],Stryker Corporation Common Stock (SYK) [ST],P,11/18/2025,12/12/2025,"$1,001 - $15,000",Filing Status: New Subholding Of: 150 Main Street Trust > Bank of America,"Stryker Corporation Common Stock (SYK) [ST] P 11/18/2025 12/12/2025 $1,001 - $15,000 Filing Status: New Subholding Of: 150 Main Street Trust > Bank of America",,,False,100,SYK,accepted,house_ptr_structure+v8_1,False,False,False,11/18/2025,False
20033619,Hon. Gilbert Cisneros,Member,CA31,20033619.pdf,2025,149,,"Super Micro Computer, Inc. - Common Stock","Super Micro Computer, Inc. - Common Stock",SMCI,SMCI,ST,S (partial),2025-11-12,2025-12-12,1001.0,15000.0,,"$1,001 - $15,000",valid_range,New,150 Main Street Trust > Bank of America,,,,18,18,table,False,False,,False,0,False,False,100,True,20,False,https://disclosures-clerk.house.gov/public_disc/ptr-pdfs/2025/20033619.pdf,,,,"Super Micro Computer, Inc. - Common Stock (SMCI) [ST] Filing Status: New Subholding Of: 150 Main Street Trust >","Super Micro Computer, Inc. - Common Stock (SMCI) [ST]",S (partial) Bank of America,11/12/2025,12/12/2025,"$1,001 - $15,000",,"Super Micro Computer, Inc. - Common Stock (SMCI) [ST] S (partial) 11/12/2025 12/12/2025 $1,001 - $15,000 Filing Status: New Subholding Of: 150 Main Street Trust > Bank of America",,,False,100,SMCI,accepted,house_ptr_structure+v8_1,False,False,False,11/12/2025,False
20033619,Hon. Gilbert Cisneros,Member,CA31,20033619.pdf,2025,150,,"Synopsys, Inc. - Common Stock","Synopsys, Inc. - Common Stock",SNPS,SNPS,ST,S (partial),2025-11-18,2025-12-12,1001.0,15000.0,,"$1,001 - $15,000",valid_range,New,150 Main Street Trust > Bank of America,,,,18,18,table,False,False,,False,0,False,True,100,True,20,False,https://disclosures-clerk.house.gov/public_disc/ptr-pdfs/2025/20033619.pdf,,,,"Synopsys, Inc. - Common Stock (SNPS) [ST]","Synopsys, Inc. - Common Stock (SNPS) [ST]",S (partial),11/18/2025,12/12/2025,"$1,001 - $15,000",Filing Status: New Subholding Of: 150 Main Street Trust > Bank of America,"Synopsys, Inc. - Common Stock (SNPS) [ST] S (partial) 11/18/2025 12/12/2025 $1,001 - $15,000 Filing Status: New Subholding Of: 150 Main Street Trust > Bank of America",,,False,100,SNPS,accepted,house_ptr_structure+v8_1,False,False,False,11/18/2025,False
20033619,Hon. Gilbert Cisneros,Member,CA31,20033619.pdf,2025,151,,Taiwan Semiconductor Manufacturing Company Ltd.,Taiwan Semiconductor Manufacturing Company Ltd.,TSM,TSM,ST,P,2025-11-18,2025-12-12,1001.0,15000.0,,"$1,001 - $15,000",valid_range,New,150 Main Street Trust > Bank of America,,,,18,18,table,False,False,,False,0,False,False,100,True,20,False,https://disclosures-clerk.house.gov/public_disc/ptr-pdfs/2025/20033619.pdf,,,,Taiwan Semiconductor Manufacturing Company Ltd. (TSM) [ST] Filing Status: New Subholding Of: 150 Main Street Trust >,Taiwan Semiconductor Manufacturing Company Ltd. (TSM) [ST],P Bank of America,11/18/2025,12/12/2025,"$1,001 - $15,000",,"Taiwan Semiconductor Manufacturing Company Ltd. (TSM) [ST] P 11/18/2025 12/12/2025 $1,001 - $15,000 Filing Status: New Subholding Of: 150 Main Street Trust > Bank of America",,,False,100,TSM,accepted,house_ptr_structure+v8_1,False,False,False,11/18/2025,False
20033619,Hon. Gilbert Cisneros,Member,CA31,20033619.pdf,2025,152,,"Targa Resources, Inc. Common Stock","Targa Resources, Inc. Common Stock",TRGP,TRGP,ST,P,2025-11-18,2025-12-12,1001.0,15000.0,,"$1,001 - $15,000",valid_range,New,150 Main Street Trust > Bank of America,,,,18,18,table,False,False,,False,0,False,True,100,True,20,False,https://disclosures-clerk.house.gov/public_disc/ptr-pdfs/2025/20033619.pdf,,,,"Targa Resources, Inc. Common Stock (TRGP) [ST]","Targa Resources, Inc. Common Stock (TRGP) [ST]",P,11/18/2025,12/12/2025,"$1,001 - $15,000",Filing Status: New Subholding Of: 150 Main Street Trust > Bank of America,"Targa Resources, Inc. Common Stock (TRGP) [ST] P 11/18/2025 12/12/2025 $1,001 - $15,000 Filing Status: New Subholding Of: 150 Main Street Trust > Bank of America",,,False,100,TRGP,accepted,house_ptr_structure+v8_1,False,False,False,11/18/2025,False
20033619,Hon. Gilbert Cisneros,Member,CA31,20033619.pdf,2025,153,,"Targa Resources, Inc. Common Stock","Targa Resources, Inc. Common Stock",TRGP,TRGP,ST,P,2025-11-12,2025-12-12,1001.0,15000.0,,"$1,001 - $15,000",valid_range,New,150 Main Street Trust > Bank of America,,,,18,18,table,False,False,,False,0,False,False,100,True,20,False,https://disclosures-clerk.house.gov/public_disc/ptr-pdfs/2025/20033619.pdf,,,,"Targa Resources, Inc. Common Stock (TRGP) [ST] Filing Status: New Subholding Of: 150 Main Street Trust >","Targa Resources, Inc. Common Stock (TRGP) [ST]",P Bank of America,11/12/2025,12/12/2025,"$1,001 - $15,000",,"Targa Resources, Inc. Common Stock (TRGP) [ST] P 11/12/2025 12/12/2025 $1,001 - $15,000 Filing Status: New Subholding Of: 150 Main Street Trust > Bank of America",,,False,100,TRGP,accepted,house_ptr_structure+v8_1,False,False,False,11/12/2025,False
20033619,Hon. Gilbert Cisneros,Member,CA31,20033619.pdf,2025,154,,Tencent Holdings Limited Ordinary Shares,Tencent Holdings Limited Ordinary Shares,TCTZF,TCTZF,ST,P,2025-11-20,2025-12-12,1001.0,15000.0,,"$1,001 - $15,000",valid_range,New,150 Main Street Trust > Bank of America,,Ticker 700 HK,,18,18,table,False,False,,False,0,False,True,100,True,30,False,https://disclosures-clerk.house.gov/public_disc/ptr-pdfs/2025/20033619.pdf,,,,Tencent Holdings Limited Ordinary Shares (TCTZF) [ST],Tencent Holdings Limited Ordinary Shares (TCTZF) [ST],P,11/20/2025,12/12/2025,"$1,001 - $15,000",Filing Status: New Subholding Of: 150 Main Street Trust > Bank of America Description: Ticker 700 HK,"Tencent Holdings Limited Ordinary Shares (TCTZF) [ST] P 11/20/2025 12/12/2025 $1,001 - $15,000 Filing Status: New Subholding Of: 150 Main Street Trust > Bank of America Description: Ticker 700 HK",,,False,100,TCTZF,accepted,house_ptr_structure+v8_1,False,False,False,11/20/2025,False
20033619,Hon. Gilbert Cisneros,Member,CA31,20033619.pdf,2025,155,,"Tesla, Inc. - Common Stock","Tesla, Inc. - Common Stock",TSLA,TSLA,ST,P,2025-11-18,2025-12-12,1001.0,15000.0,,"$1,001 - $15,000",valid_range,New,150 Main Street Trust > Bank of America,,,,18,18,table,False,False,,False,0,False,False,100,True,20,False,https://disclosures-clerk.house.gov/public_disc/ptr-pdfs/2025/20033619.pdf,,,,"Tesla, Inc. - Common Stock (TSLA) [ST] Filing Status: New Subholding Of: 150 Main Street Trust >","Tesla, Inc. - Common Stock (TSLA) [ST]",P Bank of America,11/18/2025,12/12/2025,"$1,001 - $15,000",,"Tesla, Inc. - Common Stock (TSLA) [ST] P 11/18/2025 12/12/2025 $1,001 - $15,000 Filing Status: New Subholding Of: 150 Main Street Trust > Bank of America",,,False,100,TSLA,accepted,house_ptr_structure+v8_1,False,False,False,11/18/2025,False
20033619,Hon. Gilbert Cisneros,Member,CA31,20033619.pdf,2025,156,,The Campbell's Company - Common Stock,The Campbell's Company - Common Stock,CPB,CPB,ST,P,2025-11-18,2025-12-12,1001.0,15000.0,,"$1,001 - $15,000",valid_range,New,150 Main Street Trust > Bank of America ID Owner Asset Transaction Type Date Notification Date Amount Cap. Gains > $200?,,,,18,19,table,False,False,,True,0,False,True,98,True,20,False,https://disclosures-clerk.house.gov/public_disc/ptr-pdfs/2025/20033619.pdf,,,,The Campbell's Company - Common Stock (CPB) [ST],The Campbell's Company - Common Stock (CPB) [ST],P,11/18/2025,12/12/2025,"$1,001 - $15,000",Filing Status: New Subholding Of: 150 Main Street Trust > Bank of America ID Owner Asset Transaction Type Date Notification Date Amount Cap. Gains > $200?,"The Campbell's Company - Common Stock (CPB) [ST] P 11/18/2025 12/12/2025 $1,001 - $15,000 Filing Status: New Subholding Of: 150 Main Street Trust > Bank of America ID Owner Asset Transaction Type Date Notification Date Amount Cap. Gains > $200?",,,False,98,CPB,accepted,house_ptr_structure+v8_1,False,False,False,11/18/2025,False
20033619,Hon. Gilbert Cisneros,Member,CA31,20033619.pdf,2025,157,,The Cigna Group Common Stock,The Cigna Group Common Stock,CI,CI,ST,S,2025-11-12,2025-12-12,1001.0,15000.0,,"$1,001 - $15,000",valid_range,New,150 Main Street Trust > Bank of America,,,,19,19,table,False,False,,False,0,False,False,100,True,20,False,https://disclosures-clerk.house.gov/public_disc/ptr-pdfs/2025/20033619.pdf,,,,The Cigna Group Common Stock (CI) [ST] Filing Status: New Subholding Of: 150 Main Street Trust >,The Cigna Group Common Stock (CI) [ST],S Bank of America,11/12/2025,12/12/2025,"$1,001 - $15,000",,"The Cigna Group Common Stock (CI) [ST] S 11/12/2025 12/12/2025 $1,001 - $15,000 Filing Status: New Subholding Of: 150 Main Street Trust > Bank of America",,,False,100,CI,accepted,house_ptr_structure+v8_1,False,False,False,11/12/2025,False
20033619,Hon. Gilbert Cisneros,Member,CA31,20033619.pdf,2025,158,,"TKO Group Holdings, Inc. Class A Common Stock","TKO Group Holdings, Inc. Class A Common Stock",TKO,TKO,ST,P,2025-11-26,2025-12-12,1001.0,15000.0,,"$1,001 - $15,000",valid_range,New,150 Main Street Trust > Bank of America,,,,19,19,table,False,False,,False,0,False,True,100,True,20,False,https://disclosures-clerk.house.gov/public_disc/ptr-pdfs/2025/20033619.pdf,,,,"TKO Group Holdings, Inc. Class A Common Stock (TKO) [ST]","TKO Group Holdings, Inc. Class A Common Stock (TKO) [ST]",P,11/26/2025,12/12/2025,"$1,001 - $15,000",Filing Status: New Subholding Of: 150 Main Street Trust > Bank of America,"TKO Group Holdings, Inc. Class A Common Stock (TKO) [ST] P 11/26/2025 12/12/2025 $1,001 - $15,000 Filing Status: New Subholding Of: 150 Main Street Trust > Bank of America",,,False,100,TKO,accepted,house_ptr_structure+v8_1,False,False,False,11/26/2025,False
20033619,Hon. Gilbert Cisneros,Member,CA31,20033619.pdf,2025,159,,Transdigm Group Incorporated Common Stock,Transdigm Group Incorporated Common Stock,TDG,TDG,ST,P,2025-11-18,2025-12-12,1001.0,15000.0,,"$1,001 - $15,000",valid_range,New,150 Main Street Trust > Bank of America,,,,19,19,table,False,False,,False,0,False,False,100,True,20,False,https://disclosures-clerk.house.gov/public_disc/ptr-pdfs/2025/20033619.pdf,,,,Transdigm Group Incorporated Common Stock (TDG) [ST] Filing Status: New Subholding Of: 150 Main Street Trust >,Transdigm Group Incorporated Common Stock (TDG) [ST],P Bank of America,11/18/2025,12/12/2025,"$1,001 - $15,000",,"Transdigm Group Incorporated Common Stock (TDG) [ST] P 11/18/2025 12/12/2025 $1,001 - $15,000 Filing Status: New Subholding Of: 150 Main Street Trust > Bank of America",,,False,100,TDG,accepted,house_ptr_structure+v8_1,False,False,False,11/18/2025,False
20033619,Hon. Gilbert Cisneros,Member,CA31,20033619.pdf,2025,160,,"Uber Technologies, Inc. Common Stock","Uber Technologies, Inc. Common Stock",UBER,UBER,ST,P,2025-11-18,2025-12-12,1001.0,15000.0,,"$1,001 - $15,000",valid_range,New,150 Main Street Trust > Bank of America,,,,19,19,table,False,False,,False,0,False,True,100,True,20,False,https://disclosures-clerk.house.gov/public_disc/ptr-pdfs/2025/20033619.pdf,,,,"Uber Technologies, Inc. Common Stock (UBER) [ST]","Uber Technologies, Inc. Common Stock (UBER) [ST]",P,11/18/2025,12/12/2025,"$1,001 - $15,000",Filing Status: New Subholding Of: 150 Main Street Trust > Bank of America,"Uber Technologies, Inc. Common Stock (UBER) [ST] P 11/18/2025 12/12/2025 $1,001 - $15,000 Filing Status: New Subholding Of: 150 Main Street Trust > Bank of America",,,False,100,UBER,accepted,house_ptr_structure+v8_1,False,False,False,11/18/2025,False
20033619,Hon. Gilbert Cisneros,Member,CA31,20033619.pdf,2025,161,,"UFP Industries, Inc. - Common Stock","UFP Industries, Inc. - Common Stock",UFPI,UFPI,ST,S (partial),2025-11-06,2025-12-12,1001.0,15000.0,,"$1,001 - $15,000",valid_range,New,150 Main Street Trust > Bank of America,,,,19,19,table,False,False,,False,0,False,False,100,True,20,False,https://disclosures-clerk.house.gov/public_disc/ptr-pdfs/2025/20033619.pdf,,,,"UFP Industries, Inc. - Common Stock (UFPI) [ST] Filing Status: New Subholding Of: 150 Main Street Trust >","UFP Industries, Inc. - Common Stock (UFPI) [ST]",S (partial) Bank of America,11/06/2025,12/12/2025,"$1,001 - $15,000",,"UFP Industries, Inc. - Common Stock (UFPI) [ST] S (partial) 11/06/2025 12/12/2025 $1,001 - $15,000 Filing Status: New Subholding Of: 150 Main Street Trust > Bank of America",,,False,100,UFPI,accepted,house_ptr_structure+v8_1,False,False,False,11/06/2025,False
20033619,Hon. Gilbert Cisneros,Member,CA31,20033619.pdf,2025,162,,UNICREDITO SPA ORD NEW,UNICREDITO SPA ORD NEW,UNCFF,UNCFF,ST,P,2025-11-19,2025-12-12,1001.0,15000.0,,"$1,001 - $15,000",valid_range,New,150 Main Street Trust > Bank of America,,Ticker UCGIM,,19,19,table,False,False,,False,0,False,True,100,True,30,False,https://disclosures-clerk.house.gov/public_disc/ptr-pdfs/2025/20033619.pdf,,,,UNICREDITO SPA ORD NEW (UNCFF) [ST],UNICREDITO SPA ORD NEW (UNCFF) [ST],P,11/19/2025,12/12/2025,"$1,001 - $15,000",Filing Status: New Subholding Of: 150 Main Street Trust > Bank of America Description: Ticker UCGIM,"UNICREDITO SPA ORD NEW (UNCFF) [ST] P 11/19/2025 12/12/2025 $1,001 - $15,000 Filing Status: New Subholding Of: 150 Main Street Trust > Bank of America Description: Ticker UCGIM",,,False,100,UNCFF,accepted,house_ptr_structure+v8_1,False,False,False,11/19/2025,False
20033619,Hon. Gilbert Cisneros,Member,CA31,20033619.pdf,2025,163,,"United Parcel Service, Inc. Common Stock","United Parcel Service, Inc. Common Stock",UPS,UPS,ST,P,2025-11-18,2025-12-12,1001.0,15000.0,,"$1,001 - $15,000",valid_range,New,150 Main Street Trust > Bank of America,,,,19,19,table,False,False,,False,0,False,False,100,True,20,False,https://disclosures-clerk.house.gov/public_disc/ptr-pdfs/2025/20033619.pdf,,,,"United Parcel Service, Inc. Common Stock (UPS) [ST] Filing Status: New Subholding Of: 150 Main Street Trust >","United Parcel Service, Inc. Common Stock (UPS) [ST]",P Bank of America,11/18/2025,12/12/2025,"$1,001 - $15,000",,"United Parcel Service, Inc. Common Stock (UPS) [ST] P 11/18/2025 12/12/2025 $1,001 - $15,000 Filing Status: New Subholding Of: 150 Main Street Trust > Bank of America",,,False,100,UPS,accepted,house_ptr_structure+v8_1,False,False,False,11/18/2025,False
20033619,Hon. Gilbert Cisneros,Member,CA31,20033619.pdf,2025,164,,UnitedHealth Group Incorporated Common Stock,UnitedHealth Group Incorporated Common Stock,UNH,UNH,ST,S (partial),2025-11-12,2025-12-12,1001.0,15000.0,,"$1,001 - $15,000",valid_range,New,150 Main Street Trust > Bank of America,,,,19,19,table,False,False,,False,0,False,True,100,True,20,False,https://disclosures-clerk.house.gov/public_disc/ptr-pdfs/2025/20033619.pdf,,,,UnitedHealth Group Incorporated Common Stock (UNH) [ST],UnitedHealth Group Incorporated Common Stock (UNH) [ST],S (partial),11/12/2025,12/12/2025,"$1,001 - $15,000",Filing Status: New Subholding Of: 150 Main Street Trust > Bank of America,"UnitedHealth Group Incorporated Common Stock (UNH) [ST] S (partial) 11/12/2025 12/12/2025 $1,001 - $15,000 Filing Status: New Subholding Of: 150 Main Street Trust > Bank of America",,,False,100,UNH,accepted,house_ptr_structure+v8_1,False,False,False,11/12/2025,False
20033619,Hon. Gilbert Cisneros,Member,CA31,20033619.pdf,2025,165,,"Ventas, Inc. Common Stock","Ventas, Inc. Common Stock",VTR,VTR,ST,P,2025-11-12,2025-12-12,1001.0,15000.0,,"$1,001 - $15,000",valid_range,New,150 Main Street Trust > Bank of America,,,,19,20,table,False,False,,True,0,False,False,98,True,20,False,https://disclosures-clerk.house.gov/public_disc/ptr-pdfs/2025/20033619.pdf,,,,"Ventas, Inc. Common Stock (VTR) [ST] Filing Status: New","Ventas, Inc. Common Stock (VTR) [ST] Subholding Of: 150 Main Street Trust > Bank of America",P,11/12/2025,12/12/2025,"$1,001 - $15,000",Subholding Of: 150 Main Street Trust > Bank of America,"Ventas, Inc. Common Stock (VTR) [ST] P 11/12/2025 12/12/2025 $1,001 - $15,000 Filing Status: New Subholding Of: 150 Main Street Trust > Bank of America",,,False,98,VTR,accepted,house_ptr_structure+v8_1,False,False,False,11/12/2025,False
20033619,Hon. Gilbert Cisneros,Member,CA31,20033619.pdf,2025,166,,"Veracyte, Inc. - Common Stock","Veracyte, Inc. - Common Stock",VCYT,VCYT,ST,S (partial),2025-11-12,2025-12-12,1001.0,15000.0,,"$1,001 - $15,000",valid_range,New,150 Main Street Trust > Bank of America,,,,20,20,table,False,False,,False,0,False,True,100,True,20,False,https://disclosures-clerk.house.gov/public_disc/ptr-pdfs/2025/20033619.pdf,,,,"Veracyte, Inc. - Common Stock (VCYT) [ST]","Veracyte, Inc. - Common Stock (VCYT) [ST]",S (partial),11/12/2025,12/12/2025,"$1,001 - $15,000",Filing Status: New Subholding Of: 150 Main Street Trust > Bank of America,"Veracyte, Inc. - Common Stock (VCYT) [ST] S (partial) 11/12/2025 12/12/2025 $1,001 - $15,000 Filing Status: New Subholding Of: 150 Main Street Trust > Bank of America",,,False,100,VCYT,accepted,house_ptr_structure+v8_1,False,False,False,11/12/2025,False
20033619,Hon. Gilbert Cisneros,Member,CA31,20033619.pdf,2025,167,,"Verisk Analytics, Inc. - Common Stock","Verisk Analytics, Inc. - Common Stock",VRSK,VRSK,ST,P,2025-11-18,2025-12-12,1001.0,15000.0,,"$1,001 - $15,000",valid_range,New,150 Main Street Trust > Bank of America,,,,20,20,table,False,False,,False,0,False,False,100,True,20,False,https://disclosures-clerk.house.gov/public_disc/ptr-pdfs/2025/20033619.pdf,,,,"Verisk Analytics, Inc. - Common Stock (VRSK) [ST] Filing Status: New Subholding Of: 150 Main Street Trust >","Verisk Analytics, Inc. - Common Stock (VRSK) [ST]",P Bank of America,11/18/2025,12/12/2025,"$1,001 - $15,000",,"Verisk Analytics, Inc. - Common Stock (VRSK) [ST] P 11/18/2025 12/12/2025 $1,001 - $15,000 Filing Status: New Subholding Of: 150 Main Street Trust > Bank of America",,,False,100,VRSK,accepted,house_ptr_structure+v8_1,False,False,False,11/18/2025,False
20033619,Hon. Gilbert Cisneros,Member,CA31,20033619.pdf,2025,168,,"Vertiv Holdings, LLC Class A Common Stock","Vertiv Holdings, LLC Class A Common Stock",VRT,VRT,ST,P,2025-11-18,2025-12-12,1001.0,15000.0,,"$1,001 - $15,000",valid_range,New,150 Main Street Trust > Bank of America,,,,20,20,table,False,False,,False,0,False,True,100,True,20,False,https://disclosures-clerk.house.gov/public_disc/ptr-pdfs/2025/20033619.pdf,,,,"Vertiv Holdings, LLC Class A Common Stock (VRT) [ST]","Vertiv Holdings, LLC Class A Common Stock (VRT) [ST]",P,11/18/2025,12/12/2025,"$1,001 - $15,000",Filing Status: New Subholding Of: 150 Main Street Trust > Bank of America,"Vertiv Holdings, LLC Class A Common Stock (VRT) [ST] P 11/18/2025 12/12/2025 $1,001 - $15,000 Filing Status: New Subholding Of: 150 Main Street Trust > Bank of America",,,False,100,VRT,accepted,house_ptr_structure+v8_1,False,False,False,11/18/2025,False
20033619,Hon. Gilbert Cisneros,Member,CA31,20033619.pdf,2025,169,,Viatris Inc. - Common Stock,Viatris Inc. - Common Stock,VTRS,VTRS,ST,P,2025-11-18,2025-12-12,1001.0,15000.0,,"$1,001 - $15,000",valid_range,New,150 Main Street Trust > Bank of America,,,,20,20,table,False,False,,False,0,False,False,100,True,20,False,https://disclosures-clerk.house.gov/public_disc/ptr-pdfs/2025/20033619.pdf,,,,Viatris Inc. - Common Stock (VTRS) [ST] Filing Status: New Subholding Of: 150 Main Street Trust >,Viatris Inc. - Common Stock (VTRS) [ST],P Bank of America,11/18/2025,12/12/2025,"$1,001 - $15,000",,"Viatris Inc. - Common Stock (VTRS) [ST] P 11/18/2025 12/12/2025 $1,001 - $15,000 Filing Status: New Subholding Of: 150 Main Street Trust > Bank of America",,,False,100,VTRS,accepted,house_ptr_structure+v8_1,False,False,False,11/18/2025,False
20033619,Hon. Gilbert Cisneros,Member,CA31,20033619.pdf,2025,170,,Viavi Solutions Inc. - Common Stock,Viavi Solutions Inc. - Common Stock,VIAV,VIAV,ST,S (partial),2025-11-13,2025-12-12,1001.0,15000.0,,"$1,001 - $15,000",valid_range,New,150 Main Street Trust > Bank of America,,,,20,20,table,False,False,,False,0,False,True,100,True,20,False,https://disclosures-clerk.house.gov/public_disc/ptr-pdfs/2025/20033619.pdf,,,,Viavi Solutions Inc. - Common Stock (VIAV) [ST],Viavi Solutions Inc. - Common Stock (VIAV) [ST],S (partial),11/13/2025,12/12/2025,"$1,001 - $15,000",Filing Status: New Subholding Of: 150 Main Street Trust > Bank of America,"Viavi Solutions Inc. - Common Stock (VIAV) [ST] S (partial) 11/13/2025 12/12/2025 $1,001 - $15,000 Filing Status: New Subholding Of: 150 Main Street Trust > Bank of America",,,False,100,VIAV,accepted,house_ptr_structure+v8_1,False,False,False,11/13/2025,False
20033619,Hon. Gilbert Cisneros,Member,CA31,20033619.pdf,2025,171,,Walmart Inc. Common Stock,Walmart Inc. Common Stock,WMT,WMT,ST,P,2025-11-18,2025-12-12,1001.0,15000.0,,"$1,001 - $15,000",valid_range,New,150 Main Street Trust > Bank of America,,,,20,20,table,False,False,,False,0,False,False,100,True,20,False,https://disclosures-clerk.house.gov/public_disc/ptr-pdfs/2025/20033619.pdf,,,,Walmart Inc. Common Stock (WMT) [ST] Filing Status: New Subholding Of: 150 Main Street Trust >,Walmart Inc. Common Stock (WMT) [ST],P Bank of America,11/18/2025,12/12/2025,"$1,001 - $15,000",,"Walmart Inc. Common Stock (WMT) [ST] P 11/18/2025 12/12/2025 $1,001 - $15,000 Filing Status: New Subholding Of: 150 Main Street Trust > Bank of America",,,False,100,WMT,accepted,house_ptr_structure+v8_1,False,False,False,11/18/2025,False
20033619,Hon. Gilbert Cisneros,Member,CA31,20033619.pdf,2025,172,,"Warner Bros. Discovery, Inc. - Series A Common Stock","Warner Bros. Discovery, Inc. - Series A Common Stock",WBD,WBD,ST,P,2025-11-18,2025-12-12,1001.0,15000.0,,"$1,001 - $15,000",valid_range,New,150 Main Street Trust > Bank of America,,,,20,20,table,False,False,,False,0,False,True,100,True,20,False,https://disclosures-clerk.house.gov/public_disc/ptr-pdfs/2025/20033619.pdf,,,,"Warner Bros. Discovery, Inc. - Series A Common Stock (WBD) [ST]","Warner Bros. Discovery, Inc. - Series A Common Stock (WBD) [ST]",P,11/18/2025,12/12/2025,"$1,001 - $15,000",Filing Status: New Subholding Of: 150 Main Street Trust > Bank of America,"Warner Bros. Discovery, Inc. - Series A Common Stock (WBD) [ST] P 11/18/2025 12/12/2025 $1,001 - $15,000 Filing Status: New Subholding Of: 150 Main Street Trust > Bank of America",,,False,100,WBD,accepted,house_ptr_structure+v8_1,False,False,False,11/18/2025,False
20033619,Hon. Gilbert Cisneros,Member,CA31,20033619.pdf,2025,173,,WaterBridge Infrastructure LLC Class A Shares Representing Limited Liability Company Interests,WaterBridge Infrastructure LLC Class A Shares Representing Limited Liability Company Interests,WBI,WBI,ST,P,2025-11-11,2025-12-12,100001.0,250000.0,,"$100,001 - $250,000",valid_range,New,150 Main Street Trust > Wells Fargo Advisors,,,,20,20,table,False,False,,False,0,False,False,100,True,20,False,https://disclosures-clerk.house.gov/public_disc/ptr-pdfs/2025/20033619.pdf,,,,WaterBridge Infrastructure LLC Class A Shares Representing Limited Liability Company Interests (WBI) [ST] Filing Status: New Subholding Of: 150 Main Street Trust >,WaterBridge Infrastructure LLC Class A Shares Representing Limited Liability Company Interests (WBI) [ST],P Wells Fargo Advi,11/11/2025 isors,12/12/2025,"$100,001 - $250,000",,"WaterBridge Infrastructure LLC Class A Shares Representing Limited Liability Company Interests (WBI) [ST] P 11/11/2025 12/12/2025 $100,001 - $250,000 Filing Status: New Subholding Of: 150 Main Street Trust > Wells Fargo Advisors",,,False,100,WBI,accepted,house_ptr_structure+v8_1,False,False,True,11/11/2025,False
20033619,Hon. Gilbert Cisneros,Member,CA31,20033619.pdf,2025,174,,WaterBridge Infrastructure LLC Class A Shares Representing Limited,WaterBridge Infrastructure LLC Class A Shares Representing Limited,WBI,WBI,ST,P,2025-11-12,2025-12-12,50001.0,100000.0,,"$50,001 - $100,000",valid_range,New,150 Main Street Trust > Wells Fargo Advisors,,,,20,21,table,False,False,,True,0,False,True,98,True,20,False,https://disclosures-clerk.house.gov/public_disc/ptr-pdfs/2025/20033619.pdf,,,,WaterBridge Infrastructure LLC Class A Shares Representing Limited,WaterBridge Infrastructure LLC Class A Shares Representing Limited Type Date Gains > $200? Liability Company Interests (WBI) [ST],P,11/12/2025,12/12/2025,"$50,001 - $100,000",Type Date Gains > $200? Liability Company Interests (WBI) [ST] Filing Status: New Subholding Of: 150 Main Street Trust > Wells Fargo Advisors,"WaterBridge Infrastructure LLC Class A Shares Representing Limited P 11/12/2025 12/12/2025 $50,001 - $100,000 Type Date Gains > $200? Liability Company Interests (WBI) [ST] Filing Status: New Subholding Of: 150 Main Street Trust > Wells Fargo Advisors",,,False,98,WBI,accepted,house_ptr_structure+v8_1,False,False,False,11/12/2025,False
20033619,Hon. Gilbert Cisneros,Member,CA31,20033619.pdf,2025,175,,Wells Fargo & Company Common Stock,Wells Fargo & Company Common Stock,WFC,WFC,ST,P,2025-11-18,2025-12-12,1001.0,15000.0,,"$1,001 - $15,000",valid_range,New,150 Main Street Trust > Bank of America,,,,21,21,table,False,False,,False,0,False,False,100,True,20,False,https://disclosures-clerk.house.gov/public_disc/ptr-pdfs/2025/20033619.pdf,,,,Wells Fargo & Company Common Stock (WFC) [ST] Filing Status: New Subholding Of: 150 Main Street Trust >,Wells Fargo & Company Common Stock (WFC) [ST],P Bank of America,11/18/2025,12/12/2025,"$1,001 - $15,000",,"Wells Fargo & Company Common Stock (WFC) [ST] P 11/18/2025 12/12/2025 $1,001 - $15,000 Filing Status: New Subholding Of: 150 Main Street Trust > Bank of America",,,False,100,WFC,accepted,house_ptr_structure+v8_1,False,False,False,11/18/2025,False
20033619,Hon. Gilbert Cisneros,Member,CA31,20033619.pdf,2025,176,,Wheaton Precious Metals Corp Common Shares,Wheaton Precious Metals Corp Common Shares,WPM,WPM,ST,P,2025-11-18,2025-12-12,1001.0,15000.0,,"$1,001 - $15,000",valid_range,New,150 Main Street Trust > Bank of America,,,,21,21,table,False,False,,False,0,False,True,100,True,20,False,https://disclosures-clerk.house.gov/public_disc/ptr-pdfs/2025/20033619.pdf,,,,Wheaton Precious Metals Corp Common Shares (WPM) [ST],Wheaton Precious Metals Corp Common Shares (WPM) [ST],P,11/18/2025,12/12/2025,"$1,001 - $15,000",Filing Status: New Subholding Of: 150 Main Street Trust > Bank of America,"Wheaton Precious Metals Corp Common Shares (WPM) [ST] P 11/18/2025 12/12/2025 $1,001 - $15,000 Filing Status: New Subholding Of: 150 Main Street Trust > Bank of America",,,False,100,WPM,accepted,house_ptr_structure+v8_1,False,False,False,11/18/2025,False
20033619,Hon. Gilbert Cisneros,Member,CA31,20033619.pdf,2025,177,,XIAOMI CORP,XIAOMI CORP,XIACF,XIACF,ST,P,2025-11-19,2025-12-12,1001.0,15000.0,,"$1,001 - $15,000",valid_range,New,150 Main Street Trust > Bank of America,,Ticker 1810HK,,21,21,table,False,False,,False,0,False,False,100,True,30,False,https://disclosures-clerk.house.gov/public_disc/ptr-pdfs/2025/20033619.pdf,,,,XIAOMI CORP (XIACF) [ST] Filing Status: New Subholding Of: 150 Main Street Trust > Description: Ticker 1810HK,XIAOMI CORP (XIACF) [ST],P Bank of America,11/19/2025,12/12/2025,"$1,001 - $15,000",,"XIAOMI CORP (XIACF) [ST] P 11/19/2025 12/12/2025 $1,001 - $15,000 Filing Status: New Subholding Of: 150 Main Street Trust > Bank of America Description: Ticker 1810HK",,,False,100,XIACF,accepted,house_ptr_structure+v8_1,False,False,False,11/19/2025,False
20033619,Hon. Gilbert Cisneros,Member,CA31,20033619.pdf,2025,178,,Zoetis Inc. Class A Common Stock,Zoetis Inc. Class A Common Stock,ZTS,ZTS,ST,P,2025-11-18,2025-12-12,1001.0,15000.0,,"$1,001 - $15,000",valid_range,New,150 Main Street Trust > Bank of America,,,,21,21,table,False,False,,False,0,False,True,100,True,20,False,https://disclosures-clerk.house.gov/public_disc/ptr-pdfs/2025/20033619.pdf,,,,Zoetis Inc. Class A Common Stock (ZTS) [ST],Zoetis Inc. Class A Common Stock (ZTS) [ST],P,11/18/2025,12/12/2025,"$1,001 - $15,000",Filing Status: New Subholding Of: 150 Main Street Trust > Bank of America,"Zoetis Inc. Class A Common Stock (ZTS) [ST] P 11/18/2025 12/12/2025 $1,001 - $15,000 Filing Status: New Subholding Of: 150 Main Street Trust > Bank of America",,,False,100,ZTS,accepted,house_ptr_structure+v8_1,False,False,False,11/18/2025,False
