filing_id,politician,member_status,state_district,source_pdf,source_year,transaction_number_in_filing,owner,asset_v8_2_cleaned,asset_v8_1,ticker_v8_2_cleaned,ticker_v8_1,asset_type,transaction_type,transaction_date,notification_date,amount_min,amount_max,amount_exact,amount_category,amount_status,filing_status,subholding,location,description,comments,page,last_page,page_parse_method,page_recovery_used,filing_page_completeness_issue,suspected_missed_pages,page_continuation_used,duplicate_geometry_rows_merged,possible_adjacent_same_signature,row_shaded,geometry_quality_score,unicode_repair_applied,unicode_repair_count,needs_review,original_pdf_url,review_level,review_reason,owner_raw,asset_raw,asset_lookup_context,transaction_type_raw,transaction_date_raw,notification_date_raw,amount_raw,continuation_raw,detail_raw,review_reason_v8_1,review_level_v8_1,needs_review_v8_1,geometry_quality_score_v8_1,ticker_candidate_raw,ticker_parse_status,ticker_validation_source,ticker_changed,asset_changed_by_ticker_resolver,raw_date_has_extra_text,raw_date_prefix,date_prefix_disagrees
20030891,Hon. Lisa McClain,Member,MI09,20030891.pdf,2025,1,SP,Abbott Laboratories Common Stock,Abbott Laboratories Common Stock,ABT,ABT,ST,S,2025-07-10,2025-08-13,1001.0,15000.0,,"$1,001 - $15,000",valid_range,New,Charles Schwab Brokerage Account 924,,,,1,1,table,False,False,,False,0,False,False,100,True,20,False,https://disclosures-clerk.house.gov/public_disc/ptr-pdfs/2025/20030891.pdf,,,SP,Abbott Laboratories Common Stock (ABT) [ST] Filing Status: New Subholding Of: Charles Schwab Brokera,Abbott Laboratories Common Stock (ABT) [ST],S age Account 924,07/10/2025,08/13/2025,"$1,001 - $15,000",,"SP Abbott Laboratories Common Stock (ABT) [ST] S 07/10/2025 08/13/2025 $1,001 - $15,000 Filing Status: New Subholding Of: Charles Schwab Brokerage Account 924",,,False,100,ABT,accepted,house_ptr_structure+v8_1,False,False,False,07/10/2025,False
20030891,Hon. Lisa McClain,Member,MI09,20030891.pdf,2025,2,SP,Abbott Laboratories Common Stock,Abbott Laboratories Common Stock,ABT,ABT,ST,P,2025-06-24,2025-08-13,1001.0,15000.0,,"$1,001 - $15,000",valid_range,New,Charles Schwab Brokerage Account 924,,,,1,1,table,False,False,,False,0,False,True,100,True,20,False,https://disclosures-clerk.house.gov/public_disc/ptr-pdfs/2025/20030891.pdf,,,SP,Abbott Laboratories Common Stock (ABT) [ST],Abbott Laboratories Common Stock (ABT) [ST],P,06/24/2025,08/13/2025,"$1,001 - $15,000",Filing Status: New Subholding Of: Charles Schwab Brokerage Account 924,"SP Abbott Laboratories Common Stock (ABT) [ST] P 06/24/2025 08/13/2025 $1,001 - $15,000 Filing Status: New Subholding Of: Charles Schwab Brokerage Account 924",,,False,100,ABT,accepted,house_ptr_structure+v8_1,False,False,False,06/24/2025,False
20030891,Hon. Lisa McClain,Member,MI09,20030891.pdf,2025,3,SP,AbbVie Inc. Common Stock,AbbVie Inc. Common Stock,ABBV,ABBV,ST,P,2025-06-17,2025-08-13,1001.0,15000.0,,"$1,001 - $15,000",valid_range,New,Charles Schwab Brokerage Account 924,,,,1,1,table,False,False,,False,0,False,False,100,True,20,False,https://disclosures-clerk.house.gov/public_disc/ptr-pdfs/2025/20030891.pdf,,,SP,AbbVie Inc. Common Stock (ABBV) [ST] Filing Status: New Subholding Of: Charles Schwab Brokera,AbbVie Inc. Common Stock (ABBV) [ST],P age Account 924,06/17/2025,08/13/2025,"$1,001 - $15,000",,"SP AbbVie Inc. Common Stock (ABBV) [ST] P 06/17/2025 08/13/2025 $1,001 - $15,000 Filing Status: New Subholding Of: Charles Schwab Brokerage Account 924",,,False,100,ABBV,accepted,house_ptr_structure+v8_1,False,False,False,06/17/2025,False
20030891,Hon. Lisa McClain,Member,MI09,20030891.pdf,2025,4,SP,AbbVie Inc. Common Stock,AbbVie Inc. Common Stock,ABBV,ABBV,ST,S (partial),2025-07-22,2025-08-13,1001.0,15000.0,,"$1,001 - $15,000",valid_range,New,Charles Schwab Brokerage Account 924,,,,1,1,table,False,False,,False,0,False,True,100,True,20,False,https://disclosures-clerk.house.gov/public_disc/ptr-pdfs/2025/20030891.pdf,,,SP,AbbVie Inc. Common Stock (ABBV) [ST],AbbVie Inc. Common Stock (ABBV) [ST],S (partial),07/22/2025,08/13/2025,"$1,001 - $15,000",Filing Status: New Subholding Of: Charles Schwab Brokerage Account 924,"SP AbbVie Inc. Common Stock (ABBV) [ST] S (partial) 07/22/2025 08/13/2025 $1,001 - $15,000 Filing Status: New Subholding Of: Charles Schwab Brokerage Account 924",,,False,100,ABBV,accepted,house_ptr_structure+v8_1,False,False,False,07/22/2025,False
20030891,Hon. Lisa McClain,Member,MI09,20030891.pdf,2025,5,SP,AbbVie Inc. Common Stock,AbbVie Inc. Common Stock,ABBV,ABBV,ST,P,2025-07-22,2025-08-13,1001.0,15000.0,,"$1,001 - $15,000",valid_range,New,Charles Schwab Brokerage Account 924,,,,1,1,table,False,False,,False,0,False,False,100,True,20,False,https://disclosures-clerk.house.gov/public_disc/ptr-pdfs/2025/20030891.pdf,,,SP,AbbVie Inc. Common Stock (ABBV) [ST] Filing Status: New Subholding Of: Charles Schwab Brokera,AbbVie Inc. Common Stock (ABBV) [ST],P age Account 924,07/22/2025,08/13/2025,"$1,001 - $15,000",,"SP AbbVie Inc. Common Stock (ABBV) [ST] P 07/22/2025 08/13/2025 $1,001 - $15,000 Filing Status: New Subholding Of: Charles Schwab Brokerage Account 924",,,False,100,ABBV,accepted,house_ptr_structure+v8_1,False,False,False,07/22/2025,False
20030891,Hon. Lisa McClain,Member,MI09,20030891.pdf,2025,6,SP,Accenture plc Class A Ordinary Shares,Accenture plc Class A Ordinary Shares,ACN,ACN,ST,S,2025-07-10,2025-08-13,1001.0,15000.0,,"$1,001 - $15,000",valid_range,New,Charles Schwab Brokerage Account 924,,,,1,1,table,False,False,,False,0,False,True,100,True,20,False,https://disclosures-clerk.house.gov/public_disc/ptr-pdfs/2025/20030891.pdf,,,SP,Accenture plc Class A Ordinary Shares (ACN) [ST],Accenture plc Class A Ordinary Shares (ACN) [ST],S,07/10/2025,08/13/2025,"$1,001 - $15,000",Filing Status: New Subholding Of: Charles Schwab Brokerage Account 924,"SP Accenture plc Class A Ordinary Shares (ACN) [ST] S 07/10/2025 08/13/2025 $1,001 - $15,000 Filing Status: New Subholding Of: Charles Schwab Brokerage Account 924",,,False,100,ACN,accepted,house_ptr_structure+v8_1,False,False,False,07/10/2025,False
20030891,Hon. Lisa McClain,Member,MI09,20030891.pdf,2025,7,SP,Accenture plc Class A Ordinary Shares,Accenture plc Class A Ordinary Shares,ACN,ACN,ST,P,2025-06-24,2025-08-13,1001.0,15000.0,,"$1,001 - $15,000",valid_range,New,Charles Schwab Brokerage Account 924,,,,2,2,table,False,False,,False,0,False,False,100,True,20,False,https://disclosures-clerk.house.gov/public_disc/ptr-pdfs/2025/20030891.pdf,,,SP,Accenture plc Class A Ordinary Shares (ACN) [ST] Filing Status: New Subholding Of: Charles Schwab Brokera,Accenture plc Class A Ordinary Shares (ACN) [ST],P age Account 924,06/24/2025,08/13/2025,"$1,001 - $15,000",,"SP Accenture plc Class A Ordinary Shares (ACN) [ST] P 06/24/2025 08/13/2025 $1,001 - $15,000 Filing Status: New Subholding Of: Charles Schwab Brokerage Account 924",,,False,100,ACN,accepted,house_ptr_structure+v8_1,False,False,False,06/24/2025,False
20030891,Hon. Lisa McClain,Member,MI09,20030891.pdf,2025,8,SP,Adobe Inc. - Common Stock,Adobe Inc. - Common Stock,ADBE,ADBE,ST,P,2025-06-23,2025-08-13,1001.0,15000.0,,"$1,001 - $15,000",valid_range,New,Charles Schwab Brokerage Account 924,,,,2,2,table,False,False,,False,0,False,True,100,True,20,False,https://disclosures-clerk.house.gov/public_disc/ptr-pdfs/2025/20030891.pdf,,,SP,Adobe Inc. - Common Stock (ADBE) [ST],Adobe Inc. - Common Stock (ADBE) [ST],P,06/23/2025,08/13/2025,"$1,001 - $15,000",Filing Status: New Subholding Of: Charles Schwab Brokerage Account 924,"SP Adobe Inc. - Common Stock (ADBE) [ST] P 06/23/2025 08/13/2025 $1,001 - $15,000 Filing Status: New Subholding Of: Charles Schwab Brokerage Account 924",,,False,100,ADBE,accepted,house_ptr_structure+v8_1,False,False,False,06/23/2025,False
20030891,Hon. Lisa McClain,Member,MI09,20030891.pdf,2025,9,SP,Adobe Inc. - Common Stock,Adobe Inc. - Common Stock,ADBE,ADBE,ST,S,2025-07-10,2025-08-13,1001.0,15000.0,,"$1,001 - $15,000",valid_range,New,Charles Schwab Brokerage Account 924,,,,2,2,table,False,False,,False,0,False,False,100,True,20,False,https://disclosures-clerk.house.gov/public_disc/ptr-pdfs/2025/20030891.pdf,,,SP,Adobe Inc. - Common Stock (ADBE) [ST] Filing Status: New Subholding Of: Charles Schwab Brokera,Adobe Inc. - Common Stock (ADBE) [ST],S age Account 924,07/10/2025,08/13/2025,"$1,001 - $15,000",,"SP Adobe Inc. - Common Stock (ADBE) [ST] S 07/10/2025 08/13/2025 $1,001 - $15,000 Filing Status: New Subholding Of: Charles Schwab Brokerage Account 924",,,False,100,ADBE,accepted,house_ptr_structure+v8_1,False,False,False,07/10/2025,False
20030891,Hon. Lisa McClain,Member,MI09,20030891.pdf,2025,10,SP,"Advanced Drainage Systems, Inc. Common Stock","Advanced Drainage Systems, Inc. Common Stock",WMS,WMS,ST,P,2025-06-17,2025-08-13,1001.0,15000.0,,"$1,001 - $15,000",valid_range,New,Charles Schwab Brokerage Account 924,,,,2,2,table,False,False,,False,0,False,True,100,True,20,False,https://disclosures-clerk.house.gov/public_disc/ptr-pdfs/2025/20030891.pdf,,,SP,"Advanced Drainage Systems, Inc. Common Stock (WMS) [ST]","Advanced Drainage Systems, Inc. Common Stock (WMS) [ST]",P,06/17/2025,08/13/2025,"$1,001 - $15,000",Filing Status: New Subholding Of: Charles Schwab Brokerage Account 924,"SP Advanced Drainage Systems, Inc. Common Stock (WMS) [ST] P 06/17/2025 08/13/2025 $1,001 - $15,000 Filing Status: New Subholding Of: Charles Schwab Brokerage Account 924",,,False,100,WMS,accepted,house_ptr_structure+v8_1,False,False,False,06/17/2025,False
20030891,Hon. Lisa McClain,Member,MI09,20030891.pdf,2025,11,SP,"Advanced Drainage Systems, Inc. Common Stock","Advanced Drainage Systems, Inc. Common Stock",WMS,WMS,ST,S,2025-07-16,2025-08-13,1001.0,15000.0,,"$1,001 - $15,000",valid_range,New,Charles Schwab Brokerage Account 924,,,,2,2,table,False,False,,False,0,False,False,100,True,20,False,https://disclosures-clerk.house.gov/public_disc/ptr-pdfs/2025/20030891.pdf,,,SP,"Advanced Drainage Systems, Inc. Common Stock (WMS) [ST] Filing Status: New Subholding Of: Charles Schwab Brokera","Advanced Drainage Systems, Inc. Common Stock (WMS) [ST]",S age Account 924,07/16/2025,08/13/2025,"$1,001 - $15,000",,"SP Advanced Drainage Systems, Inc. Common Stock (WMS) [ST] S 07/16/2025 08/13/2025 $1,001 - $15,000 Filing Status: New Subholding Of: Charles Schwab Brokerage Account 924",,,False,100,WMS,accepted,house_ptr_structure+v8_1,False,False,False,07/16/2025,False
20030891,Hon. Lisa McClain,Member,MI09,20030891.pdf,2025,12,SP,"Advanced Micro Devices, Inc.","Advanced Micro Devices, Inc.",AMD,AMD,ST,P,2025-06-17,2025-08-13,1001.0,15000.0,,"$1,001 - $15,000",valid_range,New,Charles Schwab Brokerage Account 924,,,,2,2,table,False,False,,False,0,False,True,100,True,20,False,https://disclosures-clerk.house.gov/public_disc/ptr-pdfs/2025/20030891.pdf,,,SP,"Advanced Micro Devices, Inc. (AMD) [ST]","Advanced Micro Devices, Inc. (AMD) [ST]",P,06/17/2025,08/13/2025,"$1,001 - $15,000",Filing Status: New Subholding Of: Charles Schwab Brokerage Account 924,"SP Advanced Micro Devices, Inc. (AMD) [ST] P 06/17/2025 08/13/2025 $1,001 - $15,000 Filing Status: New Subholding Of: Charles Schwab Brokerage Account 924",,,False,100,AMD,accepted,house_ptr_structure+v8_1,False,False,False,06/17/2025,False
20030891,Hon. Lisa McClain,Member,MI09,20030891.pdf,2025,13,SP,"Advanced Micro Devices, Inc.","Advanced Micro Devices, Inc.",AMD,AMD,ST,S,2024-10-23,2025-08-11,15001.0,50000.0,,"$15,001 - $50,000",valid_range,New,Charles Schwab 401K > Schwab 824,,,,2,2,table,False,False,,False,0,False,False,100,True,20,False,https://disclosures-clerk.house.gov/public_disc/ptr-pdfs/2025/20030891.pdf,,,SP,"Advanced Micro Devices, Inc. (AMD) [ST] Filing Status: New Subholding Of: Charles Schwab 401K >","Advanced Micro Devices, Inc. (AMD) [ST]",S Schwab 824,10/23/2024,08/11/2025,"$15,001 - $50,000",,"SP Advanced Micro Devices, Inc. (AMD) [ST] S 10/23/2024 08/11/2025 $15,001 - $50,000 Filing Status: New Subholding Of: Charles Schwab 401K > Schwab 824",,,False,100,AMD,accepted,house_ptr_structure+v8_1,False,False,False,10/23/2024,False
20030891,Hon. Lisa McClain,Member,MI09,20030891.pdf,2025,14,SP,"Advanced Micro Devices, Inc.","Advanced Micro Devices, Inc.",AMD,AMD,ST,P,2024-06-06,2025-08-11,1001.0,15000.0,,"$1,001 - $15,000",valid_range,New,Charles Schwab 401K > Schwab 824,,,,2,2,table,False,False,,False,0,False,True,100,True,20,False,https://disclosures-clerk.house.gov/public_disc/ptr-pdfs/2025/20030891.pdf,,,SP,"Advanced Micro Devices, Inc. (AMD) [ST]","Advanced Micro Devices, Inc. (AMD) [ST]",P,06/06/2024,08/11/2025,"$1,001 - $15,000",Filing Status: New Subholding Of: Charles Schwab 401K > Schwab 824,"SP Advanced Micro Devices, Inc. (AMD) [ST] P 06/06/2024 08/11/2025 $1,001 - $15,000 Filing Status: New Subholding Of: Charles Schwab 401K > Schwab 824",,,False,100,AMD,accepted,house_ptr_structure+v8_1,False,False,False,06/06/2024,False
20030891,Hon. Lisa McClain,Member,MI09,20030891.pdf,2025,15,SP,"Advanced Micro Devices, Inc.","Advanced Micro Devices, Inc.",AMD,AMD,ST,P,2024-03-11,2025-08-11,15001.0,50000.0,,"$15,001 - $50,000",valid_range,New,Charles Schwab 401K > Schwab 824,,,,2,2,table,False,False,,False,0,False,False,100,True,20,False,https://disclosures-clerk.house.gov/public_disc/ptr-pdfs/2025/20030891.pdf,,,SP,"Advanced Micro Devices, Inc. (AMD) [ST] Filing Status: New Subholding Of: Charles Schwab 401K >","Advanced Micro Devices, Inc. (AMD) [ST]",P Schwab 824,03/11/2024,08/11/2025,"$15,001 - $50,000",,"SP Advanced Micro Devices, Inc. (AMD) [ST] P 03/11/2024 08/11/2025 $15,001 - $50,000 Filing Status: New Subholding Of: Charles Schwab 401K > Schwab 824",,,False,100,AMD,accepted,house_ptr_structure+v8_1,False,False,False,03/11/2024,False
20030891,Hon. Lisa McClain,Member,MI09,20030891.pdf,2025,16,SP,AGCO Corporation Common Stock,AGCO Corporation Common Stock,AGCO,AGCO,ST,S,2025-06-24,2025-08-13,1001.0,15000.0,,"$1,001 - $15,000",valid_range,New,Charles Schwab Brokerage Account 924,,,,3,3,table,False,False,,False,0,False,True,100,True,20,False,https://disclosures-clerk.house.gov/public_disc/ptr-pdfs/2025/20030891.pdf,,,SP,AGCO Corporation Common Stock (AGCO) [ST],AGCO Corporation Common Stock (AGCO) [ST],S,06/24/2025,08/13/2025,"$1,001 - $15,000",Filing Status: New Subholding Of: Charles Schwab Brokerage Account 924,"SP AGCO Corporation Common Stock (AGCO) [ST] S 06/24/2025 08/13/2025 $1,001 - $15,000 Filing Status: New Subholding Of: Charles Schwab Brokerage Account 924",,,False,100,AGCO,accepted,house_ptr_structure+v8_1,False,False,False,06/24/2025,False
20030891,Hon. Lisa McClain,Member,MI09,20030891.pdf,2025,17,SP,AGCO Corporation Common Stock,AGCO Corporation Common Stock,AGCO,AGCO,ST,P,2025-06-11,2025-08-13,1001.0,15000.0,,"$1,001 - $15,000",valid_range,New,Charles Schwab Brokerage Account 924,,,,3,3,table,False,False,,False,0,False,False,100,True,20,False,https://disclosures-clerk.house.gov/public_disc/ptr-pdfs/2025/20030891.pdf,,,SP,AGCO Corporation Common Stock (AGCO) [ST] Filing Status: New Subholding Of: Charles Schwab Brokera,AGCO Corporation Common Stock (AGCO) [ST],P age Account 924,06/11/2025,08/13/2025,"$1,001 - $15,000",,"SP AGCO Corporation Common Stock (AGCO) [ST] P 06/11/2025 08/13/2025 $1,001 - $15,000 Filing Status: New Subholding Of: Charles Schwab Brokerage Account 924",,,False,100,AGCO,accepted,house_ptr_structure+v8_1,False,False,False,06/11/2025,False
20030891,Hon. Lisa McClain,Member,MI09,20030891.pdf,2025,18,SP,"Agilent Technologies, Inc. Common Stock","Agilent Technologies, Inc. Common Stock",A,A,ST,S,2025-07-16,2025-08-13,1001.0,15000.0,,"$1,001 - $15,000",valid_range,New,Charles Schwab Brokerage Account 924,,,,3,3,table,False,False,,False,0,False,True,100,True,20,False,https://disclosures-clerk.house.gov/public_disc/ptr-pdfs/2025/20030891.pdf,,,SP,"Agilent Technologies, Inc. Common Stock (A) [ST]","Agilent Technologies, Inc. Common Stock (A) [ST]",S,07/16/2025,08/13/2025,"$1,001 - $15,000",Filing Status: New Subholding Of: Charles Schwab Brokerage Account 924,"SP Agilent Technologies, Inc. Common Stock (A) [ST] S 07/16/2025 08/13/2025 $1,001 - $15,000 Filing Status: New Subholding Of: Charles Schwab Brokerage Account 924",,,False,100,A,accepted,house_ptr_structure+v8_1,False,False,False,07/16/2025,False
20030891,Hon. Lisa McClain,Member,MI09,20030891.pdf,2025,19,SP,"Agilent Technologies, Inc. Common Stock","Agilent Technologies, Inc. Common Stock",A,A,ST,P,2025-06-17,2025-08-13,1001.0,15000.0,,"$1,001 - $15,000",valid_range,New,Charles Schwab Brokerage Account 924,,,,3,3,table,False,False,,False,0,False,False,100,True,20,False,https://disclosures-clerk.house.gov/public_disc/ptr-pdfs/2025/20030891.pdf,,,SP,"Agilent Technologies, Inc. Common Stock (A) [ST] Filing Status: New Subholding Of: Charles Schwab Brokera","Agilent Technologies, Inc. Common Stock (A) [ST]",P age Account 924,06/17/2025,08/13/2025,"$1,001 - $15,000",,"SP Agilent Technologies, Inc. Common Stock (A) [ST] P 06/17/2025 08/13/2025 $1,001 - $15,000 Filing Status: New Subholding Of: Charles Schwab Brokerage Account 924",,,False,100,A,accepted,house_ptr_structure+v8_1,False,False,False,06/17/2025,False
20030891,Hon. Lisa McClain,Member,MI09,20030891.pdf,2025,20,SP,Agree Realty Corporation Common Stock,Agree Realty Corporation Common Stock,ADC,ADC,ST,P,2025-06-11,2025-08-13,1001.0,15000.0,,"$1,001 - $15,000",valid_range,New,Charles Schwab Brokerage Account 924,,,,3,3,table,False,False,,False,0,False,True,100,True,20,False,https://disclosures-clerk.house.gov/public_disc/ptr-pdfs/2025/20030891.pdf,,,SP,Agree Realty Corporation Common Stock (ADC) [ST],Agree Realty Corporation Common Stock (ADC) [ST],P,06/11/2025,08/13/2025,"$1,001 - $15,000",Filing Status: New Subholding Of: Charles Schwab Brokerage Account 924,"SP Agree Realty Corporation Common Stock (ADC) [ST] P 06/11/2025 08/13/2025 $1,001 - $15,000 Filing Status: New Subholding Of: Charles Schwab Brokerage Account 924",,,False,100,ADC,accepted,house_ptr_structure+v8_1,False,False,False,06/11/2025,False
20030891,Hon. Lisa McClain,Member,MI09,20030891.pdf,2025,21,SP,Agree Realty Corporation Common Stock,Agree Realty Corporation Common Stock,ADC,ADC,ST,S,2025-06-17,2025-08-13,1001.0,15000.0,,"$1,001 - $15,000",valid_range,New,Charles Schwab Brokerage Account 924,,,,3,3,table,False,False,,False,0,False,False,100,True,20,False,https://disclosures-clerk.house.gov/public_disc/ptr-pdfs/2025/20030891.pdf,,,SP,Agree Realty Corporation Common Stock (ADC) [ST] Filing Status: New Subholding Of: Charles Schwab Brokera,Agree Realty Corporation Common Stock (ADC) [ST],S age Account 924,06/17/2025,08/13/2025,"$1,001 - $15,000",,"SP Agree Realty Corporation Common Stock (ADC) [ST] S 06/17/2025 08/13/2025 $1,001 - $15,000 Filing Status: New Subholding Of: Charles Schwab Brokerage Account 924",,,False,100,ADC,accepted,house_ptr_structure+v8_1,False,False,False,06/17/2025,False
20030891,Hon. Lisa McClain,Member,MI09,20030891.pdf,2025,22,SP,"Alaska Air Group, Inc. Common Stock","Alaska Air Group, Inc. Common Stock",ALK,ALK,ST,S,2025-06-17,2025-08-13,1001.0,15000.0,,"$1,001 - $15,000",valid_range,New,Charles Schwab Brokerage Account 924,,,,3,3,table,False,False,,False,0,False,True,100,True,20,False,https://disclosures-clerk.house.gov/public_disc/ptr-pdfs/2025/20030891.pdf,,,SP,"Alaska Air Group, Inc. Common Stock (ALK) [ST]","Alaska Air Group, Inc. Common Stock (ALK) [ST]",S,06/17/2025,08/13/2025,"$1,001 - $15,000",Filing Status: New Subholding Of: Charles Schwab Brokerage Account 924,"SP Alaska Air Group, Inc. Common Stock (ALK) [ST] S 06/17/2025 08/13/2025 $1,001 - $15,000 Filing Status: New Subholding Of: Charles Schwab Brokerage Account 924",,,False,100,ALK,accepted,house_ptr_structure+v8_1,False,False,False,06/17/2025,False
20030891,Hon. Lisa McClain,Member,MI09,20030891.pdf,2025,23,SP,"Alaska Air Group, Inc. Common Stock","Alaska Air Group, Inc. Common Stock",ALK,ALK,ST,P,2025-06-11,2025-08-13,1001.0,15000.0,,"$1,001 - $15,000",valid_range,New,Charles Schwab Brokerage Account 924,,,,3,3,table,False,False,,False,0,False,False,100,True,20,False,https://disclosures-clerk.house.gov/public_disc/ptr-pdfs/2025/20030891.pdf,,,SP,"Alaska Air Group, Inc. Common Stock (ALK) [ST] Filing Status: New Subholding Of: Charles Schwab Brokera","Alaska Air Group, Inc. Common Stock (ALK) [ST]",P age Account 924,06/11/2025,08/13/2025,"$1,001 - $15,000",,"SP Alaska Air Group, Inc. Common Stock (ALK) [ST] P 06/11/2025 08/13/2025 $1,001 - $15,000 Filing Status: New Subholding Of: Charles Schwab Brokerage Account 924",,,False,100,ALK,accepted,house_ptr_structure+v8_1,False,False,False,06/11/2025,False
20030891,Hon. Lisa McClain,Member,MI09,20030891.pdf,2025,24,SP,"Albertsons Companies, Inc. Class A Common Stock","Albertsons Companies, Inc. Class A Common Stock",ACI,ACI,ST,S,2025-07-22,2025-08-13,1001.0,15000.0,,"$1,001 - $15,000",valid_range,New,Charles Schwab Brokerage Account 924,,,,3,3,table,False,False,,False,0,False,True,100,True,20,False,https://disclosures-clerk.house.gov/public_disc/ptr-pdfs/2025/20030891.pdf,,,SP,"Albertsons Companies, Inc. Class A Common Stock (ACI) [ST]","Albertsons Companies, Inc. Class A Common Stock (ACI) [ST]",S,07/22/2025,08/13/2025,"$1,001 - $15,000",Filing Status: New Subholding Of: Charles Schwab Brokerage Account 924,"SP Albertsons Companies, Inc. Class A Common Stock (ACI) [ST] S 07/22/2025 08/13/2025 $1,001 - $15,000 Filing Status: New Subholding Of: Charles Schwab Brokerage Account 924",,,False,100,ACI,accepted,house_ptr_structure+v8_1,False,False,False,07/22/2025,False
20030891,Hon. Lisa McClain,Member,MI09,20030891.pdf,2025,25,SP,"Albertsons Companies, Inc. Class A Common Stock","Albertsons Companies, Inc. Class A Common Stock",ACI,ACI,ST,P,2025-07-16,2025-08-13,1001.0,15000.0,,"$1,001 - $15,000",valid_range,New,Charles Schwab Brokerage Account 924,,,,4,4,table,False,False,,False,0,False,False,100,True,20,False,https://disclosures-clerk.house.gov/public_disc/ptr-pdfs/2025/20030891.pdf,,,SP,"Albertsons Companies, Inc. Class A Common Stock (ACI) [ST] Filing Status: New Subholding Of: Charles Schwab Brokera","Albertsons Companies, Inc. Class A Common Stock (ACI) [ST]",P age Account 924,07/16/2025,08/13/2025,"$1,001 - $15,000",,"SP Albertsons Companies, Inc. Class A Common Stock (ACI) [ST] P 07/16/2025 08/13/2025 $1,001 - $15,000 Filing Status: New Subholding Of: Charles Schwab Brokerage Account 924",,,False,100,ACI,accepted,house_ptr_structure+v8_1,False,False,False,07/16/2025,False
20030891,Hon. Lisa McClain,Member,MI09,20030891.pdf,2025,26,SP,"Alexander & Baldwin, Inc. Common Stock REIT Holding Company","Alexander & Baldwin, Inc. Common Stock REIT Holding Company",ALEX,ALEX,ST,P,2025-07-16,2025-08-13,1001.0,15000.0,,"$1,001 - $15,000",valid_range,New,Charles Schwab Brokerage Account 924,,,,4,4,table,False,False,,False,0,False,True,100,True,20,False,https://disclosures-clerk.house.gov/public_disc/ptr-pdfs/2025/20030891.pdf,,,SP,"Alexander & Baldwin, Inc. Common Stock REIT Holding Company (ALEX) [ST]","Alexander & Baldwin, Inc. Common Stock REIT Holding Company (ALEX) [ST]",P,07/16/2025,08/13/2025,"$1,001 - $15,000",Filing Status: New Subholding Of: Charles Schwab Brokerage Account 924,"SP Alexander & Baldwin, Inc. Common Stock REIT Holding Company (ALEX) [ST] P 07/16/2025 08/13/2025 $1,001 - $15,000 Filing Status: New Subholding Of: Charles Schwab Brokerage Account 924",,,False,100,ALEX,accepted,house_ptr_structure+v8_1,False,False,False,07/16/2025,False
20030891,Hon. Lisa McClain,Member,MI09,20030891.pdf,2025,27,SP,Alibaba Group Holding Limited American Depositary Shares each representing eight Ordinary share,Alibaba Group Holding Limited American Depositary Shares each representing eight Ordinary share,BABA,BABA,ST,P,2025-07-22,2025-08-13,1001.0,15000.0,,"$1,001 - $15,000",valid_range,New,Charles Schwab Brokerage Account 924,,,,4,4,table,False,False,,False,0,False,False,100,True,20,False,https://disclosures-clerk.house.gov/public_disc/ptr-pdfs/2025/20030891.pdf,,,SP,Alibaba Group Holding Limited American Depositary Shares each representing eight Ordinary share (BABA) [ST] Filing Status: New Subholding Of: Charles Schwab Brokera,Alibaba Group Holding Limited American Depositary Shares each representing eight Ordinary share (BABA) [ST],P age Account 924,07/22/2025,08/13/2025,"$1,001 - $15,000",,"SP Alibaba Group Holding Limited American Depositary Shares each representing eight Ordinary share (BABA) [ST] P 07/22/2025 08/13/2025 $1,001 - $15,000 Filing Status: New Subholding Of: Charles Schwab Brokerage Account 924",,,False,100,BABA,accepted,house_ptr_structure+v8_1,False,False,False,07/22/2025,False
20030891,Hon. Lisa McClain,Member,MI09,20030891.pdf,2025,28,SP,Alibaba Group Holding Limited American Depositary Shares each representing eight Ordinary share,Alibaba Group Holding Limited American Depositary Shares each representing eight Ordinary share,BABA,BABA,ST,S (partial),2025-06-17,2025-08-13,1001.0,15000.0,,"$1,001 - $15,000",valid_range,New,Charles Schwab Brokerage Account 924,,,,4,4,table,False,False,,False,0,False,True,100,True,20,False,https://disclosures-clerk.house.gov/public_disc/ptr-pdfs/2025/20030891.pdf,,,SP,Alibaba Group Holding Limited American Depositary Shares each representing eight Ordinary share (BABA) [ST],Alibaba Group Holding Limited American Depositary Shares each representing eight Ordinary share (BABA) [ST],S (partial),06/17/2025,08/13/2025,"$1,001 - $15,000",Filing Status: New Subholding Of: Charles Schwab Brokerage Account 924,"SP Alibaba Group Holding Limited American Depositary Shares each representing eight Ordinary share (BABA) [ST] S (partial) 06/17/2025 08/13/2025 $1,001 - $15,000 Filing Status: New Subholding Of: Charles Schwab Brokerage Account 924",,,False,100,BABA,accepted,house_ptr_structure+v8_1,False,False,False,06/17/2025,False
20030891,Hon. Lisa McClain,Member,MI09,20030891.pdf,2025,29,SP,Alibaba Group Holding Limited American Depositary Shares each representing eight Ordinary share,Alibaba Group Holding Limited American Depositary Shares each representing eight Ordinary share,BABA,BABA,ST,P,2025-06-09,2025-08-13,1001.0,15000.0,,"$1,001 - $15,000",valid_range,New,Charles Schwab Brokerage Account 924,,,,4,4,table,False,False,,False,0,False,False,100,True,20,False,https://disclosures-clerk.house.gov/public_disc/ptr-pdfs/2025/20030891.pdf,,,SP,Alibaba Group Holding Limited American Depositary Shares each representing eight Ordinary share (BABA) [ST] Filing Status: New Subholding Of: Charles Schwab Brokera,Alibaba Group Holding Limited American Depositary Shares each representing eight Ordinary share (BABA) [ST],P age Account 924,06/09/2025,08/13/2025,"$1,001 - $15,000",,"SP Alibaba Group Holding Limited American Depositary Shares each representing eight Ordinary share (BABA) [ST] P 06/09/2025 08/13/2025 $1,001 - $15,000 Filing Status: New Subholding Of: Charles Schwab Brokerage Account 924",,,False,100,BABA,accepted,house_ptr_structure+v8_1,False,False,False,06/09/2025,False
20030891,Hon. Lisa McClain,Member,MI09,20030891.pdf,2025,30,SP,Allegion plc Ordinary Shares,Allegion plc Ordinary Shares,ALLE,ALLE,ST,P,2025-06-17,2025-08-13,1001.0,15000.0,,"$1,001 - $15,000",valid_range,New,Charles Schwab Brokerage Account 924,,,,4,4,table,False,False,,False,0,False,True,100,True,20,False,https://disclosures-clerk.house.gov/public_disc/ptr-pdfs/2025/20030891.pdf,,,SP,Allegion plc Ordinary Shares (ALLE) [ST],Allegion plc Ordinary Shares (ALLE) [ST],P,06/17/2025,08/13/2025,"$1,001 - $15,000",Filing Status: New Subholding Of: Charles Schwab Brokerage Account 924,"SP Allegion plc Ordinary Shares (ALLE) [ST] P 06/17/2025 08/13/2025 $1,001 - $15,000 Filing Status: New Subholding Of: Charles Schwab Brokerage Account 924",,,False,100,ALLE,accepted,house_ptr_structure+v8_1,False,False,False,06/17/2025,False
20030891,Hon. Lisa McClain,Member,MI09,20030891.pdf,2025,31,SP,Alphabet Inc. - Class A Common Stock,Alphabet Inc. - Class A Common Stock,GOOGL,GOOGL,ST,P,2025-06-24,2025-08-13,1001.0,15000.0,,"$1,001 - $15,000",valid_range,New,Charles Schwab Brokerage Account 924,,,,4,4,table,False,False,,False,0,False,False,100,True,20,False,https://disclosures-clerk.house.gov/public_disc/ptr-pdfs/2025/20030891.pdf,,,SP,Alphabet Inc. - Class A Common Stock (GOOGL) [ST] Filing Status: New Subholding Of: Charles Schwab Brokera,Alphabet Inc. - Class A Common Stock (GOOGL) [ST],P age Account 924,06/24/2025,08/13/2025,"$1,001 - $15,000",,"SP Alphabet Inc. - Class A Common Stock (GOOGL) [ST] P 06/24/2025 08/13/2025 $1,001 - $15,000 Filing Status: New Subholding Of: Charles Schwab Brokerage Account 924",,,False,100,GOOGL,accepted,house_ptr_structure+v8_1,False,False,False,06/24/2025,False
20030891,Hon. Lisa McClain,Member,MI09,20030891.pdf,2025,32,SP,Alphabet Inc. - Class A Common Stock,Alphabet Inc. - Class A Common Stock,GOOGL,GOOGL,ST,P,2024-12-11,2025-08-11,1001.0,15000.0,,"$1,001 - $15,000",valid_range,New,Charles Schwab Brokerage Account 548,,,,4,4,table,False,False,,False,0,False,True,100,True,20,False,https://disclosures-clerk.house.gov/public_disc/ptr-pdfs/2025/20030891.pdf,,,SP,Alphabet Inc. - Class A Common Stock (GOOGL) [ST],Alphabet Inc. - Class A Common Stock (GOOGL) [ST],P,12/11/2024,08/11/2025,"$1,001 - $15,000",Filing Status: New Subholding Of: Charles Schwab Brokerage Account 548,"SP Alphabet Inc. - Class A Common Stock (GOOGL) [ST] P 12/11/2024 08/11/2025 $1,001 - $15,000 Filing Status: New Subholding Of: Charles Schwab Brokerage Account 548",,,False,100,GOOGL,accepted,house_ptr_structure+v8_1,False,False,False,12/11/2024,False
20030891,Hon. Lisa McClain,Member,MI09,20030891.pdf,2025,33,SP,Alphabet Inc. - Class C Capital Stock,Alphabet Inc. - Class C Capital Stock,GOOG,GOOG,ST,P,2025-06-09,2025-08-13,1001.0,15000.0,,"$1,001 - $15,000",valid_range,New,Charles Schwab Brokerage Account 924,,,,5,5,table,False,False,,False,0,False,False,100,True,20,False,https://disclosures-clerk.house.gov/public_disc/ptr-pdfs/2025/20030891.pdf,,,SP,Alphabet Inc. - Class C Capital Stock (GOOG) [ST] Filing Status: New Subholding Of: Charles Schwab Brokera,Alphabet Inc. - Class C Capital Stock (GOOG) [ST],P age Account 924,06/09/2025,08/13/2025,"$1,001 - $15,000",,"SP Alphabet Inc. - Class C Capital Stock (GOOG) [ST] P 06/09/2025 08/13/2025 $1,001 - $15,000 Filing Status: New Subholding Of: Charles Schwab Brokerage Account 924",,,False,100,GOOG,accepted,house_ptr_structure+v8_1,False,False,False,06/09/2025,False
20030891,Hon. Lisa McClain,Member,MI09,20030891.pdf,2025,34,SP,Alphabet Inc. - Class C Capital Stock,Alphabet Inc. - Class C Capital Stock,GOOG,GOOG,ST,P,2025-06-11,2025-08-13,1001.0,15000.0,,"$1,001 - $15,000",valid_range,New,Charles Schwab Brokerage Account 924,,,,5,5,table,False,False,,False,0,False,True,100,True,20,False,https://disclosures-clerk.house.gov/public_disc/ptr-pdfs/2025/20030891.pdf,,,SP,Alphabet Inc. - Class C Capital Stock (GOOG) [ST],Alphabet Inc. - Class C Capital Stock (GOOG) [ST],P,06/11/2025,08/13/2025,"$1,001 - $15,000",Filing Status: New Subholding Of: Charles Schwab Brokerage Account 924,"SP Alphabet Inc. - Class C Capital Stock (GOOG) [ST] P 06/11/2025 08/13/2025 $1,001 - $15,000 Filing Status: New Subholding Of: Charles Schwab Brokerage Account 924",,,False,100,GOOG,accepted,house_ptr_structure+v8_1,False,False,False,06/11/2025,False
20030891,Hon. Lisa McClain,Member,MI09,20030891.pdf,2025,35,SP,Alphabet Inc. - Class C Capital Stock,Alphabet Inc. - Class C Capital Stock,GOOG,GOOG,ST,S (partial),2025-06-10,2025-08-13,1001.0,15000.0,,"$1,001 - $15,000",valid_range,New,Charles Schwab Brokerage Account 924,,,,5,5,table,False,False,,False,0,False,False,100,True,20,False,https://disclosures-clerk.house.gov/public_disc/ptr-pdfs/2025/20030891.pdf,,,SP,Alphabet Inc. - Class C Capital Stock (GOOG) [ST] Filing Status: New Subholding Of: Charles Schwab Brokera,Alphabet Inc. - Class C Capital Stock (GOOG) [ST],S (partial) age Account 924,06/10/2025,08/13/2025,"$1,001 - $15,000",,"SP Alphabet Inc. - Class C Capital Stock (GOOG) [ST] S (partial) 06/10/2025 08/13/2025 $1,001 - $15,000 Filing Status: New Subholding Of: Charles Schwab Brokerage Account 924",,,False,100,GOOG,accepted,house_ptr_structure+v8_1,False,False,False,06/10/2025,False
20030891,Hon. Lisa McClain,Member,MI09,20030891.pdf,2025,36,SP,"Amazon.com, Inc. - Common Stock","Amazon.com, Inc. - Common Stock",AMZN,AMZN,ST,P,2025-06-17,2025-08-13,1001.0,15000.0,,"$1,001 - $15,000",valid_range,New,Charles Schwab Brokerage Account 924,,,,5,5,table,False,False,,False,0,False,True,100,True,20,False,https://disclosures-clerk.house.gov/public_disc/ptr-pdfs/2025/20030891.pdf,,,SP,"Amazon.com, Inc. - Common Stock (AMZN) [ST]","Amazon.com, Inc. - Common Stock (AMZN) [ST]",P,06/17/2025,08/13/2025,"$1,001 - $15,000",Filing Status: New Subholding Of: Charles Schwab Brokerage Account 924,"SP Amazon.com, Inc. - Common Stock (AMZN) [ST] P 06/17/2025 08/13/2025 $1,001 - $15,000 Filing Status: New Subholding Of: Charles Schwab Brokerage Account 924",,,False,100,AMZN,accepted,house_ptr_structure+v8_1,False,False,False,06/17/2025,False
20030891,Hon. Lisa McClain,Member,MI09,20030891.pdf,2025,37,SP,"Amazon.com, Inc. - Common Stock","Amazon.com, Inc. - Common Stock",AMZN,AMZN,ST,S (partial),2025-07-22,2025-08-13,1001.0,15000.0,,"$1,001 - $15,000",valid_range,New,Charles Schwab Brokerage Account 924,,,,5,5,table,False,False,,False,0,False,False,100,True,20,False,https://disclosures-clerk.house.gov/public_disc/ptr-pdfs/2025/20030891.pdf,,,SP,"Amazon.com, Inc. - Common Stock (AMZN) [ST] Filing Status: New Subholding Of: Charles Schwab Brokera","Amazon.com, Inc. - Common Stock (AMZN) [ST]",S (partial) age Account 924,07/22/2025,08/13/2025,"$1,001 - $15,000",,"SP Amazon.com, Inc. - Common Stock (AMZN) [ST] S (partial) 07/22/2025 08/13/2025 $1,001 - $15,000 Filing Status: New Subholding Of: Charles Schwab Brokerage Account 924",,,False,100,AMZN,accepted,house_ptr_structure+v8_1,False,False,False,07/22/2025,False
20030891,Hon. Lisa McClain,Member,MI09,20030891.pdf,2025,38,SP,"Amazon.com, Inc. - Common Stock","Amazon.com, Inc. - Common Stock",AMZN,AMZN,ST,S (partial),2025-08-04,2025-08-13,1001.0,15000.0,,"$1,001 - $15,000",valid_range,New,Charles Schwab Brokerage Account 924,,,,5,5,table,False,False,,False,0,False,True,100,True,20,False,https://disclosures-clerk.house.gov/public_disc/ptr-pdfs/2025/20030891.pdf,,,SP,"Amazon.com, Inc. - Common Stock (AMZN) [ST]","Amazon.com, Inc. - Common Stock (AMZN) [ST]",S (partial),08/04/2025,08/13/2025,"$1,001 - $15,000",Filing Status: New Subholding Of: Charles Schwab Brokerage Account 924,"SP Amazon.com, Inc. - Common Stock (AMZN) [ST] S (partial) 08/04/2025 08/13/2025 $1,001 - $15,000 Filing Status: New Subholding Of: Charles Schwab Brokerage Account 924",,,False,100,AMZN,accepted,house_ptr_structure+v8_1,False,False,False,08/04/2025,False
20030891,Hon. Lisa McClain,Member,MI09,20030891.pdf,2025,39,SP,"Amazon.com, Inc. - Common Stock","Amazon.com, Inc. - Common Stock",AMZN,AMZN,ST,P,2025-06-09,2025-08-13,1001.0,15000.0,,"$1,001 - $15,000",valid_range,New,Charles Schwab Brokerage Account 924,,,,5,5,table,False,False,,False,0,False,False,100,True,20,False,https://disclosures-clerk.house.gov/public_disc/ptr-pdfs/2025/20030891.pdf,,,SP,"Amazon.com, Inc. - Common Stock (AMZN) [ST] Filing Status: New Subholding Of: Charles Schwab Brokera","Amazon.com, Inc. - Common Stock (AMZN) [ST]",P age Account 924,06/09/2025,08/13/2025,"$1,001 - $15,000",,"SP Amazon.com, Inc. - Common Stock (AMZN) [ST] P 06/09/2025 08/13/2025 $1,001 - $15,000 Filing Status: New Subholding Of: Charles Schwab Brokerage Account 924",,,False,100,AMZN,accepted,house_ptr_structure+v8_1,False,False,False,06/09/2025,False
20030891,Hon. Lisa McClain,Member,MI09,20030891.pdf,2025,40,SP,"Amazon.com, Inc. - Common Stock","Amazon.com, Inc. - Common Stock",AMZN,AMZN,ST,P,2024-12-11,2025-08-11,1001.0,15000.0,,"$1,001 - $15,000",valid_range,New,Charles Schwab Brokerage Account 548,,,,5,5,table,False,False,,False,0,False,True,100,True,20,False,https://disclosures-clerk.house.gov/public_disc/ptr-pdfs/2025/20030891.pdf,,,SP,"Amazon.com, Inc. - Common Stock (AMZN) [ST]","Amazon.com, Inc. - Common Stock (AMZN) [ST]",P,12/11/2024,08/11/2025,"$1,001 - $15,000",Filing Status: New Subholding Of: Charles Schwab Brokerage Account 548,"SP Amazon.com, Inc. - Common Stock (AMZN) [ST] P 12/11/2024 08/11/2025 $1,001 - $15,000 Filing Status: New Subholding Of: Charles Schwab Brokerage Account 548",,,False,100,AMZN,accepted,house_ptr_structure+v8_1,False,False,False,12/11/2024,False
20030891,Hon. Lisa McClain,Member,MI09,20030891.pdf,2025,41,SP,Amedisys Inc - Common Stock,Amedisys Inc - Common Stock,AMED,AMED,ST,P,2025-06-09,2025-08-13,1001.0,15000.0,,"$1,001 - $15,000",valid_range,New,Charles Schwab Brokerage Account 924,,,,5,5,table,False,False,,False,0,False,False,100,True,20,False,https://disclosures-clerk.house.gov/public_disc/ptr-pdfs/2025/20030891.pdf,,,SP,Amedisys Inc - Common Stock (AMED) [ST] Filing Status: New Subholding Of: Charles Schwab Brokera,Amedisys Inc - Common Stock (AMED) [ST],P age Account 924,06/09/2025,08/13/2025,"$1,001 - $15,000",,"SP Amedisys Inc - Common Stock (AMED) [ST] P 06/09/2025 08/13/2025 $1,001 - $15,000 Filing Status: New Subholding Of: Charles Schwab Brokerage Account 924",,,False,100,AMED,accepted,house_ptr_structure+v8_1,False,False,False,06/09/2025,False
20030891,Hon. Lisa McClain,Member,MI09,20030891.pdf,2025,42,SP,"American Airlines Group, Inc. - Common Stock","American Airlines Group, Inc. - Common Stock",AAL,AAL,ST,P,2025-06-09,2025-08-13,1001.0,15000.0,,"$1,001 - $15,000",valid_range,New,Charles Schwab Brokerage Account 924,,,,6,6,table,False,False,,False,0,False,True,100,True,20,False,https://disclosures-clerk.house.gov/public_disc/ptr-pdfs/2025/20030891.pdf,,,SP,"American Airlines Group, Inc. - Common Stock (AAL) [ST]","American Airlines Group, Inc. - Common Stock (AAL) [ST]",P,06/09/2025,08/13/2025,"$1,001 - $15,000",Filing Status: New Subholding Of: Charles Schwab Brokerage Account 924,"SP American Airlines Group, Inc. - Common Stock (AAL) [ST] P 06/09/2025 08/13/2025 $1,001 - $15,000 Filing Status: New Subholding Of: Charles Schwab Brokerage Account 924",,,False,100,AAL,accepted,house_ptr_structure+v8_1,False,False,False,06/09/2025,False
20030891,Hon. Lisa McClain,Member,MI09,20030891.pdf,2025,43,SP,"American Airlines Group, Inc. - Common Stock","American Airlines Group, Inc. - Common Stock",AAL,AAL,ST,S,2025-06-11,2025-08-13,1001.0,15000.0,,"$1,001 - $15,000",valid_range,New,Charles Schwab Brokerage Account 924,,,,6,6,table,False,False,,False,0,False,False,100,True,20,False,https://disclosures-clerk.house.gov/public_disc/ptr-pdfs/2025/20030891.pdf,,,SP,"American Airlines Group, Inc. - Common Stock (AAL) [ST] Filing Status: New Subholding Of: Charles Schwab Brokera","American Airlines Group, Inc. - Common Stock (AAL) [ST]",S age Account 924,06/11/2025,08/13/2025,"$1,001 - $15,000",,"SP American Airlines Group, Inc. - Common Stock (AAL) [ST] S 06/11/2025 08/13/2025 $1,001 - $15,000 Filing Status: New Subholding Of: Charles Schwab Brokerage Account 924",,,False,100,AAL,accepted,house_ptr_structure+v8_1,False,False,False,06/11/2025,False
20030891,Hon. Lisa McClain,Member,MI09,20030891.pdf,2025,44,SP,American Express Company Common Stock,American Express Company Common Stock,AXP,AXP,ST,P,2025-06-17,2025-08-13,1001.0,15000.0,,"$1,001 - $15,000",valid_range,New,Charles Schwab Brokerage Account 924,,,,6,6,table,False,False,,False,0,False,True,100,True,20,False,https://disclosures-clerk.house.gov/public_disc/ptr-pdfs/2025/20030891.pdf,,,SP,American Express Company Common Stock (AXP) [ST],American Express Company Common Stock (AXP) [ST],P,06/17/2025,08/13/2025,"$1,001 - $15,000",Filing Status: New Subholding Of: Charles Schwab Brokerage Account 924,"SP American Express Company Common Stock (AXP) [ST] P 06/17/2025 08/13/2025 $1,001 - $15,000 Filing Status: New Subholding Of: Charles Schwab Brokerage Account 924",,,False,100,AXP,accepted,house_ptr_structure+v8_1,False,False,False,06/17/2025,False
20030891,Hon. Lisa McClain,Member,MI09,20030891.pdf,2025,45,SP,"American International Group, Inc. New Common Stock","American International Group, Inc. New Common Stock",AIG,AIG,ST,P,2025-06-17,2025-08-13,1001.0,15000.0,,"$1,001 - $15,000",valid_range,New,Charles Schwab Brokerage Account 924,,,,6,6,table,False,False,,False,0,False,False,100,True,20,False,https://disclosures-clerk.house.gov/public_disc/ptr-pdfs/2025/20030891.pdf,,,SP,"American International Group, Inc. New Common Stock (AIG) [ST] Filing Status: New Subholding Of: Charles Schwab Brokera","American International Group, Inc. New Common Stock (AIG) [ST]",P age Account 924,06/17/2025,08/13/2025,"$1,001 - $15,000",,"SP American International Group, Inc. New Common Stock (AIG) [ST] P 06/17/2025 08/13/2025 $1,001 - $15,000 Filing Status: New Subholding Of: Charles Schwab Brokerage Account 924",,,False,100,AIG,accepted,house_ptr_structure+v8_1,False,False,False,06/17/2025,False
20030891,Hon. Lisa McClain,Member,MI09,20030891.pdf,2025,46,SP,"American International Group, Inc. New Common Stock","American International Group, Inc. New Common Stock",AIG,AIG,ST,S,2025-07-10,2025-08-13,1001.0,15000.0,,"$1,001 - $15,000",valid_range,New,Charles Schwab Brokerage Account 924,,,,6,6,table,False,False,,False,0,False,True,100,True,20,False,https://disclosures-clerk.house.gov/public_disc/ptr-pdfs/2025/20030891.pdf,,,SP,"American International Group, Inc. New Common Stock (AIG) [ST]","American International Group, Inc. New Common Stock (AIG) [ST]",S,07/10/2025,08/13/2025,"$1,001 - $15,000",Filing Status: New Subholding Of: Charles Schwab Brokerage Account 924,"SP American International Group, Inc. New Common Stock (AIG) [ST] S 07/10/2025 08/13/2025 $1,001 - $15,000 Filing Status: New Subholding Of: Charles Schwab Brokerage Account 924",,,False,100,AIG,accepted,house_ptr_structure+v8_1,False,False,False,07/10/2025,False
20030891,Hon. Lisa McClain,Member,MI09,20030891.pdf,2025,47,SP,Amgen Inc. - Common Stock,Amgen Inc. - Common Stock,AMGN,AMGN,ST,P,2025-06-24,2025-08-13,1001.0,15000.0,,"$1,001 - $15,000",valid_range,New,Charles Schwab Brokerage Account 924,,,,6,6,table,False,False,,False,0,False,False,100,True,20,False,https://disclosures-clerk.house.gov/public_disc/ptr-pdfs/2025/20030891.pdf,,,SP,Amgen Inc. - Common Stock (AMGN) [ST] Filing Status: New Subholding Of: Charles Schwab Brokera,Amgen Inc. - Common Stock (AMGN) [ST],P age Account 924,06/24/2025,08/13/2025,"$1,001 - $15,000",,"SP Amgen Inc. - Common Stock (AMGN) [ST] P 06/24/2025 08/13/2025 $1,001 - $15,000 Filing Status: New Subholding Of: Charles Schwab Brokerage Account 924",,,False,100,AMGN,accepted,house_ptr_structure+v8_1,False,False,False,06/24/2025,False
20030891,Hon. Lisa McClain,Member,MI09,20030891.pdf,2025,48,SP,Anheuser-Busch Inbev SA Sponsored ADR,Anheuser-Busch Inbev SA Sponsored ADR,BUD,BUD,ST,S (partial),2025-06-11,2025-08-13,1001.0,15000.0,,"$1,001 - $15,000",valid_range,New,Charles Schwab Brokerage Account 924,,,,6,6,table,False,False,,False,0,False,True,100,True,20,False,https://disclosures-clerk.house.gov/public_disc/ptr-pdfs/2025/20030891.pdf,,,SP,Anheuser-Busch Inbev SA Sponsored ADR (BUD) [ST],Anheuser-Busch Inbev SA Sponsored ADR (BUD) [ST],S (partial),06/11/2025,08/13/2025,"$1,001 - $15,000",Filing Status: New Subholding Of: Charles Schwab Brokerage Account 924,"SP Anheuser-Busch Inbev SA Sponsored ADR (BUD) [ST] S (partial) 06/11/2025 08/13/2025 $1,001 - $15,000 Filing Status: New Subholding Of: Charles Schwab Brokerage Account 924",,,False,100,BUD,accepted,house_ptr_structure+v8_1,False,False,False,06/11/2025,False
20030891,Hon. Lisa McClain,Member,MI09,20030891.pdf,2025,49,SP,Anheuser-Busch Inbev SA Sponsored ADR,Anheuser-Busch Inbev SA Sponsored ADR,BUD,BUD,ST,P,2025-06-09,2025-08-13,1001.0,15000.0,,"$1,001 - $15,000",valid_range,New,Charles Schwab Brokerage Account 924,,,,6,6,table,False,False,,False,0,False,False,100,True,20,False,https://disclosures-clerk.house.gov/public_disc/ptr-pdfs/2025/20030891.pdf,,,SP,Anheuser-Busch Inbev SA Sponsored ADR (BUD) [ST] Filing Status: New Subholding Of: Charles Schwab Brokera,Anheuser-Busch Inbev SA Sponsored ADR (BUD) [ST],P age Account 924,06/09/2025,08/13/2025,"$1,001 - $15,000",,"SP Anheuser-Busch Inbev SA Sponsored ADR (BUD) [ST] P 06/09/2025 08/13/2025 $1,001 - $15,000 Filing Status: New Subholding Of: Charles Schwab Brokerage Account 924",,,False,100,BUD,accepted,house_ptr_structure+v8_1,False,False,False,06/09/2025,False
20030891,Hon. Lisa McClain,Member,MI09,20030891.pdf,2025,50,SP,Anheuser-Busch Inbev SA Sponsored ADR,Anheuser-Busch Inbev SA Sponsored ADR,BUD,BUD,ST,P,2025-07-16,2025-08-13,1001.0,15000.0,,"$1,001 - $15,000",valid_range,New,Charles Schwab Brokerage Account 924,,,,6,6,table,False,False,,False,0,False,True,100,True,20,False,https://disclosures-clerk.house.gov/public_disc/ptr-pdfs/2025/20030891.pdf,,,SP,Anheuser-Busch Inbev SA Sponsored ADR (BUD) [ST],Anheuser-Busch Inbev SA Sponsored ADR (BUD) [ST],P,07/16/2025,08/13/2025,"$1,001 - $15,000",Filing Status: New Subholding Of: Charles Schwab Brokerage Account 924,"SP Anheuser-Busch Inbev SA Sponsored ADR (BUD) [ST] P 07/16/2025 08/13/2025 $1,001 - $15,000 Filing Status: New Subholding Of: Charles Schwab Brokerage Account 924",,,False,100,BUD,accepted,house_ptr_structure+v8_1,False,False,False,07/16/2025,False
20030891,Hon. Lisa McClain,Member,MI09,20030891.pdf,2025,51,SP,Antero Resources Corporation Common Stock,Antero Resources Corporation Common Stock,AR,AR,ST,P,2025-07-10,2025-08-13,1001.0,15000.0,,"$1,001 - $15,000",valid_range,New,Charles Schwab Brokerage Account 924,,,,7,7,table,False,False,,False,0,False,False,100,True,20,False,https://disclosures-clerk.house.gov/public_disc/ptr-pdfs/2025/20030891.pdf,,,SP,Antero Resources Corporation Common Stock (AR) [ST] Filing Status: New Subholding Of: Charles Schwab Brokera,Antero Resources Corporation Common Stock (AR) [ST],P age Account 924,07/10/2025,08/13/2025,"$1,001 - $15,000",,"SP Antero Resources Corporation Common Stock (AR) [ST] P 07/10/2025 08/13/2025 $1,001 - $15,000 Filing Status: New Subholding Of: Charles Schwab Brokerage Account 924",,,False,100,AR,accepted,house_ptr_structure+v8_1,False,False,False,07/10/2025,False
20030891,Hon. Lisa McClain,Member,MI09,20030891.pdf,2025,52,SP,Antero Resources Corporation Common Stock,Antero Resources Corporation Common Stock,AR,AR,ST,S,2025-07-22,2025-08-13,1001.0,15000.0,,"$1,001 - $15,000",valid_range,New,Charles Schwab Brokerage Account 924,,,,7,7,table,False,False,,False,0,False,True,100,True,20,False,https://disclosures-clerk.house.gov/public_disc/ptr-pdfs/2025/20030891.pdf,,,SP,Antero Resources Corporation Common Stock (AR) [ST],Antero Resources Corporation Common Stock (AR) [ST],S,07/22/2025,08/13/2025,"$1,001 - $15,000",Filing Status: New Subholding Of: Charles Schwab Brokerage Account 924,"SP Antero Resources Corporation Common Stock (AR) [ST] S 07/22/2025 08/13/2025 $1,001 - $15,000 Filing Status: New Subholding Of: Charles Schwab Brokerage Account 924",,,False,100,AR,accepted,house_ptr_structure+v8_1,False,False,False,07/22/2025,False
20030891,Hon. Lisa McClain,Member,MI09,20030891.pdf,2025,53,SP,Apple Inc. - Common Stock,Apple Inc. - Common Stock,AAPL,AAPL,ST,S (partial),2025-07-22,2025-08-13,1001.0,15000.0,,"$1,001 - $15,000",valid_range,New,Charles Schwab Brokerage Account 924,,,,7,7,table,False,False,,False,0,False,False,100,True,20,False,https://disclosures-clerk.house.gov/public_disc/ptr-pdfs/2025/20030891.pdf,,,SP,Apple Inc. - Common Stock (AAPL) [ST] Filing Status: New Subholding Of: Charles Schwab Brokera,Apple Inc. - Common Stock (AAPL) [ST],S (partial) age Account 924,07/22/2025,08/13/2025,"$1,001 - $15,000",,"SP Apple Inc. - Common Stock (AAPL) [ST] S (partial) 07/22/2025 08/13/2025 $1,001 - $15,000 Filing Status: New Subholding Of: Charles Schwab Brokerage Account 924",,,False,100,AAPL,accepted,house_ptr_structure+v8_1,False,False,False,07/22/2025,False
20030891,Hon. Lisa McClain,Member,MI09,20030891.pdf,2025,54,SP,Apple Inc. - Common Stock,Apple Inc. - Common Stock,AAPL,AAPL,ST,P,2025-06-09,2025-08-13,1001.0,15000.0,,"$1,001 - $15,000",valid_range,New,Charles Schwab Brokerage Account 924,,,,7,7,table,False,False,,False,0,False,True,100,True,20,False,https://disclosures-clerk.house.gov/public_disc/ptr-pdfs/2025/20030891.pdf,,,SP,Apple Inc. - Common Stock (AAPL) [ST],Apple Inc. - Common Stock (AAPL) [ST],P,06/09/2025,08/13/2025,"$1,001 - $15,000",Filing Status: New Subholding Of: Charles Schwab Brokerage Account 924,"SP Apple Inc. - Common Stock (AAPL) [ST] P 06/09/2025 08/13/2025 $1,001 - $15,000 Filing Status: New Subholding Of: Charles Schwab Brokerage Account 924",,,False,100,AAPL,accepted,house_ptr_structure+v8_1,False,False,False,06/09/2025,False
20030891,Hon. Lisa McClain,Member,MI09,20030891.pdf,2025,55,SP,Apple Inc. - Common Stock,Apple Inc. - Common Stock,AAPL,AAPL,ST,P,2024-12-11,2025-08-11,1001.0,15000.0,,"$1,001 - $15,000",valid_range,New,Charles Schwab Brokerage Account 548,,,,7,7,table,False,False,,False,0,False,False,100,True,20,False,https://disclosures-clerk.house.gov/public_disc/ptr-pdfs/2025/20030891.pdf,,,SP,Apple Inc. - Common Stock (AAPL) [ST] Filing Status: New Subholding Of: Charles Schwab Brokera,Apple Inc. - Common Stock (AAPL) [ST],P age Account 548,12/11/2024,08/11/2025,"$1,001 - $15,000",,"SP Apple Inc. - Common Stock (AAPL) [ST] P 12/11/2024 08/11/2025 $1,001 - $15,000 Filing Status: New Subholding Of: Charles Schwab Brokerage Account 548",,,False,100,AAPL,accepted,house_ptr_structure+v8_1,False,False,False,12/11/2024,False
20030891,Hon. Lisa McClain,Member,MI09,20030891.pdf,2025,56,SP,Apple Inc. - Common Stock,Apple Inc. - Common Stock,AAPL,AAPL,ST,P,2025-06-17,2025-08-13,1001.0,15000.0,,"$1,001 - $15,000",valid_range,New,Charles Schwab Brokerage Account 924,,,,7,7,table,False,False,,False,0,False,True,100,True,20,False,https://disclosures-clerk.house.gov/public_disc/ptr-pdfs/2025/20030891.pdf,,,SP,Apple Inc. - Common Stock (AAPL) [ST],Apple Inc. - Common Stock (AAPL) [ST],P,06/17/2025,08/13/2025,"$1,001 - $15,000",Filing Status: New Subholding Of: Charles Schwab Brokerage Account 924,"SP Apple Inc. - Common Stock (AAPL) [ST] P 06/17/2025 08/13/2025 $1,001 - $15,000 Filing Status: New Subholding Of: Charles Schwab Brokerage Account 924",,,False,100,AAPL,accepted,house_ptr_structure+v8_1,False,False,False,06/17/2025,False
20030891,Hon. Lisa McClain,Member,MI09,20030891.pdf,2025,57,SP,"Applied Materials, Inc. - Common Stock","Applied Materials, Inc. - Common Stock",AMAT,AMAT,ST,S (partial),2025-08-04,2025-08-13,1001.0,15000.0,,"$1,001 - $15,000",valid_range,New,Charles Schwab Brokerage Account 924,,,,7,7,table,False,False,,False,0,False,False,100,True,20,False,https://disclosures-clerk.house.gov/public_disc/ptr-pdfs/2025/20030891.pdf,,,SP,"Applied Materials, Inc. - Common Stock (AMAT) [ST] Filing Status: New Subholding Of: Charles Schwab Brokera","Applied Materials, Inc. - Common Stock (AMAT) [ST]",S (partial) age Account 924,08/04/2025,08/13/2025,"$1,001 - $15,000",,"SP Applied Materials, Inc. - Common Stock (AMAT) [ST] S (partial) 08/04/2025 08/13/2025 $1,001 - $15,000 Filing Status: New Subholding Of: Charles Schwab Brokerage Account 924",,,False,100,AMAT,accepted,house_ptr_structure+v8_1,False,False,False,08/04/2025,False
20030891,Hon. Lisa McClain,Member,MI09,20030891.pdf,2025,58,SP,"Applied Materials, Inc. - Common Stock","Applied Materials, Inc. - Common Stock",AMAT,AMAT,ST,P,2025-07-22,2025-08-13,1001.0,15000.0,,"$1,001 - $15,000",valid_range,New,Charles Schwab Brokerage Account 924,,,,7,7,table,False,False,,False,0,False,True,100,True,20,False,https://disclosures-clerk.house.gov/public_disc/ptr-pdfs/2025/20030891.pdf,,,SP,"Applied Materials, Inc. - Common Stock (AMAT) [ST]","Applied Materials, Inc. - Common Stock (AMAT) [ST]",P,07/22/2025,08/13/2025,"$1,001 - $15,000",Filing Status: New Subholding Of: Charles Schwab Brokerage Account 924,"SP Applied Materials, Inc. - Common Stock (AMAT) [ST] P 07/22/2025 08/13/2025 $1,001 - $15,000 Filing Status: New Subholding Of: Charles Schwab Brokerage Account 924",,,False,100,AMAT,accepted,house_ptr_structure+v8_1,False,False,False,07/22/2025,False
20030891,Hon. Lisa McClain,Member,MI09,20030891.pdf,2025,59,SP,"AptarGroup, Inc. Common Stock","AptarGroup, Inc. Common Stock",ATR,ATR,ST,P,2025-06-24,2025-08-13,1001.0,15000.0,,"$1,001 - $15,000",valid_range,New,Charles Schwab Brokerage Account 924,,,,7,7,table,False,False,,False,0,False,False,100,True,20,False,https://disclosures-clerk.house.gov/public_disc/ptr-pdfs/2025/20030891.pdf,,,SP,"AptarGroup, Inc. Common Stock (ATR) [ST] Filing Status: New Subholding Of: Charles Schwab Brokera","AptarGroup, Inc. Common Stock (ATR) [ST]",P age Account 924,06/24/2025,08/13/2025,"$1,001 - $15,000",,"SP AptarGroup, Inc. Common Stock (ATR) [ST] P 06/24/2025 08/13/2025 $1,001 - $15,000 Filing Status: New Subholding Of: Charles Schwab Brokerage Account 924",,,False,100,ATR,accepted,house_ptr_structure+v8_1,False,False,False,06/24/2025,False
20030891,Hon. Lisa McClain,Member,MI09,20030891.pdf,2025,60,SP,Aramark Common Stock,Aramark Common Stock,ARMK,ARMK,ST,S,2025-06-17,2025-08-13,1001.0,15000.0,,"$1,001 - $15,000",valid_range,New,Charles Schwab Brokerage Account 924,,,,8,8,table,False,False,,False,0,False,True,100,True,20,False,https://disclosures-clerk.house.gov/public_disc/ptr-pdfs/2025/20030891.pdf,,,SP,Aramark Common Stock (ARMK) [ST],Aramark Common Stock (ARMK) [ST],S,06/17/2025,08/13/2025,"$1,001 - $15,000",Filing Status: New Subholding Of: Charles Schwab Brokerage Account 924,"SP Aramark Common Stock (ARMK) [ST] S 06/17/2025 08/13/2025 $1,001 - $15,000 Filing Status: New Subholding Of: Charles Schwab Brokerage Account 924",,,False,100,ARMK,accepted,house_ptr_structure+v8_1,False,False,False,06/17/2025,False
20030891,Hon. Lisa McClain,Member,MI09,20030891.pdf,2025,61,SP,Aramark Common Stock,Aramark Common Stock,ARMK,ARMK,ST,P,2025-06-11,2025-08-13,1001.0,15000.0,,"$1,001 - $15,000",valid_range,New,Charles Schwab Brokerage Account 924,,,,8,8,table,False,False,,False,0,False,False,100,True,20,False,https://disclosures-clerk.house.gov/public_disc/ptr-pdfs/2025/20030891.pdf,,,SP,Aramark Common Stock (ARMK) [ST] Filing Status: New Subholding Of: Charles Schwab Brokera,Aramark Common Stock (ARMK) [ST],P age Account 924,06/11/2025,08/13/2025,"$1,001 - $15,000",,"SP Aramark Common Stock (ARMK) [ST] P 06/11/2025 08/13/2025 $1,001 - $15,000 Filing Status: New Subholding Of: Charles Schwab Brokerage Account 924",,,False,100,ARMK,accepted,house_ptr_structure+v8_1,False,False,False,06/11/2025,False
20030891,Hon. Lisa McClain,Member,MI09,20030891.pdf,2025,62,SP,Arcelor Mittal NY Registry Shares NEW,Arcelor Mittal NY Registry Shares NEW,MT,MT,ST,P,2025-06-24,2025-08-13,1001.0,15000.0,,"$1,001 - $15,000",valid_range,New,Charles Schwab Brokerage Account 924,,,,8,8,table,False,False,,False,0,False,True,100,True,20,False,https://disclosures-clerk.house.gov/public_disc/ptr-pdfs/2025/20030891.pdf,,,SP,Arcelor Mittal NY Registry Shares NEW (MT) [ST],Arcelor Mittal NY Registry Shares NEW (MT) [ST],P,06/24/2025,08/13/2025,"$1,001 - $15,000",Filing Status: New Subholding Of: Charles Schwab Brokerage Account 924,"SP Arcelor Mittal NY Registry Shares NEW (MT) [ST] P 06/24/2025 08/13/2025 $1,001 - $15,000 Filing Status: New Subholding Of: Charles Schwab Brokerage Account 924",,,False,100,MT,accepted,house_ptr_structure+v8_1,False,False,False,06/24/2025,False
20030891,Hon. Lisa McClain,Member,MI09,20030891.pdf,2025,63,SP,"Arista Networks, Inc. Common Stock","Arista Networks, Inc. Common Stock",ANET,ANET,ST,P,2024-12-11,2025-08-11,1001.0,15000.0,,"$1,001 - $15,000",valid_range,New,Charles Schwab Brokerage Account 548,,,,8,8,table,False,False,,False,0,False,False,100,True,20,False,https://disclosures-clerk.house.gov/public_disc/ptr-pdfs/2025/20030891.pdf,,,SP,"Arista Networks, Inc. Common Stock (ANET) [ST] Filing Status: New Subholding Of: Charles Schwab Brokera","Arista Networks, Inc. Common Stock (ANET) [ST]",P age Account 548,12/11/2024,08/11/2025,"$1,001 - $15,000",,"SP Arista Networks, Inc. Common Stock (ANET) [ST] P 12/11/2024 08/11/2025 $1,001 - $15,000 Filing Status: New Subholding Of: Charles Schwab Brokerage Account 548",,,False,100,ANET,accepted,house_ptr_structure+v8_1,False,False,False,12/11/2024,False
20030891,Hon. Lisa McClain,Member,MI09,20030891.pdf,2025,64,SP,"Arista Networks, Inc. Common Stock","Arista Networks, Inc. Common Stock",ANET,ANET,ST,S,2025-03-20,2025-08-13,1001.0,15000.0,,"$1,001 - $15,000",valid_range,New,Charles Schwab Brokerage Account 548,,,,8,8,table,False,False,,False,0,False,True,100,True,20,False,https://disclosures-clerk.house.gov/public_disc/ptr-pdfs/2025/20030891.pdf,,,SP,"Arista Networks, Inc. Common Stock (ANET) [ST]","Arista Networks, Inc. Common Stock (ANET) [ST]",S,03/20/2025,08/13/2025,"$1,001 - $15,000",Filing Status: New Subholding Of: Charles Schwab Brokerage Account 548,"SP Arista Networks, Inc. Common Stock (ANET) [ST] S 03/20/2025 08/13/2025 $1,001 - $15,000 Filing Status: New Subholding Of: Charles Schwab Brokerage Account 548",,,False,100,ANET,accepted,house_ptr_structure+v8_1,False,False,False,03/20/2025,False
20030891,Hon. Lisa McClain,Member,MI09,20030891.pdf,2025,65,SP,Armstrong World Industries Inc Common Stock,Armstrong World Industries Inc Common Stock,AWI,AWI,ST,P,2025-06-11,2025-08-13,1001.0,15000.0,,"$1,001 - $15,000",valid_range,New,Charles Schwab Brokerage Account 924,,,,8,8,table,False,False,,False,0,False,False,100,True,20,False,https://disclosures-clerk.house.gov/public_disc/ptr-pdfs/2025/20030891.pdf,,,SP,Armstrong World Industries Inc Common Stock (AWI) [ST] Filing Status: New Subholding Of: Charles Schwab Brokera,Armstrong World Industries Inc Common Stock (AWI) [ST],P age Account 924,06/11/2025,08/13/2025,"$1,001 - $15,000",,"SP Armstrong World Industries Inc Common Stock (AWI) [ST] P 06/11/2025 08/13/2025 $1,001 - $15,000 Filing Status: New Subholding Of: Charles Schwab Brokerage Account 924",,,False,100,AWI,accepted,house_ptr_structure+v8_1,False,False,False,06/11/2025,False
20030891,Hon. Lisa McClain,Member,MI09,20030891.pdf,2025,66,SP,Armstrong World Industries Inc Common Stock,Armstrong World Industries Inc Common Stock,AWI,AWI,ST,S,2025-06-17,2025-08-13,1001.0,15000.0,,"$1,001 - $15,000",valid_range,New,Charles Schwab Brokerage Account 924,,,,8,8,table,False,False,,False,0,False,True,100,True,20,False,https://disclosures-clerk.house.gov/public_disc/ptr-pdfs/2025/20030891.pdf,,,SP,Armstrong World Industries Inc Common Stock (AWI) [ST],Armstrong World Industries Inc Common Stock (AWI) [ST],S,06/17/2025,08/13/2025,"$1,001 - $15,000",Filing Status: New Subholding Of: Charles Schwab Brokerage Account 924,"SP Armstrong World Industries Inc Common Stock (AWI) [ST] S 06/17/2025 08/13/2025 $1,001 - $15,000 Filing Status: New Subholding Of: Charles Schwab Brokerage Account 924",,,False,100,AWI,accepted,house_ptr_structure+v8_1,False,False,False,06/17/2025,False
20030891,Hon. Lisa McClain,Member,MI09,20030891.pdf,2025,67,SP,Arthur J. Gallagher & Co. Common Stock,Arthur J. Gallagher & Co. Common Stock,AJG,AJG,ST,S,2025-08-04,2025-08-13,1001.0,15000.0,,"$1,001 - $15,000",valid_range,New,Charles Schwab Brokerage Account 924,,,,8,8,table,False,False,,False,0,False,False,100,True,20,False,https://disclosures-clerk.house.gov/public_disc/ptr-pdfs/2025/20030891.pdf,,,SP,Arthur J. Gallagher & Co. Common Stock (AJG) [ST] Filing Status: New Subholding Of: Charles Schwab Brokera,Arthur J. Gallagher & Co. Common Stock (AJG) [ST],S age Account 924,08/04/2025,08/13/2025,"$1,001 - $15,000",,"SP Arthur J. Gallagher & Co. Common Stock (AJG) [ST] S 08/04/2025 08/13/2025 $1,001 - $15,000 Filing Status: New Subholding Of: Charles Schwab Brokerage Account 924",,,False,100,AJG,accepted,house_ptr_structure+v8_1,False,False,False,08/04/2025,False
20030891,Hon. Lisa McClain,Member,MI09,20030891.pdf,2025,68,SP,Arthur J. Gallagher & Co. Common Stock,Arthur J. Gallagher & Co. Common Stock,AJG,AJG,ST,P,2024-12-11,2025-08-11,1001.0,15000.0,,"$1,001 - $15,000",valid_range,New,Charles Schwab Brokerage Account 548,,,,8,8,table,False,False,,False,0,False,True,100,True,20,False,https://disclosures-clerk.house.gov/public_disc/ptr-pdfs/2025/20030891.pdf,,,SP,Arthur J. Gallagher & Co. Common Stock (AJG) [ST],Arthur J. Gallagher & Co. Common Stock (AJG) [ST],P,12/11/2024,08/11/2025,"$1,001 - $15,000",Filing Status: New Subholding Of: Charles Schwab Brokerage Account 548,"SP Arthur J. Gallagher & Co. Common Stock (AJG) [ST] P 12/11/2024 08/11/2025 $1,001 - $15,000 Filing Status: New Subholding Of: Charles Schwab Brokerage Account 548",,,False,100,AJG,accepted,house_ptr_structure+v8_1,False,False,False,12/11/2024,False
20030891,Hon. Lisa McClain,Member,MI09,20030891.pdf,2025,69,SP,ASML Holding N.V. - New York Registry Shares,ASML Holding N.V. - New York Registry Shares,ASML,ASML,ST,P,2025-06-09,2025-08-13,1001.0,15000.0,,"$1,001 - $15,000",valid_range,New,Charles Schwab Brokerage Account 924,,,,9,9,table,False,False,,False,0,False,False,100,True,20,False,https://disclosures-clerk.house.gov/public_disc/ptr-pdfs/2025/20030891.pdf,,,SP,ASML Holding N.V. - New York Registry Shares (ASML) [ST] Filing Status: New Subholding Of: Charles Schwab Brokera,ASML Holding N.V. - New York Registry Shares (ASML) [ST],P age Account 924,06/09/2025,08/13/2025,"$1,001 - $15,000",,"SP ASML Holding N.V. - New York Registry Shares (ASML) [ST] P 06/09/2025 08/13/2025 $1,001 - $15,000 Filing Status: New Subholding Of: Charles Schwab Brokerage Account 924",,,False,100,ASML,accepted,house_ptr_structure+v8_1,False,False,False,06/09/2025,False
20030891,Hon. Lisa McClain,Member,MI09,20030891.pdf,2025,70,SP,ASML Holding N.V. - New York Registry Shares,ASML Holding N.V. - New York Registry Shares,ASML,ASML,ST,S (partial),2024-06-10,2025-08-13,1001.0,15000.0,,"$1,001 - $15,000",valid_range,New,Charles Schwab Brokerage Account 924,,,,9,9,table,False,False,,False,0,False,True,100,True,20,False,https://disclosures-clerk.house.gov/public_disc/ptr-pdfs/2025/20030891.pdf,,,SP,ASML Holding N.V. - New York Registry Shares (ASML) [ST],ASML Holding N.V. - New York Registry Shares (ASML) [ST],S (partial),06/10/2024,08/13/2025,"$1,001 - $15,000",Filing Status: New Subholding Of: Charles Schwab Brokerage Account 924,"SP ASML Holding N.V. - New York Registry Shares (ASML) [ST] S (partial) 06/10/2024 08/13/2025 $1,001 - $15,000 Filing Status: New Subholding Of: Charles Schwab Brokerage Account 924",,,False,100,ASML,accepted,house_ptr_structure+v8_1,False,False,False,06/10/2024,False
20030891,Hon. Lisa McClain,Member,MI09,20030891.pdf,2025,71,SP,ASML Holding N.V. - New York Registry Shares,ASML Holding N.V. - New York Registry Shares,ASML,ASML,ST,S (partial),2025-07-22,2025-08-13,1001.0,15000.0,,"$1,001 - $15,000",valid_range,New,Charles Schwab Brokerage Account 924,,,,9,9,table,False,False,,False,0,False,False,100,True,20,False,https://disclosures-clerk.house.gov/public_disc/ptr-pdfs/2025/20030891.pdf,,,SP,ASML Holding N.V. - New York Registry Shares (ASML) [ST] Filing Status: New Subholding Of: Charles Schwab Brokera,ASML Holding N.V. - New York Registry Shares (ASML) [ST],S (partial) age Account 924,07/22/2025,08/13/2025,"$1,001 - $15,000",,"SP ASML Holding N.V. - New York Registry Shares (ASML) [ST] S (partial) 07/22/2025 08/13/2025 $1,001 - $15,000 Filing Status: New Subholding Of: Charles Schwab Brokerage Account 924",,,False,100,ASML,accepted,house_ptr_structure+v8_1,False,False,False,07/22/2025,False
20030891,Hon. Lisa McClain,Member,MI09,20030891.pdf,2025,72,SP,ASML Holding N.V. - New York Registry Shares,ASML Holding N.V. - New York Registry Shares,ASML,ASML,ST,P,2025-06-17,2025-08-13,1001.0,15000.0,,"$1,001 - $15,000",valid_range,New,Charles Schwab Brokerage Account 924,,,,9,9,table,False,False,,False,0,False,True,100,True,20,False,https://disclosures-clerk.house.gov/public_disc/ptr-pdfs/2025/20030891.pdf,,,SP,ASML Holding N.V. - New York Registry Shares (ASML) [ST],ASML Holding N.V. - New York Registry Shares (ASML) [ST],P,06/17/2025,08/13/2025,"$1,001 - $15,000",Filing Status: New Subholding Of: Charles Schwab Brokerage Account 924,"SP ASML Holding N.V. - New York Registry Shares (ASML) [ST] P 06/17/2025 08/13/2025 $1,001 - $15,000 Filing Status: New Subholding Of: Charles Schwab Brokerage Account 924",,,False,100,ASML,accepted,house_ptr_structure+v8_1,False,False,False,06/17/2025,False
20030891,Hon. Lisa McClain,Member,MI09,20030891.pdf,2025,73,SP,AstraZeneca PLC - American Depositary Shares,AstraZeneca PLC - American Depositary Shares,AZN,AZN,ST,S (partial),2025-06-17,2025-08-13,1001.0,15000.0,,"$1,001 - $15,000",valid_range,New,Charles Schwab Brokerage Account 924,,,,9,9,table,False,False,,False,0,False,False,100,True,20,False,https://disclosures-clerk.house.gov/public_disc/ptr-pdfs/2025/20030891.pdf,,,SP,AstraZeneca PLC - American Depositary Shares (AZN) [ST] Filing Status: New Subholding Of: Charles Schwab Brokera,AstraZeneca PLC - American Depositary Shares (AZN) [ST],S (partial) age Account 924,06/17/2025,08/13/2025,"$1,001 - $15,000",,"SP AstraZeneca PLC - American Depositary Shares (AZN) [ST] S (partial) 06/17/2025 08/13/2025 $1,001 - $15,000 Filing Status: New Subholding Of: Charles Schwab Brokerage Account 924",,,False,100,AZN,accepted,house_ptr_structure+v8_1,False,False,False,06/17/2025,False
20030891,Hon. Lisa McClain,Member,MI09,20030891.pdf,2025,74,SP,AstraZeneca PLC - American Depositary Shares,AstraZeneca PLC - American Depositary Shares,AZN,AZN,ST,P,2025-06-09,2025-08-13,1001.0,15000.0,,"$1,001 - $15,000",valid_range,New,Charles Schwab Brokerage Account 924,,,,9,9,table,False,False,,False,0,False,True,100,True,20,False,https://disclosures-clerk.house.gov/public_disc/ptr-pdfs/2025/20030891.pdf,,,SP,AstraZeneca PLC - American Depositary Shares (AZN) [ST],AstraZeneca PLC - American Depositary Shares (AZN) [ST],P,06/09/2025,08/13/2025,"$1,001 - $15,000",Filing Status: New Subholding Of: Charles Schwab Brokerage Account 924,"SP AstraZeneca PLC - American Depositary Shares (AZN) [ST] P 06/09/2025 08/13/2025 $1,001 - $15,000 Filing Status: New Subholding Of: Charles Schwab Brokerage Account 924",,,False,100,AZN,accepted,house_ptr_structure+v8_1,False,False,False,06/09/2025,False
20030891,Hon. Lisa McClain,Member,MI09,20030891.pdf,2025,75,SP,AstraZeneca PLC - American Depositary Shares,AstraZeneca PLC - American Depositary Shares,AZN,AZN,ST,P,2025-07-22,2025-08-13,1001.0,15000.0,,"$1,001 - $15,000",valid_range,New,Charles Schwab Brokerage Account 924,,,,9,9,table,False,False,,False,0,False,False,100,True,20,False,https://disclosures-clerk.house.gov/public_disc/ptr-pdfs/2025/20030891.pdf,,,SP,AstraZeneca PLC - American Depositary Shares (AZN) [ST] Filing Status: New Subholding Of: Charles Schwab Brokera,AstraZeneca PLC - American Depositary Shares (AZN) [ST],P age Account 924,07/22/2025,08/13/2025,"$1,001 - $15,000",,"SP AstraZeneca PLC - American Depositary Shares (AZN) [ST] P 07/22/2025 08/13/2025 $1,001 - $15,000 Filing Status: New Subholding Of: Charles Schwab Brokerage Account 924",,,False,100,AZN,accepted,house_ptr_structure+v8_1,False,False,False,07/22/2025,False
20030891,Hon. Lisa McClain,Member,MI09,20030891.pdf,2025,76,SP,AT&T Inc.,AT&T Inc.,T,T,ST,S,2025-07-10,2025-08-13,1001.0,15000.0,,"$1,001 - $15,000",valid_range,New,Charles Schwab Brokerage Account 924,,,,9,9,table,False,False,,False,0,False,True,100,True,20,False,https://disclosures-clerk.house.gov/public_disc/ptr-pdfs/2025/20030891.pdf,,,SP,AT&T Inc. (T) [ST],AT&T Inc. (T) [ST],S,07/10/2025,08/13/2025,"$1,001 - $15,000",Filing Status: New Subholding Of: Charles Schwab Brokerage Account 924,"SP AT&T Inc. (T) [ST] S 07/10/2025 08/13/2025 $1,001 - $15,000 Filing Status: New Subholding Of: Charles Schwab Brokerage Account 924",,,False,100,T,accepted,house_ptr_structure+v8_1,False,False,False,07/10/2025,False
20030891,Hon. Lisa McClain,Member,MI09,20030891.pdf,2025,77,SP,AT&T Inc.,AT&T Inc.,T,T,ST,P,2025-06-17,2025-08-13,1001.0,15000.0,,"$1,001 - $15,000",valid_range,New,Charles Schwab Brokerage Account 924,,,,9,9,table,False,False,,False,0,False,False,100,True,20,False,https://disclosures-clerk.house.gov/public_disc/ptr-pdfs/2025/20030891.pdf,,,SP,AT&T Inc. (T) [ST] Filing Status: New Subholding Of: Charles Schwab Brokera,AT&T Inc. (T) [ST],P age Account 924,06/17/2025,08/13/2025,"$1,001 - $15,000",,"SP AT&T Inc. (T) [ST] P 06/17/2025 08/13/2025 $1,001 - $15,000 Filing Status: New Subholding Of: Charles Schwab Brokerage Account 924",,,False,100,T,accepted,house_ptr_structure+v8_1,False,False,False,06/17/2025,False
20030891,Hon. Lisa McClain,Member,MI09,20030891.pdf,2025,78,SP,"Autodesk, Inc. - Common Stock","Autodesk, Inc. - Common Stock",ADSK,ADSK,ST,P,2025-06-17,2025-08-13,1001.0,15000.0,,"$1,001 - $15,000",valid_range,New,Charles Schwab Brokerage Account 924,,,,9,10,table,False,False,,True,0,False,True,98,True,20,False,https://disclosures-clerk.house.gov/public_disc/ptr-pdfs/2025/20030891.pdf,,,SP,"Autodesk, Inc. - Common Stock","Autodesk, Inc. - Common Stock yp $200? (ADSK) [ST]",P,06/17/2025,08/13/2025,"$1,001 - $15,000",yp $200? (ADSK) [ST] Filing Status: New Subholding Of: Charles Schwab Brokerage Account 924,"SP Autodesk, Inc. - Common Stock P 06/17/2025 08/13/2025 $1,001 - $15,000 yp $200? (ADSK) [ST] Filing Status: New Subholding Of: Charles Schwab Brokerage Account 924",,,False,98,ADSK,accepted,house_ptr_structure+v8_1,False,False,False,06/17/2025,False
20030891,Hon. Lisa McClain,Member,MI09,20030891.pdf,2025,79,SP,"Autodesk, Inc. - Common Stock","Autodesk, Inc. - Common Stock",ADSK,ADSK,ST,S,2025-07-10,2025-08-13,1001.0,15000.0,,"$1,001 - $15,000",valid_range,New,Charles Schwab Brokerage Account 924,,,,10,10,table,False,False,,False,0,False,False,100,True,20,False,https://disclosures-clerk.house.gov/public_disc/ptr-pdfs/2025/20030891.pdf,,,SP,"Autodesk, Inc. - Common Stock (ADSK) [ST] Filing Status: New Subholding Of: Charles Schwab Brokera","Autodesk, Inc. - Common Stock (ADSK) [ST]",S age Account 924,07/10/2025,08/13/2025,"$1,001 - $15,000",,"SP Autodesk, Inc. - Common Stock (ADSK) [ST] S 07/10/2025 08/13/2025 $1,001 - $15,000 Filing Status: New Subholding Of: Charles Schwab Brokerage Account 924",,,False,100,ADSK,accepted,house_ptr_structure+v8_1,False,False,False,07/10/2025,False
20030891,Hon. Lisa McClain,Member,MI09,20030891.pdf,2025,80,SP,"Autoliv, Inc. Common Stock","Autoliv, Inc. Common Stock",ALV,ALV,ST,S (partial),2025-08-04,2025-08-13,1001.0,15000.0,,"$1,001 - $15,000",valid_range,New,Charles Schwab Brokerage Account 924,,,,10,10,table,False,False,,False,0,False,True,100,True,20,False,https://disclosures-clerk.house.gov/public_disc/ptr-pdfs/2025/20030891.pdf,,,SP,"Autoliv, Inc. Common Stock (ALV) [ST]","Autoliv, Inc. Common Stock (ALV) [ST]",S (partial),08/04/2025,08/13/2025,"$1,001 - $15,000",Filing Status: New Subholding Of: Charles Schwab Brokerage Account 924,"SP Autoliv, Inc. Common Stock (ALV) [ST] S (partial) 08/04/2025 08/13/2025 $1,001 - $15,000 Filing Status: New Subholding Of: Charles Schwab Brokerage Account 924",,,False,100,ALV,accepted,house_ptr_structure+v8_1,False,False,False,08/04/2025,False
20030891,Hon. Lisa McClain,Member,MI09,20030891.pdf,2025,81,SP,"Autoliv, Inc. Common Stock","Autoliv, Inc. Common Stock",ALV,ALV,ST,P,2025-07-22,2025-08-13,1001.0,15000.0,,"$1,001 - $15,000",valid_range,New,Charles Schwab Brokerage Account 924,,,,10,10,table,False,False,,False,0,False,False,100,True,20,False,https://disclosures-clerk.house.gov/public_disc/ptr-pdfs/2025/20030891.pdf,,,SP,"Autoliv, Inc. Common Stock (ALV) [ST] Filing Status: New Subholding Of: Charles Schwab Brokera","Autoliv, Inc. Common Stock (ALV) [ST]",P age Account 924,07/22/2025,08/13/2025,"$1,001 - $15,000",,"SP Autoliv, Inc. Common Stock (ALV) [ST] P 07/22/2025 08/13/2025 $1,001 - $15,000 Filing Status: New Subholding Of: Charles Schwab Brokerage Account 924",,,False,100,ALV,accepted,house_ptr_structure+v8_1,False,False,False,07/22/2025,False
20030891,Hon. Lisa McClain,Member,MI09,20030891.pdf,2025,82,SP,"Automatic Data Processing, Inc. - Common Stock","Automatic Data Processing, Inc. - Common Stock",ADP,ADP,ST,P,2025-07-10,2025-08-13,1001.0,15000.0,,"$1,001 - $15,000",valid_range,New,Charles Schwab Brokerage Account 924,,,,10,10,table,False,False,,False,0,False,True,100,True,20,False,https://disclosures-clerk.house.gov/public_disc/ptr-pdfs/2025/20030891.pdf,,,SP,"Automatic Data Processing, Inc. - Common Stock (ADP) [ST]","Automatic Data Processing, Inc. - Common Stock (ADP) [ST]",P,07/10/2025,08/13/2025,"$1,001 - $15,000",Filing Status: New Subholding Of: Charles Schwab Brokerage Account 924,"SP Automatic Data Processing, Inc. - Common Stock (ADP) [ST] P 07/10/2025 08/13/2025 $1,001 - $15,000 Filing Status: New Subholding Of: Charles Schwab Brokerage Account 924",,,False,100,ADP,accepted,house_ptr_structure+v8_1,False,False,False,07/10/2025,False
20030891,Hon. Lisa McClain,Member,MI09,20030891.pdf,2025,83,SP,"Automatic Data Processing, Inc. - Common Stock","Automatic Data Processing, Inc. - Common Stock",ADP,ADP,ST,S,2025-07-16,2025-08-13,1001.0,15000.0,,"$1,001 - $15,000",valid_range,New,Charles Schwab Brokerage Account 924,,,,10,10,table,False,False,,False,0,False,False,100,True,20,False,https://disclosures-clerk.house.gov/public_disc/ptr-pdfs/2025/20030891.pdf,,,SP,"Automatic Data Processing, Inc. - Common Stock (ADP) [ST] Filing Status: New Subholding Of: Charles Schwab Brokera","Automatic Data Processing, Inc. - Common Stock (ADP) [ST]",S age Account 924,07/16/2025,08/13/2025,"$1,001 - $15,000",,"SP Automatic Data Processing, Inc. - Common Stock (ADP) [ST] S 07/16/2025 08/13/2025 $1,001 - $15,000 Filing Status: New Subholding Of: Charles Schwab Brokerage Account 924",,,False,100,ADP,accepted,house_ptr_structure+v8_1,False,False,False,07/16/2025,False
20030891,Hon. Lisa McClain,Member,MI09,20030891.pdf,2025,84,SP,"Avantor, Inc. Common Stock","Avantor, Inc. Common Stock",AVTR,AVTR,ST,P,2025-06-11,2025-08-13,1001.0,15000.0,,"$1,001 - $15,000",valid_range,New,Charles Schwab Brokerage Account 924,,,,10,10,table,False,False,,False,0,False,True,100,True,20,False,https://disclosures-clerk.house.gov/public_disc/ptr-pdfs/2025/20030891.pdf,,,SP,"Avantor, Inc. Common Stock (AVTR) [ST]","Avantor, Inc. Common Stock (AVTR) [ST]",P,06/11/2025,08/13/2025,"$1,001 - $15,000",Filing Status: New Subholding Of: Charles Schwab Brokerage Account 924,"SP Avantor, Inc. Common Stock (AVTR) [ST] P 06/11/2025 08/13/2025 $1,001 - $15,000 Filing Status: New Subholding Of: Charles Schwab Brokerage Account 924",,,False,100,AVTR,accepted,house_ptr_structure+v8_1,False,False,False,06/11/2025,False
20030891,Hon. Lisa McClain,Member,MI09,20030891.pdf,2025,85,SP,"Avantor, Inc. Common Stock","Avantor, Inc. Common Stock",AVTR,AVTR,ST,S (partial),2025-06-17,2025-08-13,1001.0,15000.0,,"$1,001 - $15,000",valid_range,New,Charles Schwab Brokerage Account 924,,,,10,10,table,False,False,,False,0,False,False,100,True,20,False,https://disclosures-clerk.house.gov/public_disc/ptr-pdfs/2025/20030891.pdf,,,SP,"Avantor, Inc. Common Stock (AVTR) [ST] Filing Status: New Subholding Of: Charles Schwab Brokera","Avantor, Inc. Common Stock (AVTR) [ST]",S (partial) age Account 924,06/17/2025,08/13/2025,"$1,001 - $15,000",,"SP Avantor, Inc. Common Stock (AVTR) [ST] S (partial) 06/17/2025 08/13/2025 $1,001 - $15,000 Filing Status: New Subholding Of: Charles Schwab Brokerage Account 924",,,False,100,AVTR,accepted,house_ptr_structure+v8_1,False,False,False,06/17/2025,False
20030891,Hon. Lisa McClain,Member,MI09,20030891.pdf,2025,86,SP,Avient Corporation Common Stock,Avient Corporation Common Stock,AVNT,AVNT,ST,P,2025-06-11,2025-08-13,1001.0,15000.0,,"$1,001 - $15,000",valid_range,New,Charles Schwab Brokerage Account 924,,,,10,10,table,False,False,,False,0,False,True,100,True,20,False,https://disclosures-clerk.house.gov/public_disc/ptr-pdfs/2025/20030891.pdf,,,SP,Avient Corporation Common Stock (AVNT) [ST],Avient Corporation Common Stock (AVNT) [ST],P,06/11/2025,08/13/2025,"$1,001 - $15,000",Filing Status: New Subholding Of: Charles Schwab Brokerage Account 924,"SP Avient Corporation Common Stock (AVNT) [ST] P 06/11/2025 08/13/2025 $1,001 - $15,000 Filing Status: New Subholding Of: Charles Schwab Brokerage Account 924",,,False,100,AVNT,accepted,house_ptr_structure+v8_1,False,False,False,06/11/2025,False
20030891,Hon. Lisa McClain,Member,MI09,20030891.pdf,2025,87,SP,Avient Corporation Common Stock,Avient Corporation Common Stock,AVNT,AVNT,ST,S,2025-06-17,2025-08-13,1001.0,15000.0,,"$1,001 - $15,000",valid_range,New,Charles Schwab Brokerage Account 924,,,,10,11,table,False,False,,True,0,False,False,98,True,20,False,https://disclosures-clerk.house.gov/public_disc/ptr-pdfs/2025/20030891.pdf,,,SP,Avient Corporation Common Stock,Avient Corporation Common Stock (AVNT) [ST],S,06/17/2025,08/13/2025,"$1,001 - $15,000",(AVNT) [ST] Filing Status: New Subholding Of: Charles Schwab Brokerage Account 924,"SP Avient Corporation Common Stock S 06/17/2025 08/13/2025 $1,001 - $15,000 (AVNT) [ST] Filing Status: New Subholding Of: Charles Schwab Brokerage Account 924",,,False,98,AVNT,accepted,house_ptr_structure+v8_1,False,False,False,06/17/2025,False
20030891,Hon. Lisa McClain,Member,MI09,20030891.pdf,2025,88,SP,Baker Hughes Company - Common Stock,Baker Hughes Company - Common Stock,BKR,BKR,ST,S,2025-06-10,2025-08-13,1001.0,15000.0,,"$1,001 - $15,000",valid_range,New,Charles Schwab Brokerage Account 924,,,,11,11,table,False,False,,False,0,False,True,100,True,20,False,https://disclosures-clerk.house.gov/public_disc/ptr-pdfs/2025/20030891.pdf,,,SP,Baker Hughes Company - Common Stock (BKR) [ST],Baker Hughes Company - Common Stock (BKR) [ST],S,06/10/2025,08/13/2025,"$1,001 - $15,000",Filing Status: New Subholding Of: Charles Schwab Brokerage Account 924,"SP Baker Hughes Company - Common Stock (BKR) [ST] S 06/10/2025 08/13/2025 $1,001 - $15,000 Filing Status: New Subholding Of: Charles Schwab Brokerage Account 924",,,False,100,BKR,accepted,house_ptr_structure+v8_1,False,False,False,06/10/2025,False
20030891,Hon. Lisa McClain,Member,MI09,20030891.pdf,2025,89,SP,Baker Hughes Company - Common Stock,Baker Hughes Company - Common Stock,BKR,BKR,ST,P,2024-12-11,2025-08-11,1001.0,15000.0,,"$1,001 - $15,000",valid_range,New,Charles Schwab Brokerage Account 548,,,,11,11,table,False,False,,False,0,False,False,100,True,20,False,https://disclosures-clerk.house.gov/public_disc/ptr-pdfs/2025/20030891.pdf,,,SP,Baker Hughes Company - Common Stock (BKR) [ST] Filing Status: New Subholding Of: Charles Schwab Brokera,Baker Hughes Company - Common Stock (BKR) [ST],P age Account 548,12/11/2024,08/11/2025,"$1,001 - $15,000",,"SP Baker Hughes Company - Common Stock (BKR) [ST] P 12/11/2024 08/11/2025 $1,001 - $15,000 Filing Status: New Subholding Of: Charles Schwab Brokerage Account 548",,,False,100,BKR,accepted,house_ptr_structure+v8_1,False,False,False,12/11/2024,False
20030891,Hon. Lisa McClain,Member,MI09,20030891.pdf,2025,90,SP,Bank of America Corporation Common Stock,Bank of America Corporation Common Stock,BAC,BAC,ST,P,2025-06-17,2025-08-13,1001.0,15000.0,,"$1,001 - $15,000",valid_range,New,Charles Schwab Brokerage Account 924,,,,11,11,table,False,False,,False,0,False,True,100,True,20,False,https://disclosures-clerk.house.gov/public_disc/ptr-pdfs/2025/20030891.pdf,,,SP,Bank of America Corporation Common Stock (BAC) [ST],Bank of America Corporation Common Stock (BAC) [ST],P,06/17/2025,08/13/2025,"$1,001 - $15,000",Filing Status: New Subholding Of: Charles Schwab Brokerage Account 924,"SP Bank of America Corporation Common Stock (BAC) [ST] P 06/17/2025 08/13/2025 $1,001 - $15,000 Filing Status: New Subholding Of: Charles Schwab Brokerage Account 924",,,False,100,BAC,accepted,house_ptr_structure+v8_1,False,False,False,06/17/2025,False
20030891,Hon. Lisa McClain,Member,MI09,20030891.pdf,2025,91,SP,Barclays PLC Common Stock,Barclays PLC Common Stock,BCS,BCS,ST,P,2025-06-17,2025-08-13,1001.0,15000.0,,"$1,001 - $15,000",valid_range,New,Charles Schwab Brokerage Account 924,,,,11,11,table,False,False,,False,0,False,False,100,True,20,False,https://disclosures-clerk.house.gov/public_disc/ptr-pdfs/2025/20030891.pdf,,,SP,Barclays PLC Common Stock (BCS) [ST] Filing Status: New Subholding Of: Charles Schwab Brokera,Barclays PLC Common Stock (BCS) [ST],P age Account 924,06/17/2025,08/13/2025,"$1,001 - $15,000",,"SP Barclays PLC Common Stock (BCS) [ST] P 06/17/2025 08/13/2025 $1,001 - $15,000 Filing Status: New Subholding Of: Charles Schwab Brokerage Account 924",,,False,100,BCS,accepted,house_ptr_structure+v8_1,False,False,False,06/17/2025,False
20030891,Hon. Lisa McClain,Member,MI09,20030891.pdf,2025,92,SP,Baxter International Inc. Common Stock,Baxter International Inc. Common Stock,BAX,BAX,ST,P,2025-07-22,2025-08-13,1001.0,15000.0,,"$1,001 - $15,000",valid_range,New,Charles Schwab Brokerage Account 924,,,,11,11,table,False,False,,False,0,False,True,100,True,20,False,https://disclosures-clerk.house.gov/public_disc/ptr-pdfs/2025/20030891.pdf,,,SP,Baxter International Inc. Common Stock (BAX) [ST],Baxter International Inc. Common Stock (BAX) [ST],P,07/22/2025,08/13/2025,"$1,001 - $15,000",Filing Status: New Subholding Of: Charles Schwab Brokerage Account 924,"SP Baxter International Inc. Common Stock (BAX) [ST] P 07/22/2025 08/13/2025 $1,001 - $15,000 Filing Status: New Subholding Of: Charles Schwab Brokerage Account 924",,,False,100,BAX,accepted,house_ptr_structure+v8_1,False,False,False,07/22/2025,False
20030891,Hon. Lisa McClain,Member,MI09,20030891.pdf,2025,93,SP,"Becton, Dickinson and Company Common Stock","Becton, Dickinson and Company Common Stock",BDX,BDX,ST,P,2025-06-17,2025-08-13,1001.0,15000.0,,"$1,001 - $15,000",valid_range,New,Charles Schwab Brokerage Account 924,,,,11,11,table,False,False,,False,0,False,False,100,True,20,False,https://disclosures-clerk.house.gov/public_disc/ptr-pdfs/2025/20030891.pdf,,,SP,"Becton, Dickinson and Company Common Stock (BDX) [ST] Filing Status: New Subholding Of: Charles Schwab Brokera","Becton, Dickinson and Company Common Stock (BDX) [ST]",P age Account 924,06/17/2025,08/13/2025,"$1,001 - $15,000",,"SP Becton, Dickinson and Company Common Stock (BDX) [ST] P 06/17/2025 08/13/2025 $1,001 - $15,000 Filing Status: New Subholding Of: Charles Schwab Brokerage Account 924",,,False,100,BDX,accepted,house_ptr_structure+v8_1,False,False,False,06/17/2025,False
20030891,Hon. Lisa McClain,Member,MI09,20030891.pdf,2025,94,SP,"Becton, Dickinson and Company Common Stock","Becton, Dickinson and Company Common Stock",BDX,BDX,ST,S,2025-06-24,2025-08-13,1001.0,15000.0,,"$1,001 - $15,000",valid_range,New,Charles Schwab Brokerage Account 924,,,,11,11,table,False,False,,False,0,False,True,100,True,20,False,https://disclosures-clerk.house.gov/public_disc/ptr-pdfs/2025/20030891.pdf,,,SP,"Becton, Dickinson and Company Common Stock (BDX) [ST]","Becton, Dickinson and Company Common Stock (BDX) [ST]",S,06/24/2025,08/13/2025,"$1,001 - $15,000",Filing Status: New Subholding Of: Charles Schwab Brokerage Account 924,"SP Becton, Dickinson and Company Common Stock (BDX) [ST] S 06/24/2025 08/13/2025 $1,001 - $15,000 Filing Status: New Subholding Of: Charles Schwab Brokerage Account 924",,,False,100,BDX,accepted,house_ptr_structure+v8_1,False,False,False,06/24/2025,False
20030891,Hon. Lisa McClain,Member,MI09,20030891.pdf,2025,95,SP,Berkshire Hathaway Inc. New Common Stock,Berkshire Hathaway Inc. New Common Stock,BRK.B,BRK.B,ST,S (partial),2025-06-11,2025-08-13,1001.0,15000.0,,"$1,001 - $15,000",valid_range,New,Charles Schwab Brokerage Account 924,,,,11,11,table,False,False,,False,0,False,False,100,True,20,False,https://disclosures-clerk.house.gov/public_disc/ptr-pdfs/2025/20030891.pdf,,,SP,Berkshire Hathaway Inc. New Common Stock (BRK.B) [ST] Filing Status: New Subholding Of: Charles Schwab Brokera,Berkshire Hathaway Inc. New Common Stock (BRK.B) [ST],S (partial) age Account 924,06/11/2025,08/13/2025,"$1,001 - $15,000",,"SP Berkshire Hathaway Inc. New Common Stock (BRK.B) [ST] S (partial) 06/11/2025 08/13/2025 $1,001 - $15,000 Filing Status: New Subholding Of: Charles Schwab Brokerage Account 924",,,False,100,BRK.B,accepted,house_ptr_structure+v8_1,False,False,False,06/11/2025,False
20030891,Hon. Lisa McClain,Member,MI09,20030891.pdf,2025,96,SP,Berkshire Hathaway Inc. New,Berkshire Hathaway Inc. New,BRK.B,BRK.B,ST,P,2025-06-09,2025-08-13,1001.0,15000.0,,"$1,001 - $15,000",valid_range,New,Charles Schwab Brokerage Account 924,,,,11,12,table,False,False,,True,0,False,True,98,True,20,False,https://disclosures-clerk.house.gov/public_disc/ptr-pdfs/2025/20030891.pdf,,,SP,Berkshire Hathaway Inc. New,Berkshire Hathaway Inc. New yp $200? Common Stock (BRK.B) [ST],P,06/09/2025,08/13/2025,"$1,001 - $15,000",yp $200? Common Stock (BRK.B) [ST] Filing Status: New Subholding Of: Charles Schwab Brokerage Account 924,"SP Berkshire Hathaway Inc. New P 06/09/2025 08/13/2025 $1,001 - $15,000 yp $200? Common Stock (BRK.B) [ST] Filing Status: New Subholding Of: Charles Schwab Brokerage Account 924",,,False,98,BRK.B,accepted,house_ptr_structure+v8_1,False,False,False,06/09/2025,False
20030891,Hon. Lisa McClain,Member,MI09,20030891.pdf,2025,97,SP,Berkshire Hathaway Inc. New Common Stock,Berkshire Hathaway Inc. New Common Stock,BRK.B,BRK.B,ST,P,2025-07-16,2025-08-13,1001.0,15000.0,,"$1,001 - $15,000",valid_range,New,Charles Schwab Brokerage Account 924,,,,12,12,table,False,False,,False,0,False,False,100,True,20,False,https://disclosures-clerk.house.gov/public_disc/ptr-pdfs/2025/20030891.pdf,,,SP,Berkshire Hathaway Inc. New Common Stock (BRK.B) [ST] Filing Status: New Subholding Of: Charles Schwab Brokera,Berkshire Hathaway Inc. New Common Stock (BRK.B) [ST],P age Account 924,07/16/2025,08/13/2025,"$1,001 - $15,000",,"SP Berkshire Hathaway Inc. New Common Stock (BRK.B) [ST] P 07/16/2025 08/13/2025 $1,001 - $15,000 Filing Status: New Subholding Of: Charles Schwab Brokerage Account 924",,,False,100,BRK.B,accepted,house_ptr_structure+v8_1,False,False,False,07/16/2025,False
20030891,Hon. Lisa McClain,Member,MI09,20030891.pdf,2025,98,SP,BHP Group Limited American Depositary Shares,BHP Group Limited American Depositary Shares,BHP,BHP,ST,P,2025-07-22,2025-08-13,1001.0,15000.0,,"$1,001 - $15,000",valid_range,New,Charles Schwab Brokerage Account 924,,,,12,12,table,False,False,,False,0,False,True,100,True,20,False,https://disclosures-clerk.house.gov/public_disc/ptr-pdfs/2025/20030891.pdf,,,SP,BHP Group Limited American Depositary Shares (BHP) [ST],BHP Group Limited American Depositary Shares (BHP) [ST],P,07/22/2025,08/13/2025,"$1,001 - $15,000",Filing Status: New Subholding Of: Charles Schwab Brokerage Account 924,"SP BHP Group Limited American Depositary Shares (BHP) [ST] P 07/22/2025 08/13/2025 $1,001 - $15,000 Filing Status: New Subholding Of: Charles Schwab Brokerage Account 924",,,False,100,BHP,accepted,house_ptr_structure+v8_1,False,False,False,07/22/2025,False
20030891,Hon. Lisa McClain,Member,MI09,20030891.pdf,2025,99,SP,BHP Group Limited American Depositary Shares,BHP Group Limited American Depositary Shares,BHP,BHP,ST,S (partial),2025-06-17,2025-08-13,1001.0,15000.0,,"$1,001 - $15,000",valid_range,New,Charles Schwab Brokerage Account 924,,,,12,12,table,False,False,,False,0,False,False,100,True,20,False,https://disclosures-clerk.house.gov/public_disc/ptr-pdfs/2025/20030891.pdf,,,SP,BHP Group Limited American Depositary Shares (BHP) [ST] Filing Status: New Subholding Of: Charles Schwab Brokera,BHP Group Limited American Depositary Shares (BHP) [ST],S (partial) age Account 924,06/17/2025,08/13/2025,"$1,001 - $15,000",,"SP BHP Group Limited American Depositary Shares (BHP) [ST] S (partial) 06/17/2025 08/13/2025 $1,001 - $15,000 Filing Status: New Subholding Of: Charles Schwab Brokerage Account 924",,,False,100,BHP,accepted,house_ptr_structure+v8_1,False,False,False,06/17/2025,False
20030891,Hon. Lisa McClain,Member,MI09,20030891.pdf,2025,100,SP,BHP Group Limited American Depositary Shares,BHP Group Limited American Depositary Shares,BHP,BHP,ST,P,2025-06-11,2025-08-13,1001.0,15000.0,,"$1,001 - $15,000",valid_range,New,Charles Schwab Brokerage Account 924,,,,12,12,table,False,False,,False,0,False,True,100,True,20,False,https://disclosures-clerk.house.gov/public_disc/ptr-pdfs/2025/20030891.pdf,,,SP,BHP Group Limited American Depositary Shares (BHP) [ST],BHP Group Limited American Depositary Shares (BHP) [ST],P,06/11/2025,08/13/2025,"$1,001 - $15,000",Filing Status: New Subholding Of: Charles Schwab Brokerage Account 924,"SP BHP Group Limited American Depositary Shares (BHP) [ST] P 06/11/2025 08/13/2025 $1,001 - $15,000 Filing Status: New Subholding Of: Charles Schwab Brokerage Account 924",,,False,100,BHP,accepted,house_ptr_structure+v8_1,False,False,False,06/11/2025,False
20030891,Hon. Lisa McClain,Member,MI09,20030891.pdf,2025,101,SP,"BILL Holdings, Inc. Common Stock","BILL Holdings, Inc. Common Stock",BILL,BILL,ST,P,2025-06-17,2025-08-13,1001.0,15000.0,,"$1,001 - $15,000",valid_range,New,Charles Schwab Brokerage Account 924,,,,12,12,table,False,False,,False,0,False,False,100,True,20,False,https://disclosures-clerk.house.gov/public_disc/ptr-pdfs/2025/20030891.pdf,,,SP,"BILL Holdings, Inc. Common Stock (BILL) [ST] Filing Status: New Subholding Of: Charles Schwab Brokera","BILL Holdings, Inc. Common Stock (BILL) [ST]",P age Account 924,06/17/2025,08/13/2025,"$1,001 - $15,000",,"SP BILL Holdings, Inc. Common Stock (BILL) [ST] P 06/17/2025 08/13/2025 $1,001 - $15,000 Filing Status: New Subholding Of: Charles Schwab Brokerage Account 924",,,False,100,BILL,accepted,house_ptr_structure+v8_1,False,False,False,06/17/2025,False
20030891,Hon. Lisa McClain,Member,MI09,20030891.pdf,2025,102,SP,"BJ's Wholesale Club Holdings, Inc. Common Stock","BJ's Wholesale Club Holdings, Inc. Common Stock",BJ,BJ,ST,S,2025-07-10,2025-08-13,1001.0,15000.0,,"$1,001 - $15,000",valid_range,New,Charles Schwab Brokerage Account 924,,,,12,12,table,False,False,,False,0,False,True,100,True,20,False,https://disclosures-clerk.house.gov/public_disc/ptr-pdfs/2025/20030891.pdf,,,SP,"BJ's Wholesale Club Holdings, Inc. Common Stock (BJ) [ST]","BJ's Wholesale Club Holdings, Inc. Common Stock (BJ) [ST]",S,07/10/2025,08/13/2025,"$1,001 - $15,000",Filing Status: New Subholding Of: Charles Schwab Brokerage Account 924,"SP BJ's Wholesale Club Holdings, Inc. Common Stock (BJ) [ST] S 07/10/2025 08/13/2025 $1,001 - $15,000 Filing Status: New Subholding Of: Charles Schwab Brokerage Account 924",,,False,100,BJ,accepted,house_ptr_structure+v8_1,False,False,False,07/10/2025,False
20030891,Hon. Lisa McClain,Member,MI09,20030891.pdf,2025,103,SP,"BJ's Wholesale Club Holdings, Inc. Common Stock","BJ's Wholesale Club Holdings, Inc. Common Stock",BJ,BJ,ST,P,2025-06-11,2025-08-13,1001.0,15000.0,,"$1,001 - $15,000",valid_range,New,Charles Schwab Brokerage Account 924,,,,12,12,table,False,False,,False,0,False,False,100,True,20,False,https://disclosures-clerk.house.gov/public_disc/ptr-pdfs/2025/20030891.pdf,,,SP,"BJ's Wholesale Club Holdings, Inc. Common Stock (BJ) [ST] Filing Status: New Subholding Of: Charles Schwab Brokera","BJ's Wholesale Club Holdings, Inc. Common Stock (BJ) [ST]",P age Account 924,06/11/2025,08/13/2025,"$1,001 - $15,000",,"SP BJ's Wholesale Club Holdings, Inc. Common Stock (BJ) [ST] P 06/11/2025 08/13/2025 $1,001 - $15,000 Filing Status: New Subholding Of: Charles Schwab Brokerage Account 924",,,False,100,BJ,accepted,house_ptr_structure+v8_1,False,False,False,06/11/2025,False
20030891,Hon. Lisa McClain,Member,MI09,20030891.pdf,2025,104,SP,Black Hills Corporation Common Stock,Black Hills Corporation Common Stock,BKH,BKH,ST,S,2025-06-17,2025-08-13,1001.0,15000.0,,"$1,001 - $15,000",valid_range,New,Charles Schwab Brokerage Account 924,,,,12,12,table,False,False,,False,0,False,True,100,True,20,False,https://disclosures-clerk.house.gov/public_disc/ptr-pdfs/2025/20030891.pdf,,,SP,Black Hills Corporation Common Stock (BKH) [ST],Black Hills Corporation Common Stock (BKH) [ST],S,06/17/2025,08/13/2025,"$1,001 - $15,000",Filing Status: New Subholding Of: Charles Schwab Brokerage Account 924,"SP Black Hills Corporation Common Stock (BKH) [ST] S 06/17/2025 08/13/2025 $1,001 - $15,000 Filing Status: New Subholding Of: Charles Schwab Brokerage Account 924",,,False,100,BKH,accepted,house_ptr_structure+v8_1,False,False,False,06/17/2025,False
20030891,Hon. Lisa McClain,Member,MI09,20030891.pdf,2025,105,SP,Black Hills Corporation Common,Black Hills Corporation Common,BKH,BKH,ST,P,2025-06-11,2025-08-13,1001.0,15000.0,,"$1,001 - $15,000",valid_range,New,Charles Schwab Brokerage Account 924,,,,12,13,table,False,False,,True,0,False,False,98,True,20,False,https://disclosures-clerk.house.gov/public_disc/ptr-pdfs/2025/20030891.pdf,,,SP,Black Hills Corporation Common,Black Hills Corporation Common Stock (BKH) [ST],P,06/11/2025,08/13/2025,"$1,001 - $15,000",Stock (BKH) [ST] Filing Status: New Subholding Of: Charles Schwab Brokerage Account 924,"SP Black Hills Corporation Common P 06/11/2025 08/13/2025 $1,001 - $15,000 Stock (BKH) [ST] Filing Status: New Subholding Of: Charles Schwab Brokerage Account 924",,,False,98,BKH,accepted,house_ptr_structure+v8_1,False,False,False,06/11/2025,False
20030891,Hon. Lisa McClain,Member,MI09,20030891.pdf,2025,106,SP,"BlackRock, Inc. Common Stock","BlackRock, Inc. Common Stock",BLK,BLK,ST,P,2025-07-16,2025-08-13,1001.0,15000.0,,"$1,001 - $15,000",valid_range,New,Charles Schwab Brokerage Account 924,,,,13,13,table,False,False,,False,0,False,True,100,True,20,False,https://disclosures-clerk.house.gov/public_disc/ptr-pdfs/2025/20030891.pdf,,,SP,"BlackRock, Inc. Common Stock (BLK) [ST]","BlackRock, Inc. Common Stock (BLK) [ST]",P,07/16/2025,08/13/2025,"$1,001 - $15,000",Filing Status: New Subholding Of: Charles Schwab Brokerage Account 924,"SP BlackRock, Inc. Common Stock (BLK) [ST] P 07/16/2025 08/13/2025 $1,001 - $15,000 Filing Status: New Subholding Of: Charles Schwab Brokerage Account 924",,,False,100,BLK,accepted,house_ptr_structure+v8_1,False,False,False,07/16/2025,False
20030891,Hon. Lisa McClain,Member,MI09,20030891.pdf,2025,107,SP,Bloomfield Charter 5%38 DB LTX Due 04/01/38,Bloomfield Charter 5%38 DB LTX Due 04/01/38,,,GS,P,2025-01-31,2025-08-13,15001.0,50000.0,,"$15,001 - $50,000",valid_range,New,Charles Schwab Brokerage Account 919,,,,13,13,table,False,False,,False,0,False,False,100,True,20,False,https://disclosures-clerk.house.gov/public_disc/ptr-pdfs/2025/20030891.pdf,,,SP,Bloomfield Charter 5%38 DB LTX Due 04/01/38 [GS] Filing Status: New Subholding Of: Charles Schwab Brokera,Bloomfield Charter 5%38 DB LTX Due 04/01/38 [GS],P age Account 919,01/31/2025,08/13/2025,"$15,001 - $50,000",,"SP Bloomfield Charter 5%38 DB LTX Due 04/01/38 [GS] P 01/31/2025 08/13/2025 $15,001 - $50,000 Filing Status: New Subholding Of: Charles Schwab Brokerage Account 919",,,False,100,,not_applicable,,False,False,False,01/31/2025,False
20030891,Hon. Lisa McClain,Member,MI09,20030891.pdf,2025,108,SP,BLOOMFIELD CHARTER T REV 5% 04/01/2038 CALLABLE,BLOOMFIELD CHARTER T REV 5% 04/01/2038 CALLABLE,,,GS,S,2025-06-06,2025-08-13,15001.0,50000.0,,"$15,001 - $50,000",valid_range,New,Charles Schwab Brokerage Account 924,,,,13,13,table,False,False,,False,0,False,True,100,True,20,False,https://disclosures-clerk.house.gov/public_disc/ptr-pdfs/2025/20030891.pdf,,,SP,BLOOMFIELD CHARTER T REV 5% 04/01/2038 CALLABLE [GS],BLOOMFIELD CHARTER T REV 5% 04/01/2038 CALLABLE [GS],S,06/06/2025,08/13/2025,"$15,001 - $50,000",Filing Status: New Subholding Of: Charles Schwab Brokerage Account 924,"SP BLOOMFIELD CHARTER T REV 5% 04/01/2038 CALLABLE [GS] S 06/06/2025 08/13/2025 $15,001 - $50,000 Filing Status: New Subholding Of: Charles Schwab Brokerage Account 924",,,False,100,,not_applicable,,False,False,False,06/06/2025,False
20030891,Hon. Lisa McClain,Member,MI09,20030891.pdf,2025,109,SP,Boston Scientific Corporation Common Stock,Boston Scientific Corporation Common Stock,BSX,BSX,ST,P,2024-12-11,2025-08-11,1001.0,15000.0,,"$1,001 - $15,000",valid_range,New,Charles Schwab Brokerage Account 548,,,,13,13,table,False,False,,False,0,False,False,100,True,20,False,https://disclosures-clerk.house.gov/public_disc/ptr-pdfs/2025/20030891.pdf,,,SP,Boston Scientific Corporation Common Stock (BSX) [ST] Filing Status: New Subholding Of: Charles Schwab Brokera,Boston Scientific Corporation Common Stock (BSX) [ST],P age Account 548,12/11/2024,08/11/2025,"$1,001 - $15,000",,"SP Boston Scientific Corporation Common Stock (BSX) [ST] P 12/11/2024 08/11/2025 $1,001 - $15,000 Filing Status: New Subholding Of: Charles Schwab Brokerage Account 548",,,False,100,BSX,accepted,house_ptr_structure+v8_1,False,False,False,12/11/2024,False
20030891,Hon. Lisa McClain,Member,MI09,20030891.pdf,2025,110,SP,BP p.l.c. Common Stock,BP p.l.c. Common Stock,BP,BP,ST,P,2025-06-24,2025-08-13,1001.0,15000.0,,"$1,001 - $15,000",valid_range,New,Charles Schwab Brokerage Account 924,,,,13,13,table,False,False,,False,0,False,True,100,True,20,False,https://disclosures-clerk.house.gov/public_disc/ptr-pdfs/2025/20030891.pdf,,,SP,BP p.l.c. Common Stock (BP) [ST],BP p.l.c. Common Stock (BP) [ST],P,06/24/2025,08/13/2025,"$1,001 - $15,000",Filing Status: New Subholding Of: Charles Schwab Brokerage Account 924,"SP BP p.l.c. Common Stock (BP) [ST] P 06/24/2025 08/13/2025 $1,001 - $15,000 Filing Status: New Subholding Of: Charles Schwab Brokerage Account 924",,,False,100,BP,accepted,house_ptr_structure+v8_1,False,False,False,06/24/2025,False
20030891,Hon. Lisa McClain,Member,MI09,20030891.pdf,2025,111,SP,Brinks Company,Brinks Company,BCO,BCO,ST,P,2025-06-11,2025-08-13,1001.0,15000.0,,"$1,001 - $15,000",valid_range,New,Charles Schwab Brokerage Account 924,,,,13,13,table,False,False,,False,0,False,False,100,True,20,False,https://disclosures-clerk.house.gov/public_disc/ptr-pdfs/2025/20030891.pdf,,,SP,Brinks Company (BCO) [ST] Filing Status: New Subholding Of: Charles Schwab Brokera,Brinks Company (BCO) [ST],P age Account 924,06/11/2025,08/13/2025,"$1,001 - $15,000",,"SP Brinks Company (BCO) [ST] P 06/11/2025 08/13/2025 $1,001 - $15,000 Filing Status: New Subholding Of: Charles Schwab Brokerage Account 924",,,False,100,BCO,accepted,house_ptr_structure+v8_1,False,False,False,06/11/2025,False
20030891,Hon. Lisa McClain,Member,MI09,20030891.pdf,2025,112,SP,"British American Tobacco Industries, p.l.c. Common Stock ADR","British American Tobacco Industries, p.l.c. Common Stock ADR",BTI,BTI,ST,S,2025-06-24,2025-08-13,1001.0,15000.0,,"$1,001 - $15,000",valid_range,New,Charles Schwab Brokerage Account 924,,,,13,13,table,False,False,,False,0,False,True,100,True,20,False,https://disclosures-clerk.house.gov/public_disc/ptr-pdfs/2025/20030891.pdf,,,SP,"British American Tobacco Industries, p.l.c. Common Stock ADR (BTI) [ST]","British American Tobacco Industries, p.l.c. Common Stock ADR (BTI) [ST]",S,06/24/2025,08/13/2025,"$1,001 - $15,000",Filing Status: New Subholding Of: Charles Schwab Brokerage Account 924,"SP British American Tobacco Industries, p.l.c. Common Stock ADR (BTI) [ST] S 06/24/2025 08/13/2025 $1,001 - $15,000 Filing Status: New Subholding Of: Charles Schwab Brokerage Account 924",,,False,100,BTI,accepted,house_ptr_structure+v8_1,False,False,False,06/24/2025,False
20030891,Hon. Lisa McClain,Member,MI09,20030891.pdf,2025,113,SP,"British American Tobacco Industries, p.l.c. Common Stock ADR","British American Tobacco Industries, p.l.c. Common Stock ADR",BTI,BTI,ST,P,2025-06-17,2025-08-13,1001.0,15000.0,,"$1,001 - $15,000",valid_range,New,Charles Schwab Brokerage Account 924,,,,13,13,table,False,False,,False,0,False,False,100,True,20,False,https://disclosures-clerk.house.gov/public_disc/ptr-pdfs/2025/20030891.pdf,,,SP,"British American Tobacco Industries, p.l.c. Common Stock ADR (BTI) [ST] Filing Status: New Subholding Of: Charles Schwab Brokera","British American Tobacco Industries, p.l.c. Common Stock ADR (BTI) [ST]",P age Account 924,06/17/2025,08/13/2025,"$1,001 - $15,000",,"SP British American Tobacco Industries, p.l.c. Common Stock ADR (BTI) [ST] P 06/17/2025 08/13/2025 $1,001 - $15,000 Filing Status: New Subholding Of: Charles Schwab Brokerage Account 924",,,False,100,BTI,accepted,house_ptr_structure+v8_1,False,False,False,06/17/2025,False
20030891,Hon. Lisa McClain,Member,MI09,20030891.pdf,2025,114,SP,Broadcom Inc. - Common Stock,Broadcom Inc. - Common Stock,AVGO,AVGO,ST,P,2025-06-17,2025-08-13,1001.0,15000.0,,"$1,001 - $15,000",valid_range,New,Charles Schwab Brokerage Account 924,,,,13,14,table,False,False,,True,0,False,True,98,True,20,False,https://disclosures-clerk.house.gov/public_disc/ptr-pdfs/2025/20030891.pdf,,,SP,Broadcom Inc. - Common Stock (AVGO) [ST],Broadcom Inc. - Common Stock (AVGO) [ST],P,06/17/2025,08/13/2025,"$1,001 - $15,000",Filing Status: New Subholding Of: Charles Schwab Brokerage Account 924,"SP Broadcom Inc. - Common Stock (AVGO) [ST] P 06/17/2025 08/13/2025 $1,001 - $15,000 Filing Status: New Subholding Of: Charles Schwab Brokerage Account 924",,,False,98,AVGO,accepted,house_ptr_structure+v8_1,False,False,False,06/17/2025,False
20030891,Hon. Lisa McClain,Member,MI09,20030891.pdf,2025,115,SP,Broadcom Inc. - Common Stock,Broadcom Inc. - Common Stock,AVGO,AVGO,ST,S (partial),2025-06-10,2025-08-13,1001.0,15000.0,,"$1,001 - $15,000",valid_range,New,Charles Schwab Brokerage Account 924,,,,14,14,table,False,False,,False,0,False,False,100,True,20,False,https://disclosures-clerk.house.gov/public_disc/ptr-pdfs/2025/20030891.pdf,,,SP,Broadcom Inc. - Common Stock (AVGO) [ST] Filing Status: New Subholding Of: Charles Schwab Brokera,Broadcom Inc. - Common Stock (AVGO) [ST],S (partial) age Account 924,06/10/2025,08/13/2025,"$1,001 - $15,000",,"SP Broadcom Inc. - Common Stock (AVGO) [ST] S (partial) 06/10/2025 08/13/2025 $1,001 - $15,000 Filing Status: New Subholding Of: Charles Schwab Brokerage Account 924",,,False,100,AVGO,accepted,house_ptr_structure+v8_1,False,False,False,06/10/2025,False
20030891,Hon. Lisa McClain,Member,MI09,20030891.pdf,2025,116,SP,Broadcom Inc. - Common Stock,Broadcom Inc. - Common Stock,AVGO,AVGO,ST,P,2025-06-11,2025-08-13,1001.0,15000.0,,"$1,001 - $15,000",valid_range,New,Charles Schwab Brokerage Account 924,,,,14,14,table,False,False,,False,0,False,True,100,True,20,False,https://disclosures-clerk.house.gov/public_disc/ptr-pdfs/2025/20030891.pdf,,,SP,Broadcom Inc. - Common Stock (AVGO) [ST],Broadcom Inc. - Common Stock (AVGO) [ST],P,06/11/2025,08/13/2025,"$1,001 - $15,000",Filing Status: New Subholding Of: Charles Schwab Brokerage Account 924,"SP Broadcom Inc. - Common Stock (AVGO) [ST] P 06/11/2025 08/13/2025 $1,001 - $15,000 Filing Status: New Subholding Of: Charles Schwab Brokerage Account 924",,,False,100,AVGO,accepted,house_ptr_structure+v8_1,False,False,False,06/11/2025,False
20030891,Hon. Lisa McClain,Member,MI09,20030891.pdf,2025,117,SP,Broadcom Inc. - Common Stock,Broadcom Inc. - Common Stock,AVGO,AVGO,ST,P,2025-01-22,2025-08-13,1001.0,15000.0,,"$1,001 - $15,000",valid_range,New,Charles Schwab Brokerage Account 548,,,,14,14,table,False,False,,False,0,False,False,100,True,20,False,https://disclosures-clerk.house.gov/public_disc/ptr-pdfs/2025/20030891.pdf,,,SP,Broadcom Inc. - Common Stock (AVGO) [ST] Filing Status: New Subholding Of: Charles Schwab Brokera,Broadcom Inc. - Common Stock (AVGO) [ST],P age Account 548,01/22/2025,08/13/2025,"$1,001 - $15,000",,"SP Broadcom Inc. - Common Stock (AVGO) [ST] P 01/22/2025 08/13/2025 $1,001 - $15,000 Filing Status: New Subholding Of: Charles Schwab Brokerage Account 548",,,False,100,AVGO,accepted,house_ptr_structure+v8_1,False,False,False,01/22/2025,False
20030891,Hon. Lisa McClain,Member,MI09,20030891.pdf,2025,118,SP,"Broadridge Financial Solutions, Inc. Common Stock","Broadridge Financial Solutions, Inc. Common Stock",BR,BR,ST,S,2025-07-10,2025-08-13,1001.0,15000.0,,"$1,001 - $15,000",valid_range,New,Charles Schwab Brokerage Account 924,,,,14,14,table,False,False,,False,0,False,True,100,True,20,False,https://disclosures-clerk.house.gov/public_disc/ptr-pdfs/2025/20030891.pdf,,,SP,"Broadridge Financial Solutions, Inc. Common Stock (BR) [ST]","Broadridge Financial Solutions, Inc. Common Stock (BR) [ST]",S,07/10/2025,08/13/2025,"$1,001 - $15,000",Filing Status: New Subholding Of: Charles Schwab Brokerage Account 924,"SP Broadridge Financial Solutions, Inc. Common Stock (BR) [ST] S 07/10/2025 08/13/2025 $1,001 - $15,000 Filing Status: New Subholding Of: Charles Schwab Brokerage Account 924",,,False,100,BR,accepted,house_ptr_structure+v8_1,False,False,False,07/10/2025,False
20030891,Hon. Lisa McClain,Member,MI09,20030891.pdf,2025,119,SP,"Broadridge Financial Solutions, Inc. Common Stock","Broadridge Financial Solutions, Inc. Common Stock",BR,BR,ST,P,2025-06-17,2025-08-13,1001.0,15000.0,,"$1,001 - $15,000",valid_range,New,Charles Schwab Brokerage Account 924,,,,14,14,table,False,False,,False,0,False,False,100,True,20,False,https://disclosures-clerk.house.gov/public_disc/ptr-pdfs/2025/20030891.pdf,,,SP,"Broadridge Financial Solutions, Inc. Common Stock (BR) [ST] Filing Status: New Subholding Of: Charles Schwab Brokera","Broadridge Financial Solutions, Inc. Common Stock (BR) [ST]",P age Account 924,06/17/2025,08/13/2025,"$1,001 - $15,000",,"SP Broadridge Financial Solutions, Inc. Common Stock (BR) [ST] P 06/17/2025 08/13/2025 $1,001 - $15,000 Filing Status: New Subholding Of: Charles Schwab Brokerage Account 924",,,False,100,BR,accepted,house_ptr_structure+v8_1,False,False,False,06/17/2025,False
20030891,Hon. Lisa McClain,Member,MI09,20030891.pdf,2025,120,SP,"Brookline Bancorp, Inc. - Common Stock","Brookline Bancorp, Inc. - Common Stock",BRKL,BRKL,ST,S,2025-06-17,2025-08-13,1001.0,15000.0,,"$1,001 - $15,000",valid_range,New,Charles Schwab Brokerage Account 924,,,,14,14,table,False,False,,False,0,False,True,100,True,20,False,https://disclosures-clerk.house.gov/public_disc/ptr-pdfs/2025/20030891.pdf,,,SP,"Brookline Bancorp, Inc. - Common Stock (BRKL) [ST]","Brookline Bancorp, Inc. - Common Stock (BRKL) [ST]",S,06/17/2025,08/13/2025,"$1,001 - $15,000",Filing Status: New Subholding Of: Charles Schwab Brokerage Account 924,"SP Brookline Bancorp, Inc. - Common Stock (BRKL) [ST] S 06/17/2025 08/13/2025 $1,001 - $15,000 Filing Status: New Subholding Of: Charles Schwab Brokerage Account 924",,,False,100,BRKL,accepted,house_ptr_structure+v8_1,False,False,False,06/17/2025,False
20030891,Hon. Lisa McClain,Member,MI09,20030891.pdf,2025,121,SP,"Brookline Bancorp, Inc. - Common Stock","Brookline Bancorp, Inc. - Common Stock",BRKL,BRKL,ST,P,2025-06-09,2025-08-13,1001.0,15000.0,,"$1,001 - $15,000",valid_range,New,Charles Schwab Brokerage Account 924,,,,14,14,table,False,False,,False,0,False,False,100,True,20,False,https://disclosures-clerk.house.gov/public_disc/ptr-pdfs/2025/20030891.pdf,,,SP,"Brookline Bancorp, Inc. - Common Stock (BRKL) [ST] Filing Status: New Subholding Of: Charles Schwab Brokera","Brookline Bancorp, Inc. - Common Stock (BRKL) [ST]",P age Account 924,06/09/2025,08/13/2025,"$1,001 - $15,000",,"SP Brookline Bancorp, Inc. - Common Stock (BRKL) [ST] P 06/09/2025 08/13/2025 $1,001 - $15,000 Filing Status: New Subholding Of: Charles Schwab Brokerage Account 924",,,False,100,BRKL,accepted,house_ptr_structure+v8_1,False,False,False,06/09/2025,False
20030891,Hon. Lisa McClain,Member,MI09,20030891.pdf,2025,122,SP,Brown Forman Inc Class B Common Stock,Brown Forman Inc Class B Common Stock,BF.B,BF.B,ST,S,2025-06-17,2025-08-13,1001.0,15000.0,,"$1,001 - $15,000",valid_range,New,Charles Schwab Brokerage Account 924,,,,14,14,table,False,False,,False,0,False,True,100,True,20,False,https://disclosures-clerk.house.gov/public_disc/ptr-pdfs/2025/20030891.pdf,,,SP,Brown Forman Inc Class B Common Stock (BF.B) [ST],Brown Forman Inc Class B Common Stock (BF.B) [ST],S,06/17/2025,08/13/2025,"$1,001 - $15,000",Filing Status: New Subholding Of: Charles Schwab Brokerage Account 924,"SP Brown Forman Inc Class B Common Stock (BF.B) [ST] S 06/17/2025 08/13/2025 $1,001 - $15,000 Filing Status: New Subholding Of: Charles Schwab Brokerage Account 924",,,False,100,BF.B,accepted,house_ptr_structure+v8_1,False,False,False,06/17/2025,False
20030891,Hon. Lisa McClain,Member,MI09,20030891.pdf,2025,123,SP,Brown Forman Inc Class B Common Stock,Brown Forman Inc Class B Common Stock,BF.B,BF.B,ST,P,2025-06-11,2025-08-13,1001.0,15000.0,,"$1,001 - $15,000",valid_range,New,Charles Schwab Brokerage Account 924,,,,14,15,table,False,False,,True,0,False,False,98,True,20,False,https://disclosures-clerk.house.gov/public_disc/ptr-pdfs/2025/20030891.pdf,,,SP,Brown Forman Inc Class B Common Stock (BF.B) [ST],Brown Forman Inc Class B Common Stock (BF.B) [ST],P,06/11/2025,08/13/2025,"$1,001 - $15,000",Filing Status: New Subholding Of: Charles Schwab Brokerage Account 924,"SP Brown Forman Inc Class B Common Stock (BF.B) [ST] P 06/11/2025 08/13/2025 $1,001 - $15,000 Filing Status: New Subholding Of: Charles Schwab Brokerage Account 924",,,False,98,BF.B,accepted,house_ptr_structure+v8_1,False,False,False,06/11/2025,False
20030891,Hon. Lisa McClain,Member,MI09,20030891.pdf,2025,124,SP,Brunswick Corporation Common Stock,Brunswick Corporation Common Stock,BC,BC,ST,S,2025-06-17,2025-08-13,1001.0,15000.0,,"$1,001 - $15,000",valid_range,New,Charles Schwab Brokerage Account 924,,,,15,15,table,False,False,,False,0,False,True,100,True,20,False,https://disclosures-clerk.house.gov/public_disc/ptr-pdfs/2025/20030891.pdf,,,SP,Brunswick Corporation Common Stock (BC) [ST],Brunswick Corporation Common Stock (BC) [ST],S,06/17/2025,08/13/2025,"$1,001 - $15,000",Filing Status: New Subholding Of: Charles Schwab Brokerage Account 924,"SP Brunswick Corporation Common Stock (BC) [ST] S 06/17/2025 08/13/2025 $1,001 - $15,000 Filing Status: New Subholding Of: Charles Schwab Brokerage Account 924",,,False,100,BC,accepted,house_ptr_structure+v8_1,False,False,False,06/17/2025,False
20030891,Hon. Lisa McClain,Member,MI09,20030891.pdf,2025,125,SP,Brunswick Corporation Common Stock,Brunswick Corporation Common Stock,BC,BC,ST,P,2025-06-11,2025-08-13,1001.0,15000.0,,"$1,001 - $15,000",valid_range,New,Charles Schwab Brokerage Account 924,,,,15,15,table,False,False,,False,0,False,False,100,True,20,False,https://disclosures-clerk.house.gov/public_disc/ptr-pdfs/2025/20030891.pdf,,,SP,Brunswick Corporation Common Stock (BC) [ST] Filing Status: New Subholding Of: Charles Schwab Brokera,Brunswick Corporation Common Stock (BC) [ST],P age Account 924,06/11/2025,08/13/2025,"$1,001 - $15,000",,"SP Brunswick Corporation Common Stock (BC) [ST] P 06/11/2025 08/13/2025 $1,001 - $15,000 Filing Status: New Subholding Of: Charles Schwab Brokerage Account 924",,,False,100,BC,accepted,house_ptr_structure+v8_1,False,False,False,06/11/2025,False
20030891,Hon. Lisa McClain,Member,MI09,20030891.pdf,2025,126,SP,"Burlington Stores, Inc. Common Stock","Burlington Stores, Inc. Common Stock",BURL,BURL,ST,P,2025-06-11,2025-08-13,1001.0,15000.0,,"$1,001 - $15,000",valid_range,New,Charles Schwab Brokerage Account 924,,,,15,15,table,False,False,,False,0,False,True,100,True,20,False,https://disclosures-clerk.house.gov/public_disc/ptr-pdfs/2025/20030891.pdf,,,SP,"Burlington Stores, Inc. Common Stock (BURL) [ST]","Burlington Stores, Inc. Common Stock (BURL) [ST]",P,06/11/2025,08/13/2025,"$1,001 - $15,000",Filing Status: New Subholding Of: Charles Schwab Brokerage Account 924,"SP Burlington Stores, Inc. Common Stock (BURL) [ST] P 06/11/2025 08/13/2025 $1,001 - $15,000 Filing Status: New Subholding Of: Charles Schwab Brokerage Account 924",,,False,100,BURL,accepted,house_ptr_structure+v8_1,False,False,False,06/11/2025,False
20030891,Hon. Lisa McClain,Member,MI09,20030891.pdf,2025,127,SP,"Burlington Stores, Inc. Common Stock","Burlington Stores, Inc. Common Stock",BURL,BURL,ST,S,2025-06-17,2025-08-13,1001.0,15000.0,,"$1,001 - $15,000",valid_range,New,Charles Schwab Brokerage Account 924,,,,15,15,table,False,False,,False,0,False,False,100,True,20,False,https://disclosures-clerk.house.gov/public_disc/ptr-pdfs/2025/20030891.pdf,,,SP,"Burlington Stores, Inc. Common Stock (BURL) [ST] Filing Status: New Subholding Of: Charles Schwab Brokera","Burlington Stores, Inc. Common Stock (BURL) [ST]",S age Account 924,06/17/2025,08/13/2025,"$1,001 - $15,000",,"SP Burlington Stores, Inc. Common Stock (BURL) [ST] S 06/17/2025 08/13/2025 $1,001 - $15,000 Filing Status: New Subholding Of: Charles Schwab Brokerage Account 924",,,False,100,BURL,accepted,house_ptr_structure+v8_1,False,False,False,06/17/2025,False
20030891,Hon. Lisa McClain,Member,MI09,20030891.pdf,2025,128,SP,"BWX Technologies, Inc. Common Stock","BWX Technologies, Inc. Common Stock",BWXT,BWXT,ST,P,2025-06-11,2025-08-13,1001.0,15000.0,,"$1,001 - $15,000",valid_range,New,Charles Schwab Brokerage Account 924,,,,15,15,table,False,False,,False,0,False,True,100,True,20,False,https://disclosures-clerk.house.gov/public_disc/ptr-pdfs/2025/20030891.pdf,,,SP,"BWX Technologies, Inc. Common Stock (BWXT) [ST]","BWX Technologies, Inc. Common Stock (BWXT) [ST]",P,06/11/2025,08/13/2025,"$1,001 - $15,000",Filing Status: New Subholding Of: Charles Schwab Brokerage Account 924,"SP BWX Technologies, Inc. Common Stock (BWXT) [ST] P 06/11/2025 08/13/2025 $1,001 - $15,000 Filing Status: New Subholding Of: Charles Schwab Brokerage Account 924",,,False,100,BWXT,accepted,house_ptr_structure+v8_1,False,False,False,06/11/2025,False
20030891,Hon. Lisa McClain,Member,MI09,20030891.pdf,2025,129,SP,Campbell Soup Company Common Stock,Campbell Soup Company Common Stock,CPB,CPB,ST,S,2025-06-17,2025-08-13,1001.0,15000.0,,"$1,001 - $15,000",valid_range,New,Charles Schwab Brokerage Account 924,,,,15,15,table,False,False,,False,0,False,False,100,True,20,False,https://disclosures-clerk.house.gov/public_disc/ptr-pdfs/2025/20030891.pdf,,,SP,Campbell Soup Company Common Stock (CPB) [ST] Filing Status: New Subholding Of: Charles Schwab Brokera,Campbell Soup Company Common Stock (CPB) [ST],S age Account 924,06/17/2025,08/13/2025,"$1,001 - $15,000",,"SP Campbell Soup Company Common Stock (CPB) [ST] S 06/17/2025 08/13/2025 $1,001 - $15,000 Filing Status: New Subholding Of: Charles Schwab Brokerage Account 924",,,False,100,CPB,accepted,house_ptr_structure+v8_1,False,False,False,06/17/2025,False
20030891,Hon. Lisa McClain,Member,MI09,20030891.pdf,2025,130,SP,Capri Holdings Limited Ordinary Shares,Capri Holdings Limited Ordinary Shares,CPRI,CPRI,ST,S,2025-06-17,2025-08-13,1001.0,15000.0,,"$1,001 - $15,000",valid_range,New,Charles Schwab Brokerage Account 924,,,,15,15,table,False,False,,False,0,False,True,100,True,20,False,https://disclosures-clerk.house.gov/public_disc/ptr-pdfs/2025/20030891.pdf,,,SP,Capri Holdings Limited Ordinary Shares (CPRI) [ST],Capri Holdings Limited Ordinary Shares (CPRI) [ST],S,06/17/2025,08/13/2025,"$1,001 - $15,000",Filing Status: New Subholding Of: Charles Schwab Brokerage Account 924,"SP Capri Holdings Limited Ordinary Shares (CPRI) [ST] S 06/17/2025 08/13/2025 $1,001 - $15,000 Filing Status: New Subholding Of: Charles Schwab Brokerage Account 924",,,False,100,CPRI,accepted,house_ptr_structure+v8_1,False,False,False,06/17/2025,False
20030891,Hon. Lisa McClain,Member,MI09,20030891.pdf,2025,131,SP,Capri Holdings Limited Ordinary Shares,Capri Holdings Limited Ordinary Shares,CPRI,CPRI,ST,P,2025-06-11,2025-08-13,1001.0,15000.0,,"$1,001 - $15,000",valid_range,New,Charles Schwab Brokerage Account 924,,,,15,15,table,False,False,,False,0,False,False,100,True,20,False,https://disclosures-clerk.house.gov/public_disc/ptr-pdfs/2025/20030891.pdf,,,SP,Capri Holdings Limited Ordinary Shares (CPRI) [ST] Filing Status: New Subholding Of: Charles Schwab Brokera,Capri Holdings Limited Ordinary Shares (CPRI) [ST],P age Account 924,06/11/2025,08/13/2025,"$1,001 - $15,000",,"SP Capri Holdings Limited Ordinary Shares (CPRI) [ST] P 06/11/2025 08/13/2025 $1,001 - $15,000 Filing Status: New Subholding Of: Charles Schwab Brokerage Account 924",,,False,100,CPRI,accepted,house_ptr_structure+v8_1,False,False,False,06/11/2025,False
20030891,Hon. Lisa McClain,Member,MI09,20030891.pdf,2025,132,SP,Carlisle Companies Incorporated Common Stock,Carlisle Companies Incorporated Common Stock,CSL,CSL,ST,P,2025-06-17,2025-08-13,1001.0,15000.0,,"$1,001 - $15,000",valid_range,New,Charles Schwab Brokerage Account 924,,,,15,16,table,False,False,,True,0,False,True,98,True,20,False,https://disclosures-clerk.house.gov/public_disc/ptr-pdfs/2025/20030891.pdf,,,SP,Carlisle Companies Incorporated Common Stock (CSL) [ST],Carlisle Companies Incorporated Common Stock (CSL) [ST],P,06/17/2025,08/13/2025,"$1,001 - $15,000",Filing Status: New Subholding Of: Charles Schwab Brokerage Account 924,"SP Carlisle Companies Incorporated Common Stock (CSL) [ST] P 06/17/2025 08/13/2025 $1,001 - $15,000 Filing Status: New Subholding Of: Charles Schwab Brokerage Account 924",,,False,98,CSL,accepted,house_ptr_structure+v8_1,False,False,False,06/17/2025,False
20030891,Hon. Lisa McClain,Member,MI09,20030891.pdf,2025,133,SP,"Caseys General Stores, Inc. - Common Stock","Caseys General Stores, Inc. - Common Stock",CASY,CASY,ST,P,2025-06-11,2025-08-13,1001.0,15000.0,,"$1,001 - $15,000",valid_range,New,Charles Schwab Brokerage Account 924,,,,16,16,table,False,False,,False,0,False,False,100,True,20,False,https://disclosures-clerk.house.gov/public_disc/ptr-pdfs/2025/20030891.pdf,,,SP,"Caseys General Stores, Inc. - Common Stock (CASY) [ST] Filing Status: New Subholding Of: Charles Schwab Brokera","Caseys General Stores, Inc. - Common Stock (CASY) [ST]",P age Account 924,06/11/2025,08/13/2025,"$1,001 - $15,000",,"SP Caseys General Stores, Inc. - Common Stock (CASY) [ST] P 06/11/2025 08/13/2025 $1,001 - $15,000 Filing Status: New Subholding Of: Charles Schwab Brokerage Account 924",,,False,100,CASY,accepted,house_ptr_structure+v8_1,False,False,False,06/11/2025,False
20030891,Hon. Lisa McClain,Member,MI09,20030891.pdf,2025,134,SP,ChampionX Corporation,ChampionX Corporation,CHX,CHX,ST,S,2025-06-24,2025-08-13,1001.0,15000.0,,"$1,001 - $15,000",valid_range,New,Charles Schwab Brokerage Account 924,,,,16,16,table,False,False,,False,0,False,True,100,True,20,False,https://disclosures-clerk.house.gov/public_disc/ptr-pdfs/2025/20030891.pdf,,,SP,ChampionX Corporation (CHX) [ST],ChampionX Corporation (CHX) [ST],S,06/24/2025,08/13/2025,"$1,001 - $15,000",Filing Status: New Subholding Of: Charles Schwab Brokerage Account 924,"SP ChampionX Corporation (CHX) [ST] S 06/24/2025 08/13/2025 $1,001 - $15,000 Filing Status: New Subholding Of: Charles Schwab Brokerage Account 924",,,False,100,CHX,accepted,house_ptr_structure+v8_1,False,False,False,06/24/2025,False
20030891,Hon. Lisa McClain,Member,MI09,20030891.pdf,2025,135,SP,ChampionX Corporation,ChampionX Corporation,CHX,CHX,ST,P,2025-06-11,2025-08-13,1001.0,15000.0,,"$1,001 - $15,000",valid_range,New,Charles Schwab Brokerage Account 924,,,,16,16,table,False,False,,False,0,False,False,100,True,20,False,https://disclosures-clerk.house.gov/public_disc/ptr-pdfs/2025/20030891.pdf,,,SP,ChampionX Corporation (CHX) [ST] Filing Status: New Subholding Of: Charles Schwab Brokera,ChampionX Corporation (CHX) [ST],P age Account 924,06/11/2025,08/13/2025,"$1,001 - $15,000",,"SP ChampionX Corporation (CHX) [ST] P 06/11/2025 08/13/2025 $1,001 - $15,000 Filing Status: New Subholding Of: Charles Schwab Brokerage Account 924",,,False,100,CHX,accepted,house_ptr_structure+v8_1,False,False,False,06/11/2025,False
20030891,Hon. Lisa McClain,Member,MI09,20030891.pdf,2025,136,SP,Charles Schwab Corporation,Charles Schwab Corporation,SCHW,SCHW,ST,S,2025-07-16,2025-08-13,1001.0,15000.0,,"$1,001 - $15,000",valid_range,New,Charles Schwab Brokerage Account 924,,,,16,16,table,False,False,,False,0,False,True,100,True,20,False,https://disclosures-clerk.house.gov/public_disc/ptr-pdfs/2025/20030891.pdf,,,SP,Charles Schwab Corporation (SCHW) [ST],Charles Schwab Corporation (SCHW) [ST],S,07/16/2025,08/13/2025,"$1,001 - $15,000",Filing Status: New Subholding Of: Charles Schwab Brokerage Account 924,"SP Charles Schwab Corporation (SCHW) [ST] S 07/16/2025 08/13/2025 $1,001 - $15,000 Filing Status: New Subholding Of: Charles Schwab Brokerage Account 924",,,False,100,SCHW,accepted,house_ptr_structure+v8_1,False,False,False,07/16/2025,False
20030891,Hon. Lisa McClain,Member,MI09,20030891.pdf,2025,137,SP,Charles Schwab Corporation,Charles Schwab Corporation,SCHW,SCHW,ST,P,2025-07-10,2025-08-13,1001.0,15000.0,,"$1,001 - $15,000",valid_range,New,Charles Schwab Brokerage Account 924,,,,16,16,table,False,False,,False,0,False,False,100,True,20,False,https://disclosures-clerk.house.gov/public_disc/ptr-pdfs/2025/20030891.pdf,,,SP,Charles Schwab Corporation (SCHW) [ST] Filing Status: New Subholding Of: Charles Schwab Brokera,Charles Schwab Corporation (SCHW) [ST],P age Account 924,07/10/2025,08/13/2025,"$1,001 - $15,000",,"SP Charles Schwab Corporation (SCHW) [ST] P 07/10/2025 08/13/2025 $1,001 - $15,000 Filing Status: New Subholding Of: Charles Schwab Brokerage Account 924",,,False,100,SCHW,accepted,house_ptr_structure+v8_1,False,False,False,07/10/2025,False
20030891,Hon. Lisa McClain,Member,MI09,20030891.pdf,2025,138,SP,Chemed Corp,Chemed Corp,CHE,CHE,ST,P,2025-06-24,2025-08-13,1001.0,15000.0,,"$1,001 - $15,000",valid_range,New,Charles Schwab Brokerage Account 924,,,,16,16,table,False,False,,False,0,False,True,100,True,20,False,https://disclosures-clerk.house.gov/public_disc/ptr-pdfs/2025/20030891.pdf,,,SP,Chemed Corp (CHE) [ST],Chemed Corp (CHE) [ST],P,06/24/2025,08/13/2025,"$1,001 - $15,000",Filing Status: New Subholding Of: Charles Schwab Brokerage Account 924,"SP Chemed Corp (CHE) [ST] P 06/24/2025 08/13/2025 $1,001 - $15,000 Filing Status: New Subholding Of: Charles Schwab Brokerage Account 924",,,False,100,CHE,accepted,house_ptr_structure+v8_1,False,False,False,06/24/2025,False
20030891,Hon. Lisa McClain,Member,MI09,20030891.pdf,2025,139,SP,Chevron Corporation Common Stock,Chevron Corporation Common Stock,CVX,CVX,ST,S,2025-06-24,2025-08-13,1001.0,15000.0,,"$1,001 - $15,000",valid_range,New,Charles Schwab Brokerage Account 924,,,,16,16,table,False,False,,False,0,False,False,100,True,20,False,https://disclosures-clerk.house.gov/public_disc/ptr-pdfs/2025/20030891.pdf,,,SP,Chevron Corporation Common Stock (CVX) [ST] Filing Status: New Subholding Of: Charles Schwab Brokera,Chevron Corporation Common Stock (CVX) [ST],S age Account 924,06/24/2025,08/13/2025,"$1,001 - $15,000",,"SP Chevron Corporation Common Stock (CVX) [ST] S 06/24/2025 08/13/2025 $1,001 - $15,000 Filing Status: New Subholding Of: Charles Schwab Brokerage Account 924",,,False,100,CVX,accepted,house_ptr_structure+v8_1,False,False,False,06/24/2025,False
20030891,Hon. Lisa McClain,Member,MI09,20030891.pdf,2025,140,SP,Chevron Corporation Common Stock,Chevron Corporation Common Stock,CVX,CVX,ST,P,2025-06-17,2025-08-13,1001.0,15000.0,,"$1,001 - $15,000",valid_range,New,Charles Schwab Brokerage Account 924,,,,16,16,table,False,False,,False,0,False,True,100,True,20,False,https://disclosures-clerk.house.gov/public_disc/ptr-pdfs/2025/20030891.pdf,,,SP,Chevron Corporation Common Stock (CVX) [ST],Chevron Corporation Common Stock (CVX) [ST],P,06/17/2025,08/13/2025,"$1,001 - $15,000",Filing Status: New Subholding Of: Charles Schwab Brokerage Account 924,"SP Chevron Corporation Common Stock (CVX) [ST] P 06/17/2025 08/13/2025 $1,001 - $15,000 Filing Status: New Subholding Of: Charles Schwab Brokerage Account 924",,,False,100,CVX,accepted,house_ptr_structure+v8_1,False,False,False,06/17/2025,False
20030891,Hon. Lisa McClain,Member,MI09,20030891.pdf,2025,141,SP,"Chipotle Mexican Grill, Inc. Common Stock","Chipotle Mexican Grill, Inc. Common Stock",CMG,CMG,ST,S,2025-03-20,2025-08-13,1001.0,15000.0,,"$1,001 - $15,000",valid_range,New,Charles Schwab Brokerage Account 548,,,,16,16,table,False,False,,False,0,False,False,100,True,20,False,https://disclosures-clerk.house.gov/public_disc/ptr-pdfs/2025/20030891.pdf,,,SP,"Chipotle Mexican Grill, Inc. Common Stock (CMG) [ST] Filing Status: New Subholding Of: Charles Schwab Brokera","Chipotle Mexican Grill, Inc. Common Stock (CMG) [ST]",S age Account 548,03/20/2025,08/13/2025,"$1,001 - $15,000",,"SP Chipotle Mexican Grill, Inc. Common Stock (CMG) [ST] S 03/20/2025 08/13/2025 $1,001 - $15,000 Filing Status: New Subholding Of: Charles Schwab Brokerage Account 548",,,False,100,CMG,accepted,house_ptr_structure+v8_1,False,False,False,03/20/2025,False
20030891,Hon. Lisa McClain,Member,MI09,20030891.pdf,2025,142,SP,"Chipotle Mexican Grill, Inc. Common Stock","Chipotle Mexican Grill, Inc. Common Stock",CMG,CMG,ST,P,2024-12-11,2025-08-11,1001.0,15000.0,,"$1,001 - $15,000",valid_range,New,Charles Schwab Brokerage Account 548,,,,17,17,table,False,False,,False,0,False,True,100,True,20,False,https://disclosures-clerk.house.gov/public_disc/ptr-pdfs/2025/20030891.pdf,,,SP,"Chipotle Mexican Grill, Inc. Common Stock (CMG) [ST]","Chipotle Mexican Grill, Inc. Common Stock (CMG) [ST]",P,12/11/2024,08/11/2025,"$1,001 - $15,000",Filing Status: New Subholding Of: Charles Schwab Brokerage Account 548,"SP Chipotle Mexican Grill, Inc. Common Stock (CMG) [ST] P 12/11/2024 08/11/2025 $1,001 - $15,000 Filing Status: New Subholding Of: Charles Schwab Brokerage Account 548",,,False,100,CMG,accepted,house_ptr_structure+v8_1,False,False,False,12/11/2024,False
20030891,Hon. Lisa McClain,Member,MI09,20030891.pdf,2025,143,SP,Chord Energy Corporation - Common Stock,Chord Energy Corporation - Common Stock,CHRD,CHRD,ST,P,2025-06-24,2025-08-13,1001.0,15000.0,,"$1,001 - $15,000",valid_range,New,Charles Schwab Brokerage Account 924,,,,17,17,table,False,False,,False,0,False,False,100,True,20,False,https://disclosures-clerk.house.gov/public_disc/ptr-pdfs/2025/20030891.pdf,,,SP,Chord Energy Corporation - Common Stock (CHRD) [ST] Filing Status: New Subholding Of: Charles Schwab Brokera,Chord Energy Corporation - Common Stock (CHRD) [ST],P age Account 924,06/24/2025,08/13/2025,"$1,001 - $15,000",,"SP Chord Energy Corporation - Common Stock (CHRD) [ST] P 06/24/2025 08/13/2025 $1,001 - $15,000 Filing Status: New Subholding Of: Charles Schwab Brokerage Account 924",,,False,100,CHRD,accepted,house_ptr_structure+v8_1,False,False,False,06/24/2025,False
20030891,Hon. Lisa McClain,Member,MI09,20030891.pdf,2025,144,SP,"Church & Dwight Company, Inc. Common Stock","Church & Dwight Company, Inc. Common Stock",CHD,CHD,ST,P,2025-06-17,2025-08-13,1001.0,15000.0,,"$1,001 - $15,000",valid_range,New,Charles Schwab Brokerage Account 924,,,,17,17,table,False,False,,False,0,False,True,100,True,20,False,https://disclosures-clerk.house.gov/public_disc/ptr-pdfs/2025/20030891.pdf,,,SP,"Church & Dwight Company, Inc. Common Stock (CHD) [ST]","Church & Dwight Company, Inc. Common Stock (CHD) [ST]",P,06/17/2025,08/13/2025,"$1,001 - $15,000",Filing Status: New Subholding Of: Charles Schwab Brokerage Account 924,"SP Church & Dwight Company, Inc. Common Stock (CHD) [ST] P 06/17/2025 08/13/2025 $1,001 - $15,000 Filing Status: New Subholding Of: Charles Schwab Brokerage Account 924",,,False,100,CHD,accepted,house_ptr_structure+v8_1,False,False,False,06/17/2025,False
20030891,Hon. Lisa McClain,Member,MI09,20030891.pdf,2025,145,SP,"Church & Dwight Company, Inc. Common Stock","Church & Dwight Company, Inc. Common Stock",CHD,CHD,ST,S,2025-06-24,2025-08-13,1001.0,15000.0,,"$1,001 - $15,000",valid_range,New,Charles Schwab Brokerage Account 924,,,,17,17,table,False,False,,False,0,False,False,100,True,20,False,https://disclosures-clerk.house.gov/public_disc/ptr-pdfs/2025/20030891.pdf,,,SP,"Church & Dwight Company, Inc. Common Stock (CHD) [ST] Filing Status: New Subholding Of: Charles Schwab Brokera","Church & Dwight Company, Inc. Common Stock (CHD) [ST]",S age Account 924,06/24/2025,08/13/2025,"$1,001 - $15,000",,"SP Church & Dwight Company, Inc. Common Stock (CHD) [ST] S 06/24/2025 08/13/2025 $1,001 - $15,000 Filing Status: New Subholding Of: Charles Schwab Brokerage Account 924",,,False,100,CHD,accepted,house_ptr_structure+v8_1,False,False,False,06/24/2025,False
20030891,Hon. Lisa McClain,Member,MI09,20030891.pdf,2025,146,SP,Ciena Corporation,Ciena Corporation,CIEN,CIEN,ST,P,2025-06-17,2025-08-13,1001.0,15000.0,,"$1,001 - $15,000",valid_range,New,Charles Schwab Brokerage Account 924,,,,17,17,table,False,False,,False,0,False,True,100,True,20,False,https://disclosures-clerk.house.gov/public_disc/ptr-pdfs/2025/20030891.pdf,,,SP,Ciena Corporation (CIEN) [ST],Ciena Corporation (CIEN) [ST],P,06/17/2025,08/13/2025,"$1,001 - $15,000",Filing Status: New Subholding Of: Charles Schwab Brokerage Account 924,"SP Ciena Corporation (CIEN) [ST] P 06/17/2025 08/13/2025 $1,001 - $15,000 Filing Status: New Subholding Of: Charles Schwab Brokerage Account 924",,,False,100,CIEN,accepted,house_ptr_structure+v8_1,False,False,False,06/17/2025,False
20030891,Hon. Lisa McClain,Member,MI09,20030891.pdf,2025,147,SP,Cintas Corporation - Common Stock,Cintas Corporation - Common Stock,CTAS,CTAS,ST,P,2024-12-11,2025-08-11,1001.0,15000.0,,"$1,001 - $15,000",valid_range,New,Charles Schwab Brokerage Account 548,,,,17,17,table,False,False,,False,0,False,False,100,True,20,False,https://disclosures-clerk.house.gov/public_disc/ptr-pdfs/2025/20030891.pdf,,,SP,Cintas Corporation - Common Stock (CTAS) [ST] Filing Status: New Subholding Of: Charles Schwab Brokera,Cintas Corporation - Common Stock (CTAS) [ST],P age Account 548,12/11/2024,08/11/2025,"$1,001 - $15,000",,"SP Cintas Corporation - Common Stock (CTAS) [ST] P 12/11/2024 08/11/2025 $1,001 - $15,000 Filing Status: New Subholding Of: Charles Schwab Brokerage Account 548",,,False,100,CTAS,accepted,house_ptr_structure+v8_1,False,False,False,12/11/2024,False
20030891,Hon. Lisa McClain,Member,MI09,20030891.pdf,2025,148,SP,"Cisco Systems, Inc. - Common Stock","Cisco Systems, Inc. - Common Stock",CSCO,CSCO,ST,P,2025-07-22,2025-08-13,1001.0,15000.0,,"$1,001 - $15,000",valid_range,New,Charles Schwab Brokerage Account 924,,,,17,17,table,False,False,,False,0,False,True,100,True,20,False,https://disclosures-clerk.house.gov/public_disc/ptr-pdfs/2025/20030891.pdf,,,SP,"Cisco Systems, Inc. - Common Stock (CSCO) [ST]","Cisco Systems, Inc. - Common Stock (CSCO) [ST]",P,07/22/2025,08/13/2025,"$1,001 - $15,000",Filing Status: New Subholding Of: Charles Schwab Brokerage Account 924,"SP Cisco Systems, Inc. - Common Stock (CSCO) [ST] P 07/22/2025 08/13/2025 $1,001 - $15,000 Filing Status: New Subholding Of: Charles Schwab Brokerage Account 924",,,False,100,CSCO,accepted,house_ptr_structure+v8_1,False,False,False,07/22/2025,False
20030891,Hon. Lisa McClain,Member,MI09,20030891.pdf,2025,149,SP,Clorox Company,Clorox Company,CLX,CLX,ST,P,2025-06-24,2025-08-13,1001.0,15000.0,,"$1,001 - $15,000",valid_range,New,Charles Schwab Brokerage Account 924,,,,17,17,table,False,False,,False,0,False,False,100,True,20,False,https://disclosures-clerk.house.gov/public_disc/ptr-pdfs/2025/20030891.pdf,,,SP,Clorox Company (CLX) [ST] Filing Status: New Subholding Of: Charles Schwab Brokera,Clorox Company (CLX) [ST],P age Account 924,06/24/2025,08/13/2025,"$1,001 - $15,000",,"SP Clorox Company (CLX) [ST] P 06/24/2025 08/13/2025 $1,001 - $15,000 Filing Status: New Subholding Of: Charles Schwab Brokerage Account 924",,,False,100,CLX,accepted,house_ptr_structure+v8_1,False,False,False,06/24/2025,False
20030891,Hon. Lisa McClain,Member,MI09,20030891.pdf,2025,150,SP,CNH Industrial N.V. Common Shares,CNH Industrial N.V. Common Shares,CNH,CNH,ST,P,2025-06-17,2025-08-13,1001.0,15000.0,,"$1,001 - $15,000",valid_range,New,Charles Schwab Brokerage Account 924,,,,17,17,table,False,False,,False,0,False,True,100,True,20,False,https://disclosures-clerk.house.gov/public_disc/ptr-pdfs/2025/20030891.pdf,,,SP,CNH Industrial N.V. Common Shares (CNH) [ST],CNH Industrial N.V. Common Shares (CNH) [ST],P,06/17/2025,08/13/2025,"$1,001 - $15,000",Filing Status: New Subholding Of: Charles Schwab Brokerage Account 924,"SP CNH Industrial N.V. Common Shares (CNH) [ST] P 06/17/2025 08/13/2025 $1,001 - $15,000 Filing Status: New Subholding Of: Charles Schwab Brokerage Account 924",,,False,100,CNH,accepted,house_ptr_structure+v8_1,False,False,False,06/17/2025,False
20030891,Hon. Lisa McClain,Member,MI09,20030891.pdf,2025,151,SP,CNH Industrial N.V. Common Shares,CNH Industrial N.V. Common Shares,CNH,CNH,ST,S (partial),2025-06-24,2025-08-13,1001.0,15000.0,,"$1,001 - $15,000",valid_range,New,Charles Schwab Brokerage Account 924,,,,18,18,table,False,False,,False,0,False,False,100,True,20,False,https://disclosures-clerk.house.gov/public_disc/ptr-pdfs/2025/20030891.pdf,,,SP,CNH Industrial N.V. Common Shares (CNH) [ST] Filing Status: New Subholding Of: Charles Schwab Brokera,CNH Industrial N.V. Common Shares (CNH) [ST],S (partial) age Account 924,06/24/2025,08/13/2025,"$1,001 - $15,000",,"SP CNH Industrial N.V. Common Shares (CNH) [ST] S (partial) 06/24/2025 08/13/2025 $1,001 - $15,000 Filing Status: New Subholding Of: Charles Schwab Brokerage Account 924",,,False,100,CNH,accepted,house_ptr_structure+v8_1,False,False,False,06/24/2025,False
20030891,Hon. Lisa McClain,Member,MI09,20030891.pdf,2025,152,SP,CNH Industrial N.V. Common Shares,CNH Industrial N.V. Common Shares,CNH,CNH,ST,P,2025-07-22,2025-08-13,1001.0,15000.0,,"$1,001 - $15,000",valid_range,New,Charles Schwab Brokerage Account 924,,,,18,18,table,False,False,,False,0,False,True,100,True,20,False,https://disclosures-clerk.house.gov/public_disc/ptr-pdfs/2025/20030891.pdf,,,SP,CNH Industrial N.V. Common Shares (CNH) [ST],CNH Industrial N.V. Common Shares (CNH) [ST],P,07/22/2025,08/13/2025,"$1,001 - $15,000",Filing Status: New Subholding Of: Charles Schwab Brokerage Account 924,"SP CNH Industrial N.V. Common Shares (CNH) [ST] P 07/22/2025 08/13/2025 $1,001 - $15,000 Filing Status: New Subholding Of: Charles Schwab Brokerage Account 924",,,False,100,CNH,accepted,house_ptr_structure+v8_1,False,False,False,07/22/2025,False
20030891,Hon. Lisa McClain,Member,MI09,20030891.pdf,2025,153,SP,"CNO Financial Group, Inc. Common Stock","CNO Financial Group, Inc. Common Stock",CNO,CNO,ST,S,2025-06-11,2025-08-13,1001.0,15000.0,,"$1,001 - $15,000",valid_range,New,Charles Schwab Brokerage Account 924,,,,18,18,table,False,False,,False,0,False,False,100,True,20,False,https://disclosures-clerk.house.gov/public_disc/ptr-pdfs/2025/20030891.pdf,,,SP,"CNO Financial Group, Inc. Common Stock (CNO) [ST] Filing Status: New Subholding Of: Charles Schwab Brokera","CNO Financial Group, Inc. Common Stock (CNO) [ST]",S age Account 924,06/11/2025,08/13/2025,"$1,001 - $15,000",,"SP CNO Financial Group, Inc. Common Stock (CNO) [ST] S 06/11/2025 08/13/2025 $1,001 - $15,000 Filing Status: New Subholding Of: Charles Schwab Brokerage Account 924",,,False,100,CNO,accepted,house_ptr_structure+v8_1,False,False,False,06/11/2025,False
20030891,Hon. Lisa McClain,Member,MI09,20030891.pdf,2025,154,SP,"CNO Financial Group, Inc. Common Stock","CNO Financial Group, Inc. Common Stock",CNO,CNO,ST,P,2025-06-09,2025-08-13,1001.0,15000.0,,"$1,001 - $15,000",valid_range,New,Charles Schwab Brokerage Account 924,,,,18,18,table,False,False,,False,0,False,True,100,True,20,False,https://disclosures-clerk.house.gov/public_disc/ptr-pdfs/2025/20030891.pdf,,,SP,"CNO Financial Group, Inc. Common Stock (CNO) [ST]","CNO Financial Group, Inc. Common Stock (CNO) [ST]",P,06/09/2025,08/13/2025,"$1,001 - $15,000",Filing Status: New Subholding Of: Charles Schwab Brokerage Account 924,"SP CNO Financial Group, Inc. Common Stock (CNO) [ST] P 06/09/2025 08/13/2025 $1,001 - $15,000 Filing Status: New Subholding Of: Charles Schwab Brokerage Account 924",,,False,100,CNO,accepted,house_ptr_structure+v8_1,False,False,False,06/09/2025,False
20030891,Hon. Lisa McClain,Member,MI09,20030891.pdf,2025,155,SP,Coca-Cola Company,Coca-Cola Company,KO,KO,ST,S,2025-07-10,2025-08-13,1001.0,15000.0,,"$1,001 - $15,000",valid_range,New,Charles Schwab Brokerage Account 924,,,,18,18,table,False,False,,False,0,False,False,100,True,20,False,https://disclosures-clerk.house.gov/public_disc/ptr-pdfs/2025/20030891.pdf,,,SP,Coca-Cola Company (KO) [ST] Filing Status: New Subholding Of: Charles Schwab Brokera,Coca-Cola Company (KO) [ST],S age Account 924,07/10/2025,08/13/2025,"$1,001 - $15,000",,"SP Coca-Cola Company (KO) [ST] S 07/10/2025 08/13/2025 $1,001 - $15,000 Filing Status: New Subholding Of: Charles Schwab Brokerage Account 924",,,False,100,KO,accepted,house_ptr_structure+v8_1,False,False,False,07/10/2025,False
20030891,Hon. Lisa McClain,Member,MI09,20030891.pdf,2025,156,SP,Coca-Cola Company,Coca-Cola Company,KO,KO,ST,P,2025-06-24,2025-08-13,1001.0,15000.0,,"$1,001 - $15,000",valid_range,New,Charles Schwab Brokerage Account 924,,,,18,18,table,False,False,,False,0,False,True,100,True,20,False,https://disclosures-clerk.house.gov/public_disc/ptr-pdfs/2025/20030891.pdf,,,SP,Coca-Cola Company (KO) [ST],Coca-Cola Company (KO) [ST],P,06/24/2025,08/13/2025,"$1,001 - $15,000",Filing Status: New Subholding Of: Charles Schwab Brokerage Account 924,"SP Coca-Cola Company (KO) [ST] P 06/24/2025 08/13/2025 $1,001 - $15,000 Filing Status: New Subholding Of: Charles Schwab Brokerage Account 924",,,False,100,KO,accepted,house_ptr_structure+v8_1,False,False,False,06/24/2025,False
20030891,Hon. Lisa McClain,Member,MI09,20030891.pdf,2025,157,SP,Cognizant Technology Solutions Corporation - Class A Common Stock,Cognizant Technology Solutions Corporation - Class A Common Stock,CTSH,CTSH,ST,S,2025-07-16,2025-08-13,1001.0,15000.0,,"$1,001 - $15,000",valid_range,New,Charles Schwab Brokerage Account 924,,,,18,18,table,False,False,,False,0,False,False,100,True,20,False,https://disclosures-clerk.house.gov/public_disc/ptr-pdfs/2025/20030891.pdf,,,SP,Cognizant Technology Solutions Corporation - Class A Common Stock (CTSH) [ST] Filing Status: New Subholding Of: Charles Schwab Brokera,Cognizant Technology Solutions Corporation - Class A Common Stock (CTSH) [ST],S age Account 924,07/16/2025,08/13/2025,"$1,001 - $15,000",,"SP Cognizant Technology Solutions Corporation - Class A Common Stock (CTSH) [ST] S 07/16/2025 08/13/2025 $1,001 - $15,000 Filing Status: New Subholding Of: Charles Schwab Brokerage Account 924",,,False,100,CTSH,accepted,house_ptr_structure+v8_1,False,False,False,07/16/2025,False
20030891,Hon. Lisa McClain,Member,MI09,20030891.pdf,2025,158,SP,Cognizant Technology Solutions Corporation - Class A Common Stock,Cognizant Technology Solutions Corporation - Class A Common Stock,CTSH,CTSH,ST,P,2025-07-10,2025-08-13,1001.0,15000.0,,"$1,001 - $15,000",valid_range,New,Charles Schwab Brokerage Account 924,,,,18,18,table,False,False,,False,0,False,True,100,True,20,False,https://disclosures-clerk.house.gov/public_disc/ptr-pdfs/2025/20030891.pdf,,,SP,Cognizant Technology Solutions Corporation - Class A Common Stock (CTSH) [ST],Cognizant Technology Solutions Corporation - Class A Common Stock (CTSH) [ST],P,07/10/2025,08/13/2025,"$1,001 - $15,000",Filing Status: New Subholding Of: Charles Schwab Brokerage Account 924,"SP Cognizant Technology Solutions Corporation - Class A Common Stock (CTSH) [ST] P 07/10/2025 08/13/2025 $1,001 - $15,000 Filing Status: New Subholding Of: Charles Schwab Brokerage Account 924",,,False,100,CTSH,accepted,house_ptr_structure+v8_1,False,False,False,07/10/2025,False
20030891,Hon. Lisa McClain,Member,MI09,20030891.pdf,2025,159,SP,Coherent Corp.,Coherent Corp.,COHR,COHR,ST,P,2025-06-17,2025-08-13,1001.0,15000.0,,"$1,001 - $15,000",valid_range,New,Charles Schwab Brokerage Account 924,,,,18,18,table,False,False,,False,0,False,False,100,True,20,False,https://disclosures-clerk.house.gov/public_disc/ptr-pdfs/2025/20030891.pdf,,,SP,Coherent Corp. (COHR) [ST] Filing Status: New Subholding Of: Charles Schwab Brokera,Coherent Corp. (COHR) [ST],P age Account 924,06/17/2025,08/13/2025,"$1,001 - $15,000",,"SP Coherent Corp. (COHR) [ST] P 06/17/2025 08/13/2025 $1,001 - $15,000 Filing Status: New Subholding Of: Charles Schwab Brokerage Account 924",,,False,100,COHR,accepted,house_ptr_structure+v8_1,False,False,False,06/17/2025,False
20030891,Hon. Lisa McClain,Member,MI09,20030891.pdf,2025,160,SP,Colgate-Palmolive Company Common Stock,Colgate-Palmolive Company Common Stock,CL,CL,ST,P,2025-06-17,2025-08-13,1001.0,15000.0,,"$1,001 - $15,000",valid_range,New,Charles Schwab Brokerage Account 924,,,,19,19,table,False,False,,False,0,False,True,100,True,20,False,https://disclosures-clerk.house.gov/public_disc/ptr-pdfs/2025/20030891.pdf,,,SP,Colgate-Palmolive Company Common Stock (CL) [ST],Colgate-Palmolive Company Common Stock (CL) [ST],P,06/17/2025,08/13/2025,"$1,001 - $15,000",Filing Status: New Subholding Of: Charles Schwab Brokerage Account 924,"SP Colgate-Palmolive Company Common Stock (CL) [ST] P 06/17/2025 08/13/2025 $1,001 - $15,000 Filing Status: New Subholding Of: Charles Schwab Brokerage Account 924",,,False,100,CL,accepted,house_ptr_structure+v8_1,False,False,False,06/17/2025,False
20030891,Hon. Lisa McClain,Member,MI09,20030891.pdf,2025,161,SP,Colgate-Palmolive Company Common Stock,Colgate-Palmolive Company Common Stock,CL,CL,ST,S,2025-06-24,2025-08-13,1001.0,15000.0,,"$1,001 - $15,000",valid_range,New,Charles Schwab Brokerage Account 924,,,,19,19,table,False,False,,False,0,False,False,100,True,20,False,https://disclosures-clerk.house.gov/public_disc/ptr-pdfs/2025/20030891.pdf,,,SP,Colgate-Palmolive Company Common Stock (CL) [ST] Filing Status: New Subholding Of: Charles Schwab Brokera,Colgate-Palmolive Company Common Stock (CL) [ST],S age Account 924,06/24/2025,08/13/2025,"$1,001 - $15,000",,"SP Colgate-Palmolive Company Common Stock (CL) [ST] S 06/24/2025 08/13/2025 $1,001 - $15,000 Filing Status: New Subholding Of: Charles Schwab Brokerage Account 924",,,False,100,CL,accepted,house_ptr_structure+v8_1,False,False,False,06/24/2025,False
20030891,Hon. Lisa McClain,Member,MI09,20030891.pdf,2025,162,SP,"Community Financial System, Inc. Common Stock","Community Financial System, Inc. Common Stock",CBU,CBU,ST,P,2025-06-11,2025-08-13,1001.0,15000.0,,"$1,001 - $15,000",valid_range,New,Charles Schwab Brokerage Account 924,,,,19,19,table,False,False,,False,0,False,True,100,True,20,False,https://disclosures-clerk.house.gov/public_disc/ptr-pdfs/2025/20030891.pdf,,,SP,"Community Financial System, Inc. Common Stock (CBU) [ST]","Community Financial System, Inc. Common Stock (CBU) [ST]",P,06/11/2025,08/13/2025,"$1,001 - $15,000",Filing Status: New Subholding Of: Charles Schwab Brokerage Account 924,"SP Community Financial System, Inc. Common Stock (CBU) [ST] P 06/11/2025 08/13/2025 $1,001 - $15,000 Filing Status: New Subholding Of: Charles Schwab Brokerage Account 924",,,False,100,CBU,accepted,house_ptr_structure+v8_1,False,False,False,06/11/2025,False
20030891,Hon. Lisa McClain,Member,MI09,20030891.pdf,2025,163,SP,"Community Financial System, Inc. Common Stock","Community Financial System, Inc. Common Stock",CBU,CBU,ST,S,2025-06-17,2025-08-13,1001.0,15000.0,,"$1,001 - $15,000",valid_range,New,Charles Schwab Brokerage Account 924,,,,19,19,table,False,False,,False,0,False,False,100,True,20,False,https://disclosures-clerk.house.gov/public_disc/ptr-pdfs/2025/20030891.pdf,,,SP,"Community Financial System, Inc. Common Stock (CBU) [ST] Filing Status: New Subholding Of: Charles Schwab Brokera","Community Financial System, Inc. Common Stock (CBU) [ST]",S age Account 924,06/17/2025,08/13/2025,"$1,001 - $15,000",,"SP Community Financial System, Inc. Common Stock (CBU) [ST] S 06/17/2025 08/13/2025 $1,001 - $15,000 Filing Status: New Subholding Of: Charles Schwab Brokerage Account 924",,,False,100,CBU,accepted,house_ptr_structure+v8_1,False,False,False,06/17/2025,False
20030891,Hon. Lisa McClain,Member,MI09,20030891.pdf,2025,164,SP,"ConAgra Brands, Inc. Common Stock","ConAgra Brands, Inc. Common Stock",CAG,CAG,ST,P,2025-07-22,2025-08-13,1001.0,15000.0,,"$1,001 - $15,000",valid_range,New,Charles Schwab Brokerage Account 924,,,,19,19,table,False,False,,False,0,False,True,100,True,20,False,https://disclosures-clerk.house.gov/public_disc/ptr-pdfs/2025/20030891.pdf,,,SP,"ConAgra Brands, Inc. Common Stock (CAG) [ST]","ConAgra Brands, Inc. Common Stock (CAG) [ST]",P,07/22/2025,08/13/2025,"$1,001 - $15,000",Filing Status: New Subholding Of: Charles Schwab Brokerage Account 924,"SP ConAgra Brands, Inc. Common Stock (CAG) [ST] P 07/22/2025 08/13/2025 $1,001 - $15,000 Filing Status: New Subholding Of: Charles Schwab Brokerage Account 924",,,False,100,CAG,accepted,house_ptr_structure+v8_1,False,False,False,07/22/2025,False
20030891,Hon. Lisa McClain,Member,MI09,20030891.pdf,2025,165,SP,ConocoPhillips Common Stock,ConocoPhillips Common Stock,COP,COP,ST,P,2025-06-24,2025-08-13,1001.0,15000.0,,"$1,001 - $15,000",valid_range,New,Charles Schwab Brokerage Account 924,,,,19,19,table,False,False,,False,0,False,False,100,True,20,False,https://disclosures-clerk.house.gov/public_disc/ptr-pdfs/2025/20030891.pdf,,,SP,ConocoPhillips Common Stock (COP) [ST] Filing Status: New Subholding Of: Charles Schwab Brokera,ConocoPhillips Common Stock (COP) [ST],P age Account 924,06/24/2025,08/13/2025,"$1,001 - $15,000",,"SP ConocoPhillips Common Stock (COP) [ST] P 06/24/2025 08/13/2025 $1,001 - $15,000 Filing Status: New Subholding Of: Charles Schwab Brokerage Account 924",,,False,100,COP,accepted,house_ptr_structure+v8_1,False,False,False,06/24/2025,False
20030891,Hon. Lisa McClain,Member,MI09,20030891.pdf,2025,166,SP,"Constellation Brands, Inc. Common Stock","Constellation Brands, Inc. Common Stock",STZ,STZ,ST,P,2025-06-17,2025-08-13,1001.0,15000.0,,"$1,001 - $15,000",valid_range,New,Charles Schwab Brokerage Account 924,,,,19,19,table,False,False,,False,0,False,True,100,True,20,False,https://disclosures-clerk.house.gov/public_disc/ptr-pdfs/2025/20030891.pdf,,,SP,"Constellation Brands, Inc. Common Stock (STZ) [ST]","Constellation Brands, Inc. Common Stock (STZ) [ST]",P,06/17/2025,08/13/2025,"$1,001 - $15,000",Filing Status: New Subholding Of: Charles Schwab Brokerage Account 924,"SP Constellation Brands, Inc. Common Stock (STZ) [ST] P 06/17/2025 08/13/2025 $1,001 - $15,000 Filing Status: New Subholding Of: Charles Schwab Brokerage Account 924",,,False,100,STZ,accepted,house_ptr_structure+v8_1,False,False,False,06/17/2025,False
20030891,Hon. Lisa McClain,Member,MI09,20030891.pdf,2025,167,SP,COPT Defense Properties Common Shares of Beneficial Interest,COPT Defense Properties Common Shares of Beneficial Interest,CDP,CDP,ST,S,2025-07-16,2025-08-13,1001.0,15000.0,,"$1,001 - $15,000",valid_range,New,Charles Schwab Brokerage Account 924,,,,19,19,table,False,False,,False,0,False,False,100,True,20,False,https://disclosures-clerk.house.gov/public_disc/ptr-pdfs/2025/20030891.pdf,,,SP,COPT Defense Properties Common Shares of Beneficial Interest (CDP) [ST] Filing Status: New Subholding Of: Charles Schwab Brokera,COPT Defense Properties Common Shares of Beneficial Interest (CDP) [ST],S age Account 924,07/16/2025,08/13/2025,"$1,001 - $15,000",,"SP COPT Defense Properties Common Shares of Beneficial Interest (CDP) [ST] S 07/16/2025 08/13/2025 $1,001 - $15,000 Filing Status: New Subholding Of: Charles Schwab Brokerage Account 924",,,False,100,CDP,accepted,house_ptr_structure+v8_1,False,False,False,07/16/2025,False
20030891,Hon. Lisa McClain,Member,MI09,20030891.pdf,2025,168,SP,COPT Defense Properties Common Shares of Beneficial Interest,COPT Defense Properties Common Shares of Beneficial Interest,CDP,CDP,ST,P,2025-06-11,2025-08-13,1001.0,15000.0,,"$1,001 - $15,000",valid_range,New $200?,Charles Schwab Brokerage Account 924,,,,19,20,table,False,False,,True,0,False,True,98,True,20,False,https://disclosures-clerk.house.gov/public_disc/ptr-pdfs/2025/20030891.pdf,,,SP,COPT Defense Properties Common Shares of Beneficial Interest (CDP) [ST],COPT Defense Properties Common Shares of Beneficial Interest (CDP) [ST],P,06/11/2025,08/13/2025,"$1,001 - $15,000",Filing Status: New $200? Subholding Of: Charles Schwab Brokerage Account 924,"SP COPT Defense Properties Common Shares of Beneficial Interest (CDP) [ST] P 06/11/2025 08/13/2025 $1,001 - $15,000 Filing Status: New $200? Subholding Of: Charles Schwab Brokerage Account 924",,,False,98,CDP,accepted,house_ptr_structure+v8_1,False,False,False,06/11/2025,False
20030891,Hon. Lisa McClain,Member,MI09,20030891.pdf,2025,169,SP,"Core & Main, Inc. Class A Common Stock","Core & Main, Inc. Class A Common Stock",CNM,CNM,ST,P,2025-06-11,2025-08-13,1001.0,15000.0,,"$1,001 - $15,000",valid_range,New,Charles Schwab Brokerage Account 924,,,,20,20,table,False,False,,False,0,False,False,100,True,20,False,https://disclosures-clerk.house.gov/public_disc/ptr-pdfs/2025/20030891.pdf,,,SP,"Core & Main, Inc. Class A Common Stock (CNM) [ST] Filing Status: New Subholding Of: Charles Schwab Brokera","Core & Main, Inc. Class A Common Stock (CNM) [ST]",P age Account 924,06/11/2025,08/13/2025,"$1,001 - $15,000",,"SP Core & Main, Inc. Class A Common Stock (CNM) [ST] P 06/11/2025 08/13/2025 $1,001 - $15,000 Filing Status: New Subholding Of: Charles Schwab Brokerage Account 924",,,False,100,CNM,accepted,house_ptr_structure+v8_1,False,False,False,06/11/2025,False
20030891,Hon. Lisa McClain,Member,MI09,20030891.pdf,2025,170,SP,"Core & Main, Inc. Class A Common Stock","Core & Main, Inc. Class A Common Stock",CNM,CNM,ST,S,2025-06-17,2025-08-13,1001.0,15000.0,,"$1,001 - $15,000",valid_range,New,Charles Schwab Brokerage Account 924,,,,20,20,table,False,False,,False,0,False,True,100,True,20,False,https://disclosures-clerk.house.gov/public_disc/ptr-pdfs/2025/20030891.pdf,,,SP,"Core & Main, Inc. Class A Common Stock (CNM) [ST]","Core & Main, Inc. Class A Common Stock (CNM) [ST]",S,06/17/2025,08/13/2025,"$1,001 - $15,000",Filing Status: New Subholding Of: Charles Schwab Brokerage Account 924,"SP Core & Main, Inc. Class A Common Stock (CNM) [ST] S 06/17/2025 08/13/2025 $1,001 - $15,000 Filing Status: New Subholding Of: Charles Schwab Brokerage Account 924",,,False,100,CNM,accepted,house_ptr_structure+v8_1,False,False,False,06/17/2025,False
20030891,Hon. Lisa McClain,Member,MI09,20030891.pdf,2025,171,SP,Costco Wholesale Corporation - Common Stock,Costco Wholesale Corporation - Common Stock,COST,COST,ST,S (partial),2025-06-09,2025-08-13,1001.0,15000.0,,"$1,001 - $15,000",valid_range,New,Charles Schwab Brokerage Account 924,,,,20,20,table,False,False,,False,0,False,False,100,True,20,False,https://disclosures-clerk.house.gov/public_disc/ptr-pdfs/2025/20030891.pdf,,,SP,Costco Wholesale Corporation - Common Stock (COST) [ST] Filing Status: New Subholding Of: Charles Schwab Brokera,Costco Wholesale Corporation - Common Stock (COST) [ST],S (partial) age Account 924,06/09/2025,08/13/2025,"$1,001 - $15,000",,"SP Costco Wholesale Corporation - Common Stock (COST) [ST] S (partial) 06/09/2025 08/13/2025 $1,001 - $15,000 Filing Status: New Subholding Of: Charles Schwab Brokerage Account 924",,,False,100,COST,accepted,house_ptr_structure+v8_1,False,False,False,06/09/2025,False
20030891,Hon. Lisa McClain,Member,MI09,20030891.pdf,2025,172,SP,Costco Wholesale Corporation - Common Stock,Costco Wholesale Corporation - Common Stock,COST,COST,ST,S,2025-07-10,2025-08-13,1001.0,15000.0,,"$1,001 - $15,000",valid_range,New,Charles Schwab Brokerage Account 924,,,,20,20,table,False,False,,False,0,False,True,100,True,20,False,https://disclosures-clerk.house.gov/public_disc/ptr-pdfs/2025/20030891.pdf,,,SP,Costco Wholesale Corporation - Common Stock (COST) [ST],Costco Wholesale Corporation - Common Stock (COST) [ST],S,07/10/2025,08/13/2025,"$1,001 - $15,000",Filing Status: New Subholding Of: Charles Schwab Brokerage Account 924,"SP Costco Wholesale Corporation - Common Stock (COST) [ST] S 07/10/2025 08/13/2025 $1,001 - $15,000 Filing Status: New Subholding Of: Charles Schwab Brokerage Account 924",,,False,100,COST,accepted,house_ptr_structure+v8_1,False,False,False,07/10/2025,False
20030891,Hon. Lisa McClain,Member,MI09,20030891.pdf,2025,173,SP,Costco Wholesale Corporation - Common Stock,Costco Wholesale Corporation - Common Stock,COST,COST,ST,P,2024-12-11,2025-08-11,1001.0,15000.0,,"$1,001 - $15,000",valid_range,New,Charles Schwab Brokerage Account 548,,,,20,20,table,False,False,,False,0,False,False,100,True,20,False,https://disclosures-clerk.house.gov/public_disc/ptr-pdfs/2025/20030891.pdf,,,SP,Costco Wholesale Corporation - Common Stock (COST) [ST] Filing Status: New Subholding Of: Charles Schwab Brokera,Costco Wholesale Corporation - Common Stock (COST) [ST],P age Account 548,12/11/2024,08/11/2025,"$1,001 - $15,000",,"SP Costco Wholesale Corporation - Common Stock (COST) [ST] P 12/11/2024 08/11/2025 $1,001 - $15,000 Filing Status: New Subholding Of: Charles Schwab Brokerage Account 548",,,False,100,COST,accepted,house_ptr_structure+v8_1,False,False,False,12/11/2024,False
20030891,Hon. Lisa McClain,Member,MI09,20030891.pdf,2025,174,SP,Costco Wholesale Corporation - Common Stock,Costco Wholesale Corporation - Common Stock,COST,COST,ST,P,2025-06-17,2025-08-13,1001.0,15000.0,,"$1,001 - $15,000",valid_range,New,Charles Schwab Brokerage Account 924,,,,20,20,table,False,False,,False,0,False,True,100,True,20,False,https://disclosures-clerk.house.gov/public_disc/ptr-pdfs/2025/20030891.pdf,,,SP,Costco Wholesale Corporation - Common Stock (COST) [ST],Costco Wholesale Corporation - Common Stock (COST) [ST],P,06/17/2025,08/13/2025,"$1,001 - $15,000",Filing Status: New Subholding Of: Charles Schwab Brokerage Account 924,"SP Costco Wholesale Corporation - Common Stock (COST) [ST] P 06/17/2025 08/13/2025 $1,001 - $15,000 Filing Status: New Subholding Of: Charles Schwab Brokerage Account 924",,,False,100,COST,accepted,house_ptr_structure+v8_1,False,False,False,06/17/2025,False
20030891,Hon. Lisa McClain,Member,MI09,20030891.pdf,2025,175,SP,Coterra Energy Inc. Common Stock,Coterra Energy Inc. Common Stock,CTRA,CTRA,ST,P,2025-06-17,2025-08-13,1001.0,15000.0,,"$1,001 - $15,000",valid_range,New,Charles Schwab Brokerage Account 924,,,,20,20,table,False,False,,False,0,False,False,100,True,20,False,https://disclosures-clerk.house.gov/public_disc/ptr-pdfs/2025/20030891.pdf,,,SP,Coterra Energy Inc. Common Stock (CTRA) [ST] Filing Status: New Subholding Of: Charles Schwab Brokera,Coterra Energy Inc. Common Stock (CTRA) [ST],P age Account 924,06/17/2025,08/13/2025,"$1,001 - $15,000",,"SP Coterra Energy Inc. Common Stock (CTRA) [ST] P 06/17/2025 08/13/2025 $1,001 - $15,000 Filing Status: New Subholding Of: Charles Schwab Brokerage Account 924",,,False,100,CTRA,accepted,house_ptr_structure+v8_1,False,False,False,06/17/2025,False
20030891,Hon. Lisa McClain,Member,MI09,20030891.pdf,2025,176,SP,Cousins Properties Incorporated Common Stock,Cousins Properties Incorporated Common Stock,CUZ,CUZ,ST,S,2025-07-16,2025-08-13,1001.0,15000.0,,"$1,001 - $15,000",valid_range,New,Charles Schwab Brokerage Account 924,,,,20,20,table,False,False,,False,0,False,True,100,True,20,False,https://disclosures-clerk.house.gov/public_disc/ptr-pdfs/2025/20030891.pdf,,,SP,Cousins Properties Incorporated Common Stock (CUZ) [ST],Cousins Properties Incorporated Common Stock (CUZ) [ST],S,07/16/2025,08/13/2025,"$1,001 - $15,000",Filing Status: New Subholding Of: Charles Schwab Brokerage Account 924,"SP Cousins Properties Incorporated Common Stock (CUZ) [ST] S 07/16/2025 08/13/2025 $1,001 - $15,000 Filing Status: New Subholding Of: Charles Schwab Brokerage Account 924",,,False,100,CUZ,accepted,house_ptr_structure+v8_1,False,False,False,07/16/2025,False
20030891,Hon. Lisa McClain,Member,MI09,20030891.pdf,2025,177,SP,Cousins Properties Incorporated Common Stock,Cousins Properties Incorporated Common Stock,CUZ,CUZ,ST,P,2025-07-10,2025-08-13,1001.0,15000.0,,"$1,001 - $15,000",valid_range,New,Charles Schwab Brokerage Account 924,,,,20,21,table,False,False,,True,0,False,False,98,True,20,False,https://disclosures-clerk.house.gov/public_disc/ptr-pdfs/2025/20030891.pdf,,,SP,Cousins Properties Incorporated Common Stock (CUZ) [ST] Filing Status: New,Cousins Properties Incorporated Common Stock (CUZ) [ST] Subholding Of: Charles Schwab Brokerage Account 924,P,07/10/2025,08/13/2025,"$1,001 - $15,000",Subholding Of: Charles Schwab Brokerage Account 924,"SP Cousins Properties Incorporated Common Stock (CUZ) [ST] P 07/10/2025 08/13/2025 $1,001 - $15,000 Filing Status: New Subholding Of: Charles Schwab Brokerage Account 924",,,False,98,CUZ,accepted,house_ptr_structure+v8_1,False,False,False,07/10/2025,False
20030891,Hon. Lisa McClain,Member,MI09,20030891.pdf,2025,178,SP,Crescent Energy Company Class A Common Stock,Crescent Energy Company Class A Common Stock,CRGY,CRGY,ST,P,2025-06-09,2025-08-13,1001.0,15000.0,,"$1,001 - $15,000",valid_range,New,Charles Schwab Brokerage Account 924,,,,21,21,table,False,False,,False,0,False,True,100,True,20,False,https://disclosures-clerk.house.gov/public_disc/ptr-pdfs/2025/20030891.pdf,,,SP,Crescent Energy Company Class A Common Stock (CRGY) [ST],Crescent Energy Company Class A Common Stock (CRGY) [ST],P,06/09/2025,08/13/2025,"$1,001 - $15,000",Filing Status: New Subholding Of: Charles Schwab Brokerage Account 924,"SP Crescent Energy Company Class A Common Stock (CRGY) [ST] P 06/09/2025 08/13/2025 $1,001 - $15,000 Filing Status: New Subholding Of: Charles Schwab Brokerage Account 924",,,False,100,CRGY,accepted,house_ptr_structure+v8_1,False,False,False,06/09/2025,False
20030891,Hon. Lisa McClain,Member,MI09,20030891.pdf,2025,179,SP,Crescent Energy Company Class A Common Stock,Crescent Energy Company Class A Common Stock,CRGY,CRGY,ST,S,2025-06-24,2025-08-13,1001.0,15000.0,,"$1,001 - $15,000",valid_range,New,Charles Schwab Brokerage Account 924,,,,21,21,table,False,False,,False,0,False,False,100,True,20,False,https://disclosures-clerk.house.gov/public_disc/ptr-pdfs/2025/20030891.pdf,,,SP,Crescent Energy Company Class A Common Stock (CRGY) [ST] Filing Status: New Subholding Of: Charles Schwab Brokera,Crescent Energy Company Class A Common Stock (CRGY) [ST],S age Account 924,06/24/2025,08/13/2025,"$1,001 - $15,000",,"SP Crescent Energy Company Class A Common Stock (CRGY) [ST] S 06/24/2025 08/13/2025 $1,001 - $15,000 Filing Status: New Subholding Of: Charles Schwab Brokerage Account 924",,,False,100,CRGY,accepted,house_ptr_structure+v8_1,False,False,False,06/24/2025,False
20030891,Hon. Lisa McClain,Member,MI09,20030891.pdf,2025,180,SP,"CrowdStrike Holdings, Inc. - Class A Common Stock","CrowdStrike Holdings, Inc. - Class A Common Stock",CRWD,CRWD,ST,P,2025-07-16,2025-08-13,1001.0,15000.0,,"$1,001 - $15,000",valid_range,New,Charles Schwab Brokerage Account 924,,,,21,21,table,False,False,,False,0,False,True,100,True,20,False,https://disclosures-clerk.house.gov/public_disc/ptr-pdfs/2025/20030891.pdf,,,SP,"CrowdStrike Holdings, Inc. - Class A Common Stock (CRWD) [ST]","CrowdStrike Holdings, Inc. - Class A Common Stock (CRWD) [ST]",P,07/16/2025,08/13/2025,"$1,001 - $15,000",Filing Status: New Subholding Of: Charles Schwab Brokerage Account 924,"SP CrowdStrike Holdings, Inc. - Class A Common Stock (CRWD) [ST] P 07/16/2025 08/13/2025 $1,001 - $15,000 Filing Status: New Subholding Of: Charles Schwab Brokerage Account 924",,,False,100,CRWD,accepted,house_ptr_structure+v8_1,False,False,False,07/16/2025,False
20030891,Hon. Lisa McClain,Member,MI09,20030891.pdf,2025,181,SP,Cummins Inc. Common Stock,Cummins Inc. Common Stock,CMI,CMI,ST,P,2025-06-24,2025-08-13,1001.0,15000.0,,"$1,001 - $15,000",valid_range,New,Charles Schwab Brokerage Account 924,,,,21,21,table,False,False,,False,0,False,False,100,True,20,False,https://disclosures-clerk.house.gov/public_disc/ptr-pdfs/2025/20030891.pdf,,,SP,Cummins Inc. Common Stock (CMI) [ST] Filing Status: New Subholding Of: Charles Schwab Brokera,Cummins Inc. Common Stock (CMI) [ST],P age Account 924,06/24/2025,08/13/2025,"$1,001 - $15,000",,"SP Cummins Inc. Common Stock (CMI) [ST] P 06/24/2025 08/13/2025 $1,001 - $15,000 Filing Status: New Subholding Of: Charles Schwab Brokerage Account 924",,,False,100,CMI,accepted,house_ptr_structure+v8_1,False,False,False,06/24/2025,False
20030891,Hon. Lisa McClain,Member,MI09,20030891.pdf,2025,182,SP,Curtiss-Wright Corporation Common Stock,Curtiss-Wright Corporation Common Stock,CW,CW,ST,S,2025-07-22,2025-08-13,1001.0,15000.0,,"$1,001 - $15,000",valid_range,New,Charles Schwab Brokerage Account 924,,,,21,21,table,False,False,,False,0,False,True,100,True,20,False,https://disclosures-clerk.house.gov/public_disc/ptr-pdfs/2025/20030891.pdf,,,SP,Curtiss-Wright Corporation Common Stock (CW) [ST],Curtiss-Wright Corporation Common Stock (CW) [ST],S,07/22/2025,08/13/2025,"$1,001 - $15,000",Filing Status: New Subholding Of: Charles Schwab Brokerage Account 924,"SP Curtiss-Wright Corporation Common Stock (CW) [ST] S 07/22/2025 08/13/2025 $1,001 - $15,000 Filing Status: New Subholding Of: Charles Schwab Brokerage Account 924",,,False,100,CW,accepted,house_ptr_structure+v8_1,False,False,False,07/22/2025,False
20030891,Hon. Lisa McClain,Member,MI09,20030891.pdf,2025,183,SP,Curtiss-Wright Corporation Common Stock,Curtiss-Wright Corporation Common Stock,CW,CW,ST,P,2025-07-10,2025-08-13,1001.0,15000.0,,"$1,001 - $15,000",valid_range,New,Charles Schwab Brokerage Account 924,,,,21,21,table,False,False,,False,0,False,False,100,True,20,False,https://disclosures-clerk.house.gov/public_disc/ptr-pdfs/2025/20030891.pdf,,,SP,Curtiss-Wright Corporation Common Stock (CW) [ST] Filing Status: New Subholding Of: Charles Schwab Brokera,Curtiss-Wright Corporation Common Stock (CW) [ST],P age Account 924,07/10/2025,08/13/2025,"$1,001 - $15,000",,"SP Curtiss-Wright Corporation Common Stock (CW) [ST] P 07/10/2025 08/13/2025 $1,001 - $15,000 Filing Status: New Subholding Of: Charles Schwab Brokerage Account 924",,,False,100,CW,accepted,house_ptr_structure+v8_1,False,False,False,07/10/2025,False
20030891,Hon. Lisa McClain,Member,MI09,20030891.pdf,2025,184,SP,"Cytokinetics, Incorporated - Common Stock","Cytokinetics, Incorporated - Common Stock",CYTK,CYTK,ST,S,2025-06-17,2025-08-13,1001.0,15000.0,,"$1,001 - $15,000",valid_range,New,Charles Schwab Brokerage Account 924,,,,21,21,table,False,False,,False,0,False,True,100,True,20,False,https://disclosures-clerk.house.gov/public_disc/ptr-pdfs/2025/20030891.pdf,,,SP,"Cytokinetics, Incorporated - Common Stock (CYTK) [ST]","Cytokinetics, Incorporated - Common Stock (CYTK) [ST]",S,06/17/2025,08/13/2025,"$1,001 - $15,000",Filing Status: New Subholding Of: Charles Schwab Brokerage Account 924,"SP Cytokinetics, Incorporated - Common Stock (CYTK) [ST] S 06/17/2025 08/13/2025 $1,001 - $15,000 Filing Status: New Subholding Of: Charles Schwab Brokerage Account 924",,,False,100,CYTK,accepted,house_ptr_structure+v8_1,False,False,False,06/17/2025,False
20030891,Hon. Lisa McClain,Member,MI09,20030891.pdf,2025,185,SP,"Cytokinetics, Incorporated - Common Stock","Cytokinetics, Incorporated - Common Stock",CYTK,CYTK,ST,P,2025-06-11,2025-08-13,1001.0,15000.0,,"$1,001 - $15,000",valid_range,New,Charles Schwab Brokerage Account 924,,,,21,21,table,False,False,,False,0,False,False,100,True,20,False,https://disclosures-clerk.house.gov/public_disc/ptr-pdfs/2025/20030891.pdf,,,SP,"Cytokinetics, Incorporated - Common Stock (CYTK) [ST] Filing Status: New Subholding Of: Charles Schwab Brokera","Cytokinetics, Incorporated - Common Stock (CYTK) [ST]",P age Account 924,06/11/2025,08/13/2025,"$1,001 - $15,000",,"SP Cytokinetics, Incorporated - Common Stock (CYTK) [ST] P 06/11/2025 08/13/2025 $1,001 - $15,000 Filing Status: New Subholding Of: Charles Schwab Brokerage Account 924",,,False,100,CYTK,accepted,house_ptr_structure+v8_1,False,False,False,06/11/2025,False
20030891,Hon. Lisa McClain,Member,MI09,20030891.pdf,2025,186,SP,"D.R. Horton, Inc. Common Stock","D.R. Horton, Inc. Common Stock",DHI,DHI,ST,P,2025-06-17,2025-08-13,1001.0,15000.0,,"$1,001 - $15,000",valid_range,New $200?,Charles Schwab Brokerage Account 924,,,,21,22,table,False,False,,True,0,False,True,98,True,20,False,https://disclosures-clerk.house.gov/public_disc/ptr-pdfs/2025/20030891.pdf,,,SP,"D.R. Horton, Inc. Common Stock (DHI) [ST]","D.R. Horton, Inc. Common Stock (DHI) [ST]",P,06/17/2025,08/13/2025,"$1,001 - $15,000",Filing Status: New $200? Subholding Of: Charles Schwab Brokerage Account 924,"SP D.R. Horton, Inc. Common Stock (DHI) [ST] P 06/17/2025 08/13/2025 $1,001 - $15,000 Filing Status: New $200? Subholding Of: Charles Schwab Brokerage Account 924",,,False,98,DHI,accepted,house_ptr_structure+v8_1,False,False,False,06/17/2025,False
20030891,Hon. Lisa McClain,Member,MI09,20030891.pdf,2025,187,SP,Danaher Corporation Common Stock,Danaher Corporation Common Stock,DHR,DHR,ST,P,2025-07-22,2025-08-13,1001.0,15000.0,,"$1,001 - $15,000",valid_range,New,Charles Schwab Brokerage Account 924,,,,22,22,table,False,False,,False,0,False,False,100,True,20,False,https://disclosures-clerk.house.gov/public_disc/ptr-pdfs/2025/20030891.pdf,,,SP,Danaher Corporation Common Stock (DHR) [ST] Filing Status: New Subholding Of: Charles Schwab Brokera,Danaher Corporation Common Stock (DHR) [ST],P age Account 924,07/22/2025,08/13/2025,"$1,001 - $15,000",,"SP Danaher Corporation Common Stock (DHR) [ST] P 07/22/2025 08/13/2025 $1,001 - $15,000 Filing Status: New Subholding Of: Charles Schwab Brokerage Account 924",,,False,100,DHR,accepted,house_ptr_structure+v8_1,False,False,False,07/22/2025,False
20030891,Hon. Lisa McClain,Member,MI09,20030891.pdf,2025,188,SP,"Darden Restaurants, Inc. Common Stock","Darden Restaurants, Inc. Common Stock",DRI,DRI,ST,P,2025-07-16,2025-08-13,1001.0,15000.0,,"$1,001 - $15,000",valid_range,New,Charles Schwab Brokerage Account 924,,,,22,22,table,False,False,,False,0,False,True,100,True,20,False,https://disclosures-clerk.house.gov/public_disc/ptr-pdfs/2025/20030891.pdf,,,SP,"Darden Restaurants, Inc. Common Stock (DRI) [ST]","Darden Restaurants, Inc. Common Stock (DRI) [ST]",P,07/16/2025,08/13/2025,"$1,001 - $15,000",Filing Status: New Subholding Of: Charles Schwab Brokerage Account 924,"SP Darden Restaurants, Inc. Common Stock (DRI) [ST] P 07/16/2025 08/13/2025 $1,001 - $15,000 Filing Status: New Subholding Of: Charles Schwab Brokerage Account 924",,,False,100,DRI,accepted,house_ptr_structure+v8_1,False,False,False,07/16/2025,False
20030891,Hon. Lisa McClain,Member,MI09,20030891.pdf,2025,189,SP,"Darden Restaurants, Inc. Common Stock","Darden Restaurants, Inc. Common Stock",DRI,DRI,ST,S,2025-07-22,2025-08-13,1001.0,15000.0,,"$1,001 - $15,000",valid_range,New,Charles Schwab Brokerage Account 924,,,,22,22,table,False,False,,False,0,False,False,100,True,20,False,https://disclosures-clerk.house.gov/public_disc/ptr-pdfs/2025/20030891.pdf,,,SP,"Darden Restaurants, Inc. Common Stock (DRI) [ST] Filing Status: New Subholding Of: Charles Schwab Brokera","Darden Restaurants, Inc. Common Stock (DRI) [ST]",S age Account 924,07/22/2025,08/13/2025,"$1,001 - $15,000",,"SP Darden Restaurants, Inc. Common Stock (DRI) [ST] S 07/22/2025 08/13/2025 $1,001 - $15,000 Filing Status: New Subholding Of: Charles Schwab Brokerage Account 924",,,False,100,DRI,accepted,house_ptr_structure+v8_1,False,False,False,07/22/2025,False
20030891,Hon. Lisa McClain,Member,MI09,20030891.pdf,2025,190,SP,DBA Sempra Common Stock,DBA Sempra Common Stock,SRE,SRE,ST,P,2025-06-17,2025-08-13,1001.0,15000.0,,"$1,001 - $15,000",valid_range,New,Charles Schwab Brokerage Account 924,,,,22,22,table,False,False,,False,0,False,True,100,True,20,False,https://disclosures-clerk.house.gov/public_disc/ptr-pdfs/2025/20030891.pdf,,,SP,DBA Sempra Common Stock (SRE) [ST],DBA Sempra Common Stock (SRE) [ST],P,06/17/2025,08/13/2025,"$1,001 - $15,000",Filing Status: New Subholding Of: Charles Schwab Brokerage Account 924,"SP DBA Sempra Common Stock (SRE) [ST] P 06/17/2025 08/13/2025 $1,001 - $15,000 Filing Status: New Subholding Of: Charles Schwab Brokerage Account 924",,,False,100,SRE,accepted,house_ptr_structure+v8_1,False,False,False,06/17/2025,False
20030891,Hon. Lisa McClain,Member,MI09,20030891.pdf,2025,191,SP,Deere & Company Common Stock,Deere & Company Common Stock,DE,DE,ST,S,2025-07-16,2025-08-13,1001.0,15000.0,,"$1,001 - $15,000",valid_range,New,Charles Schwab Brokerage Account 924,,,,22,22,table,False,False,,False,0,False,False,100,True,20,False,https://disclosures-clerk.house.gov/public_disc/ptr-pdfs/2025/20030891.pdf,,,SP,Deere & Company Common Stock (DE) [ST] Filing Status: New Subholding Of: Charles Schwab Brokera,Deere & Company Common Stock (DE) [ST],S age Account 924,07/16/2025,08/13/2025,"$1,001 - $15,000",,"SP Deere & Company Common Stock (DE) [ST] S 07/16/2025 08/13/2025 $1,001 - $15,000 Filing Status: New Subholding Of: Charles Schwab Brokerage Account 924",,,False,100,DE,accepted,house_ptr_structure+v8_1,False,False,False,07/16/2025,False
20030891,Hon. Lisa McClain,Member,MI09,20030891.pdf,2025,192,SP,Deere & Company Common Stock,Deere & Company Common Stock,DE,DE,ST,P,2025-06-24,2025-08-13,1001.0,15000.0,,"$1,001 - $15,000",valid_range,New,Charles Schwab Brokerage Account 924,,,,22,22,table,False,False,,False,0,False,True,100,True,20,False,https://disclosures-clerk.house.gov/public_disc/ptr-pdfs/2025/20030891.pdf,,,SP,Deere & Company Common Stock (DE) [ST],Deere & Company Common Stock (DE) [ST],P,06/24/2025,08/13/2025,"$1,001 - $15,000",Filing Status: New Subholding Of: Charles Schwab Brokerage Account 924,"SP Deere & Company Common Stock (DE) [ST] P 06/24/2025 08/13/2025 $1,001 - $15,000 Filing Status: New Subholding Of: Charles Schwab Brokerage Account 924",,,False,100,DE,accepted,house_ptr_structure+v8_1,False,False,False,06/24/2025,False
20030891,Hon. Lisa McClain,Member,MI09,20030891.pdf,2025,193,SP,Dell Technologies Inc. Class C Common Stock,Dell Technologies Inc. Class C Common Stock,DELL,DELL,ST,S (partial),2025-06-10,2025-08-13,1001.0,15000.0,,"$1,001 - $15,000",valid_range,New,Charles Schwab Brokerage Account 924,,,,22,22,table,False,False,,False,0,False,False,100,True,20,False,https://disclosures-clerk.house.gov/public_disc/ptr-pdfs/2025/20030891.pdf,,,SP,Dell Technologies Inc. Class C Common Stock (DELL) [ST] Filing Status: New Subholding Of: Charles Schwab Brokera,Dell Technologies Inc. Class C Common Stock (DELL) [ST],S (partial) age Account 924,06/10/2025,08/13/2025,"$1,001 - $15,000",,"SP Dell Technologies Inc. Class C Common Stock (DELL) [ST] S (partial) 06/10/2025 08/13/2025 $1,001 - $15,000 Filing Status: New Subholding Of: Charles Schwab Brokerage Account 924",,,False,100,DELL,accepted,house_ptr_structure+v8_1,False,False,False,06/10/2025,False
20030891,Hon. Lisa McClain,Member,MI09,20030891.pdf,2025,194,SP,Dell Technologies Inc. Class C Common Stock,Dell Technologies Inc. Class C Common Stock,DELL,DELL,ST,P,2025-01-15,2025-08-13,1001.0,15000.0,,"$1,001 - $15,000",valid_range,New,Charles Schwab Brokerage Account 548,,,,22,22,table,False,False,,False,0,False,True,100,True,20,False,https://disclosures-clerk.house.gov/public_disc/ptr-pdfs/2025/20030891.pdf,,,SP,Dell Technologies Inc. Class C Common Stock (DELL) [ST],Dell Technologies Inc. Class C Common Stock (DELL) [ST],P,01/15/2025,08/13/2025,"$1,001 - $15,000",Filing Status: New Subholding Of: Charles Schwab Brokerage Account 548,"SP Dell Technologies Inc. Class C Common Stock (DELL) [ST] P 01/15/2025 08/13/2025 $1,001 - $15,000 Filing Status: New Subholding Of: Charles Schwab Brokerage Account 548",,,False,100,DELL,accepted,house_ptr_structure+v8_1,False,False,False,01/15/2025,False
20030891,Hon. Lisa McClain,Member,MI09,20030891.pdf,2025,195,SP,"Delta Air Lines, Inc. Common Stock","Delta Air Lines, Inc. Common Stock",DAL,DAL,ST,P,2025-06-17,2025-08-13,1001.0,15000.0,,"$1,001 - $15,000",valid_range,New,Charles Schwab Brokerage Account 924,,,,22,23,table,False,False,,True,0,False,False,98,True,20,False,https://disclosures-clerk.house.gov/public_disc/ptr-pdfs/2025/20030891.pdf,,,SP,"Delta Air Lines, Inc. Common Stock (DAL) [ST] Filing Status: New","Delta Air Lines, Inc. Common Stock (DAL) [ST] Subholding Of: Charles Schwab Brokerage Account 924",P,06/17/2025,08/13/2025,"$1,001 - $15,000",Subholding Of: Charles Schwab Brokerage Account 924,"SP Delta Air Lines, Inc. Common Stock (DAL) [ST] P 06/17/2025 08/13/2025 $1,001 - $15,000 Filing Status: New Subholding Of: Charles Schwab Brokerage Account 924",,,False,98,DAL,accepted,house_ptr_structure+v8_1,False,False,False,06/17/2025,False
20030891,Hon. Lisa McClain,Member,MI09,20030891.pdf,2025,196,SP,Diageo plc Common Stock,Diageo plc Common Stock,DEO,DEO,ST,P,2025-06-24,2025-08-13,1001.0,15000.0,,"$1,001 - $15,000",valid_range,New,Charles Schwab Brokerage Account 924,,,,23,23,table,False,False,,False,0,False,True,100,True,20,False,https://disclosures-clerk.house.gov/public_disc/ptr-pdfs/2025/20030891.pdf,,,SP,Diageo plc Common Stock (DEO) [ST],Diageo plc Common Stock (DEO) [ST],P,06/24/2025,08/13/2025,"$1,001 - $15,000",Filing Status: New Subholding Of: Charles Schwab Brokerage Account 924,"SP Diageo plc Common Stock (DEO) [ST] P 06/24/2025 08/13/2025 $1,001 - $15,000 Filing Status: New Subholding Of: Charles Schwab Brokerage Account 924",,,False,100,DEO,accepted,house_ptr_structure+v8_1,False,False,False,06/24/2025,False
20030891,Hon. Lisa McClain,Member,MI09,20030891.pdf,2025,197,SP,"Diamondback Energy, Inc. - Common Stock","Diamondback Energy, Inc. - Common Stock",FANG,FANG,ST,P,2025-06-17,2025-08-13,1001.0,15000.0,,"$1,001 - $15,000",valid_range,New,Charles Schwab Brokerage Account 924,,,,23,23,table,False,False,,False,0,False,False,100,True,20,False,https://disclosures-clerk.house.gov/public_disc/ptr-pdfs/2025/20030891.pdf,,,SP,"Diamondback Energy, Inc. - Common Stock (FANG) [ST] Filing Status: New Subholding Of: Charles Schwab Brokera","Diamondback Energy, Inc. - Common Stock (FANG) [ST]",P age Account 924,06/17/2025,08/13/2025,"$1,001 - $15,000",,"SP Diamondback Energy, Inc. - Common Stock (FANG) [ST] P 06/17/2025 08/13/2025 $1,001 - $15,000 Filing Status: New Subholding Of: Charles Schwab Brokerage Account 924",,,False,100,FANG,accepted,house_ptr_structure+v8_1,False,False,False,06/17/2025,False
20030891,Hon. Lisa McClain,Member,MI09,20030891.pdf,2025,198,SP,"Diamondback Energy, Inc. - Common Stock","Diamondback Energy, Inc. - Common Stock",FANG,FANG,ST,S,2025-07-16,2025-08-13,1001.0,15000.0,,"$1,001 - $15,000",valid_range,New,Charles Schwab Brokerage Account 924,,,,23,23,table,False,False,,False,0,False,True,100,True,20,False,https://disclosures-clerk.house.gov/public_disc/ptr-pdfs/2025/20030891.pdf,,,SP,"Diamondback Energy, Inc. - Common Stock (FANG) [ST]","Diamondback Energy, Inc. - Common Stock (FANG) [ST]",S,07/16/2025,08/13/2025,"$1,001 - $15,000",Filing Status: New Subholding Of: Charles Schwab Brokerage Account 924,"SP Diamondback Energy, Inc. - Common Stock (FANG) [ST] S 07/16/2025 08/13/2025 $1,001 - $15,000 Filing Status: New Subholding Of: Charles Schwab Brokerage Account 924",,,False,100,FANG,accepted,house_ptr_structure+v8_1,False,False,False,07/16/2025,False
20030891,Hon. Lisa McClain,Member,MI09,20030891.pdf,2025,199,SP,Dick's Sporting Goods Inc Common Stock,Dick's Sporting Goods Inc Common Stock,DKS,DKS,ST,P,2025-06-17,2025-08-13,1001.0,15000.0,,"$1,001 - $15,000",valid_range,New,Charles Schwab Brokerage Account 924,,,,23,23,table,False,False,,False,0,False,False,100,True,20,False,https://disclosures-clerk.house.gov/public_disc/ptr-pdfs/2025/20030891.pdf,,,SP,Dick's Sporting Goods Inc Common Stock (DKS) [ST] Filing Status: New Subholding Of: Charles Schwab Brokera,Dick's Sporting Goods Inc Common Stock (DKS) [ST],P age Account 924,06/17/2025,08/13/2025,"$1,001 - $15,000",,"SP Dick's Sporting Goods Inc Common Stock (DKS) [ST] P 06/17/2025 08/13/2025 $1,001 - $15,000 Filing Status: New Subholding Of: Charles Schwab Brokerage Account 924",,,False,100,DKS,accepted,house_ptr_structure+v8_1,False,False,False,06/17/2025,False
20030891,Hon. Lisa McClain,Member,MI09,20030891.pdf,2025,200,SP,"DocuSign, Inc. - Common Stock","DocuSign, Inc. - Common Stock",DOCU,DOCU,ST,P,2025-06-17,2025-08-13,1001.0,15000.0,,"$1,001 - $15,000",valid_range,New,Charles Schwab Brokerage Account 924,,,,23,23,table,False,False,,False,0,False,True,100,True,20,False,https://disclosures-clerk.house.gov/public_disc/ptr-pdfs/2025/20030891.pdf,,,SP,"DocuSign, Inc. - Common Stock (DOCU) [ST]","DocuSign, Inc. - Common Stock (DOCU) [ST]",P,06/17/2025,08/13/2025,"$1,001 - $15,000",Filing Status: New Subholding Of: Charles Schwab Brokerage Account 924,"SP DocuSign, Inc. - Common Stock (DOCU) [ST] P 06/17/2025 08/13/2025 $1,001 - $15,000 Filing Status: New Subholding Of: Charles Schwab Brokerage Account 924",,,False,100,DOCU,accepted,house_ptr_structure+v8_1,False,False,False,06/17/2025,False
20030891,Hon. Lisa McClain,Member,MI09,20030891.pdf,2025,201,SP,Dolby Laboratories Common Stock,Dolby Laboratories Common Stock,DLB,DLB,ST,P,2025-06-24,2025-08-13,1001.0,15000.0,,"$1,001 - $15,000",valid_range,New,Charles Schwab Brokerage Account 924,,,,23,23,table,False,False,,False,0,False,False,100,True,20,False,https://disclosures-clerk.house.gov/public_disc/ptr-pdfs/2025/20030891.pdf,,,SP,Dolby Laboratories Common Stock (DLB) [ST] Filing Status: New Subholding Of: Charles Schwab Brokera,Dolby Laboratories Common Stock (DLB) [ST],P age Account 924,06/24/2025,08/13/2025,"$1,001 - $15,000",,"SP Dolby Laboratories Common Stock (DLB) [ST] P 06/24/2025 08/13/2025 $1,001 - $15,000 Filing Status: New Subholding Of: Charles Schwab Brokerage Account 924",,,False,100,DLB,accepted,house_ptr_structure+v8_1,False,False,False,06/24/2025,False
20030891,Hon. Lisa McClain,Member,MI09,20030891.pdf,2025,202,SP,Dollar General Corporation Common Stock,Dollar General Corporation Common Stock,DG,DG,ST,S,2025-06-11,2025-08-13,1001.0,15000.0,,"$1,001 - $15,000",valid_range,New,Charles Schwab Brokerage Account 924,,,,23,23,table,False,False,,False,0,False,True,100,True,20,False,https://disclosures-clerk.house.gov/public_disc/ptr-pdfs/2025/20030891.pdf,,,SP,Dollar General Corporation Common Stock (DG) [ST],Dollar General Corporation Common Stock (DG) [ST],S,06/11/2025,08/13/2025,"$1,001 - $15,000",Filing Status: New Subholding Of: Charles Schwab Brokerage Account 924,"SP Dollar General Corporation Common Stock (DG) [ST] S 06/11/2025 08/13/2025 $1,001 - $15,000 Filing Status: New Subholding Of: Charles Schwab Brokerage Account 924",,,False,100,DG,accepted,house_ptr_structure+v8_1,False,False,False,06/11/2025,False
20030891,Hon. Lisa McClain,Member,MI09,20030891.pdf,2025,203,SP,Dollar General Corporation Common Stock,Dollar General Corporation Common Stock,DG,DG,ST,P,2025-06-09,2025-08-13,1001.0,15000.0,,"$1,001 - $15,000",valid_range,New,Charles Schwab Brokerage Account 924,,,,23,23,table,False,False,,False,0,False,False,100,True,20,False,https://disclosures-clerk.house.gov/public_disc/ptr-pdfs/2025/20030891.pdf,,,SP,Dollar General Corporation Common Stock (DG) [ST] Filing Status: New Subholding Of: Charles Schwab Brokera,Dollar General Corporation Common Stock (DG) [ST],P age Account 924,06/09/2025,08/13/2025,"$1,001 - $15,000",,"SP Dollar General Corporation Common Stock (DG) [ST] P 06/09/2025 08/13/2025 $1,001 - $15,000 Filing Status: New Subholding Of: Charles Schwab Brokerage Account 924",,,False,100,DG,accepted,house_ptr_structure+v8_1,False,False,False,06/09/2025,False
20030891,Hon. Lisa McClain,Member,MI09,20030891.pdf,2025,204,SP,Dow Inc. Common Stock,Dow Inc. Common Stock,DOW,DOW,ST,P,2025-06-24,2025-08-13,1001.0,15000.0,,"$1,001 - $15,000",valid_range,New,Charles Schwab Brokerage Account 924 ID Owner Asset Transaction Type Date Notification Date Amount Cap. Gains > $200?,,,,23,24,table,False,False,,True,0,False,True,98,True,20,False,https://disclosures-clerk.house.gov/public_disc/ptr-pdfs/2025/20030891.pdf,,,SP,Dow Inc. Common Stock (DOW) [ST],Dow Inc. Common Stock (DOW) [ST],P,06/24/2025,08/13/2025,"$1,001 - $15,000",Filing Status: New Subholding Of: Charles Schwab Brokerage Account 924 ID Owner Asset Transaction Type Date Notification Date Amount Cap. Gains > $200?,"SP Dow Inc. Common Stock (DOW) [ST] P 06/24/2025 08/13/2025 $1,001 - $15,000 Filing Status: New Subholding Of: Charles Schwab Brokerage Account 924 ID Owner Asset Transaction Type Date Notification Date Amount Cap. Gains > $200?",,,False,98,DOW,accepted,house_ptr_structure+v8_1,False,False,False,06/24/2025,False
20030891,Hon. Lisa McClain,Member,MI09,20030891.pdf,2025,205,SP,"Dropbox, Inc. - Class A Common Stock","Dropbox, Inc. - Class A Common Stock",DBX,DBX,ST,P,2025-07-22,2025-08-13,1001.0,15000.0,,"$1,001 - $15,000",valid_range,New,Charles Schwab Brokerage Account 924,,,,24,24,table,False,False,,False,0,False,False,100,True,20,False,https://disclosures-clerk.house.gov/public_disc/ptr-pdfs/2025/20030891.pdf,,,SP,"Dropbox, Inc. - Class A Common Stock (DBX) [ST] Filing Status: New Subholding Of: Charles Schwab Brokera","Dropbox, Inc. - Class A Common Stock (DBX) [ST]",P age Account 924,07/22/2025,08/13/2025,"$1,001 - $15,000",,"SP Dropbox, Inc. - Class A Common Stock (DBX) [ST] P 07/22/2025 08/13/2025 $1,001 - $15,000 Filing Status: New Subholding Of: Charles Schwab Brokerage Account 924",,,False,100,DBX,accepted,house_ptr_structure+v8_1,False,False,False,07/22/2025,False
20030891,Hon. Lisa McClain,Member,MI09,20030891.pdf,2025,206,SP,Duke Energy Corporation,Duke Energy Corporation,DUK,DUK,ST,P,2025-06-17,2025-08-13,1001.0,15000.0,,"$1,001 - $15,000",valid_range,New,Charles Schwab Brokerage Account 924,,,,24,24,table,False,False,,False,0,False,True,100,True,20,False,https://disclosures-clerk.house.gov/public_disc/ptr-pdfs/2025/20030891.pdf,,,SP,Duke Energy Corporation (DUK) [ST],Duke Energy Corporation (DUK) [ST],P,06/17/2025,08/13/2025,"$1,001 - $15,000",Filing Status: New Subholding Of: Charles Schwab Brokerage Account 924,"SP Duke Energy Corporation (DUK) [ST] P 06/17/2025 08/13/2025 $1,001 - $15,000 Filing Status: New Subholding Of: Charles Schwab Brokerage Account 924",,,False,100,DUK,accepted,house_ptr_structure+v8_1,False,False,False,06/17/2025,False
20030891,Hon. Lisa McClain,Member,MI09,20030891.pdf,2025,207,SP,"Duolingo, Inc. - Class A Common Stock","Duolingo, Inc. - Class A Common Stock",DUOL,DUOL,ST,S,2025-06-24,2025-08-13,1001.0,15000.0,,"$1,001 - $15,000",valid_range,New,Charles Schwab Brokerage Account 924,,,,24,24,table,False,False,,False,0,False,False,100,True,20,False,https://disclosures-clerk.house.gov/public_disc/ptr-pdfs/2025/20030891.pdf,,,SP,"Duolingo, Inc. - Class A Common Stock (DUOL) [ST] Filing Status: New Subholding Of: Charles Schwab Brokera","Duolingo, Inc. - Class A Common Stock (DUOL) [ST]",S age Account 924,06/24/2025,08/13/2025,"$1,001 - $15,000",,"SP Duolingo, Inc. - Class A Common Stock (DUOL) [ST] S 06/24/2025 08/13/2025 $1,001 - $15,000 Filing Status: New Subholding Of: Charles Schwab Brokerage Account 924",,,False,100,DUOL,accepted,house_ptr_structure+v8_1,False,False,False,06/24/2025,False
20030891,Hon. Lisa McClain,Member,MI09,20030891.pdf,2025,208,SP,"Duolingo, Inc. - Class A Common Stock","Duolingo, Inc. - Class A Common Stock",DUOL,DUOL,ST,P,2025-06-17,2025-08-13,1001.0,15000.0,,"$1,001 - $15,000",valid_range,New,Charles Schwab Brokerage Account 924,,,,24,24,table,False,False,,False,0,False,True,100,True,20,False,https://disclosures-clerk.house.gov/public_disc/ptr-pdfs/2025/20030891.pdf,,,SP,"Duolingo, Inc. - Class A Common Stock (DUOL) [ST]","Duolingo, Inc. - Class A Common Stock (DUOL) [ST]",P,06/17/2025,08/13/2025,"$1,001 - $15,000",Filing Status: New Subholding Of: Charles Schwab Brokerage Account 924,"SP Duolingo, Inc. - Class A Common Stock (DUOL) [ST] P 06/17/2025 08/13/2025 $1,001 - $15,000 Filing Status: New Subholding Of: Charles Schwab Brokerage Account 924",,,False,100,DUOL,accepted,house_ptr_structure+v8_1,False,False,False,06/17/2025,False
20030891,Hon. Lisa McClain,Member,MI09,20030891.pdf,2025,209,SP,"Dynatrace, Inc. Common Stock","Dynatrace, Inc. Common Stock",DT,DT,ST,S (partial),2025-06-24,2025-08-13,1001.0,15000.0,,"$1,001 - $15,000",valid_range,New,Charles Schwab Brokerage Account 924,,,,24,24,table,False,False,,False,0,False,False,100,True,20,False,https://disclosures-clerk.house.gov/public_disc/ptr-pdfs/2025/20030891.pdf,,,SP,"Dynatrace, Inc. Common Stock (DT) [ST] Filing Status: New Subholding Of: Charles Schwab Brokera","Dynatrace, Inc. Common Stock (DT) [ST]",S (partial) age Account 924,06/24/2025,08/13/2025,"$1,001 - $15,000",,"SP Dynatrace, Inc. Common Stock (DT) [ST] S (partial) 06/24/2025 08/13/2025 $1,001 - $15,000 Filing Status: New Subholding Of: Charles Schwab Brokerage Account 924",,,False,100,DT,accepted,house_ptr_structure+v8_1,False,False,False,06/24/2025,False
20030891,Hon. Lisa McClain,Member,MI09,20030891.pdf,2025,210,SP,"Dynatrace, Inc. Common Stock","Dynatrace, Inc. Common Stock",DT,DT,ST,S,2025-07-10,2025-08-13,1001.0,15000.0,,"$1,001 - $15,000",valid_range,New,Charles Schwab Brokerage Account 924,,,,24,24,table,False,False,,False,0,False,True,100,True,20,False,https://disclosures-clerk.house.gov/public_disc/ptr-pdfs/2025/20030891.pdf,,,SP,"Dynatrace, Inc. Common Stock (DT) [ST]","Dynatrace, Inc. Common Stock (DT) [ST]",S,07/10/2025,08/13/2025,"$1,001 - $15,000",Filing Status: New Subholding Of: Charles Schwab Brokerage Account 924,"SP Dynatrace, Inc. Common Stock (DT) [ST] S 07/10/2025 08/13/2025 $1,001 - $15,000 Filing Status: New Subholding Of: Charles Schwab Brokerage Account 924",,,False,100,DT,accepted,house_ptr_structure+v8_1,False,False,False,07/10/2025,False
20030891,Hon. Lisa McClain,Member,MI09,20030891.pdf,2025,211,SP,"Dynatrace, Inc. Common Stock","Dynatrace, Inc. Common Stock",DT,DT,ST,P,2025-06-17,2025-08-13,1001.0,15000.0,,"$1,001 - $15,000",valid_range,New,Charles Schwab Brokerage Account 924,,,,24,24,table,False,False,,False,0,False,False,100,True,20,False,https://disclosures-clerk.house.gov/public_disc/ptr-pdfs/2025/20030891.pdf,,,SP,"Dynatrace, Inc. Common Stock (DT) [ST] Filing Status: New Subholding Of: Charles Schwab Brokera","Dynatrace, Inc. Common Stock (DT) [ST]",P age Account 924,06/17/2025,08/13/2025,"$1,001 - $15,000",,"SP Dynatrace, Inc. Common Stock (DT) [ST] P 06/17/2025 08/13/2025 $1,001 - $15,000 Filing Status: New Subholding Of: Charles Schwab Brokerage Account 924",,,False,100,DT,accepted,house_ptr_structure+v8_1,False,False,False,06/17/2025,False
20030891,Hon. Lisa McClain,Member,MI09,20030891.pdf,2025,212,SP,"Dynatrace, Inc. Common Stock","Dynatrace, Inc. Common Stock",DT,DT,ST,S,2025-03-12,2025-08-13,1001.0,15000.0,,"$1,001 - $15,000",valid_range,New,Charles Schwab Brokerage Account 548,,,,24,24,table,False,False,,False,0,False,True,100,True,20,False,https://disclosures-clerk.house.gov/public_disc/ptr-pdfs/2025/20030891.pdf,,,SP,"Dynatrace, Inc. Common Stock (DT) [ST]","Dynatrace, Inc. Common Stock (DT) [ST]",S,03/12/2025,08/13/2025,"$1,001 - $15,000",Filing Status: New Subholding Of: Charles Schwab Brokerage Account 548,"SP Dynatrace, Inc. Common Stock (DT) [ST] S 03/12/2025 08/13/2025 $1,001 - $15,000 Filing Status: New Subholding Of: Charles Schwab Brokerage Account 548",,,False,100,DT,accepted,house_ptr_structure+v8_1,False,False,False,03/12/2025,False
20030891,Hon. Lisa McClain,Member,MI09,20030891.pdf,2025,213,SP,"Dynatrace, Inc. Common Stock","Dynatrace, Inc. Common Stock",DT,DT,ST,P,2025-02-05,2025-08-13,1001.0,15000.0,,"$1,001 - $15,000",valid_range,New,Charles Schwab Brokerage Account 548,,,,24,24,table,False,False,,False,0,False,False,100,True,20,False,https://disclosures-clerk.house.gov/public_disc/ptr-pdfs/2025/20030891.pdf,,,SP,"Dynatrace, Inc. Common Stock (DT) [ST] Filing Status: New Subholding Of: Charles Schwab Brokera","Dynatrace, Inc. Common Stock (DT) [ST]",P age Account 548,02/05/2025,08/13/2025,"$1,001 - $15,000",,"SP Dynatrace, Inc. Common Stock (DT) [ST] P 02/05/2025 08/13/2025 $1,001 - $15,000 Filing Status: New Subholding Of: Charles Schwab Brokerage Account 548",,,False,100,DT,accepted,house_ptr_structure+v8_1,False,False,False,02/05/2025,False
20030891,Hon. Lisa McClain,Member,MI09,20030891.pdf,2025,214,SP,Eastman Chemical Company Common Stock,Eastman Chemical Company Common Stock,EMN,EMN,ST,P,2025-06-17,2025-08-13,1001.0,15000.0,,"$1,001 - $15,000",valid_range,New,Charles Schwab Brokerage Account 924,,,,25,25,table,False,False,,False,0,False,True,100,True,20,False,https://disclosures-clerk.house.gov/public_disc/ptr-pdfs/2025/20030891.pdf,,,SP,Eastman Chemical Company Common Stock (EMN) [ST],Eastman Chemical Company Common Stock (EMN) [ST],P,06/17/2025,08/13/2025,"$1,001 - $15,000",Filing Status: New Subholding Of: Charles Schwab Brokerage Account 924,"SP Eastman Chemical Company Common Stock (EMN) [ST] P 06/17/2025 08/13/2025 $1,001 - $15,000 Filing Status: New Subholding Of: Charles Schwab Brokerage Account 924",,,False,100,EMN,accepted,house_ptr_structure+v8_1,False,False,False,06/17/2025,False
20030891,Hon. Lisa McClain,Member,MI09,20030891.pdf,2025,215,SP,"Eaton Corporation, PLC Ordinary Shares","Eaton Corporation, PLC Ordinary Shares",ETN,ETN,ST,S (partial),2025-06-09,2025-08-13,1001.0,15000.0,,"$1,001 - $15,000",valid_range,New,Charles Schwab Brokerage Account 924,,,,25,25,table,False,False,,False,0,False,False,100,True,20,False,https://disclosures-clerk.house.gov/public_disc/ptr-pdfs/2025/20030891.pdf,,,SP,"Eaton Corporation, PLC Ordinary Shares (ETN) [ST] Filing Status: New Subholding Of: Charles Schwab Brokera","Eaton Corporation, PLC Ordinary Shares (ETN) [ST]",S (partial) age Account 924,06/09/2025,08/13/2025,"$1,001 - $15,000",,"SP Eaton Corporation, PLC Ordinary Shares (ETN) [ST] S (partial) 06/09/2025 08/13/2025 $1,001 - $15,000 Filing Status: New Subholding Of: Charles Schwab Brokerage Account 924",,,False,100,ETN,accepted,house_ptr_structure+v8_1,False,False,False,06/09/2025,False
20030891,Hon. Lisa McClain,Member,MI09,20030891.pdf,2025,216,SP,"Eaton Corporation, PLC Ordinary Shares","Eaton Corporation, PLC Ordinary Shares",ETN,ETN,ST,S,2025-02-05,2025-08-13,1001.0,15000.0,,"$1,001 - $15,000",valid_range,New,Charles Schwab Brokerage Account 548,,,,25,25,table,False,False,,False,0,False,True,100,True,20,False,https://disclosures-clerk.house.gov/public_disc/ptr-pdfs/2025/20030891.pdf,,,SP,"Eaton Corporation, PLC Ordinary Shares (ETN) [ST]","Eaton Corporation, PLC Ordinary Shares (ETN) [ST]",S,02/05/2025,08/13/2025,"$1,001 - $15,000",Filing Status: New Subholding Of: Charles Schwab Brokerage Account 548,"SP Eaton Corporation, PLC Ordinary Shares (ETN) [ST] S 02/05/2025 08/13/2025 $1,001 - $15,000 Filing Status: New Subholding Of: Charles Schwab Brokerage Account 548",,,False,100,ETN,accepted,house_ptr_structure+v8_1,False,False,False,02/05/2025,False
20030891,Hon. Lisa McClain,Member,MI09,20030891.pdf,2025,217,SP,"Eaton Corporation, PLC Ordinary Shares","Eaton Corporation, PLC Ordinary Shares",ETN,ETN,ST,P,2025-03-13,2025-08-13,1001.0,15000.0,,"$1,001 - $15,000",valid_range,New,Charles Schwab Brokerage Account 548,,,,25,25,table,False,False,,False,0,False,False,100,True,20,False,https://disclosures-clerk.house.gov/public_disc/ptr-pdfs/2025/20030891.pdf,,,SP,"Eaton Corporation, PLC Ordinary Shares (ETN) [ST] Filing Status: New Subholding Of: Charles Schwab Brokera","Eaton Corporation, PLC Ordinary Shares (ETN) [ST]",P age Account 548,03/13/2025,08/13/2025,"$1,001 - $15,000",,"SP Eaton Corporation, PLC Ordinary Shares (ETN) [ST] P 03/13/2025 08/13/2025 $1,001 - $15,000 Filing Status: New Subholding Of: Charles Schwab Brokerage Account 548",,,False,100,ETN,accepted,house_ptr_structure+v8_1,False,False,False,03/13/2025,False
20030891,Hon. Lisa McClain,Member,MI09,20030891.pdf,2025,218,SP,"Eaton Corporation, PLC Ordinary Shares","Eaton Corporation, PLC Ordinary Shares",ETN,ETN,ST,P,2024-12-11,2025-08-11,1001.0,15000.0,,"$1,001 - $15,000",valid_range,New,Charles Schwab Brokerage Account 548,,,,25,25,table,False,False,,False,0,False,True,100,True,20,False,https://disclosures-clerk.house.gov/public_disc/ptr-pdfs/2025/20030891.pdf,,,SP,"Eaton Corporation, PLC Ordinary Shares (ETN) [ST]","Eaton Corporation, PLC Ordinary Shares (ETN) [ST]",P,12/11/2024,08/11/2025,"$1,001 - $15,000",Filing Status: New Subholding Of: Charles Schwab Brokerage Account 548,"SP Eaton Corporation, PLC Ordinary Shares (ETN) [ST] P 12/11/2024 08/11/2025 $1,001 - $15,000 Filing Status: New Subholding Of: Charles Schwab Brokerage Account 548",,,False,100,ETN,accepted,house_ptr_structure+v8_1,False,False,False,12/11/2024,False
20030891,Hon. Lisa McClain,Member,MI09,20030891.pdf,2025,219,SP,eBay Inc. - Common Stock,eBay Inc. - Common Stock,EBAY,EBAY,ST,S,2025-06-24,2025-08-13,1001.0,15000.0,,"$1,001 - $15,000",valid_range,New,Charles Schwab Brokerage Account 924,,,,25,25,table,False,False,,False,0,False,False,100,True,20,False,https://disclosures-clerk.house.gov/public_disc/ptr-pdfs/2025/20030891.pdf,,,SP,eBay Inc. - Common Stock (EBAY) [ST] Filing Status: New Subholding Of: Charles Schwab Brokera,eBay Inc. - Common Stock (EBAY) [ST],S age Account 924,06/24/2025,08/13/2025,"$1,001 - $15,000",,"SP eBay Inc. - Common Stock (EBAY) [ST] S 06/24/2025 08/13/2025 $1,001 - $15,000 Filing Status: New Subholding Of: Charles Schwab Brokerage Account 924",,,False,100,EBAY,accepted,house_ptr_structure+v8_1,False,False,False,06/24/2025,False
20030891,Hon. Lisa McClain,Member,MI09,20030891.pdf,2025,220,SP,eBay Inc. - Common Stock,eBay Inc. - Common Stock,EBAY,EBAY,ST,P,2025-06-17,2025-08-13,1001.0,15000.0,,"$1,001 - $15,000",valid_range,New,Charles Schwab Brokerage Account 924,,,,25,25,table,False,False,,False,0,False,True,100,True,20,False,https://disclosures-clerk.house.gov/public_disc/ptr-pdfs/2025/20030891.pdf,,,SP,eBay Inc. - Common Stock (EBAY) [ST],eBay Inc. - Common Stock (EBAY) [ST],P,06/17/2025,08/13/2025,"$1,001 - $15,000",Filing Status: New Subholding Of: Charles Schwab Brokerage Account 924,"SP eBay Inc. - Common Stock (EBAY) [ST] P 06/17/2025 08/13/2025 $1,001 - $15,000 Filing Status: New Subholding Of: Charles Schwab Brokerage Account 924",,,False,100,EBAY,accepted,house_ptr_structure+v8_1,False,False,False,06/17/2025,False
20030891,Hon. Lisa McClain,Member,MI09,20030891.pdf,2025,221,SP,Ecolab Inc. Common Stock,Ecolab Inc. Common Stock,ECL,ECL,ST,P,2024-12-11,2025-08-11,1001.0,15000.0,,"$1,001 - $15,000",valid_range,New,Charles Schwab Brokerage Account 548,,,,25,25,table,False,False,,False,0,False,False,100,True,20,False,https://disclosures-clerk.house.gov/public_disc/ptr-pdfs/2025/20030891.pdf,,,SP,Ecolab Inc. Common Stock (ECL) [ST] Filing Status: New Subholding Of: Charles Schwab Brokera,Ecolab Inc. Common Stock (ECL) [ST],P age Account 548,12/11/2024,08/11/2025,"$1,001 - $15,000",,"SP Ecolab Inc. Common Stock (ECL) [ST] P 12/11/2024 08/11/2025 $1,001 - $15,000 Filing Status: New Subholding Of: Charles Schwab Brokerage Account 548",,,False,100,ECL,accepted,house_ptr_structure+v8_1,False,False,False,12/11/2024,False
20030891,Hon. Lisa McClain,Member,MI09,20030891.pdf,2025,222,SP,Ecopetrol S.A. American Depositary Shares,Ecopetrol S.A. American Depositary Shares,EC,EC,ST,P,2025-06-09,2025-08-13,1001.0,15000.0,,"$1,001 - $15,000",valid_range,New,Charles Schwab Brokerage Account 924,,,,25,25,table,False,False,,False,0,False,True,100,True,20,False,https://disclosures-clerk.house.gov/public_disc/ptr-pdfs/2025/20030891.pdf,,,SP,Ecopetrol S.A. American Depositary Shares (EC) [ST],Ecopetrol S.A. American Depositary Shares (EC) [ST],P,06/09/2025,08/13/2025,"$1,001 - $15,000",Filing Status: New Subholding Of: Charles Schwab Brokerage Account 924,"SP Ecopetrol S.A. American Depositary Shares (EC) [ST] P 06/09/2025 08/13/2025 $1,001 - $15,000 Filing Status: New Subholding Of: Charles Schwab Brokerage Account 924",,,False,100,EC,accepted,house_ptr_structure+v8_1,False,False,False,06/09/2025,False
20030891,Hon. Lisa McClain,Member,MI09,20030891.pdf,2025,223,SP,Ecopetrol S.A. American Depositary Shares,Ecopetrol S.A. American Depositary Shares,EC,EC,ST,S,2025-07-10,2025-08-13,1001.0,15000.0,,"$1,001 - $15,000",valid_range,New,Charles Schwab Brokerage Account 924,,,,26,26,table,False,False,,False,0,False,False,100,True,20,False,https://disclosures-clerk.house.gov/public_disc/ptr-pdfs/2025/20030891.pdf,,,SP,Ecopetrol S.A. American Depositary Shares (EC) [ST] Filing Status: New Subholding Of: Charles Schwab Brokera,Ecopetrol S.A. American Depositary Shares (EC) [ST],S age Account 924,07/10/2025,08/13/2025,"$1,001 - $15,000",,"SP Ecopetrol S.A. American Depositary Shares (EC) [ST] S 07/10/2025 08/13/2025 $1,001 - $15,000 Filing Status: New Subholding Of: Charles Schwab Brokerage Account 924",,,False,100,EC,accepted,house_ptr_structure+v8_1,False,False,False,07/10/2025,False
20030891,Hon. Lisa McClain,Member,MI09,20030891.pdf,2025,224,SP,Ecopetrol S.A. American Depositary Shares,Ecopetrol S.A. American Depositary Shares,EC,EC,ST,S (partial),2025-06-10,2025-08-13,1001.0,15000.0,,"$1,001 - $15,000",valid_range,New,Charles Schwab Brokerage Account 924,,,,26,26,table,False,False,,False,0,False,True,100,True,20,False,https://disclosures-clerk.house.gov/public_disc/ptr-pdfs/2025/20030891.pdf,,,SP,Ecopetrol S.A. American Depositary Shares (EC) [ST],Ecopetrol S.A. American Depositary Shares (EC) [ST],S (partial),06/10/2025,08/13/2025,"$1,001 - $15,000",Filing Status: New Subholding Of: Charles Schwab Brokerage Account 924,"SP Ecopetrol S.A. American Depositary Shares (EC) [ST] S (partial) 06/10/2025 08/13/2025 $1,001 - $15,000 Filing Status: New Subholding Of: Charles Schwab Brokerage Account 924",,,False,100,EC,accepted,house_ptr_structure+v8_1,False,False,False,06/10/2025,False
20030891,Hon. Lisa McClain,Member,MI09,20030891.pdf,2025,225,SP,"Elevance Health, Inc. Common Stock","Elevance Health, Inc. Common Stock",ELV,ELV,ST,P,2025-06-24,2025-08-13,1001.0,15000.0,,"$1,001 - $15,000",valid_range,New,Charles Schwab Brokerage Account 924,,,,26,26,table,False,False,,False,0,False,False,100,True,20,False,https://disclosures-clerk.house.gov/public_disc/ptr-pdfs/2025/20030891.pdf,,,SP,"Elevance Health, Inc. Common Stock (ELV) [ST] Filing Status: New Subholding Of: Charles Schwab Brokera","Elevance Health, Inc. Common Stock (ELV) [ST]",P age Account 924,06/24/2025,08/13/2025,"$1,001 - $15,000",,"SP Elevance Health, Inc. Common Stock (ELV) [ST] P 06/24/2025 08/13/2025 $1,001 - $15,000 Filing Status: New Subholding Of: Charles Schwab Brokerage Account 924",,,False,100,ELV,accepted,house_ptr_structure+v8_1,False,False,False,06/24/2025,False
20030891,Hon. Lisa McClain,Member,MI09,20030891.pdf,2025,226,SP,"Elevance Health, Inc. Common Stock","Elevance Health, Inc. Common Stock",ELV,ELV,ST,P,2025-07-10,2025-08-13,1001.0,15000.0,,"$1,001 - $15,000",valid_range,New,Charles Schwab Brokerage Account 924,,,,26,26,table,False,False,,False,0,False,True,100,True,20,False,https://disclosures-clerk.house.gov/public_disc/ptr-pdfs/2025/20030891.pdf,,,SP,"Elevance Health, Inc. Common Stock (ELV) [ST]","Elevance Health, Inc. Common Stock (ELV) [ST]",P,07/10/2025,08/13/2025,"$1,001 - $15,000",Filing Status: New Subholding Of: Charles Schwab Brokerage Account 924,"SP Elevance Health, Inc. Common Stock (ELV) [ST] P 07/10/2025 08/13/2025 $1,001 - $15,000 Filing Status: New Subholding Of: Charles Schwab Brokerage Account 924",,,False,100,ELV,accepted,house_ptr_structure+v8_1,False,False,False,07/10/2025,False
20030891,Hon. Lisa McClain,Member,MI09,20030891.pdf,2025,227,SP,Eli Lilly and Company Common Stock,Eli Lilly and Company Common Stock,LLY,LLY,ST,P,2025-07-10,2025-08-13,1001.0,15000.0,,"$1,001 - $15,000",valid_range,New,Charles Schwab Brokerage Account 924,,,,26,26,table,False,False,,False,0,False,False,100,True,20,False,https://disclosures-clerk.house.gov/public_disc/ptr-pdfs/2025/20030891.pdf,,,SP,Eli Lilly and Company Common Stock (LLY) [ST] Filing Status: New Subholding Of: Charles Schwab Brokera,Eli Lilly and Company Common Stock (LLY) [ST],P age Account 924,07/10/2025,08/13/2025,"$1,001 - $15,000",,"SP Eli Lilly and Company Common Stock (LLY) [ST] P 07/10/2025 08/13/2025 $1,001 - $15,000 Filing Status: New Subholding Of: Charles Schwab Brokerage Account 924",,,False,100,LLY,accepted,house_ptr_structure+v8_1,False,False,False,07/10/2025,False
20030891,Hon. Lisa McClain,Member,MI09,20030891.pdf,2025,228,SP,Eli Lilly and Company Common Stock,Eli Lilly and Company Common Stock,LLY,LLY,ST,S,2025-07-16,2025-08-13,1001.0,15000.0,,"$1,001 - $15,000",valid_range,New,Charles Schwab Brokerage Account 924,,,,26,26,table,False,False,,False,0,False,True,100,True,20,False,https://disclosures-clerk.house.gov/public_disc/ptr-pdfs/2025/20030891.pdf,,,SP,Eli Lilly and Company Common Stock (LLY) [ST],Eli Lilly and Company Common Stock (LLY) [ST],S,07/16/2025,08/13/2025,"$1,001 - $15,000",Filing Status: New Subholding Of: Charles Schwab Brokerage Account 924,"SP Eli Lilly and Company Common Stock (LLY) [ST] S 07/16/2025 08/13/2025 $1,001 - $15,000 Filing Status: New Subholding Of: Charles Schwab Brokerage Account 924",,,False,100,LLY,accepted,house_ptr_structure+v8_1,False,False,False,07/16/2025,False
20030891,Hon. Lisa McClain,Member,MI09,20030891.pdf,2025,229,SP,Eli Lilly and Company Common Stock,Eli Lilly and Company Common Stock,LLY,LLY,ST,S (partial),2025-06-09,2025-08-13,1001.0,15000.0,,"$1,001 - $15,000",valid_range,New,Charles Schwab Brokerage Account 924,,,,26,26,table,False,False,,False,0,False,False,100,True,20,False,https://disclosures-clerk.house.gov/public_disc/ptr-pdfs/2025/20030891.pdf,,,SP,Eli Lilly and Company Common Stock (LLY) [ST] Filing Status: New Subholding Of: Charles Schwab Brokera,Eli Lilly and Company Common Stock (LLY) [ST],S (partial) age Account 924,06/09/2025,08/13/2025,"$1,001 - $15,000",,"SP Eli Lilly and Company Common Stock (LLY) [ST] S (partial) 06/09/2025 08/13/2025 $1,001 - $15,000 Filing Status: New Subholding Of: Charles Schwab Brokerage Account 924",,,False,100,LLY,accepted,house_ptr_structure+v8_1,False,False,False,06/09/2025,False
20030891,Hon. Lisa McClain,Member,MI09,20030891.pdf,2025,230,SP,Eli Lilly and Company Common Stock,Eli Lilly and Company Common Stock,LLY,LLY,ST,P,2024-12-11,2025-08-11,1001.0,15000.0,,"$1,001 - $15,000",valid_range,New,Charles Schwab Brokerage Account 548,,,,26,26,table,False,False,,False,0,False,True,100,True,20,False,https://disclosures-clerk.house.gov/public_disc/ptr-pdfs/2025/20030891.pdf,,,SP,Eli Lilly and Company Common Stock (LLY) [ST],Eli Lilly and Company Common Stock (LLY) [ST],P,12/11/2024,08/11/2025,"$1,001 - $15,000",Filing Status: New Subholding Of: Charles Schwab Brokerage Account 548,"SP Eli Lilly and Company Common Stock (LLY) [ST] P 12/11/2024 08/11/2025 $1,001 - $15,000 Filing Status: New Subholding Of: Charles Schwab Brokerage Account 548",,,False,100,LLY,accepted,house_ptr_structure+v8_1,False,False,False,12/11/2024,False
20030891,Hon. Lisa McClain,Member,MI09,20030891.pdf,2025,231,SP,"EMCOR Group, Inc. Common Stock","EMCOR Group, Inc. Common Stock",EME,EME,ST,P,2025-06-17,2025-08-13,1001.0,15000.0,,"$1,001 - $15,000",valid_range,New,Charles Schwab Brokerage Account 924,,,,26,26,table,False,False,,False,0,False,False,100,True,20,False,https://disclosures-clerk.house.gov/public_disc/ptr-pdfs/2025/20030891.pdf,,,SP,"EMCOR Group, Inc. Common Stock (EME) [ST] Filing Status: New Subholding Of: Charles Schwab Brokera","EMCOR Group, Inc. Common Stock (EME) [ST]",P age Account 924,06/17/2025,08/13/2025,"$1,001 - $15,000",,"SP EMCOR Group, Inc. Common Stock (EME) [ST] P 06/17/2025 08/13/2025 $1,001 - $15,000 Filing Status: New Subholding Of: Charles Schwab Brokerage Account 924",,,False,100,EME,accepted,house_ptr_structure+v8_1,False,False,False,06/17/2025,False
20030891,Hon. Lisa McClain,Member,MI09,20030891.pdf,2025,232,SP,Emerson Electric Company Common Stock,Emerson Electric Company Common Stock,EMR,EMR,ST,S,2025-03-12,2025-08-13,1001.0,15000.0,,"$1,001 - $15,000",valid_range,New,Charles Schwab Brokerage Account 548,,,,27,27,table,False,False,,False,0,False,True,100,True,20,False,https://disclosures-clerk.house.gov/public_disc/ptr-pdfs/2025/20030891.pdf,,,SP,Emerson Electric Company Common Stock (EMR) [ST],Emerson Electric Company Common Stock (EMR) [ST],S,03/12/2025,08/13/2025,"$1,001 - $15,000",Filing Status: New Subholding Of: Charles Schwab Brokerage Account 548,"SP Emerson Electric Company Common Stock (EMR) [ST] S 03/12/2025 08/13/2025 $1,001 - $15,000 Filing Status: New Subholding Of: Charles Schwab Brokerage Account 548",,,False,100,EMR,accepted,house_ptr_structure+v8_1,False,False,False,03/12/2025,False
20030891,Hon. Lisa McClain,Member,MI09,20030891.pdf,2025,233,SP,Emerson Electric Company Common Stock,Emerson Electric Company Common Stock,EMR,EMR,ST,P,2025-02-05,2025-08-13,1001.0,15000.0,,"$1,001 - $15,000",valid_range,New,Charles Schwab Brokerage Account 548,,,,27,27,table,False,False,,False,0,False,False,100,True,20,False,https://disclosures-clerk.house.gov/public_disc/ptr-pdfs/2025/20030891.pdf,,,SP,Emerson Electric Company Common Stock (EMR) [ST] Filing Status: New Subholding Of: Charles Schwab Brokera,Emerson Electric Company Common Stock (EMR) [ST],P age Account 548,02/05/2025,08/13/2025,"$1,001 - $15,000",,"SP Emerson Electric Company Common Stock (EMR) [ST] P 02/05/2025 08/13/2025 $1,001 - $15,000 Filing Status: New Subholding Of: Charles Schwab Brokerage Account 548",,,False,100,EMR,accepted,house_ptr_structure+v8_1,False,False,False,02/05/2025,False
20030891,Hon. Lisa McClain,Member,MI09,20030891.pdf,2025,234,SP,Employers Holdings Inc Common Stock,Employers Holdings Inc Common Stock,EIG,EIG,ST,P,2025-06-17,2025-08-13,1001.0,15000.0,,"$1,001 - $15,000",valid_range,New,Charles Schwab Brokerage Account 924,,,,27,27,table,False,False,,False,0,False,True,100,True,20,False,https://disclosures-clerk.house.gov/public_disc/ptr-pdfs/2025/20030891.pdf,,,SP,Employers Holdings Inc Common Stock (EIG) [ST],Employers Holdings Inc Common Stock (EIG) [ST],P,06/17/2025,08/13/2025,"$1,001 - $15,000",Filing Status: New Subholding Of: Charles Schwab Brokerage Account 924,"SP Employers Holdings Inc Common Stock (EIG) [ST] P 06/17/2025 08/13/2025 $1,001 - $15,000 Filing Status: New Subholding Of: Charles Schwab Brokerage Account 924",,,False,100,EIG,accepted,house_ptr_structure+v8_1,False,False,False,06/17/2025,False
20030891,Hon. Lisa McClain,Member,MI09,20030891.pdf,2025,235,SP,Employers Holdings Inc Common Stock,Employers Holdings Inc Common Stock,EIG,EIG,ST,S,2025-07-10,2025-08-13,1001.0,15000.0,,"$1,001 - $15,000",valid_range,New,Charles Schwab Brokerage Account 924,,,,27,27,table,False,False,,False,0,False,False,100,True,20,False,https://disclosures-clerk.house.gov/public_disc/ptr-pdfs/2025/20030891.pdf,,,SP,Employers Holdings Inc Common Stock (EIG) [ST] Filing Status: New Subholding Of: Charles Schwab Brokera,Employers Holdings Inc Common Stock (EIG) [ST],S age Account 924,07/10/2025,08/13/2025,"$1,001 - $15,000",,"SP Employers Holdings Inc Common Stock (EIG) [ST] S 07/10/2025 08/13/2025 $1,001 - $15,000 Filing Status: New Subholding Of: Charles Schwab Brokerage Account 924",,,False,100,EIG,accepted,house_ptr_structure+v8_1,False,False,False,07/10/2025,False
20030891,Hon. Lisa McClain,Member,MI09,20030891.pdf,2025,236,SP,Encompass Health Corporation Common Stock,Encompass Health Corporation Common Stock,EHC,EHC,ST,P,2025-07-22,2025-08-13,1001.0,15000.0,,"$1,001 - $15,000",valid_range,New,Charles Schwab Brokerage Account 924,,,,27,27,table,False,False,,False,0,False,True,100,True,20,False,https://disclosures-clerk.house.gov/public_disc/ptr-pdfs/2025/20030891.pdf,,,SP,Encompass Health Corporation Common Stock (EHC) [ST],Encompass Health Corporation Common Stock (EHC) [ST],P,07/22/2025,08/13/2025,"$1,001 - $15,000",Filing Status: New Subholding Of: Charles Schwab Brokerage Account 924,"SP Encompass Health Corporation Common Stock (EHC) [ST] P 07/22/2025 08/13/2025 $1,001 - $15,000 Filing Status: New Subholding Of: Charles Schwab Brokerage Account 924",,,False,100,EHC,accepted,house_ptr_structure+v8_1,False,False,False,07/22/2025,False
20030891,Hon. Lisa McClain,Member,MI09,20030891.pdf,2025,237,SP,"EPAM Systems, Inc. Common Stock","EPAM Systems, Inc. Common Stock",EPAM,EPAM,ST,P,2025-07-22,2025-08-13,1001.0,15000.0,,"$1,001 - $15,000",valid_range,New,Charles Schwab Brokerage Account 924,,,,27,27,table,False,False,,False,0,False,False,100,True,20,False,https://disclosures-clerk.house.gov/public_disc/ptr-pdfs/2025/20030891.pdf,,,SP,"EPAM Systems, Inc. Common Stock (EPAM) [ST] Filing Status: New Subholding Of: Charles Schwab Brokera","EPAM Systems, Inc. Common Stock (EPAM) [ST]",P age Account 924,07/22/2025,08/13/2025,"$1,001 - $15,000",,"SP EPAM Systems, Inc. Common Stock (EPAM) [ST] P 07/22/2025 08/13/2025 $1,001 - $15,000 Filing Status: New Subholding Of: Charles Schwab Brokerage Account 924",,,False,100,EPAM,accepted,house_ptr_structure+v8_1,False,False,False,07/22/2025,False
20030891,Hon. Lisa McClain,Member,MI09,20030891.pdf,2025,238,SP,Equinor ASA,Equinor ASA,EQNR,EQNR,ST,S,2025-06-24,2025-08-13,1001.0,15000.0,,"$1,001 - $15,000",valid_range,New,Charles Schwab Brokerage Account 924,,,,27,27,table,False,False,,False,0,False,True,100,True,20,False,https://disclosures-clerk.house.gov/public_disc/ptr-pdfs/2025/20030891.pdf,,,SP,Equinor ASA (EQNR) [ST],Equinor ASA (EQNR) [ST],S,06/24/2025,08/13/2025,"$1,001 - $15,000",Filing Status: New Subholding Of: Charles Schwab Brokerage Account 924,"SP Equinor ASA (EQNR) [ST] S 06/24/2025 08/13/2025 $1,001 - $15,000 Filing Status: New Subholding Of: Charles Schwab Brokerage Account 924",,,False,100,EQNR,accepted,house_ptr_structure+v8_1,False,False,False,06/24/2025,False
20030891,Hon. Lisa McClain,Member,MI09,20030891.pdf,2025,239,SP,Equinor ASA,Equinor ASA,EQNR,EQNR,ST,P,2025-06-11,2025-08-13,1001.0,15000.0,,"$1,001 - $15,000",valid_range,New,Charles Schwab Brokerage Account 924,,,,27,27,table,False,False,,False,0,False,False,100,True,20,False,https://disclosures-clerk.house.gov/public_disc/ptr-pdfs/2025/20030891.pdf,,,SP,Equinor ASA (EQNR) [ST] Filing Status: New Subholding Of: Charles Schwab Brokera,Equinor ASA (EQNR) [ST],P age Account 924,06/11/2025,08/13/2025,"$1,001 - $15,000",,"SP Equinor ASA (EQNR) [ST] P 06/11/2025 08/13/2025 $1,001 - $15,000 Filing Status: New Subholding Of: Charles Schwab Brokerage Account 924",,,False,100,EQNR,accepted,house_ptr_structure+v8_1,False,False,False,06/11/2025,False
20030891,Hon. Lisa McClain,Member,MI09,20030891.pdf,2025,240,SP,"Equitable Holdings, Inc. Common Stock","Equitable Holdings, Inc. Common Stock",EQH,EQH,ST,S,2025-07-16,2025-08-13,1001.0,15000.0,,"$1,001 - $15,000",valid_range,New,Charles Schwab Brokerage Account 924,,,,27,27,table,False,False,,False,0,False,True,100,True,20,False,https://disclosures-clerk.house.gov/public_disc/ptr-pdfs/2025/20030891.pdf,,,SP,"Equitable Holdings, Inc. Common Stock (EQH) [ST]","Equitable Holdings, Inc. Common Stock (EQH) [ST]",S,07/16/2025,08/13/2025,"$1,001 - $15,000",Filing Status: New Subholding Of: Charles Schwab Brokerage Account 924,"SP Equitable Holdings, Inc. Common Stock (EQH) [ST] S 07/16/2025 08/13/2025 $1,001 - $15,000 Filing Status: New Subholding Of: Charles Schwab Brokerage Account 924",,,False,100,EQH,accepted,house_ptr_structure+v8_1,False,False,False,07/16/2025,False
20030891,Hon. Lisa McClain,Member,MI09,20030891.pdf,2025,241,SP,"Equitable Holdings, Inc. Common","Equitable Holdings, Inc. Common",EQH,EQH,ST,P,2025-06-17,2025-08-13,1001.0,15000.0,,"$1,001 - $15,000",valid_range,New,Charles Schwab Brokerage Account 924,,,,27,28,table,False,False,,True,0,False,False,98,True,20,False,https://disclosures-clerk.house.gov/public_disc/ptr-pdfs/2025/20030891.pdf,,,SP,"Equitable Holdings, Inc. Common","Equitable Holdings, Inc. Common Stock (EQH) [ST]",P,06/17/2025,08/13/2025,"$1,001 - $15,000",Stock (EQH) [ST] Filing Status: New Subholding Of: Charles Schwab Brokerage Account 924,"SP Equitable Holdings, Inc. Common P 06/17/2025 08/13/2025 $1,001 - $15,000 Stock (EQH) [ST] Filing Status: New Subholding Of: Charles Schwab Brokerage Account 924",,,False,98,EQH,accepted,house_ptr_structure+v8_1,False,False,False,06/17/2025,False
20030891,Hon. Lisa McClain,Member,MI09,20030891.pdf,2025,242,SP,"Equity Lifestyle Properties, Inc. Common Stock","Equity Lifestyle Properties, Inc. Common Stock",ELS,ELS,ST,S,2025-07-10,2025-08-13,1001.0,15000.0,,"$1,001 - $15,000",valid_range,New,Charles Schwab Brokerage Account 924,,,,28,28,table,False,False,,False,0,False,True,100,True,20,False,https://disclosures-clerk.house.gov/public_disc/ptr-pdfs/2025/20030891.pdf,,,SP,"Equity Lifestyle Properties, Inc. Common Stock (ELS) [ST]","Equity Lifestyle Properties, Inc. Common Stock (ELS) [ST]",S,07/10/2025,08/13/2025,"$1,001 - $15,000",Filing Status: New Subholding Of: Charles Schwab Brokerage Account 924,"SP Equity Lifestyle Properties, Inc. Common Stock (ELS) [ST] S 07/10/2025 08/13/2025 $1,001 - $15,000 Filing Status: New Subholding Of: Charles Schwab Brokerage Account 924",,,False,100,ELS,accepted,house_ptr_structure+v8_1,False,False,False,07/10/2025,False
20030891,Hon. Lisa McClain,Member,MI09,20030891.pdf,2025,243,SP,"Equity Lifestyle Properties, Inc. Common Stock","Equity Lifestyle Properties, Inc. Common Stock",ELS,ELS,ST,P,2025-06-17,2025-08-13,1001.0,15000.0,,"$1,001 - $15,000",valid_range,New,Charles Schwab Brokerage Account 924,,,,28,28,table,False,False,,False,0,False,False,100,True,20,False,https://disclosures-clerk.house.gov/public_disc/ptr-pdfs/2025/20030891.pdf,,,SP,"Equity Lifestyle Properties, Inc. Common Stock (ELS) [ST] Filing Status: New Subholding Of: Charles Schwab Brokera","Equity Lifestyle Properties, Inc. Common Stock (ELS) [ST]",P age Account 924,06/17/2025,08/13/2025,"$1,001 - $15,000",,"SP Equity Lifestyle Properties, Inc. Common Stock (ELS) [ST] P 06/17/2025 08/13/2025 $1,001 - $15,000 Filing Status: New Subholding Of: Charles Schwab Brokerage Account 924",,,False,100,ELS,accepted,house_ptr_structure+v8_1,False,False,False,06/17/2025,False
20030891,Hon. Lisa McClain,Member,MI09,20030891.pdf,2025,244,SP,Essent Group Ltd. Common Shares,Essent Group Ltd. Common Shares,ESNT,ESNT,ST,S,2025-06-17,2025-08-13,1001.0,15000.0,,"$1,001 - $15,000",valid_range,New,Charles Schwab Brokerage Account 924,,,,28,28,table,False,False,,False,0,False,True,100,True,20,False,https://disclosures-clerk.house.gov/public_disc/ptr-pdfs/2025/20030891.pdf,,,SP,Essent Group Ltd. Common Shares (ESNT) [ST],Essent Group Ltd. Common Shares (ESNT) [ST],S,06/17/2025,08/13/2025,"$1,001 - $15,000",Filing Status: New Subholding Of: Charles Schwab Brokerage Account 924,"SP Essent Group Ltd. Common Shares (ESNT) [ST] S 06/17/2025 08/13/2025 $1,001 - $15,000 Filing Status: New Subholding Of: Charles Schwab Brokerage Account 924",,,False,100,ESNT,accepted,house_ptr_structure+v8_1,False,False,False,06/17/2025,False
20030891,Hon. Lisa McClain,Member,MI09,20030891.pdf,2025,245,SP,Essent Group Ltd. Common Shares,Essent Group Ltd. Common Shares,ESNT,ESNT,ST,P,2025-06-11,2025-08-13,1001.0,15000.0,,"$1,001 - $15,000",valid_range,New,Charles Schwab Brokerage Account 924,,,,28,28,table,False,False,,False,0,False,False,100,True,20,False,https://disclosures-clerk.house.gov/public_disc/ptr-pdfs/2025/20030891.pdf,,,SP,Essent Group Ltd. Common Shares (ESNT) [ST] Filing Status: New Subholding Of: Charles Schwab Brokera,Essent Group Ltd. Common Shares (ESNT) [ST],P age Account 924,06/11/2025,08/13/2025,"$1,001 - $15,000",,"SP Essent Group Ltd. Common Shares (ESNT) [ST] P 06/11/2025 08/13/2025 $1,001 - $15,000 Filing Status: New Subholding Of: Charles Schwab Brokerage Account 924",,,False,100,ESNT,accepted,house_ptr_structure+v8_1,False,False,False,06/11/2025,False
20030891,Hon. Lisa McClain,Member,MI09,20030891.pdf,2025,246,SP,"Everest Group, Ltd. Common Stock","Everest Group, Ltd. Common Stock",EG,EG,ST,S,2025-07-16,2025-08-13,1001.0,15000.0,,"$1,001 - $15,000",valid_range,New,Charles Schwab Brokerage Account 924,,,,28,28,table,False,False,,False,0,False,True,100,True,20,False,https://disclosures-clerk.house.gov/public_disc/ptr-pdfs/2025/20030891.pdf,,,SP,"Everest Group, Ltd. Common Stock (EG) [ST]","Everest Group, Ltd. Common Stock (EG) [ST]",S,07/16/2025,08/13/2025,"$1,001 - $15,000",Filing Status: New Subholding Of: Charles Schwab Brokerage Account 924,"SP Everest Group, Ltd. Common Stock (EG) [ST] S 07/16/2025 08/13/2025 $1,001 - $15,000 Filing Status: New Subholding Of: Charles Schwab Brokerage Account 924",,,False,100,EG,accepted,house_ptr_structure+v8_1,False,False,False,07/16/2025,False
20030891,Hon. Lisa McClain,Member,MI09,20030891.pdf,2025,247,SP,"Everest Group, Ltd. Common Stock","Everest Group, Ltd. Common Stock",EG,EG,ST,P,2025-06-17,2025-08-13,1001.0,15000.0,,"$1,001 - $15,000",valid_range,New,Charles Schwab Brokerage Account 924,,,,28,28,table,False,False,,False,0,False,False,100,True,20,False,https://disclosures-clerk.house.gov/public_disc/ptr-pdfs/2025/20030891.pdf,,,SP,"Everest Group, Ltd. Common Stock (EG) [ST] Filing Status: New Subholding Of: Charles Schwab Brokera","Everest Group, Ltd. Common Stock (EG) [ST]",P age Account 924,06/17/2025,08/13/2025,"$1,001 - $15,000",,"SP Everest Group, Ltd. Common Stock (EG) [ST] P 06/17/2025 08/13/2025 $1,001 - $15,000 Filing Status: New Subholding Of: Charles Schwab Brokerage Account 924",,,False,100,EG,accepted,house_ptr_structure+v8_1,False,False,False,06/17/2025,False
20030891,Hon. Lisa McClain,Member,MI09,20030891.pdf,2025,248,SP,"Evertec, Inc. Common Stock","Evertec, Inc. Common Stock",EVTC,EVTC,ST,S,2025-06-17,2025-08-13,1001.0,15000.0,,"$1,001 - $15,000",valid_range,New,Charles Schwab Brokerage Account 924,,,,28,28,table,False,False,,False,0,False,True,100,True,20,False,https://disclosures-clerk.house.gov/public_disc/ptr-pdfs/2025/20030891.pdf,,,SP,"Evertec, Inc. Common Stock (EVTC) [ST]","Evertec, Inc. Common Stock (EVTC) [ST]",S,06/17/2025,08/13/2025,"$1,001 - $15,000",Filing Status: New Subholding Of: Charles Schwab Brokerage Account 924,"SP Evertec, Inc. Common Stock (EVTC) [ST] S 06/17/2025 08/13/2025 $1,001 - $15,000 Filing Status: New Subholding Of: Charles Schwab Brokerage Account 924",,,False,100,EVTC,accepted,house_ptr_structure+v8_1,False,False,False,06/17/2025,False
20030891,Hon. Lisa McClain,Member,MI09,20030891.pdf,2025,249,SP,"Evertec, Inc. Common Stock","Evertec, Inc. Common Stock",EVTC,EVTC,ST,P,2025-06-11,2025-08-13,1001.0,15000.0,,"$1,001 - $15,000",valid_range,New,Charles Schwab Brokerage Account 924,,,,28,28,table,False,False,,False,0,False,False,100,True,20,False,https://disclosures-clerk.house.gov/public_disc/ptr-pdfs/2025/20030891.pdf,,,SP,"Evertec, Inc. Common Stock (EVTC) [ST] Filing Status: New Subholding Of: Charles Schwab Brokera","Evertec, Inc. Common Stock (EVTC) [ST]",P age Account 924,06/11/2025,08/13/2025,"$1,001 - $15,000",,"SP Evertec, Inc. Common Stock (EVTC) [ST] P 06/11/2025 08/13/2025 $1,001 - $15,000 Filing Status: New Subholding Of: Charles Schwab Brokerage Account 924",,,False,100,EVTC,accepted,house_ptr_structure+v8_1,False,False,False,06/11/2025,False
20030891,Hon. Lisa McClain,Member,MI09,20030891.pdf,2025,250,SP,Exelon Corporation,Exelon Corporation,EXC,EXC,ST,P,2025-06-17,2025-08-13,1001.0,15000.0,,"$1,001 - $15,000",valid_range,New,Charles Schwab Brokerage Account 924,,,,28,29,table,False,False,,True,0,False,True,98,True,20,False,https://disclosures-clerk.house.gov/public_disc/ptr-pdfs/2025/20030891.pdf,,,SP,Exelon Corporation (EXC) [ST],Exelon Corporation (EXC) [ST] Type Date Gains > $200?,P,06/17/2025,08/13/2025,"$1,001 - $15,000",Type Date Gains > $200? Filing Status: New Subholding Of: Charles Schwab Brokerage Account 924,"SP Exelon Corporation (EXC) [ST] P 06/17/2025 08/13/2025 $1,001 - $15,000 Type Date Gains > $200? Filing Status: New Subholding Of: Charles Schwab Brokerage Account 924",,,False,98,EXC,accepted,house_ptr_structure+v8_1,False,False,False,06/17/2025,False
20030891,Hon. Lisa McClain,Member,MI09,20030891.pdf,2025,251,SP,Exxon Mobil Corporation Common Stock,Exxon Mobil Corporation Common Stock,XOM,XOM,ST,P,2025-06-24,2025-08-13,1001.0,15000.0,,"$1,001 - $15,000",valid_range,New,Charles Schwab Brokerage Account 924,,,,29,29,table,False,False,,False,0,False,False,100,True,20,False,https://disclosures-clerk.house.gov/public_disc/ptr-pdfs/2025/20030891.pdf,,,SP,Exxon Mobil Corporation Common Stock (XOM) [ST] Filing Status: New Subholding Of: Charles Schwab Brokera,Exxon Mobil Corporation Common Stock (XOM) [ST],P age Account 924,06/24/2025,08/13/2025,"$1,001 - $15,000",,"SP Exxon Mobil Corporation Common Stock (XOM) [ST] P 06/24/2025 08/13/2025 $1,001 - $15,000 Filing Status: New Subholding Of: Charles Schwab Brokerage Account 924",,,False,100,XOM,accepted,house_ptr_structure+v8_1,False,False,False,06/24/2025,False
20030891,Hon. Lisa McClain,Member,MI09,20030891.pdf,2025,252,SP,Exxon Mobil Corporation Common Stock,Exxon Mobil Corporation Common Stock,XOM,XOM,ST,P,2025-07-22,2025-08-13,1001.0,15000.0,,"$1,001 - $15,000",valid_range,New,Charles Schwab Brokerage Account 924,,,,29,29,table,False,False,,False,0,False,True,100,True,20,False,https://disclosures-clerk.house.gov/public_disc/ptr-pdfs/2025/20030891.pdf,,,SP,Exxon Mobil Corporation Common Stock (XOM) [ST],Exxon Mobil Corporation Common Stock (XOM) [ST],P,07/22/2025,08/13/2025,"$1,001 - $15,000",Filing Status: New Subholding Of: Charles Schwab Brokerage Account 924,"SP Exxon Mobil Corporation Common Stock (XOM) [ST] P 07/22/2025 08/13/2025 $1,001 - $15,000 Filing Status: New Subholding Of: Charles Schwab Brokerage Account 924",,,False,100,XOM,accepted,house_ptr_structure+v8_1,False,False,False,07/22/2025,False
20030891,Hon. Lisa McClain,Member,MI09,20030891.pdf,2025,253,SP,F.N.B. Corporation Common Stock,F.N.B. Corporation Common Stock,FNB,FNB,ST,S,2025-06-11,2025-08-13,1001.0,15000.0,,"$1,001 - $15,000",valid_range,New,Charles Schwab Brokerage Account 924,,,,29,29,table,False,False,,False,0,False,False,100,True,20,False,https://disclosures-clerk.house.gov/public_disc/ptr-pdfs/2025/20030891.pdf,,,SP,F.N.B. Corporation Common Stock (FNB) [ST] Filing Status: New Subholding Of: Charles Schwab Brokera,F.N.B. Corporation Common Stock (FNB) [ST],S age Account 924,06/11/2025,08/13/2025,"$1,001 - $15,000",,"SP F.N.B. Corporation Common Stock (FNB) [ST] S 06/11/2025 08/13/2025 $1,001 - $15,000 Filing Status: New Subholding Of: Charles Schwab Brokerage Account 924",,,False,100,FNB,accepted,house_ptr_structure+v8_1,False,False,False,06/11/2025,False
20030891,Hon. Lisa McClain,Member,MI09,20030891.pdf,2025,254,SP,F.N.B. Corporation Common Stock,F.N.B. Corporation Common Stock,FNB,FNB,ST,P,2025-06-09,2025-08-13,1001.0,15000.0,,"$1,001 - $15,000",valid_range,New,Charles Schwab Brokerage Account 924,,,,29,29,table,False,False,,False,0,False,True,100,True,20,False,https://disclosures-clerk.house.gov/public_disc/ptr-pdfs/2025/20030891.pdf,,,SP,F.N.B. Corporation Common Stock (FNB) [ST],F.N.B. Corporation Common Stock (FNB) [ST],P,06/09/2025,08/13/2025,"$1,001 - $15,000",Filing Status: New Subholding Of: Charles Schwab Brokerage Account 924,"SP F.N.B. Corporation Common Stock (FNB) [ST] P 06/09/2025 08/13/2025 $1,001 - $15,000 Filing Status: New Subholding Of: Charles Schwab Brokerage Account 924",,,False,100,FNB,accepted,house_ptr_structure+v8_1,False,False,False,06/09/2025,False
20030891,Hon. Lisa McClain,Member,MI09,20030891.pdf,2025,255,SP,"First Financial Bankshares, Inc. - Common Stock","First Financial Bankshares, Inc. - Common Stock",FFIN,FFIN,ST,P,2025-06-11,2025-08-13,1001.0,15000.0,,"$1,001 - $15,000",valid_range,New,Charles Schwab Brokerage Account 924,,,,29,29,table,False,False,,False,0,False,False,100,True,20,False,https://disclosures-clerk.house.gov/public_disc/ptr-pdfs/2025/20030891.pdf,,,SP,"First Financial Bankshares, Inc. - Common Stock (FFIN) [ST] Filing Status: New Subholding Of: Charles Schwab Brokera","First Financial Bankshares, Inc. - Common Stock (FFIN) [ST]",P age Account 924,06/11/2025,08/13/2025,"$1,001 - $15,000",,"SP First Financial Bankshares, Inc. - Common Stock (FFIN) [ST] P 06/11/2025 08/13/2025 $1,001 - $15,000 Filing Status: New Subholding Of: Charles Schwab Brokerage Account 924",,,False,100,FFIN,accepted,house_ptr_structure+v8_1,False,False,False,06/11/2025,False
20030891,Hon. Lisa McClain,Member,MI09,20030891.pdf,2025,256,SP,"First Financial Bankshares, Inc. - Common Stock","First Financial Bankshares, Inc. - Common Stock",FFIN,FFIN,ST,S,2025-06-17,2025-08-13,1001.0,15000.0,,"$1,001 - $15,000",valid_range,New,Charles Schwab Brokerage Account 924,,,,29,29,table,False,False,,False,0,False,True,100,True,20,False,https://disclosures-clerk.house.gov/public_disc/ptr-pdfs/2025/20030891.pdf,,,SP,"First Financial Bankshares, Inc. - Common Stock (FFIN) [ST]","First Financial Bankshares, Inc. - Common Stock (FFIN) [ST]",S,06/17/2025,08/13/2025,"$1,001 - $15,000",Filing Status: New Subholding Of: Charles Schwab Brokerage Account 924,"SP First Financial Bankshares, Inc. - Common Stock (FFIN) [ST] S 06/17/2025 08/13/2025 $1,001 - $15,000 Filing Status: New Subholding Of: Charles Schwab Brokerage Account 924",,,False,100,FFIN,accepted,house_ptr_structure+v8_1,False,False,False,06/17/2025,False
20030891,Hon. Lisa McClain,Member,MI09,20030891.pdf,2025,257,SP,"First Hawaiian, Inc. - Common Stock","First Hawaiian, Inc. - Common Stock",FHB,FHB,ST,S,2025-06-17,2025-08-13,1001.0,15000.0,,"$1,001 - $15,000",valid_range,New,Charles Schwab Brokerage Account 924,,,,29,29,table,False,False,,False,0,False,False,100,True,20,False,https://disclosures-clerk.house.gov/public_disc/ptr-pdfs/2025/20030891.pdf,,,SP,"First Hawaiian, Inc. - Common Stock (FHB) [ST] Filing Status: New Subholding Of: Charles Schwab Brokera","First Hawaiian, Inc. - Common Stock (FHB) [ST]",S age Account 924,06/17/2025,08/13/2025,"$1,001 - $15,000",,"SP First Hawaiian, Inc. - Common Stock (FHB) [ST] S 06/17/2025 08/13/2025 $1,001 - $15,000 Filing Status: New Subholding Of: Charles Schwab Brokerage Account 924",,,False,100,FHB,accepted,house_ptr_structure+v8_1,False,False,False,06/17/2025,False
20030891,Hon. Lisa McClain,Member,MI09,20030891.pdf,2025,258,SP,"First Hawaiian, Inc. - Common Stock","First Hawaiian, Inc. - Common Stock",FHB,FHB,ST,P,2025-06-11,2025-08-13,1001.0,15000.0,,"$1,001 - $15,000",valid_range,New,Charles Schwab Brokerage Account 924,,,,29,29,table,False,False,,False,0,False,True,100,True,20,False,https://disclosures-clerk.house.gov/public_disc/ptr-pdfs/2025/20030891.pdf,,,SP,"First Hawaiian, Inc. - Common Stock (FHB) [ST]","First Hawaiian, Inc. - Common Stock (FHB) [ST]",P,06/11/2025,08/13/2025,"$1,001 - $15,000",Filing Status: New Subholding Of: Charles Schwab Brokerage Account 924,"SP First Hawaiian, Inc. - Common Stock (FHB) [ST] P 06/11/2025 08/13/2025 $1,001 - $15,000 Filing Status: New Subholding Of: Charles Schwab Brokerage Account 924",,,False,100,FHB,accepted,house_ptr_structure+v8_1,False,False,False,06/11/2025,False
20030891,Hon. Lisa McClain,Member,MI09,20030891.pdf,2025,259,SP,"First Industrial Realty Trust, Inc. Common Stock","First Industrial Realty Trust, Inc. Common Stock",FR,FR,ST,P,2025-06-17,2025-08-13,1001.0,15000.0,,"$1,001 - $15,000",valid_range,New,Charles Schwab Brokerage Account 924,,,,29,30,table,False,False,,True,0,False,False,98,True,20,False,https://disclosures-clerk.house.gov/public_disc/ptr-pdfs/2025/20030891.pdf,,,SP,"First Industrial Realty Trust, Inc. Common Stock (FR) [ST]","First Industrial Realty Trust, Inc. Common Stock (FR) [ST]",P,06/17/2025,08/13/2025,"$1,001 - $15,000",Filing Status: New Subholding Of: Charles Schwab Brokerage Account 924,"SP First Industrial Realty Trust, Inc. Common Stock (FR) [ST] P 06/17/2025 08/13/2025 $1,001 - $15,000 Filing Status: New Subholding Of: Charles Schwab Brokerage Account 924",,,False,98,FR,accepted,house_ptr_structure+v8_1,False,False,False,06/17/2025,False
20030891,Hon. Lisa McClain,Member,MI09,20030891.pdf,2025,260,SP,"Fiserv, Inc. Common Stock","Fiserv, Inc. Common Stock",FI,FI,ST,P,2025-07-22,2025-08-13,1001.0,15000.0,,"$1,001 - $15,000",valid_range,New,Charles Schwab Brokerage Account 924,,,,30,30,table,False,False,,False,0,False,True,100,True,20,False,https://disclosures-clerk.house.gov/public_disc/ptr-pdfs/2025/20030891.pdf,,,SP,"Fiserv, Inc. Common Stock (FI) [ST]","Fiserv, Inc. Common Stock (FI) [ST]",P,07/22/2025,08/13/2025,"$1,001 - $15,000",Filing Status: New Subholding Of: Charles Schwab Brokerage Account 924,"SP Fiserv, Inc. Common Stock (FI) [ST] P 07/22/2025 08/13/2025 $1,001 - $15,000 Filing Status: New Subholding Of: Charles Schwab Brokerage Account 924",,,False,100,FI,accepted,house_ptr_structure+v8_1,False,False,False,07/22/2025,False
20030891,Hon. Lisa McClain,Member,MI09,20030891.pdf,2025,261,SP,"Five Below, Inc. - Common Stock","Five Below, Inc. - Common Stock",FIVE,FIVE,ST,P,2025-06-11,2025-08-13,1001.0,15000.0,,"$1,001 - $15,000",valid_range,New,Charles Schwab Brokerage Account 924,,,,30,30,table,False,False,,False,0,False,False,100,True,20,False,https://disclosures-clerk.house.gov/public_disc/ptr-pdfs/2025/20030891.pdf,,,SP,"Five Below, Inc. - Common Stock (FIVE) [ST] Filing Status: New Subholding Of: Charles Schwab Brokera","Five Below, Inc. - Common Stock (FIVE) [ST]",P age Account 924,06/11/2025,08/13/2025,"$1,001 - $15,000",,"SP Five Below, Inc. - Common Stock (FIVE) [ST] P 06/11/2025 08/13/2025 $1,001 - $15,000 Filing Status: New Subholding Of: Charles Schwab Brokerage Account 924",,,False,100,FIVE,accepted,house_ptr_structure+v8_1,False,False,False,06/11/2025,False
20030891,Hon. Lisa McClain,Member,MI09,20030891.pdf,2025,262,SP,"Flowers Foods, Inc. Common Stock","Flowers Foods, Inc. Common Stock",FLO,FLO,ST,P,2025-06-09,2025-08-13,1001.0,15000.0,,"$1,001 - $15,000",valid_range,New,Charles Schwab Brokerage Account 924,,,,30,30,table,False,False,,False,0,False,True,100,True,20,False,https://disclosures-clerk.house.gov/public_disc/ptr-pdfs/2025/20030891.pdf,,,SP,"Flowers Foods, Inc. Common Stock (FLO) [ST]","Flowers Foods, Inc. Common Stock (FLO) [ST]",P,06/09/2025,08/13/2025,"$1,001 - $15,000",Filing Status: New Subholding Of: Charles Schwab Brokerage Account 924,"SP Flowers Foods, Inc. Common Stock (FLO) [ST] P 06/09/2025 08/13/2025 $1,001 - $15,000 Filing Status: New Subholding Of: Charles Schwab Brokerage Account 924",,,False,100,FLO,accepted,house_ptr_structure+v8_1,False,False,False,06/09/2025,False
20030891,Hon. Lisa McClain,Member,MI09,20030891.pdf,2025,263,SP,"Flowers Foods, Inc. Common Stock","Flowers Foods, Inc. Common Stock",FLO,FLO,ST,S,2025-06-11,2025-08-13,1001.0,15000.0,,"$1,001 - $15,000",valid_range,New,Charles Schwab Brokerage Account 924,,,,30,30,table,False,False,,False,0,False,False,100,True,20,False,https://disclosures-clerk.house.gov/public_disc/ptr-pdfs/2025/20030891.pdf,,,SP,"Flowers Foods, Inc. Common Stock (FLO) [ST] Filing Status: New Subholding Of: Charles Schwab Brokera","Flowers Foods, Inc. Common Stock (FLO) [ST]",S age Account 924,06/11/2025,08/13/2025,"$1,001 - $15,000",,"SP Flowers Foods, Inc. Common Stock (FLO) [ST] S 06/11/2025 08/13/2025 $1,001 - $15,000 Filing Status: New Subholding Of: Charles Schwab Brokerage Account 924",,,False,100,FLO,accepted,house_ptr_structure+v8_1,False,False,False,06/11/2025,False
20030891,Hon. Lisa McClain,Member,MI09,20030891.pdf,2025,264,SP,Fortive Corporation Common Stock,Fortive Corporation Common Stock,FTV,FTV,ST,S,2025-07-10,2025-08-13,1001.0,15000.0,,"$1,001 - $15,000",valid_range,New,Charles Schwab Brokerage Account 924,,,,30,30,table,False,False,,False,0,False,True,100,True,20,False,https://disclosures-clerk.house.gov/public_disc/ptr-pdfs/2025/20030891.pdf,,,SP,Fortive Corporation Common Stock (FTV) [ST],Fortive Corporation Common Stock (FTV) [ST],S,07/10/2025,08/13/2025,"$1,001 - $15,000",Filing Status: New Subholding Of: Charles Schwab Brokerage Account 924,"SP Fortive Corporation Common Stock (FTV) [ST] S 07/10/2025 08/13/2025 $1,001 - $15,000 Filing Status: New Subholding Of: Charles Schwab Brokerage Account 924",,,False,100,FTV,accepted,house_ptr_structure+v8_1,False,False,False,07/10/2025,False
20030891,Hon. Lisa McClain,Member,MI09,20030891.pdf,2025,265,SP,Fortive Corporation Common Stock,Fortive Corporation Common Stock,FTV,FTV,ST,P,2025-06-17,2025-08-13,1001.0,15000.0,,"$1,001 - $15,000",valid_range,New,Charles Schwab Brokerage Account 924,,,,30,30,table,False,False,,False,0,False,False,100,True,20,False,https://disclosures-clerk.house.gov/public_disc/ptr-pdfs/2025/20030891.pdf,,,SP,Fortive Corporation Common Stock (FTV) [ST] Filing Status: New Subholding Of: Charles Schwab Brokera,Fortive Corporation Common Stock (FTV) [ST],P age Account 924,06/17/2025,08/13/2025,"$1,001 - $15,000",,"SP Fortive Corporation Common Stock (FTV) [ST] P 06/17/2025 08/13/2025 $1,001 - $15,000 Filing Status: New Subholding Of: Charles Schwab Brokerage Account 924",,,False,100,FTV,accepted,house_ptr_structure+v8_1,False,False,False,06/17/2025,False
20030891,Hon. Lisa McClain,Member,MI09,20030891.pdf,2025,266,SP,"Four Corners Property Trust, Inc. Common Stock","Four Corners Property Trust, Inc. Common Stock",FCPT,FCPT,ST,S (partial),2025-06-11,2025-08-13,1001.0,15000.0,,"$1,001 - $15,000",valid_range,New,Charles Schwab Brokerage Account 924,,,,30,30,table,False,False,,False,0,False,True,100,True,20,False,https://disclosures-clerk.house.gov/public_disc/ptr-pdfs/2025/20030891.pdf,,,SP,"Four Corners Property Trust, Inc. Common Stock (FCPT) [ST]","Four Corners Property Trust, Inc. Common Stock (FCPT) [ST]",S (partial),06/11/2025,08/13/2025,"$1,001 - $15,000",Filing Status: New Subholding Of: Charles Schwab Brokerage Account 924,"SP Four Corners Property Trust, Inc. Common Stock (FCPT) [ST] S (partial) 06/11/2025 08/13/2025 $1,001 - $15,000 Filing Status: New Subholding Of: Charles Schwab Brokerage Account 924",,,False,100,FCPT,accepted,house_ptr_structure+v8_1,False,False,False,06/11/2025,False
20030891,Hon. Lisa McClain,Member,MI09,20030891.pdf,2025,267,SP,"Four Corners Property Trust, Inc. Common Stock","Four Corners Property Trust, Inc. Common Stock",FCPT,FCPT,ST,P,2025-06-09,2025-08-13,1001.0,15000.0,,"$1,001 - $15,000",valid_range,New,Charles Schwab Brokerage Account 924,,,,30,30,table,False,False,,False,0,False,False,100,True,20,False,https://disclosures-clerk.house.gov/public_disc/ptr-pdfs/2025/20030891.pdf,,,SP,"Four Corners Property Trust, Inc. Common Stock (FCPT) [ST] Filing Status: New Subholding Of: Charles Schwab Brokera","Four Corners Property Trust, Inc. Common Stock (FCPT) [ST]",P age Account 924,06/09/2025,08/13/2025,"$1,001 - $15,000",,"SP Four Corners Property Trust, Inc. Common Stock (FCPT) [ST] P 06/09/2025 08/13/2025 $1,001 - $15,000 Filing Status: New Subholding Of: Charles Schwab Brokerage Account 924",,,False,100,FCPT,accepted,house_ptr_structure+v8_1,False,False,False,06/09/2025,False
20030891,Hon. Lisa McClain,Member,MI09,20030891.pdf,2025,268,SP,"Four Corners Property Trust, Inc. Common Stock","Four Corners Property Trust, Inc. Common Stock",FCPT,FCPT,ST,P,2025-07-16,2025-08-13,1001.0,15000.0,,"$1,001 - $15,000",valid_range,New,Charles Schwab Brokerage Account 924,,,,30,31,table,False,False,,True,0,False,True,98,True,20,False,https://disclosures-clerk.house.gov/public_disc/ptr-pdfs/2025/20030891.pdf,,,SP,"Four Corners Property Trust, Inc. Common Stock (FCPT) [ST]","Four Corners Property Trust, Inc. Common Stock (FCPT) [ST]",P,07/16/2025,08/13/2025,"$1,001 - $15,000",Filing Status: New Subholding Of: Charles Schwab Brokerage Account 924,"SP Four Corners Property Trust, Inc. Common Stock (FCPT) [ST] P 07/16/2025 08/13/2025 $1,001 - $15,000 Filing Status: New Subholding Of: Charles Schwab Brokerage Account 924",,,False,98,FCPT,accepted,house_ptr_structure+v8_1,False,False,False,07/16/2025,False
20030891,Hon. Lisa McClain,Member,MI09,20030891.pdf,2025,269,SP,"Franklin BSP Realty Trust, Inc. Common Stock","Franklin BSP Realty Trust, Inc. Common Stock",FBRT,FBRT,ST,P,2025-06-09,2025-08-13,1001.0,15000.0,,"$1,001 - $15,000",valid_range,New,Charles Schwab Brokerage Account 924,,,,31,31,table,False,False,,False,0,False,False,100,True,20,False,https://disclosures-clerk.house.gov/public_disc/ptr-pdfs/2025/20030891.pdf,,,SP,"Franklin BSP Realty Trust, Inc. Common Stock (FBRT) [ST] Filing Status: New Subholding Of: Charles Schwab Brokera","Franklin BSP Realty Trust, Inc. Common Stock (FBRT) [ST]",P age Account 924,06/09/2025,08/13/2025,"$1,001 - $15,000",,"SP Franklin BSP Realty Trust, Inc. Common Stock (FBRT) [ST] P 06/09/2025 08/13/2025 $1,001 - $15,000 Filing Status: New Subholding Of: Charles Schwab Brokerage Account 924",,,False,100,FBRT,accepted,house_ptr_structure+v8_1,False,False,False,06/09/2025,False
20030891,Hon. Lisa McClain,Member,MI09,20030891.pdf,2025,270,SP,"Franklin BSP Realty Trust, Inc. Common Stock","Franklin BSP Realty Trust, Inc. Common Stock",FBRT,FBRT,ST,S,2025-06-11,2025-08-13,1001.0,15000.0,,"$1,001 - $15,000",valid_range,New,Charles Schwab Brokerage Account 924,,,,31,31,table,False,False,,False,0,False,True,100,True,20,False,https://disclosures-clerk.house.gov/public_disc/ptr-pdfs/2025/20030891.pdf,,,SP,"Franklin BSP Realty Trust, Inc. Common Stock (FBRT) [ST]","Franklin BSP Realty Trust, Inc. Common Stock (FBRT) [ST]",S,06/11/2025,08/13/2025,"$1,001 - $15,000",Filing Status: New Subholding Of: Charles Schwab Brokerage Account 924,"SP Franklin BSP Realty Trust, Inc. Common Stock (FBRT) [ST] S 06/11/2025 08/13/2025 $1,001 - $15,000 Filing Status: New Subholding Of: Charles Schwab Brokerage Account 924",,,False,100,FBRT,accepted,house_ptr_structure+v8_1,False,False,False,06/11/2025,False
20030891,Hon. Lisa McClain,Member,MI09,20030891.pdf,2025,271,SP,GameStop Corporation Common Stock,GameStop Corporation Common Stock,GME,GME,ST,P,2025-06-11,2025-08-13,1001.0,15000.0,,"$1,001 - $15,000",valid_range,New,Charles Schwab Brokerage Account 924,,,,31,31,table,False,False,,False,0,False,False,100,True,20,False,https://disclosures-clerk.house.gov/public_disc/ptr-pdfs/2025/20030891.pdf,,,SP,GameStop Corporation Common Stock (GME) [ST] Filing Status: New Subholding Of: Charles Schwab Brokera,GameStop Corporation Common Stock (GME) [ST],P age Account 924,06/11/2025,08/13/2025,"$1,001 - $15,000",,"SP GameStop Corporation Common Stock (GME) [ST] P 06/11/2025 08/13/2025 $1,001 - $15,000 Filing Status: New Subholding Of: Charles Schwab Brokerage Account 924",,,False,100,GME,accepted,house_ptr_structure+v8_1,False,False,False,06/11/2025,False
20030891,Hon. Lisa McClain,Member,MI09,20030891.pdf,2025,272,SP,"Gartner, Inc. Common Stock","Gartner, Inc. Common Stock",IT,IT,ST,S,2025-07-22,2025-08-13,1001.0,15000.0,,"$1,001 - $15,000",valid_range,New,Charles Schwab Brokerage Account 924,,,,31,31,table,False,False,,False,0,False,True,100,True,20,False,https://disclosures-clerk.house.gov/public_disc/ptr-pdfs/2025/20030891.pdf,,,SP,"Gartner, Inc. Common Stock (IT) [ST]","Gartner, Inc. Common Stock (IT) [ST]",S,07/22/2025,08/13/2025,"$1,001 - $15,000",Filing Status: New Subholding Of: Charles Schwab Brokerage Account 924,"SP Gartner, Inc. Common Stock (IT) [ST] S 07/22/2025 08/13/2025 $1,001 - $15,000 Filing Status: New Subholding Of: Charles Schwab Brokerage Account 924",,,False,100,IT,accepted,house_ptr_structure+v8_1,False,False,False,07/22/2025,False
20030891,Hon. Lisa McClain,Member,MI09,20030891.pdf,2025,273,SP,"Gartner, Inc. Common Stock","Gartner, Inc. Common Stock",IT,IT,ST,P,2025-07-16,2025-08-13,1001.0,15000.0,,"$1,001 - $15,000",valid_range,New,Charles Schwab Brokerage Account 924,,,,31,31,table,False,False,,False,0,False,False,100,True,20,False,https://disclosures-clerk.house.gov/public_disc/ptr-pdfs/2025/20030891.pdf,,,SP,"Gartner, Inc. Common Stock (IT) [ST] Filing Status: New Subholding Of: Charles Schwab Brokera","Gartner, Inc. Common Stock (IT) [ST]",P age Account 924,07/16/2025,08/13/2025,"$1,001 - $15,000",,"SP Gartner, Inc. Common Stock (IT) [ST] P 07/16/2025 08/13/2025 $1,001 - $15,000 Filing Status: New Subholding Of: Charles Schwab Brokerage Account 924",,,False,100,IT,accepted,house_ptr_structure+v8_1,False,False,False,07/16/2025,False
20030891,Hon. Lisa McClain,Member,MI09,20030891.pdf,2025,274,SP,GATX Corporation Common Stock,GATX Corporation Common Stock,GATX,GATX,ST,S,2025-06-17,2025-08-13,1001.0,15000.0,,"$1,001 - $15,000",valid_range,New,Charles Schwab Brokerage Account 924,,,,31,31,table,False,False,,False,0,False,True,100,True,20,False,https://disclosures-clerk.house.gov/public_disc/ptr-pdfs/2025/20030891.pdf,,,SP,GATX Corporation Common Stock (GATX) [ST],GATX Corporation Common Stock (GATX) [ST],S,06/17/2025,08/13/2025,"$1,001 - $15,000",Filing Status: New Subholding Of: Charles Schwab Brokerage Account 924,"SP GATX Corporation Common Stock (GATX) [ST] S 06/17/2025 08/13/2025 $1,001 - $15,000 Filing Status: New Subholding Of: Charles Schwab Brokerage Account 924",,,False,100,GATX,accepted,house_ptr_structure+v8_1,False,False,False,06/17/2025,False
20030891,Hon. Lisa McClain,Member,MI09,20030891.pdf,2025,275,SP,GATX Corporation Common Stock,GATX Corporation Common Stock,GATX,GATX,ST,P,2025-06-11,2025-08-13,1001.0,15000.0,,"$1,001 - $15,000",valid_range,New,Charles Schwab Brokerage Account 924,,,,31,31,table,False,False,,False,0,False,False,100,True,20,False,https://disclosures-clerk.house.gov/public_disc/ptr-pdfs/2025/20030891.pdf,,,SP,GATX Corporation Common Stock (GATX) [ST] Filing Status: New Subholding Of: Charles Schwab Brokera,GATX Corporation Common Stock (GATX) [ST],P age Account 924,06/11/2025,08/13/2025,"$1,001 - $15,000",,"SP GATX Corporation Common Stock (GATX) [ST] P 06/11/2025 08/13/2025 $1,001 - $15,000 Filing Status: New Subholding Of: Charles Schwab Brokerage Account 924",,,False,100,GATX,accepted,house_ptr_structure+v8_1,False,False,False,06/11/2025,False
20030891,Hon. Lisa McClain,Member,MI09,20030891.pdf,2025,276,SP,"General Mills, Inc. Common Stock","General Mills, Inc. Common Stock",GIS,GIS,ST,S,2025-07-16,2025-08-13,1001.0,15000.0,,"$1,001 - $15,000",valid_range,New,Charles Schwab Brokerage Account 924,,,,31,31,table,False,False,,False,0,False,True,100,True,20,False,https://disclosures-clerk.house.gov/public_disc/ptr-pdfs/2025/20030891.pdf,,,SP,"General Mills, Inc. Common Stock (GIS) [ST]","General Mills, Inc. Common Stock (GIS) [ST]",S,07/16/2025,08/13/2025,"$1,001 - $15,000",Filing Status: New Subholding Of: Charles Schwab Brokerage Account 924,"SP General Mills, Inc. Common Stock (GIS) [ST] S 07/16/2025 08/13/2025 $1,001 - $15,000 Filing Status: New Subholding Of: Charles Schwab Brokerage Account 924",,,False,100,GIS,accepted,house_ptr_structure+v8_1,False,False,False,07/16/2025,False
20030891,Hon. Lisa McClain,Member,MI09,20030891.pdf,2025,277,SP,"General Mills, Inc. Common Stock","General Mills, Inc. Common Stock",GIS,GIS,ST,S (partial),2025-06-24,2025-08-13,1001.0,15000.0,,"$1,001 - $15,000",valid_range,New,Charles Schwab Brokerage Account 924,,,,31,32,table,False,False,,True,0,False,False,98,True,20,False,https://disclosures-clerk.house.gov/public_disc/ptr-pdfs/2025/20030891.pdf,,,SP,"General Mills, Inc. Common Stock (GIS) [ST] Filing Status: New","General Mills, Inc. Common Stock (GIS) [ST] Subholding Of: Charles Schwab Brokerage Account 924",S (partial),06/24/2025,08/13/2025,"$1,001 - $15,000",Subholding Of: Charles Schwab Brokerage Account 924,"SP General Mills, Inc. Common Stock (GIS) [ST] S (partial) 06/24/2025 08/13/2025 $1,001 - $15,000 Filing Status: New Subholding Of: Charles Schwab Brokerage Account 924",,,False,98,GIS,accepted,house_ptr_structure+v8_1,False,False,False,06/24/2025,False
20030891,Hon. Lisa McClain,Member,MI09,20030891.pdf,2025,278,SP,"General Mills, Inc. Common Stock","General Mills, Inc. Common Stock",GIS,GIS,ST,P,2025-06-17,2025-08-13,1001.0,15000.0,,"$1,001 - $15,000",valid_range,New,Charles Schwab Brokerage Account 924,,,,32,32,table,False,False,,False,0,False,True,100,True,20,False,https://disclosures-clerk.house.gov/public_disc/ptr-pdfs/2025/20030891.pdf,,,SP,"General Mills, Inc. Common Stock (GIS) [ST]","General Mills, Inc. Common Stock (GIS) [ST]",P,06/17/2025,08/13/2025,"$1,001 - $15,000",Filing Status: New Subholding Of: Charles Schwab Brokerage Account 924,"SP General Mills, Inc. Common Stock (GIS) [ST] P 06/17/2025 08/13/2025 $1,001 - $15,000 Filing Status: New Subholding Of: Charles Schwab Brokerage Account 924",,,False,100,GIS,accepted,house_ptr_structure+v8_1,False,False,False,06/17/2025,False
20030891,Hon. Lisa McClain,Member,MI09,20030891.pdf,2025,279,SP,"General Mills, Inc. Common Stock","General Mills, Inc. Common Stock",GIS,GIS,ST,P,2025-07-10,2025-08-13,1001.0,15000.0,,"$1,001 - $15,000",valid_range,New,Charles Schwab Brokerage Account 924,,,,32,32,table,False,False,,False,0,False,False,100,True,20,False,https://disclosures-clerk.house.gov/public_disc/ptr-pdfs/2025/20030891.pdf,,,SP,"General Mills, Inc. Common Stock (GIS) [ST] Filing Status: New Subholding Of: Charles Schwab Brokera","General Mills, Inc. Common Stock (GIS) [ST]",P age Account 924,07/10/2025,08/13/2025,"$1,001 - $15,000",,"SP General Mills, Inc. Common Stock (GIS) [ST] P 07/10/2025 08/13/2025 $1,001 - $15,000 Filing Status: New Subholding Of: Charles Schwab Brokerage Account 924",,,False,100,GIS,accepted,house_ptr_structure+v8_1,False,False,False,07/10/2025,False
20030891,Hon. Lisa McClain,Member,MI09,20030891.pdf,2025,280,SP,Genworth Financial Inc Common Stock,Genworth Financial Inc Common Stock,GNW,GNW,ST,S,2025-06-17,2025-08-13,1001.0,15000.0,,"$1,001 - $15,000",valid_range,New,Charles Schwab Brokerage Account 924,,,,32,32,table,False,False,,False,0,False,True,100,True,20,False,https://disclosures-clerk.house.gov/public_disc/ptr-pdfs/2025/20030891.pdf,,,SP,Genworth Financial Inc Common Stock (GNW) [ST],Genworth Financial Inc Common Stock (GNW) [ST],S,06/17/2025,08/13/2025,"$1,001 - $15,000",Filing Status: New Subholding Of: Charles Schwab Brokerage Account 924,"SP Genworth Financial Inc Common Stock (GNW) [ST] S 06/17/2025 08/13/2025 $1,001 - $15,000 Filing Status: New Subholding Of: Charles Schwab Brokerage Account 924",,,False,100,GNW,accepted,house_ptr_structure+v8_1,False,False,False,06/17/2025,False
20030891,Hon. Lisa McClain,Member,MI09,20030891.pdf,2025,281,SP,Genworth Financial Inc Common Stock,Genworth Financial Inc Common Stock,GNW,GNW,ST,P,2025-06-11,2025-08-13,1001.0,15000.0,,"$1,001 - $15,000",valid_range,New,Charles Schwab Brokerage Account 924,,,,32,32,table,False,False,,False,0,False,False,100,True,20,False,https://disclosures-clerk.house.gov/public_disc/ptr-pdfs/2025/20030891.pdf,,,SP,Genworth Financial Inc Common Stock (GNW) [ST] Filing Status: New Subholding Of: Charles Schwab Brokera,Genworth Financial Inc Common Stock (GNW) [ST],P age Account 924,06/11/2025,08/13/2025,"$1,001 - $15,000",,"SP Genworth Financial Inc Common Stock (GNW) [ST] P 06/11/2025 08/13/2025 $1,001 - $15,000 Filing Status: New Subholding Of: Charles Schwab Brokerage Account 924",,,False,100,GNW,accepted,house_ptr_structure+v8_1,False,False,False,06/11/2025,False
20030891,Hon. Lisa McClain,Member,MI09,20030891.pdf,2025,282,SP,Getty Realty Corporation Common Stock,Getty Realty Corporation Common Stock,GTY,GTY,ST,P,2025-06-09,2025-08-13,1001.0,15000.0,,"$1,001 - $15,000",valid_range,New,Charles Schwab Brokerage Account 924,,,,32,32,table,False,False,,False,0,False,True,100,True,20,False,https://disclosures-clerk.house.gov/public_disc/ptr-pdfs/2025/20030891.pdf,,,SP,Getty Realty Corporation Common Stock (GTY) [ST],Getty Realty Corporation Common Stock (GTY) [ST],P,06/09/2025,08/13/2025,"$1,001 - $15,000",Filing Status: New Subholding Of: Charles Schwab Brokerage Account 924,"SP Getty Realty Corporation Common Stock (GTY) [ST] P 06/09/2025 08/13/2025 $1,001 - $15,000 Filing Status: New Subholding Of: Charles Schwab Brokerage Account 924",,,False,100,GTY,accepted,house_ptr_structure+v8_1,False,False,False,06/09/2025,False
20030891,Hon. Lisa McClain,Member,MI09,20030891.pdf,2025,283,SP,Getty Realty Corporation Common Stock,Getty Realty Corporation Common Stock,GTY,GTY,ST,S,2025-06-11,2025-08-13,1001.0,15000.0,,"$1,001 - $15,000",valid_range,New,Charles Schwab Brokerage Account 924,,,,32,32,table,False,False,,False,0,False,False,100,True,20,False,https://disclosures-clerk.house.gov/public_disc/ptr-pdfs/2025/20030891.pdf,,,SP,Getty Realty Corporation Common Stock (GTY) [ST] Filing Status: New Subholding Of: Charles Schwab Brokera,Getty Realty Corporation Common Stock (GTY) [ST],S age Account 924,06/11/2025,08/13/2025,"$1,001 - $15,000",,"SP Getty Realty Corporation Common Stock (GTY) [ST] S 06/11/2025 08/13/2025 $1,001 - $15,000 Filing Status: New Subholding Of: Charles Schwab Brokerage Account 924",,,False,100,GTY,accepted,house_ptr_structure+v8_1,False,False,False,06/11/2025,False
20030891,Hon. Lisa McClain,Member,MI09,20030891.pdf,2025,284,SP,Globe Life Inc. Common Stock,Globe Life Inc. Common Stock,GL,GL,ST,S,2025-07-10,2025-08-13,1001.0,15000.0,,"$1,001 - $15,000",valid_range,New,Charles Schwab Brokerage Account 924,,,,32,32,table,False,False,,False,0,False,True,100,True,20,False,https://disclosures-clerk.house.gov/public_disc/ptr-pdfs/2025/20030891.pdf,,,SP,Globe Life Inc. Common Stock (GL) [ST],Globe Life Inc. Common Stock (GL) [ST],S,07/10/2025,08/13/2025,"$1,001 - $15,000",Filing Status: New Subholding Of: Charles Schwab Brokerage Account 924,"SP Globe Life Inc. Common Stock (GL) [ST] S 07/10/2025 08/13/2025 $1,001 - $15,000 Filing Status: New Subholding Of: Charles Schwab Brokerage Account 924",,,False,100,GL,accepted,house_ptr_structure+v8_1,False,False,False,07/10/2025,False
20030891,Hon. Lisa McClain,Member,MI09,20030891.pdf,2025,285,SP,Globe Life Inc. Common Stock,Globe Life Inc. Common Stock,GL,GL,ST,P,2025-06-17,2025-08-13,1001.0,15000.0,,"$1,001 - $15,000",valid_range,New,Charles Schwab Brokerage Account 924,,,,32,32,table,False,False,,False,0,False,False,100,True,20,False,https://disclosures-clerk.house.gov/public_disc/ptr-pdfs/2025/20030891.pdf,,,SP,Globe Life Inc. Common Stock (GL) [ST] Filing Status: New Subholding Of: Charles Schwab Brokera,Globe Life Inc. Common Stock (GL) [ST],P age Account 924,06/17/2025,08/13/2025,"$1,001 - $15,000",,"SP Globe Life Inc. Common Stock (GL) [ST] P 06/17/2025 08/13/2025 $1,001 - $15,000 Filing Status: New Subholding Of: Charles Schwab Brokerage Account 924",,,False,100,GL,accepted,house_ptr_structure+v8_1,False,False,False,06/17/2025,False
20030891,Hon. Lisa McClain,Member,MI09,20030891.pdf,2025,286,SP,"Globus Medical, Inc. Class A Common Stock","Globus Medical, Inc. Class A Common Stock",GMED,GMED,ST,S (partial),2025-06-24,2025-08-13,1001.0,15000.0,,"$1,001 - $15,000",valid_range,New $200?,Charles Schwab Brokerage Account 924,,,,32,33,table,False,False,,True,0,False,True,98,True,20,False,https://disclosures-clerk.house.gov/public_disc/ptr-pdfs/2025/20030891.pdf,,,SP,"Globus Medical, Inc. Class A Common Stock (GMED) [ST]","Globus Medical, Inc. Class A Common Stock (GMED) [ST]",S (partial),06/24/2025,08/13/2025,"$1,001 - $15,000",Filing Status: New $200? Subholding Of: Charles Schwab Brokerage Account 924,"SP Globus Medical, Inc. Class A Common Stock (GMED) [ST] S (partial) 06/24/2025 08/13/2025 $1,001 - $15,000 Filing Status: New $200? Subholding Of: Charles Schwab Brokerage Account 924",,,False,98,GMED,accepted,house_ptr_structure+v8_1,False,False,False,06/24/2025,False
20030891,Hon. Lisa McClain,Member,MI09,20030891.pdf,2025,287,SP,"Globus Medical, Inc. Class A Common Stock","Globus Medical, Inc. Class A Common Stock",GMED,GMED,ST,S,2025-07-10,2025-08-13,1001.0,15000.0,,"$1,001 - $15,000",valid_range,New,Charles Schwab Brokerage Account 924,,,,33,33,table,False,False,,False,0,False,False,100,True,20,False,https://disclosures-clerk.house.gov/public_disc/ptr-pdfs/2025/20030891.pdf,,,SP,"Globus Medical, Inc. Class A Common Stock (GMED) [ST] Filing Status: New Subholding Of: Charles Schwab Brokera","Globus Medical, Inc. Class A Common Stock (GMED) [ST]",S age Account 924,07/10/2025,08/13/2025,"$1,001 - $15,000",,"SP Globus Medical, Inc. Class A Common Stock (GMED) [ST] S 07/10/2025 08/13/2025 $1,001 - $15,000 Filing Status: New Subholding Of: Charles Schwab Brokerage Account 924",,,False,100,GMED,accepted,house_ptr_structure+v8_1,False,False,False,07/10/2025,False
20030891,Hon. Lisa McClain,Member,MI09,20030891.pdf,2025,288,SP,"Globus Medical, Inc. Class A Common Stock","Globus Medical, Inc. Class A Common Stock",GMED,GMED,ST,P,2025-06-17,2025-08-13,1001.0,15000.0,,"$1,001 - $15,000",valid_range,New,Charles Schwab Brokerage Account 924,,,,33,33,table,False,False,,False,0,False,True,100,True,20,False,https://disclosures-clerk.house.gov/public_disc/ptr-pdfs/2025/20030891.pdf,,,SP,"Globus Medical, Inc. Class A Common Stock (GMED) [ST]","Globus Medical, Inc. Class A Common Stock (GMED) [ST]",P,06/17/2025,08/13/2025,"$1,001 - $15,000",Filing Status: New Subholding Of: Charles Schwab Brokerage Account 924,"SP Globus Medical, Inc. Class A Common Stock (GMED) [ST] P 06/17/2025 08/13/2025 $1,001 - $15,000 Filing Status: New Subholding Of: Charles Schwab Brokerage Account 924",,,False,100,GMED,accepted,house_ptr_structure+v8_1,False,False,False,06/17/2025,False
20030891,Hon. Lisa McClain,Member,MI09,20030891.pdf,2025,289,SP,Gold Fields Limited American Depositary Shares,Gold Fields Limited American Depositary Shares,GFI,GFI,ST,S,2025-06-24,2025-08-13,1001.0,15000.0,,"$1,001 - $15,000",valid_range,New,Charles Schwab Brokerage Account 924,,,,33,33,table,False,False,,False,0,False,False,100,True,20,False,https://disclosures-clerk.house.gov/public_disc/ptr-pdfs/2025/20030891.pdf,,,SP,Gold Fields Limited American Depositary Shares (GFI) [ST] Filing Status: New Subholding Of: Charles Schwab Brokera,Gold Fields Limited American Depositary Shares (GFI) [ST],S age Account 924,06/24/2025,08/13/2025,"$1,001 - $15,000",,"SP Gold Fields Limited American Depositary Shares (GFI) [ST] S 06/24/2025 08/13/2025 $1,001 - $15,000 Filing Status: New Subholding Of: Charles Schwab Brokerage Account 924",,,False,100,GFI,accepted,house_ptr_structure+v8_1,False,False,False,06/24/2025,False
20030891,Hon. Lisa McClain,Member,MI09,20030891.pdf,2025,290,SP,Gold Fields Limited American Depositary Shares,Gold Fields Limited American Depositary Shares,GFI,GFI,ST,P,2025-06-11,2025-08-13,1001.0,15000.0,,"$1,001 - $15,000",valid_range,New,Charles Schwab Brokerage Account 924,,,,33,33,table,False,False,,False,0,False,True,100,True,20,False,https://disclosures-clerk.house.gov/public_disc/ptr-pdfs/2025/20030891.pdf,,,SP,Gold Fields Limited American Depositary Shares (GFI) [ST],Gold Fields Limited American Depositary Shares (GFI) [ST],P,06/11/2025,08/13/2025,"$1,001 - $15,000",Filing Status: New Subholding Of: Charles Schwab Brokerage Account 924,"SP Gold Fields Limited American Depositary Shares (GFI) [ST] P 06/11/2025 08/13/2025 $1,001 - $15,000 Filing Status: New Subholding Of: Charles Schwab Brokerage Account 924",,,False,100,GFI,accepted,house_ptr_structure+v8_1,False,False,False,06/11/2025,False
20030891,Hon. Lisa McClain,Member,MI09,20030891.pdf,2025,291,SP,"Goldman Sachs Group, Inc.","Goldman Sachs Group, Inc.",GS,GS,ST,P,2024-12-11,2025-08-11,1001.0,15000.0,,"$1,001 - $15,000",valid_range,New,Charles Schwab Brokerage Account 548,,,,33,33,table,False,False,,False,0,False,False,100,True,20,False,https://disclosures-clerk.house.gov/public_disc/ptr-pdfs/2025/20030891.pdf,,,SP,"Goldman Sachs Group, Inc. (GS) [ST] Filing Status: New Subholding Of: Charles Schwab Brokera","Goldman Sachs Group, Inc. (GS) [ST]",P age Account 548,12/11/2024,08/11/2025,"$1,001 - $15,000",,"SP Goldman Sachs Group, Inc. (GS) [ST] P 12/11/2024 08/11/2025 $1,001 - $15,000 Filing Status: New Subholding Of: Charles Schwab Brokerage Account 548",,,False,100,GS,accepted,house_ptr_structure+v8_1,False,False,False,12/11/2024,False
20030891,Hon. Lisa McClain,Member,MI09,20030891.pdf,2025,292,SP,Graco Inc. Common Stock,Graco Inc. Common Stock,GGG,GGG,ST,P,2025-06-17,2025-08-13,1001.0,15000.0,,"$1,001 - $15,000",valid_range,New,Charles Schwab Brokerage Account 924,,,,33,33,table,False,False,,False,0,False,True,100,True,20,False,https://disclosures-clerk.house.gov/public_disc/ptr-pdfs/2025/20030891.pdf,,,SP,Graco Inc. Common Stock (GGG) [ST],Graco Inc. Common Stock (GGG) [ST],P,06/17/2025,08/13/2025,"$1,001 - $15,000",Filing Status: New Subholding Of: Charles Schwab Brokerage Account 924,"SP Graco Inc. Common Stock (GGG) [ST] P 06/17/2025 08/13/2025 $1,001 - $15,000 Filing Status: New Subholding Of: Charles Schwab Brokerage Account 924",,,False,100,GGG,accepted,house_ptr_structure+v8_1,False,False,False,06/17/2025,False
20030891,Hon. Lisa McClain,Member,MI09,20030891.pdf,2025,293,SP,Grand Rapids Mich 5%34 GO LTX Due 10/01/34,Grand Rapids Mich 5%34 GO LTX Due 10/01/34,,,GS,P,2025-02-10,2025-08-13,15001.0,50000.0,,"$15,001 - $50,000",valid_range,New,Charles Schwab Brokerage Account 919,,,,33,33,table,False,False,,False,0,False,False,100,True,20,False,https://disclosures-clerk.house.gov/public_disc/ptr-pdfs/2025/20030891.pdf,,,SP,Grand Rapids Mich 5%34 GO LTX Due 10/01/34 [GS] Filing Status: New Subholding Of: Charles Schwab Brokera,Grand Rapids Mich 5%34 GO LTX Due 10/01/34 [GS],P age Account 919,02/10/2025,08/13/2025,"$15,001 - $50,000",,"SP Grand Rapids Mich 5%34 GO LTX Due 10/01/34 [GS] P 02/10/2025 08/13/2025 $15,001 - $50,000 Filing Status: New Subholding Of: Charles Schwab Brokerage Account 919",,,False,100,,not_applicable,,False,False,False,02/10/2025,False
20030891,Hon. Lisa McClain,Member,MI09,20030891.pdf,2025,294,SP,GRAND RAPIDS MICH GO 5% 10/01/2034,GRAND RAPIDS MICH GO 5% 10/01/2034,,,GS,S,2025-06-06,2025-08-13,15001.0,50000.0,,"$15,001 - $50,000",valid_range,New,Charles Schwab Brokerage Account 924,,,,33,33,table,False,False,,False,0,False,True,100,True,20,False,https://disclosures-clerk.house.gov/public_disc/ptr-pdfs/2025/20030891.pdf,,,SP,GRAND RAPIDS MICH GO 5% 10/01/2034 [GS],GRAND RAPIDS MICH GO 5% 10/01/2034 [GS],S,06/06/2025,08/13/2025,"$15,001 - $50,000",Filing Status: New Subholding Of: Charles Schwab Brokerage Account 924,"SP GRAND RAPIDS MICH GO 5% 10/01/2034 [GS] S 06/06/2025 08/13/2025 $15,001 - $50,000 Filing Status: New Subholding Of: Charles Schwab Brokerage Account 924",,,False,100,,not_applicable,,False,False,False,06/06/2025,False
20030891,Hon. Lisa McClain,Member,MI09,20030891.pdf,2025,295,SP,Grandville Mich PUB 5%38 GO LTX Due 10/01/38,Grandville Mich PUB 5%38 GO LTX Due 10/01/38,,,GS,P,2025-02-11,2025-08-13,15001.0,50000.0,,"$15,001 - $50,000",valid_range,New,Charles Schwab Brokerage Account 919,,,,33,33,table,False,False,,False,0,False,False,100,True,20,False,https://disclosures-clerk.house.gov/public_disc/ptr-pdfs/2025/20030891.pdf,,,SP,Grandville Mich PUB 5%38 GO LTX Due 10/01/38 [GS] Filing Status: New Subholding Of: Charles Schwab Brokera,Grandville Mich PUB 5%38 GO LTX Due 10/01/38 [GS],P age Account 919,02/11/2025,08/13/2025,"$15,001 - $50,000",,"SP Grandville Mich PUB 5%38 GO LTX Due 10/01/38 [GS] P 02/11/2025 08/13/2025 $15,001 - $50,000 Filing Status: New Subholding Of: Charles Schwab Brokerage Account 919",,,False,100,,not_applicable,,False,False,False,02/11/2025,False
20030891,Hon. Lisa McClain,Member,MI09,20030891.pdf,2025,296,SP,GRANDVILLE MICH PUB GO 5% 05/01/2038 CALLABLE,GRANDVILLE MICH PUB GO 5% 05/01/2038 CALLABLE,,,GS,S,2025-06-06,2025-08-13,15001.0,50000.0,,"$15,001 - $50,000",valid_range,New,Charles Schwab Brokerage Account 924,,,,34,34,table,False,False,,False,0,False,True,100,True,20,False,https://disclosures-clerk.house.gov/public_disc/ptr-pdfs/2025/20030891.pdf,,,SP,GRANDVILLE MICH PUB GO 5% 05/01/2038 CALLABLE [GS],GRANDVILLE MICH PUB GO 5% 05/01/2038 CALLABLE [GS],S,06/06/2025,08/13/2025,"$15,001 - $50,000",Filing Status: New Subholding Of: Charles Schwab Brokerage Account 924,"SP GRANDVILLE MICH PUB GO 5% 05/01/2038 CALLABLE [GS] S 06/06/2025 08/13/2025 $15,001 - $50,000 Filing Status: New Subholding Of: Charles Schwab Brokerage Account 924",,,False,100,,not_applicable,,False,False,False,06/06/2025,False
20030891,Hon. Lisa McClain,Member,MI09,20030891.pdf,2025,297,SP,Graphic Packaging Holding Company,Graphic Packaging Holding Company,GPK,GPK,ST,P,2025-06-17,2025-08-13,1001.0,15000.0,,"$1,001 - $15,000",valid_range,New,Charles Schwab Brokerage Account 924,,,,34,34,table,False,False,,False,0,False,False,100,True,20,False,https://disclosures-clerk.house.gov/public_disc/ptr-pdfs/2025/20030891.pdf,,,SP,Graphic Packaging Holding Company (GPK) [ST] Filing Status: New Subholding Of: Charles Schwab Brokera,Graphic Packaging Holding Company (GPK) [ST],P age Account 924,06/17/2025,08/13/2025,"$1,001 - $15,000",,"SP Graphic Packaging Holding Company (GPK) [ST] P 06/17/2025 08/13/2025 $1,001 - $15,000 Filing Status: New Subholding Of: Charles Schwab Brokerage Account 924",,,False,100,GPK,accepted,house_ptr_structure+v8_1,False,False,False,06/17/2025,False
20030891,Hon. Lisa McClain,Member,MI09,20030891.pdf,2025,298,SP,"Group 1 Automotive, Inc. Common Stock","Group 1 Automotive, Inc. Common Stock",GPI,GPI,ST,P,2025-07-22,2025-08-13,1001.0,15000.0,,"$1,001 - $15,000",valid_range,New,Charles Schwab Brokerage Account 924,,,,34,34,table,False,False,,False,0,False,True,100,True,20,False,https://disclosures-clerk.house.gov/public_disc/ptr-pdfs/2025/20030891.pdf,,,SP,"Group 1 Automotive, Inc. Common Stock (GPI) [ST]","Group 1 Automotive, Inc. Common Stock (GPI) [ST]",P,07/22/2025,08/13/2025,"$1,001 - $15,000",Filing Status: New Subholding Of: Charles Schwab Brokerage Account 924,"SP Group 1 Automotive, Inc. Common Stock (GPI) [ST] P 07/22/2025 08/13/2025 $1,001 - $15,000 Filing Status: New Subholding Of: Charles Schwab Brokerage Account 924",,,False,100,GPI,accepted,house_ptr_structure+v8_1,False,False,False,07/22/2025,False
20030891,Hon. Lisa McClain,Member,MI09,20030891.pdf,2025,299,SP,GSK plc American Depositary Shares,GSK plc American Depositary Shares,GSK,GSK,ST,S,2025-06-24,2025-08-13,1001.0,15000.0,,"$1,001 - $15,000",valid_range,New,Charles Schwab Brokerage Account 924,,,,34,34,table,False,False,,False,0,False,False,100,True,20,False,https://disclosures-clerk.house.gov/public_disc/ptr-pdfs/2025/20030891.pdf,,,SP,GSK plc American Depositary Shares (GSK) [ST] Filing Status: New Subholding Of: Charles Schwab Brokera,GSK plc American Depositary Shares (GSK) [ST],S age Account 924,06/24/2025,08/13/2025,"$1,001 - $15,000",,"SP GSK plc American Depositary Shares (GSK) [ST] S 06/24/2025 08/13/2025 $1,001 - $15,000 Filing Status: New Subholding Of: Charles Schwab Brokerage Account 924",,,False,100,GSK,accepted,house_ptr_structure+v8_1,False,False,False,06/24/2025,False
20030891,Hon. Lisa McClain,Member,MI09,20030891.pdf,2025,300,SP,GSK plc American Depositary Shares,GSK plc American Depositary Shares,GSK,GSK,ST,P,2025-06-17,2025-08-13,1001.0,15000.0,,"$1,001 - $15,000",valid_range,New,Charles Schwab Brokerage Account 924,,,,34,34,table,False,False,,False,0,False,True,100,True,20,False,https://disclosures-clerk.house.gov/public_disc/ptr-pdfs/2025/20030891.pdf,,,SP,GSK plc American Depositary Shares (GSK) [ST],GSK plc American Depositary Shares (GSK) [ST],P,06/17/2025,08/13/2025,"$1,001 - $15,000",Filing Status: New Subholding Of: Charles Schwab Brokerage Account 924,"SP GSK plc American Depositary Shares (GSK) [ST] P 06/17/2025 08/13/2025 $1,001 - $15,000 Filing Status: New Subholding Of: Charles Schwab Brokerage Account 924",,,False,100,GSK,accepted,house_ptr_structure+v8_1,False,False,False,06/17/2025,False
20030891,Hon. Lisa McClain,Member,MI09,20030891.pdf,2025,301,SP,"Guidewire Software, Inc. Common Stock","Guidewire Software, Inc. Common Stock",GWRE,GWRE,ST,P,2025-06-17,2025-08-13,1001.0,15000.0,,"$1,001 - $15,000",valid_range,New,Charles Schwab Brokerage Account 924,,,,34,34,table,False,False,,False,0,False,False,100,True,20,False,https://disclosures-clerk.house.gov/public_disc/ptr-pdfs/2025/20030891.pdf,,,SP,"Guidewire Software, Inc. Common Stock (GWRE) [ST] Filing Status: New Subholding Of: Charles Schwab Brokera","Guidewire Software, Inc. Common Stock (GWRE) [ST]",P age Account 924,06/17/2025,08/13/2025,"$1,001 - $15,000",,"SP Guidewire Software, Inc. Common Stock (GWRE) [ST] P 06/17/2025 08/13/2025 $1,001 - $15,000 Filing Status: New Subholding Of: Charles Schwab Brokerage Account 924",,,False,100,GWRE,accepted,house_ptr_structure+v8_1,False,False,False,06/17/2025,False
20030891,Hon. Lisa McClain,Member,MI09,20030891.pdf,2025,302,SP,"Guidewire Software, Inc. Common Stock","Guidewire Software, Inc. Common Stock",GWRE,GWRE,ST,S,2025-06-24,2025-08-13,1001.0,15000.0,,"$1,001 - $15,000",valid_range,New,Charles Schwab Brokerage Account 924,,,,34,34,table,False,False,,False,0,False,True,100,True,20,False,https://disclosures-clerk.house.gov/public_disc/ptr-pdfs/2025/20030891.pdf,,,SP,"Guidewire Software, Inc. Common Stock (GWRE) [ST]","Guidewire Software, Inc. Common Stock (GWRE) [ST]",S,06/24/2025,08/13/2025,"$1,001 - $15,000",Filing Status: New Subholding Of: Charles Schwab Brokerage Account 924,"SP Guidewire Software, Inc. Common Stock (GWRE) [ST] S 06/24/2025 08/13/2025 $1,001 - $15,000 Filing Status: New Subholding Of: Charles Schwab Brokerage Account 924",,,False,100,GWRE,accepted,house_ptr_structure+v8_1,False,False,False,06/24/2025,False
20030891,Hon. Lisa McClain,Member,MI09,20030891.pdf,2025,303,SP,Haleon plc American Depositary Shares,Haleon plc American Depositary Shares,HLN,HLN,ST,S,2025-07-10,2025-08-13,1001.0,15000.0,,"$1,001 - $15,000",valid_range,New,Charles Schwab Brokerage Account 924,,,,34,34,table,False,False,,False,0,False,False,100,True,20,False,https://disclosures-clerk.house.gov/public_disc/ptr-pdfs/2025/20030891.pdf,,,SP,Haleon plc American Depositary Shares (HLN) [ST] Filing Status: New Subholding Of: Charles Schwab Brokera,Haleon plc American Depositary Shares (HLN) [ST],S age Account 924,07/10/2025,08/13/2025,"$1,001 - $15,000",,"SP Haleon plc American Depositary Shares (HLN) [ST] S 07/10/2025 08/13/2025 $1,001 - $15,000 Filing Status: New Subholding Of: Charles Schwab Brokerage Account 924",,,False,100,HLN,accepted,house_ptr_structure+v8_1,False,False,False,07/10/2025,False
20030891,Hon. Lisa McClain,Member,MI09,20030891.pdf,2025,304,SP,Haleon plc American Depositary Shares,Haleon plc American Depositary Shares,HLN,HLN,ST,P,2025-06-24,2025-08-13,1001.0,15000.0,,"$1,001 - $15,000",valid_range,New,Charles Schwab Brokerage Account 924,,,,34,34,table,False,False,,False,0,False,True,100,True,20,False,https://disclosures-clerk.house.gov/public_disc/ptr-pdfs/2025/20030891.pdf,,,SP,Haleon plc American Depositary Shares (HLN) [ST],Haleon plc American Depositary Shares (HLN) [ST],P,06/24/2025,08/13/2025,"$1,001 - $15,000",Filing Status: New Subholding Of: Charles Schwab Brokerage Account 924,"SP Haleon plc American Depositary Shares (HLN) [ST] P 06/24/2025 08/13/2025 $1,001 - $15,000 Filing Status: New Subholding Of: Charles Schwab Brokerage Account 924",,,False,100,HLN,accepted,house_ptr_structure+v8_1,False,False,False,06/24/2025,False
20030891,Hon. Lisa McClain,Member,MI09,20030891.pdf,2025,305,SP,Halliburton Company Common Stock,Halliburton Company Common Stock,HAL,HAL,ST,S,2025-06-24,2025-08-13,1001.0,15000.0,,"$1,001 - $15,000",valid_range,New,Charles Schwab Brokerage Account 924,,,,35,35,table,False,False,,False,0,False,False,100,True,20,False,https://disclosures-clerk.house.gov/public_disc/ptr-pdfs/2025/20030891.pdf,,,SP,Halliburton Company Common Stock (HAL) [ST] Filing Status: New Subholding Of: Charles Schwab Brokera,Halliburton Company Common Stock (HAL) [ST],S age Account 924,06/24/2025,08/13/2025,"$1,001 - $15,000",,"SP Halliburton Company Common Stock (HAL) [ST] S 06/24/2025 08/13/2025 $1,001 - $15,000 Filing Status: New Subholding Of: Charles Schwab Brokerage Account 924",,,False,100,HAL,accepted,house_ptr_structure+v8_1,False,False,False,06/24/2025,False
20030891,Hon. Lisa McClain,Member,MI09,20030891.pdf,2025,306,SP,Halliburton Company Common Stock,Halliburton Company Common Stock,HAL,HAL,ST,P,2025-06-17,2025-08-13,1001.0,15000.0,,"$1,001 - $15,000",valid_range,New,Charles Schwab Brokerage Account 924,,,,35,35,table,False,False,,False,0,False,True,100,True,20,False,https://disclosures-clerk.house.gov/public_disc/ptr-pdfs/2025/20030891.pdf,,,SP,Halliburton Company Common Stock (HAL) [ST],Halliburton Company Common Stock (HAL) [ST],P,06/17/2025,08/13/2025,"$1,001 - $15,000",Filing Status: New Subholding Of: Charles Schwab Brokerage Account 924,"SP Halliburton Company Common Stock (HAL) [ST] P 06/17/2025 08/13/2025 $1,001 - $15,000 Filing Status: New Subholding Of: Charles Schwab Brokerage Account 924",,,False,100,HAL,accepted,house_ptr_structure+v8_1,False,False,False,06/17/2025,False
20030891,Hon. Lisa McClain,Member,MI09,20030891.pdf,2025,307,SP,"Hasbro, Inc. - Common Stock","Hasbro, Inc. - Common Stock",HAS,HAS,ST,P,2025-06-17,2025-08-13,1001.0,15000.0,,"$1,001 - $15,000",valid_range,New,Charles Schwab Brokerage Account 924,,,,35,35,table,False,False,,False,0,False,False,100,True,20,False,https://disclosures-clerk.house.gov/public_disc/ptr-pdfs/2025/20030891.pdf,,,SP,"Hasbro, Inc. - Common Stock (HAS) [ST] Filing Status: New Subholding Of: Charles Schwab Brokera","Hasbro, Inc. - Common Stock (HAS) [ST]",P age Account 924,06/17/2025,08/13/2025,"$1,001 - $15,000",,"SP Hasbro, Inc. - Common Stock (HAS) [ST] P 06/17/2025 08/13/2025 $1,001 - $15,000 Filing Status: New Subholding Of: Charles Schwab Brokerage Account 924",,,False,100,HAS,accepted,house_ptr_structure+v8_1,False,False,False,06/17/2025,False
20030891,Hon. Lisa McClain,Member,MI09,20030891.pdf,2025,308,SP,HDFC Bank Limited Common Stock,HDFC Bank Limited Common Stock,HDB,HDB,ST,S (partial),2025-06-10,2025-08-13,1001.0,15000.0,,"$1,001 - $15,000",valid_range,New,Charles Schwab Brokerage Account 924,,,,35,35,table,False,False,,False,0,False,True,100,True,20,False,https://disclosures-clerk.house.gov/public_disc/ptr-pdfs/2025/20030891.pdf,,,SP,HDFC Bank Limited Common Stock (HDB) [ST],HDFC Bank Limited Common Stock (HDB) [ST],S (partial),06/10/2025,08/13/2025,"$1,001 - $15,000",Filing Status: New Subholding Of: Charles Schwab Brokerage Account 924,"SP HDFC Bank Limited Common Stock (HDB) [ST] S (partial) 06/10/2025 08/13/2025 $1,001 - $15,000 Filing Status: New Subholding Of: Charles Schwab Brokerage Account 924",,,False,100,HDB,accepted,house_ptr_structure+v8_1,False,False,False,06/10/2025,False
20030891,Hon. Lisa McClain,Member,MI09,20030891.pdf,2025,309,SP,HDFC Bank Limited Common Stock,HDFC Bank Limited Common Stock,HDB,HDB,ST,S (partial),2025-06-17,2025-08-13,1001.0,15000.0,,"$1,001 - $15,000",valid_range,New,Charles Schwab Brokerage Account 924,,,,35,35,table,False,False,,False,0,False,False,100,True,20,False,https://disclosures-clerk.house.gov/public_disc/ptr-pdfs/2025/20030891.pdf,,,SP,HDFC Bank Limited Common Stock (HDB) [ST] Filing Status: New Subholding Of: Charles Schwab Brokera,HDFC Bank Limited Common Stock (HDB) [ST],S (partial) age Account 924,06/17/2025,08/13/2025,"$1,001 - $15,000",,"SP HDFC Bank Limited Common Stock (HDB) [ST] S (partial) 06/17/2025 08/13/2025 $1,001 - $15,000 Filing Status: New Subholding Of: Charles Schwab Brokerage Account 924",,,False,100,HDB,accepted,house_ptr_structure+v8_1,False,False,False,06/17/2025,False
20030891,Hon. Lisa McClain,Member,MI09,20030891.pdf,2025,310,SP,HDFC Bank Limited Common Stock,HDFC Bank Limited Common Stock,HDB,HDB,ST,P,2025-06-11,2025-08-13,1001.0,15000.0,,"$1,001 - $15,000",valid_range,New,Charles Schwab Brokerage Account 924,,,,35,35,table,False,False,,False,0,False,True,100,True,20,False,https://disclosures-clerk.house.gov/public_disc/ptr-pdfs/2025/20030891.pdf,,,SP,HDFC Bank Limited Common Stock (HDB) [ST],HDFC Bank Limited Common Stock (HDB) [ST],P,06/11/2025,08/13/2025,"$1,001 - $15,000",Filing Status: New Subholding Of: Charles Schwab Brokerage Account 924,"SP HDFC Bank Limited Common Stock (HDB) [ST] P 06/11/2025 08/13/2025 $1,001 - $15,000 Filing Status: New Subholding Of: Charles Schwab Brokerage Account 924",,,False,100,HDB,accepted,house_ptr_structure+v8_1,False,False,False,06/11/2025,False
20030891,Hon. Lisa McClain,Member,MI09,20030891.pdf,2025,311,SP,HDFC Bank Limited Common Stock,HDFC Bank Limited Common Stock,HDB,HDB,ST,P,2025-06-09,2025-08-13,1001.0,15000.0,,"$1,001 - $15,000",valid_range,New,Charles Schwab Brokerage Account 924,,,,35,35,table,False,False,,False,0,False,False,100,True,20,False,https://disclosures-clerk.house.gov/public_disc/ptr-pdfs/2025/20030891.pdf,,,SP,HDFC Bank Limited Common Stock (HDB) [ST] Filing Status: New Subholding Of: Charles Schwab Brokera,HDFC Bank Limited Common Stock (HDB) [ST],P age Account 924,06/09/2025,08/13/2025,"$1,001 - $15,000",,"SP HDFC Bank Limited Common Stock (HDB) [ST] P 06/09/2025 08/13/2025 $1,001 - $15,000 Filing Status: New Subholding Of: Charles Schwab Brokerage Account 924",,,False,100,HDB,accepted,house_ptr_structure+v8_1,False,False,False,06/09/2025,False
20030891,Hon. Lisa McClain,Member,MI09,20030891.pdf,2025,312,SP,HDFC Bank Limited Common Stock,HDFC Bank Limited Common Stock,HDB,HDB,ST,P,2025-07-22,2025-08-13,1001.0,15000.0,,"$1,001 - $15,000",valid_range,New,Charles Schwab Brokerage Account 924,,,,35,35,table,False,False,,False,0,False,True,100,True,20,False,https://disclosures-clerk.house.gov/public_disc/ptr-pdfs/2025/20030891.pdf,,,SP,HDFC Bank Limited Common Stock (HDB) [ST],HDFC Bank Limited Common Stock (HDB) [ST],P,07/22/2025,08/13/2025,"$1,001 - $15,000",Filing Status: New Subholding Of: Charles Schwab Brokerage Account 924,"SP HDFC Bank Limited Common Stock (HDB) [ST] P 07/22/2025 08/13/2025 $1,001 - $15,000 Filing Status: New Subholding Of: Charles Schwab Brokerage Account 924",,,False,100,HDB,accepted,house_ptr_structure+v8_1,False,False,False,07/22/2025,False
20030891,Hon. Lisa McClain,Member,MI09,20030891.pdf,2025,313,SP,"HealthEquity, Inc. - Common Stock","HealthEquity, Inc. - Common Stock",HQY,HQY,ST,P,2025-06-11,2025-08-13,1001.0,15000.0,,"$1,001 - $15,000",valid_range,New,Charles Schwab Brokerage Account 924,,,,35,35,table,False,False,,False,0,False,False,100,True,20,False,https://disclosures-clerk.house.gov/public_disc/ptr-pdfs/2025/20030891.pdf,,,SP,"HealthEquity, Inc. - Common Stock (HQY) [ST] Filing Status: New Subholding Of: Charles Schwab Brokera","HealthEquity, Inc. - Common Stock (HQY) [ST]",P age Account 924,06/11/2025,08/13/2025,"$1,001 - $15,000",,"SP HealthEquity, Inc. - Common Stock (HQY) [ST] P 06/11/2025 08/13/2025 $1,001 - $15,000 Filing Status: New Subholding Of: Charles Schwab Brokerage Account 924",,,False,100,HQY,accepted,house_ptr_structure+v8_1,False,False,False,06/11/2025,False
20030891,Hon. Lisa McClain,Member,MI09,20030891.pdf,2025,314,SP,"HealthEquity, Inc. - Common Stock","HealthEquity, Inc. - Common Stock",HQY,HQY,ST,S,2025-06-17,2025-08-13,1001.0,15000.0,,"$1,001 - $15,000",valid_range,New,Charles Schwab Brokerage Account 924,,,,36,36,table,False,False,,False,0,False,True,100,True,20,False,https://disclosures-clerk.house.gov/public_disc/ptr-pdfs/2025/20030891.pdf,,,SP,"HealthEquity, Inc. - Common Stock (HQY) [ST]","HealthEquity, Inc. - Common Stock (HQY) [ST]",S,06/17/2025,08/13/2025,"$1,001 - $15,000",Filing Status: New Subholding Of: Charles Schwab Brokerage Account 924,"SP HealthEquity, Inc. - Common Stock (HQY) [ST] S 06/17/2025 08/13/2025 $1,001 - $15,000 Filing Status: New Subholding Of: Charles Schwab Brokerage Account 924",,,False,100,HQY,accepted,house_ptr_structure+v8_1,False,False,False,06/17/2025,False
20030891,Hon. Lisa McClain,Member,MI09,20030891.pdf,2025,315,SP,"Healthpeak Properties, Inc. Common Stock","Healthpeak Properties, Inc. Common Stock",DOC,DOC,ST,P,2025-06-17,2025-08-13,1001.0,15000.0,,"$1,001 - $15,000",valid_range,New,Charles Schwab Brokerage Account 924,,,,36,36,table,False,False,,False,0,False,False,100,True,20,False,https://disclosures-clerk.house.gov/public_disc/ptr-pdfs/2025/20030891.pdf,,,SP,"Healthpeak Properties, Inc. Common Stock (DOC) [ST] Filing Status: New Subholding Of: Charles Schwab Brokera","Healthpeak Properties, Inc. Common Stock (DOC) [ST]",P age Account 924,06/17/2025,08/13/2025,"$1,001 - $15,000",,"SP Healthpeak Properties, Inc. Common Stock (DOC) [ST] P 06/17/2025 08/13/2025 $1,001 - $15,000 Filing Status: New Subholding Of: Charles Schwab Brokerage Account 924",,,False,100,DOC,accepted,house_ptr_structure+v8_1,False,False,False,06/17/2025,False
20030891,Hon. Lisa McClain,Member,MI09,20030891.pdf,2025,316,SP,Hewlett Packard Enterprise Company Common Stock,Hewlett Packard Enterprise Company Common Stock,HPE,HPE,ST,P,2025-06-17,2025-08-13,1001.0,15000.0,,"$1,001 - $15,000",valid_range,New,Charles Schwab Brokerage Account 924,,,,36,36,table,False,False,,False,0,False,True,100,True,20,False,https://disclosures-clerk.house.gov/public_disc/ptr-pdfs/2025/20030891.pdf,,,SP,Hewlett Packard Enterprise Company Common Stock (HPE) [ST],Hewlett Packard Enterprise Company Common Stock (HPE) [ST],P,06/17/2025,08/13/2025,"$1,001 - $15,000",Filing Status: New Subholding Of: Charles Schwab Brokerage Account 924,"SP Hewlett Packard Enterprise Company Common Stock (HPE) [ST] P 06/17/2025 08/13/2025 $1,001 - $15,000 Filing Status: New Subholding Of: Charles Schwab Brokerage Account 924",,,False,100,HPE,accepted,house_ptr_structure+v8_1,False,False,False,06/17/2025,False
20030891,Hon. Lisa McClain,Member,MI09,20030891.pdf,2025,317,SP,Hilltop Holdings Inc.,Hilltop Holdings Inc.,HTH,HTH,ST,S,2025-06-17,2025-08-13,1001.0,15000.0,,"$1,001 - $15,000",valid_range,New,Charles Schwab Brokerage Account 924,,,,36,36,table,False,False,,False,0,False,False,100,True,20,False,https://disclosures-clerk.house.gov/public_disc/ptr-pdfs/2025/20030891.pdf,,,SP,Hilltop Holdings Inc. (HTH) [ST] Filing Status: New Subholding Of: Charles Schwab Brokera,Hilltop Holdings Inc. (HTH) [ST],S age Account 924,06/17/2025,08/13/2025,"$1,001 - $15,000",,"SP Hilltop Holdings Inc. (HTH) [ST] S 06/17/2025 08/13/2025 $1,001 - $15,000 Filing Status: New Subholding Of: Charles Schwab Brokerage Account 924",,,False,100,HTH,accepted,house_ptr_structure+v8_1,False,False,False,06/17/2025,False
20030891,Hon. Lisa McClain,Member,MI09,20030891.pdf,2025,318,SP,Hilltop Holdings Inc.,Hilltop Holdings Inc.,HTH,HTH,ST,P,2025-06-11,2025-08-13,1001.0,15000.0,,"$1,001 - $15,000",valid_range,New,Charles Schwab Brokerage Account 924,,,,36,36,table,False,False,,False,0,False,True,100,True,20,False,https://disclosures-clerk.house.gov/public_disc/ptr-pdfs/2025/20030891.pdf,,,SP,Hilltop Holdings Inc. (HTH) [ST],Hilltop Holdings Inc. (HTH) [ST],P,06/11/2025,08/13/2025,"$1,001 - $15,000",Filing Status: New Subholding Of: Charles Schwab Brokerage Account 924,"SP Hilltop Holdings Inc. (HTH) [ST] P 06/11/2025 08/13/2025 $1,001 - $15,000 Filing Status: New Subholding Of: Charles Schwab Brokerage Account 924",,,False,100,HTH,accepted,house_ptr_structure+v8_1,False,False,False,06/11/2025,False
20030891,Hon. Lisa McClain,Member,MI09,20030891.pdf,2025,319,SP,"Home BancShares, Inc. Common Stock","Home BancShares, Inc. Common Stock",HOMB,HOMB,ST,P,2025-06-17,2025-08-13,1001.0,15000.0,,"$1,001 - $15,000",valid_range,New,Charles Schwab Brokerage Account 924,,,,36,36,table,False,False,,False,0,False,False,100,True,20,False,https://disclosures-clerk.house.gov/public_disc/ptr-pdfs/2025/20030891.pdf,,,SP,"Home BancShares, Inc. Common Stock (HOMB) [ST] Filing Status: New Subholding Of: Charles Schwab Brokera","Home BancShares, Inc. Common Stock (HOMB) [ST]",P age Account 924,06/17/2025,08/13/2025,"$1,001 - $15,000",,"SP Home BancShares, Inc. Common Stock (HOMB) [ST] P 06/17/2025 08/13/2025 $1,001 - $15,000 Filing Status: New Subholding Of: Charles Schwab Brokerage Account 924",,,False,100,HOMB,accepted,house_ptr_structure+v8_1,False,False,False,06/17/2025,False
20030891,Hon. Lisa McClain,Member,MI09,20030891.pdf,2025,320,SP,"Home Depot, Inc.","Home Depot, Inc.",HD,HD,ST,S (partial),2025-06-09,2025-08-13,1001.0,15000.0,,"$1,001 - $15,000",valid_range,New,Charles Schwab Brokerage Account 924,,,,36,36,table,False,False,,False,0,False,True,100,True,20,False,https://disclosures-clerk.house.gov/public_disc/ptr-pdfs/2025/20030891.pdf,,,SP,"Home Depot, Inc. (HD) [ST]","Home Depot, Inc. (HD) [ST]",S (partial),06/09/2025,08/13/2025,"$1,001 - $15,000",Filing Status: New Subholding Of: Charles Schwab Brokerage Account 924,"SP Home Depot, Inc. (HD) [ST] S (partial) 06/09/2025 08/13/2025 $1,001 - $15,000 Filing Status: New Subholding Of: Charles Schwab Brokerage Account 924",,,False,100,HD,accepted,house_ptr_structure+v8_1,False,False,False,06/09/2025,False
20030891,Hon. Lisa McClain,Member,MI09,20030891.pdf,2025,321,SP,"Home Depot, Inc.","Home Depot, Inc.",HD,HD,ST,S,2025-07-16,2025-08-13,1001.0,15000.0,,"$1,001 - $15,000",valid_range,New,Charles Schwab Brokerage Account 924,,,,36,36,table,False,False,,False,0,False,False,100,True,20,False,https://disclosures-clerk.house.gov/public_disc/ptr-pdfs/2025/20030891.pdf,,,SP,"Home Depot, Inc. (HD) [ST] Filing Status: New Subholding Of: Charles Schwab Brokera","Home Depot, Inc. (HD) [ST]",S age Account 924,07/16/2025,08/13/2025,"$1,001 - $15,000",,"SP Home Depot, Inc. (HD) [ST] S 07/16/2025 08/13/2025 $1,001 - $15,000 Filing Status: New Subholding Of: Charles Schwab Brokerage Account 924",,,False,100,HD,accepted,house_ptr_structure+v8_1,False,False,False,07/16/2025,False
20030891,Hon. Lisa McClain,Member,MI09,20030891.pdf,2025,322,SP,"Home Depot, Inc.","Home Depot, Inc.",HD,HD,ST,P,2024-12-11,2025-08-11,1001.0,15000.0,,"$1,001 - $15,000",valid_range,New,Charles Schwab Brokerage Account 548,,,,36,36,table,False,False,,False,0,False,True,100,True,20,False,https://disclosures-clerk.house.gov/public_disc/ptr-pdfs/2025/20030891.pdf,,,SP,"Home Depot, Inc. (HD) [ST]","Home Depot, Inc. (HD) [ST]",P,12/11/2024,08/11/2025,"$1,001 - $15,000",Filing Status: New Subholding Of: Charles Schwab Brokerage Account 548,"SP Home Depot, Inc. (HD) [ST] P 12/11/2024 08/11/2025 $1,001 - $15,000 Filing Status: New Subholding Of: Charles Schwab Brokerage Account 548",,,False,100,HD,accepted,house_ptr_structure+v8_1,False,False,False,12/11/2024,False
20030891,Hon. Lisa McClain,Member,MI09,20030891.pdf,2025,323,SP,"Home Depot, Inc.","Home Depot, Inc.",HD,HD,ST,P,2025-07-10,2025-08-13,1001.0,15000.0,,"$1,001 - $15,000",valid_range,New,Charles Schwab Brokerage Account 924,,,,36,37,table,False,False,,True,0,False,False,98,True,20,False,https://disclosures-clerk.house.gov/public_disc/ptr-pdfs/2025/20030891.pdf,,,SP,"Home Depot, Inc. (HD) [ST] Filing Status: New","Home Depot, Inc. (HD) [ST] Subholding Of: Charles Schwab Brokerage Account 924",P,07/10/2025,08/13/2025,"$1,001 - $15,000",Subholding Of: Charles Schwab Brokerage Account 924,"SP Home Depot, Inc. (HD) [ST] P 07/10/2025 08/13/2025 $1,001 - $15,000 Filing Status: New Subholding Of: Charles Schwab Brokerage Account 924",,,False,98,HD,accepted,house_ptr_structure+v8_1,False,False,False,07/10/2025,False
20030891,Hon. Lisa McClain,Member,MI09,20030891.pdf,2025,324,SP,"Honda Motor Company, Ltd. Common Stock","Honda Motor Company, Ltd. Common Stock",HMC,HMC,ST,P,2025-06-24,2025-08-13,1001.0,15000.0,,"$1,001 - $15,000",valid_range,New,Charles Schwab Brokerage Account 924,,,,37,37,table,False,False,,False,0,False,True,100,True,20,False,https://disclosures-clerk.house.gov/public_disc/ptr-pdfs/2025/20030891.pdf,,,SP,"Honda Motor Company, Ltd. Common Stock (HMC) [ST]","Honda Motor Company, Ltd. Common Stock (HMC) [ST]",P,06/24/2025,08/13/2025,"$1,001 - $15,000",Filing Status: New Subholding Of: Charles Schwab Brokerage Account 924,"SP Honda Motor Company, Ltd. Common Stock (HMC) [ST] P 06/24/2025 08/13/2025 $1,001 - $15,000 Filing Status: New Subholding Of: Charles Schwab Brokerage Account 924",,,False,100,HMC,accepted,house_ptr_structure+v8_1,False,False,False,06/24/2025,False
20030891,Hon. Lisa McClain,Member,MI09,20030891.pdf,2025,325,SP,Honeywell International Inc.,Honeywell International Inc.,HON,HON,ST,P,2025-06-17,2025-08-13,1001.0,15000.0,,"$1,001 - $15,000",valid_range,New,Charles Schwab Brokerage Account 924,,,,37,37,table,False,False,,False,0,False,False,100,True,20,False,https://disclosures-clerk.house.gov/public_disc/ptr-pdfs/2025/20030891.pdf,,,SP,Honeywell International Inc. (HON) [ST] Filing Status: New Subholding Of: Charles Schwab Brokera,Honeywell International Inc. (HON) [ST],P age Account 924,06/17/2025,08/13/2025,"$1,001 - $15,000",,"SP Honeywell International Inc. (HON) [ST] P 06/17/2025 08/13/2025 $1,001 - $15,000 Filing Status: New Subholding Of: Charles Schwab Brokerage Account 924",,,False,100,HON,accepted,house_ptr_structure+v8_1,False,False,False,06/17/2025,False
20030891,Hon. Lisa McClain,Member,MI09,20030891.pdf,2025,326,SP,Horace Mann Educators Corporation Common Stock,Horace Mann Educators Corporation Common Stock,HMN,HMN,ST,S,2025-06-11,2025-08-13,1001.0,15000.0,,"$1,001 - $15,000",valid_range,New,Charles Schwab Brokerage Account 924,,,,37,37,table,False,False,,False,0,False,True,100,True,20,False,https://disclosures-clerk.house.gov/public_disc/ptr-pdfs/2025/20030891.pdf,,,SP,Horace Mann Educators Corporation Common Stock (HMN) [ST],Horace Mann Educators Corporation Common Stock (HMN) [ST],S,06/11/2025,08/13/2025,"$1,001 - $15,000",Filing Status: New Subholding Of: Charles Schwab Brokerage Account 924,"SP Horace Mann Educators Corporation Common Stock (HMN) [ST] S 06/11/2025 08/13/2025 $1,001 - $15,000 Filing Status: New Subholding Of: Charles Schwab Brokerage Account 924",,,False,100,HMN,accepted,house_ptr_structure+v8_1,False,False,False,06/11/2025,False
20030891,Hon. Lisa McClain,Member,MI09,20030891.pdf,2025,327,SP,Horace Mann Educators Corporation Common Stock,Horace Mann Educators Corporation Common Stock,HMN,HMN,ST,P,2025-06-09,2025-08-13,1001.0,15000.0,,"$1,001 - $15,000",valid_range,New,Charles Schwab Brokerage Account 924,,,,37,37,table,False,False,,False,0,False,False,100,True,20,False,https://disclosures-clerk.house.gov/public_disc/ptr-pdfs/2025/20030891.pdf,,,SP,Horace Mann Educators Corporation Common Stock (HMN) [ST] Filing Status: New Subholding Of: Charles Schwab Brokera,Horace Mann Educators Corporation Common Stock (HMN) [ST],P age Account 924,06/09/2025,08/13/2025,"$1,001 - $15,000",,"SP Horace Mann Educators Corporation Common Stock (HMN) [ST] P 06/09/2025 08/13/2025 $1,001 - $15,000 Filing Status: New Subholding Of: Charles Schwab Brokerage Account 924",,,False,100,HMN,accepted,house_ptr_structure+v8_1,False,False,False,06/09/2025,False
20030891,Hon. Lisa McClain,Member,MI09,20030891.pdf,2025,328,SP,Hormel Foods Corporation Common Stock,Hormel Foods Corporation Common Stock,HRL,HRL,ST,S,2025-07-22,2025-08-13,1001.0,15000.0,,"$1,001 - $15,000",valid_range,New,Charles Schwab Brokerage Account 924,,,,37,37,table,False,False,,False,0,False,True,100,True,20,False,https://disclosures-clerk.house.gov/public_disc/ptr-pdfs/2025/20030891.pdf,,,SP,Hormel Foods Corporation Common Stock (HRL) [ST],Hormel Foods Corporation Common Stock (HRL) [ST],S,07/22/2025,08/13/2025,"$1,001 - $15,000",Filing Status: New Subholding Of: Charles Schwab Brokerage Account 924,"SP Hormel Foods Corporation Common Stock (HRL) [ST] S 07/22/2025 08/13/2025 $1,001 - $15,000 Filing Status: New Subholding Of: Charles Schwab Brokerage Account 924",,,False,100,HRL,accepted,house_ptr_structure+v8_1,False,False,False,07/22/2025,False
20030891,Hon. Lisa McClain,Member,MI09,20030891.pdf,2025,329,SP,Hormel Foods Corporation Common Stock,Hormel Foods Corporation Common Stock,HRL,HRL,ST,P,2025-07-16,2025-08-13,1001.0,15000.0,,"$1,001 - $15,000",valid_range,New,Charles Schwab Brokerage Account 924,,,,37,37,table,False,False,,False,0,False,False,100,True,20,False,https://disclosures-clerk.house.gov/public_disc/ptr-pdfs/2025/20030891.pdf,,,SP,Hormel Foods Corporation Common Stock (HRL) [ST] Filing Status: New Subholding Of: Charles Schwab Brokera,Hormel Foods Corporation Common Stock (HRL) [ST],P age Account 924,07/16/2025,08/13/2025,"$1,001 - $15,000",,"SP Hormel Foods Corporation Common Stock (HRL) [ST] P 07/16/2025 08/13/2025 $1,001 - $15,000 Filing Status: New Subholding Of: Charles Schwab Brokerage Account 924",,,False,100,HRL,accepted,house_ptr_structure+v8_1,False,False,False,07/16/2025,False
20030891,Hon. Lisa McClain,Member,MI09,20030891.pdf,2025,330,SP,Howmet Aerospace Inc. Common Stock,Howmet Aerospace Inc. Common Stock,HWM,HWM,ST,P,2024-12-11,2025-08-11,1001.0,15000.0,,"$1,001 - $15,000",valid_range,New,Charles Schwab Brokerage Account 548,,,,37,37,table,False,False,,False,0,False,True,100,True,20,False,https://disclosures-clerk.house.gov/public_disc/ptr-pdfs/2025/20030891.pdf,,,SP,Howmet Aerospace Inc. Common Stock (HWM) [ST],Howmet Aerospace Inc. Common Stock (HWM) [ST],P,12/11/2024,08/11/2025,"$1,001 - $15,000",Filing Status: New Subholding Of: Charles Schwab Brokerage Account 548,"SP Howmet Aerospace Inc. Common Stock (HWM) [ST] P 12/11/2024 08/11/2025 $1,001 - $15,000 Filing Status: New Subholding Of: Charles Schwab Brokerage Account 548",,,False,100,HWM,accepted,house_ptr_structure+v8_1,False,False,False,12/11/2024,False
20030891,Hon. Lisa McClain,Member,MI09,20030891.pdf,2025,331,SP,"HSBC Holdings, plc. Common Stock","HSBC Holdings, plc. Common Stock",HSBC,HSBC,ST,P,2025-06-17,2025-08-13,1001.0,15000.0,,"$1,001 - $15,000",valid_range,New,Charles Schwab Brokerage Account 924,,,,37,37,table,False,False,,False,0,False,False,100,True,20,False,https://disclosures-clerk.house.gov/public_disc/ptr-pdfs/2025/20030891.pdf,,,SP,"HSBC Holdings, plc. Common Stock (HSBC) [ST] Filing Status: New Subholding Of: Charles Schwab Brokera","HSBC Holdings, plc. Common Stock (HSBC) [ST]",P age Account 924,06/17/2025,08/13/2025,"$1,001 - $15,000",,"SP HSBC Holdings, plc. Common Stock (HSBC) [ST] P 06/17/2025 08/13/2025 $1,001 - $15,000 Filing Status: New Subholding Of: Charles Schwab Brokerage Account 924",,,False,100,HSBC,accepted,house_ptr_structure+v8_1,False,False,False,06/17/2025,False
20030891,Hon. Lisa McClain,Member,MI09,20030891.pdf,2025,332,SP,"HubSpot, Inc. Common Stock","HubSpot, Inc. Common Stock",HUBS,HUBS,ST,S,2025-03-28,2025-08-13,1001.0,15000.0,,"$1,001 - $15,000",valid_range,New $200?,Charles Schwab Brokerage Account 548,,,,37,38,table,False,False,,True,0,False,True,98,True,20,False,https://disclosures-clerk.house.gov/public_disc/ptr-pdfs/2025/20030891.pdf,,,SP,"HubSpot, Inc. Common Stock (HUBS) [ST]","HubSpot, Inc. Common Stock (HUBS) [ST]",S,03/28/2025,08/13/2025,"$1,001 - $15,000",Filing Status: New $200? Subholding Of: Charles Schwab Brokerage Account 548,"SP HubSpot, Inc. Common Stock (HUBS) [ST] S 03/28/2025 08/13/2025 $1,001 - $15,000 Filing Status: New $200? Subholding Of: Charles Schwab Brokerage Account 548",,,False,98,HUBS,accepted,house_ptr_structure+v8_1,False,False,False,03/28/2025,False
20030891,Hon. Lisa McClain,Member,MI09,20030891.pdf,2025,333,SP,"HubSpot, Inc. Common Stock","HubSpot, Inc. Common Stock",HUBS,HUBS,ST,P,2025-02-21,2025-08-13,1001.0,15000.0,,"$1,001 - $15,000",valid_range,New,Charles Schwab Brokerage Account 548,,,,38,38,table,False,False,,False,0,False,False,100,True,20,False,https://disclosures-clerk.house.gov/public_disc/ptr-pdfs/2025/20030891.pdf,,,SP,"HubSpot, Inc. Common Stock (HUBS) [ST] Filing Status: New Subholding Of: Charles Schwab Brokera","HubSpot, Inc. Common Stock (HUBS) [ST]",P age Account 548,02/21/2025,08/13/2025,"$1,001 - $15,000",,"SP HubSpot, Inc. Common Stock (HUBS) [ST] P 02/21/2025 08/13/2025 $1,001 - $15,000 Filing Status: New Subholding Of: Charles Schwab Brokerage Account 548",,,False,100,HUBS,accepted,house_ptr_structure+v8_1,False,False,False,02/21/2025,False
20030891,Hon. Lisa McClain,Member,MI09,20030891.pdf,2025,334,SP,Humana Inc. Common Stock,Humana Inc. Common Stock,HUM,HUM,ST,P,2025-06-24,2025-08-13,1001.0,15000.0,,"$1,001 - $15,000",valid_range,New,Charles Schwab Brokerage Account 924,,,,38,38,table,False,False,,False,0,False,True,100,True,20,False,https://disclosures-clerk.house.gov/public_disc/ptr-pdfs/2025/20030891.pdf,,,SP,Humana Inc. Common Stock (HUM) [ST],Humana Inc. Common Stock (HUM) [ST],P,06/24/2025,08/13/2025,"$1,001 - $15,000",Filing Status: New Subholding Of: Charles Schwab Brokerage Account 924,"SP Humana Inc. Common Stock (HUM) [ST] P 06/24/2025 08/13/2025 $1,001 - $15,000 Filing Status: New Subholding Of: Charles Schwab Brokerage Account 924",,,False,100,HUM,accepted,house_ptr_structure+v8_1,False,False,False,06/24/2025,False
20030891,Hon. Lisa McClain,Member,MI09,20030891.pdf,2025,335,SP,Hyatt Hotels Corporation Class A Common Stock,Hyatt Hotels Corporation Class A Common Stock,H,H,ST,P,2025-06-17,2025-08-13,1001.0,15000.0,,"$1,001 - $15,000",valid_range,New,Charles Schwab Brokerage Account 924,,,,38,38,table,False,False,,False,0,False,False,100,True,20,False,https://disclosures-clerk.house.gov/public_disc/ptr-pdfs/2025/20030891.pdf,,,SP,Hyatt Hotels Corporation Class A Common Stock (H) [ST] Filing Status: New Subholding Of: Charles Schwab Brokera,Hyatt Hotels Corporation Class A Common Stock (H) [ST],P age Account 924,06/17/2025,08/13/2025,"$1,001 - $15,000",,"SP Hyatt Hotels Corporation Class A Common Stock (H) [ST] P 06/17/2025 08/13/2025 $1,001 - $15,000 Filing Status: New Subholding Of: Charles Schwab Brokerage Account 924",,,False,100,H,accepted,house_ptr_structure+v8_1,False,False,False,06/17/2025,False
20030891,Hon. Lisa McClain,Member,MI09,20030891.pdf,2025,336,SP,ICICI Bank Limited Common Stock,ICICI Bank Limited Common Stock,IBN,IBN,ST,P,2025-06-24,2025-08-13,1001.0,15000.0,,"$1,001 - $15,000",valid_range,New,Charles Schwab Brokerage Account 924,,,,38,38,table,False,False,,False,0,False,True,100,True,20,False,https://disclosures-clerk.house.gov/public_disc/ptr-pdfs/2025/20030891.pdf,,,SP,ICICI Bank Limited Common Stock (IBN) [ST],ICICI Bank Limited Common Stock (IBN) [ST],P,06/24/2025,08/13/2025,"$1,001 - $15,000",Filing Status: New Subholding Of: Charles Schwab Brokerage Account 924,"SP ICICI Bank Limited Common Stock (IBN) [ST] P 06/24/2025 08/13/2025 $1,001 - $15,000 Filing Status: New Subholding Of: Charles Schwab Brokerage Account 924",,,False,100,IBN,accepted,house_ptr_structure+v8_1,False,False,False,06/24/2025,False
20030891,Hon. Lisa McClain,Member,MI09,20030891.pdf,2025,337,SP,Illinois Tool Works Inc. Common Stock,Illinois Tool Works Inc. Common Stock,ITW,ITW,ST,P,2025-06-17,2025-08-13,1001.0,15000.0,,"$1,001 - $15,000",valid_range,New,Charles Schwab Brokerage Account 924,,,,38,38,table,False,False,,False,0,False,False,100,True,20,False,https://disclosures-clerk.house.gov/public_disc/ptr-pdfs/2025/20030891.pdf,,,SP,Illinois Tool Works Inc. Common Stock (ITW) [ST] Filing Status: New Subholding Of: Charles Schwab Brokera,Illinois Tool Works Inc. Common Stock (ITW) [ST],P age Account 924,06/17/2025,08/13/2025,"$1,001 - $15,000",,"SP Illinois Tool Works Inc. Common Stock (ITW) [ST] P 06/17/2025 08/13/2025 $1,001 - $15,000 Filing Status: New Subholding Of: Charles Schwab Brokerage Account 924",,,False,100,ITW,accepted,house_ptr_structure+v8_1,False,False,False,06/17/2025,False
20030891,Hon. Lisa McClain,Member,MI09,20030891.pdf,2025,338,SP,"Illumina, Inc. - Common Stock","Illumina, Inc. - Common Stock",ILMN,ILMN,ST,P,2025-06-09,2025-08-13,1001.0,15000.0,,"$1,001 - $15,000",valid_range,New,Charles Schwab Brokerage Account 924,,,,38,38,table,False,False,,False,0,False,True,100,True,20,False,https://disclosures-clerk.house.gov/public_disc/ptr-pdfs/2025/20030891.pdf,,,SP,"Illumina, Inc. - Common Stock (ILMN) [ST]","Illumina, Inc. - Common Stock (ILMN) [ST]",P,06/09/2025,08/13/2025,"$1,001 - $15,000",Filing Status: New Subholding Of: Charles Schwab Brokerage Account 924,"SP Illumina, Inc. - Common Stock (ILMN) [ST] P 06/09/2025 08/13/2025 $1,001 - $15,000 Filing Status: New Subholding Of: Charles Schwab Brokerage Account 924",,,False,100,ILMN,accepted,house_ptr_structure+v8_1,False,False,False,06/09/2025,False
20030891,Hon. Lisa McClain,Member,MI09,20030891.pdf,2025,339,SP,"Independence Realty Trust, Inc. Common Stock","Independence Realty Trust, Inc. Common Stock",IRT,IRT,ST,P,2025-06-11,2025-08-13,1001.0,15000.0,,"$1,001 - $15,000",valid_range,New,Charles Schwab Brokerage Account 924,,,,38,38,table,False,False,,False,0,False,False,100,True,20,False,https://disclosures-clerk.house.gov/public_disc/ptr-pdfs/2025/20030891.pdf,,,SP,"Independence Realty Trust, Inc. Common Stock (IRT) [ST] Filing Status: New Subholding Of: Charles Schwab Brokera","Independence Realty Trust, Inc. Common Stock (IRT) [ST]",P age Account 924,06/11/2025,08/13/2025,"$1,001 - $15,000",,"SP Independence Realty Trust, Inc. Common Stock (IRT) [ST] P 06/11/2025 08/13/2025 $1,001 - $15,000 Filing Status: New Subholding Of: Charles Schwab Brokerage Account 924",,,False,100,IRT,accepted,house_ptr_structure+v8_1,False,False,False,06/11/2025,False
20030891,Hon. Lisa McClain,Member,MI09,20030891.pdf,2025,340,SP,"Independence Realty Trust, Inc. Common Stock","Independence Realty Trust, Inc. Common Stock",IRT,IRT,ST,S,2025-06-17,2025-08-13,1001.0,15000.0,,"$1,001 - $15,000",valid_range,New,Charles Schwab Brokerage Account 924,,,,38,38,table,False,False,,False,0,False,True,100,True,20,False,https://disclosures-clerk.house.gov/public_disc/ptr-pdfs/2025/20030891.pdf,,,SP,"Independence Realty Trust, Inc. Common Stock (IRT) [ST]","Independence Realty Trust, Inc. Common Stock (IRT) [ST]",S,06/17/2025,08/13/2025,"$1,001 - $15,000",Filing Status: New Subholding Of: Charles Schwab Brokerage Account 924,"SP Independence Realty Trust, Inc. Common Stock (IRT) [ST] S 06/17/2025 08/13/2025 $1,001 - $15,000 Filing Status: New Subholding Of: Charles Schwab Brokerage Account 924",,,False,100,IRT,accepted,house_ptr_structure+v8_1,False,False,False,06/17/2025,False
20030891,Hon. Lisa McClain,Member,MI09,20030891.pdf,2025,341,SP,Infosys Limited American Depositary Shares,Infosys Limited American Depositary Shares,INFY,INFY,ST,S,2025-06-24,2025-08-13,1001.0,15000.0,,"$1,001 - $15,000",valid_range,New,Charles Schwab Brokerage Account 924,,,,38,39,table,False,False,,True,0,False,False,98,True,20,False,https://disclosures-clerk.house.gov/public_disc/ptr-pdfs/2025/20030891.pdf,,,SP,Infosys Limited American Depositary Shares (INFY) [ST] Filing Status: New,Infosys Limited American Depositary Shares (INFY) [ST] Subholding Of: Charles Schwab Brokerage Account 924,S,06/24/2025,08/13/2025,"$1,001 - $15,000",Subholding Of: Charles Schwab Brokerage Account 924,"SP Infosys Limited American Depositary Shares (INFY) [ST] S 06/24/2025 08/13/2025 $1,001 - $15,000 Filing Status: New Subholding Of: Charles Schwab Brokerage Account 924",,,False,98,INFY,accepted,house_ptr_structure+v8_1,False,False,False,06/24/2025,False
20030891,Hon. Lisa McClain,Member,MI09,20030891.pdf,2025,342,SP,Infosys Limited American Depositary Shares,Infosys Limited American Depositary Shares,INFY,INFY,ST,P,2025-06-17,2025-08-13,1001.0,15000.0,,"$1,001 - $15,000",valid_range,New,Charles Schwab Brokerage Account 924,,,,39,39,table,False,False,,False,0,False,True,100,True,20,False,https://disclosures-clerk.house.gov/public_disc/ptr-pdfs/2025/20030891.pdf,,,SP,Infosys Limited American Depositary Shares (INFY) [ST],Infosys Limited American Depositary Shares (INFY) [ST],P,06/17/2025,08/13/2025,"$1,001 - $15,000",Filing Status: New Subholding Of: Charles Schwab Brokerage Account 924,"SP Infosys Limited American Depositary Shares (INFY) [ST] P 06/17/2025 08/13/2025 $1,001 - $15,000 Filing Status: New Subholding Of: Charles Schwab Brokerage Account 924",,,False,100,INFY,accepted,house_ptr_structure+v8_1,False,False,False,06/17/2025,False
20030891,Hon. Lisa McClain,Member,MI09,20030891.pdf,2025,343,SP,"ING Group, N.V. Common Stock","ING Group, N.V. Common Stock",ING,ING,ST,P,2025-06-24,2025-08-13,1001.0,15000.0,,"$1,001 - $15,000",valid_range,New,Charles Schwab Brokerage Account 924,,,,39,39,table,False,False,,False,0,False,False,100,True,20,False,https://disclosures-clerk.house.gov/public_disc/ptr-pdfs/2025/20030891.pdf,,,SP,"ING Group, N.V. Common Stock (ING) [ST] Filing Status: New Subholding Of: Charles Schwab Brokera","ING Group, N.V. Common Stock (ING) [ST]",P age Account 924,06/24/2025,08/13/2025,"$1,001 - $15,000",,"SP ING Group, N.V. Common Stock (ING) [ST] P 06/24/2025 08/13/2025 $1,001 - $15,000 Filing Status: New Subholding Of: Charles Schwab Brokerage Account 924",,,False,100,ING,accepted,house_ptr_structure+v8_1,False,False,False,06/24/2025,False
20030891,Hon. Lisa McClain,Member,MI09,20030891.pdf,2025,344,SP,Ingredion Incorporated Common Stock,Ingredion Incorporated Common Stock,INGR,INGR,ST,S,2025-07-10,2025-08-13,1001.0,15000.0,,"$1,001 - $15,000",valid_range,New,Charles Schwab Brokerage Account 924,,,,39,39,table,False,False,,False,0,False,True,100,True,20,False,https://disclosures-clerk.house.gov/public_disc/ptr-pdfs/2025/20030891.pdf,,,SP,Ingredion Incorporated Common Stock (INGR) [ST],Ingredion Incorporated Common Stock (INGR) [ST],S,07/10/2025,08/13/2025,"$1,001 - $15,000",Filing Status: New Subholding Of: Charles Schwab Brokerage Account 924,"SP Ingredion Incorporated Common Stock (INGR) [ST] S 07/10/2025 08/13/2025 $1,001 - $15,000 Filing Status: New Subholding Of: Charles Schwab Brokerage Account 924",,,False,100,INGR,accepted,house_ptr_structure+v8_1,False,False,False,07/10/2025,False
20030891,Hon. Lisa McClain,Member,MI09,20030891.pdf,2025,345,SP,Ingredion Incorporated Common Stock,Ingredion Incorporated Common Stock,INGR,INGR,ST,P,2025-06-24,2025-08-13,1001.0,15000.0,,"$1,001 - $15,000",valid_range,New,Charles Schwab Brokerage Account 924,,,,39,39,table,False,False,,False,0,False,False,100,True,20,False,https://disclosures-clerk.house.gov/public_disc/ptr-pdfs/2025/20030891.pdf,,,SP,Ingredion Incorporated Common Stock (INGR) [ST] Filing Status: New Subholding Of: Charles Schwab Brokera,Ingredion Incorporated Common Stock (INGR) [ST],P age Account 924,06/24/2025,08/13/2025,"$1,001 - $15,000",,"SP Ingredion Incorporated Common Stock (INGR) [ST] P 06/24/2025 08/13/2025 $1,001 - $15,000 Filing Status: New Subholding Of: Charles Schwab Brokerage Account 924",,,False,100,INGR,accepted,house_ptr_structure+v8_1,False,False,False,06/24/2025,False
20030891,Hon. Lisa McClain,Member,MI09,20030891.pdf,2025,346,SP,"Interactive Brokers Group, Inc. - Class A Common Stock","Interactive Brokers Group, Inc. - Class A Common Stock",IBKR,IBKR,ST,S,2025-06-24,2025-08-13,1001.0,15000.0,,"$1,001 - $15,000",valid_range,New,Charles Schwab Brokerage Account 924,,,,39,39,table,False,False,,False,0,False,True,100,True,20,False,https://disclosures-clerk.house.gov/public_disc/ptr-pdfs/2025/20030891.pdf,,,SP,"Interactive Brokers Group, Inc. - Class A Common Stock (IBKR) [ST]","Interactive Brokers Group, Inc. - Class A Common Stock (IBKR) [ST]",S,06/24/2025,08/13/2025,"$1,001 - $15,000",Filing Status: New Subholding Of: Charles Schwab Brokerage Account 924,"SP Interactive Brokers Group, Inc. - Class A Common Stock (IBKR) [ST] S 06/24/2025 08/13/2025 $1,001 - $15,000 Filing Status: New Subholding Of: Charles Schwab Brokerage Account 924",,,False,100,IBKR,accepted,house_ptr_structure+v8_1,False,False,False,06/24/2025,False
20030891,Hon. Lisa McClain,Member,MI09,20030891.pdf,2025,347,SP,"Interactive Brokers Group, Inc. - Class A Common Stock","Interactive Brokers Group, Inc. - Class A Common Stock",IBKR,IBKR,ST,P,2025-06-17,2025-08-13,1001.0,15000.0,,"$1,001 - $15,000",valid_range,New,Charles Schwab Brokerage Account 924,,,,39,39,table,False,False,,False,0,False,False,100,True,20,False,https://disclosures-clerk.house.gov/public_disc/ptr-pdfs/2025/20030891.pdf,,,SP,"Interactive Brokers Group, Inc. - Class A Common Stock (IBKR) [ST] Filing Status: New Subholding Of: Charles Schwab Brokera","Interactive Brokers Group, Inc. - Class A Common Stock (IBKR) [ST]",P age Account 924,06/17/2025,08/13/2025,"$1,001 - $15,000",,"SP Interactive Brokers Group, Inc. - Class A Common Stock (IBKR) [ST] P 06/17/2025 08/13/2025 $1,001 - $15,000 Filing Status: New Subholding Of: Charles Schwab Brokerage Account 924",,,False,100,IBKR,accepted,house_ptr_structure+v8_1,False,False,False,06/17/2025,False
20030891,Hon. Lisa McClain,Member,MI09,20030891.pdf,2025,348,SP,International Business Machines Corporation Common Stock,International Business Machines Corporation Common Stock,IBM,IBM,ST,P,2025-06-17,2025-08-13,1001.0,15000.0,,"$1,001 - $15,000",valid_range,New,Charles Schwab Brokerage Account 924,,,,39,39,table,False,False,,False,0,False,True,100,True,20,False,https://disclosures-clerk.house.gov/public_disc/ptr-pdfs/2025/20030891.pdf,,,SP,International Business Machines Corporation Common Stock (IBM) [ST],International Business Machines Corporation Common Stock (IBM) [ST],P,06/17/2025,08/13/2025,"$1,001 - $15,000",Filing Status: New Subholding Of: Charles Schwab Brokerage Account 924,"SP International Business Machines Corporation Common Stock (IBM) [ST] P 06/17/2025 08/13/2025 $1,001 - $15,000 Filing Status: New Subholding Of: Charles Schwab Brokerage Account 924",,,False,100,IBM,accepted,house_ptr_structure+v8_1,False,False,False,06/17/2025,False
20030891,Hon. Lisa McClain,Member,MI09,20030891.pdf,2025,349,SP,International Business Machines Corporation Common Stock,International Business Machines Corporation Common Stock,IBM,IBM,ST,S,2025-07-16,2025-08-13,1001.0,15000.0,,"$1,001 - $15,000",valid_range,New,Charles Schwab Brokerage Account 924,,,,39,39,table,False,False,,False,0,False,False,100,True,20,False,https://disclosures-clerk.house.gov/public_disc/ptr-pdfs/2025/20030891.pdf,,,SP,International Business Machines Corporation Common Stock (IBM) [ST] Filing Status: New Subholding Of: Charles Schwab Brokera,International Business Machines Corporation Common Stock (IBM) [ST],S age Account 924,07/16/2025,08/13/2025,"$1,001 - $15,000",,"SP International Business Machines Corporation Common Stock (IBM) [ST] S 07/16/2025 08/13/2025 $1,001 - $15,000 Filing Status: New Subholding Of: Charles Schwab Brokerage Account 924",,,False,100,IBM,accepted,house_ptr_structure+v8_1,False,False,False,07/16/2025,False
20030891,Hon. Lisa McClain,Member,MI09,20030891.pdf,2025,350,SP,Intuit Inc. - Common Stock,Intuit Inc. - Common Stock,INTU,INTU,ST,S,2025-06-24,2025-08-13,1001.0,15000.0,,"$1,001 - $15,000",valid_range,New,Charles Schwab Brokerage Account 924,,,,39,40,table,False,False,,True,0,False,True,98,True,20,False,https://disclosures-clerk.house.gov/public_disc/ptr-pdfs/2025/20030891.pdf,,,SP,Intuit Inc. - Common Stock (INTU) [ST],Intuit Inc. - Common Stock (INTU) [ST] ID Owner Asset Transaction Type Date Notification Date Amount Cap. Gains > $200?,S,06/24/2025,08/13/2025,"$1,001 - $15,000",ID Owner Asset Transaction Type Date Notification Date Amount Cap. Gains > $200? Filing Status: New Subholding Of: Charles Schwab Brokerage Account 924,"SP Intuit Inc. - Common Stock (INTU) [ST] S 06/24/2025 08/13/2025 $1,001 - $15,000 ID Owner Asset Transaction Type Date Notification Date Amount Cap. Gains > $200? Filing Status: New Subholding Of: Charles Schwab Brokerage Account 924",,,False,98,INTU,accepted,house_ptr_structure+v8_1,False,False,False,06/24/2025,False
20030891,Hon. Lisa McClain,Member,MI09,20030891.pdf,2025,351,SP,Intuit Inc. - Common Stock,Intuit Inc. - Common Stock,INTU,INTU,ST,P,2025-06-17,2025-08-13,1001.0,15000.0,,"$1,001 - $15,000",valid_range,New,Charles Schwab Brokerage Account 924,,,,40,40,table,False,False,,False,0,False,False,100,True,20,False,https://disclosures-clerk.house.gov/public_disc/ptr-pdfs/2025/20030891.pdf,,,SP,Intuit Inc. - Common Stock (INTU) [ST] Filing Status: New Subholding Of: Charles Schwab Brokera,Intuit Inc. - Common Stock (INTU) [ST],P age Account 924,06/17/2025,08/13/2025,"$1,001 - $15,000",,"SP Intuit Inc. - Common Stock (INTU) [ST] P 06/17/2025 08/13/2025 $1,001 - $15,000 Filing Status: New Subholding Of: Charles Schwab Brokerage Account 924",,,False,100,INTU,accepted,house_ptr_structure+v8_1,False,False,False,06/17/2025,False
20030891,Hon. Lisa McClain,Member,MI09,20030891.pdf,2025,352,SP,Intuit Inc. - Common Stock,Intuit Inc. - Common Stock,INTU,INTU,ST,S,2025-02-14,2025-08-13,1001.0,15000.0,,"$1,001 - $15,000",valid_range,New,Charles Schwab Brokerage Account 548,,,,40,40,table,False,False,,False,0,False,True,100,True,20,False,https://disclosures-clerk.house.gov/public_disc/ptr-pdfs/2025/20030891.pdf,,,SP,Intuit Inc. - Common Stock (INTU) [ST],Intuit Inc. - Common Stock (INTU) [ST],S,02/14/2025,08/13/2025,"$1,001 - $15,000",Filing Status: New Subholding Of: Charles Schwab Brokerage Account 548,"SP Intuit Inc. - Common Stock (INTU) [ST] S 02/14/2025 08/13/2025 $1,001 - $15,000 Filing Status: New Subholding Of: Charles Schwab Brokerage Account 548",,,False,100,INTU,accepted,house_ptr_structure+v8_1,False,False,False,02/14/2025,False
20030891,Hon. Lisa McClain,Member,MI09,20030891.pdf,2025,353,SP,Intuit Inc. - Common Stock,Intuit Inc. - Common Stock,INTU,INTU,ST,P,2024-12-11,2025-08-11,1001.0,15000.0,,"$1,001 - $15,000",valid_range,New,Charles Schwab Brokerage Account 548,,,,40,40,table,False,False,,False,0,False,False,100,True,20,False,https://disclosures-clerk.house.gov/public_disc/ptr-pdfs/2025/20030891.pdf,,,SP,Intuit Inc. - Common Stock (INTU) [ST] Filing Status: New Subholding Of: Charles Schwab Brokera,Intuit Inc. - Common Stock (INTU) [ST],P age Account 548,12/11/2024,08/11/2025,"$1,001 - $15,000",,"SP Intuit Inc. - Common Stock (INTU) [ST] P 12/11/2024 08/11/2025 $1,001 - $15,000 Filing Status: New Subholding Of: Charles Schwab Brokerage Account 548",,,False,100,INTU,accepted,house_ptr_structure+v8_1,False,False,False,12/11/2024,False
20030891,Hon. Lisa McClain,Member,MI09,20030891.pdf,2025,354,SP,"Intuitive Surgical, Inc. - Common Stock","Intuitive Surgical, Inc. - Common Stock",ISRG,ISRG,ST,P,2024-12-11,2025-08-11,1001.0,15000.0,,"$1,001 - $15,000",valid_range,New,Charles Schwab Brokerage Account 548,,,,40,40,table,False,False,,False,0,False,True,100,True,20,False,https://disclosures-clerk.house.gov/public_disc/ptr-pdfs/2025/20030891.pdf,,,SP,"Intuitive Surgical, Inc. - Common Stock (ISRG) [ST]","Intuitive Surgical, Inc. - Common Stock (ISRG) [ST]",P,12/11/2024,08/11/2025,"$1,001 - $15,000",Filing Status: New Subholding Of: Charles Schwab Brokerage Account 548,"SP Intuitive Surgical, Inc. - Common Stock (ISRG) [ST] P 12/11/2024 08/11/2025 $1,001 - $15,000 Filing Status: New Subholding Of: Charles Schwab Brokerage Account 548",,,False,100,ISRG,accepted,house_ptr_structure+v8_1,False,False,False,12/11/2024,False
20030891,Hon. Lisa McClain,Member,MI09,20030891.pdf,2025,355,SP,"Intuitive Surgical, Inc. - Common Stock","Intuitive Surgical, Inc. - Common Stock",ISRG,ISRG,ST,S (partial),2025-06-09,2025-08-13,1001.0,15000.0,,"$1,001 - $15,000",valid_range,New,Charles Schwab Brokerage Account 924,,,,40,40,table,False,False,,False,0,False,False,100,True,20,False,https://disclosures-clerk.house.gov/public_disc/ptr-pdfs/2025/20030891.pdf,,,SP,"Intuitive Surgical, Inc. - Common Stock (ISRG) [ST] Filing Status: New Subholding Of: Charles Schwab Brokera","Intuitive Surgical, Inc. - Common Stock (ISRG) [ST]",S (partial) age Account 924,06/09/2025,08/13/2025,"$1,001 - $15,000",,"SP Intuitive Surgical, Inc. - Common Stock (ISRG) [ST] S (partial) 06/09/2025 08/13/2025 $1,001 - $15,000 Filing Status: New Subholding Of: Charles Schwab Brokerage Account 924",,,False,100,ISRG,accepted,house_ptr_structure+v8_1,False,False,False,06/09/2025,False
20030891,Hon. Lisa McClain,Member,MI09,20030891.pdf,2025,356,SP,"Intuitive Surgical, Inc. - Common Stock","Intuitive Surgical, Inc. - Common Stock",ISRG,ISRG,ST,S,2025-07-16,2025-08-13,1001.0,15000.0,,"$1,001 - $15,000",valid_range,New,Charles Schwab Brokerage Account 924,,,,40,40,table,False,False,,False,0,False,True,100,True,20,False,https://disclosures-clerk.house.gov/public_disc/ptr-pdfs/2025/20030891.pdf,,,SP,"Intuitive Surgical, Inc. - Common Stock (ISRG) [ST]","Intuitive Surgical, Inc. - Common Stock (ISRG) [ST]",S,07/16/2025,08/13/2025,"$1,001 - $15,000",Filing Status: New Subholding Of: Charles Schwab Brokerage Account 924,"SP Intuitive Surgical, Inc. - Common Stock (ISRG) [ST] S 07/16/2025 08/13/2025 $1,001 - $15,000 Filing Status: New Subholding Of: Charles Schwab Brokerage Account 924",,,False,100,ISRG,accepted,house_ptr_structure+v8_1,False,False,False,07/16/2025,False
20030891,Hon. Lisa McClain,Member,MI09,20030891.pdf,2025,357,SP,"Intuitive Surgical, Inc. - Common Stock","Intuitive Surgical, Inc. - Common Stock",ISRG,ISRG,ST,P,2025-07-10,2025-08-13,1001.0,15000.0,,"$1,001 - $15,000",valid_range,New,Charles Schwab Brokerage Account 924,,,,40,40,table,False,False,,False,0,False,False,100,True,20,False,https://disclosures-clerk.house.gov/public_disc/ptr-pdfs/2025/20030891.pdf,,,SP,"Intuitive Surgical, Inc. - Common Stock (ISRG) [ST] Filing Status: New Subholding Of: Charles Schwab Brokera","Intuitive Surgical, Inc. - Common Stock (ISRG) [ST]",P age Account 924,07/10/2025,08/13/2025,"$1,001 - $15,000",,"SP Intuitive Surgical, Inc. - Common Stock (ISRG) [ST] P 07/10/2025 08/13/2025 $1,001 - $15,000 Filing Status: New Subholding Of: Charles Schwab Brokerage Account 924",,,False,100,ISRG,accepted,house_ptr_structure+v8_1,False,False,False,07/10/2025,False
20030891,Hon. Lisa McClain,Member,MI09,20030891.pdf,2025,358,SP,ITT Inc. Common Stock,ITT Inc. Common Stock,ITT,ITT,ST,P,2025-06-17,2025-08-13,1001.0,15000.0,,"$1,001 - $15,000",valid_range,New,Charles Schwab Brokerage Account 924,,,,40,40,table,False,False,,False,0,False,True,100,True,20,False,https://disclosures-clerk.house.gov/public_disc/ptr-pdfs/2025/20030891.pdf,,,SP,ITT Inc. Common Stock (ITT) [ST],ITT Inc. Common Stock (ITT) [ST],P,06/17/2025,08/13/2025,"$1,001 - $15,000",Filing Status: New Subholding Of: Charles Schwab Brokerage Account 924,"SP ITT Inc. Common Stock (ITT) [ST] P 06/17/2025 08/13/2025 $1,001 - $15,000 Filing Status: New Subholding Of: Charles Schwab Brokerage Account 924",,,False,100,ITT,accepted,house_ptr_structure+v8_1,False,False,False,06/17/2025,False
20030891,Hon. Lisa McClain,Member,MI09,20030891.pdf,2025,359,SP,"Jack Henry & Associates, Inc. - Common Stock","Jack Henry & Associates, Inc. - Common Stock",JKHY,JKHY,ST,S,2025-07-16,2025-08-13,1001.0,15000.0,,"$1,001 - $15,000",valid_range,New,Charles Schwab Brokerage Account 924,,,,40,41,table,False,False,,True,0,False,False,98,True,20,False,https://disclosures-clerk.house.gov/public_disc/ptr-pdfs/2025/20030891.pdf,,,SP,"Jack Henry & Associates, Inc. - Common Stock (JKHY) [ST]","Jack Henry & Associates, Inc. - Common Stock (JKHY) [ST]",S,07/16/2025,08/13/2025,"$1,001 - $15,000",Filing Status: New Subholding Of: Charles Schwab Brokerage Account 924,"SP Jack Henry & Associates, Inc. - Common Stock (JKHY) [ST] S 07/16/2025 08/13/2025 $1,001 - $15,000 Filing Status: New Subholding Of: Charles Schwab Brokerage Account 924",,,False,98,JKHY,accepted,house_ptr_structure+v8_1,False,False,False,07/16/2025,False
20030891,Hon. Lisa McClain,Member,MI09,20030891.pdf,2025,360,SP,"Jack Henry & Associates, Inc. - Common Stock","Jack Henry & Associates, Inc. - Common Stock",JKHY,JKHY,ST,P,2025-07-10,2025-08-13,1001.0,15000.0,,"$1,001 - $15,000",valid_range,New,Charles Schwab Brokerage Account 924,,,,41,41,table,False,False,,False,0,False,True,100,True,20,False,https://disclosures-clerk.house.gov/public_disc/ptr-pdfs/2025/20030891.pdf,,,SP,"Jack Henry & Associates, Inc. - Common Stock (JKHY) [ST]","Jack Henry & Associates, Inc. - Common Stock (JKHY) [ST]",P,07/10/2025,08/13/2025,"$1,001 - $15,000",Filing Status: New Subholding Of: Charles Schwab Brokerage Account 924,"SP Jack Henry & Associates, Inc. - Common Stock (JKHY) [ST] P 07/10/2025 08/13/2025 $1,001 - $15,000 Filing Status: New Subholding Of: Charles Schwab Brokerage Account 924",,,False,100,JKHY,accepted,house_ptr_structure+v8_1,False,False,False,07/10/2025,False
20030891,Hon. Lisa McClain,Member,MI09,20030891.pdf,2025,361,SP,"JD.com, Inc. - American Depositary Shares","JD.com, Inc. - American Depositary Shares",JD,JD,ST,S,2025-06-24,2025-08-13,1001.0,15000.0,,"$1,001 - $15,000",valid_range,New,Charles Schwab Brokerage Account 924,,,,41,41,table,False,False,,False,0,False,False,100,True,20,False,https://disclosures-clerk.house.gov/public_disc/ptr-pdfs/2025/20030891.pdf,,,SP,"JD.com, Inc. - American Depositary Shares (JD) [ST] Filing Status: New Subholding Of: Charles Schwab Brokera","JD.com, Inc. - American Depositary Shares (JD) [ST]",S age Account 924,06/24/2025,08/13/2025,"$1,001 - $15,000",,"SP JD.com, Inc. - American Depositary Shares (JD) [ST] S 06/24/2025 08/13/2025 $1,001 - $15,000 Filing Status: New Subholding Of: Charles Schwab Brokerage Account 924",,,False,100,JD,accepted,house_ptr_structure+v8_1,False,False,False,06/24/2025,False
20030891,Hon. Lisa McClain,Member,MI09,20030891.pdf,2025,362,SP,"JD.com, Inc. - American Depositary Shares","JD.com, Inc. - American Depositary Shares",JD,JD,ST,P,2025-06-17,2025-08-13,1001.0,15000.0,,"$1,001 - $15,000",valid_range,New,Charles Schwab Brokerage Account 924,,,,41,41,table,False,False,,False,0,False,True,100,True,20,False,https://disclosures-clerk.house.gov/public_disc/ptr-pdfs/2025/20030891.pdf,,,SP,"JD.com, Inc. - American Depositary Shares (JD) [ST]","JD.com, Inc. - American Depositary Shares (JD) [ST]",P,06/17/2025,08/13/2025,"$1,001 - $15,000",Filing Status: New Subholding Of: Charles Schwab Brokerage Account 924,"SP JD.com, Inc. - American Depositary Shares (JD) [ST] P 06/17/2025 08/13/2025 $1,001 - $15,000 Filing Status: New Subholding Of: Charles Schwab Brokerage Account 924",,,False,100,JD,accepted,house_ptr_structure+v8_1,False,False,False,06/17/2025,False
20030891,Hon. Lisa McClain,Member,MI09,20030891.pdf,2025,363,SP,Johnson & Johnson Common Stock,Johnson & Johnson Common Stock,JNJ,JNJ,ST,P,2025-06-17,2025-08-13,1001.0,15000.0,,"$1,001 - $15,000",valid_range,New,Charles Schwab Brokerage Account 924,,,,41,41,table,False,False,,False,0,False,False,100,True,20,False,https://disclosures-clerk.house.gov/public_disc/ptr-pdfs/2025/20030891.pdf,,,SP,Johnson & Johnson Common Stock (JNJ) [ST] Filing Status: New Subholding Of: Charles Schwab Brokera,Johnson & Johnson Common Stock (JNJ) [ST],P age Account 924,06/17/2025,08/13/2025,"$1,001 - $15,000",,"SP Johnson & Johnson Common Stock (JNJ) [ST] P 06/17/2025 08/13/2025 $1,001 - $15,000 Filing Status: New Subholding Of: Charles Schwab Brokerage Account 924",,,False,100,JNJ,accepted,house_ptr_structure+v8_1,False,False,False,06/17/2025,False
20030891,Hon. Lisa McClain,Member,MI09,20030891.pdf,2025,364,SP,Johnson & Johnson Common Stock,Johnson & Johnson Common Stock,JNJ,JNJ,ST,S,2025-06-24,2025-08-13,1001.0,15000.0,,"$1,001 - $15,000",valid_range,New,Charles Schwab Brokerage Account 924,,,,41,41,table,False,False,,False,0,False,True,100,True,20,False,https://disclosures-clerk.house.gov/public_disc/ptr-pdfs/2025/20030891.pdf,,,SP,Johnson & Johnson Common Stock (JNJ) [ST],Johnson & Johnson Common Stock (JNJ) [ST],S,06/24/2025,08/13/2025,"$1,001 - $15,000",Filing Status: New Subholding Of: Charles Schwab Brokerage Account 924,"SP Johnson & Johnson Common Stock (JNJ) [ST] S 06/24/2025 08/13/2025 $1,001 - $15,000 Filing Status: New Subholding Of: Charles Schwab Brokerage Account 924",,,False,100,JNJ,accepted,house_ptr_structure+v8_1,False,False,False,06/24/2025,False
20030891,Hon. Lisa McClain,Member,MI09,20030891.pdf,2025,365,SP,JP Morgan Chase & Co. Common Stock,JP Morgan Chase & Co. Common Stock,JPM,JPM,ST,S (partial),2025-06-10,2025-08-13,1001.0,15000.0,,"$1,001 - $15,000",valid_range,New,Charles Schwab Brokerage Account 924,,,,41,41,table,False,False,,False,0,False,False,100,True,20,False,https://disclosures-clerk.house.gov/public_disc/ptr-pdfs/2025/20030891.pdf,,,SP,JP Morgan Chase & Co. Common Stock (JPM) [ST] Filing Status: New Subholding Of: Charles Schwab Brokera,JP Morgan Chase & Co. Common Stock (JPM) [ST],S (partial) age Account 924,06/10/2025,08/13/2025,"$1,001 - $15,000",,"SP JP Morgan Chase & Co. Common Stock (JPM) [ST] S (partial) 06/10/2025 08/13/2025 $1,001 - $15,000 Filing Status: New Subholding Of: Charles Schwab Brokerage Account 924",,,False,100,JPM,accepted,house_ptr_structure+v8_1,False,False,False,06/10/2025,False
20030891,Hon. Lisa McClain,Member,MI09,20030891.pdf,2025,366,SP,JP Morgan Chase & Co. Common Stock,JP Morgan Chase & Co. Common Stock,JPM,JPM,ST,P,2025-06-17,2025-08-13,1001.0,15000.0,,"$1,001 - $15,000",valid_range,New,Charles Schwab Brokerage Account 924,,,,41,41,table,False,False,,False,0,False,True,100,True,20,False,https://disclosures-clerk.house.gov/public_disc/ptr-pdfs/2025/20030891.pdf,,,SP,JP Morgan Chase & Co. Common Stock (JPM) [ST],JP Morgan Chase & Co. Common Stock (JPM) [ST],P,06/17/2025,08/13/2025,"$1,001 - $15,000",Filing Status: New Subholding Of: Charles Schwab Brokerage Account 924,"SP JP Morgan Chase & Co. Common Stock (JPM) [ST] P 06/17/2025 08/13/2025 $1,001 - $15,000 Filing Status: New Subholding Of: Charles Schwab Brokerage Account 924",,,False,100,JPM,accepted,house_ptr_structure+v8_1,False,False,False,06/17/2025,False
20030891,Hon. Lisa McClain,Member,MI09,20030891.pdf,2025,367,SP,JP Morgan Chase & Co. Common Stock,JP Morgan Chase & Co. Common Stock,JPM,JPM,ST,P,2025-06-09,2025-08-13,1001.0,15000.0,,"$1,001 - $15,000",valid_range,New,Charles Schwab Brokerage Account 924,,,,41,41,table,False,False,,False,0,False,False,100,True,20,False,https://disclosures-clerk.house.gov/public_disc/ptr-pdfs/2025/20030891.pdf,,,SP,JP Morgan Chase & Co. Common Stock (JPM) [ST] Filing Status: New Subholding Of: Charles Schwab Brokera,JP Morgan Chase & Co. Common Stock (JPM) [ST],P age Account 924,06/09/2025,08/13/2025,"$1,001 - $15,000",,"SP JP Morgan Chase & Co. Common Stock (JPM) [ST] P 06/09/2025 08/13/2025 $1,001 - $15,000 Filing Status: New Subholding Of: Charles Schwab Brokerage Account 924",,,False,100,JPM,accepted,house_ptr_structure+v8_1,False,False,False,06/09/2025,False
20030891,Hon. Lisa McClain,Member,MI09,20030891.pdf,2025,368,SP,JP Morgan Chase & Co. Common Stock,JP Morgan Chase & Co. Common Stock,JPM,JPM,ST,P,2025-06-11,2025-08-13,1001.0,15000.0,,"$1,001 - $15,000",valid_range,New,Charles Schwab Brokerage Account 924,,,,41,42,table,False,False,,True,0,False,True,98,True,20,False,https://disclosures-clerk.house.gov/public_disc/ptr-pdfs/2025/20030891.pdf,,,SP,JP Morgan Chase & Co. Common Stock (JPM) [ST],JP Morgan Chase & Co. Common Stock (JPM) [ST],P,06/11/2025,08/13/2025,"$1,001 - $15,000",Filing Status: New Subholding Of: Charles Schwab Brokerage Account 924,"SP JP Morgan Chase & Co. Common Stock (JPM) [ST] P 06/11/2025 08/13/2025 $1,001 - $15,000 Filing Status: New Subholding Of: Charles Schwab Brokerage Account 924",,,False,98,JPM,accepted,house_ptr_structure+v8_1,False,False,False,06/11/2025,False
20030891,Hon. Lisa McClain,Member,MI09,20030891.pdf,2025,369,SP,Kalamazoo Mich WTR 5%29 WTR UTIL Due 09/01/29,Kalamazoo Mich WTR 5%29 WTR UTIL Due 09/01/29,,,GS,P,2025-01-30,2025-08-13,15001.0,50000.0,,"$15,001 - $50,000",valid_range,New,Charles Schwab Brokerage Account 919,,,,42,42,table,False,False,,False,0,False,False,100,True,20,False,https://disclosures-clerk.house.gov/public_disc/ptr-pdfs/2025/20030891.pdf,,,SP,Kalamazoo Mich WTR 5%29 WTR UTIL Due 09/01/29 [GS] Filing Status: New Subholding Of: Charles Schwab Brokera,Kalamazoo Mich WTR 5%29 WTR UTIL Due 09/01/29 [GS],P age Account 919,01/30/2025,08/13/2025,"$15,001 - $50,000",,"SP Kalamazoo Mich WTR 5%29 WTR UTIL Due 09/01/29 [GS] P 01/30/2025 08/13/2025 $15,001 - $50,000 Filing Status: New Subholding Of: Charles Schwab Brokerage Account 919",,,False,100,,not_applicable,,False,False,False,01/30/2025,False
20030891,Hon. Lisa McClain,Member,MI09,20030891.pdf,2025,370,SP,KALAMAZOO MICH WTR R REV 5% 09/01/2029,KALAMAZOO MICH WTR R REV 5% 09/01/2029,,,GS,S,2025-06-06,2025-08-13,15001.0,50000.0,,"$15,001 - $50,000",valid_range,New,Charles Schwab Brokerage Account 924,,,,42,42,table,False,False,,False,0,False,True,100,True,20,False,https://disclosures-clerk.house.gov/public_disc/ptr-pdfs/2025/20030891.pdf,,,SP,KALAMAZOO MICH WTR R REV 5% 09/01/2029 [GS],KALAMAZOO MICH WTR R REV 5% 09/01/2029 [GS],S,06/06/2025,08/13/2025,"$15,001 - $50,000",Filing Status: New Subholding Of: Charles Schwab Brokerage Account 924,"SP KALAMAZOO MICH WTR R REV 5% 09/01/2029 [GS] S 06/06/2025 08/13/2025 $15,001 - $50,000 Filing Status: New Subholding Of: Charles Schwab Brokerage Account 924",,,False,100,,not_applicable,,False,False,False,06/06/2025,False
20030891,Hon. Lisa McClain,Member,MI09,20030891.pdf,2025,371,SP,KB Home Common Stock,KB Home Common Stock,KBH,KBH,ST,P,2025-06-09,2025-08-13,1001.0,15000.0,,"$1,001 - $15,000",valid_range,New,Charles Schwab Brokerage Account 924,,,,42,42,table,False,False,,False,0,False,False,100,True,20,False,https://disclosures-clerk.house.gov/public_disc/ptr-pdfs/2025/20030891.pdf,,,SP,KB Home Common Stock (KBH) [ST] Filing Status: New Subholding Of: Charles Schwab Brokera,KB Home Common Stock (KBH) [ST],P age Account 924,06/09/2025,08/13/2025,"$1,001 - $15,000",,"SP KB Home Common Stock (KBH) [ST] P 06/09/2025 08/13/2025 $1,001 - $15,000 Filing Status: New Subholding Of: Charles Schwab Brokerage Account 924",,,False,100,KBH,accepted,house_ptr_structure+v8_1,False,False,False,06/09/2025,False
20030891,Hon. Lisa McClain,Member,MI09,20030891.pdf,2025,372,SP,KB Home Common Stock,KB Home Common Stock,KBH,KBH,ST,S,2025-06-17,2025-08-13,1001.0,15000.0,,"$1,001 - $15,000",valid_range,New,Charles Schwab Brokerage Account 924,,,,42,42,table,False,False,,False,0,False,True,100,True,20,False,https://disclosures-clerk.house.gov/public_disc/ptr-pdfs/2025/20030891.pdf,,,SP,KB Home Common Stock (KBH) [ST],KB Home Common Stock (KBH) [ST],S,06/17/2025,08/13/2025,"$1,001 - $15,000",Filing Status: New Subholding Of: Charles Schwab Brokerage Account 924,"SP KB Home Common Stock (KBH) [ST] S 06/17/2025 08/13/2025 $1,001 - $15,000 Filing Status: New Subholding Of: Charles Schwab Brokerage Account 924",,,False,100,KBH,accepted,house_ptr_structure+v8_1,False,False,False,06/17/2025,False
20030891,Hon. Lisa McClain,Member,MI09,20030891.pdf,2025,373,SP,Keurig Dr Pepper Inc.,Keurig Dr Pepper Inc.,KDP,KDP,ST,P,2025-06-17,2025-08-13,1001.0,15000.0,,"$1,001 - $15,000",valid_range,New,Charles Schwab Brokerage Account 924,,,,42,42,table,False,False,,False,0,False,False,100,True,20,False,https://disclosures-clerk.house.gov/public_disc/ptr-pdfs/2025/20030891.pdf,,,SP,Keurig Dr Pepper Inc. (KDP) [ST] Filing Status: New Subholding Of: Charles Schwab Brokera,Keurig Dr Pepper Inc. (KDP) [ST],P age Account 924,06/17/2025,08/13/2025,"$1,001 - $15,000",,"SP Keurig Dr Pepper Inc. (KDP) [ST] P 06/17/2025 08/13/2025 $1,001 - $15,000 Filing Status: New Subholding Of: Charles Schwab Brokerage Account 924",,,False,100,KDP,accepted,house_ptr_structure+v8_1,False,False,False,06/17/2025,False
20030891,Hon. Lisa McClain,Member,MI09,20030891.pdf,2025,374,SP,Kimberly-Clark Corporation - Common Stock,Kimberly-Clark Corporation - Common Stock,KMB,KMB,ST,S,2025-07-16,2025-08-13,1001.0,15000.0,,"$1,001 - $15,000",valid_range,New,Charles Schwab Brokerage Account 924,,,,42,42,table,False,False,,False,0,False,True,100,True,20,False,https://disclosures-clerk.house.gov/public_disc/ptr-pdfs/2025/20030891.pdf,,,SP,Kimberly-Clark Corporation - Common Stock (KMB) [ST],Kimberly-Clark Corporation - Common Stock (KMB) [ST],S,07/16/2025,08/13/2025,"$1,001 - $15,000",Filing Status: New Subholding Of: Charles Schwab Brokerage Account 924,"SP Kimberly-Clark Corporation - Common Stock (KMB) [ST] S 07/16/2025 08/13/2025 $1,001 - $15,000 Filing Status: New Subholding Of: Charles Schwab Brokerage Account 924",,,False,100,KMB,accepted,house_ptr_structure+v8_1,False,False,False,07/16/2025,False
20030891,Hon. Lisa McClain,Member,MI09,20030891.pdf,2025,375,SP,Kimberly-Clark Corporation - Common Stock,Kimberly-Clark Corporation - Common Stock,KMB,KMB,ST,P,2025-07-10,2025-08-13,1001.0,15000.0,,"$1,001 - $15,000",valid_range,New,Charles Schwab Brokerage Account 924,,,,42,42,table,False,False,,False,0,False,False,100,True,20,False,https://disclosures-clerk.house.gov/public_disc/ptr-pdfs/2025/20030891.pdf,,,SP,Kimberly-Clark Corporation - Common Stock (KMB) [ST] Filing Status: New Subholding Of: Charles Schwab Brokera,Kimberly-Clark Corporation - Common Stock (KMB) [ST],P age Account 924,07/10/2025,08/13/2025,"$1,001 - $15,000",,"SP Kimberly-Clark Corporation - Common Stock (KMB) [ST] P 07/10/2025 08/13/2025 $1,001 - $15,000 Filing Status: New Subholding Of: Charles Schwab Brokerage Account 924",,,False,100,KMB,accepted,house_ptr_structure+v8_1,False,False,False,07/10/2025,False
20030891,Hon. Lisa McClain,Member,MI09,20030891.pdf,2025,376,SP,"Kinder Morgan, Inc. Common Stock","Kinder Morgan, Inc. Common Stock",KMI,KMI,ST,P,2025-07-10,2025-08-13,1001.0,15000.0,,"$1,001 - $15,000",valid_range,New,Charles Schwab Brokerage Account 924,,,,42,42,table,False,False,,False,0,False,True,100,True,20,False,https://disclosures-clerk.house.gov/public_disc/ptr-pdfs/2025/20030891.pdf,,,SP,"Kinder Morgan, Inc. Common Stock (KMI) [ST]","Kinder Morgan, Inc. Common Stock (KMI) [ST]",P,07/10/2025,08/13/2025,"$1,001 - $15,000",Filing Status: New Subholding Of: Charles Schwab Brokerage Account 924,"SP Kinder Morgan, Inc. Common Stock (KMI) [ST] P 07/10/2025 08/13/2025 $1,001 - $15,000 Filing Status: New Subholding Of: Charles Schwab Brokerage Account 924",,,False,100,KMI,accepted,house_ptr_structure+v8_1,False,False,False,07/10/2025,False
20030891,Hon. Lisa McClain,Member,MI09,20030891.pdf,2025,377,SP,"Kinder Morgan, Inc. Common Stock","Kinder Morgan, Inc. Common Stock",KMI,KMI,ST,S,2025-07-22,2025-08-13,1001.0,15000.0,,"$1,001 - $15,000",valid_range,New,Charles Schwab Brokerage Account 924,,,,42,42,table,False,False,,False,0,False,False,100,True,20,False,https://disclosures-clerk.house.gov/public_disc/ptr-pdfs/2025/20030891.pdf,,,SP,"Kinder Morgan, Inc. Common Stock (KMI) [ST] Filing Status: New Subholding Of: Charles Schwab Brokera","Kinder Morgan, Inc. Common Stock (KMI) [ST]",S age Account 924,07/22/2025,08/13/2025,"$1,001 - $15,000",,"SP Kinder Morgan, Inc. Common Stock (KMI) [ST] S 07/22/2025 08/13/2025 $1,001 - $15,000 Filing Status: New Subholding Of: Charles Schwab Brokerage Account 924",,,False,100,KMI,accepted,house_ptr_structure+v8_1,False,False,False,07/22/2025,False
20030891,Hon. Lisa McClain,Member,MI09,20030891.pdf,2025,378,SP,Kite Realty Group Trust Common Stock,Kite Realty Group Trust Common Stock,KRG,KRG,ST,S,2025-06-17,2025-08-13,1001.0,15000.0,,"$1,001 - $15,000",valid_range,New,Charles Schwab Brokerage Account 924,,,,43,43,table,False,False,,False,0,False,True,100,True,20,False,https://disclosures-clerk.house.gov/public_disc/ptr-pdfs/2025/20030891.pdf,,,SP,Kite Realty Group Trust Common Stock (KRG) [ST],Kite Realty Group Trust Common Stock (KRG) [ST],S,06/17/2025,08/13/2025,"$1,001 - $15,000",Filing Status: New Subholding Of: Charles Schwab Brokerage Account 924,"SP Kite Realty Group Trust Common Stock (KRG) [ST] S 06/17/2025 08/13/2025 $1,001 - $15,000 Filing Status: New Subholding Of: Charles Schwab Brokerage Account 924",,,False,100,KRG,accepted,house_ptr_structure+v8_1,False,False,False,06/17/2025,False
20030891,Hon. Lisa McClain,Member,MI09,20030891.pdf,2025,379,SP,Kite Realty Group Trust Common Stock,Kite Realty Group Trust Common Stock,KRG,KRG,ST,P,2025-06-11,2025-08-13,1001.0,15000.0,,"$1,001 - $15,000",valid_range,New,Charles Schwab Brokerage Account 924,,,,43,43,table,False,False,,False,0,False,False,100,True,20,False,https://disclosures-clerk.house.gov/public_disc/ptr-pdfs/2025/20030891.pdf,,,SP,Kite Realty Group Trust Common Stock (KRG) [ST] Filing Status: New Subholding Of: Charles Schwab Brokera,Kite Realty Group Trust Common Stock (KRG) [ST],P age Account 924,06/11/2025,08/13/2025,"$1,001 - $15,000",,"SP Kite Realty Group Trust Common Stock (KRG) [ST] P 06/11/2025 08/13/2025 $1,001 - $15,000 Filing Status: New Subholding Of: Charles Schwab Brokerage Account 924",,,False,100,KRG,accepted,house_ptr_structure+v8_1,False,False,False,06/11/2025,False
20030891,Hon. Lisa McClain,Member,MI09,20030891.pdf,2025,380,SP,"Landstar System, Inc. - Common Stock","Landstar System, Inc. - Common Stock",LSTR,LSTR,ST,S,2025-07-16,2025-08-13,1001.0,15000.0,,"$1,001 - $15,000",valid_range,New,Charles Schwab Brokerage Account 924,,,,43,43,table,False,False,,False,0,False,True,100,True,20,False,https://disclosures-clerk.house.gov/public_disc/ptr-pdfs/2025/20030891.pdf,,,SP,"Landstar System, Inc. - Common Stock (LSTR) [ST]","Landstar System, Inc. - Common Stock (LSTR) [ST]",S,07/16/2025,08/13/2025,"$1,001 - $15,000",Filing Status: New Subholding Of: Charles Schwab Brokerage Account 924,"SP Landstar System, Inc. - Common Stock (LSTR) [ST] S 07/16/2025 08/13/2025 $1,001 - $15,000 Filing Status: New Subholding Of: Charles Schwab Brokerage Account 924",,,False,100,LSTR,accepted,house_ptr_structure+v8_1,False,False,False,07/16/2025,False
20030891,Hon. Lisa McClain,Member,MI09,20030891.pdf,2025,381,SP,"Landstar System, Inc. - Common Stock","Landstar System, Inc. - Common Stock",LSTR,LSTR,ST,P,2025-06-17,2025-08-13,1001.0,15000.0,,"$1,001 - $15,000",valid_range,New,Charles Schwab Brokerage Account 924,,,,43,43,table,False,False,,False,0,False,False,100,True,20,False,https://disclosures-clerk.house.gov/public_disc/ptr-pdfs/2025/20030891.pdf,,,SP,"Landstar System, Inc. - Common Stock (LSTR) [ST] Filing Status: New Subholding Of: Charles Schwab Brokera","Landstar System, Inc. - Common Stock (LSTR) [ST]",P age Account 924,06/17/2025,08/13/2025,"$1,001 - $15,000",,"SP Landstar System, Inc. - Common Stock (LSTR) [ST] P 06/17/2025 08/13/2025 $1,001 - $15,000 Filing Status: New Subholding Of: Charles Schwab Brokerage Account 924",,,False,100,LSTR,accepted,house_ptr_structure+v8_1,False,False,False,06/17/2025,False
20030891,Hon. Lisa McClain,Member,MI09,20030891.pdf,2025,382,SP,Lanse Creuse Mich P 5%39,Lanse Creuse Mich P 5%39,,,GS,P,2025-02-18,2025-08-13,15001.0,50000.0,,"$15,001 - $50,000",valid_range,New,Charles Schwab Brokerage Account 919,,,,43,43,table,False,False,,False,0,False,True,100,True,20,False,https://disclosures-clerk.house.gov/public_disc/ptr-pdfs/2025/20030891.pdf,,,SP,Lanse Creuse Mich P 5%39 [GS],Lanse Creuse Mich P 5%39 [GS],P,02/18/2025,08/13/2025,"$15,001 - $50,000",Filing Status: New Subholding Of: Charles Schwab Brokerage Account 919,"SP Lanse Creuse Mich P 5%39 [GS] P 02/18/2025 08/13/2025 $15,001 - $50,000 Filing Status: New Subholding Of: Charles Schwab Brokerage Account 919",,,False,100,,not_applicable,,False,False,False,02/18/2025,False
20030891,Hon. Lisa McClain,Member,MI09,20030891.pdf,2025,383,SP,LANSE CREUSE MICH PU GO 5% 05/01/2039 CALLABLE,LANSE CREUSE MICH PU GO 5% 05/01/2039 CALLABLE,,,GS,S,2025-06-06,2025-08-13,15001.0,50000.0,,"$15,001 - $50,000",valid_range,New,Charles Schwab Brokerage Account 924,,,,43,43,table,False,False,,False,0,False,False,100,True,20,False,https://disclosures-clerk.house.gov/public_disc/ptr-pdfs/2025/20030891.pdf,,,SP,LANSE CREUSE MICH PU GO 5% 05/01/2039 CALLABLE [GS] Filing Status: New Subholding Of: Charles Schwab Brokera,LANSE CREUSE MICH PU GO 5% 05/01/2039 CALLABLE [GS],S age Account 924,06/06/2025,08/13/2025,"$15,001 - $50,000",,"SP LANSE CREUSE MICH PU GO 5% 05/01/2039 CALLABLE [GS] S 06/06/2025 08/13/2025 $15,001 - $50,000 Filing Status: New Subholding Of: Charles Schwab Brokerage Account 924",,,False,100,,not_applicable,,False,False,False,06/06/2025,False
20030891,Hon. Lisa McClain,Member,MI09,20030891.pdf,2025,384,SP,Li Auto Inc. - American Depositary Shares,Li Auto Inc. - American Depositary Shares,LI,LI,ST,P,2025-06-11,2025-08-13,1001.0,15000.0,,"$1,001 - $15,000",valid_range,New,Charles Schwab Brokerage Account 924,,,,43,43,table,False,False,,False,0,False,True,100,True,20,False,https://disclosures-clerk.house.gov/public_disc/ptr-pdfs/2025/20030891.pdf,,,SP,Li Auto Inc. - American Depositary Shares (LI) [ST],Li Auto Inc. - American Depositary Shares (LI) [ST],P,06/11/2025,08/13/2025,"$1,001 - $15,000",Filing Status: New Subholding Of: Charles Schwab Brokerage Account 924,"SP Li Auto Inc. - American Depositary Shares (LI) [ST] P 06/11/2025 08/13/2025 $1,001 - $15,000 Filing Status: New Subholding Of: Charles Schwab Brokerage Account 924",,,False,100,LI,accepted,house_ptr_structure+v8_1,False,False,False,06/11/2025,False
20030891,Hon. Lisa McClain,Member,MI09,20030891.pdf,2025,385,SP,Lincoln National Corporation Common Stock,Lincoln National Corporation Common Stock,LNC,LNC,ST,P,2025-06-11,2025-08-13,1001.0,15000.0,,"$1,001 - $15,000",valid_range,New,Charles Schwab Brokerage Account 924,,,,43,43,table,False,False,,False,0,False,False,100,True,20,False,https://disclosures-clerk.house.gov/public_disc/ptr-pdfs/2025/20030891.pdf,,,SP,Lincoln National Corporation Common Stock (LNC) [ST] Filing Status: New Subholding Of: Charles Schwab Brokera,Lincoln National Corporation Common Stock (LNC) [ST],P age Account 924,06/11/2025,08/13/2025,"$1,001 - $15,000",,"SP Lincoln National Corporation Common Stock (LNC) [ST] P 06/11/2025 08/13/2025 $1,001 - $15,000 Filing Status: New Subholding Of: Charles Schwab Brokerage Account 924",,,False,100,LNC,accepted,house_ptr_structure+v8_1,False,False,False,06/11/2025,False
20030891,Hon. Lisa McClain,Member,MI09,20030891.pdf,2025,386,SP,Lincoln National Corporation Common Stock,Lincoln National Corporation Common Stock,LNC,LNC,ST,S,2025-06-17,2025-08-13,1001.0,15000.0,,"$1,001 - $15,000",valid_range,New,Charles Schwab Brokerage Account 924 Ow e sset a sact o Type ate Not cat o Date ou t Cap. Gains > $200?,,,,43,44,table,False,False,,True,0,False,True,98,True,20,False,https://disclosures-clerk.house.gov/public_disc/ptr-pdfs/2025/20030891.pdf,,,SP,Lincoln National Corporation Common Stock (LNC) [ST],Lincoln National Corporation Common Stock (LNC) [ST],S,06/17/2025,08/13/2025,"$1,001 - $15,000",Filing Status: New Subholding Of: Charles Schwab Brokerage Account 924 Ow e sset a sact o Type ate Not cat o Date ou t Cap. Gains > $200?,"SP Lincoln National Corporation Common Stock (LNC) [ST] S 06/17/2025 08/13/2025 $1,001 - $15,000 Filing Status: New Subholding Of: Charles Schwab Brokerage Account 924 Ow e sset a sact o Type ate Not cat o Date ou t Cap. Gains > $200?",,,False,98,LNC,accepted,house_ptr_structure+v8_1,False,False,False,06/17/2025,False
20030891,Hon. Lisa McClain,Member,MI09,20030891.pdf,2025,387,SP,Linde plc - Ordinary Shares,Linde plc - Ordinary Shares,LIN,LIN,ST,S,2025-07-16,2025-08-13,1001.0,15000.0,,"$1,001 - $15,000",valid_range,New,Charles Schwab Brokerage Account 924,,,,44,44,table,False,False,,False,0,False,False,100,True,20,False,https://disclosures-clerk.house.gov/public_disc/ptr-pdfs/2025/20030891.pdf,,,SP,Linde plc - Ordinary Shares (LIN) [ST] Filing Status: New Subholding Of: Charles Schwab Brokera,Linde plc - Ordinary Shares (LIN) [ST],S age Account 924,07/16/2025,08/13/2025,"$1,001 - $15,000",,"SP Linde plc - Ordinary Shares (LIN) [ST] S 07/16/2025 08/13/2025 $1,001 - $15,000 Filing Status: New Subholding Of: Charles Schwab Brokerage Account 924",,,False,100,LIN,accepted,house_ptr_structure+v8_1,False,False,False,07/16/2025,False
20030891,Hon. Lisa McClain,Member,MI09,20030891.pdf,2025,388,SP,Linde plc - Ordinary Shares,Linde plc - Ordinary Shares,LIN,LIN,ST,P,2025-06-24,2025-08-13,1001.0,15000.0,,"$1,001 - $15,000",valid_range,New,Charles Schwab Brokerage Account 924,,,,44,44,table,False,False,,False,0,False,True,100,True,20,False,https://disclosures-clerk.house.gov/public_disc/ptr-pdfs/2025/20030891.pdf,,,SP,Linde plc - Ordinary Shares (LIN) [ST],Linde plc - Ordinary Shares (LIN) [ST],P,06/24/2025,08/13/2025,"$1,001 - $15,000",Filing Status: New Subholding Of: Charles Schwab Brokerage Account 924,"SP Linde plc - Ordinary Shares (LIN) [ST] P 06/24/2025 08/13/2025 $1,001 - $15,000 Filing Status: New Subholding Of: Charles Schwab Brokerage Account 924",,,False,100,LIN,accepted,house_ptr_structure+v8_1,False,False,False,06/24/2025,False
20030891,Hon. Lisa McClain,Member,MI09,20030891.pdf,2025,389,SP,"Lithia Motors, Inc. Common Stock","Lithia Motors, Inc. Common Stock",LAD,LAD,ST,P,2025-07-22,2025-08-13,1001.0,15000.0,,"$1,001 - $15,000",valid_range,New,Charles Schwab Brokerage Account 924,,,,44,44,table,False,False,,False,0,False,False,100,True,20,False,https://disclosures-clerk.house.gov/public_disc/ptr-pdfs/2025/20030891.pdf,,,SP,"Lithia Motors, Inc. Common Stock (LAD) [ST] Filing Status: New Subholding Of: Charles Schwab Brokera","Lithia Motors, Inc. Common Stock (LAD) [ST]",P age Account 924,07/22/2025,08/13/2025,"$1,001 - $15,000",,"SP Lithia Motors, Inc. Common Stock (LAD) [ST] P 07/22/2025 08/13/2025 $1,001 - $15,000 Filing Status: New Subholding Of: Charles Schwab Brokerage Account 924",,,False,100,LAD,accepted,house_ptr_structure+v8_1,False,False,False,07/22/2025,False
20030891,Hon. Lisa McClain,Member,MI09,20030891.pdf,2025,390,SP,Lloyds Banking Group Plc American Depositary Shares,Lloyds Banking Group Plc American Depositary Shares,LYG,LYG,ST,P,2025-06-17,2025-08-13,1001.0,15000.0,,"$1,001 - $15,000",valid_range,New,Charles Schwab Brokerage Account 924,,,,44,44,table,False,False,,False,0,False,True,100,True,20,False,https://disclosures-clerk.house.gov/public_disc/ptr-pdfs/2025/20030891.pdf,,,SP,Lloyds Banking Group Plc American Depositary Shares (LYG) [ST],Lloyds Banking Group Plc American Depositary Shares (LYG) [ST],P,06/17/2025,08/13/2025,"$1,001 - $15,000",Filing Status: New Subholding Of: Charles Schwab Brokerage Account 924,"SP Lloyds Banking Group Plc American Depositary Shares (LYG) [ST] P 06/17/2025 08/13/2025 $1,001 - $15,000 Filing Status: New Subholding Of: Charles Schwab Brokerage Account 924",,,False,100,LYG,accepted,house_ptr_structure+v8_1,False,False,False,06/17/2025,False
20030891,Hon. Lisa McClain,Member,MI09,20030891.pdf,2025,391,SP,Loews Corporation Common Stock,Loews Corporation Common Stock,L,L,ST,P,2025-06-17,2025-08-13,1001.0,15000.0,,"$1,001 - $15,000",valid_range,New,Charles Schwab Brokerage Account 924,,,,44,44,table,False,False,,False,0,False,False,100,True,20,False,https://disclosures-clerk.house.gov/public_disc/ptr-pdfs/2025/20030891.pdf,,,SP,Loews Corporation Common Stock (L) [ST] Filing Status: New Subholding Of: Charles Schwab Brokera,Loews Corporation Common Stock (L) [ST],P age Account 924,06/17/2025,08/13/2025,"$1,001 - $15,000",,"SP Loews Corporation Common Stock (L) [ST] P 06/17/2025 08/13/2025 $1,001 - $15,000 Filing Status: New Subholding Of: Charles Schwab Brokerage Account 924",,,False,100,L,accepted,house_ptr_structure+v8_1,False,False,False,06/17/2025,False
20030891,Hon. Lisa McClain,Member,MI09,20030891.pdf,2025,392,SP,Louisiana-Pacific Corporation Common Stock,Louisiana-Pacific Corporation Common Stock,LPX,LPX,ST,S,2025-06-17,2025-08-13,1001.0,15000.0,,"$1,001 - $15,000",valid_range,New,Charles Schwab Brokerage Account 924,,,,44,44,table,False,False,,False,0,False,True,100,True,20,False,https://disclosures-clerk.house.gov/public_disc/ptr-pdfs/2025/20030891.pdf,,,SP,Louisiana-Pacific Corporation Common Stock (LPX) [ST],Louisiana-Pacific Corporation Common Stock (LPX) [ST],S,06/17/2025,08/13/2025,"$1,001 - $15,000",Filing Status: New Subholding Of: Charles Schwab Brokerage Account 924,"SP Louisiana-Pacific Corporation Common Stock (LPX) [ST] S 06/17/2025 08/13/2025 $1,001 - $15,000 Filing Status: New Subholding Of: Charles Schwab Brokerage Account 924",,,False,100,LPX,accepted,house_ptr_structure+v8_1,False,False,False,06/17/2025,False
20030891,Hon. Lisa McClain,Member,MI09,20030891.pdf,2025,393,SP,Louisiana-Pacific Corporation Common Stock,Louisiana-Pacific Corporation Common Stock,LPX,LPX,ST,P,2025-06-11,2025-08-13,1001.0,15000.0,,"$1,001 - $15,000",valid_range,New,Charles Schwab Brokerage Account 924,,,,44,44,table,False,False,,False,0,False,False,100,True,20,False,https://disclosures-clerk.house.gov/public_disc/ptr-pdfs/2025/20030891.pdf,,,SP,Louisiana-Pacific Corporation Common Stock (LPX) [ST] Filing Status: New Subholding Of: Charles Schwab Brokera,Louisiana-Pacific Corporation Common Stock (LPX) [ST],P age Account 924,06/11/2025,08/13/2025,"$1,001 - $15,000",,"SP Louisiana-Pacific Corporation Common Stock (LPX) [ST] P 06/11/2025 08/13/2025 $1,001 - $15,000 Filing Status: New Subholding Of: Charles Schwab Brokerage Account 924",,,False,100,LPX,accepted,house_ptr_structure+v8_1,False,False,False,06/11/2025,False
20030891,Hon. Lisa McClain,Member,MI09,20030891.pdf,2025,394,SP,lululemon athletica inc. - Common Stock,lululemon athletica inc. - Common Stock,LULU,LULU,ST,S,2025-07-22,2025-08-13,1001.0,15000.0,,"$1,001 - $15,000",valid_range,New,Charles Schwab Brokerage Account 924,,,,44,44,table,False,False,,False,0,False,True,100,True,20,False,https://disclosures-clerk.house.gov/public_disc/ptr-pdfs/2025/20030891.pdf,,,SP,lululemon athletica inc. - Common Stock (LULU) [ST],lululemon athletica inc. - Common Stock (LULU) [ST],S,07/22/2025,08/13/2025,"$1,001 - $15,000",Filing Status: New Subholding Of: Charles Schwab Brokerage Account 924,"SP lululemon athletica inc. - Common Stock (LULU) [ST] S 07/22/2025 08/13/2025 $1,001 - $15,000 Filing Status: New Subholding Of: Charles Schwab Brokerage Account 924",,,False,100,LULU,accepted,house_ptr_structure+v8_1,False,False,False,07/22/2025,False
20030891,Hon. Lisa McClain,Member,MI09,20030891.pdf,2025,395,SP,lululemon athletica inc. - Common Stock,lululemon athletica inc. - Common Stock,LULU,LULU,ST,P,2025-07-16,2025-08-13,1001.0,15000.0,,"$1,001 - $15,000",valid_range,New,Charles Schwab Brokerage Account 924,,,,44,44,table,False,False,,False,0,False,False,100,True,20,False,https://disclosures-clerk.house.gov/public_disc/ptr-pdfs/2025/20030891.pdf,,,SP,lululemon athletica inc. - Common Stock (LULU) [ST] Filing Status: New Subholding Of: Charles Schwab Brokera,lululemon athletica inc. - Common Stock (LULU) [ST],P age Account 924,07/16/2025,08/13/2025,"$1,001 - $15,000",,"SP lululemon athletica inc. - Common Stock (LULU) [ST] P 07/16/2025 08/13/2025 $1,001 - $15,000 Filing Status: New Subholding Of: Charles Schwab Brokerage Account 924",,,False,100,LULU,accepted,house_ptr_structure+v8_1,False,False,False,07/16/2025,False
20030891,Hon. Lisa McClain,Member,MI09,20030891.pdf,2025,396,SP,LXP Industrial Trust Common Stock,LXP Industrial Trust Common Stock,LXP,LXP,ST,S,2025-06-10,2025-08-13,1001.0,15000.0,,"$1,001 - $15,000",valid_range,New,Charles Schwab Brokerage Account 924,,,,45,45,table,False,False,,False,0,False,True,100,True,20,False,https://disclosures-clerk.house.gov/public_disc/ptr-pdfs/2025/20030891.pdf,,,SP,LXP Industrial Trust Common Stock (LXP) [ST],LXP Industrial Trust Common Stock (LXP) [ST],S,06/10/2025,08/13/2025,"$1,001 - $15,000",Filing Status: New Subholding Of: Charles Schwab Brokerage Account 924,"SP LXP Industrial Trust Common Stock (LXP) [ST] S 06/10/2025 08/13/2025 $1,001 - $15,000 Filing Status: New Subholding Of: Charles Schwab Brokerage Account 924",,,False,100,LXP,accepted,house_ptr_structure+v8_1,False,False,False,06/10/2025,False
20030891,Hon. Lisa McClain,Member,MI09,20030891.pdf,2025,397,SP,LXP Industrial Trust Common Stock,LXP Industrial Trust Common Stock,LXP,LXP,ST,P,2025-06-09,2025-08-13,1001.0,15000.0,,"$1,001 - $15,000",valid_range,New,Charles Schwab Brokerage Account 924,,,,45,45,table,False,False,,False,0,False,False,100,True,20,False,https://disclosures-clerk.house.gov/public_disc/ptr-pdfs/2025/20030891.pdf,,,SP,LXP Industrial Trust Common Stock (LXP) [ST] Filing Status: New Subholding Of: Charles Schwab Brokera,LXP Industrial Trust Common Stock (LXP) [ST],P age Account 924,06/09/2025,08/13/2025,"$1,001 - $15,000",,"SP LXP Industrial Trust Common Stock (LXP) [ST] P 06/09/2025 08/13/2025 $1,001 - $15,000 Filing Status: New Subholding Of: Charles Schwab Brokerage Account 924",,,False,100,LXP,accepted,house_ptr_structure+v8_1,False,False,False,06/09/2025,False
20030891,Hon. Lisa McClain,Member,MI09,20030891.pdf,2025,398,SP,LyondellBasell Industries NV Ordinary Shares Class A,LyondellBasell Industries NV Ordinary Shares Class A,LYB,LYB,ST,P,2025-06-09,2025-08-13,1001.0,15000.0,,"$1,001 - $15,000",valid_range,New,Charles Schwab Brokerage Account 924,,,,45,45,table,False,False,,False,0,False,True,100,True,20,False,https://disclosures-clerk.house.gov/public_disc/ptr-pdfs/2025/20030891.pdf,,,SP,LyondellBasell Industries NV Ordinary Shares Class A (LYB) [ST],LyondellBasell Industries NV Ordinary Shares Class A (LYB) [ST],P,06/09/2025,08/13/2025,"$1,001 - $15,000",Filing Status: New Subholding Of: Charles Schwab Brokerage Account 924,"SP LyondellBasell Industries NV Ordinary Shares Class A (LYB) [ST] P 06/09/2025 08/13/2025 $1,001 - $15,000 Filing Status: New Subholding Of: Charles Schwab Brokerage Account 924",,,False,100,LYB,accepted,house_ptr_structure+v8_1,False,False,False,06/09/2025,False
20030891,Hon. Lisa McClain,Member,MI09,20030891.pdf,2025,399,SP,LyondellBasell Industries NV Ordinary Shares Class A,LyondellBasell Industries NV Ordinary Shares Class A,LYB,LYB,ST,S,2025-06-24,2025-08-13,1001.0,15000.0,,"$1,001 - $15,000",valid_range,New,Charles Schwab Brokerage Account 924,,,,45,45,table,False,False,,False,0,False,False,100,True,20,False,https://disclosures-clerk.house.gov/public_disc/ptr-pdfs/2025/20030891.pdf,,,SP,LyondellBasell Industries NV Ordinary Shares Class A (LYB) [ST] Filing Status: New Subholding Of: Charles Schwab Brokera,LyondellBasell Industries NV Ordinary Shares Class A (LYB) [ST],S age Account 924,06/24/2025,08/13/2025,"$1,001 - $15,000",,"SP LyondellBasell Industries NV Ordinary Shares Class A (LYB) [ST] S 06/24/2025 08/13/2025 $1,001 - $15,000 Filing Status: New Subholding Of: Charles Schwab Brokerage Account 924",,,False,100,LYB,accepted,house_ptr_structure+v8_1,False,False,False,06/24/2025,False
20030891,Hon. Lisa McClain,Member,MI09,20030891.pdf,2025,400,SP,Macomb Inter SCH DI 5%36 GO UTX Due 5/01/36,Macomb Inter SCH DI 5%36 GO UTX Due 5/01/36,,,GS,P,2025-02-05,2025-08-13,1001.0,15000.0,,"$1,001 - $15,000",valid_range,New,Charles Schwab Brokerage Account 919,,,,45,45,table,False,False,,False,0,False,True,100,True,20,False,https://disclosures-clerk.house.gov/public_disc/ptr-pdfs/2025/20030891.pdf,,,SP,Macomb Inter SCH DI 5%36 GO UTX Due 5/01/36 [GS],Macomb Inter SCH DI 5%36 GO UTX Due 5/01/36 [GS],P,02/05/2025,08/13/2025,"$1,001 - $15,000",Filing Status: New Subholding Of: Charles Schwab Brokerage Account 919,"SP Macomb Inter SCH DI 5%36 GO UTX Due 5/01/36 [GS] P 02/05/2025 08/13/2025 $1,001 - $15,000 Filing Status: New Subholding Of: Charles Schwab Brokerage Account 919",,,False,100,,not_applicable,,False,False,False,02/05/2025,False
20030891,Hon. Lisa McClain,Member,MI09,20030891.pdf,2025,401,SP,MACOMB INTER SCH DIS GO 5% 05/01/2036 CALLABLE,MACOMB INTER SCH DIS GO 5% 05/01/2036 CALLABLE,,,GS,S,2025-06-06,2025-08-13,1001.0,15000.0,,"$1,001 - $15,000",valid_range,New,Charles Schwab Brokerage Account 924,,,,45,45,table,False,False,,False,0,False,False,100,True,20,False,https://disclosures-clerk.house.gov/public_disc/ptr-pdfs/2025/20030891.pdf,,,SP,MACOMB INTER SCH DIS GO 5% 05/01/2036 CALLABLE [GS] Filing Status: New Subholding Of: Charles Schwab Brokera,MACOMB INTER SCH DIS GO 5% 05/01/2036 CALLABLE [GS],S age Account 924,06/06/2025,08/13/2025,"$1,001 - $15,000",,"SP MACOMB INTER SCH DIS GO 5% 05/01/2036 CALLABLE [GS] S 06/06/2025 08/13/2025 $1,001 - $15,000 Filing Status: New Subholding Of: Charles Schwab Brokerage Account 924",,,False,100,,not_applicable,,False,False,False,06/06/2025,False
20030891,Hon. Lisa McClain,Member,MI09,20030891.pdf,2025,402,SP,Magnolia Oil & Gas Corporation Class A Common Stock,Magnolia Oil & Gas Corporation Class A Common Stock,MGY,MGY,ST,P,2025-06-11,2025-08-13,1001.0,15000.0,,"$1,001 - $15,000",valid_range,New,Charles Schwab Brokerage Account 924,,,,45,45,table,False,False,,False,0,False,True,100,True,20,False,https://disclosures-clerk.house.gov/public_disc/ptr-pdfs/2025/20030891.pdf,,,SP,Magnolia Oil & Gas Corporation Class A Common Stock (MGY) [ST],Magnolia Oil & Gas Corporation Class A Common Stock (MGY) [ST],P,06/11/2025,08/13/2025,"$1,001 - $15,000",Filing Status: New Subholding Of: Charles Schwab Brokerage Account 924,"SP Magnolia Oil & Gas Corporation Class A Common Stock (MGY) [ST] P 06/11/2025 08/13/2025 $1,001 - $15,000 Filing Status: New Subholding Of: Charles Schwab Brokerage Account 924",,,False,100,MGY,accepted,house_ptr_structure+v8_1,False,False,False,06/11/2025,False
20030891,Hon. Lisa McClain,Member,MI09,20030891.pdf,2025,403,SP,Magnolia Oil & Gas Corporation Class A Common Stock,Magnolia Oil & Gas Corporation Class A Common Stock,MGY,MGY,ST,S,2025-06-24,2025-08-13,1001.0,15000.0,,"$1,001 - $15,000",valid_range,New,Charles Schwab Brokerage Account 924,,,,45,45,table,False,False,,False,0,False,False,100,True,20,False,https://disclosures-clerk.house.gov/public_disc/ptr-pdfs/2025/20030891.pdf,,,SP,Magnolia Oil & Gas Corporation Class A Common Stock (MGY) [ST] Filing Status: New Subholding Of: Charles Schwab Brokera,Magnolia Oil & Gas Corporation Class A Common Stock (MGY) [ST],S age Account 924,06/24/2025,08/13/2025,"$1,001 - $15,000",,"SP Magnolia Oil & Gas Corporation Class A Common Stock (MGY) [ST] S 06/24/2025 08/13/2025 $1,001 - $15,000 Filing Status: New Subholding Of: Charles Schwab Brokerage Account 924",,,False,100,MGY,accepted,house_ptr_structure+v8_1,False,False,False,06/24/2025,False
20030891,Hon. Lisa McClain,Member,MI09,20030891.pdf,2025,404,SP,"Martin Marietta Materials, Inc. Common Stock","Martin Marietta Materials, Inc. Common Stock",MLM,MLM,ST,S,2025-06-10,2025-08-13,1001.0,15000.0,,"$1,001 - $15,000",valid_range,New,Charles Schwab Brokerage Account 924,,,,45,45,table,False,False,,False,0,False,True,100,True,20,False,https://disclosures-clerk.house.gov/public_disc/ptr-pdfs/2025/20030891.pdf,,,SP,"Martin Marietta Materials, Inc. Common Stock (MLM) [ST]","Martin Marietta Materials, Inc. Common Stock (MLM) [ST]",S,06/10/2025,08/13/2025,"$1,001 - $15,000",Filing Status: New Subholding Of: Charles Schwab Brokerage Account 924,"SP Martin Marietta Materials, Inc. Common Stock (MLM) [ST] S 06/10/2025 08/13/2025 $1,001 - $15,000 Filing Status: New Subholding Of: Charles Schwab Brokerage Account 924",,,False,100,MLM,accepted,house_ptr_structure+v8_1,False,False,False,06/10/2025,False
20030891,Hon. Lisa McClain,Member,MI09,20030891.pdf,2025,405,SP,"Martin Marietta Materials, Inc. Common Stock","Martin Marietta Materials, Inc. Common Stock",MLM,MLM,ST,P,2024-12-11,2025-08-11,1001.0,15000.0,,"$1,001 - $15,000",valid_range,New,Charles Schwab Brokerage Account 548,,,,46,46,table,False,False,,False,0,False,False,100,True,20,False,https://disclosures-clerk.house.gov/public_disc/ptr-pdfs/2025/20030891.pdf,,,SP,"Martin Marietta Materials, Inc. Common Stock (MLM) [ST] Filing Status: New Subholding Of: Charles Schwab Brokera","Martin Marietta Materials, Inc. Common Stock (MLM) [ST]",P age Account 548,12/11/2024,08/11/2025,"$1,001 - $15,000",,"SP Martin Marietta Materials, Inc. Common Stock (MLM) [ST] P 12/11/2024 08/11/2025 $1,001 - $15,000 Filing Status: New Subholding Of: Charles Schwab Brokerage Account 548",,,False,100,MLM,accepted,house_ptr_structure+v8_1,False,False,False,12/11/2024,False
20030891,Hon. Lisa McClain,Member,MI09,20030891.pdf,2025,406,SP,"MasTec, Inc. Common Stock","MasTec, Inc. Common Stock",MTZ,MTZ,ST,P,2025-06-11,2025-08-13,1001.0,15000.0,,"$1,001 - $15,000",valid_range,New,Charles Schwab Brokerage Account 924,,,,46,46,table,False,False,,False,0,False,True,100,True,20,False,https://disclosures-clerk.house.gov/public_disc/ptr-pdfs/2025/20030891.pdf,,,SP,"MasTec, Inc. Common Stock (MTZ) [ST]","MasTec, Inc. Common Stock (MTZ) [ST]",P,06/11/2025,08/13/2025,"$1,001 - $15,000",Filing Status: New Subholding Of: Charles Schwab Brokerage Account 924,"SP MasTec, Inc. Common Stock (MTZ) [ST] P 06/11/2025 08/13/2025 $1,001 - $15,000 Filing Status: New Subholding Of: Charles Schwab Brokerage Account 924",,,False,100,MTZ,accepted,house_ptr_structure+v8_1,False,False,False,06/11/2025,False
20030891,Hon. Lisa McClain,Member,MI09,20030891.pdf,2025,407,SP,Mastercard Incorporated Common Stock,Mastercard Incorporated Common Stock,MA,MA,ST,S,2025-06-24,2025-08-13,1001.0,15000.0,,"$1,001 - $15,000",valid_range,New,Charles Schwab Brokerage Account 924,,,,46,46,table,False,False,,False,0,False,False,100,True,20,False,https://disclosures-clerk.house.gov/public_disc/ptr-pdfs/2025/20030891.pdf,,,SP,Mastercard Incorporated Common Stock (MA) [ST] Filing Status: New Subholding Of: Charles Schwab Brokera,Mastercard Incorporated Common Stock (MA) [ST],S age Account 924,06/24/2025,08/13/2025,"$1,001 - $15,000",,"SP Mastercard Incorporated Common Stock (MA) [ST] S 06/24/2025 08/13/2025 $1,001 - $15,000 Filing Status: New Subholding Of: Charles Schwab Brokerage Account 924",,,False,100,MA,accepted,house_ptr_structure+v8_1,False,False,False,06/24/2025,False
20030891,Hon. Lisa McClain,Member,MI09,20030891.pdf,2025,408,SP,Mastercard Incorporated Common Stock,Mastercard Incorporated Common Stock,MA,MA,ST,P,2025-06-17,2025-08-13,1001.0,15000.0,,"$1,001 - $15,000",valid_range,New,Charles Schwab Brokerage Account 924,,,,46,46,table,False,False,,False,0,False,True,100,True,20,False,https://disclosures-clerk.house.gov/public_disc/ptr-pdfs/2025/20030891.pdf,,,SP,Mastercard Incorporated Common Stock (MA) [ST],Mastercard Incorporated Common Stock (MA) [ST],P,06/17/2025,08/13/2025,"$1,001 - $15,000",Filing Status: New Subholding Of: Charles Schwab Brokerage Account 924,"SP Mastercard Incorporated Common Stock (MA) [ST] P 06/17/2025 08/13/2025 $1,001 - $15,000 Filing Status: New Subholding Of: Charles Schwab Brokerage Account 924",,,False,100,MA,accepted,house_ptr_structure+v8_1,False,False,False,06/17/2025,False
20030891,Hon. Lisa McClain,Member,MI09,20030891.pdf,2025,409,SP,"McCormick & Company, Incorporated Common Stock","McCormick & Company, Incorporated Common Stock",MKC,MKC,ST,P,2025-07-22,2025-08-13,1001.0,15000.0,,"$1,001 - $15,000",valid_range,New,Charles Schwab Brokerage Account 924,,,,46,46,table,False,False,,False,0,False,False,100,True,20,False,https://disclosures-clerk.house.gov/public_disc/ptr-pdfs/2025/20030891.pdf,,,SP,"McCormick & Company, Incorporated Common Stock (MKC) [ST] Filing Status: New Subholding Of: Charles Schwab Brokera","McCormick & Company, Incorporated Common Stock (MKC) [ST]",P age Account 924,07/22/2025,08/13/2025,"$1,001 - $15,000",,"SP McCormick & Company, Incorporated Common Stock (MKC) [ST] P 07/22/2025 08/13/2025 $1,001 - $15,000 Filing Status: New Subholding Of: Charles Schwab Brokerage Account 924",,,False,100,MKC,accepted,house_ptr_structure+v8_1,False,False,False,07/22/2025,False
20030891,Hon. Lisa McClain,Member,MI09,20030891.pdf,2025,410,SP,McDonald's Corporation Common Stock,McDonald's Corporation Common Stock,MCD,MCD,ST,P,2025-06-24,2025-08-13,1001.0,15000.0,,"$1,001 - $15,000",valid_range,New,Charles Schwab Brokerage Account 924,,,,46,46,table,False,False,,False,0,False,True,100,True,20,False,https://disclosures-clerk.house.gov/public_disc/ptr-pdfs/2025/20030891.pdf,,,SP,McDonald's Corporation Common Stock (MCD) [ST],McDonald's Corporation Common Stock (MCD) [ST],P,06/24/2025,08/13/2025,"$1,001 - $15,000",Filing Status: New Subholding Of: Charles Schwab Brokerage Account 924,"SP McDonald's Corporation Common Stock (MCD) [ST] P 06/24/2025 08/13/2025 $1,001 - $15,000 Filing Status: New Subholding Of: Charles Schwab Brokerage Account 924",,,False,100,MCD,accepted,house_ptr_structure+v8_1,False,False,False,06/24/2025,False
20030891,Hon. Lisa McClain,Member,MI09,20030891.pdf,2025,411,SP,"Medpace Holdings, Inc. - Common Stock","Medpace Holdings, Inc. - Common Stock",MEDP,MEDP,ST,P,2025-07-22,2025-08-13,1001.0,15000.0,,"$1,001 - $15,000",valid_range,New,Charles Schwab Brokerage Account 924,,,,46,46,table,False,False,,False,0,False,False,100,True,20,False,https://disclosures-clerk.house.gov/public_disc/ptr-pdfs/2025/20030891.pdf,,,SP,"Medpace Holdings, Inc. - Common Stock (MEDP) [ST] Filing Status: New Subholding Of: Charles Schwab Brokera","Medpace Holdings, Inc. - Common Stock (MEDP) [ST]",P age Account 924,07/22/2025,08/13/2025,"$1,001 - $15,000",,"SP Medpace Holdings, Inc. - Common Stock (MEDP) [ST] P 07/22/2025 08/13/2025 $1,001 - $15,000 Filing Status: New Subholding Of: Charles Schwab Brokerage Account 924",,,False,100,MEDP,accepted,house_ptr_structure+v8_1,False,False,False,07/22/2025,False
20030891,Hon. Lisa McClain,Member,MI09,20030891.pdf,2025,412,SP,"Merck & Company, Inc. Common Stock","Merck & Company, Inc. Common Stock",MRK,MRK,ST,P,2025-06-24,2025-08-13,1001.0,15000.0,,"$1,001 - $15,000",valid_range,New,Charles Schwab Brokerage Account 924,,,,46,46,table,False,False,,False,0,False,True,100,True,20,False,https://disclosures-clerk.house.gov/public_disc/ptr-pdfs/2025/20030891.pdf,,,SP,"Merck & Company, Inc. Common Stock (MRK) [ST]","Merck & Company, Inc. Common Stock (MRK) [ST]",P,06/24/2025,08/13/2025,"$1,001 - $15,000",Filing Status: New Subholding Of: Charles Schwab Brokerage Account 924,"SP Merck & Company, Inc. Common Stock (MRK) [ST] P 06/24/2025 08/13/2025 $1,001 - $15,000 Filing Status: New Subholding Of: Charles Schwab Brokerage Account 924",,,False,100,MRK,accepted,house_ptr_structure+v8_1,False,False,False,06/24/2025,False
20030891,Hon. Lisa McClain,Member,MI09,20030891.pdf,2025,413,SP,"Merit Medical Systems, Inc. - Common Stock","Merit Medical Systems, Inc. - Common Stock",MMSI,MMSI,ST,P,2025-07-22,2025-08-13,1001.0,15000.0,,"$1,001 - $15,000",valid_range,New,Charles Schwab Brokerage Account 924,,,,46,46,table,False,False,,False,0,False,False,100,True,20,False,https://disclosures-clerk.house.gov/public_disc/ptr-pdfs/2025/20030891.pdf,,,SP,"Merit Medical Systems, Inc. - Common Stock (MMSI) [ST] Filing Status: New Subholding Of: Charles Schwab Brokera","Merit Medical Systems, Inc. - Common Stock (MMSI) [ST]",P age Account 924,07/22/2025,08/13/2025,"$1,001 - $15,000",,"SP Merit Medical Systems, Inc. - Common Stock (MMSI) [ST] P 07/22/2025 08/13/2025 $1,001 - $15,000 Filing Status: New Subholding Of: Charles Schwab Brokerage Account 924",,,False,100,MMSI,accepted,house_ptr_structure+v8_1,False,False,False,07/22/2025,False
20030891,Hon. Lisa McClain,Member,MI09,20030891.pdf,2025,414,SP,"Meta Platforms, Inc. - Class A Common Stock","Meta Platforms, Inc. - Class A Common Stock",META,META,ST,P,2025-07-16,2025-08-13,1001.0,15000.0,,"$1,001 - $15,000",valid_range,New,Charles Schwab Brokerage Account 924,,,,47,47,table,False,False,,False,0,False,True,100,True,20,False,https://disclosures-clerk.house.gov/public_disc/ptr-pdfs/2025/20030891.pdf,,,SP,"Meta Platforms, Inc. - Class A Common Stock (META) [ST]","Meta Platforms, Inc. - Class A Common Stock (META) [ST]",P,07/16/2025,08/13/2025,"$1,001 - $15,000",Filing Status: New Subholding Of: Charles Schwab Brokerage Account 924,"SP Meta Platforms, Inc. - Class A Common Stock (META) [ST] P 07/16/2025 08/13/2025 $1,001 - $15,000 Filing Status: New Subholding Of: Charles Schwab Brokerage Account 924",,,False,100,META,accepted,house_ptr_structure+v8_1,False,False,False,07/16/2025,False
20030891,Hon. Lisa McClain,Member,MI09,20030891.pdf,2025,415,SP,"Meta Platforms, Inc. - Class A Common Stock","Meta Platforms, Inc. - Class A Common Stock",META,META,ST,P,2025-07-22,2025-08-13,1001.0,15000.0,,"$1,001 - $15,000",valid_range,New,Charles Schwab Brokerage Account 924,,,,47,47,table,False,False,,False,0,False,False,100,True,20,False,https://disclosures-clerk.house.gov/public_disc/ptr-pdfs/2025/20030891.pdf,,,SP,"Meta Platforms, Inc. - Class A Common Stock (META) [ST] Filing Status: New Subholding Of: Charles Schwab Brokera","Meta Platforms, Inc. - Class A Common Stock (META) [ST]",P age Account 924,07/22/2025,08/13/2025,"$1,001 - $15,000",,"SP Meta Platforms, Inc. - Class A Common Stock (META) [ST] P 07/22/2025 08/13/2025 $1,001 - $15,000 Filing Status: New Subholding Of: Charles Schwab Brokerage Account 924",,,False,100,META,accepted,house_ptr_structure+v8_1,False,False,False,07/22/2025,False
20030891,Hon. Lisa McClain,Member,MI09,20030891.pdf,2025,416,SP,"Meta Platforms, Inc. - Class A Common Stock","Meta Platforms, Inc. - Class A Common Stock",META,META,ST,P,2024-12-11,2025-08-11,1001.0,15000.0,,"$1,001 - $15,000",valid_range,New,Charles Schwab Brokerage Account 548,,,,47,47,table,False,False,,False,0,False,True,100,True,20,False,https://disclosures-clerk.house.gov/public_disc/ptr-pdfs/2025/20030891.pdf,,,SP,"Meta Platforms, Inc. - Class A Common Stock (META) [ST]","Meta Platforms, Inc. - Class A Common Stock (META) [ST]",P,12/11/2024,08/11/2025,"$1,001 - $15,000",Filing Status: New Subholding Of: Charles Schwab Brokerage Account 548,"SP Meta Platforms, Inc. - Class A Common Stock (META) [ST] P 12/11/2024 08/11/2025 $1,001 - $15,000 Filing Status: New Subholding Of: Charles Schwab Brokerage Account 548",,,False,100,META,accepted,house_ptr_structure+v8_1,False,False,False,12/11/2024,False
20030891,Hon. Lisa McClain,Member,MI09,20030891.pdf,2025,417,SP,MGIC Investment Corporation Common Stock,MGIC Investment Corporation Common Stock,MTG,MTG,ST,P,2025-06-11,2025-08-13,1001.0,15000.0,,"$1,001 - $15,000",valid_range,New,Charles Schwab Brokerage Account 924,,,,47,47,table,False,False,,False,0,False,False,100,True,20,False,https://disclosures-clerk.house.gov/public_disc/ptr-pdfs/2025/20030891.pdf,,,SP,MGIC Investment Corporation Common Stock (MTG) [ST] Filing Status: New Subholding Of: Charles Schwab Brokera,MGIC Investment Corporation Common Stock (MTG) [ST],P age Account 924,06/11/2025,08/13/2025,"$1,001 - $15,000",,"SP MGIC Investment Corporation Common Stock (MTG) [ST] P 06/11/2025 08/13/2025 $1,001 - $15,000 Filing Status: New Subholding Of: Charles Schwab Brokerage Account 924",,,False,100,MTG,accepted,house_ptr_structure+v8_1,False,False,False,06/11/2025,False
20030891,Hon. Lisa McClain,Member,MI09,20030891.pdf,2025,418,SP,MGIC Investment Corporation Common Stock,MGIC Investment Corporation Common Stock,MTG,MTG,ST,S,2025-06-17,2025-08-13,1001.0,15000.0,,"$1,001 - $15,000",valid_range,New,Charles Schwab Brokerage Account 924,,,,47,47,table,False,False,,False,0,False,True,100,True,20,False,https://disclosures-clerk.house.gov/public_disc/ptr-pdfs/2025/20030891.pdf,,,SP,MGIC Investment Corporation Common Stock (MTG) [ST],MGIC Investment Corporation Common Stock (MTG) [ST],S,06/17/2025,08/13/2025,"$1,001 - $15,000",Filing Status: New Subholding Of: Charles Schwab Brokerage Account 924,"SP MGIC Investment Corporation Common Stock (MTG) [ST] S 06/17/2025 08/13/2025 $1,001 - $15,000 Filing Status: New Subholding Of: Charles Schwab Brokerage Account 924",,,False,100,MTG,accepted,house_ptr_structure+v8_1,False,False,False,06/17/2025,False
20030891,Hon. Lisa McClain,Member,MI09,20030891.pdf,2025,419,SP,Michigan ST Trunk L 5%33 COMB Tax Due 11/15/33,Michigan ST Trunk L 5%33 COMB Tax Due 11/15/33,,,GS,P,2025-02-06,2025-08-13,15001.0,50000.0,,"$15,001 - $50,000",valid_range,New,Charles Schwab Brokerage Account 919,,,,47,47,table,False,False,,False,0,False,False,100,True,20,False,https://disclosures-clerk.house.gov/public_disc/ptr-pdfs/2025/20030891.pdf,,,SP,Michigan ST Trunk L 5%33 COMB Tax Due 11/15/33 [GS] Filing Status: New Subholding Of: Charles Schwab Brokera,Michigan ST Trunk L 5%33 COMB Tax Due 11/15/33 [GS],P age Account 919,02/06/2025,08/13/2025,"$15,001 - $50,000",,"SP Michigan ST Trunk L 5%33 COMB Tax Due 11/15/33 [GS] P 02/06/2025 08/13/2025 $15,001 - $50,000 Filing Status: New Subholding Of: Charles Schwab Brokerage Account 919",,,False,100,,not_applicable,,False,False,False,02/06/2025,False
20030891,Hon. Lisa McClain,Member,MI09,20030891.pdf,2025,420,SP,MICHIGAN ST TRUNK LI REV 5% 11/15/2033 CALLABLE,MICHIGAN ST TRUNK LI REV 5% 11/15/2033 CALLABLE,,,GS,S,2025-06-06,2025-08-13,15001.0,50000.0,,"$15,001 - $50,000",valid_range,New,Charles Schwab Brokerage Account 924,,,,47,47,table,False,False,,False,0,False,True,100,True,20,False,https://disclosures-clerk.house.gov/public_disc/ptr-pdfs/2025/20030891.pdf,,,SP,MICHIGAN ST TRUNK LI REV 5% 11/15/2033 CALLABLE [GS],MICHIGAN ST TRUNK LI REV 5% 11/15/2033 CALLABLE [GS],S,06/06/2025,08/13/2025,"$15,001 - $50,000",Filing Status: New Subholding Of: Charles Schwab Brokerage Account 924,"SP MICHIGAN ST TRUNK LI REV 5% 11/15/2033 CALLABLE [GS] S 06/06/2025 08/13/2025 $15,001 - $50,000 Filing Status: New Subholding Of: Charles Schwab Brokerage Account 924",,,False,100,,not_applicable,,False,False,False,06/06/2025,False
20030891,Hon. Lisa McClain,Member,MI09,20030891.pdf,2025,421,SP,MICHIGAN ST TRUNK LI REV 5% 11/15/2038 CALLABLE,MICHIGAN ST TRUNK LI REV 5% 11/15/2038 CALLABLE,,,GS,S,2025-06-06,2025-08-13,15001.0,50000.0,,"$15,001 - $50,000",valid_range,New,Charles Schwab Brokerage Account 924,,,,47,47,table,False,False,,False,0,False,False,100,True,20,False,https://disclosures-clerk.house.gov/public_disc/ptr-pdfs/2025/20030891.pdf,,,SP,MICHIGAN ST TRUNK LI REV 5% 11/15/2038 CALLABLE [GS] Filing Status: New Subholding Of: Charles Schwab Brokera,MICHIGAN ST TRUNK LI REV 5% 11/15/2038 CALLABLE [GS],S age Account 924,06/06/2025,08/13/2025,"$15,001 - $50,000",,"SP MICHIGAN ST TRUNK LI REV 5% 11/15/2038 CALLABLE [GS] S 06/06/2025 08/13/2025 $15,001 - $50,000 Filing Status: New Subholding Of: Charles Schwab Brokerage Account 924",,,False,100,,not_applicable,,False,False,False,06/06/2025,False
20030891,Hon. Lisa McClain,Member,MI09,20030891.pdf,2025,422,SP,Michigan Trunk L 5%38 COMB TAX Due 11/15/38,Michigan Trunk L 5%38 COMB TAX Due 11/15/38,,,GS,P,2025-01-31,2025-08-13,15001.0,50000.0,,"$15,001 - $50,000",valid_range,New,Charles Schwab Brokerage Account 919,,,,47,47,table,False,False,,False,0,False,True,100,True,20,False,https://disclosures-clerk.house.gov/public_disc/ptr-pdfs/2025/20030891.pdf,,,SP,Michigan Trunk L 5%38 COMB TAX Due 11/15/38 [GS],Michigan Trunk L 5%38 COMB TAX Due 11/15/38 [GS],P,01/31/2025,08/13/2025,"$15,001 - $50,000",Filing Status: New Subholding Of: Charles Schwab Brokerage Account 919,"SP Michigan Trunk L 5%38 COMB TAX Due 11/15/38 [GS] P 01/31/2025 08/13/2025 $15,001 - $50,000 Filing Status: New Subholding Of: Charles Schwab Brokerage Account 919",,,False,100,,not_applicable,,False,False,False,01/31/2025,False
20030891,Hon. Lisa McClain,Member,MI09,20030891.pdf,2025,423,SP,"Micron Technology, Inc. - Common Stock","Micron Technology, Inc. - Common Stock",MU,MU,ST,P,2025-07-22,2025-08-13,1001.0,15000.0,,"$1,001 - $15,000",valid_range,New,Charles Schwab Brokerage Account 924,,,,48,48,table,False,False,,False,0,False,False,100,True,20,False,https://disclosures-clerk.house.gov/public_disc/ptr-pdfs/2025/20030891.pdf,,,SP,"Micron Technology, Inc. - Common Stock (MU) [ST] Filing Status: New Subholding Of: Charles Schwab Brokera","Micron Technology, Inc. - Common Stock (MU) [ST]",P age Account 924,07/22/2025,08/13/2025,"$1,001 - $15,000",,"SP Micron Technology, Inc. - Common Stock (MU) [ST] P 07/22/2025 08/13/2025 $1,001 - $15,000 Filing Status: New Subholding Of: Charles Schwab Brokerage Account 924",,,False,100,MU,accepted,house_ptr_structure+v8_1,False,False,False,07/22/2025,False
20030891,Hon. Lisa McClain,Member,MI09,20030891.pdf,2025,424,SP,Microsoft Corporation - Common Stock,Microsoft Corporation - Common Stock,MSFT,MSFT,ST,P,2025-07-16,2025-08-13,1001.0,15000.0,,"$1,001 - $15,000",valid_range,New,Charles Schwab Brokerage Account 924,,,,48,48,table,False,False,,False,0,False,True,100,True,20,False,https://disclosures-clerk.house.gov/public_disc/ptr-pdfs/2025/20030891.pdf,,,SP,Microsoft Corporation - Common Stock (MSFT) [ST],Microsoft Corporation - Common Stock (MSFT) [ST],P,07/16/2025,08/13/2025,"$1,001 - $15,000",Filing Status: New Subholding Of: Charles Schwab Brokerage Account 924,"SP Microsoft Corporation - Common Stock (MSFT) [ST] P 07/16/2025 08/13/2025 $1,001 - $15,000 Filing Status: New Subholding Of: Charles Schwab Brokerage Account 924",,,False,100,MSFT,accepted,house_ptr_structure+v8_1,False,False,False,07/16/2025,False
20030891,Hon. Lisa McClain,Member,MI09,20030891.pdf,2025,425,SP,Microsoft Corporation - Common Stock,Microsoft Corporation - Common Stock,MSFT,MSFT,ST,P,2024-12-11,2025-08-11,1001.0,15000.0,,"$1,001 - $15,000",valid_range,New,Charles Schwab Brokerage Account 548,,,,48,48,table,False,False,,False,0,False,False,100,True,20,False,https://disclosures-clerk.house.gov/public_disc/ptr-pdfs/2025/20030891.pdf,,,SP,Microsoft Corporation - Common Stock (MSFT) [ST] Filing Status: New Subholding Of: Charles Schwab Brokera,Microsoft Corporation - Common Stock (MSFT) [ST],P age Account 548,12/11/2024,08/11/2025,"$1,001 - $15,000",,"SP Microsoft Corporation - Common Stock (MSFT) [ST] P 12/11/2024 08/11/2025 $1,001 - $15,000 Filing Status: New Subholding Of: Charles Schwab Brokerage Account 548",,,False,100,MSFT,accepted,house_ptr_structure+v8_1,False,False,False,12/11/2024,False
20030891,Hon. Lisa McClain,Member,MI09,20030891.pdf,2025,426,SP,Microsoft Corporation - Common Stock,Microsoft Corporation - Common Stock,MSFT,MSFT,ST,P,2025-06-09,2025-08-13,15001.0,50000.0,,"$15,001 - $50,000",valid_range,New,Charles Schwab Brokerage Account 924,,,,48,48,table,False,False,,False,0,False,True,100,True,20,False,https://disclosures-clerk.house.gov/public_disc/ptr-pdfs/2025/20030891.pdf,,,SP,Microsoft Corporation - Common Stock (MSFT) [ST],Microsoft Corporation - Common Stock (MSFT) [ST],P,06/09/2025,08/13/2025,"$15,001 - $50,000",Filing Status: New Subholding Of: Charles Schwab Brokerage Account 924,"SP Microsoft Corporation - Common Stock (MSFT) [ST] P 06/09/2025 08/13/2025 $15,001 - $50,000 Filing Status: New Subholding Of: Charles Schwab Brokerage Account 924",,,False,100,MSFT,accepted,house_ptr_structure+v8_1,False,False,False,06/09/2025,False
20030891,Hon. Lisa McClain,Member,MI09,20030891.pdf,2025,427,SP,Microsoft Corporation - Common Stock,Microsoft Corporation - Common Stock,MSFT,MSFT,ST,S (partial),2025-06-11,2025-08-13,1001.0,15000.0,,"$1,001 - $15,000",valid_range,New,Charles Schwab Brokerage Account 924,,,,48,48,table,False,False,,False,0,False,False,100,True,20,False,https://disclosures-clerk.house.gov/public_disc/ptr-pdfs/2025/20030891.pdf,,,SP,Microsoft Corporation - Common Stock (MSFT) [ST] Filing Status: New Subholding Of: Charles Schwab Brokera,Microsoft Corporation - Common Stock (MSFT) [ST],S (partial) age Account 924,06/11/2025,08/13/2025,"$1,001 - $15,000",,"SP Microsoft Corporation - Common Stock (MSFT) [ST] S (partial) 06/11/2025 08/13/2025 $1,001 - $15,000 Filing Status: New Subholding Of: Charles Schwab Brokerage Account 924",,,False,100,MSFT,accepted,house_ptr_structure+v8_1,False,False,False,06/11/2025,False
20030891,Hon. Lisa McClain,Member,MI09,20030891.pdf,2025,428,SP,"Mitsubishi UFJ Financial Group, Inc. Common Stock","Mitsubishi UFJ Financial Group, Inc. Common Stock",MUFG,MUFG,ST,S,2025-07-16,2025-08-13,1001.0,15000.0,,"$1,001 - $15,000",valid_range,New,Charles Schwab Brokerage Account 924,,,,48,48,table,False,False,,False,0,False,True,100,True,20,False,https://disclosures-clerk.house.gov/public_disc/ptr-pdfs/2025/20030891.pdf,,,SP,"Mitsubishi UFJ Financial Group, Inc. Common Stock (MUFG) [ST]","Mitsubishi UFJ Financial Group, Inc. Common Stock (MUFG) [ST]",S,07/16/2025,08/13/2025,"$1,001 - $15,000",Filing Status: New Subholding Of: Charles Schwab Brokerage Account 924,"SP Mitsubishi UFJ Financial Group, Inc. Common Stock (MUFG) [ST] S 07/16/2025 08/13/2025 $1,001 - $15,000 Filing Status: New Subholding Of: Charles Schwab Brokerage Account 924",,,False,100,MUFG,accepted,house_ptr_structure+v8_1,False,False,False,07/16/2025,False
20030891,Hon. Lisa McClain,Member,MI09,20030891.pdf,2025,429,SP,"Mitsubishi UFJ Financial Group, Inc. Common Stock","Mitsubishi UFJ Financial Group, Inc. Common Stock",MUFG,MUFG,ST,P,2025-06-17,2025-08-13,1001.0,15000.0,,"$1,001 - $15,000",valid_range,New,Charles Schwab Brokerage Account 924,,,,48,48,table,False,False,,False,0,False,False,100,True,20,False,https://disclosures-clerk.house.gov/public_disc/ptr-pdfs/2025/20030891.pdf,,,SP,"Mitsubishi UFJ Financial Group, Inc. Common Stock (MUFG) [ST] Filing Status: New Subholding Of: Charles Schwab Brokera","Mitsubishi UFJ Financial Group, Inc. Common Stock (MUFG) [ST]",P age Account 924,06/17/2025,08/13/2025,"$1,001 - $15,000",,"SP Mitsubishi UFJ Financial Group, Inc. Common Stock (MUFG) [ST] P 06/17/2025 08/13/2025 $1,001 - $15,000 Filing Status: New Subholding Of: Charles Schwab Brokerage Account 924",,,False,100,MUFG,accepted,house_ptr_structure+v8_1,False,False,False,06/17/2025,False
20030891,Hon. Lisa McClain,Member,MI09,20030891.pdf,2025,430,SP,Monster Beverage Corporation - Common Stock,Monster Beverage Corporation - Common Stock,MNST,MNST,ST,S,2025-07-10,2025-08-13,1001.0,15000.0,,"$1,001 - $15,000",valid_range,New,Charles Schwab Brokerage Account 924,,,,48,48,table,False,False,,False,0,False,True,100,True,20,False,https://disclosures-clerk.house.gov/public_disc/ptr-pdfs/2025/20030891.pdf,,,SP,Monster Beverage Corporation - Common Stock (MNST) [ST],Monster Beverage Corporation - Common Stock (MNST) [ST],S,07/10/2025,08/13/2025,"$1,001 - $15,000",Filing Status: New Subholding Of: Charles Schwab Brokerage Account 924,"SP Monster Beverage Corporation - Common Stock (MNST) [ST] S 07/10/2025 08/13/2025 $1,001 - $15,000 Filing Status: New Subholding Of: Charles Schwab Brokerage Account 924",,,False,100,MNST,accepted,house_ptr_structure+v8_1,False,False,False,07/10/2025,False
20030891,Hon. Lisa McClain,Member,MI09,20030891.pdf,2025,431,SP,Monster Beverage Corporation - Common Stock,Monster Beverage Corporation - Common Stock,MNST,MNST,ST,P,2025-06-17,2025-08-13,1001.0,15000.0,,"$1,001 - $15,000",valid_range,New,Charles Schwab Brokerage Account 924,,,,48,48,table,False,False,,False,0,False,False,100,True,20,False,https://disclosures-clerk.house.gov/public_disc/ptr-pdfs/2025/20030891.pdf,,,SP,Monster Beverage Corporation - Common Stock (MNST) [ST] Filing Status: New Subholding Of: Charles Schwab Brokera,Monster Beverage Corporation - Common Stock (MNST) [ST],P age Account 924,06/17/2025,08/13/2025,"$1,001 - $15,000",,"SP Monster Beverage Corporation - Common Stock (MNST) [ST] P 06/17/2025 08/13/2025 $1,001 - $15,000 Filing Status: New Subholding Of: Charles Schwab Brokerage Account 924",,,False,100,MNST,accepted,house_ptr_structure+v8_1,False,False,False,06/17/2025,False
20030891,Hon. Lisa McClain,Member,MI09,20030891.pdf,2025,432,SP,Moody's Corporation Common Stock,Moody's Corporation Common Stock,MCO,MCO,ST,S (partial),2025-06-10,2025-08-13,1001.0,15000.0,,"$1,001 - $15,000",valid_range,New,Charles Schwab Brokerage Account 924,,,,49,49,table,False,False,,False,0,False,True,100,True,20,False,https://disclosures-clerk.house.gov/public_disc/ptr-pdfs/2025/20030891.pdf,,,SP,Moody's Corporation Common Stock (MCO) [ST],Moody's Corporation Common Stock (MCO) [ST],S (partial),06/10/2025,08/13/2025,"$1,001 - $15,000",Filing Status: New Subholding Of: Charles Schwab Brokerage Account 924,"SP Moody's Corporation Common Stock (MCO) [ST] S (partial) 06/10/2025 08/13/2025 $1,001 - $15,000 Filing Status: New Subholding Of: Charles Schwab Brokerage Account 924",,,False,100,MCO,accepted,house_ptr_structure+v8_1,False,False,False,06/10/2025,False
20030891,Hon. Lisa McClain,Member,MI09,20030891.pdf,2025,433,SP,Moody's Corporation Common Stock,Moody's Corporation Common Stock,MCO,MCO,ST,S,2025-06-11,2025-08-13,1001.0,15000.0,,"$1,001 - $15,000",valid_range,New,Charles Schwab Brokerage Account 924,,,,49,49,table,False,False,,False,0,False,False,100,True,20,False,https://disclosures-clerk.house.gov/public_disc/ptr-pdfs/2025/20030891.pdf,,,SP,Moody's Corporation Common Stock (MCO) [ST] Filing Status: New Subholding Of: Charles Schwab Brokera,Moody's Corporation Common Stock (MCO) [ST],S age Account 924,06/11/2025,08/13/2025,"$1,001 - $15,000",,"SP Moody's Corporation Common Stock (MCO) [ST] S 06/11/2025 08/13/2025 $1,001 - $15,000 Filing Status: New Subholding Of: Charles Schwab Brokerage Account 924",,,False,100,MCO,accepted,house_ptr_structure+v8_1,False,False,False,06/11/2025,False
20030891,Hon. Lisa McClain,Member,MI09,20030891.pdf,2025,434,SP,Moody's Corporation Common Stock,Moody's Corporation Common Stock,MCO,MCO,ST,P,2024-12-11,2025-08-11,1001.0,15000.0,,"$1,001 - $15,000",valid_range,New,Charles Schwab Brokerage Account 548,,,,49,49,table,False,False,,False,0,False,True,100,True,20,False,https://disclosures-clerk.house.gov/public_disc/ptr-pdfs/2025/20030891.pdf,,,SP,Moody's Corporation Common Stock (MCO) [ST],Moody's Corporation Common Stock (MCO) [ST],P,12/11/2024,08/11/2025,"$1,001 - $15,000",Filing Status: New Subholding Of: Charles Schwab Brokerage Account 548,"SP Moody's Corporation Common Stock (MCO) [ST] P 12/11/2024 08/11/2025 $1,001 - $15,000 Filing Status: New Subholding Of: Charles Schwab Brokerage Account 548",,,False,100,MCO,accepted,house_ptr_structure+v8_1,False,False,False,12/11/2024,False
20030891,Hon. Lisa McClain,Member,MI09,20030891.pdf,2025,435,SP,"Morningstar, Inc. - Common Stock","Morningstar, Inc. - Common Stock",MORN,MORN,ST,P,2025-07-22,2025-08-13,1001.0,15000.0,,"$1,001 - $15,000",valid_range,New,Charles Schwab Brokerage Account 924,,,,49,49,table,False,False,,False,0,False,False,100,True,20,False,https://disclosures-clerk.house.gov/public_disc/ptr-pdfs/2025/20030891.pdf,,,SP,"Morningstar, Inc. - Common Stock (MORN) [ST] Filing Status: New Subholding Of: Charles Schwab Brokera","Morningstar, Inc. - Common Stock (MORN) [ST]",P age Account 924,07/22/2025,08/13/2025,"$1,001 - $15,000",,"SP Morningstar, Inc. - Common Stock (MORN) [ST] P 07/22/2025 08/13/2025 $1,001 - $15,000 Filing Status: New Subholding Of: Charles Schwab Brokerage Account 924",,,False,100,MORN,accepted,house_ptr_structure+v8_1,False,False,False,07/22/2025,False
20030891,Hon. Lisa McClain,Member,MI09,20030891.pdf,2025,436,SP,National Beverage Corp. - Common Stock,National Beverage Corp. - Common Stock,FIZZ,FIZZ,ST,P,2025-06-11,2025-08-13,1001.0,15000.0,,"$1,001 - $15,000",valid_range,New,Charles Schwab Brokerage Account 924,,,,49,49,table,False,False,,False,0,False,True,100,True,20,False,https://disclosures-clerk.house.gov/public_disc/ptr-pdfs/2025/20030891.pdf,,,SP,National Beverage Corp. - Common Stock (FIZZ) [ST],National Beverage Corp. - Common Stock (FIZZ) [ST],P,06/11/2025,08/13/2025,"$1,001 - $15,000",Filing Status: New Subholding Of: Charles Schwab Brokerage Account 924,"SP National Beverage Corp. - Common Stock (FIZZ) [ST] P 06/11/2025 08/13/2025 $1,001 - $15,000 Filing Status: New Subholding Of: Charles Schwab Brokerage Account 924",,,False,100,FIZZ,accepted,house_ptr_structure+v8_1,False,False,False,06/11/2025,False
20030891,Hon. Lisa McClain,Member,MI09,20030891.pdf,2025,437,SP,National Beverage Corp. - Common Stock,National Beverage Corp. - Common Stock,FIZZ,FIZZ,ST,S,2025-06-17,2025-08-13,1001.0,15000.0,,"$1,001 - $15,000",valid_range,New,Charles Schwab Brokerage Account 924,,,,49,49,table,False,False,,False,0,False,False,100,True,20,False,https://disclosures-clerk.house.gov/public_disc/ptr-pdfs/2025/20030891.pdf,,,SP,National Beverage Corp. - Common Stock (FIZZ) [ST] Filing Status: New Subholding Of: Charles Schwab Brokera,National Beverage Corp. - Common Stock (FIZZ) [ST],S age Account 924,06/17/2025,08/13/2025,"$1,001 - $15,000",,"SP National Beverage Corp. - Common Stock (FIZZ) [ST] S 06/17/2025 08/13/2025 $1,001 - $15,000 Filing Status: New Subholding Of: Charles Schwab Brokerage Account 924",,,False,100,FIZZ,accepted,house_ptr_structure+v8_1,False,False,False,06/17/2025,False
20030891,Hon. Lisa McClain,Member,MI09,20030891.pdf,2025,438,SP,"National Grid Transco, PLC National Grid PLC","National Grid Transco, PLC National Grid PLC",NGG,NGG,ST,S,2025-07-10,2025-08-13,1001.0,15000.0,,"$1,001 - $15,000",valid_range,New,Charles Schwab Brokerage Account 924,,,,49,49,table,False,False,,False,0,False,True,100,True,20,False,https://disclosures-clerk.house.gov/public_disc/ptr-pdfs/2025/20030891.pdf,,,SP,"National Grid Transco, PLC National Grid PLC (NGG) [ST]","National Grid Transco, PLC National Grid PLC (NGG) [ST]",S,07/10/2025,08/13/2025,"$1,001 - $15,000",Filing Status: New Subholding Of: Charles Schwab Brokerage Account 924,"SP National Grid Transco, PLC National Grid PLC (NGG) [ST] S 07/10/2025 08/13/2025 $1,001 - $15,000 Filing Status: New Subholding Of: Charles Schwab Brokerage Account 924",,,False,100,NGG,accepted,house_ptr_structure+v8_1,False,False,False,07/10/2025,False
20030891,Hon. Lisa McClain,Member,MI09,20030891.pdf,2025,439,SP,"National Grid Transco, PLC National Grid PLC","National Grid Transco, PLC National Grid PLC",NGG,NGG,ST,P,2025-06-24,2025-08-13,1001.0,15000.0,,"$1,001 - $15,000",valid_range,New,Charles Schwab Brokerage Account 924,,,,49,49,table,False,False,,False,0,False,False,100,True,20,False,https://disclosures-clerk.house.gov/public_disc/ptr-pdfs/2025/20030891.pdf,,,SP,"National Grid Transco, PLC National Grid PLC (NGG) [ST] Filing Status: New Subholding Of: Charles Schwab Brokera","National Grid Transco, PLC National Grid PLC (NGG) [ST]",P age Account 924,06/24/2025,08/13/2025,"$1,001 - $15,000",,"SP National Grid Transco, PLC National Grid PLC (NGG) [ST] P 06/24/2025 08/13/2025 $1,001 - $15,000 Filing Status: New Subholding Of: Charles Schwab Brokerage Account 924",,,False,100,NGG,accepted,house_ptr_structure+v8_1,False,False,False,06/24/2025,False
20030891,Hon. Lisa McClain,Member,MI09,20030891.pdf,2025,440,SP,"NatWest Group plc American Depositary Shares,","NatWest Group plc American Depositary Shares,",NWG,NWG,ST,S,2025-06-24,2025-08-13,1001.0,15000.0,,"$1,001 - $15,000",valid_range,New,Charles Schwab Brokerage Account 924,,,,49,49,table,False,False,,False,0,False,True,100,True,20,False,https://disclosures-clerk.house.gov/public_disc/ptr-pdfs/2025/20030891.pdf,,,SP,"NatWest Group plc American Depositary Shares, (NWG) [ST]","NatWest Group plc American Depositary Shares, (NWG) [ST]",S,06/24/2025,08/13/2025,"$1,001 - $15,000",Filing Status: New Subholding Of: Charles Schwab Brokerage Account 924,"SP NatWest Group plc American Depositary Shares, (NWG) [ST] S 06/24/2025 08/13/2025 $1,001 - $15,000 Filing Status: New Subholding Of: Charles Schwab Brokerage Account 924",,,False,100,NWG,accepted,house_ptr_structure+v8_1,False,False,False,06/24/2025,False
20030891,Hon. Lisa McClain,Member,MI09,20030891.pdf,2025,441,SP,"NatWest Group plc American Depositary Shares,","NatWest Group plc American Depositary Shares,",NWG,NWG,ST,P,2025-06-17,2025-08-13,1001.0,15000.0,,"$1,001 - $15,000",valid_range,New,Charles Schwab Brokerage Account 924,,,,50,50,table,False,False,,False,0,False,False,100,True,20,False,https://disclosures-clerk.house.gov/public_disc/ptr-pdfs/2025/20030891.pdf,,,SP,"NatWest Group plc American Depositary Shares, (NWG) [ST] Filing Status: New Subholding Of: Charles Schwab Brokera","NatWest Group plc American Depositary Shares, (NWG) [ST]",P age Account 924,06/17/2025,08/13/2025,"$1,001 - $15,000",,"SP NatWest Group plc American Depositary Shares, (NWG) [ST] P 06/17/2025 08/13/2025 $1,001 - $15,000 Filing Status: New Subholding Of: Charles Schwab Brokerage Account 924",,,False,100,NWG,accepted,house_ptr_structure+v8_1,False,False,False,06/17/2025,False
20030891,Hon. Lisa McClain,Member,MI09,20030891.pdf,2025,442,SP,"NetEase, Inc. - American Depositary Shares, each representing 5 ordinary shares","NetEase, Inc. - American Depositary Shares, each representing 5 ordinary shares",NTES,NTES,ST,S (partial),2025-06-17,2025-08-13,1001.0,15000.0,,"$1,001 - $15,000",valid_range,New,Charles Schwab Brokerage Account 924,,,,50,50,table,False,False,,False,0,False,True,100,True,20,False,https://disclosures-clerk.house.gov/public_disc/ptr-pdfs/2025/20030891.pdf,,,SP,"NetEase, Inc. - American Depositary Shares, each representing 5 ordinary shares (NTES) [ST]","NetEase, Inc. - American Depositary Shares, each representing 5 ordinary shares (NTES) [ST]",S (partial),06/17/2025,08/13/2025,"$1,001 - $15,000",Filing Status: New Subholding Of: Charles Schwab Brokerage Account 924,"SP NetEase, Inc. - American Depositary Shares, each representing 5 ordinary shares (NTES) [ST] S (partial) 06/17/2025 08/13/2025 $1,001 - $15,000 Filing Status: New Subholding Of: Charles Schwab Brokerage Account 924",,,False,100,NTES,accepted,house_ptr_structure+v8_1,False,False,False,06/17/2025,False
20030891,Hon. Lisa McClain,Member,MI09,20030891.pdf,2025,443,SP,"NetEase, Inc. - American Depositary Shares, each representing 5 ordinary shares","NetEase, Inc. - American Depositary Shares, each representing 5 ordinary shares",NTES,NTES,ST,P,2025-06-11,2025-08-13,1001.0,15000.0,,"$1,001 - $15,000",valid_range,New,Charles Schwab Brokerage Account 924,,,,50,50,table,False,False,,False,0,False,False,100,True,20,False,https://disclosures-clerk.house.gov/public_disc/ptr-pdfs/2025/20030891.pdf,,,SP,"NetEase, Inc. - American Depositary Shares, each representing 5 ordinary shares (NTES) [ST] Filing Status: New Subholding Of: Charles Schwab Brokera","NetEase, Inc. - American Depositary Shares, each representing 5 ordinary shares (NTES) [ST]",P age Account 924,06/11/2025,08/13/2025,"$1,001 - $15,000",,"SP NetEase, Inc. - American Depositary Shares, each representing 5 ordinary shares (NTES) [ST] P 06/11/2025 08/13/2025 $1,001 - $15,000 Filing Status: New Subholding Of: Charles Schwab Brokerage Account 924",,,False,100,NTES,accepted,house_ptr_structure+v8_1,False,False,False,06/11/2025,False
20030891,Hon. Lisa McClain,Member,MI09,20030891.pdf,2025,444,SP,"NetEase, Inc. - American Depositary Shares, each representing 5 ordinary shares","NetEase, Inc. - American Depositary Shares, each representing 5 ordinary shares",NTES,NTES,ST,P,2025-07-22,2025-08-13,1001.0,15000.0,,"$1,001 - $15,000",valid_range,New,Charles Schwab Brokerage Account 924,,,,50,50,table,False,False,,False,0,False,True,100,True,20,False,https://disclosures-clerk.house.gov/public_disc/ptr-pdfs/2025/20030891.pdf,,,SP,"NetEase, Inc. - American Depositary Shares, each representing 5 ordinary shares (NTES) [ST]","NetEase, Inc. - American Depositary Shares, each representing 5 ordinary shares (NTES) [ST]",P,07/22/2025,08/13/2025,"$1,001 - $15,000",Filing Status: New Subholding Of: Charles Schwab Brokerage Account 924,"SP NetEase, Inc. - American Depositary Shares, each representing 5 ordinary shares (NTES) [ST] P 07/22/2025 08/13/2025 $1,001 - $15,000 Filing Status: New Subholding Of: Charles Schwab Brokerage Account 924",,,False,100,NTES,accepted,house_ptr_structure+v8_1,False,False,False,07/22/2025,False
20030891,Hon. Lisa McClain,Member,MI09,20030891.pdf,2025,445,SP,"Netflix, Inc. - Common Stock","Netflix, Inc. - Common Stock",NFLX,NFLX,ST,P,2024-12-11,2025-08-11,1001.0,15000.0,,"$1,001 - $15,000",valid_range,New,Charles Schwab Brokerage Account 548,,,,50,50,table,False,False,,False,0,False,False,100,True,20,False,https://disclosures-clerk.house.gov/public_disc/ptr-pdfs/2025/20030891.pdf,,,SP,"Netflix, Inc. - Common Stock (NFLX) [ST] Filing Status: New Subholding Of: Charles Schwab Brokera","Netflix, Inc. - Common Stock (NFLX) [ST]",P age Account 548,12/11/2024,08/11/2025,"$1,001 - $15,000",,"SP Netflix, Inc. - Common Stock (NFLX) [ST] P 12/11/2024 08/11/2025 $1,001 - $15,000 Filing Status: New Subholding Of: Charles Schwab Brokerage Account 548",,,False,100,NFLX,accepted,house_ptr_structure+v8_1,False,False,False,12/11/2024,False
20030891,Hon. Lisa McClain,Member,MI09,20030891.pdf,2025,446,SP,"Neurocrine Biosciences, Inc. - Common Stock","Neurocrine Biosciences, Inc. - Common Stock",NBIX,NBIX,ST,S (partial),2025-06-17,2025-08-13,1001.0,15000.0,,"$1,001 - $15,000",valid_range,New,Charles Schwab Brokerage Account 924,,,,50,50,table,False,False,,False,0,False,True,100,True,20,False,https://disclosures-clerk.house.gov/public_disc/ptr-pdfs/2025/20030891.pdf,,,SP,"Neurocrine Biosciences, Inc. - Common Stock (NBIX) [ST]","Neurocrine Biosciences, Inc. - Common Stock (NBIX) [ST]",S (partial),06/17/2025,08/13/2025,"$1,001 - $15,000",Filing Status: New Subholding Of: Charles Schwab Brokerage Account 924,"SP Neurocrine Biosciences, Inc. - Common Stock (NBIX) [ST] S (partial) 06/17/2025 08/13/2025 $1,001 - $15,000 Filing Status: New Subholding Of: Charles Schwab Brokerage Account 924",,,False,100,NBIX,accepted,house_ptr_structure+v8_1,False,False,False,06/17/2025,False
20030891,Hon. Lisa McClain,Member,MI09,20030891.pdf,2025,447,SP,"Neurocrine Biosciences, Inc. - Common Stock","Neurocrine Biosciences, Inc. - Common Stock",NBIX,NBIX,ST,P,2025-06-11,2025-08-13,1001.0,15000.0,,"$1,001 - $15,000",valid_range,New,Charles Schwab Brokerage Account 924,,,,50,50,table,False,False,,False,0,False,False,100,True,20,False,https://disclosures-clerk.house.gov/public_disc/ptr-pdfs/2025/20030891.pdf,,,SP,"Neurocrine Biosciences, Inc. - Common Stock (NBIX) [ST] Filing Status: New Subholding Of: Charles Schwab Brokera","Neurocrine Biosciences, Inc. - Common Stock (NBIX) [ST]",P age Account 924,06/11/2025,08/13/2025,"$1,001 - $15,000",,"SP Neurocrine Biosciences, Inc. - Common Stock (NBIX) [ST] P 06/11/2025 08/13/2025 $1,001 - $15,000 Filing Status: New Subholding Of: Charles Schwab Brokerage Account 924",,,False,100,NBIX,accepted,house_ptr_structure+v8_1,False,False,False,06/11/2025,False
20030891,Hon. Lisa McClain,Member,MI09,20030891.pdf,2025,448,SP,New York Times Company,New York Times Company,NYT,NYT,ST,P,2025-07-22,2025-08-13,1001.0,15000.0,,"$1,001 - $15,000",valid_range,New,Charles Schwab Brokerage Account 924,,,,50,50,table,False,False,,False,0,False,True,100,True,20,False,https://disclosures-clerk.house.gov/public_disc/ptr-pdfs/2025/20030891.pdf,,,SP,New York Times Company (NYT) [ST],New York Times Company (NYT) [ST],P,07/22/2025,08/13/2025,"$1,001 - $15,000",Filing Status: New Subholding Of: Charles Schwab Brokerage Account 924,"SP New York Times Company (NYT) [ST] P 07/22/2025 08/13/2025 $1,001 - $15,000 Filing Status: New Subholding Of: Charles Schwab Brokerage Account 924",,,False,100,NYT,accepted,house_ptr_structure+v8_1,False,False,False,07/22/2025,False
20030891,Hon. Lisa McClain,Member,MI09,20030891.pdf,2025,449,SP,NewJersey Resources Corporation Common Stock,NewJersey Resources Corporation Common Stock,NJR,NJR,ST,S,2025-06-11,2025-08-13,1001.0,15000.0,,"$1,001 - $15,000",valid_range,New,Charles Schwab Brokerage Account 924,,,,50,51,table,False,False,,True,0,False,False,98,True,20,False,https://disclosures-clerk.house.gov/public_disc/ptr-pdfs/2025/20030891.pdf,,,SP,NewJersey Resources Corporation Common Stock (NJR) [ST] Filing Status: New,NewJersey Resources Corporation Common Stock (NJR) [ST] Subholding Of: Charles Schwab Brokerage Account 924,S,06/11/2025,08/13/2025,"$1,001 - $15,000",Subholding Of: Charles Schwab Brokerage Account 924,"SP NewJersey Resources Corporation Common Stock (NJR) [ST] S 06/11/2025 08/13/2025 $1,001 - $15,000 Filing Status: New Subholding Of: Charles Schwab Brokerage Account 924",,,False,98,NJR,accepted,house_ptr_structure+v8_1,False,False,False,06/11/2025,False
20030891,Hon. Lisa McClain,Member,MI09,20030891.pdf,2025,450,SP,NewJersey Resources Corporation Common Stock,NewJersey Resources Corporation Common Stock,NJR,NJR,ST,P,2025-06-09,2025-08-13,1001.0,15000.0,,"$1,001 - $15,000",valid_range,New,Charles Schwab Brokerage Account 924,,,,51,51,table,False,False,,False,0,False,True,100,True,20,False,https://disclosures-clerk.house.gov/public_disc/ptr-pdfs/2025/20030891.pdf,,,SP,NewJersey Resources Corporation Common Stock (NJR) [ST],NewJersey Resources Corporation Common Stock (NJR) [ST],P,06/09/2025,08/13/2025,"$1,001 - $15,000",Filing Status: New Subholding Of: Charles Schwab Brokerage Account 924,"SP NewJersey Resources Corporation Common Stock (NJR) [ST] P 06/09/2025 08/13/2025 $1,001 - $15,000 Filing Status: New Subholding Of: Charles Schwab Brokerage Account 924",,,False,100,NJR,accepted,house_ptr_structure+v8_1,False,False,False,06/09/2025,False
20030891,Hon. Lisa McClain,Member,MI09,20030891.pdf,2025,451,SP,Newmont Corporation,Newmont Corporation,NEM,NEM,ST,S (partial),2025-07-16,2025-08-13,1001.0,15000.0,,"$1,001 - $15,000",valid_range,New,Charles Schwab Brokerage Account 924,,,,51,51,table,False,False,,False,0,False,False,100,True,20,False,https://disclosures-clerk.house.gov/public_disc/ptr-pdfs/2025/20030891.pdf,,,SP,Newmont Corporation (NEM) [ST] Filing Status: New Subholding Of: Charles Schwab Brokera,Newmont Corporation (NEM) [ST],S (partial) age Account 924,07/16/2025,08/13/2025,"$1,001 - $15,000",,"SP Newmont Corporation (NEM) [ST] S (partial) 07/16/2025 08/13/2025 $1,001 - $15,000 Filing Status: New Subholding Of: Charles Schwab Brokerage Account 924",,,False,100,NEM,accepted,house_ptr_structure+v8_1,False,False,False,07/16/2025,False
20030891,Hon. Lisa McClain,Member,MI09,20030891.pdf,2025,452,SP,Newmont Corporation,Newmont Corporation,NEM,NEM,ST,P,2025-06-17,2025-08-13,1001.0,15000.0,,"$1,001 - $15,000",valid_range,New,Charles Schwab Brokerage Account 924,,,,51,51,table,False,False,,False,0,False,True,100,True,20,False,https://disclosures-clerk.house.gov/public_disc/ptr-pdfs/2025/20030891.pdf,,,SP,Newmont Corporation (NEM) [ST],Newmont Corporation (NEM) [ST],P,06/17/2025,08/13/2025,"$1,001 - $15,000",Filing Status: New Subholding Of: Charles Schwab Brokerage Account 924,"SP Newmont Corporation (NEM) [ST] P 06/17/2025 08/13/2025 $1,001 - $15,000 Filing Status: New Subholding Of: Charles Schwab Brokerage Account 924",,,False,100,NEM,accepted,house_ptr_structure+v8_1,False,False,False,06/17/2025,False
20030891,Hon. Lisa McClain,Member,MI09,20030891.pdf,2025,453,SP,NICE Ltd - American Depositary Shares each representing one Ordinary Share,NICE Ltd - American Depositary Shares each representing one Ordinary Share,NICE,NICE,ST,S,2025-07-16,2025-08-13,1001.0,15000.0,,"$1,001 - $15,000",valid_range,New,Charles Schwab Brokerage Account 924,,,,51,51,table,False,False,,False,0,False,False,100,True,20,False,https://disclosures-clerk.house.gov/public_disc/ptr-pdfs/2025/20030891.pdf,,,SP,NICE Ltd - American Depositary Shares each representing one Ordinary Share (NICE) [ST] Filing Status: New Subholding Of: Charles Schwab Brokera,NICE Ltd - American Depositary Shares each representing one Ordinary Share (NICE) [ST],S age Account 924,07/16/2025,08/13/2025,"$1,001 - $15,000",,"SP NICE Ltd - American Depositary Shares each representing one Ordinary Share (NICE) [ST] S 07/16/2025 08/13/2025 $1,001 - $15,000 Filing Status: New Subholding Of: Charles Schwab Brokerage Account 924",,,False,100,NICE,accepted,house_ptr_structure+v8_1,False,False,False,07/16/2025,False
20030891,Hon. Lisa McClain,Member,MI09,20030891.pdf,2025,454,SP,"NNN REIT, Inc. Common Stock","NNN REIT, Inc. Common Stock",NNN,NNN,ST,P,2025-06-17,2025-08-13,1001.0,15000.0,,"$1,001 - $15,000",valid_range,New,Charles Schwab Brokerage Account 924,,,,51,51,table,False,False,,False,0,False,True,100,True,20,False,https://disclosures-clerk.house.gov/public_disc/ptr-pdfs/2025/20030891.pdf,,,SP,"NNN REIT, Inc. Common Stock (NNN) [ST]","NNN REIT, Inc. Common Stock (NNN) [ST]",P,06/17/2025,08/13/2025,"$1,001 - $15,000",Filing Status: New Subholding Of: Charles Schwab Brokerage Account 924,"SP NNN REIT, Inc. Common Stock (NNN) [ST] P 06/17/2025 08/13/2025 $1,001 - $15,000 Filing Status: New Subholding Of: Charles Schwab Brokerage Account 924",,,False,100,NNN,accepted,house_ptr_structure+v8_1,False,False,False,06/17/2025,False
20030891,Hon. Lisa McClain,Member,MI09,20030891.pdf,2025,455,SP,Nokia Corporation Sponsored American Depositary Shares,Nokia Corporation Sponsored American Depositary Shares,NOK,NOK,ST,S (partial),2025-06-17,2025-08-13,1001.0,15000.0,,"$1,001 - $15,000",valid_range,New,Charles Schwab Brokerage Account 924,,,,51,51,table,False,False,,False,0,False,False,100,True,20,False,https://disclosures-clerk.house.gov/public_disc/ptr-pdfs/2025/20030891.pdf,,,SP,Nokia Corporation Sponsored American Depositary Shares (NOK) [ST] Filing Status: New Subholding Of: Charles Schwab Brokera,Nokia Corporation Sponsored American Depositary Shares (NOK) [ST],S (partial) age Account 924,06/17/2025,08/13/2025,"$1,001 - $15,000",,"SP Nokia Corporation Sponsored American Depositary Shares (NOK) [ST] S (partial) 06/17/2025 08/13/2025 $1,001 - $15,000 Filing Status: New Subholding Of: Charles Schwab Brokerage Account 924",,,False,100,NOK,accepted,house_ptr_structure+v8_1,False,False,False,06/17/2025,False
20030891,Hon. Lisa McClain,Member,MI09,20030891.pdf,2025,456,SP,Nokia Corporation Sponsored American Depositary Shares,Nokia Corporation Sponsored American Depositary Shares,NOK,NOK,ST,P,2025-06-11,2025-08-13,1001.0,15000.0,,"$1,001 - $15,000",valid_range,New,Charles Schwab Brokerage Account 924,,,,51,51,table,False,False,,False,0,False,True,100,True,20,False,https://disclosures-clerk.house.gov/public_disc/ptr-pdfs/2025/20030891.pdf,,,SP,Nokia Corporation Sponsored American Depositary Shares (NOK) [ST],Nokia Corporation Sponsored American Depositary Shares (NOK) [ST],P,06/11/2025,08/13/2025,"$1,001 - $15,000",Filing Status: New Subholding Of: Charles Schwab Brokerage Account 924,"SP Nokia Corporation Sponsored American Depositary Shares (NOK) [ST] P 06/11/2025 08/13/2025 $1,001 - $15,000 Filing Status: New Subholding Of: Charles Schwab Brokerage Account 924",,,False,100,NOK,accepted,house_ptr_structure+v8_1,False,False,False,06/11/2025,False
20030891,Hon. Lisa McClain,Member,MI09,20030891.pdf,2025,457,SP,"Northern Oil and Gas, Inc. Common Stock","Northern Oil and Gas, Inc. Common Stock",NOG,NOG,ST,P,2025-07-16,2025-08-13,1001.0,15000.0,,"$1,001 - $15,000",valid_range,New,Charles Schwab Brokerage Account 924,,,,51,51,table,False,False,,False,0,False,False,100,True,20,False,https://disclosures-clerk.house.gov/public_disc/ptr-pdfs/2025/20030891.pdf,,,SP,"Northern Oil and Gas, Inc. Common Stock (NOG) [ST] Filing Status: New Subholding Of: Charles Schwab Brokera","Northern Oil and Gas, Inc. Common Stock (NOG) [ST]",P age Account 924,07/16/2025,08/13/2025,"$1,001 - $15,000",,"SP Northern Oil and Gas, Inc. Common Stock (NOG) [ST] P 07/16/2025 08/13/2025 $1,001 - $15,000 Filing Status: New Subholding Of: Charles Schwab Brokerage Account 924",,,False,100,NOG,accepted,house_ptr_structure+v8_1,False,False,False,07/16/2025,False
20030891,Hon. Lisa McClain,Member,MI09,20030891.pdf,2025,458,SP,Northern Trust Corporation - Common Stock,Northern Trust Corporation - Common Stock,NTRS,NTRS,ST,P,2025-06-17,2025-08-13,1001.0,15000.0,,"$1,001 - $15,000",valid_range,New,Charles Schwab Brokerage Account 924,,,,51,52,table,False,False,,True,0,False,True,98,True,20,False,https://disclosures-clerk.house.gov/public_disc/ptr-pdfs/2025/20030891.pdf,,,SP,Northern Trust Corporation - Common Stock (NTRS) [ST],Northern Trust Corporation - Common Stock (NTRS) [ST],P,06/17/2025,08/13/2025,"$1,001 - $15,000",Filing Status: New Subholding Of: Charles Schwab Brokerage Account 924,"SP Northern Trust Corporation - Common Stock (NTRS) [ST] P 06/17/2025 08/13/2025 $1,001 - $15,000 Filing Status: New Subholding Of: Charles Schwab Brokerage Account 924",,,False,98,NTRS,accepted,house_ptr_structure+v8_1,False,False,False,06/17/2025,False
20030891,Hon. Lisa McClain,Member,MI09,20030891.pdf,2025,459,SP,Northrop Grumman Corporation Common Stock,Northrop Grumman Corporation Common Stock,NOC,NOC,ST,P,2025-06-17,2025-08-13,1001.0,15000.0,,"$1,001 - $15,000",valid_range,New,Charles Schwab Brokerage Account 924,,,,52,52,table,False,False,,False,0,False,False,100,True,20,False,https://disclosures-clerk.house.gov/public_disc/ptr-pdfs/2025/20030891.pdf,,,SP,Northrop Grumman Corporation Common Stock (NOC) [ST] Filing Status: New Subholding Of: Charles Schwab Brokera,Northrop Grumman Corporation Common Stock (NOC) [ST],P age Account 924,06/17/2025,08/13/2025,"$1,001 - $15,000",,"SP Northrop Grumman Corporation Common Stock (NOC) [ST] P 06/17/2025 08/13/2025 $1,001 - $15,000 Filing Status: New Subholding Of: Charles Schwab Brokerage Account 924",,,False,100,NOC,accepted,house_ptr_structure+v8_1,False,False,False,06/17/2025,False
20030891,Hon. Lisa McClain,Member,MI09,20030891.pdf,2025,460,SP,Northrop Grumman Corporation Common Stock,Northrop Grumman Corporation Common Stock,NOC,NOC,ST,S,2025-06-24,2025-08-13,1001.0,15000.0,,"$1,001 - $15,000",valid_range,New,Charles Schwab Brokerage Account 924,,,,52,52,table,False,False,,False,0,False,True,100,True,20,False,https://disclosures-clerk.house.gov/public_disc/ptr-pdfs/2025/20030891.pdf,,,SP,Northrop Grumman Corporation Common Stock (NOC) [ST],Northrop Grumman Corporation Common Stock (NOC) [ST],S,06/24/2025,08/13/2025,"$1,001 - $15,000",Filing Status: New Subholding Of: Charles Schwab Brokerage Account 924,"SP Northrop Grumman Corporation Common Stock (NOC) [ST] S 06/24/2025 08/13/2025 $1,001 - $15,000 Filing Status: New Subholding Of: Charles Schwab Brokerage Account 924",,,False,100,NOC,accepted,house_ptr_structure+v8_1,False,False,False,06/24/2025,False
20030891,Hon. Lisa McClain,Member,MI09,20030891.pdf,2025,461,SP,"NorthWestern Energy Group, Inc. - Common Stock","NorthWestern Energy Group, Inc. - Common Stock",NWE,NWE,ST,S,2025-06-17,2025-08-13,1001.0,15000.0,,"$1,001 - $15,000",valid_range,New,Charles Schwab Brokerage Account 924,,,,52,52,table,False,False,,False,0,False,False,100,True,20,False,https://disclosures-clerk.house.gov/public_disc/ptr-pdfs/2025/20030891.pdf,,,SP,"NorthWestern Energy Group, Inc. - Common Stock (NWE) [ST] Filing Status: New Subholding Of: Charles Schwab Brokera","NorthWestern Energy Group, Inc. - Common Stock (NWE) [ST]",S age Account 924,06/17/2025,08/13/2025,"$1,001 - $15,000",,"SP NorthWestern Energy Group, Inc. - Common Stock (NWE) [ST] S 06/17/2025 08/13/2025 $1,001 - $15,000 Filing Status: New Subholding Of: Charles Schwab Brokerage Account 924",,,False,100,NWE,accepted,house_ptr_structure+v8_1,False,False,False,06/17/2025,False
20030891,Hon. Lisa McClain,Member,MI09,20030891.pdf,2025,462,SP,"NorthWestern Energy Group, Inc. - Common Stock","NorthWestern Energy Group, Inc. - Common Stock",NWE,NWE,ST,P,2025-06-09,2025-08-13,1001.0,15000.0,,"$1,001 - $15,000",valid_range,New,Charles Schwab Brokerage Account 924,,,,52,52,table,False,False,,False,0,False,True,100,True,20,False,https://disclosures-clerk.house.gov/public_disc/ptr-pdfs/2025/20030891.pdf,,,SP,"NorthWestern Energy Group, Inc. - Common Stock (NWE) [ST]","NorthWestern Energy Group, Inc. - Common Stock (NWE) [ST]",P,06/09/2025,08/13/2025,"$1,001 - $15,000",Filing Status: New Subholding Of: Charles Schwab Brokerage Account 924,"SP NorthWestern Energy Group, Inc. - Common Stock (NWE) [ST] P 06/09/2025 08/13/2025 $1,001 - $15,000 Filing Status: New Subholding Of: Charles Schwab Brokerage Account 924",,,False,100,NWE,accepted,house_ptr_structure+v8_1,False,False,False,06/09/2025,False
20030891,Hon. Lisa McClain,Member,MI09,20030891.pdf,2025,463,SP,Norwegian Cruise Line Holdings Ltd. Ordinary Shares,Norwegian Cruise Line Holdings Ltd. Ordinary Shares,NCLH,NCLH,ST,P,2025-06-17,2025-08-13,1001.0,15000.0,,"$1,001 - $15,000",valid_range,New,Charles Schwab Brokerage Account 924,,,,52,52,table,False,False,,False,0,False,False,100,True,20,False,https://disclosures-clerk.house.gov/public_disc/ptr-pdfs/2025/20030891.pdf,,,SP,Norwegian Cruise Line Holdings Ltd. Ordinary Shares (NCLH) [ST] Filing Status: New Subholding Of: Charles Schwab Brokera,Norwegian Cruise Line Holdings Ltd. Ordinary Shares (NCLH) [ST],P age Account 924,06/17/2025,08/13/2025,"$1,001 - $15,000",,"SP Norwegian Cruise Line Holdings Ltd. Ordinary Shares (NCLH) [ST] P 06/17/2025 08/13/2025 $1,001 - $15,000 Filing Status: New Subholding Of: Charles Schwab Brokerage Account 924",,,False,100,NCLH,accepted,house_ptr_structure+v8_1,False,False,False,06/17/2025,False
20030891,Hon. Lisa McClain,Member,MI09,20030891.pdf,2025,464,SP,NOV Inc. Common Stock,NOV Inc. Common Stock,NOV,NOV,ST,S,2025-07-16,2025-08-13,1001.0,15000.0,,"$1,001 - $15,000",valid_range,New,Charles Schwab Brokerage Account 924,,,,52,52,table,False,False,,False,0,False,True,100,True,20,False,https://disclosures-clerk.house.gov/public_disc/ptr-pdfs/2025/20030891.pdf,,,SP,NOV Inc. Common Stock (NOV) [ST],NOV Inc. Common Stock (NOV) [ST],S,07/16/2025,08/13/2025,"$1,001 - $15,000",Filing Status: New Subholding Of: Charles Schwab Brokerage Account 924,"SP NOV Inc. Common Stock (NOV) [ST] S 07/16/2025 08/13/2025 $1,001 - $15,000 Filing Status: New Subholding Of: Charles Schwab Brokerage Account 924",,,False,100,NOV,accepted,house_ptr_structure+v8_1,False,False,False,07/16/2025,False
20030891,Hon. Lisa McClain,Member,MI09,20030891.pdf,2025,465,SP,NOV Inc. Common Stock,NOV Inc. Common Stock,NOV,NOV,ST,P,2025-06-24,2025-08-13,1001.0,15000.0,,"$1,001 - $15,000",valid_range,New,Charles Schwab Brokerage Account 924,,,,52,52,table,False,False,,False,0,False,False,100,True,20,False,https://disclosures-clerk.house.gov/public_disc/ptr-pdfs/2025/20030891.pdf,,,SP,NOV Inc. Common Stock (NOV) [ST] Filing Status: New Subholding Of: Charles Schwab Brokera,NOV Inc. Common Stock (NOV) [ST],P age Account 924,06/24/2025,08/13/2025,"$1,001 - $15,000",,"SP NOV Inc. Common Stock (NOV) [ST] P 06/24/2025 08/13/2025 $1,001 - $15,000 Filing Status: New Subholding Of: Charles Schwab Brokerage Account 924",,,False,100,NOV,accepted,house_ptr_structure+v8_1,False,False,False,06/24/2025,False
20030891,Hon. Lisa McClain,Member,MI09,20030891.pdf,2025,466,SP,Novanta Inc. - Common Shares,Novanta Inc. - Common Shares,NOVT,NOVT,ST,P,2025-07-22,2025-08-13,1001.0,15000.0,,"$1,001 - $15,000",valid_range,New,Charles Schwab Brokerage Account 924,,,,52,52,table,False,False,,False,0,False,True,100,True,20,False,https://disclosures-clerk.house.gov/public_disc/ptr-pdfs/2025/20030891.pdf,,,SP,Novanta Inc. - Common Shares (NOVT) [ST],Novanta Inc. - Common Shares (NOVT) [ST],P,07/22/2025,08/13/2025,"$1,001 - $15,000",Filing Status: New Subholding Of: Charles Schwab Brokerage Account 924,"SP Novanta Inc. - Common Shares (NOVT) [ST] P 07/22/2025 08/13/2025 $1,001 - $15,000 Filing Status: New Subholding Of: Charles Schwab Brokerage Account 924",,,False,100,NOVT,accepted,house_ptr_structure+v8_1,False,False,False,07/22/2025,False
20030891,Hon. Lisa McClain,Member,MI09,20030891.pdf,2025,467,SP,Novartis AG Common Stock,Novartis AG Common Stock,NVS,NVS,ST,S (partial),2025-06-10,2025-08-13,1001.0,15000.0,,"$1,001 - $15,000",valid_range,New,Charles Schwab Brokerage Account 924,,,,52,53,table,False,False,,True,0,False,False,98,True,20,False,https://disclosures-clerk.house.gov/public_disc/ptr-pdfs/2025/20030891.pdf,,,SP,Novartis AG Common Stock (NVS) [ST] Filing Status: New,Novartis AG Common Stock (NVS) [ST] Subholding Of: Charles Schwab Brokerage Account 924,S (partial),06/10/2025,08/13/2025,"$1,001 - $15,000",Subholding Of: Charles Schwab Brokerage Account 924,"SP Novartis AG Common Stock (NVS) [ST] S (partial) 06/10/2025 08/13/2025 $1,001 - $15,000 Filing Status: New Subholding Of: Charles Schwab Brokerage Account 924",,,False,98,NVS,accepted,house_ptr_structure+v8_1,False,False,False,06/10/2025,False
20030891,Hon. Lisa McClain,Member,MI09,20030891.pdf,2025,468,SP,Novartis AG Common Stock,Novartis AG Common Stock,NVS,NVS,ST,S (partial),2025-07-22,2025-08-13,1001.0,15000.0,,"$1,001 - $15,000",valid_range,New,Charles Schwab Brokerage Account 924,,,,53,53,table,False,False,,False,0,False,True,100,True,20,False,https://disclosures-clerk.house.gov/public_disc/ptr-pdfs/2025/20030891.pdf,,,SP,Novartis AG Common Stock (NVS) [ST],Novartis AG Common Stock (NVS) [ST],S (partial),07/22/2025,08/13/2025,"$1,001 - $15,000",Filing Status: New Subholding Of: Charles Schwab Brokerage Account 924,"SP Novartis AG Common Stock (NVS) [ST] S (partial) 07/22/2025 08/13/2025 $1,001 - $15,000 Filing Status: New Subholding Of: Charles Schwab Brokerage Account 924",,,False,100,NVS,accepted,house_ptr_structure+v8_1,False,False,False,07/22/2025,False
20030891,Hon. Lisa McClain,Member,MI09,20030891.pdf,2025,469,SP,Novartis AG Common Stock,Novartis AG Common Stock,NVS,NVS,ST,P,2025-06-17,2025-08-13,1001.0,15000.0,,"$1,001 - $15,000",valid_range,New,Charles Schwab Brokerage Account 924,,,,53,53,table,False,False,,False,0,False,False,100,True,20,False,https://disclosures-clerk.house.gov/public_disc/ptr-pdfs/2025/20030891.pdf,,,SP,Novartis AG Common Stock (NVS) [ST] Filing Status: New Subholding Of: Charles Schwab Brokera,Novartis AG Common Stock (NVS) [ST],P age Account 924,06/17/2025,08/13/2025,"$1,001 - $15,000",,"SP Novartis AG Common Stock (NVS) [ST] P 06/17/2025 08/13/2025 $1,001 - $15,000 Filing Status: New Subholding Of: Charles Schwab Brokerage Account 924",,,False,100,NVS,accepted,house_ptr_structure+v8_1,False,False,False,06/17/2025,False
20030891,Hon. Lisa McClain,Member,MI09,20030891.pdf,2025,470,SP,Novartis AG Common Stock,Novartis AG Common Stock,NVS,NVS,ST,P,2025-06-11,2025-08-13,1001.0,15000.0,,"$1,001 - $15,000",valid_range,New,Charles Schwab Brokerage Account 924,,,,53,53,table,False,False,,False,0,False,True,100,True,20,False,https://disclosures-clerk.house.gov/public_disc/ptr-pdfs/2025/20030891.pdf,,,SP,Novartis AG Common Stock (NVS) [ST],Novartis AG Common Stock (NVS) [ST],P,06/11/2025,08/13/2025,"$1,001 - $15,000",Filing Status: New Subholding Of: Charles Schwab Brokerage Account 924,"SP Novartis AG Common Stock (NVS) [ST] P 06/11/2025 08/13/2025 $1,001 - $15,000 Filing Status: New Subholding Of: Charles Schwab Brokerage Account 924",,,False,100,NVS,accepted,house_ptr_structure+v8_1,False,False,False,06/11/2025,False
20030891,Hon. Lisa McClain,Member,MI09,20030891.pdf,2025,471,SP,Novartis AG Common Stock,Novartis AG Common Stock,NVS,NVS,ST,P,2025-06-09,2025-08-13,1001.0,15000.0,,"$1,001 - $15,000",valid_range,New,Charles Schwab Brokerage Account 924,,,,53,53,table,False,False,,False,0,False,False,100,True,20,False,https://disclosures-clerk.house.gov/public_disc/ptr-pdfs/2025/20030891.pdf,,,SP,Novartis AG Common Stock (NVS) [ST] Filing Status: New Subholding Of: Charles Schwab Brokera,Novartis AG Common Stock (NVS) [ST],P age Account 924,06/09/2025,08/13/2025,"$1,001 - $15,000",,"SP Novartis AG Common Stock (NVS) [ST] P 06/09/2025 08/13/2025 $1,001 - $15,000 Filing Status: New Subholding Of: Charles Schwab Brokerage Account 924",,,False,100,NVS,accepted,house_ptr_structure+v8_1,False,False,False,06/09/2025,False
20030891,Hon. Lisa McClain,Member,MI09,20030891.pdf,2025,472,SP,Novo Nordisk A/S Common Stock,Novo Nordisk A/S Common Stock,NVO,NVO,ST,P,2025-06-09,2025-08-13,1001.0,15000.0,,"$1,001 - $15,000",valid_range,New,Charles Schwab Brokerage Account 924,,,,53,53,table,False,False,,False,0,False,True,100,True,20,False,https://disclosures-clerk.house.gov/public_disc/ptr-pdfs/2025/20030891.pdf,,,SP,Novo Nordisk A/S Common Stock (NVO) [ST],Novo Nordisk A/S Common Stock (NVO) [ST],P,06/09/2025,08/13/2025,"$1,001 - $15,000",Filing Status: New Subholding Of: Charles Schwab Brokerage Account 924,"SP Novo Nordisk A/S Common Stock (NVO) [ST] P 06/09/2025 08/13/2025 $1,001 - $15,000 Filing Status: New Subholding Of: Charles Schwab Brokerage Account 924",,,False,100,NVO,accepted,house_ptr_structure+v8_1,False,False,False,06/09/2025,False
20030891,Hon. Lisa McClain,Member,MI09,20030891.pdf,2025,473,SP,Novo Nordisk A/S Common Stock,Novo Nordisk A/S Common Stock,NVO,NVO,ST,S (partial),2025-07-10,2025-08-13,1001.0,15000.0,,"$1,001 - $15,000",valid_range,New,Charles Schwab Brokerage Account 924,,,,53,53,table,False,False,,False,0,False,False,100,True,20,False,https://disclosures-clerk.house.gov/public_disc/ptr-pdfs/2025/20030891.pdf,,,SP,Novo Nordisk A/S Common Stock (NVO) [ST] Filing Status: New Subholding Of: Charles Schwab Brokera,Novo Nordisk A/S Common Stock (NVO) [ST],S (partial) age Account 924,07/10/2025,08/13/2025,"$1,001 - $15,000",,"SP Novo Nordisk A/S Common Stock (NVO) [ST] S (partial) 07/10/2025 08/13/2025 $1,001 - $15,000 Filing Status: New Subholding Of: Charles Schwab Brokerage Account 924",,,False,100,NVO,accepted,house_ptr_structure+v8_1,False,False,False,07/10/2025,False
20030891,Hon. Lisa McClain,Member,MI09,20030891.pdf,2025,474,SP,NuScale Power Corporation Class A Common Stock,NuScale Power Corporation Class A Common Stock,SMR,SMR,ST,P,2024-11-08,2025-08-11,1001.0,15000.0,,"$1,001 - $15,000",valid_range,New,Charles Schwab 401K > Schwab 824,,,,53,53,table,False,False,,False,0,False,True,100,True,20,False,https://disclosures-clerk.house.gov/public_disc/ptr-pdfs/2025/20030891.pdf,,,SP,NuScale Power Corporation Class A Common Stock (SMR) [ST],NuScale Power Corporation Class A Common Stock (SMR) [ST],P,11/08/2024,08/11/2025,"$1,001 - $15,000",Filing Status: New Subholding Of: Charles Schwab 401K > Schwab 824,"SP NuScale Power Corporation Class A Common Stock (SMR) [ST] P 11/08/2024 08/11/2025 $1,001 - $15,000 Filing Status: New Subholding Of: Charles Schwab 401K > Schwab 824",,,False,100,SMR,accepted,house_ptr_structure+v8_1,False,False,False,11/08/2024,False
20030891,Hon. Lisa McClain,Member,MI09,20030891.pdf,2025,475,SP,NVIDIA Corporation - Common Stock,NVIDIA Corporation - Common Stock,NVDA,NVDA,ST,P,2024-11-07,2025-08-11,100001.0,250000.0,,"$100,001 - $250,000",valid_range,New,Charles Schwab 401K > Schwab 824,,,,53,53,table,False,False,,False,0,False,False,100,True,20,False,https://disclosures-clerk.house.gov/public_disc/ptr-pdfs/2025/20030891.pdf,,,SP,NVIDIA Corporation - Common Stock (NVDA) [ST] Filing Status: New Subholding Of: Charles Schwab 401K >,NVIDIA Corporation - Common Stock (NVDA) [ST],P Schwab 824,11/07/2024,08/11/2025,"$100,001 - $250,000",,"SP NVIDIA Corporation - Common Stock (NVDA) [ST] P 11/07/2024 08/11/2025 $100,001 - $250,000 Filing Status: New Subholding Of: Charles Schwab 401K > Schwab 824",,,False,100,NVDA,accepted,house_ptr_structure+v8_1,False,False,False,11/07/2024,False
20030891,Hon. Lisa McClain,Member,MI09,20030891.pdf,2025,476,SP,NVIDIA Corporation - Common Stock,NVIDIA Corporation - Common Stock,NVDA,NVDA,ST,S (partial),2024-10-23,2025-08-11,100001.0,250000.0,,"$100,001 - $250,000",valid_range,New $200?,Charles Schwab 401K > Schwab 824,,,,53,54,table,False,False,,True,0,False,True,98,True,20,False,https://disclosures-clerk.house.gov/public_disc/ptr-pdfs/2025/20030891.pdf,,,SP,NVIDIA Corporation - Common Stock (NVDA) [ST],NVIDIA Corporation - Common Stock (NVDA) [ST],S (partial),10/23/2024,08/11/2025,"$100,001 - $250,000",Filing Status: New $200? Subholding Of: Charles Schwab 401K > Schwab 824,"SP NVIDIA Corporation - Common Stock (NVDA) [ST] S (partial) 10/23/2024 08/11/2025 $100,001 - $250,000 Filing Status: New $200? Subholding Of: Charles Schwab 401K > Schwab 824",,,False,98,NVDA,accepted,house_ptr_structure+v8_1,False,False,False,10/23/2024,False
20030891,Hon. Lisa McClain,Member,MI09,20030891.pdf,2025,477,SP,NVIDIA Corporation - Common Stock,NVIDIA Corporation - Common Stock,NVDA,NVDA,ST,P,2024-03-11,2025-08-11,15001.0,50000.0,,"$15,001 - $50,000",valid_range,New,Charles Schwab 401K > Schwab 824,,,,54,54,table,False,False,,False,0,False,False,100,True,20,False,https://disclosures-clerk.house.gov/public_disc/ptr-pdfs/2025/20030891.pdf,,,SP,NVIDIA Corporation - Common Stock (NVDA) [ST] Filing Status: New Subholding Of: Charles Schwab 401K >,NVIDIA Corporation - Common Stock (NVDA) [ST],P Schwab 824,03/11/2024,08/11/2025,"$15,001 - $50,000",,"SP NVIDIA Corporation - Common Stock (NVDA) [ST] P 03/11/2024 08/11/2025 $15,001 - $50,000 Filing Status: New Subholding Of: Charles Schwab 401K > Schwab 824",,,False,100,NVDA,accepted,house_ptr_structure+v8_1,False,False,False,03/11/2024,False
20030891,Hon. Lisa McClain,Member,MI09,20030891.pdf,2025,478,SP,NVIDIA Corporation - Common Stock,NVIDIA Corporation - Common Stock,NVDA,NVDA,ST,P,2024-06-06,2025-08-11,50001.0,100000.0,,"$50,001 - $100,000",valid_range,New,Charles Schwab 401K > Schwab 824,,,,54,54,table,False,False,,False,0,False,True,100,True,20,False,https://disclosures-clerk.house.gov/public_disc/ptr-pdfs/2025/20030891.pdf,,,SP,NVIDIA Corporation - Common Stock (NVDA) [ST],NVIDIA Corporation - Common Stock (NVDA) [ST],P,06/06/2024,08/11/2025,"$50,001 - $100,000",Filing Status: New Subholding Of: Charles Schwab 401K > Schwab 824,"SP NVIDIA Corporation - Common Stock (NVDA) [ST] P 06/06/2024 08/11/2025 $50,001 - $100,000 Filing Status: New Subholding Of: Charles Schwab 401K > Schwab 824",,,False,100,NVDA,accepted,house_ptr_structure+v8_1,False,False,False,06/06/2024,False
20030891,Hon. Lisa McClain,Member,MI09,20030891.pdf,2025,479,SP,NVIDIA Corporation - Common Stock,NVIDIA Corporation - Common Stock,NVDA,NVDA,ST,P,2024-12-11,2025-08-11,1001.0,15000.0,,"$1,001 - $15,000",valid_range,New,Charles Schwab Brokerage Account 548,,,,54,54,table,False,False,,False,0,False,False,100,True,20,False,https://disclosures-clerk.house.gov/public_disc/ptr-pdfs/2025/20030891.pdf,,,SP,NVIDIA Corporation - Common Stock (NVDA) [ST] Filing Status: New Subholding Of: Charles Schwab Brokera,NVIDIA Corporation - Common Stock (NVDA) [ST],P age Account 548,12/11/2024,08/11/2025,"$1,001 - $15,000",,"SP NVIDIA Corporation - Common Stock (NVDA) [ST] P 12/11/2024 08/11/2025 $1,001 - $15,000 Filing Status: New Subholding Of: Charles Schwab Brokerage Account 548",,,False,100,NVDA,accepted,house_ptr_structure+v8_1,False,False,False,12/11/2024,False
20030891,Hon. Lisa McClain,Member,MI09,20030891.pdf,2025,480,SP,NVIDIA Corporation - Common Stock,NVIDIA Corporation - Common Stock,NVDA,NVDA,ST,P,2025-06-09,2025-08-13,1001.0,15000.0,,"$1,001 - $15,000",valid_range,New,Charles Schwab Brokerage Account 924,,,,54,54,table,False,False,,False,0,False,True,100,True,20,False,https://disclosures-clerk.house.gov/public_disc/ptr-pdfs/2025/20030891.pdf,,,SP,NVIDIA Corporation - Common Stock (NVDA) [ST],NVIDIA Corporation - Common Stock (NVDA) [ST],P,06/09/2025,08/13/2025,"$1,001 - $15,000",Filing Status: New Subholding Of: Charles Schwab Brokerage Account 924,"SP NVIDIA Corporation - Common Stock (NVDA) [ST] P 06/09/2025 08/13/2025 $1,001 - $15,000 Filing Status: New Subholding Of: Charles Schwab Brokerage Account 924",,,False,100,NVDA,accepted,house_ptr_structure+v8_1,False,False,False,06/09/2025,False
20030891,Hon. Lisa McClain,Member,MI09,20030891.pdf,2025,481,SP,NVIDIA Corporation - Common Stock,NVIDIA Corporation - Common Stock,NVDA,NVDA,ST,P,2025-06-11,2025-08-13,1001.0,15000.0,,"$1,001 - $15,000",valid_range,New,Charles Schwab Brokerage Account 924,,,,54,54,table,False,False,,False,0,False,False,100,True,20,False,https://disclosures-clerk.house.gov/public_disc/ptr-pdfs/2025/20030891.pdf,,,SP,NVIDIA Corporation - Common Stock (NVDA) [ST] Filing Status: New Subholding Of: Charles Schwab Brokera,NVIDIA Corporation - Common Stock (NVDA) [ST],P age Account 924,06/11/2025,08/13/2025,"$1,001 - $15,000",,"SP NVIDIA Corporation - Common Stock (NVDA) [ST] P 06/11/2025 08/13/2025 $1,001 - $15,000 Filing Status: New Subholding Of: Charles Schwab Brokerage Account 924",,,False,100,NVDA,accepted,house_ptr_structure+v8_1,False,False,False,06/11/2025,False
20030891,Hon. Lisa McClain,Member,MI09,20030891.pdf,2025,482,SP,NVIDIA Corporation - Common Stock,NVIDIA Corporation - Common Stock,NVDA,NVDA,ST,S (partial),2025-06-10,2025-08-13,1001.0,15000.0,,"$1,001 - $15,000",valid_range,New,Charles Schwab Brokerage Account 924,,,,54,54,table,False,False,,False,0,False,True,100,True,20,False,https://disclosures-clerk.house.gov/public_disc/ptr-pdfs/2025/20030891.pdf,,,SP,NVIDIA Corporation - Common Stock (NVDA) [ST],NVIDIA Corporation - Common Stock (NVDA) [ST],S (partial),06/10/2025,08/13/2025,"$1,001 - $15,000",Filing Status: New Subholding Of: Charles Schwab Brokerage Account 924,"SP NVIDIA Corporation - Common Stock (NVDA) [ST] S (partial) 06/10/2025 08/13/2025 $1,001 - $15,000 Filing Status: New Subholding Of: Charles Schwab Brokerage Account 924",,,False,100,NVDA,accepted,house_ptr_structure+v8_1,False,False,False,06/10/2025,False
20030891,Hon. Lisa McClain,Member,MI09,20030891.pdf,2025,483,SP,NVIDIA Corporation - Common Stock,NVIDIA Corporation - Common Stock,NVDA,NVDA,ST,P,2025-06-17,2025-08-13,1001.0,15000.0,,"$1,001 - $15,000",valid_range,New,Charles Schwab Brokerage Account 924,,,,54,54,table,False,False,,False,0,False,False,100,True,20,False,https://disclosures-clerk.house.gov/public_disc/ptr-pdfs/2025/20030891.pdf,,,SP,NVIDIA Corporation - Common Stock (NVDA) [ST] Filing Status: New Subholding Of: Charles Schwab Brokera,NVIDIA Corporation - Common Stock (NVDA) [ST],P age Account 924,06/17/2025,08/13/2025,"$1,001 - $15,000",,"SP NVIDIA Corporation - Common Stock (NVDA) [ST] P 06/17/2025 08/13/2025 $1,001 - $15,000 Filing Status: New Subholding Of: Charles Schwab Brokerage Account 924",,,False,100,NVDA,accepted,house_ptr_structure+v8_1,False,False,False,06/17/2025,False
20030891,Hon. Lisa McClain,Member,MI09,20030891.pdf,2025,484,SP,NXP Semiconductors N.V. - Common Stock,NXP Semiconductors N.V. - Common Stock,NXPI,NXPI,ST,P,2024-12-11,2025-08-11,1001.0,15000.0,,"$1,001 - $15,000",valid_range,New,Charles Schwab Brokerage Account 548,,,,54,54,table,False,False,,False,0,False,True,100,True,20,False,https://disclosures-clerk.house.gov/public_disc/ptr-pdfs/2025/20030891.pdf,,,SP,NXP Semiconductors N.V. - Common Stock (NXPI) [ST],NXP Semiconductors N.V. - Common Stock (NXPI) [ST],P,12/11/2024,08/11/2025,"$1,001 - $15,000",Filing Status: New Subholding Of: Charles Schwab Brokerage Account 548,"SP NXP Semiconductors N.V. - Common Stock (NXPI) [ST] P 12/11/2024 08/11/2025 $1,001 - $15,000 Filing Status: New Subholding Of: Charles Schwab Brokerage Account 548",,,False,100,NXPI,accepted,house_ptr_structure+v8_1,False,False,False,12/11/2024,False
20030891,Hon. Lisa McClain,Member,MI09,20030891.pdf,2025,485,SP,NXP Semiconductors N.V. - Common Stock,NXP Semiconductors N.V. - Common Stock,NXPI,NXPI,ST,S,2025-01-22,2025-08-13,1001.0,15000.0,,"$1,001 - $15,000",valid_range,New,Charles Schwab Brokerage Account 548,,,,54,55,table,False,False,,True,0,False,False,98,True,20,False,https://disclosures-clerk.house.gov/public_disc/ptr-pdfs/2025/20030891.pdf,,,SP,NXP Semiconductors N.V. - Common Stock (NXPI) [ST] Filing Status: New,NXP Semiconductors N.V. - Common Stock (NXPI) [ST] Subholding Of: Charles Schwab Brokerage Account 548,S,01/22/2025,08/13/2025,"$1,001 - $15,000",Subholding Of: Charles Schwab Brokerage Account 548,"SP NXP Semiconductors N.V. - Common Stock (NXPI) [ST] S 01/22/2025 08/13/2025 $1,001 - $15,000 Filing Status: New Subholding Of: Charles Schwab Brokerage Account 548",,,False,98,NXPI,accepted,house_ptr_structure+v8_1,False,False,False,01/22/2025,False
20030891,Hon. Lisa McClain,Member,MI09,20030891.pdf,2025,486,SP,"Okta, Inc. - Class A Common Stock","Okta, Inc. - Class A Common Stock",OKTA,OKTA,ST,S,2025-07-10,2025-08-13,1001.0,15000.0,,"$1,001 - $15,000",valid_range,New,Charles Schwab Brokerage Account 924,,,,55,55,table,False,False,,False,0,False,True,100,True,20,False,https://disclosures-clerk.house.gov/public_disc/ptr-pdfs/2025/20030891.pdf,,,SP,"Okta, Inc. - Class A Common Stock (OKTA) [ST]","Okta, Inc. - Class A Common Stock (OKTA) [ST]",S,07/10/2025,08/13/2025,"$1,001 - $15,000",Filing Status: New Subholding Of: Charles Schwab Brokerage Account 924,"SP Okta, Inc. - Class A Common Stock (OKTA) [ST] S 07/10/2025 08/13/2025 $1,001 - $15,000 Filing Status: New Subholding Of: Charles Schwab Brokerage Account 924",,,False,100,OKTA,accepted,house_ptr_structure+v8_1,False,False,False,07/10/2025,False
20030891,Hon. Lisa McClain,Member,MI09,20030891.pdf,2025,487,SP,"Okta, Inc. - Class A Common Stock","Okta, Inc. - Class A Common Stock",OKTA,OKTA,ST,P,2025-06-17,2025-08-13,1001.0,15000.0,,"$1,001 - $15,000",valid_range,New,Charles Schwab Brokerage Account 924,,,,55,55,table,False,False,,False,0,False,False,100,True,20,False,https://disclosures-clerk.house.gov/public_disc/ptr-pdfs/2025/20030891.pdf,,,SP,"Okta, Inc. - Class A Common Stock (OKTA) [ST] Filing Status: New Subholding Of: Charles Schwab Brokera","Okta, Inc. - Class A Common Stock (OKTA) [ST]",P age Account 924,06/17/2025,08/13/2025,"$1,001 - $15,000",,"SP Okta, Inc. - Class A Common Stock (OKTA) [ST] P 06/17/2025 08/13/2025 $1,001 - $15,000 Filing Status: New Subholding Of: Charles Schwab Brokerage Account 924",,,False,100,OKTA,accepted,house_ptr_structure+v8_1,False,False,False,06/17/2025,False
20030891,Hon. Lisa McClain,Member,MI09,20030891.pdf,2025,488,SP,Oracle Corporation Common Stock,Oracle Corporation Common Stock,ORCL,ORCL,ST,P,2025-06-17,2025-08-13,1001.0,15000.0,,"$1,001 - $15,000",valid_range,New,Charles Schwab Brokerage Account 924,,,,55,55,table,False,False,,False,0,False,True,100,True,20,False,https://disclosures-clerk.house.gov/public_disc/ptr-pdfs/2025/20030891.pdf,,,SP,Oracle Corporation Common Stock (ORCL) [ST],Oracle Corporation Common Stock (ORCL) [ST],P,06/17/2025,08/13/2025,"$1,001 - $15,000",Filing Status: New Subholding Of: Charles Schwab Brokerage Account 924,"SP Oracle Corporation Common Stock (ORCL) [ST] P 06/17/2025 08/13/2025 $1,001 - $15,000 Filing Status: New Subholding Of: Charles Schwab Brokerage Account 924",,,False,100,ORCL,accepted,house_ptr_structure+v8_1,False,False,False,06/17/2025,False
20030891,Hon. Lisa McClain,Member,MI09,20030891.pdf,2025,489,SP,"O'Reilly Automotive, Inc. - Common Stock","O'Reilly Automotive, Inc. - Common Stock",ORLY,ORLY,ST,P,2024-12-11,2025-08-11,1001.0,15000.0,,"$1,001 - $15,000",valid_range,New,Charles Schwab Brokerage Account 548,,,,55,55,table,False,False,,False,0,False,False,100,True,20,False,https://disclosures-clerk.house.gov/public_disc/ptr-pdfs/2025/20030891.pdf,,,SP,"O'Reilly Automotive, Inc. - Common Stock (ORLY) [ST] Filing Status: New Subholding Of: Charles Schwab Brokera","O'Reilly Automotive, Inc. - Common Stock (ORLY) [ST]",P age Account 548,12/11/2024,08/11/2025,"$1,001 - $15,000",,"SP O'Reilly Automotive, Inc. - Common Stock (ORLY) [ST] P 12/11/2024 08/11/2025 $1,001 - $15,000 Filing Status: New Subholding Of: Charles Schwab Brokerage Account 548",,,False,100,ORLY,accepted,house_ptr_structure+v8_1,False,False,False,12/11/2024,False
20030891,Hon. Lisa McClain,Member,MI09,20030891.pdf,2025,490,SP,Ovintiv Inc.,Ovintiv Inc.,OVV,OVV,ST,P,2025-06-24,2025-08-13,1001.0,15000.0,,"$1,001 - $15,000",valid_range,New,Charles Schwab Brokerage Account 924,,,,55,55,table,False,False,,False,0,False,True,100,True,20,False,https://disclosures-clerk.house.gov/public_disc/ptr-pdfs/2025/20030891.pdf,,,SP,Ovintiv Inc. (OVV) [ST],Ovintiv Inc. (OVV) [ST],P,06/24/2025,08/13/2025,"$1,001 - $15,000",Filing Status: New Subholding Of: Charles Schwab Brokerage Account 924,"SP Ovintiv Inc. (OVV) [ST] P 06/24/2025 08/13/2025 $1,001 - $15,000 Filing Status: New Subholding Of: Charles Schwab Brokerage Account 924",,,False,100,OVV,accepted,house_ptr_structure+v8_1,False,False,False,06/24/2025,False
20030891,Hon. Lisa McClain,Member,MI09,20030891.pdf,2025,491,SP,Palantir Technologies Inc. - Class A Common Stock,Palantir Technologies Inc. - Class A Common Stock,PLTR,PLTR,ST,P,2025-06-17,2025-08-13,1001.0,15000.0,,"$1,001 - $15,000",valid_range,New,Charles Schwab Brokerage Account 924,,,,55,55,table,False,False,,False,0,False,False,100,True,20,False,https://disclosures-clerk.house.gov/public_disc/ptr-pdfs/2025/20030891.pdf,,,SP,Palantir Technologies Inc. - Class A Common Stock (PLTR) [ST] Filing Status: New Subholding Of: Charles Schwab Brokera,Palantir Technologies Inc. - Class A Common Stock (PLTR) [ST],P age Account 924,06/17/2025,08/13/2025,"$1,001 - $15,000",,"SP Palantir Technologies Inc. - Class A Common Stock (PLTR) [ST] P 06/17/2025 08/13/2025 $1,001 - $15,000 Filing Status: New Subholding Of: Charles Schwab Brokerage Account 924",,,False,100,PLTR,accepted,house_ptr_structure+v8_1,False,False,False,06/17/2025,False
20030891,Hon. Lisa McClain,Member,MI09,20030891.pdf,2025,492,SP,Palantir Technologies Inc. - Class A Common Stock,Palantir Technologies Inc. - Class A Common Stock,PLTR,PLTR,ST,P,2024-08-14,2025-08-11,15001.0,50000.0,,"$15,001 - $50,000",valid_range,New,Charles Schwab 401K > Schwab 824,,,,55,55,table,False,False,,False,0,False,True,100,True,20,False,https://disclosures-clerk.house.gov/public_disc/ptr-pdfs/2025/20030891.pdf,,,SP,Palantir Technologies Inc. - Class A Common Stock (PLTR) [ST],Palantir Technologies Inc. - Class A Common Stock (PLTR) [ST],P,08/14/2024,08/11/2025,"$15,001 - $50,000",Filing Status: New Subholding Of: Charles Schwab 401K > Schwab 824,"SP Palantir Technologies Inc. - Class A Common Stock (PLTR) [ST] P 08/14/2024 08/11/2025 $15,001 - $50,000 Filing Status: New Subholding Of: Charles Schwab 401K > Schwab 824",,,False,100,PLTR,accepted,house_ptr_structure+v8_1,False,False,False,08/14/2024,False
20030891,Hon. Lisa McClain,Member,MI09,20030891.pdf,2025,493,SP,Palantir Technologies Inc. - Class A Common Stock,Palantir Technologies Inc. - Class A Common Stock,PLTR,PLTR,ST,P,2024-06-06,2025-08-11,15001.0,50000.0,,"$15,001 - $50,000",valid_range,New,Charles Schwab 401K > Schwab 824,,,,55,55,table,False,False,,False,0,False,False,100,True,20,False,https://disclosures-clerk.house.gov/public_disc/ptr-pdfs/2025/20030891.pdf,,,SP,Palantir Technologies Inc. - Class A Common Stock (PLTR) [ST] Filing Status: New Subholding Of: Charles Schwab 401K >,Palantir Technologies Inc. - Class A Common Stock (PLTR) [ST],P Schwab 824,06/06/2024,08/11/2025,"$15,001 - $50,000",,"SP Palantir Technologies Inc. - Class A Common Stock (PLTR) [ST] P 06/06/2024 08/11/2025 $15,001 - $50,000 Filing Status: New Subholding Of: Charles Schwab 401K > Schwab 824",,,False,100,PLTR,accepted,house_ptr_structure+v8_1,False,False,False,06/06/2024,False
20030891,Hon. Lisa McClain,Member,MI09,20030891.pdf,2025,494,SP,Palantir Technologies Inc. - Class A Common Stock,Palantir Technologies Inc. - Class A Common Stock,PLTR,PLTR,ST,S (partial),2024-10-23,2025-08-11,50001.0,100000.0,,"$50,001 - $100,000",valid_range,New,Charles Schwab 401K > Schwab 824 Type Date Gains > $200?,,,,55,56,table,False,False,,True,0,False,True,98,True,20,False,https://disclosures-clerk.house.gov/public_disc/ptr-pdfs/2025/20030891.pdf,,,SP,Palantir Technologies Inc. - Class A Common Stock (PLTR) [ST],Palantir Technologies Inc. - Class A Common Stock (PLTR) [ST],S (partial),10/23/2024,08/11/2025,"$50,001 - $100,000",Filing Status: New Subholding Of: Charles Schwab 401K > Schwab 824 Type Date Gains > $200?,"SP Palantir Technologies Inc. - Class A Common Stock (PLTR) [ST] S (partial) 10/23/2024 08/11/2025 $50,001 - $100,000 Filing Status: New Subholding Of: Charles Schwab 401K > Schwab 824 Type Date Gains > $200?",,,False,98,PLTR,accepted,house_ptr_structure+v8_1,False,False,False,10/23/2024,False
20030891,Hon. Lisa McClain,Member,MI09,20030891.pdf,2025,495,SP,Palantir Technologies Inc. - Class A Common Stock,Palantir Technologies Inc. - Class A Common Stock,PLTR,PLTR,ST,P,2024-11-07,2025-08-11,100001.0,250000.0,,"$100,001 - $250,000",valid_range,New,Charles Schwab 401K > Schwab 824,,,,56,56,table,False,False,,False,0,False,False,100,True,20,False,https://disclosures-clerk.house.gov/public_disc/ptr-pdfs/2025/20030891.pdf,,,SP,Palantir Technologies Inc. - Class A Common Stock (PLTR) [ST] Filing Status: New Subholding Of: Charles Schwab 401K >,Palantir Technologies Inc. - Class A Common Stock (PLTR) [ST],P Schwab 824,11/07/2024,08/11/2025,"$100,001 - $250,000",,"SP Palantir Technologies Inc. - Class A Common Stock (PLTR) [ST] P 11/07/2024 08/11/2025 $100,001 - $250,000 Filing Status: New Subholding Of: Charles Schwab 401K > Schwab 824",,,False,100,PLTR,accepted,house_ptr_structure+v8_1,False,False,False,11/07/2024,False
20030891,Hon. Lisa McClain,Member,MI09,20030891.pdf,2025,496,SP,"Palo Alto Networks, Inc.","Palo Alto Networks, Inc.",PANW,PANW,ST,P,2024-12-11,2025-08-11,1001.0,15000.0,,"$1,001 - $15,000",valid_range,New,Charles Schwab Brokerage Account 548,,,,56,56,table,False,False,,False,0,False,True,100,True,20,False,https://disclosures-clerk.house.gov/public_disc/ptr-pdfs/2025/20030891.pdf,,,SP,"Palo Alto Networks, Inc. (PANW) [ST]","Palo Alto Networks, Inc. (PANW) [ST]",P,12/11/2024,08/11/2025,"$1,001 - $15,000",Filing Status: New Subholding Of: Charles Schwab Brokerage Account 548,"SP Palo Alto Networks, Inc. (PANW) [ST] P 12/11/2024 08/11/2025 $1,001 - $15,000 Filing Status: New Subholding Of: Charles Schwab Brokerage Account 548",,,False,100,PANW,accepted,house_ptr_structure+v8_1,False,False,False,12/11/2024,False
20030891,Hon. Lisa McClain,Member,MI09,20030891.pdf,2025,497,SP,"Palo Alto Networks, Inc.","Palo Alto Networks, Inc.",PANW,PANW,ST,S (partial),2025-06-09,2025-08-13,1001.0,15000.0,,"$1,001 - $15,000",valid_range,New,Charles Schwab Brokerage Account 924,,,,56,56,table,False,False,,False,0,False,False,100,True,20,False,https://disclosures-clerk.house.gov/public_disc/ptr-pdfs/2025/20030891.pdf,,,SP,"Palo Alto Networks, Inc. (PANW) [ST] Filing Status: New Subholding Of: Charles Schwab Brokera","Palo Alto Networks, Inc. (PANW) [ST]",S (partial) age Account 924,06/09/2025,08/13/2025,"$1,001 - $15,000",,"SP Palo Alto Networks, Inc. (PANW) [ST] S (partial) 06/09/2025 08/13/2025 $1,001 - $15,000 Filing Status: New Subholding Of: Charles Schwab Brokerage Account 924",,,False,100,PANW,accepted,house_ptr_structure+v8_1,False,False,False,06/09/2025,False
20030891,Hon. Lisa McClain,Member,MI09,20030891.pdf,2025,498,SP,"Palo Alto Networks, Inc.","Palo Alto Networks, Inc.",PANW,PANW,ST,S,2025-07-16,2025-08-13,1001.0,15000.0,,"$1,001 - $15,000",valid_range,New,Charles Schwab Brokerage Account 924,,,,56,56,table,False,False,,False,0,False,True,100,True,20,False,https://disclosures-clerk.house.gov/public_disc/ptr-pdfs/2025/20030891.pdf,,,SP,"Palo Alto Networks, Inc. (PANW) [ST]","Palo Alto Networks, Inc. (PANW) [ST]",S,07/16/2025,08/13/2025,"$1,001 - $15,000",Filing Status: New Subholding Of: Charles Schwab Brokerage Account 924,"SP Palo Alto Networks, Inc. (PANW) [ST] S 07/16/2025 08/13/2025 $1,001 - $15,000 Filing Status: New Subholding Of: Charles Schwab Brokerage Account 924",,,False,100,PANW,accepted,house_ptr_structure+v8_1,False,False,False,07/16/2025,False
20030891,Hon. Lisa McClain,Member,MI09,20030891.pdf,2025,499,SP,"Palo Alto Networks, Inc.","Palo Alto Networks, Inc.",PANW,PANW,ST,P,2025-07-10,2025-08-13,1001.0,15000.0,,"$1,001 - $15,000",valid_range,New,Charles Schwab Brokerage Account 924,,,,56,56,table,False,False,,False,0,False,False,100,True,20,False,https://disclosures-clerk.house.gov/public_disc/ptr-pdfs/2025/20030891.pdf,,,SP,"Palo Alto Networks, Inc. (PANW) [ST] Filing Status: New Subholding Of: Charles Schwab Brokera","Palo Alto Networks, Inc. (PANW) [ST]",P age Account 924,07/10/2025,08/13/2025,"$1,001 - $15,000",,"SP Palo Alto Networks, Inc. (PANW) [ST] P 07/10/2025 08/13/2025 $1,001 - $15,000 Filing Status: New Subholding Of: Charles Schwab Brokerage Account 924",,,False,100,PANW,accepted,house_ptr_structure+v8_1,False,False,False,07/10/2025,False
20030891,Hon. Lisa McClain,Member,MI09,20030891.pdf,2025,500,SP,Park Hotels & Resorts Inc. Common Stock,Park Hotels & Resorts Inc. Common Stock,PK,PK,ST,S,2025-06-17,2025-08-13,1001.0,15000.0,,"$1,001 - $15,000",valid_range,New,Charles Schwab Brokerage Account 924,,,,56,56,table,False,False,,False,0,False,True,100,True,20,False,https://disclosures-clerk.house.gov/public_disc/ptr-pdfs/2025/20030891.pdf,,,SP,Park Hotels & Resorts Inc. Common Stock (PK) [ST],Park Hotels & Resorts Inc. Common Stock (PK) [ST],S,06/17/2025,08/13/2025,"$1,001 - $15,000",Filing Status: New Subholding Of: Charles Schwab Brokerage Account 924,"SP Park Hotels & Resorts Inc. Common Stock (PK) [ST] S 06/17/2025 08/13/2025 $1,001 - $15,000 Filing Status: New Subholding Of: Charles Schwab Brokerage Account 924",,,False,100,PK,accepted,house_ptr_structure+v8_1,False,False,False,06/17/2025,False
20030891,Hon. Lisa McClain,Member,MI09,20030891.pdf,2025,501,SP,Park Hotels & Resorts Inc. Common Stock,Park Hotels & Resorts Inc. Common Stock,PK,PK,ST,P,2025-06-09,2025-08-13,1001.0,15000.0,,"$1,001 - $15,000",valid_range,New,Charles Schwab Brokerage Account 924,,,,56,56,table,False,False,,False,0,False,False,100,True,20,False,https://disclosures-clerk.house.gov/public_disc/ptr-pdfs/2025/20030891.pdf,,,SP,Park Hotels & Resorts Inc. Common Stock (PK) [ST] Filing Status: New Subholding Of: Charles Schwab Brokera,Park Hotels & Resorts Inc. Common Stock (PK) [ST],P age Account 924,06/09/2025,08/13/2025,"$1,001 - $15,000",,"SP Park Hotels & Resorts Inc. Common Stock (PK) [ST] P 06/09/2025 08/13/2025 $1,001 - $15,000 Filing Status: New Subholding Of: Charles Schwab Brokerage Account 924",,,False,100,PK,accepted,house_ptr_structure+v8_1,False,False,False,06/09/2025,False
20030891,Hon. Lisa McClain,Member,MI09,20030891.pdf,2025,502,SP,Parker-Hannifin Corporation Common Stock,Parker-Hannifin Corporation Common Stock,PH,PH,ST,P,2024-12-11,2025-08-11,1001.0,15000.0,,"$1,001 - $15,000",valid_range,New,Charles Schwab Brokerage Account 548,,,,56,56,table,False,False,,False,0,False,True,100,True,20,False,https://disclosures-clerk.house.gov/public_disc/ptr-pdfs/2025/20030891.pdf,,,SP,Parker-Hannifin Corporation Common Stock (PH) [ST],Parker-Hannifin Corporation Common Stock (PH) [ST],P,12/11/2024,08/11/2025,"$1,001 - $15,000",Filing Status: New Subholding Of: Charles Schwab Brokerage Account 548,"SP Parker-Hannifin Corporation Common Stock (PH) [ST] P 12/11/2024 08/11/2025 $1,001 - $15,000 Filing Status: New Subholding Of: Charles Schwab Brokerage Account 548",,,False,100,PH,accepted,house_ptr_structure+v8_1,False,False,False,12/11/2024,False
20030891,Hon. Lisa McClain,Member,MI09,20030891.pdf,2025,503,SP,Parker-Hannifin Corporation Common Stock,Parker-Hannifin Corporation Common Stock,PH,PH,ST,S,2025-06-11,2025-08-13,1001.0,15000.0,,"$1,001 - $15,000",valid_range,New,Charles Schwab Brokerage Account 924,,,,56,56,table,False,False,,False,0,False,False,100,True,20,False,https://disclosures-clerk.house.gov/public_disc/ptr-pdfs/2025/20030891.pdf,,,SP,Parker-Hannifin Corporation Common Stock (PH) [ST] Filing Status: New Subholding Of: Charles Schwab Brokera,Parker-Hannifin Corporation Common Stock (PH) [ST],S age Account 924,06/11/2025,08/13/2025,"$1,001 - $15,000",,"SP Parker-Hannifin Corporation Common Stock (PH) [ST] S 06/11/2025 08/13/2025 $1,001 - $15,000 Filing Status: New Subholding Of: Charles Schwab Brokerage Account 924",,,False,100,PH,accepted,house_ptr_structure+v8_1,False,False,False,06/11/2025,False
20030891,Hon. Lisa McClain,Member,MI09,20030891.pdf,2025,504,SP,"Patrick Industries, Inc. - Common","Patrick Industries, Inc. - Common",PATK,PATK,ST,S,2025-06-17,2025-08-13,1001.0,15000.0,,"$1,001 - $15,000",valid_range,New,Charles Schwab Brokerage Account 924,,,,56,57,table,False,False,,True,0,False,True,98,True,20,False,https://disclosures-clerk.house.gov/public_disc/ptr-pdfs/2025/20030891.pdf,,,SP,"Patrick Industries, Inc. - Common","Patrick Industries, Inc. - Common yp $200? Stock (PATK) [ST]",S,06/17/2025,08/13/2025,"$1,001 - $15,000",yp $200? Stock (PATK) [ST] Filing Status: New Subholding Of: Charles Schwab Brokerage Account 924,"SP Patrick Industries, Inc. - Common S 06/17/2025 08/13/2025 $1,001 - $15,000 yp $200? Stock (PATK) [ST] Filing Status: New Subholding Of: Charles Schwab Brokerage Account 924",,,False,98,PATK,accepted,house_ptr_structure+v8_1,False,False,False,06/17/2025,False
20030891,Hon. Lisa McClain,Member,MI09,20030891.pdf,2025,505,SP,"Patrick Industries, Inc. - Common Stock","Patrick Industries, Inc. - Common Stock",PATK,PATK,ST,P,2025-06-11,2025-08-13,1001.0,15000.0,,"$1,001 - $15,000",valid_range,New,Charles Schwab Brokerage Account 924,,,,57,57,table,False,False,,False,0,False,False,100,True,20,False,https://disclosures-clerk.house.gov/public_disc/ptr-pdfs/2025/20030891.pdf,,,SP,"Patrick Industries, Inc. - Common Stock (PATK) [ST] Filing Status: New Subholding Of: Charles Schwab Brokera","Patrick Industries, Inc. - Common Stock (PATK) [ST]",P age Account 924,06/11/2025,08/13/2025,"$1,001 - $15,000",,"SP Patrick Industries, Inc. - Common Stock (PATK) [ST] P 06/11/2025 08/13/2025 $1,001 - $15,000 Filing Status: New Subholding Of: Charles Schwab Brokerage Account 924",,,False,100,PATK,accepted,house_ptr_structure+v8_1,False,False,False,06/11/2025,False
20030891,Hon. Lisa McClain,Member,MI09,20030891.pdf,2025,506,SP,"Paychex, Inc. - Common Stock","Paychex, Inc. - Common Stock",PAYX,PAYX,ST,P,2025-07-16,2025-08-13,1001.0,15000.0,,"$1,001 - $15,000",valid_range,New,Charles Schwab Brokerage Account 924,,,,57,57,table,False,False,,False,0,False,True,100,True,20,False,https://disclosures-clerk.house.gov/public_disc/ptr-pdfs/2025/20030891.pdf,,,SP,"Paychex, Inc. - Common Stock (PAYX) [ST]","Paychex, Inc. - Common Stock (PAYX) [ST]",P,07/16/2025,08/13/2025,"$1,001 - $15,000",Filing Status: New Subholding Of: Charles Schwab Brokerage Account 924,"SP Paychex, Inc. - Common Stock (PAYX) [ST] P 07/16/2025 08/13/2025 $1,001 - $15,000 Filing Status: New Subholding Of: Charles Schwab Brokerage Account 924",,,False,100,PAYX,accepted,house_ptr_structure+v8_1,False,False,False,07/16/2025,False
20030891,Hon. Lisa McClain,Member,MI09,20030891.pdf,2025,507,SP,PDD Holdings Inc. - American Depositary Shares,PDD Holdings Inc. - American Depositary Shares,PDD,PDD,ST,P,2025-07-16,2025-08-13,1001.0,15000.0,,"$1,001 - $15,000",valid_range,New,Charles Schwab Brokerage Account 924,,,,57,57,table,False,False,,False,0,False,False,100,True,20,False,https://disclosures-clerk.house.gov/public_disc/ptr-pdfs/2025/20030891.pdf,,,SP,PDD Holdings Inc. - American Depositary Shares (PDD) [ST] Filing Status: New Subholding Of: Charles Schwab Brokera,PDD Holdings Inc. - American Depositary Shares (PDD) [ST],P age Account 924,07/16/2025,08/13/2025,"$1,001 - $15,000",,"SP PDD Holdings Inc. - American Depositary Shares (PDD) [ST] P 07/16/2025 08/13/2025 $1,001 - $15,000 Filing Status: New Subholding Of: Charles Schwab Brokerage Account 924",,,False,100,PDD,accepted,house_ptr_structure+v8_1,False,False,False,07/16/2025,False
20030891,Hon. Lisa McClain,Member,MI09,20030891.pdf,2025,508,SP,PDD Holdings Inc. - American Depositary Shares,PDD Holdings Inc. - American Depositary Shares,PDD,PDD,ST,P,2025-06-09,2025-08-13,1001.0,15000.0,,"$1,001 - $15,000",valid_range,New,Charles Schwab Brokerage Account 924,,,,57,57,table,False,False,,False,0,False,True,100,True,20,False,https://disclosures-clerk.house.gov/public_disc/ptr-pdfs/2025/20030891.pdf,,,SP,PDD Holdings Inc. - American Depositary Shares (PDD) [ST],PDD Holdings Inc. - American Depositary Shares (PDD) [ST],P,06/09/2025,08/13/2025,"$1,001 - $15,000",Filing Status: New Subholding Of: Charles Schwab Brokerage Account 924,"SP PDD Holdings Inc. - American Depositary Shares (PDD) [ST] P 06/09/2025 08/13/2025 $1,001 - $15,000 Filing Status: New Subholding Of: Charles Schwab Brokerage Account 924",,,False,100,PDD,accepted,house_ptr_structure+v8_1,False,False,False,06/09/2025,False
20030891,Hon. Lisa McClain,Member,MI09,20030891.pdf,2025,509,SP,PDD Holdings Inc. - American Depositary Shares,PDD Holdings Inc. - American Depositary Shares,PDD,PDD,ST,S (partial),2025-06-10,2025-08-13,1001.0,15000.0,,"$1,001 - $15,000",valid_range,New,Charles Schwab Brokerage Account 924,,,,57,57,table,False,False,,False,0,False,False,100,True,20,False,https://disclosures-clerk.house.gov/public_disc/ptr-pdfs/2025/20030891.pdf,,,SP,PDD Holdings Inc. - American Depositary Shares (PDD) [ST] Filing Status: New Subholding Of: Charles Schwab Brokera,PDD Holdings Inc. - American Depositary Shares (PDD) [ST],S (partial) age Account 924,06/10/2025,08/13/2025,"$1,001 - $15,000",,"SP PDD Holdings Inc. - American Depositary Shares (PDD) [ST] S (partial) 06/10/2025 08/13/2025 $1,001 - $15,000 Filing Status: New Subholding Of: Charles Schwab Brokerage Account 924",,,False,100,PDD,accepted,house_ptr_structure+v8_1,False,False,False,06/10/2025,False
20030891,Hon. Lisa McClain,Member,MI09,20030891.pdf,2025,510,SP,"Penumbra, Inc. Common Stock","Penumbra, Inc. Common Stock",PEN,PEN,ST,S,2025-07-10,2025-08-13,1001.0,15000.0,,"$1,001 - $15,000",valid_range,New,Charles Schwab Brokerage Account 924,,,,57,57,table,False,False,,False,0,False,True,100,True,20,False,https://disclosures-clerk.house.gov/public_disc/ptr-pdfs/2025/20030891.pdf,,,SP,"Penumbra, Inc. Common Stock (PEN) [ST]","Penumbra, Inc. Common Stock (PEN) [ST]",S,07/10/2025,08/13/2025,"$1,001 - $15,000",Filing Status: New Subholding Of: Charles Schwab Brokerage Account 924,"SP Penumbra, Inc. Common Stock (PEN) [ST] S 07/10/2025 08/13/2025 $1,001 - $15,000 Filing Status: New Subholding Of: Charles Schwab Brokerage Account 924",,,False,100,PEN,accepted,house_ptr_structure+v8_1,False,False,False,07/10/2025,False
20030891,Hon. Lisa McClain,Member,MI09,20030891.pdf,2025,511,SP,"Pepsico, Inc.","Pepsico, Inc.",PEP,PEP,ST,P,2025-06-24,2025-08-13,1001.0,15000.0,,"$1,001 - $15,000",valid_range,New,Charles Schwab Brokerage Account 924,,,,57,57,table,False,False,,False,0,False,False,100,True,20,False,https://disclosures-clerk.house.gov/public_disc/ptr-pdfs/2025/20030891.pdf,,,SP,"Pepsico, Inc. (PEP) [ST] Filing Status: New Subholding Of: Charles Schwab Brokera","Pepsico, Inc. (PEP) [ST]",P age Account 924,06/24/2025,08/13/2025,"$1,001 - $15,000",,"SP Pepsico, Inc. (PEP) [ST] P 06/24/2025 08/13/2025 $1,001 - $15,000 Filing Status: New Subholding Of: Charles Schwab Brokerage Account 924",,,False,100,PEP,accepted,house_ptr_structure+v8_1,False,False,False,06/24/2025,False
20030891,Hon. Lisa McClain,Member,MI09,20030891.pdf,2025,512,SP,"Pfizer, Inc. Common Stock","Pfizer, Inc. Common Stock",PFE,PFE,ST,P,2025-07-16,2025-08-13,1001.0,15000.0,,"$1,001 - $15,000",valid_range,New,Charles Schwab Brokerage Account 924,,,,57,57,table,False,False,,False,0,False,True,100,True,20,False,https://disclosures-clerk.house.gov/public_disc/ptr-pdfs/2025/20030891.pdf,,,SP,"Pfizer, Inc. Common Stock (PFE) [ST]","Pfizer, Inc. Common Stock (PFE) [ST]",P,07/16/2025,08/13/2025,"$1,001 - $15,000",Filing Status: New Subholding Of: Charles Schwab Brokerage Account 924,"SP Pfizer, Inc. Common Stock (PFE) [ST] P 07/16/2025 08/13/2025 $1,001 - $15,000 Filing Status: New Subholding Of: Charles Schwab Brokerage Account 924",,,False,100,PFE,accepted,house_ptr_structure+v8_1,False,False,False,07/16/2025,False
20030891,Hon. Lisa McClain,Member,MI09,20030891.pdf,2025,513,SP,Philip Morris International Inc Common Stock,Philip Morris International Inc Common Stock,PM,PM,ST,S,2025-07-10,2025-08-13,1001.0,15000.0,,"$1,001 - $15,000",valid_range,New,Charles Schwab Brokerage Account 924,,,,57,58,table,False,False,,True,0,False,False,98,True,20,False,https://disclosures-clerk.house.gov/public_disc/ptr-pdfs/2025/20030891.pdf,,,SP,Philip Morris International Inc Common Stock (PM) [ST],Philip Morris International Inc Common Stock (PM) [ST],S,07/10/2025,08/13/2025,"$1,001 - $15,000",Filing Status: New Subholding Of: Charles Schwab Brokerage Account 924,"SP Philip Morris International Inc Common Stock (PM) [ST] S 07/10/2025 08/13/2025 $1,001 - $15,000 Filing Status: New Subholding Of: Charles Schwab Brokerage Account 924",,,False,98,PM,accepted,house_ptr_structure+v8_1,False,False,False,07/10/2025,False
20030891,Hon. Lisa McClain,Member,MI09,20030891.pdf,2025,514,SP,Philip Morris International Inc Common Stock,Philip Morris International Inc Common Stock,PM,PM,ST,P,2025-06-24,2025-08-13,1001.0,15000.0,,"$1,001 - $15,000",valid_range,New,Charles Schwab Brokerage Account 924,,,,58,58,table,False,False,,False,0,False,True,100,True,20,False,https://disclosures-clerk.house.gov/public_disc/ptr-pdfs/2025/20030891.pdf,,,SP,Philip Morris International Inc Common Stock (PM) [ST],Philip Morris International Inc Common Stock (PM) [ST],P,06/24/2025,08/13/2025,"$1,001 - $15,000",Filing Status: New Subholding Of: Charles Schwab Brokerage Account 924,"SP Philip Morris International Inc Common Stock (PM) [ST] P 06/24/2025 08/13/2025 $1,001 - $15,000 Filing Status: New Subholding Of: Charles Schwab Brokerage Account 924",,,False,100,PM,accepted,house_ptr_structure+v8_1,False,False,False,06/24/2025,False
20030891,Hon. Lisa McClain,Member,MI09,20030891.pdf,2025,515,SP,"Phillips Edison & Company, Inc. - Common Stock","Phillips Edison & Company, Inc. - Common Stock",PECO,PECO,ST,P,2025-07-16,2025-08-13,1001.0,15000.0,,"$1,001 - $15,000",valid_range,New,Charles Schwab Brokerage Account 924,,,,58,58,table,False,False,,False,0,False,False,100,True,20,False,https://disclosures-clerk.house.gov/public_disc/ptr-pdfs/2025/20030891.pdf,,,SP,"Phillips Edison & Company, Inc. - Common Stock (PECO) [ST] Filing Status: New Subholding Of: Charles Schwab Brokera","Phillips Edison & Company, Inc. - Common Stock (PECO) [ST]",P age Account 924,07/16/2025,08/13/2025,"$1,001 - $15,000",,"SP Phillips Edison & Company, Inc. - Common Stock (PECO) [ST] P 07/16/2025 08/13/2025 $1,001 - $15,000 Filing Status: New Subholding Of: Charles Schwab Brokerage Account 924",,,False,100,PECO,accepted,house_ptr_structure+v8_1,False,False,False,07/16/2025,False
20030891,Hon. Lisa McClain,Member,MI09,20030891.pdf,2025,516,SP,PLDT Inc. Sponsored ADR,PLDT Inc. Sponsored ADR,PHI,PHI,ST,S,2025-06-10,2025-08-13,1001.0,15000.0,,"$1,001 - $15,000",valid_range,New,Charles Schwab Brokerage Account 924,,,,58,58,table,False,False,,False,0,False,True,100,True,20,False,https://disclosures-clerk.house.gov/public_disc/ptr-pdfs/2025/20030891.pdf,,,SP,PLDT Inc. Sponsored ADR (PHI) [ST],PLDT Inc. Sponsored ADR (PHI) [ST],S,06/10/2025,08/13/2025,"$1,001 - $15,000",Filing Status: New Subholding Of: Charles Schwab Brokerage Account 924,"SP PLDT Inc. Sponsored ADR (PHI) [ST] S 06/10/2025 08/13/2025 $1,001 - $15,000 Filing Status: New Subholding Of: Charles Schwab Brokerage Account 924",,,False,100,PHI,accepted,house_ptr_structure+v8_1,False,False,False,06/10/2025,False
20030891,Hon. Lisa McClain,Member,MI09,20030891.pdf,2025,517,SP,PLDT Inc. Sponsored ADR,PLDT Inc. Sponsored ADR,PHI,PHI,ST,P,2025-06-09,2025-08-13,1001.0,15000.0,,"$1,001 - $15,000",valid_range,New,Charles Schwab Brokerage Account 924,,,,58,58,table,False,False,,False,0,False,False,100,True,20,False,https://disclosures-clerk.house.gov/public_disc/ptr-pdfs/2025/20030891.pdf,,,SP,PLDT Inc. Sponsored ADR (PHI) [ST] Filing Status: New Subholding Of: Charles Schwab Brokera,PLDT Inc. Sponsored ADR (PHI) [ST],P age Account 924,06/09/2025,08/13/2025,"$1,001 - $15,000",,"SP PLDT Inc. Sponsored ADR (PHI) [ST] P 06/09/2025 08/13/2025 $1,001 - $15,000 Filing Status: New Subholding Of: Charles Schwab Brokerage Account 924",,,False,100,PHI,accepted,house_ptr_structure+v8_1,False,False,False,06/09/2025,False
20030891,Hon. Lisa McClain,Member,MI09,20030891.pdf,2025,518,SP,Polaris Inc. Common Stock,Polaris Inc. Common Stock,PII,PII,ST,P,2025-06-17,2025-08-13,1001.0,15000.0,,"$1,001 - $15,000",valid_range,New,Charles Schwab Brokerage Account 924,,,,58,58,table,False,False,,False,0,False,True,100,True,20,False,https://disclosures-clerk.house.gov/public_disc/ptr-pdfs/2025/20030891.pdf,,,SP,Polaris Inc. Common Stock (PII) [ST],Polaris Inc. Common Stock (PII) [ST],P,06/17/2025,08/13/2025,"$1,001 - $15,000",Filing Status: New Subholding Of: Charles Schwab Brokerage Account 924,"SP Polaris Inc. Common Stock (PII) [ST] P 06/17/2025 08/13/2025 $1,001 - $15,000 Filing Status: New Subholding Of: Charles Schwab Brokerage Account 924",,,False,100,PII,accepted,house_ptr_structure+v8_1,False,False,False,06/17/2025,False
20030891,Hon. Lisa McClain,Member,MI09,20030891.pdf,2025,519,SP,Principal Financial Group Inc,Principal Financial Group Inc,PFG,PFG,ST,P,2025-06-17,2025-08-13,1001.0,15000.0,,"$1,001 - $15,000",valid_range,New,Charles Schwab Brokerage Account 924,,,,58,58,table,False,False,,False,0,False,False,100,True,20,False,https://disclosures-clerk.house.gov/public_disc/ptr-pdfs/2025/20030891.pdf,,,SP,Principal Financial Group Inc (PFG) [ST] Filing Status: New Subholding Of: Charles Schwab Brokera,Principal Financial Group Inc (PFG) [ST],P age Account 924,06/17/2025,08/13/2025,"$1,001 - $15,000",,"SP Principal Financial Group Inc (PFG) [ST] P 06/17/2025 08/13/2025 $1,001 - $15,000 Filing Status: New Subholding Of: Charles Schwab Brokerage Account 924",,,False,100,PFG,accepted,house_ptr_structure+v8_1,False,False,False,06/17/2025,False
20030891,Hon. Lisa McClain,Member,MI09,20030891.pdf,2025,520,SP,Procter & Gamble Company,Procter & Gamble Company,PG,PG,ST,S,2025-07-10,2025-08-13,1001.0,15000.0,,"$1,001 - $15,000",valid_range,New,Charles Schwab Brokerage Account 924,,,,58,58,table,False,False,,False,0,False,True,100,True,20,False,https://disclosures-clerk.house.gov/public_disc/ptr-pdfs/2025/20030891.pdf,,,SP,Procter & Gamble Company (PG) [ST],Procter & Gamble Company (PG) [ST],S,07/10/2025,08/13/2025,"$1,001 - $15,000",Filing Status: New Subholding Of: Charles Schwab Brokerage Account 924,"SP Procter & Gamble Company (PG) [ST] S 07/10/2025 08/13/2025 $1,001 - $15,000 Filing Status: New Subholding Of: Charles Schwab Brokerage Account 924",,,False,100,PG,accepted,house_ptr_structure+v8_1,False,False,False,07/10/2025,False
20030891,Hon. Lisa McClain,Member,MI09,20030891.pdf,2025,521,SP,Procter & Gamble Company,Procter & Gamble Company,PG,PG,ST,P,2025-06-24,2025-08-13,1001.0,15000.0,,"$1,001 - $15,000",valid_range,New,Charles Schwab Brokerage Account 924,,,,58,58,table,False,False,,False,0,False,False,100,True,20,False,https://disclosures-clerk.house.gov/public_disc/ptr-pdfs/2025/20030891.pdf,,,SP,Procter & Gamble Company (PG) [ST] Filing Status: New Subholding Of: Charles Schwab Brokera,Procter & Gamble Company (PG) [ST],P age Account 924,06/24/2025,08/13/2025,"$1,001 - $15,000",,"SP Procter & Gamble Company (PG) [ST] P 06/24/2025 08/13/2025 $1,001 - $15,000 Filing Status: New Subholding Of: Charles Schwab Brokerage Account 924",,,False,100,PG,accepted,house_ptr_structure+v8_1,False,False,False,06/24/2025,False
20030891,Hon. Lisa McClain,Member,MI09,20030891.pdf,2025,522,SP,Progress Software Corporation - Common Stock,Progress Software Corporation - Common Stock,PRGS,PRGS,ST,S,2025-07-16,2025-08-13,1001.0,15000.0,,"$1,001 - $15,000",valid_range,New,Charles Schwab Brokerage Account 924,,,,58,58,table,False,False,,False,0,False,True,100,True,20,False,https://disclosures-clerk.house.gov/public_disc/ptr-pdfs/2025/20030891.pdf,,,SP,Progress Software Corporation - Common Stock (PRGS) [ST],Progress Software Corporation - Common Stock (PRGS) [ST],S,07/16/2025,08/13/2025,"$1,001 - $15,000",Filing Status: New Subholding Of: Charles Schwab Brokerage Account 924,"SP Progress Software Corporation - Common Stock (PRGS) [ST] S 07/16/2025 08/13/2025 $1,001 - $15,000 Filing Status: New Subholding Of: Charles Schwab Brokerage Account 924",,,False,100,PRGS,accepted,house_ptr_structure+v8_1,False,False,False,07/16/2025,False
20030891,Hon. Lisa McClain,Member,MI09,20030891.pdf,2025,523,SP,Progress Software Corporation - Common Stock,Progress Software Corporation - Common Stock,PRGS,PRGS,ST,P,2025-07-10,2025-08-13,1001.0,15000.0,,"$1,001 - $15,000",valid_range,New,Charles Schwab Brokerage Account 924,,,,59,59,table,False,False,,False,0,False,False,100,True,20,False,https://disclosures-clerk.house.gov/public_disc/ptr-pdfs/2025/20030891.pdf,,,SP,Progress Software Corporation - Common Stock (PRGS) [ST] Filing Status: New Subholding Of: Charles Schwab Brokera,Progress Software Corporation - Common Stock (PRGS) [ST],P age Account 924,07/10/2025,08/13/2025,"$1,001 - $15,000",,"SP Progress Software Corporation - Common Stock (PRGS) [ST] P 07/10/2025 08/13/2025 $1,001 - $15,000 Filing Status: New Subholding Of: Charles Schwab Brokerage Account 924",,,False,100,PRGS,accepted,house_ptr_structure+v8_1,False,False,False,07/10/2025,False
20030891,Hon. Lisa McClain,Member,MI09,20030891.pdf,2025,524,SP,Progressive Corporation,Progressive Corporation,PGR,PGR,ST,P,2025-07-10,2025-08-13,1001.0,15000.0,,"$1,001 - $15,000",valid_range,New,Charles Schwab Brokerage Account 924,,,,59,59,table,False,False,,False,0,False,True,100,True,20,False,https://disclosures-clerk.house.gov/public_disc/ptr-pdfs/2025/20030891.pdf,,,SP,Progressive Corporation (PGR) [ST],Progressive Corporation (PGR) [ST],P,07/10/2025,08/13/2025,"$1,001 - $15,000",Filing Status: New Subholding Of: Charles Schwab Brokerage Account 924,"SP Progressive Corporation (PGR) [ST] P 07/10/2025 08/13/2025 $1,001 - $15,000 Filing Status: New Subholding Of: Charles Schwab Brokerage Account 924",,,False,100,PGR,accepted,house_ptr_structure+v8_1,False,False,False,07/10/2025,False
20030891,Hon. Lisa McClain,Member,MI09,20030891.pdf,2025,525,SP,Progressive Corporation,Progressive Corporation,PGR,PGR,ST,S,2025-07-16,2025-08-13,1001.0,15000.0,,"$1,001 - $15,000",valid_range,New,Charles Schwab Brokerage Account 924,,,,59,59,table,False,False,,False,0,False,False,100,True,20,False,https://disclosures-clerk.house.gov/public_disc/ptr-pdfs/2025/20030891.pdf,,,SP,Progressive Corporation (PGR) [ST] Filing Status: New Subholding Of: Charles Schwab Brokera,Progressive Corporation (PGR) [ST],S age Account 924,07/16/2025,08/13/2025,"$1,001 - $15,000",,"SP Progressive Corporation (PGR) [ST] S 07/16/2025 08/13/2025 $1,001 - $15,000 Filing Status: New Subholding Of: Charles Schwab Brokerage Account 924",,,False,100,PGR,accepted,house_ptr_structure+v8_1,False,False,False,07/16/2025,False
20030891,Hon. Lisa McClain,Member,MI09,20030891.pdf,2025,526,SP,"Pure Storage, Inc. Class A Common Stock","Pure Storage, Inc. Class A Common Stock",PSTG,PSTG,ST,P,2025-06-17,2025-08-13,1001.0,15000.0,,"$1,001 - $15,000",valid_range,New,Charles Schwab Brokerage Account 924,,,,59,59,table,False,False,,False,0,False,True,100,True,20,False,https://disclosures-clerk.house.gov/public_disc/ptr-pdfs/2025/20030891.pdf,,,SP,"Pure Storage, Inc. Class A Common Stock (PSTG) [ST]","Pure Storage, Inc. Class A Common Stock (PSTG) [ST]",P,06/17/2025,08/13/2025,"$1,001 - $15,000",Filing Status: New Subholding Of: Charles Schwab Brokerage Account 924,"SP Pure Storage, Inc. Class A Common Stock (PSTG) [ST] P 06/17/2025 08/13/2025 $1,001 - $15,000 Filing Status: New Subholding Of: Charles Schwab Brokerage Account 924",,,False,100,PSTG,accepted,house_ptr_structure+v8_1,False,False,False,06/17/2025,False
20030891,Hon. Lisa McClain,Member,MI09,20030891.pdf,2025,527,SP,"Quanta Services, Inc. Common Stock","Quanta Services, Inc. Common Stock",PWR,PWR,ST,P,2025-07-10,2025-08-13,1001.0,15000.0,,"$1,001 - $15,000",valid_range,New,Charles Schwab Brokerage Account 924,,,,59,59,table,False,False,,False,0,False,False,100,True,20,False,https://disclosures-clerk.house.gov/public_disc/ptr-pdfs/2025/20030891.pdf,,,SP,"Quanta Services, Inc. Common Stock (PWR) [ST] Filing Status: New Subholding Of: Charles Schwab Brokera","Quanta Services, Inc. Common Stock (PWR) [ST]",P age Account 924,07/10/2025,08/13/2025,"$1,001 - $15,000",,"SP Quanta Services, Inc. Common Stock (PWR) [ST] P 07/10/2025 08/13/2025 $1,001 - $15,000 Filing Status: New Subholding Of: Charles Schwab Brokerage Account 924",,,False,100,PWR,accepted,house_ptr_structure+v8_1,False,False,False,07/10/2025,False
20030891,Hon. Lisa McClain,Member,MI09,20030891.pdf,2025,528,SP,Range Resources Corporation Common Stock,Range Resources Corporation Common Stock,RRC,RRC,ST,P,2025-07-22,2025-08-13,1001.0,15000.0,,"$1,001 - $15,000",valid_range,New,Charles Schwab Brokerage Account 924,,,,59,59,table,False,False,,False,0,False,True,100,True,20,False,https://disclosures-clerk.house.gov/public_disc/ptr-pdfs/2025/20030891.pdf,,,SP,Range Resources Corporation Common Stock (RRC) [ST],Range Resources Corporation Common Stock (RRC) [ST],P,07/22/2025,08/13/2025,"$1,001 - $15,000",Filing Status: New Subholding Of: Charles Schwab Brokerage Account 924,"SP Range Resources Corporation Common Stock (RRC) [ST] P 07/22/2025 08/13/2025 $1,001 - $15,000 Filing Status: New Subholding Of: Charles Schwab Brokerage Account 924",,,False,100,RRC,accepted,house_ptr_structure+v8_1,False,False,False,07/22/2025,False
20030891,Hon. Lisa McClain,Member,MI09,20030891.pdf,2025,529,SP,"RB Global, Inc. Common Stock","RB Global, Inc. Common Stock",RBA,RBA,ST,P,2025-06-24,2025-08-13,1001.0,15000.0,,"$1,001 - $15,000",valid_range,New,Charles Schwab Brokerage Account 924,,,,59,59,table,False,False,,False,0,False,False,100,True,20,False,https://disclosures-clerk.house.gov/public_disc/ptr-pdfs/2025/20030891.pdf,,,SP,"RB Global, Inc. Common Stock (RBA) [ST] Filing Status: New Subholding Of: Charles Schwab Brokera","RB Global, Inc. Common Stock (RBA) [ST]",P age Account 924,06/24/2025,08/13/2025,"$1,001 - $15,000",,"SP RB Global, Inc. Common Stock (RBA) [ST] P 06/24/2025 08/13/2025 $1,001 - $15,000 Filing Status: New Subholding Of: Charles Schwab Brokerage Account 924",,,False,100,RBA,accepted,house_ptr_structure+v8_1,False,False,False,06/24/2025,False
20030891,Hon. Lisa McClain,Member,MI09,20030891.pdf,2025,530,SP,Regions Financial Corporation Common Stock,Regions Financial Corporation Common Stock,RF,RF,ST,P,2025-06-17,2025-08-13,1001.0,15000.0,,"$1,001 - $15,000",valid_range,New,Charles Schwab Brokerage Account 924,,,,59,59,table,False,False,,False,0,False,True,100,True,20,False,https://disclosures-clerk.house.gov/public_disc/ptr-pdfs/2025/20030891.pdf,,,SP,Regions Financial Corporation Common Stock (RF) [ST],Regions Financial Corporation Common Stock (RF) [ST],P,06/17/2025,08/13/2025,"$1,001 - $15,000",Filing Status: New Subholding Of: Charles Schwab Brokerage Account 924,"SP Regions Financial Corporation Common Stock (RF) [ST] P 06/17/2025 08/13/2025 $1,001 - $15,000 Filing Status: New Subholding Of: Charles Schwab Brokerage Account 924",,,False,100,RF,accepted,house_ptr_structure+v8_1,False,False,False,06/17/2025,False
20030891,Hon. Lisa McClain,Member,MI09,20030891.pdf,2025,531,SP,"Reliance, Inc. Common Stock","Reliance, Inc. Common Stock",RS,RS,ST,P,2025-06-17,2025-08-13,1001.0,15000.0,,"$1,001 - $15,000",valid_range,New,Charles Schwab Brokerage Account 924,,,,59,59,table,False,False,,False,0,False,False,100,True,20,False,https://disclosures-clerk.house.gov/public_disc/ptr-pdfs/2025/20030891.pdf,,,SP,"Reliance, Inc. Common Stock (RS) [ST] Filing Status: New Subholding Of: Charles Schwab Brokera","Reliance, Inc. Common Stock (RS) [ST]",P age Account 924,06/17/2025,08/13/2025,"$1,001 - $15,000",,"SP Reliance, Inc. Common Stock (RS) [ST] P 06/17/2025 08/13/2025 $1,001 - $15,000 Filing Status: New Subholding Of: Charles Schwab Brokerage Account 924",,,False,100,RS,accepted,house_ptr_structure+v8_1,False,False,False,06/17/2025,False
20030891,Hon. Lisa McClain,Member,MI09,20030891.pdf,2025,532,SP,"Reliance, Inc. Common Stock","Reliance, Inc. Common Stock",RS,RS,ST,S,2025-06-24,2025-08-13,1001.0,15000.0,,"$1,001 - $15,000",valid_range,New,Charles Schwab Brokerage Account 924,,,,59,60,table,False,False,,True,0,False,True,98,True,20,False,https://disclosures-clerk.house.gov/public_disc/ptr-pdfs/2025/20030891.pdf,,,SP,"Reliance, Inc. Common Stock (RS)","Reliance, Inc. Common Stock (RS) yp $200? [ST]",S,06/24/2025,08/13/2025,"$1,001 - $15,000",yp $200? [ST] Filing Status: New Subholding Of: Charles Schwab Brokerage Account 924,"SP Reliance, Inc. Common Stock (RS) S 06/24/2025 08/13/2025 $1,001 - $15,000 yp $200? [ST] Filing Status: New Subholding Of: Charles Schwab Brokerage Account 924",,,False,98,RS,accepted,house_ptr_structure+v8_1,False,False,False,06/24/2025,False
20030891,Hon. Lisa McClain,Member,MI09,20030891.pdf,2025,533,SP,Repligen Corporation - Common Stock,Repligen Corporation - Common Stock,RGEN,RGEN,ST,S (partial),2025-06-17,2025-08-13,1001.0,15000.0,,"$1,001 - $15,000",valid_range,New,Charles Schwab Brokerage Account 924,,,,60,60,table,False,False,,False,0,False,False,100,True,20,False,https://disclosures-clerk.house.gov/public_disc/ptr-pdfs/2025/20030891.pdf,,,SP,Repligen Corporation - Common Stock (RGEN) [ST] Filing Status: New Subholding Of: Charles Schwab Brokera,Repligen Corporation - Common Stock (RGEN) [ST],S (partial) age Account 924,06/17/2025,08/13/2025,"$1,001 - $15,000",,"SP Repligen Corporation - Common Stock (RGEN) [ST] S (partial) 06/17/2025 08/13/2025 $1,001 - $15,000 Filing Status: New Subholding Of: Charles Schwab Brokerage Account 924",,,False,100,RGEN,accepted,house_ptr_structure+v8_1,False,False,False,06/17/2025,False
20030891,Hon. Lisa McClain,Member,MI09,20030891.pdf,2025,534,SP,Repligen Corporation - Common Stock,Repligen Corporation - Common Stock,RGEN,RGEN,ST,P,2025-07-22,2025-08-13,1001.0,15000.0,,"$1,001 - $15,000",valid_range,New,Charles Schwab Brokerage Account 924,,,,60,60,table,False,False,,False,0,False,True,100,True,20,False,https://disclosures-clerk.house.gov/public_disc/ptr-pdfs/2025/20030891.pdf,,,SP,Repligen Corporation - Common Stock (RGEN) [ST],Repligen Corporation - Common Stock (RGEN) [ST],P,07/22/2025,08/13/2025,"$1,001 - $15,000",Filing Status: New Subholding Of: Charles Schwab Brokerage Account 924,"SP Repligen Corporation - Common Stock (RGEN) [ST] P 07/22/2025 08/13/2025 $1,001 - $15,000 Filing Status: New Subholding Of: Charles Schwab Brokerage Account 924",,,False,100,RGEN,accepted,house_ptr_structure+v8_1,False,False,False,07/22/2025,False
20030891,Hon. Lisa McClain,Member,MI09,20030891.pdf,2025,535,SP,Repligen Corporation - Common Stock,Repligen Corporation - Common Stock,RGEN,RGEN,ST,P,2025-06-11,2025-08-13,1001.0,15000.0,,"$1,001 - $15,000",valid_range,New,Charles Schwab Brokerage Account 924,,,,60,60,table,False,False,,False,0,False,False,100,True,20,False,https://disclosures-clerk.house.gov/public_disc/ptr-pdfs/2025/20030891.pdf,,,SP,Repligen Corporation - Common Stock (RGEN) [ST] Filing Status: New Subholding Of: Charles Schwab Brokera,Repligen Corporation - Common Stock (RGEN) [ST],P age Account 924,06/11/2025,08/13/2025,"$1,001 - $15,000",,"SP Repligen Corporation - Common Stock (RGEN) [ST] P 06/11/2025 08/13/2025 $1,001 - $15,000 Filing Status: New Subholding Of: Charles Schwab Brokerage Account 924",,,False,100,RGEN,accepted,house_ptr_structure+v8_1,False,False,False,06/11/2025,False
20030891,Hon. Lisa McClain,Member,MI09,20030891.pdf,2025,536,SP,"Revvity, Inc. Common Stock","Revvity, Inc. Common Stock",RVTY,RVTY,ST,P,2025-06-17,2025-08-13,1001.0,15000.0,,"$1,001 - $15,000",valid_range,New,Charles Schwab Brokerage Account 924,,,,60,60,table,False,False,,False,0,False,True,100,True,20,False,https://disclosures-clerk.house.gov/public_disc/ptr-pdfs/2025/20030891.pdf,,,SP,"Revvity, Inc. Common Stock (RVTY) [ST]","Revvity, Inc. Common Stock (RVTY) [ST]",P,06/17/2025,08/13/2025,"$1,001 - $15,000",Filing Status: New Subholding Of: Charles Schwab Brokerage Account 924,"SP Revvity, Inc. Common Stock (RVTY) [ST] P 06/17/2025 08/13/2025 $1,001 - $15,000 Filing Status: New Subholding Of: Charles Schwab Brokerage Account 924",,,False,100,RVTY,accepted,house_ptr_structure+v8_1,False,False,False,06/17/2025,False
20030891,Hon. Lisa McClain,Member,MI09,20030891.pdf,2025,537,SP,"Revvity, Inc. Common Stock","Revvity, Inc. Common Stock",RVTY,RVTY,ST,S (partial),2025-07-22,2025-08-13,1001.0,15000.0,,"$1,001 - $15,000",valid_range,New,Charles Schwab Brokerage Account 924,,,,60,60,table,False,False,,False,0,False,False,100,True,20,False,https://disclosures-clerk.house.gov/public_disc/ptr-pdfs/2025/20030891.pdf,,,SP,"Revvity, Inc. Common Stock (RVTY) [ST] Filing Status: New Subholding Of: Charles Schwab Brokera","Revvity, Inc. Common Stock (RVTY) [ST]",S (partial) age Account 924,07/22/2025,08/13/2025,"$1,001 - $15,000",,"SP Revvity, Inc. Common Stock (RVTY) [ST] S (partial) 07/22/2025 08/13/2025 $1,001 - $15,000 Filing Status: New Subholding Of: Charles Schwab Brokerage Account 924",,,False,100,RVTY,accepted,house_ptr_structure+v8_1,False,False,False,07/22/2025,False
20030891,Hon. Lisa McClain,Member,MI09,20030891.pdf,2025,538,SP,Rio Tinto Plc Common Stock,Rio Tinto Plc Common Stock,RIO,RIO,ST,P,2025-06-24,2025-08-13,1001.0,15000.0,,"$1,001 - $15,000",valid_range,New,Charles Schwab Brokerage Account 924,,,,60,60,table,False,False,,False,0,False,True,100,True,20,False,https://disclosures-clerk.house.gov/public_disc/ptr-pdfs/2025/20030891.pdf,,,SP,Rio Tinto Plc Common Stock (RIO) [ST],Rio Tinto Plc Common Stock (RIO) [ST],P,06/24/2025,08/13/2025,"$1,001 - $15,000",Filing Status: New Subholding Of: Charles Schwab Brokerage Account 924,"SP Rio Tinto Plc Common Stock (RIO) [ST] P 06/24/2025 08/13/2025 $1,001 - $15,000 Filing Status: New Subholding Of: Charles Schwab Brokerage Account 924",,,False,100,RIO,accepted,house_ptr_structure+v8_1,False,False,False,06/24/2025,False
20030891,Hon. Lisa McClain,Member,MI09,20030891.pdf,2025,539,SP,RLI Corp. Common Stock,RLI Corp. Common Stock,RLI,RLI,ST,P,2025-06-11,2025-08-13,1001.0,15000.0,,"$1,001 - $15,000",valid_range,New,Charles Schwab Brokerage Account 924,,,,60,60,table,False,False,,False,0,False,False,100,True,20,False,https://disclosures-clerk.house.gov/public_disc/ptr-pdfs/2025/20030891.pdf,,,SP,RLI Corp. Common Stock (RLI) [ST] Filing Status: New Subholding Of: Charles Schwab Brokera,RLI Corp. Common Stock (RLI) [ST],P age Account 924,06/11/2025,08/13/2025,"$1,001 - $15,000",,"SP RLI Corp. Common Stock (RLI) [ST] P 06/11/2025 08/13/2025 $1,001 - $15,000 Filing Status: New Subholding Of: Charles Schwab Brokerage Account 924",,,False,100,RLI,accepted,house_ptr_structure+v8_1,False,False,False,06/11/2025,False
20030891,Hon. Lisa McClain,Member,MI09,20030891.pdf,2025,540,SP,RLI Corp. Common Stock,RLI Corp. Common Stock,RLI,RLI,ST,S,2025-06-17,2025-08-13,1001.0,15000.0,,"$1,001 - $15,000",valid_range,New,Charles Schwab Brokerage Account 924,,,,60,60,table,False,False,,False,0,False,True,100,True,20,False,https://disclosures-clerk.house.gov/public_disc/ptr-pdfs/2025/20030891.pdf,,,SP,RLI Corp. Common Stock (RLI) [ST],RLI Corp. Common Stock (RLI) [ST],S,06/17/2025,08/13/2025,"$1,001 - $15,000",Filing Status: New Subholding Of: Charles Schwab Brokerage Account 924,"SP RLI Corp. Common Stock (RLI) [ST] S 06/17/2025 08/13/2025 $1,001 - $15,000 Filing Status: New Subholding Of: Charles Schwab Brokerage Account 924",,,False,100,RLI,accepted,house_ptr_structure+v8_1,False,False,False,06/17/2025,False
20030891,Hon. Lisa McClain,Member,MI09,20030891.pdf,2025,541,SP,Roivant Sciences Ltd. - Common Shares,Roivant Sciences Ltd. - Common Shares,ROIV,ROIV,ST,P,2025-06-17,2025-08-13,1001.0,15000.0,,"$1,001 - $15,000",valid_range,New,Charles Schwab Brokerage Account 924,,,,60,61,table,False,False,,True,0,False,False,98,True,20,False,https://disclosures-clerk.house.gov/public_disc/ptr-pdfs/2025/20030891.pdf,,,SP,Roivant Sciences Ltd. - Common Shares (ROIV) [ST],Roivant Sciences Ltd. - Common Shares (ROIV) [ST],P,06/17/2025,08/13/2025,"$1,001 - $15,000",Filing Status: New Subholding Of: Charles Schwab Brokerage Account 924,"SP Roivant Sciences Ltd. - Common Shares (ROIV) [ST] P 06/17/2025 08/13/2025 $1,001 - $15,000 Filing Status: New Subholding Of: Charles Schwab Brokerage Account 924",,,False,98,ROIV,accepted,house_ptr_structure+v8_1,False,False,False,06/17/2025,False
20030891,Hon. Lisa McClain,Member,MI09,20030891.pdf,2025,542,SP,Romeo Mich CMNTY SC 4%33 GO UTX Due 05/01/33,Romeo Mich CMNTY SC 4%33 GO UTX Due 05/01/33,,,GS,P,2025-02-05,2025-08-13,15001.0,50000.0,,"$15,001 - $50,000",valid_range,New,Charles Schwab Brokerage Account 919,,,,61,61,table,False,False,,False,0,False,True,100,True,20,False,https://disclosures-clerk.house.gov/public_disc/ptr-pdfs/2025/20030891.pdf,,,SP,Romeo Mich CMNTY SC 4%33 GO UTX Due 05/01/33 [GS],Romeo Mich CMNTY SC 4%33 GO UTX Due 05/01/33 [GS],P,02/05/2025,08/13/2025,"$15,001 - $50,000",Filing Status: New Subholding Of: Charles Schwab Brokerage Account 919,"SP Romeo Mich CMNTY SC 4%33 GO UTX Due 05/01/33 [GS] P 02/05/2025 08/13/2025 $15,001 - $50,000 Filing Status: New Subholding Of: Charles Schwab Brokerage Account 919",,,False,100,,not_applicable,,False,False,False,02/05/2025,False
20030891,Hon. Lisa McClain,Member,MI09,20030891.pdf,2025,543,SP,ROMEO MICH CMNTY SCH GO 4% 05/01/2033 CALLABLE,ROMEO MICH CMNTY SCH GO 4% 05/01/2033 CALLABLE,,,GS,S,2025-06-06,2025-08-13,15001.0,50000.0,,"$15,001 - $50,000",valid_range,New,Charles Schwab Brokerage Account 924,,,,61,61,table,False,False,,False,0,False,False,100,True,20,False,https://disclosures-clerk.house.gov/public_disc/ptr-pdfs/2025/20030891.pdf,,,SP,ROMEO MICH CMNTY SCH GO 4% 05/01/2033 CALLABLE [GS] Filing Status: New Subholding Of: Charles Schwab Brokera,ROMEO MICH CMNTY SCH GO 4% 05/01/2033 CALLABLE [GS],S age Account 924,06/06/2025,08/13/2025,"$15,001 - $50,000",,"SP ROMEO MICH CMNTY SCH GO 4% 05/01/2033 CALLABLE [GS] S 06/06/2025 08/13/2025 $15,001 - $50,000 Filing Status: New Subholding Of: Charles Schwab Brokerage Account 924",,,False,100,,not_applicable,,False,False,False,06/06/2025,False
20030891,Hon. Lisa McClain,Member,MI09,20030891.pdf,2025,544,SP,"Roper Technologies, Inc.","Roper Technologies, Inc.",ROP,ROP,ST,P,2025-07-22,2025-08-13,1001.0,15000.0,,"$1,001 - $15,000",valid_range,New,Charles Schwab Brokerage Account 924,,,,61,61,table,False,False,,False,0,False,True,100,True,20,False,https://disclosures-clerk.house.gov/public_disc/ptr-pdfs/2025/20030891.pdf,,,SP,"Roper Technologies, Inc. (ROP) [ST]","Roper Technologies, Inc. (ROP) [ST]",P,07/22/2025,08/13/2025,"$1,001 - $15,000",Filing Status: New Subholding Of: Charles Schwab Brokerage Account 924,"SP Roper Technologies, Inc. (ROP) [ST] P 07/22/2025 08/13/2025 $1,001 - $15,000 Filing Status: New Subholding Of: Charles Schwab Brokerage Account 924",,,False,100,ROP,accepted,house_ptr_structure+v8_1,False,False,False,07/22/2025,False
20030891,Hon. Lisa McClain,Member,MI09,20030891.pdf,2025,545,SP,"Ross Stores, Inc. - Common Stock","Ross Stores, Inc. - Common Stock",ROST,ROST,ST,S,2025-06-24,2025-08-13,1001.0,15000.0,,"$1,001 - $15,000",valid_range,New,Charles Schwab Brokerage Account 924,,,,61,61,table,False,False,,False,0,False,False,100,True,20,False,https://disclosures-clerk.house.gov/public_disc/ptr-pdfs/2025/20030891.pdf,,,SP,"Ross Stores, Inc. - Common Stock (ROST) [ST] Filing Status: New Subholding Of: Charles Schwab Brokera","Ross Stores, Inc. - Common Stock (ROST) [ST]",S age Account 924,06/24/2025,08/13/2025,"$1,001 - $15,000",,"SP Ross Stores, Inc. - Common Stock (ROST) [ST] S 06/24/2025 08/13/2025 $1,001 - $15,000 Filing Status: New Subholding Of: Charles Schwab Brokerage Account 924",,,False,100,ROST,accepted,house_ptr_structure+v8_1,False,False,False,06/24/2025,False
20030891,Hon. Lisa McClain,Member,MI09,20030891.pdf,2025,546,SP,"Ross Stores, Inc. - Common Stock","Ross Stores, Inc. - Common Stock",ROST,ROST,ST,P,2025-06-17,2025-08-13,1001.0,15000.0,,"$1,001 - $15,000",valid_range,New,Charles Schwab Brokerage Account 924,,,,61,61,table,False,False,,False,0,False,True,100,True,20,False,https://disclosures-clerk.house.gov/public_disc/ptr-pdfs/2025/20030891.pdf,,,SP,"Ross Stores, Inc. - Common Stock (ROST) [ST]","Ross Stores, Inc. - Common Stock (ROST) [ST]",P,06/17/2025,08/13/2025,"$1,001 - $15,000",Filing Status: New Subholding Of: Charles Schwab Brokerage Account 924,"SP Ross Stores, Inc. - Common Stock (ROST) [ST] P 06/17/2025 08/13/2025 $1,001 - $15,000 Filing Status: New Subholding Of: Charles Schwab Brokerage Account 924",,,False,100,ROST,accepted,house_ptr_structure+v8_1,False,False,False,06/17/2025,False
20030891,Hon. Lisa McClain,Member,MI09,20030891.pdf,2025,547,SP,"Royal Gold, Inc. - Common Stock","Royal Gold, Inc. - Common Stock",RGLD,RGLD,ST,P,2025-06-09,2025-08-13,1001.0,15000.0,,"$1,001 - $15,000",valid_range,New,Charles Schwab Brokerage Account 924,,,,61,61,table,False,False,,False,0,False,False,100,True,20,False,https://disclosures-clerk.house.gov/public_disc/ptr-pdfs/2025/20030891.pdf,,,SP,"Royal Gold, Inc. - Common Stock (RGLD) [ST] Filing Status: New Subholding Of: Charles Schwab Brokera","Royal Gold, Inc. - Common Stock (RGLD) [ST]",P age Account 924,06/09/2025,08/13/2025,"$1,001 - $15,000",,"SP Royal Gold, Inc. - Common Stock (RGLD) [ST] P 06/09/2025 08/13/2025 $1,001 - $15,000 Filing Status: New Subholding Of: Charles Schwab Brokerage Account 924",,,False,100,RGLD,accepted,house_ptr_structure+v8_1,False,False,False,06/09/2025,False
20030891,Hon. Lisa McClain,Member,MI09,20030891.pdf,2025,548,SP,"Royal Gold, Inc. - Common Stock","Royal Gold, Inc. - Common Stock",RGLD,RGLD,ST,S (partial),2025-06-10,2025-08-13,1001.0,15000.0,,"$1,001 - $15,000",valid_range,New,Charles Schwab Brokerage Account 924,,,,61,61,table,False,False,,False,0,False,True,100,True,20,False,https://disclosures-clerk.house.gov/public_disc/ptr-pdfs/2025/20030891.pdf,,,SP,"Royal Gold, Inc. - Common Stock (RGLD) [ST]","Royal Gold, Inc. - Common Stock (RGLD) [ST]",S (partial),06/10/2025,08/13/2025,"$1,001 - $15,000",Filing Status: New Subholding Of: Charles Schwab Brokerage Account 924,"SP Royal Gold, Inc. - Common Stock (RGLD) [ST] S (partial) 06/10/2025 08/13/2025 $1,001 - $15,000 Filing Status: New Subholding Of: Charles Schwab Brokerage Account 924",,,False,100,RGLD,accepted,house_ptr_structure+v8_1,False,False,False,06/10/2025,False
20030891,Hon. Lisa McClain,Member,MI09,20030891.pdf,2025,549,SP,"Royal Gold, Inc. - Common Stock","Royal Gold, Inc. - Common Stock",RGLD,RGLD,ST,P,2025-07-22,2025-08-13,1001.0,15000.0,,"$1,001 - $15,000",valid_range,New,Charles Schwab Brokerage Account 924,,,,61,61,table,False,False,,False,0,False,False,100,True,20,False,https://disclosures-clerk.house.gov/public_disc/ptr-pdfs/2025/20030891.pdf,,,SP,"Royal Gold, Inc. - Common Stock (RGLD) [ST] Filing Status: New Subholding Of: Charles Schwab Brokera","Royal Gold, Inc. - Common Stock (RGLD) [ST]",P age Account 924,07/22/2025,08/13/2025,"$1,001 - $15,000",,"SP Royal Gold, Inc. - Common Stock (RGLD) [ST] P 07/22/2025 08/13/2025 $1,001 - $15,000 Filing Status: New Subholding Of: Charles Schwab Brokerage Account 924",,,False,100,RGLD,accepted,house_ptr_structure+v8_1,False,False,False,07/22/2025,False
20030891,Hon. Lisa McClain,Member,MI09,20030891.pdf,2025,550,SP,"Salesforce, Inc. Common Stock","Salesforce, Inc. Common Stock",CRM,CRM,ST,S,2025-03-21,2025-08-13,1001.0,15000.0,,"$1,001 - $15,000",valid_range,New $200?,Charles Schwab Brokerage Account 548,,,,61,62,table,False,False,,True,0,False,True,98,True,20,False,https://disclosures-clerk.house.gov/public_disc/ptr-pdfs/2025/20030891.pdf,,,SP,"Salesforce, Inc. Common Stock (CRM) [ST]","Salesforce, Inc. Common Stock (CRM) [ST]",S,03/21/2025,08/13/2025,"$1,001 - $15,000",Filing Status: New $200? Subholding Of: Charles Schwab Brokerage Account 548,"SP Salesforce, Inc. Common Stock (CRM) [ST] S 03/21/2025 08/13/2025 $1,001 - $15,000 Filing Status: New $200? Subholding Of: Charles Schwab Brokerage Account 548",,,False,98,CRM,accepted,house_ptr_structure+v8_1,False,False,False,03/21/2025,False
20030891,Hon. Lisa McClain,Member,MI09,20030891.pdf,2025,551,SP,"Salesforce, Inc. Common Stock","Salesforce, Inc. Common Stock",CRM,CRM,ST,P,2024-12-11,2025-08-11,1001.0,15000.0,,"$1,001 - $15,000",valid_range,New,Charles Schwab Brokerage Account 548,,,,62,62,table,False,False,,False,0,False,False,100,True,20,False,https://disclosures-clerk.house.gov/public_disc/ptr-pdfs/2025/20030891.pdf,,,SP,"Salesforce, Inc. Common Stock (CRM) [ST] Filing Status: New Subholding Of: Charles Schwab Brokera","Salesforce, Inc. Common Stock (CRM) [ST]",P age Account 548,12/11/2024,08/11/2025,"$1,001 - $15,000",,"SP Salesforce, Inc. Common Stock (CRM) [ST] P 12/11/2024 08/11/2025 $1,001 - $15,000 Filing Status: New Subholding Of: Charles Schwab Brokerage Account 548",,,False,100,CRM,accepted,house_ptr_structure+v8_1,False,False,False,12/11/2024,False
20030891,Hon. Lisa McClain,Member,MI09,20030891.pdf,2025,552,SP,"Salesforce, Inc. Common Stock","Salesforce, Inc. Common Stock",CRM,CRM,ST,S,2025-07-16,2025-08-13,1001.0,15000.0,,"$1,001 - $15,000",valid_range,New,Charles Schwab Brokerage Account 924,,,,62,62,table,False,False,,False,0,True,True,95,True,20,True,https://disclosures-clerk.house.gov/public_disc/ptr-pdfs/2025/20030891.pdf,low,adjacent transaction has same core signature,SP,"Salesforce, Inc. Common Stock (CRM) [ST]","Salesforce, Inc. Common Stock (CRM) [ST]",S,07/16/2025,08/13/2025,"$1,001 - $15,000",Filing Status: New Subholding Of: Charles Schwab Brokerage Account 924,"SP Salesforce, Inc. Common Stock (CRM) [ST] S 07/16/2025 08/13/2025 $1,001 - $15,000 Filing Status: New Subholding Of: Charles Schwab Brokerage Account 924",adjacent transaction has same core signature,low,True,95,CRM,accepted,house_ptr_structure+v8_1,False,False,False,07/16/2025,False
20030891,Hon. Lisa McClain,Member,MI09,20030891.pdf,2025,553,SP,"Salesforce, Inc. Common Stock","Salesforce, Inc. Common Stock",CRM,CRM,ST,S,2025-07-16,2025-08-13,1001.0,15000.0,,"$1,001 - $15,000",valid_range,New,Charles Schwab Brokerage Account 924,,,,62,62,table,False,False,,False,0,False,False,100,True,20,False,https://disclosures-clerk.house.gov/public_disc/ptr-pdfs/2025/20030891.pdf,,,SP,"Salesforce, Inc. Common Stock (CRM) [ST] Filing Status: New Subholding Of: Charles Schwab Brokera","Salesforce, Inc. Common Stock (CRM) [ST]",S age Account 924,07/16/2025,08/13/2025,"$1,001 - $15,000",,"SP Salesforce, Inc. Common Stock (CRM) [ST] S 07/16/2025 08/13/2025 $1,001 - $15,000 Filing Status: New Subholding Of: Charles Schwab Brokerage Account 924",,,False,100,CRM,accepted,house_ptr_structure+v8_1,False,False,False,07/16/2025,False
20030891,Hon. Lisa McClain,Member,MI09,20030891.pdf,2025,554,SP,"Salesforce, Inc. Common Stock","Salesforce, Inc. Common Stock",CRM,CRM,ST,P,2025-06-17,2025-08-13,1001.0,15000.0,,"$1,001 - $15,000",valid_range,New,Charles Schwab Brokerage Account 924,,,,62,62,table,False,False,,False,0,False,True,100,True,20,False,https://disclosures-clerk.house.gov/public_disc/ptr-pdfs/2025/20030891.pdf,,,SP,"Salesforce, Inc. Common Stock (CRM) [ST]","Salesforce, Inc. Common Stock (CRM) [ST]",P,06/17/2025,08/13/2025,"$1,001 - $15,000",Filing Status: New Subholding Of: Charles Schwab Brokerage Account 924,"SP Salesforce, Inc. Common Stock (CRM) [ST] P 06/17/2025 08/13/2025 $1,001 - $15,000 Filing Status: New Subholding Of: Charles Schwab Brokerage Account 924",,,False,100,CRM,accepted,house_ptr_structure+v8_1,False,False,False,06/17/2025,False
20030891,Hon. Lisa McClain,Member,MI09,20030891.pdf,2025,555,SP,Sanofi - American Depositary Shares,Sanofi - American Depositary Shares,SNY,SNY,ST,P,2025-06-17,2025-08-13,1001.0,15000.0,,"$1,001 - $15,000",valid_range,New,Charles Schwab Brokerage Account 924,,,,62,62,table,False,False,,False,0,False,False,100,True,20,False,https://disclosures-clerk.house.gov/public_disc/ptr-pdfs/2025/20030891.pdf,,,SP,Sanofi - American Depositary Shares (SNY) [ST] Filing Status: New Subholding Of: Charles Schwab Brokera,Sanofi - American Depositary Shares (SNY) [ST],P age Account 924,06/17/2025,08/13/2025,"$1,001 - $15,000",,"SP Sanofi - American Depositary Shares (SNY) [ST] P 06/17/2025 08/13/2025 $1,001 - $15,000 Filing Status: New Subholding Of: Charles Schwab Brokerage Account 924",,,False,100,SNY,accepted,house_ptr_structure+v8_1,False,False,False,06/17/2025,False
20030891,Hon. Lisa McClain,Member,MI09,20030891.pdf,2025,556,SP,Sanofi - American Depositary Shares,Sanofi - American Depositary Shares,SNY,SNY,ST,S,2025-07-22,2025-08-13,1001.0,15000.0,,"$1,001 - $15,000",valid_range,New,Charles Schwab Brokerage Account 924,,,,62,62,table,False,False,,False,0,False,True,100,True,20,False,https://disclosures-clerk.house.gov/public_disc/ptr-pdfs/2025/20030891.pdf,,,SP,Sanofi - American Depositary Shares (SNY) [ST],Sanofi - American Depositary Shares (SNY) [ST],S,07/22/2025,08/13/2025,"$1,001 - $15,000",Filing Status: New Subholding Of: Charles Schwab Brokerage Account 924,"SP Sanofi - American Depositary Shares (SNY) [ST] S 07/22/2025 08/13/2025 $1,001 - $15,000 Filing Status: New Subholding Of: Charles Schwab Brokerage Account 924",,,False,100,SNY,accepted,house_ptr_structure+v8_1,False,False,False,07/22/2025,False
20030891,Hon. Lisa McClain,Member,MI09,20030891.pdf,2025,557,SP,SAP SE ADS,SAP SE ADS,SAP,SAP,ST,S (partial),2025-06-10,2025-08-13,1001.0,15000.0,,"$1,001 - $15,000",valid_range,New,Charles Schwab Brokerage Account 924,,,,62,62,table,False,False,,False,0,False,False,100,True,20,False,https://disclosures-clerk.house.gov/public_disc/ptr-pdfs/2025/20030891.pdf,,,SP,SAP SE ADS (SAP) [ST] Filing Status: New Subholding Of: Charles Schwab Brokera,SAP SE ADS (SAP) [ST],S (partial) age Account 924,06/10/2025,08/13/2025,"$1,001 - $15,000",,"SP SAP SE ADS (SAP) [ST] S (partial) 06/10/2025 08/13/2025 $1,001 - $15,000 Filing Status: New Subholding Of: Charles Schwab Brokerage Account 924",,,False,100,SAP,accepted,house_ptr_structure+v8_1,False,False,False,06/10/2025,False
20030891,Hon. Lisa McClain,Member,MI09,20030891.pdf,2025,558,SP,SAP SE ADS,SAP SE ADS,SAP,SAP,ST,S,2025-07-22,2025-08-13,1001.0,15000.0,,"$1,001 - $15,000",valid_range,New,Charles Schwab Brokerage Account 924,,,,62,62,table,False,False,,False,0,False,True,100,True,20,False,https://disclosures-clerk.house.gov/public_disc/ptr-pdfs/2025/20030891.pdf,,,SP,SAP SE ADS (SAP) [ST],SAP SE ADS (SAP) [ST],S,07/22/2025,08/13/2025,"$1,001 - $15,000",Filing Status: New Subholding Of: Charles Schwab Brokerage Account 924,"SP SAP SE ADS (SAP) [ST] S 07/22/2025 08/13/2025 $1,001 - $15,000 Filing Status: New Subholding Of: Charles Schwab Brokerage Account 924",,,False,100,SAP,accepted,house_ptr_structure+v8_1,False,False,False,07/22/2025,False
20030891,Hon. Lisa McClain,Member,MI09,20030891.pdf,2025,559,SP,SAP SE ADS,SAP SE ADS,SAP,SAP,ST,P,2025-07-16,2025-08-13,1001.0,15000.0,,"$1,001 - $15,000",valid_range,New,Charles Schwab Brokerage Account 924,,,,62,62,table,False,False,,False,0,False,False,100,True,20,False,https://disclosures-clerk.house.gov/public_disc/ptr-pdfs/2025/20030891.pdf,,,SP,SAP SE ADS (SAP) [ST] Filing Status: New Subholding Of: Charles Schwab Brokera,SAP SE ADS (SAP) [ST],P age Account 924,07/16/2025,08/13/2025,"$1,001 - $15,000",,"SP SAP SE ADS (SAP) [ST] P 07/16/2025 08/13/2025 $1,001 - $15,000 Filing Status: New Subholding Of: Charles Schwab Brokerage Account 924",,,False,100,SAP,accepted,house_ptr_structure+v8_1,False,False,False,07/16/2025,False
20030891,Hon. Lisa McClain,Member,MI09,20030891.pdf,2025,560,SP,SAP SE ADS,SAP SE ADS,SAP,SAP,ST,P,2025-06-09,2025-08-13,1001.0,15000.0,,"$1,001 - $15,000",valid_range,New,Charles Schwab Brokerage Account 924,,,,63,63,table,False,False,,False,0,False,True,100,True,20,False,https://disclosures-clerk.house.gov/public_disc/ptr-pdfs/2025/20030891.pdf,,,SP,SAP SE ADS (SAP) [ST],SAP SE ADS (SAP) [ST],P,06/09/2025,08/13/2025,"$1,001 - $15,000",Filing Status: New Subholding Of: Charles Schwab Brokerage Account 924,"SP SAP SE ADS (SAP) [ST] P 06/09/2025 08/13/2025 $1,001 - $15,000 Filing Status: New Subholding Of: Charles Schwab Brokerage Account 924",,,False,100,SAP,accepted,house_ptr_structure+v8_1,False,False,False,06/09/2025,False
20030891,Hon. Lisa McClain,Member,MI09,20030891.pdf,2025,561,SP,Schlumberger N.V. Common Stock,Schlumberger N.V. Common Stock,SLB,SLB,ST,P,2025-07-16,2025-08-13,1001.0,15000.0,,"$1,001 - $15,000",valid_range,New,Charles Schwab Brokerage Account 924,,,,63,63,table,False,False,,False,0,False,False,100,True,20,False,https://disclosures-clerk.house.gov/public_disc/ptr-pdfs/2025/20030891.pdf,,,SP,Schlumberger N.V. Common Stock (SLB) [ST] Filing Status: New Subholding Of: Charles Schwab Brokera,Schlumberger N.V. Common Stock (SLB) [ST],P age Account 924,07/16/2025,08/13/2025,"$1,001 - $15,000",,"SP Schlumberger N.V. Common Stock (SLB) [ST] P 07/16/2025 08/13/2025 $1,001 - $15,000 Filing Status: New Subholding Of: Charles Schwab Brokerage Account 924",,,False,100,SLB,accepted,house_ptr_structure+v8_1,False,False,False,07/16/2025,False
20030891,Hon. Lisa McClain,Member,MI09,20030891.pdf,2025,562,SP,Schlumberger N.V. Common Stock,Schlumberger N.V. Common Stock,SLB,SLB,ST,S,2025-07-22,2025-08-13,1001.0,15000.0,,"$1,001 - $15,000",valid_range,New,Charles Schwab Brokerage Account 924,,,,63,63,table,False,False,,False,0,False,True,100,True,20,False,https://disclosures-clerk.house.gov/public_disc/ptr-pdfs/2025/20030891.pdf,,,SP,Schlumberger N.V. Common Stock (SLB) [ST],Schlumberger N.V. Common Stock (SLB) [ST],S,07/22/2025,08/13/2025,"$1,001 - $15,000",Filing Status: New Subholding Of: Charles Schwab Brokerage Account 924,"SP Schlumberger N.V. Common Stock (SLB) [ST] S 07/22/2025 08/13/2025 $1,001 - $15,000 Filing Status: New Subholding Of: Charles Schwab Brokerage Account 924",,,False,100,SLB,accepted,house_ptr_structure+v8_1,False,False,False,07/22/2025,False
20030891,Hon. Lisa McClain,Member,MI09,20030891.pdf,2025,563,SP,Science Applications International Corporation - Common Stock,Science Applications International Corporation - Common Stock,SAIC,SAIC,ST,P,2025-06-11,2025-08-13,1001.0,15000.0,,"$1,001 - $15,000",valid_range,New,Charles Schwab Brokerage Account 924,,,,63,63,table,False,False,,False,0,False,False,100,True,20,False,https://disclosures-clerk.house.gov/public_disc/ptr-pdfs/2025/20030891.pdf,,,SP,Science Applications International Corporation - Common Stock (SAIC) [ST] Filing Status: New Subholding Of: Charles Schwab Brokera,Science Applications International Corporation - Common Stock (SAIC) [ST],P age Account 924,06/11/2025,08/13/2025,"$1,001 - $15,000",,"SP Science Applications International Corporation - Common Stock (SAIC) [ST] P 06/11/2025 08/13/2025 $1,001 - $15,000 Filing Status: New Subholding Of: Charles Schwab Brokerage Account 924",,,False,100,SAIC,accepted,house_ptr_structure+v8_1,False,False,False,06/11/2025,False
20030891,Hon. Lisa McClain,Member,MI09,20030891.pdf,2025,564,SP,"Sea Limited American Depositary Shares, each representing one Class A Ordinary Share","Sea Limited American Depositary Shares, each representing one Class A Ordinary Share",SE,SE,ST,P,2025-06-17,2025-08-13,1001.0,15000.0,,"$1,001 - $15,000",valid_range,New,Charles Schwab Brokerage Account 924,,,,63,63,table,False,False,,False,0,False,True,100,True,20,False,https://disclosures-clerk.house.gov/public_disc/ptr-pdfs/2025/20030891.pdf,,,SP,"Sea Limited American Depositary Shares, each representing one Class A Ordinary Share (SE) [ST]","Sea Limited American Depositary Shares, each representing one Class A Ordinary Share (SE) [ST]",P,06/17/2025,08/13/2025,"$1,001 - $15,000",Filing Status: New Subholding Of: Charles Schwab Brokerage Account 924,"SP Sea Limited American Depositary Shares, each representing one Class A Ordinary Share (SE) [ST] P 06/17/2025 08/13/2025 $1,001 - $15,000 Filing Status: New Subholding Of: Charles Schwab Brokerage Account 924",,,False,100,SE,accepted,house_ptr_structure+v8_1,False,False,False,06/17/2025,False
20030891,Hon. Lisa McClain,Member,MI09,20030891.pdf,2025,565,SP,"Sea Limited American Depositary Shares, each representing one Class A Ordinary Share","Sea Limited American Depositary Shares, each representing one Class A Ordinary Share",SE,SE,ST,S,2025-07-10,2025-08-13,1001.0,15000.0,,"$1,001 - $15,000",valid_range,New,Charles Schwab Brokerage Account 924,,,,63,63,table,False,False,,False,0,False,False,100,True,20,False,https://disclosures-clerk.house.gov/public_disc/ptr-pdfs/2025/20030891.pdf,,,SP,"Sea Limited American Depositary Shares, each representing one Class A Ordinary Share (SE) [ST] Filing Status: New Subholding Of: Charles Schwab Brokera","Sea Limited American Depositary Shares, each representing one Class A Ordinary Share (SE) [ST]",S age Account 924,07/10/2025,08/13/2025,"$1,001 - $15,000",,"SP Sea Limited American Depositary Shares, each representing one Class A Ordinary Share (SE) [ST] S 07/10/2025 08/13/2025 $1,001 - $15,000 Filing Status: New Subholding Of: Charles Schwab Brokerage Account 924",,,False,100,SE,accepted,house_ptr_structure+v8_1,False,False,False,07/10/2025,False
20030891,Hon. Lisa McClain,Member,MI09,20030891.pdf,2025,566,SP,Seacoast Banking Corporation of Florida - Common Stock,Seacoast Banking Corporation of Florida - Common Stock,SBCF,SBCF,ST,P,2025-06-17,2025-08-13,1001.0,15000.0,,"$1,001 - $15,000",valid_range,New,Charles Schwab Brokerage Account 924,,,,63,63,table,False,False,,False,0,False,True,100,True,20,False,https://disclosures-clerk.house.gov/public_disc/ptr-pdfs/2025/20030891.pdf,,,SP,Seacoast Banking Corporation of Florida - Common Stock (SBCF) [ST],Seacoast Banking Corporation of Florida - Common Stock (SBCF) [ST],P,06/17/2025,08/13/2025,"$1,001 - $15,000",Filing Status: New Subholding Of: Charles Schwab Brokerage Account 924,"SP Seacoast Banking Corporation of Florida - Common Stock (SBCF) [ST] P 06/17/2025 08/13/2025 $1,001 - $15,000 Filing Status: New Subholding Of: Charles Schwab Brokerage Account 924",,,False,100,SBCF,accepted,house_ptr_structure+v8_1,False,False,False,06/17/2025,False
20030891,Hon. Lisa McClain,Member,MI09,20030891.pdf,2025,567,SP,Sealed Air Corporation Common Stock,Sealed Air Corporation Common Stock,SEE,SEE,ST,P,2024-06-11,2025-08-13,1001.0,15000.0,,"$1,001 - $15,000",valid_range,New,Charles Schwab Brokerage Account 924,,,,63,63,table,False,False,,False,0,False,False,100,True,20,False,https://disclosures-clerk.house.gov/public_disc/ptr-pdfs/2025/20030891.pdf,,,SP,Sealed Air Corporation Common Stock (SEE) [ST] Filing Status: New Subholding Of: Charles Schwab Brokera,Sealed Air Corporation Common Stock (SEE) [ST],P age Account 924,06/11/2024,08/13/2025,"$1,001 - $15,000",,"SP Sealed Air Corporation Common Stock (SEE) [ST] P 06/11/2024 08/13/2025 $1,001 - $15,000 Filing Status: New Subholding Of: Charles Schwab Brokerage Account 924",,,False,100,SEE,accepted,house_ptr_structure+v8_1,False,False,False,06/11/2024,False
20030891,Hon. Lisa McClain,Member,MI09,20030891.pdf,2025,568,SP,Sealed Air Corporation Common Stock,Sealed Air Corporation Common Stock,SEE,SEE,ST,S,2025-06-17,2025-08-13,1001.0,15000.0,,"$1,001 - $15,000",valid_range,New $200?,Charles Schwab Brokerage Account 924,,,,63,64,table,False,False,,True,0,False,True,98,True,20,False,https://disclosures-clerk.house.gov/public_disc/ptr-pdfs/2025/20030891.pdf,,,SP,Sealed Air Corporation Common Stock (SEE) [ST],Sealed Air Corporation Common Stock (SEE) [ST],S,06/17/2025,08/13/2025,"$1,001 - $15,000",Filing Status: New $200? Subholding Of: Charles Schwab Brokerage Account 924,"SP Sealed Air Corporation Common Stock (SEE) [ST] S 06/17/2025 08/13/2025 $1,001 - $15,000 Filing Status: New $200? Subholding Of: Charles Schwab Brokerage Account 924",,,False,98,SEE,accepted,house_ptr_structure+v8_1,False,False,False,06/17/2025,False
20030891,Hon. Lisa McClain,Member,MI09,20030891.pdf,2025,569,SP,"Selective Insurance Group, Inc. - Common Stock","Selective Insurance Group, Inc. - Common Stock",SIGI,SIGI,ST,S,2025-06-17,2025-08-13,1001.0,15000.0,,"$1,001 - $15,000",valid_range,New,Charles Schwab Brokerage Account 924,,,,64,64,table,False,False,,False,0,False,False,100,True,20,False,https://disclosures-clerk.house.gov/public_disc/ptr-pdfs/2025/20030891.pdf,,,SP,"Selective Insurance Group, Inc. - Common Stock (SIGI) [ST] Filing Status: New Subholding Of: Charles Schwab Brokera","Selective Insurance Group, Inc. - Common Stock (SIGI) [ST]",S age Account 924,06/17/2025,08/13/2025,"$1,001 - $15,000",,"SP Selective Insurance Group, Inc. - Common Stock (SIGI) [ST] S 06/17/2025 08/13/2025 $1,001 - $15,000 Filing Status: New Subholding Of: Charles Schwab Brokerage Account 924",,,False,100,SIGI,accepted,house_ptr_structure+v8_1,False,False,False,06/17/2025,False
20030891,Hon. Lisa McClain,Member,MI09,20030891.pdf,2025,570,SP,"Selective Insurance Group, Inc. - Common Stock","Selective Insurance Group, Inc. - Common Stock",SIGI,SIGI,ST,P,2025-06-11,2025-08-13,1001.0,15000.0,,"$1,001 - $15,000",valid_range,New,Charles Schwab Brokerage Account 924,,,,64,64,table,False,False,,False,0,False,True,100,True,20,False,https://disclosures-clerk.house.gov/public_disc/ptr-pdfs/2025/20030891.pdf,,,SP,"Selective Insurance Group, Inc. - Common Stock (SIGI) [ST]","Selective Insurance Group, Inc. - Common Stock (SIGI) [ST]",P,06/11/2025,08/13/2025,"$1,001 - $15,000",Filing Status: New Subholding Of: Charles Schwab Brokerage Account 924,"SP Selective Insurance Group, Inc. - Common Stock (SIGI) [ST] P 06/11/2025 08/13/2025 $1,001 - $15,000 Filing Status: New Subholding Of: Charles Schwab Brokerage Account 924",,,False,100,SIGI,accepted,house_ptr_structure+v8_1,False,False,False,06/11/2025,False
20030891,Hon. Lisa McClain,Member,MI09,20030891.pdf,2025,571,SP,Service Corporation International Common Stock,Service Corporation International Common Stock,SCI,SCI,ST,P,2025-06-24,2025-08-13,1001.0,15000.0,,"$1,001 - $15,000",valid_range,New,Charles Schwab Brokerage Account 924,,,,64,64,table,False,False,,False,0,False,False,100,True,20,False,https://disclosures-clerk.house.gov/public_disc/ptr-pdfs/2025/20030891.pdf,,,SP,Service Corporation International Common Stock (SCI) [ST] Filing Status: New Subholding Of: Charles Schwab Brokera,Service Corporation International Common Stock (SCI) [ST],P age Account 924,06/24/2025,08/13/2025,"$1,001 - $15,000",,"SP Service Corporation International Common Stock (SCI) [ST] P 06/24/2025 08/13/2025 $1,001 - $15,000 Filing Status: New Subholding Of: Charles Schwab Brokerage Account 924",,,False,100,SCI,accepted,house_ptr_structure+v8_1,False,False,False,06/24/2025,False
20030891,Hon. Lisa McClain,Member,MI09,20030891.pdf,2025,572,SP,Service Corporation International Common Stock,Service Corporation International Common Stock,SCI,SCI,ST,S,2025-07-16,2025-08-13,1001.0,15000.0,,"$1,001 - $15,000",valid_range,New,Charles Schwab Brokerage Account 924,,,,64,64,table,False,False,,False,0,False,True,100,True,20,False,https://disclosures-clerk.house.gov/public_disc/ptr-pdfs/2025/20030891.pdf,,,SP,Service Corporation International Common Stock (SCI) [ST],Service Corporation International Common Stock (SCI) [ST],S,07/16/2025,08/13/2025,"$1,001 - $15,000",Filing Status: New Subholding Of: Charles Schwab Brokerage Account 924,"SP Service Corporation International Common Stock (SCI) [ST] S 07/16/2025 08/13/2025 $1,001 - $15,000 Filing Status: New Subholding Of: Charles Schwab Brokerage Account 924",,,False,100,SCI,accepted,house_ptr_structure+v8_1,False,False,False,07/16/2025,False
20030891,Hon. Lisa McClain,Member,MI09,20030891.pdf,2025,573,SP,"ServiceNow, Inc. Common Stock","ServiceNow, Inc. Common Stock",NOW,NOW,ST,S (partial),2025-06-09,2025-08-13,1001.0,15000.0,,"$1,001 - $15,000",valid_range,New,Charles Schwab Brokerage Account 924,,,,64,64,table,False,False,,False,0,False,False,100,True,20,False,https://disclosures-clerk.house.gov/public_disc/ptr-pdfs/2025/20030891.pdf,,,SP,"ServiceNow, Inc. Common Stock (NOW) [ST] Filing Status: New Subholding Of: Charles Schwab Brokera","ServiceNow, Inc. Common Stock (NOW) [ST]",S (partial) age Account 924,06/09/2025,08/13/2025,"$1,001 - $15,000",,"SP ServiceNow, Inc. Common Stock (NOW) [ST] S (partial) 06/09/2025 08/13/2025 $1,001 - $15,000 Filing Status: New Subholding Of: Charles Schwab Brokerage Account 924",,,False,100,NOW,accepted,house_ptr_structure+v8_1,False,False,False,06/09/2025,False
20030891,Hon. Lisa McClain,Member,MI09,20030891.pdf,2025,574,SP,"ServiceNow, Inc. Common Stock","ServiceNow, Inc. Common Stock",NOW,NOW,ST,P,2025-06-17,2025-08-13,1001.0,15000.0,,"$1,001 - $15,000",valid_range,New,Charles Schwab Brokerage Account 924,,,,64,64,table,False,False,,False,0,False,True,100,True,20,False,https://disclosures-clerk.house.gov/public_disc/ptr-pdfs/2025/20030891.pdf,,,SP,"ServiceNow, Inc. Common Stock (NOW) [ST]","ServiceNow, Inc. Common Stock (NOW) [ST]",P,06/17/2025,08/13/2025,"$1,001 - $15,000",Filing Status: New Subholding Of: Charles Schwab Brokerage Account 924,"SP ServiceNow, Inc. Common Stock (NOW) [ST] P 06/17/2025 08/13/2025 $1,001 - $15,000 Filing Status: New Subholding Of: Charles Schwab Brokerage Account 924",,,False,100,NOW,accepted,house_ptr_structure+v8_1,False,False,False,06/17/2025,False
20030891,Hon. Lisa McClain,Member,MI09,20030891.pdf,2025,575,SP,"ServiceNow, Inc. Common Stock","ServiceNow, Inc. Common Stock",NOW,NOW,ST,S,2025-02-05,2025-08-13,1001.0,15000.0,,"$1,001 - $15,000",valid_range,New,Charles Schwab Brokerage Account 548,,,,64,64,table,False,False,,False,0,False,False,100,True,20,False,https://disclosures-clerk.house.gov/public_disc/ptr-pdfs/2025/20030891.pdf,,,SP,"ServiceNow, Inc. Common Stock (NOW) [ST] Filing Status: New Subholding Of: Charles Schwab Brokera","ServiceNow, Inc. Common Stock (NOW) [ST]",S age Account 548,02/05/2025,08/13/2025,"$1,001 - $15,000",,"SP ServiceNow, Inc. Common Stock (NOW) [ST] S 02/05/2025 08/13/2025 $1,001 - $15,000 Filing Status: New Subholding Of: Charles Schwab Brokerage Account 548",,,False,100,NOW,accepted,house_ptr_structure+v8_1,False,False,False,02/05/2025,False
20030891,Hon. Lisa McClain,Member,MI09,20030891.pdf,2025,576,SP,"ServiceNow, Inc. Common Stock","ServiceNow, Inc. Common Stock",NOW,NOW,ST,P,2025-03-12,2025-08-13,1001.0,15000.0,,"$1,001 - $15,000",valid_range,New,Charles Schwab Brokerage Account 548,,,,64,64,table,False,False,,False,0,False,True,100,True,20,False,https://disclosures-clerk.house.gov/public_disc/ptr-pdfs/2025/20030891.pdf,,,SP,"ServiceNow, Inc. Common Stock (NOW) [ST]","ServiceNow, Inc. Common Stock (NOW) [ST]",P,03/12/2025,08/13/2025,"$1,001 - $15,000",Filing Status: New Subholding Of: Charles Schwab Brokerage Account 548,"SP ServiceNow, Inc. Common Stock (NOW) [ST] P 03/12/2025 08/13/2025 $1,001 - $15,000 Filing Status: New Subholding Of: Charles Schwab Brokerage Account 548",,,False,100,NOW,accepted,house_ptr_structure+v8_1,False,False,False,03/12/2025,False
20030891,Hon. Lisa McClain,Member,MI09,20030891.pdf,2025,577,SP,"ServiceNow, Inc. Common Stock","ServiceNow, Inc. Common Stock",NOW,NOW,ST,P,2024-12-11,2025-08-11,1001.0,15000.0,,"$1,001 - $15,000",valid_range,New,Charles Schwab Brokerage Account 548,,,,64,65,table,False,False,,True,0,False,False,98,True,20,False,https://disclosures-clerk.house.gov/public_disc/ptr-pdfs/2025/20030891.pdf,,,SP,"ServiceNow, Inc. Common Stock (NOW) [ST] Filing Status: New","ServiceNow, Inc. Common Stock (NOW) [ST] Subholding Of: Charles Schwab Brokerage Account 548",P,12/11/2024,08/11/2025,"$1,001 - $15,000",Subholding Of: Charles Schwab Brokerage Account 548,"SP ServiceNow, Inc. Common Stock (NOW) [ST] P 12/11/2024 08/11/2025 $1,001 - $15,000 Filing Status: New Subholding Of: Charles Schwab Brokerage Account 548",,,False,98,NOW,accepted,house_ptr_structure+v8_1,False,False,False,12/11/2024,False
20030891,Hon. Lisa McClain,Member,MI09,20030891.pdf,2025,578,SP,Shell PLC American Depositary Shares,Shell PLC American Depositary Shares,SHEL,SHEL,ST,P,2025-06-09,2025-08-13,1001.0,15000.0,,"$1,001 - $15,000",valid_range,New,Charles Schwab Brokerage Account 924,,,,65,65,table,False,False,,False,0,False,True,100,True,20,False,https://disclosures-clerk.house.gov/public_disc/ptr-pdfs/2025/20030891.pdf,,,SP,Shell PLC American Depositary Shares (SHEL) [ST],Shell PLC American Depositary Shares (SHEL) [ST],P,06/09/2025,08/13/2025,"$1,001 - $15,000",Filing Status: New Subholding Of: Charles Schwab Brokerage Account 924,"SP Shell PLC American Depositary Shares (SHEL) [ST] P 06/09/2025 08/13/2025 $1,001 - $15,000 Filing Status: New Subholding Of: Charles Schwab Brokerage Account 924",,,False,100,SHEL,accepted,house_ptr_structure+v8_1,False,False,False,06/09/2025,False
20030891,Hon. Lisa McClain,Member,MI09,20030891.pdf,2025,579,SP,Sherwin-Williams Company,Sherwin-Williams Company,SHW,SHW,ST,S,2025-02-21,2025-08-13,1001.0,15000.0,,"$1,001 - $15,000",valid_range,New,Charles Schwab Brokerage Account 548,,,,65,65,table,False,False,,False,0,False,False,100,True,20,False,https://disclosures-clerk.house.gov/public_disc/ptr-pdfs/2025/20030891.pdf,,,SP,Sherwin-Williams Company (SHW) [ST] Filing Status: New Subholding Of: Charles Schwab Brokera,Sherwin-Williams Company (SHW) [ST],S age Account 548,02/21/2025,08/13/2025,"$1,001 - $15,000",,"SP Sherwin-Williams Company (SHW) [ST] S 02/21/2025 08/13/2025 $1,001 - $15,000 Filing Status: New Subholding Of: Charles Schwab Brokerage Account 548",,,False,100,SHW,accepted,house_ptr_structure+v8_1,False,False,False,02/21/2025,False
20030891,Hon. Lisa McClain,Member,MI09,20030891.pdf,2025,580,SP,Sherwin-Williams Company,Sherwin-Williams Company,SHW,SHW,ST,P,2024-12-11,2025-08-11,1001.0,15000.0,,"$1,001 - $15,000",valid_range,New,Charles Schwab Brokerage Account 548,,,,65,65,table,False,False,,False,0,False,True,100,True,20,False,https://disclosures-clerk.house.gov/public_disc/ptr-pdfs/2025/20030891.pdf,,,SP,Sherwin-Williams Company (SHW) [ST],Sherwin-Williams Company (SHW) [ST],P,12/11/2024,08/11/2025,"$1,001 - $15,000",Filing Status: New Subholding Of: Charles Schwab Brokerage Account 548,"SP Sherwin-Williams Company (SHW) [ST] P 12/11/2024 08/11/2025 $1,001 - $15,000 Filing Status: New Subholding Of: Charles Schwab Brokerage Account 548",,,False,100,SHW,accepted,house_ptr_structure+v8_1,False,False,False,12/11/2024,False
20030891,Hon. Lisa McClain,Member,MI09,20030891.pdf,2025,581,SP,Sherwin-Williams Company,Sherwin-Williams Company,SHW,SHW,ST,P,2025-06-17,2025-08-13,1001.0,15000.0,,"$1,001 - $15,000",valid_range,New,Charles Schwab Brokerage Account 924,,,,65,65,table,False,False,,False,0,False,False,100,True,20,False,https://disclosures-clerk.house.gov/public_disc/ptr-pdfs/2025/20030891.pdf,,,SP,Sherwin-Williams Company (SHW) [ST] Filing Status: New Subholding Of: Charles Schwab Brokera,Sherwin-Williams Company (SHW) [ST],P age Account 924,06/17/2025,08/13/2025,"$1,001 - $15,000",,"SP Sherwin-Williams Company (SHW) [ST] P 06/17/2025 08/13/2025 $1,001 - $15,000 Filing Status: New Subholding Of: Charles Schwab Brokerage Account 924",,,False,100,SHW,accepted,house_ptr_structure+v8_1,False,False,False,06/17/2025,False
20030891,Hon. Lisa McClain,Member,MI09,20030891.pdf,2025,582,SP,Shopify Inc. - Class A Subordinate Voting Shares,Shopify Inc. - Class A Subordinate Voting Shares,SHOP,SHOP,ST,P,2024-12-11,2025-08-11,1001.0,15000.0,,"$1,001 - $15,000",valid_range,New,Charles Schwab Brokerage Account 548,,,,65,65,table,False,False,,False,0,False,True,100,True,20,False,https://disclosures-clerk.house.gov/public_disc/ptr-pdfs/2025/20030891.pdf,,,SP,Shopify Inc. - Class A Subordinate Voting Shares (SHOP) [ST],Shopify Inc. - Class A Subordinate Voting Shares (SHOP) [ST],P,12/11/2024,08/11/2025,"$1,001 - $15,000",Filing Status: New Subholding Of: Charles Schwab Brokerage Account 548,"SP Shopify Inc. - Class A Subordinate Voting Shares (SHOP) [ST] P 12/11/2024 08/11/2025 $1,001 - $15,000 Filing Status: New Subholding Of: Charles Schwab Brokerage Account 548",,,False,100,SHOP,accepted,house_ptr_structure+v8_1,False,False,False,12/11/2024,False
20030891,Hon. Lisa McClain,Member,MI09,20030891.pdf,2025,583,SP,Shopify Inc. - Class A Subordinate Voting Shares,Shopify Inc. - Class A Subordinate Voting Shares,SHOP,SHOP,ST,S,2025-06-09,2025-08-13,1001.0,15000.0,,"$1,001 - $15,000",valid_range,New,Charles Schwab Brokerage Account 924,,,,65,65,table,False,False,,False,0,False,False,100,True,20,False,https://disclosures-clerk.house.gov/public_disc/ptr-pdfs/2025/20030891.pdf,,,SP,Shopify Inc. - Class A Subordinate Voting Shares (SHOP) [ST] Filing Status: New Subholding Of: Charles Schwab Brokera,Shopify Inc. - Class A Subordinate Voting Shares (SHOP) [ST],S age Account 924,06/09/2025,08/13/2025,"$1,001 - $15,000",,"SP Shopify Inc. - Class A Subordinate Voting Shares (SHOP) [ST] S 06/09/2025 08/13/2025 $1,001 - $15,000 Filing Status: New Subholding Of: Charles Schwab Brokerage Account 924",,,False,100,SHOP,accepted,house_ptr_structure+v8_1,False,False,False,06/09/2025,False
20030891,Hon. Lisa McClain,Member,MI09,20030891.pdf,2025,584,SP,Six Flags Entertainment Corporation Common Stock New,Six Flags Entertainment Corporation Common Stock New,FUN,FUN,ST,P,2025-07-16,2025-08-13,1001.0,15000.0,,"$1,001 - $15,000",valid_range,New,Charles Schwab Brokerage Account 924,,,,65,65,table,False,False,,False,0,False,True,100,True,20,False,https://disclosures-clerk.house.gov/public_disc/ptr-pdfs/2025/20030891.pdf,,,SP,Six Flags Entertainment Corporation Common Stock New (FUN) [ST],Six Flags Entertainment Corporation Common Stock New (FUN) [ST],P,07/16/2025,08/13/2025,"$1,001 - $15,000",Filing Status: New Subholding Of: Charles Schwab Brokerage Account 924,"SP Six Flags Entertainment Corporation Common Stock New (FUN) [ST] P 07/16/2025 08/13/2025 $1,001 - $15,000 Filing Status: New Subholding Of: Charles Schwab Brokerage Account 924",,,False,100,FUN,accepted,house_ptr_structure+v8_1,False,False,False,07/16/2025,False
20030891,Hon. Lisa McClain,Member,MI09,20030891.pdf,2025,585,SP,"Smith & Nephew SNATS, Inc. Common Stock","Smith & Nephew SNATS, Inc. Common Stock",SNN,SNN,ST,S,2025-06-17,2025-08-13,1001.0,15000.0,,"$1,001 - $15,000",valid_range,New,Charles Schwab Brokerage Account 924,,,,65,65,table,False,False,,False,0,False,False,100,True,20,False,https://disclosures-clerk.house.gov/public_disc/ptr-pdfs/2025/20030891.pdf,,,SP,"Smith & Nephew SNATS, Inc. Common Stock (SNN) [ST] Filing Status: New Subholding Of: Charles Schwab Brokera","Smith & Nephew SNATS, Inc. Common Stock (SNN) [ST]",S age Account 924,06/17/2025,08/13/2025,"$1,001 - $15,000",,"SP Smith & Nephew SNATS, Inc. Common Stock (SNN) [ST] S 06/17/2025 08/13/2025 $1,001 - $15,000 Filing Status: New Subholding Of: Charles Schwab Brokerage Account 924",,,False,100,SNN,accepted,house_ptr_structure+v8_1,False,False,False,06/17/2025,False
20030891,Hon. Lisa McClain,Member,MI09,20030891.pdf,2025,586,SP,"Smith & Nephew SNATS, Inc. Common Stock","Smith & Nephew SNATS, Inc. Common Stock",SNN,SNN,ST,P,2025-06-09,2025-08-13,1001.0,15000.0,,"$1,001 - $15,000",valid_range,New $200?,Charles Schwab Brokerage Account 924,,,,65,66,table,False,False,,True,0,False,True,98,True,20,False,https://disclosures-clerk.house.gov/public_disc/ptr-pdfs/2025/20030891.pdf,,,SP,"Smith & Nephew SNATS, Inc. Common Stock (SNN) [ST]","Smith & Nephew SNATS, Inc. Common Stock (SNN) [ST]",P,06/09/2025,08/13/2025,"$1,001 - $15,000",Filing Status: New $200? Subholding Of: Charles Schwab Brokerage Account 924,"SP Smith & Nephew SNATS, Inc. Common Stock (SNN) [ST] P 06/09/2025 08/13/2025 $1,001 - $15,000 Filing Status: New $200? Subholding Of: Charles Schwab Brokerage Account 924",,,False,98,SNN,accepted,house_ptr_structure+v8_1,False,False,False,06/09/2025,False
20030891,Hon. Lisa McClain,Member,MI09,20030891.pdf,2025,587,SP,Somnigroup International Inc. Common Stock,Somnigroup International Inc. Common Stock,SGI,SGI,ST,P,2025-06-24,2025-08-13,1001.0,15000.0,,"$1,001 - $15,000",valid_range,New,Charles Schwab Brokerage Account 924,,,,66,66,table,False,False,,False,0,False,False,100,True,20,False,https://disclosures-clerk.house.gov/public_disc/ptr-pdfs/2025/20030891.pdf,,,SP,Somnigroup International Inc. Common Stock (SGI) [ST] Filing Status: New Subholding Of: Charles Schwab Brokera,Somnigroup International Inc. Common Stock (SGI) [ST],P age Account 924,06/24/2025,08/13/2025,"$1,001 - $15,000",,"SP Somnigroup International Inc. Common Stock (SGI) [ST] P 06/24/2025 08/13/2025 $1,001 - $15,000 Filing Status: New Subholding Of: Charles Schwab Brokerage Account 924",,,False,100,SGI,accepted,house_ptr_structure+v8_1,False,False,False,06/24/2025,False
20030891,Hon. Lisa McClain,Member,MI09,20030891.pdf,2025,588,SP,Sony Group Corporation American Depositary Shares,Sony Group Corporation American Depositary Shares,SONY,SONY,ST,P,2025-06-17,2025-08-13,1001.0,15000.0,,"$1,001 - $15,000",valid_range,New,Charles Schwab Brokerage Account 924,,,,66,66,table,False,False,,False,0,False,True,100,True,20,False,https://disclosures-clerk.house.gov/public_disc/ptr-pdfs/2025/20030891.pdf,,,SP,Sony Group Corporation American Depositary Shares (SONY) [ST],Sony Group Corporation American Depositary Shares (SONY) [ST],P,06/17/2025,08/13/2025,"$1,001 - $15,000",Filing Status: New Subholding Of: Charles Schwab Brokerage Account 924,"SP Sony Group Corporation American Depositary Shares (SONY) [ST] P 06/17/2025 08/13/2025 $1,001 - $15,000 Filing Status: New Subholding Of: Charles Schwab Brokerage Account 924",,,False,100,SONY,accepted,house_ptr_structure+v8_1,False,False,False,06/17/2025,False
20030891,Hon. Lisa McClain,Member,MI09,20030891.pdf,2025,589,SP,Sony Group Corporation American Depositary Shares,Sony Group Corporation American Depositary Shares,SONY,SONY,ST,S,2025-06-24,2025-08-13,1001.0,15000.0,,"$1,001 - $15,000",valid_range,New,Charles Schwab Brokerage Account 924,,,,66,66,table,False,False,,False,0,False,False,100,True,20,False,https://disclosures-clerk.house.gov/public_disc/ptr-pdfs/2025/20030891.pdf,,,SP,Sony Group Corporation American Depositary Shares (SONY) [ST] Filing Status: New Subholding Of: Charles Schwab Brokera,Sony Group Corporation American Depositary Shares (SONY) [ST],S age Account 924,06/24/2025,08/13/2025,"$1,001 - $15,000",,"SP Sony Group Corporation American Depositary Shares (SONY) [ST] S 06/24/2025 08/13/2025 $1,001 - $15,000 Filing Status: New Subholding Of: Charles Schwab Brokerage Account 924",,,False,100,SONY,accepted,house_ptr_structure+v8_1,False,False,False,06/24/2025,False
20030891,Hon. Lisa McClain,Member,MI09,20030891.pdf,2025,590,SP,"Southside Bancshares, Inc. - Common Stock","Southside Bancshares, Inc. - Common Stock",SBSI,SBSI,ST,S,2025-06-17,2025-08-13,1001.0,15000.0,,"$1,001 - $15,000",valid_range,New,Charles Schwab Brokerage Account 924,,,,66,66,table,False,False,,False,0,False,True,100,True,20,False,https://disclosures-clerk.house.gov/public_disc/ptr-pdfs/2025/20030891.pdf,,,SP,"Southside Bancshares, Inc. - Common Stock (SBSI) [ST]","Southside Bancshares, Inc. - Common Stock (SBSI) [ST]",S,06/17/2025,08/13/2025,"$1,001 - $15,000",Filing Status: New Subholding Of: Charles Schwab Brokerage Account 924,"SP Southside Bancshares, Inc. - Common Stock (SBSI) [ST] S 06/17/2025 08/13/2025 $1,001 - $15,000 Filing Status: New Subholding Of: Charles Schwab Brokerage Account 924",,,False,100,SBSI,accepted,house_ptr_structure+v8_1,False,False,False,06/17/2025,False
20030891,Hon. Lisa McClain,Member,MI09,20030891.pdf,2025,591,SP,"Southside Bancshares, Inc. - Common Stock","Southside Bancshares, Inc. - Common Stock",SBSI,SBSI,ST,P,2025-06-09,2025-08-13,1001.0,15000.0,,"$1,001 - $15,000",valid_range,New,Charles Schwab Brokerage Account 924,,,,66,66,table,False,False,,False,0,False,False,100,True,20,False,https://disclosures-clerk.house.gov/public_disc/ptr-pdfs/2025/20030891.pdf,,,SP,"Southside Bancshares, Inc. - Common Stock (SBSI) [ST] Filing Status: New Subholding Of: Charles Schwab Brokera","Southside Bancshares, Inc. - Common Stock (SBSI) [ST]",P age Account 924,06/09/2025,08/13/2025,"$1,001 - $15,000",,"SP Southside Bancshares, Inc. - Common Stock (SBSI) [ST] P 06/09/2025 08/13/2025 $1,001 - $15,000 Filing Status: New Subholding Of: Charles Schwab Brokerage Account 924",,,False,100,SBSI,accepted,house_ptr_structure+v8_1,False,False,False,06/09/2025,False
20030891,Hon. Lisa McClain,Member,MI09,20030891.pdf,2025,592,SP,Spire Inc. Common Stock,Spire Inc. Common Stock,SR,SR,ST,P,2025-06-17,2025-08-13,1001.0,15000.0,,"$1,001 - $15,000",valid_range,New,Charles Schwab Brokerage Account 924,,,,66,66,table,False,False,,False,0,False,True,100,True,20,False,https://disclosures-clerk.house.gov/public_disc/ptr-pdfs/2025/20030891.pdf,,,SP,Spire Inc. Common Stock (SR) [ST],Spire Inc. Common Stock (SR) [ST],P,06/17/2025,08/13/2025,"$1,001 - $15,000",Filing Status: New Subholding Of: Charles Schwab Brokerage Account 924,"SP Spire Inc. Common Stock (SR) [ST] P 06/17/2025 08/13/2025 $1,001 - $15,000 Filing Status: New Subholding Of: Charles Schwab Brokerage Account 924",,,False,100,SR,accepted,house_ptr_structure+v8_1,False,False,False,06/17/2025,False
20030891,Hon. Lisa McClain,Member,MI09,20030891.pdf,2025,593,SP,"Sprouts Farmers Market, Inc. - Common Stock","Sprouts Farmers Market, Inc. - Common Stock",SFM,SFM,ST,P,2025-06-11,2025-08-13,1001.0,15000.0,,"$1,001 - $15,000",valid_range,New,Charles Schwab Brokerage Account 924,,,,66,66,table,False,False,,False,0,False,False,100,True,20,False,https://disclosures-clerk.house.gov/public_disc/ptr-pdfs/2025/20030891.pdf,,,SP,"Sprouts Farmers Market, Inc. - Common Stock (SFM) [ST] Filing Status: New Subholding Of: Charles Schwab Brokera","Sprouts Farmers Market, Inc. - Common Stock (SFM) [ST]",P age Account 924,06/11/2025,08/13/2025,"$1,001 - $15,000",,"SP Sprouts Farmers Market, Inc. - Common Stock (SFM) [ST] P 06/11/2025 08/13/2025 $1,001 - $15,000 Filing Status: New Subholding Of: Charles Schwab Brokerage Account 924",,,False,100,SFM,accepted,house_ptr_structure+v8_1,False,False,False,06/11/2025,False
20030891,Hon. Lisa McClain,Member,MI09,20030891.pdf,2025,594,SP,"Sprouts Farmers Market, Inc. - Common Stock","Sprouts Farmers Market, Inc. - Common Stock",SFM,SFM,ST,S,2025-07-10,2025-08-13,1001.0,15000.0,,"$1,001 - $15,000",valid_range,New,Charles Schwab Brokerage Account 924,,,,66,66,table,False,False,,False,0,False,True,100,True,20,False,https://disclosures-clerk.house.gov/public_disc/ptr-pdfs/2025/20030891.pdf,,,SP,"Sprouts Farmers Market, Inc. - Common Stock (SFM) [ST]","Sprouts Farmers Market, Inc. - Common Stock (SFM) [ST]",S,07/10/2025,08/13/2025,"$1,001 - $15,000",Filing Status: New Subholding Of: Charles Schwab Brokerage Account 924,"SP Sprouts Farmers Market, Inc. - Common Stock (SFM) [ST] S 07/10/2025 08/13/2025 $1,001 - $15,000 Filing Status: New Subholding Of: Charles Schwab Brokerage Account 924",,,False,100,SFM,accepted,house_ptr_structure+v8_1,False,False,False,07/10/2025,False
20030891,Hon. Lisa McClain,Member,MI09,20030891.pdf,2025,595,SP,Starbucks Corporation - Common Stock,Starbucks Corporation - Common Stock,SBUX,SBUX,ST,S (partial),2025-06-24,2025-08-13,1001.0,15000.0,,"$1,001 - $15,000",valid_range,New,Charles Schwab Brokerage Account 924,,,,66,66,table,False,False,,False,0,False,False,100,True,20,False,https://disclosures-clerk.house.gov/public_disc/ptr-pdfs/2025/20030891.pdf,,,SP,Starbucks Corporation - Common Stock (SBUX) [ST] Filing Status: New Subholding Of: Charles Schwab Brokera,Starbucks Corporation - Common Stock (SBUX) [ST],S (partial) age Account 924,06/24/2025,08/13/2025,"$1,001 - $15,000",,"SP Starbucks Corporation - Common Stock (SBUX) [ST] S (partial) 06/24/2025 08/13/2025 $1,001 - $15,000 Filing Status: New Subholding Of: Charles Schwab Brokerage Account 924",,,False,100,SBUX,accepted,house_ptr_structure+v8_1,False,False,False,06/24/2025,False
20030891,Hon. Lisa McClain,Member,MI09,20030891.pdf,2025,596,SP,Starbucks Corporation - Common Stock,Starbucks Corporation - Common Stock,SBUX,SBUX,ST,P,2025-07-22,2025-08-13,1001.0,15000.0,,"$1,001 - $15,000",valid_range,New,Charles Schwab Brokerage Account 924,,,,67,67,table,False,False,,False,0,False,True,100,True,20,False,https://disclosures-clerk.house.gov/public_disc/ptr-pdfs/2025/20030891.pdf,,,SP,Starbucks Corporation - Common Stock (SBUX) [ST],Starbucks Corporation - Common Stock (SBUX) [ST],P,07/22/2025,08/13/2025,"$1,001 - $15,000",Filing Status: New Subholding Of: Charles Schwab Brokerage Account 924,"SP Starbucks Corporation - Common Stock (SBUX) [ST] P 07/22/2025 08/13/2025 $1,001 - $15,000 Filing Status: New Subholding Of: Charles Schwab Brokerage Account 924",,,False,100,SBUX,accepted,house_ptr_structure+v8_1,False,False,False,07/22/2025,False
20030891,Hon. Lisa McClain,Member,MI09,20030891.pdf,2025,597,SP,Starbucks Corporation - Common Stock,Starbucks Corporation - Common Stock,SBUX,SBUX,ST,P,2025-06-17,2025-08-13,1001.0,15000.0,,"$1,001 - $15,000",valid_range,New,Charles Schwab Brokerage Account 924,,,,67,67,table,False,False,,False,0,False,False,100,True,20,False,https://disclosures-clerk.house.gov/public_disc/ptr-pdfs/2025/20030891.pdf,,,SP,Starbucks Corporation - Common Stock (SBUX) [ST] Filing Status: New Subholding Of: Charles Schwab Brokera,Starbucks Corporation - Common Stock (SBUX) [ST],P age Account 924,06/17/2025,08/13/2025,"$1,001 - $15,000",,"SP Starbucks Corporation - Common Stock (SBUX) [ST] P 06/17/2025 08/13/2025 $1,001 - $15,000 Filing Status: New Subholding Of: Charles Schwab Brokerage Account 924",,,False,100,SBUX,accepted,house_ptr_structure+v8_1,False,False,False,06/17/2025,False
20030891,Hon. Lisa McClain,Member,MI09,20030891.pdf,2025,598,SP,"STARWOOD PROPERTY TRUST, INC. Starwood Property Trust Inc.","STARWOOD PROPERTY TRUST, INC. Starwood Property Trust Inc.",STWD,STWD,ST,P,2025-06-11,2025-08-13,1001.0,15000.0,,"$1,001 - $15,000",valid_range,New,Charles Schwab Brokerage Account 924,,,,67,67,table,False,False,,False,0,False,True,100,True,20,False,https://disclosures-clerk.house.gov/public_disc/ptr-pdfs/2025/20030891.pdf,,,SP,"STARWOOD PROPERTY TRUST, INC. Starwood Property Trust Inc. (STWD) [ST]","STARWOOD PROPERTY TRUST, INC. Starwood Property Trust Inc. (STWD) [ST]",P,06/11/2025,08/13/2025,"$1,001 - $15,000",Filing Status: New Subholding Of: Charles Schwab Brokerage Account 924,"SP STARWOOD PROPERTY TRUST, INC. Starwood Property Trust Inc. (STWD) [ST] P 06/11/2025 08/13/2025 $1,001 - $15,000 Filing Status: New Subholding Of: Charles Schwab Brokerage Account 924",,,False,100,STWD,accepted,house_ptr_structure+v8_1,False,False,False,06/11/2025,False
20030891,Hon. Lisa McClain,Member,MI09,20030891.pdf,2025,599,SP,"STARWOOD PROPERTY TRUST, INC. Starwood Property Trust Inc.","STARWOOD PROPERTY TRUST, INC. Starwood Property Trust Inc.",STWD,STWD,ST,S,2025-06-17,2025-08-13,1001.0,15000.0,,"$1,001 - $15,000",valid_range,New,Charles Schwab Brokerage Account 924,,,,67,67,table,False,False,,False,0,False,False,100,True,20,False,https://disclosures-clerk.house.gov/public_disc/ptr-pdfs/2025/20030891.pdf,,,SP,"STARWOOD PROPERTY TRUST, INC. Starwood Property Trust Inc. (STWD) [ST] Filing Status: New Subholding Of: Charles Schwab Brokera","STARWOOD PROPERTY TRUST, INC. Starwood Property Trust Inc. (STWD) [ST]",S age Account 924,06/17/2025,08/13/2025,"$1,001 - $15,000",,"SP STARWOOD PROPERTY TRUST, INC. Starwood Property Trust Inc. (STWD) [ST] S 06/17/2025 08/13/2025 $1,001 - $15,000 Filing Status: New Subholding Of: Charles Schwab Brokerage Account 924",,,False,100,STWD,accepted,house_ptr_structure+v8_1,False,False,False,06/17/2025,False
20030891,Hon. Lisa McClain,Member,MI09,20030891.pdf,2025,600,SP,Stifel Financial Corporation Common Stock,Stifel Financial Corporation Common Stock,SF,SF,ST,P,2025-06-17,2025-08-13,1001.0,15000.0,,"$1,001 - $15,000",valid_range,New,Charles Schwab Brokerage Account 924,,,,67,67,table,False,False,,False,0,False,True,100,True,20,False,https://disclosures-clerk.house.gov/public_disc/ptr-pdfs/2025/20030891.pdf,,,SP,Stifel Financial Corporation Common Stock (SF) [ST],Stifel Financial Corporation Common Stock (SF) [ST],P,06/17/2025,08/13/2025,"$1,001 - $15,000",Filing Status: New Subholding Of: Charles Schwab Brokerage Account 924,"SP Stifel Financial Corporation Common Stock (SF) [ST] P 06/17/2025 08/13/2025 $1,001 - $15,000 Filing Status: New Subholding Of: Charles Schwab Brokerage Account 924",,,False,100,SF,accepted,house_ptr_structure+v8_1,False,False,False,06/17/2025,False
20030891,Hon. Lisa McClain,Member,MI09,20030891.pdf,2025,601,SP,SWARTZ CREEK MICH CM GO 5% 05/01/2039 CALLABLE,SWARTZ CREEK MICH CM GO 5% 05/01/2039 CALLABLE,,,GS,S,2025-06-06,2025-08-13,15001.0,50000.0,,"$15,001 - $50,000",valid_range,New,Charles Schwab Brokerage Account 924,,,,67,67,table,False,False,,False,0,False,False,100,True,20,False,https://disclosures-clerk.house.gov/public_disc/ptr-pdfs/2025/20030891.pdf,,,SP,SWARTZ CREEK MICH CM GO 5% 05/01/2039 CALLABLE [GS] Filing Status: New Subholding Of: Charles Schwab Brokera,SWARTZ CREEK MICH CM GO 5% 05/01/2039 CALLABLE [GS],S age Account 924,06/06/2025,08/13/2025,"$15,001 - $50,000",,"SP SWARTZ CREEK MICH CM GO 5% 05/01/2039 CALLABLE [GS] S 06/06/2025 08/13/2025 $15,001 - $50,000 Filing Status: New Subholding Of: Charles Schwab Brokerage Account 924",,,False,100,,not_applicable,,False,False,False,06/06/2025,False
20030891,Hon. Lisa McClain,Member,MI09,20030891.pdf,2025,602,SP,Swartz Creek Mich CM GO 5% Due 05/01/2039,Swartz Creek Mich CM GO 5% Due 05/01/2039,,,GS,P,2025-03-13,2025-08-13,15001.0,50000.0,,"$15,001 - $50,000",valid_range,New,Charles Schwab Brokerage Account 919,,,,67,67,table,False,False,,False,0,False,True,100,True,20,False,https://disclosures-clerk.house.gov/public_disc/ptr-pdfs/2025/20030891.pdf,,,SP,Swartz Creek Mich CM GO 5% Due 05/01/2039 [GS],Swartz Creek Mich CM GO 5% Due 05/01/2039 [GS],P,03/13/2025,08/13/2025,"$15,001 - $50,000",Filing Status: New Subholding Of: Charles Schwab Brokerage Account 919,"SP Swartz Creek Mich CM GO 5% Due 05/01/2039 [GS] P 03/13/2025 08/13/2025 $15,001 - $50,000 Filing Status: New Subholding Of: Charles Schwab Brokerage Account 919",,,False,100,,not_applicable,,False,False,False,03/13/2025,False
20030891,Hon. Lisa McClain,Member,MI09,20030891.pdf,2025,603,SP,"Synopsys, Inc. - Common Stock","Synopsys, Inc. - Common Stock",SNPS,SNPS,ST,P,2024-12-11,2025-08-11,1001.0,15000.0,,"$1,001 - $15,000",valid_range,New,Charles Schwab Brokerage Account 548,,,,67,67,table,False,False,,False,0,False,False,100,True,20,False,https://disclosures-clerk.house.gov/public_disc/ptr-pdfs/2025/20030891.pdf,,,SP,"Synopsys, Inc. - Common Stock (SNPS) [ST] Filing Status: New Subholding Of: Charles Schwab Brokera","Synopsys, Inc. - Common Stock (SNPS) [ST]",P age Account 548,12/11/2024,08/11/2025,"$1,001 - $15,000",,"SP Synopsys, Inc. - Common Stock (SNPS) [ST] P 12/11/2024 08/11/2025 $1,001 - $15,000 Filing Status: New Subholding Of: Charles Schwab Brokerage Account 548",,,False,100,SNPS,accepted,house_ptr_structure+v8_1,False,False,False,12/11/2024,False
20030891,Hon. Lisa McClain,Member,MI09,20030891.pdf,2025,604,SP,"Synopsys, Inc. - Common Stock","Synopsys, Inc. - Common Stock",SNPS,SNPS,ST,S,2025-06-09,2025-08-13,1001.0,15000.0,,"$1,001 - $15,000",valid_range,New,Charles Schwab Brokerage Account 924,,,,67,68,table,False,False,,True,0,False,True,98,True,20,False,https://disclosures-clerk.house.gov/public_disc/ptr-pdfs/2025/20030891.pdf,,,SP,"Synopsys, Inc. - Common Stock (SNPS) [ST]","Synopsys, Inc. - Common Stock (SNPS) [ST]",S,06/09/2025,08/13/2025,"$1,001 - $15,000",Filing Status: New Subholding Of: Charles Schwab Brokerage Account 924,"SP Synopsys, Inc. - Common Stock (SNPS) [ST] S 06/09/2025 08/13/2025 $1,001 - $15,000 Filing Status: New Subholding Of: Charles Schwab Brokerage Account 924",,,False,98,SNPS,accepted,house_ptr_structure+v8_1,False,False,False,06/09/2025,False
20030891,Hon. Lisa McClain,Member,MI09,20030891.pdf,2025,605,SP,Sysco Corporation Common Stock,Sysco Corporation Common Stock,SYY,SYY,ST,P,2025-03-20,2025-08-13,1001.0,15000.0,,"$1,001 - $15,000",valid_range,New,Charles Schwab Brokerage Account 548,,,,68,68,table,False,False,,False,0,False,False,100,True,20,False,https://disclosures-clerk.house.gov/public_disc/ptr-pdfs/2025/20030891.pdf,,,SP,Sysco Corporation Common Stock (SYY) [ST] Filing Status: New Subholding Of: Charles Schwab Brokera,Sysco Corporation Common Stock (SYY) [ST],P age Account 548,03/20/2025,08/13/2025,"$1,001 - $15,000",,"SP Sysco Corporation Common Stock (SYY) [ST] P 03/20/2025 08/13/2025 $1,001 - $15,000 Filing Status: New Subholding Of: Charles Schwab Brokerage Account 548",,,False,100,SYY,accepted,house_ptr_structure+v8_1,False,False,False,03/20/2025,False
20030891,Hon. Lisa McClain,Member,MI09,20030891.pdf,2025,606,SP,Taiwan Semiconductor Manufacturing Company Ltd.,Taiwan Semiconductor Manufacturing Company Ltd.,TSM,TSM,ST,P,2025-06-09,2025-08-13,1001.0,15000.0,,"$1,001 - $15,000",valid_range,New,Charles Schwab Brokerage Account 924,,,,68,68,table,False,False,,False,0,False,True,100,True,20,False,https://disclosures-clerk.house.gov/public_disc/ptr-pdfs/2025/20030891.pdf,,,SP,Taiwan Semiconductor Manufacturing Company Ltd. (TSM) [ST],Taiwan Semiconductor Manufacturing Company Ltd. (TSM) [ST],P,06/09/2025,08/13/2025,"$1,001 - $15,000",Filing Status: New Subholding Of: Charles Schwab Brokerage Account 924,"SP Taiwan Semiconductor Manufacturing Company Ltd. (TSM) [ST] P 06/09/2025 08/13/2025 $1,001 - $15,000 Filing Status: New Subholding Of: Charles Schwab Brokerage Account 924",,,False,100,TSM,accepted,house_ptr_structure+v8_1,False,False,False,06/09/2025,False
20030891,Hon. Lisa McClain,Member,MI09,20030891.pdf,2025,607,SP,Taiwan Semiconductor Manufacturing Company Ltd.,Taiwan Semiconductor Manufacturing Company Ltd.,TSM,TSM,ST,P,2024-06-06,2025-08-11,15001.0,50000.0,,"$15,001 - $50,000",valid_range,New,Charles Schwab 401K > Schwab 824,,,,68,68,table,False,False,,False,0,False,False,100,True,20,False,https://disclosures-clerk.house.gov/public_disc/ptr-pdfs/2025/20030891.pdf,,,SP,Taiwan Semiconductor Manufacturing Company Ltd. (TSM) [ST] Filing Status: New Subholding Of: Charles Schwab 401K >,Taiwan Semiconductor Manufacturing Company Ltd. (TSM) [ST],P Schwab 824,06/06/2024,08/11/2025,"$15,001 - $50,000",,"SP Taiwan Semiconductor Manufacturing Company Ltd. (TSM) [ST] P 06/06/2024 08/11/2025 $15,001 - $50,000 Filing Status: New Subholding Of: Charles Schwab 401K > Schwab 824",,,False,100,TSM,accepted,house_ptr_structure+v8_1,False,False,False,06/06/2024,False
20030891,Hon. Lisa McClain,Member,MI09,20030891.pdf,2025,608,SP,Taiwan Semiconductor Manufacturing Company Ltd.,Taiwan Semiconductor Manufacturing Company Ltd.,TSM,TSM,ST,P,2024-03-11,2025-08-11,15001.0,50000.0,,"$15,001 - $50,000",valid_range,New,Charles Schwab 401K > Schwab 824,,,,68,68,table,False,False,,False,0,False,True,100,True,20,False,https://disclosures-clerk.house.gov/public_disc/ptr-pdfs/2025/20030891.pdf,,,SP,Taiwan Semiconductor Manufacturing Company Ltd. (TSM) [ST],Taiwan Semiconductor Manufacturing Company Ltd. (TSM) [ST],P,03/11/2024,08/11/2025,"$15,001 - $50,000",Filing Status: New Subholding Of: Charles Schwab 401K > Schwab 824,"SP Taiwan Semiconductor Manufacturing Company Ltd. (TSM) [ST] P 03/11/2024 08/11/2025 $15,001 - $50,000 Filing Status: New Subholding Of: Charles Schwab 401K > Schwab 824",,,False,100,TSM,accepted,house_ptr_structure+v8_1,False,False,False,03/11/2024,False
20030891,Hon. Lisa McClain,Member,MI09,20030891.pdf,2025,609,SP,Taiwan Semiconductor Manufacturing Company Ltd.,Taiwan Semiconductor Manufacturing Company Ltd.,TSM,TSM,ST,P,2024-11-07,2025-08-11,100001.0,250000.0,,"$100,001 - $250,000",valid_range,New,Charles Schwab 401K > Schwab 824,,,,68,68,table,False,False,,False,0,False,False,100,True,20,False,https://disclosures-clerk.house.gov/public_disc/ptr-pdfs/2025/20030891.pdf,,,SP,Taiwan Semiconductor Manufacturing Company Ltd. (TSM) [ST] Filing Status: New Subholding Of: Charles Schwab 401K >,Taiwan Semiconductor Manufacturing Company Ltd. (TSM) [ST],P Schwab 824,11/07/2024,08/11/2025,"$100,001 - $250,000",,"SP Taiwan Semiconductor Manufacturing Company Ltd. (TSM) [ST] P 11/07/2024 08/11/2025 $100,001 - $250,000 Filing Status: New Subholding Of: Charles Schwab 401K > Schwab 824",,,False,100,TSM,accepted,house_ptr_structure+v8_1,False,False,False,11/07/2024,False
20030891,Hon. Lisa McClain,Member,MI09,20030891.pdf,2025,610,SP,Taiwan Semiconductor Manufacturing Company Ltd.,Taiwan Semiconductor Manufacturing Company Ltd.,TSM,TSM,ST,S (partial),2024-10-23,2025-08-11,50001.0,100000.0,,"$50,001 - $100,000",valid_range,New,Charles Schwab 401K > Schwab 824,,,,68,68,table,False,False,,False,0,False,True,100,True,20,False,https://disclosures-clerk.house.gov/public_disc/ptr-pdfs/2025/20030891.pdf,,,SP,Taiwan Semiconductor Manufacturing Company Ltd. (TSM) [ST],Taiwan Semiconductor Manufacturing Company Ltd. (TSM) [ST],S (partial),10/23/2024,08/11/2025,"$50,001 - $100,000",Filing Status: New Subholding Of: Charles Schwab 401K > Schwab 824,"SP Taiwan Semiconductor Manufacturing Company Ltd. (TSM) [ST] S (partial) 10/23/2024 08/11/2025 $50,001 - $100,000 Filing Status: New Subholding Of: Charles Schwab 401K > Schwab 824",,,False,100,TSM,accepted,house_ptr_structure+v8_1,False,False,False,10/23/2024,False
20030891,Hon. Lisa McClain,Member,MI09,20030891.pdf,2025,611,SP,Taiwan Semiconductor Manufacturing Company Ltd.,Taiwan Semiconductor Manufacturing Company Ltd.,TSM,TSM,ST,P,2025-06-17,2025-08-13,1001.0,15000.0,,"$1,001 - $15,000",valid_range,New,Charles Schwab Brokerage Account 924,,,,68,68,table,False,False,,False,0,False,False,100,True,20,False,https://disclosures-clerk.house.gov/public_disc/ptr-pdfs/2025/20030891.pdf,,,SP,Taiwan Semiconductor Manufacturing Company Ltd. (TSM) [ST] Filing Status: New Subholding Of: Charles Schwab Brokera,Taiwan Semiconductor Manufacturing Company Ltd. (TSM) [ST],P age Account 924,06/17/2025,08/13/2025,"$1,001 - $15,000",,"SP Taiwan Semiconductor Manufacturing Company Ltd. (TSM) [ST] P 06/17/2025 08/13/2025 $1,001 - $15,000 Filing Status: New Subholding Of: Charles Schwab Brokerage Account 924",,,False,100,TSM,accepted,house_ptr_structure+v8_1,False,False,False,06/17/2025,False
20030891,Hon. Lisa McClain,Member,MI09,20030891.pdf,2025,612,SP,"Targa Resources, Inc. Common Stock","Targa Resources, Inc. Common Stock",TRGP,TRGP,ST,P,2025-07-22,2025-08-13,1001.0,15000.0,,"$1,001 - $15,000",valid_range,New,Charles Schwab Brokerage Account 924,,,,68,69,table,False,False,,True,0,False,True,98,True,20,False,https://disclosures-clerk.house.gov/public_disc/ptr-pdfs/2025/20030891.pdf,,,SP,"Targa Resources, Inc. Common Stock (TRGP) [ST]","Targa Resources, Inc. Common Stock (TRGP) [ST]",P,07/22/2025,08/13/2025,"$1,001 - $15,000",Filing Status: New Subholding Of: Charles Schwab Brokerage Account 924,"SP Targa Resources, Inc. Common Stock (TRGP) [ST] P 07/22/2025 08/13/2025 $1,001 - $15,000 Filing Status: New Subholding Of: Charles Schwab Brokerage Account 924",,,False,98,TRGP,accepted,house_ptr_structure+v8_1,False,False,False,07/22/2025,False
20030891,Hon. Lisa McClain,Member,MI09,20030891.pdf,2025,613,SP,Taylor Morrison Home Corporation Common Stock,Taylor Morrison Home Corporation Common Stock,TMHC,TMHC,ST,P,2025-06-17,2025-08-13,1001.0,15000.0,,"$1,001 - $15,000",valid_range,New,Charles Schwab Brokerage Account 924,,,,69,69,table,False,False,,False,0,False,False,100,True,20,False,https://disclosures-clerk.house.gov/public_disc/ptr-pdfs/2025/20030891.pdf,,,SP,Taylor Morrison Home Corporation Common Stock (TMHC) [ST] Filing Status: New Subholding Of: Charles Schwab Brokera,Taylor Morrison Home Corporation Common Stock (TMHC) [ST],P age Account 924,06/17/2025,08/13/2025,"$1,001 - $15,000",,"SP Taylor Morrison Home Corporation Common Stock (TMHC) [ST] P 06/17/2025 08/13/2025 $1,001 - $15,000 Filing Status: New Subholding Of: Charles Schwab Brokerage Account 924",,,False,100,TMHC,accepted,house_ptr_structure+v8_1,False,False,False,06/17/2025,False
20030891,Hon. Lisa McClain,Member,MI09,20030891.pdf,2025,614,SP,Teleflex Incorporated Common Stock,Teleflex Incorporated Common Stock,TFX,TFX,ST,P,2025-07-16,2025-08-13,1001.0,15000.0,,"$1,001 - $15,000",valid_range,New,Charles Schwab Brokerage Account 924,,,,69,69,table,False,False,,False,0,False,True,100,True,20,False,https://disclosures-clerk.house.gov/public_disc/ptr-pdfs/2025/20030891.pdf,,,SP,Teleflex Incorporated Common Stock (TFX) [ST],Teleflex Incorporated Common Stock (TFX) [ST],P,07/16/2025,08/13/2025,"$1,001 - $15,000",Filing Status: New Subholding Of: Charles Schwab Brokerage Account 924,"SP Teleflex Incorporated Common Stock (TFX) [ST] P 07/16/2025 08/13/2025 $1,001 - $15,000 Filing Status: New Subholding Of: Charles Schwab Brokerage Account 924",,,False,100,TFX,accepted,house_ptr_structure+v8_1,False,False,False,07/16/2025,False
20030891,Hon. Lisa McClain,Member,MI09,20030891.pdf,2025,615,SP,Teleflex Incorporated Common Stock,Teleflex Incorporated Common Stock,TFX,TFX,ST,S,2025-07-22,2025-08-13,1001.0,15000.0,,"$1,001 - $15,000",valid_range,New,Charles Schwab Brokerage Account 924,,,,69,69,table,False,False,,False,0,False,False,100,True,20,False,https://disclosures-clerk.house.gov/public_disc/ptr-pdfs/2025/20030891.pdf,,,SP,Teleflex Incorporated Common Stock (TFX) [ST] Filing Status: New Subholding Of: Charles Schwab Brokera,Teleflex Incorporated Common Stock (TFX) [ST],S age Account 924,07/22/2025,08/13/2025,"$1,001 - $15,000",,"SP Teleflex Incorporated Common Stock (TFX) [ST] S 07/22/2025 08/13/2025 $1,001 - $15,000 Filing Status: New Subholding Of: Charles Schwab Brokerage Account 924",,,False,100,TFX,accepted,house_ptr_structure+v8_1,False,False,False,07/22/2025,False
20030891,Hon. Lisa McClain,Member,MI09,20030891.pdf,2025,616,SP,Tenet Healthcare Corporation Common Stock,Tenet Healthcare Corporation Common Stock,THC,THC,ST,P,2025-06-11,2025-08-13,1001.0,15000.0,,"$1,001 - $15,000",valid_range,New,Charles Schwab Brokerage Account 924,,,,69,69,table,False,False,,False,0,False,True,100,True,20,False,https://disclosures-clerk.house.gov/public_disc/ptr-pdfs/2025/20030891.pdf,,,SP,Tenet Healthcare Corporation Common Stock (THC) [ST],Tenet Healthcare Corporation Common Stock (THC) [ST],P,06/11/2025,08/13/2025,"$1,001 - $15,000",Filing Status: New Subholding Of: Charles Schwab Brokerage Account 924,"SP Tenet Healthcare Corporation Common Stock (THC) [ST] P 06/11/2025 08/13/2025 $1,001 - $15,000 Filing Status: New Subholding Of: Charles Schwab Brokerage Account 924",,,False,100,THC,accepted,house_ptr_structure+v8_1,False,False,False,06/11/2025,False
20030891,Hon. Lisa McClain,Member,MI09,20030891.pdf,2025,617,SP,"Teradyne, Inc.","Teradyne, Inc.",TER,TER,ST,P,2025-06-17,2025-08-13,1001.0,15000.0,,"$1,001 - $15,000",valid_range,New,Charles Schwab Brokerage Account 924,,,,69,69,table,False,False,,False,0,False,False,100,True,20,False,https://disclosures-clerk.house.gov/public_disc/ptr-pdfs/2025/20030891.pdf,,,SP,"Teradyne, Inc. (TER) [ST] Filing Status: New Subholding Of: Charles Schwab Brokera","Teradyne, Inc. (TER) [ST]",P age Account 924,06/17/2025,08/13/2025,"$1,001 - $15,000",,"SP Teradyne, Inc. (TER) [ST] P 06/17/2025 08/13/2025 $1,001 - $15,000 Filing Status: New Subholding Of: Charles Schwab Brokerage Account 924",,,False,100,TER,accepted,house_ptr_structure+v8_1,False,False,False,06/17/2025,False
20030891,Hon. Lisa McClain,Member,MI09,20030891.pdf,2025,618,SP,"Tesla, Inc. - Common Stock","Tesla, Inc. - Common Stock",TSLA,TSLA,ST,P,2025-06-17,2025-08-13,1001.0,15000.0,,"$1,001 - $15,000",valid_range,New,Charles Schwab Brokerage Account 924,,,,69,69,table,False,False,,False,0,False,True,100,True,20,False,https://disclosures-clerk.house.gov/public_disc/ptr-pdfs/2025/20030891.pdf,,,SP,"Tesla, Inc. - Common Stock (TSLA) [ST]","Tesla, Inc. - Common Stock (TSLA) [ST]",P,06/17/2025,08/13/2025,"$1,001 - $15,000",Filing Status: New Subholding Of: Charles Schwab Brokerage Account 924,"SP Tesla, Inc. - Common Stock (TSLA) [ST] P 06/17/2025 08/13/2025 $1,001 - $15,000 Filing Status: New Subholding Of: Charles Schwab Brokerage Account 924",,,False,100,TSLA,accepted,house_ptr_structure+v8_1,False,False,False,06/17/2025,False
20030891,Hon. Lisa McClain,Member,MI09,20030891.pdf,2025,619,SP,"Tesla, Inc. - Common Stock","Tesla, Inc. - Common Stock",TSLA,TSLA,ST,P,2024-11-08,2025-08-11,15001.0,50000.0,,"$15,001 - $50,000",valid_range,New,Charles Schwab 401K > Schwab 824,,,,69,69,table,False,False,,False,0,False,False,100,True,20,False,https://disclosures-clerk.house.gov/public_disc/ptr-pdfs/2025/20030891.pdf,,,SP,"Tesla, Inc. - Common Stock (TSLA) [ST] Filing Status: New Subholding Of: Charles Schwab 401K >","Tesla, Inc. - Common Stock (TSLA) [ST]",P Schwab 824,11/08/2024,08/11/2025,"$15,001 - $50,000",,"SP Tesla, Inc. - Common Stock (TSLA) [ST] P 11/08/2024 08/11/2025 $15,001 - $50,000 Filing Status: New Subholding Of: Charles Schwab 401K > Schwab 824",,,False,100,TSLA,accepted,house_ptr_structure+v8_1,False,False,False,11/08/2024,False
20030891,Hon. Lisa McClain,Member,MI09,20030891.pdf,2025,620,SP,"Tesla, Inc. - Common Stock","Tesla, Inc. - Common Stock",TSLA,TSLA,ST,P,2025-06-09,2025-08-13,1001.0,15000.0,,"$1,001 - $15,000",valid_range,New,Charles Schwab Brokerage Account 924,,,,69,69,table,False,False,,False,0,False,True,100,True,20,False,https://disclosures-clerk.house.gov/public_disc/ptr-pdfs/2025/20030891.pdf,,,SP,"Tesla, Inc. - Common Stock (TSLA) [ST]","Tesla, Inc. - Common Stock (TSLA) [ST]",P,06/09/2025,08/13/2025,"$1,001 - $15,000",Filing Status: New Subholding Of: Charles Schwab Brokerage Account 924,"SP Tesla, Inc. - Common Stock (TSLA) [ST] P 06/09/2025 08/13/2025 $1,001 - $15,000 Filing Status: New Subholding Of: Charles Schwab Brokerage Account 924",,,False,100,TSLA,accepted,house_ptr_structure+v8_1,False,False,False,06/09/2025,False
20030891,Hon. Lisa McClain,Member,MI09,20030891.pdf,2025,621,SP,"Tesla, Inc. - Common Stock","Tesla, Inc. - Common Stock",TSLA,TSLA,ST,S (partial),2025-07-10,2025-08-13,1001.0,15000.0,,"$1,001 - $15,000",valid_range,New,Charles Schwab Brokerage Account 924,,,,69,70,table,False,False,,True,0,False,False,98,True,20,False,https://disclosures-clerk.house.gov/public_disc/ptr-pdfs/2025/20030891.pdf,,,SP,"Tesla, Inc. - Common Stock (TSLA) [ST] Filing Status: New","Tesla, Inc. - Common Stock (TSLA) [ST] Subholding Of: Charles Schwab Brokerage Account 924",S (partial),07/10/2025,08/13/2025,"$1,001 - $15,000",Subholding Of: Charles Schwab Brokerage Account 924,"SP Tesla, Inc. - Common Stock (TSLA) [ST] S (partial) 07/10/2025 08/13/2025 $1,001 - $15,000 Filing Status: New Subholding Of: Charles Schwab Brokerage Account 924",,,False,98,TSLA,accepted,house_ptr_structure+v8_1,False,False,False,07/10/2025,False
20030891,Hon. Lisa McClain,Member,MI09,20030891.pdf,2025,622,SP,Texas Instruments Incorporated - Common Stock,Texas Instruments Incorporated - Common Stock,TXN,TXN,ST,P,2025-06-17,2025-08-13,1001.0,15000.0,,"$1,001 - $15,000",valid_range,New,Charles Schwab Brokerage Account 924,,,,70,70,table,False,False,,False,0,False,True,100,True,20,False,https://disclosures-clerk.house.gov/public_disc/ptr-pdfs/2025/20030891.pdf,,,SP,Texas Instruments Incorporated - Common Stock (TXN) [ST],Texas Instruments Incorporated - Common Stock (TXN) [ST],P,06/17/2025,08/13/2025,"$1,001 - $15,000",Filing Status: New Subholding Of: Charles Schwab Brokerage Account 924,"SP Texas Instruments Incorporated - Common Stock (TXN) [ST] P 06/17/2025 08/13/2025 $1,001 - $15,000 Filing Status: New Subholding Of: Charles Schwab Brokerage Account 924",,,False,100,TXN,accepted,house_ptr_structure+v8_1,False,False,False,06/17/2025,False
20030891,Hon. Lisa McClain,Member,MI09,20030891.pdf,2025,623,SP,Texas Pacific Land Corporation Common Stock,Texas Pacific Land Corporation Common Stock,TPL,TPL,ST,P,2025-07-22,2025-08-13,1001.0,15000.0,,"$1,001 - $15,000",valid_range,New,Charles Schwab Brokerage Account 924,,,,70,70,table,False,False,,False,0,False,False,100,True,20,False,https://disclosures-clerk.house.gov/public_disc/ptr-pdfs/2025/20030891.pdf,,,SP,Texas Pacific Land Corporation Common Stock (TPL) [ST] Filing Status: New Subholding Of: Charles Schwab Brokera,Texas Pacific Land Corporation Common Stock (TPL) [ST],P age Account 924,07/22/2025,08/13/2025,"$1,001 - $15,000",,"SP Texas Pacific Land Corporation Common Stock (TPL) [ST] P 07/22/2025 08/13/2025 $1,001 - $15,000 Filing Status: New Subholding Of: Charles Schwab Brokerage Account 924",,,False,100,TPL,accepted,house_ptr_structure+v8_1,False,False,False,07/22/2025,False
20030891,Hon. Lisa McClain,Member,MI09,20030891.pdf,2025,624,SP,"Texas Roadhouse, Inc. - Common Stock","Texas Roadhouse, Inc. - Common Stock",TXRH,TXRH,ST,S,2025-06-24,2025-08-13,1001.0,15000.0,,"$1,001 - $15,000",valid_range,New,Charles Schwab Brokerage Account 924,,,,70,70,table,False,False,,False,0,False,True,100,True,20,False,https://disclosures-clerk.house.gov/public_disc/ptr-pdfs/2025/20030891.pdf,,,SP,"Texas Roadhouse, Inc. - Common Stock (TXRH) [ST]","Texas Roadhouse, Inc. - Common Stock (TXRH) [ST]",S,06/24/2025,08/13/2025,"$1,001 - $15,000",Filing Status: New Subholding Of: Charles Schwab Brokerage Account 924,"SP Texas Roadhouse, Inc. - Common Stock (TXRH) [ST] S 06/24/2025 08/13/2025 $1,001 - $15,000 Filing Status: New Subholding Of: Charles Schwab Brokerage Account 924",,,False,100,TXRH,accepted,house_ptr_structure+v8_1,False,False,False,06/24/2025,False
20030891,Hon. Lisa McClain,Member,MI09,20030891.pdf,2025,625,SP,"Texas Roadhouse, Inc. - Common Stock","Texas Roadhouse, Inc. - Common Stock",TXRH,TXRH,ST,P,2025-06-17,2025-08-13,1001.0,15000.0,,"$1,001 - $15,000",valid_range,New,Charles Schwab Brokerage Account 924,,,,70,70,table,False,False,,False,0,False,False,100,True,20,False,https://disclosures-clerk.house.gov/public_disc/ptr-pdfs/2025/20030891.pdf,,,SP,"Texas Roadhouse, Inc. - Common Stock (TXRH) [ST] Filing Status: New Subholding Of: Charles Schwab Brokera","Texas Roadhouse, Inc. - Common Stock (TXRH) [ST]",P age Account 924,06/17/2025,08/13/2025,"$1,001 - $15,000",,"SP Texas Roadhouse, Inc. - Common Stock (TXRH) [ST] P 06/17/2025 08/13/2025 $1,001 - $15,000 Filing Status: New Subholding Of: Charles Schwab Brokerage Account 924",,,False,100,TXRH,accepted,house_ptr_structure+v8_1,False,False,False,06/17/2025,False
20030891,Hon. Lisa McClain,Member,MI09,20030891.pdf,2025,626,SP,The Bank of New York Mellon Corporation Common Stock,The Bank of New York Mellon Corporation Common Stock,BK,BK,ST,P,2025-06-17,2025-08-13,1001.0,15000.0,,"$1,001 - $15,000",valid_range,New,Charles Schwab Brokerage Account 924,,,,70,70,table,False,False,,False,0,False,True,100,True,20,False,https://disclosures-clerk.house.gov/public_disc/ptr-pdfs/2025/20030891.pdf,,,SP,The Bank of New York Mellon Corporation Common Stock (BK) [ST],The Bank of New York Mellon Corporation Common Stock (BK) [ST],P,06/17/2025,08/13/2025,"$1,001 - $15,000",Filing Status: New Subholding Of: Charles Schwab Brokerage Account 924,"SP The Bank of New York Mellon Corporation Common Stock (BK) [ST] P 06/17/2025 08/13/2025 $1,001 - $15,000 Filing Status: New Subholding Of: Charles Schwab Brokerage Account 924",,,False,100,BK,accepted,house_ptr_structure+v8_1,False,False,False,06/17/2025,False
20030891,Hon. Lisa McClain,Member,MI09,20030891.pdf,2025,627,SP,The Campbell's Company - Common Stock,The Campbell's Company - Common Stock,CPB,CPB,ST,P,2025-06-11,2025-08-13,1001.0,15000.0,,"$1,001 - $15,000",valid_range,New,Charles Schwab Brokerage Account 924,,,,70,70,table,False,False,,False,0,False,False,100,True,20,False,https://disclosures-clerk.house.gov/public_disc/ptr-pdfs/2025/20030891.pdf,,,SP,The Campbell's Company - Common Stock (CPB) [ST] Filing Status: New Subholding Of: Charles Schwab Brokera,The Campbell's Company - Common Stock (CPB) [ST],P age Account 924,06/11/2025,08/13/2025,"$1,001 - $15,000",,"SP The Campbell's Company - Common Stock (CPB) [ST] P 06/11/2025 08/13/2025 $1,001 - $15,000 Filing Status: New Subholding Of: Charles Schwab Brokerage Account 924",,,False,100,CPB,accepted,house_ptr_structure+v8_1,False,False,False,06/11/2025,False
20030891,Hon. Lisa McClain,Member,MI09,20030891.pdf,2025,628,SP,The J.M. Smucker Company Common Stock,The J.M. Smucker Company Common Stock,SJM,SJM,ST,P,2025-06-24,2025-08-13,1001.0,15000.0,,"$1,001 - $15,000",valid_range,New,Charles Schwab Brokerage Account 924,,,,70,70,table,False,False,,False,0,False,True,100,True,20,False,https://disclosures-clerk.house.gov/public_disc/ptr-pdfs/2025/20030891.pdf,,,SP,The J.M. Smucker Company Common Stock (SJM) [ST],The J.M. Smucker Company Common Stock (SJM) [ST],P,06/24/2025,08/13/2025,"$1,001 - $15,000",Filing Status: New Subholding Of: Charles Schwab Brokerage Account 924,"SP The J.M. Smucker Company Common Stock (SJM) [ST] P 06/24/2025 08/13/2025 $1,001 - $15,000 Filing Status: New Subholding Of: Charles Schwab Brokerage Account 924",,,False,100,SJM,accepted,house_ptr_structure+v8_1,False,False,False,06/24/2025,False
20030891,Hon. Lisa McClain,Member,MI09,20030891.pdf,2025,629,SP,The Middleby Corporation - Common Stock,The Middleby Corporation - Common Stock,MIDD,MIDD,ST,S,2025-06-17,2025-08-13,1001.0,15000.0,,"$1,001 - $15,000",valid_range,New,Charles Schwab Brokerage Account 924,,,,70,70,table,False,False,,False,0,False,False,100,True,20,False,https://disclosures-clerk.house.gov/public_disc/ptr-pdfs/2025/20030891.pdf,,,SP,The Middleby Corporation - Common Stock (MIDD) [ST] Filing Status: New Subholding Of: Charles Schwab Brokera,The Middleby Corporation - Common Stock (MIDD) [ST],S age Account 924,06/17/2025,08/13/2025,"$1,001 - $15,000",,"SP The Middleby Corporation - Common Stock (MIDD) [ST] S 06/17/2025 08/13/2025 $1,001 - $15,000 Filing Status: New Subholding Of: Charles Schwab Brokerage Account 924",,,False,100,MIDD,accepted,house_ptr_structure+v8_1,False,False,False,06/17/2025,False
20030891,Hon. Lisa McClain,Member,MI09,20030891.pdf,2025,630,SP,The Middleby Corporation - Common Stock,The Middleby Corporation - Common Stock,MIDD,MIDD,ST,P,2025-06-11,2025-08-13,1001.0,15000.0,,"$1,001 - $15,000",valid_range,New $200?,Charles Schwab Brokerage Account 924,,,,70,71,table,False,False,,True,0,False,True,98,True,20,False,https://disclosures-clerk.house.gov/public_disc/ptr-pdfs/2025/20030891.pdf,,,SP,The Middleby Corporation - Common Stock (MIDD) [ST],The Middleby Corporation - Common Stock (MIDD) [ST],P,06/11/2025,08/13/2025,"$1,001 - $15,000",Filing Status: New $200? Subholding Of: Charles Schwab Brokerage Account 924,"SP The Middleby Corporation - Common Stock (MIDD) [ST] P 06/11/2025 08/13/2025 $1,001 - $15,000 Filing Status: New $200? Subholding Of: Charles Schwab Brokerage Account 924",,,False,98,MIDD,accepted,house_ptr_structure+v8_1,False,False,False,06/11/2025,False
20030891,Hon. Lisa McClain,Member,MI09,20030891.pdf,2025,631,SP,"The Trade Desk, Inc. - Class A Common Stock","The Trade Desk, Inc. - Class A Common Stock",TTD,TTD,ST,P,2025-03-28,2025-08-13,1001.0,15000.0,,"$1,001 - $15,000",valid_range,New,Charles Schwab Brokerage Account 548,,,,71,71,table,False,False,,False,0,False,False,100,True,20,False,https://disclosures-clerk.house.gov/public_disc/ptr-pdfs/2025/20030891.pdf,,,SP,"The Trade Desk, Inc. - Class A Common Stock (TTD) [ST] Filing Status: New Subholding Of: Charles Schwab Brokera","The Trade Desk, Inc. - Class A Common Stock (TTD) [ST]",P age Account 548,03/28/2025,08/13/2025,"$1,001 - $15,000",,"SP The Trade Desk, Inc. - Class A Common Stock (TTD) [ST] P 03/28/2025 08/13/2025 $1,001 - $15,000 Filing Status: New Subholding Of: Charles Schwab Brokerage Account 548",,,False,100,TTD,accepted,house_ptr_structure+v8_1,False,False,False,03/28/2025,False
20030891,Hon. Lisa McClain,Member,MI09,20030891.pdf,2025,632,SP,"The Trade Desk, Inc. - Class A Common Stock","The Trade Desk, Inc. - Class A Common Stock",TTD,TTD,ST,S,2025-02-21,2025-08-13,1001.0,15000.0,,"$1,001 - $15,000",valid_range,New,Charles Schwab Brokerage Account 548,,,,71,71,table,False,False,,False,0,False,True,100,True,20,False,https://disclosures-clerk.house.gov/public_disc/ptr-pdfs/2025/20030891.pdf,,,SP,"The Trade Desk, Inc. - Class A Common Stock (TTD) [ST]","The Trade Desk, Inc. - Class A Common Stock (TTD) [ST]",S,02/21/2025,08/13/2025,"$1,001 - $15,000",Filing Status: New Subholding Of: Charles Schwab Brokerage Account 548,"SP The Trade Desk, Inc. - Class A Common Stock (TTD) [ST] S 02/21/2025 08/13/2025 $1,001 - $15,000 Filing Status: New Subholding Of: Charles Schwab Brokerage Account 548",,,False,100,TTD,accepted,house_ptr_structure+v8_1,False,False,False,02/21/2025,False
20030891,Hon. Lisa McClain,Member,MI09,20030891.pdf,2025,633,SP,"The Trade Desk, Inc. - Class A Common Stock","The Trade Desk, Inc. - Class A Common Stock",TTD,TTD,ST,P,2024-12-11,2025-08-11,1001.0,15000.0,,"$1,001 - $15,000",valid_range,New,Charles Schwab Brokerage Account 548,,,,71,71,table,False,False,,False,0,False,False,100,True,20,False,https://disclosures-clerk.house.gov/public_disc/ptr-pdfs/2025/20030891.pdf,,,SP,"The Trade Desk, Inc. - Class A Common Stock (TTD) [ST] Filing Status: New Subholding Of: Charles Schwab Brokera","The Trade Desk, Inc. - Class A Common Stock (TTD) [ST]",P age Account 548,12/11/2024,08/11/2025,"$1,001 - $15,000",,"SP The Trade Desk, Inc. - Class A Common Stock (TTD) [ST] P 12/11/2024 08/11/2025 $1,001 - $15,000 Filing Status: New Subholding Of: Charles Schwab Brokerage Account 548",,,False,100,TTD,accepted,house_ptr_structure+v8_1,False,False,False,12/11/2024,False
20030891,Hon. Lisa McClain,Member,MI09,20030891.pdf,2025,634,SP,Thermo Fisher Scientific Inc Common Stock,Thermo Fisher Scientific Inc Common Stock,TMO,TMO,ST,P,2024-12-11,2025-08-11,1001.0,15000.0,,"$1,001 - $15,000",valid_range,New,Charles Schwab Brokerage Account 548,,,,71,71,table,False,False,,False,0,False,True,100,True,20,False,https://disclosures-clerk.house.gov/public_disc/ptr-pdfs/2025/20030891.pdf,,,SP,Thermo Fisher Scientific Inc Common Stock (TMO) [ST],Thermo Fisher Scientific Inc Common Stock (TMO) [ST],P,12/11/2024,08/11/2025,"$1,001 - $15,000",Filing Status: New Subholding Of: Charles Schwab Brokerage Account 548,"SP Thermo Fisher Scientific Inc Common Stock (TMO) [ST] P 12/11/2024 08/11/2025 $1,001 - $15,000 Filing Status: New Subholding Of: Charles Schwab Brokerage Account 548",,,False,100,TMO,accepted,house_ptr_structure+v8_1,False,False,False,12/11/2024,False
20030891,Hon. Lisa McClain,Member,MI09,20030891.pdf,2025,635,SP,Thermo Fisher Scientific Inc Common Stock,Thermo Fisher Scientific Inc Common Stock,TMO,TMO,ST,S (partial),2025-06-10,2025-08-13,1001.0,15000.0,,"$1,001 - $15,000",valid_range,New,Charles Schwab Brokerage Account 924,,,,71,71,table,False,False,,False,0,False,False,100,True,20,False,https://disclosures-clerk.house.gov/public_disc/ptr-pdfs/2025/20030891.pdf,,,SP,Thermo Fisher Scientific Inc Common Stock (TMO) [ST] Filing Status: New Subholding Of: Charles Schwab Brokera,Thermo Fisher Scientific Inc Common Stock (TMO) [ST],S (partial) age Account 924,06/10/2025,08/13/2025,"$1,001 - $15,000",,"SP Thermo Fisher Scientific Inc Common Stock (TMO) [ST] S (partial) 06/10/2025 08/13/2025 $1,001 - $15,000 Filing Status: New Subholding Of: Charles Schwab Brokerage Account 924",,,False,100,TMO,accepted,house_ptr_structure+v8_1,False,False,False,06/10/2025,False
20030891,Hon. Lisa McClain,Member,MI09,20030891.pdf,2025,636,SP,Thermo Fisher Scientific Inc Common Stock,Thermo Fisher Scientific Inc Common Stock,TMO,TMO,ST,P,2025-07-22,2025-08-13,1001.0,15000.0,,"$1,001 - $15,000",valid_range,New,Charles Schwab Brokerage Account 924,,,,71,71,table,False,False,,False,0,False,True,100,True,20,False,https://disclosures-clerk.house.gov/public_disc/ptr-pdfs/2025/20030891.pdf,,,SP,Thermo Fisher Scientific Inc Common Stock (TMO) [ST],Thermo Fisher Scientific Inc Common Stock (TMO) [ST],P,07/22/2025,08/13/2025,"$1,001 - $15,000",Filing Status: New Subholding Of: Charles Schwab Brokerage Account 924,"SP Thermo Fisher Scientific Inc Common Stock (TMO) [ST] P 07/22/2025 08/13/2025 $1,001 - $15,000 Filing Status: New Subholding Of: Charles Schwab Brokerage Account 924",,,False,100,TMO,accepted,house_ptr_structure+v8_1,False,False,False,07/22/2025,False
20030891,Hon. Lisa McClain,Member,MI09,20030891.pdf,2025,637,SP,Timken Company,Timken Company,TKR,TKR,ST,S,2025-06-17,2025-08-13,1001.0,15000.0,,"$1,001 - $15,000",valid_range,New,Charles Schwab Brokerage Account 924,,,,71,71,table,False,False,,False,0,False,False,100,True,20,False,https://disclosures-clerk.house.gov/public_disc/ptr-pdfs/2025/20030891.pdf,,,SP,Timken Company (TKR) [ST] Filing Status: New Subholding Of: Charles Schwab Brokera,Timken Company (TKR) [ST],S age Account 924,06/17/2025,08/13/2025,"$1,001 - $15,000",,"SP Timken Company (TKR) [ST] S 06/17/2025 08/13/2025 $1,001 - $15,000 Filing Status: New Subholding Of: Charles Schwab Brokerage Account 924",,,False,100,TKR,accepted,house_ptr_structure+v8_1,False,False,False,06/17/2025,False
20030891,Hon. Lisa McClain,Member,MI09,20030891.pdf,2025,638,SP,Timken Company,Timken Company,TKR,TKR,ST,P,2025-06-11,2025-08-13,1001.0,15000.0,,"$1,001 - $15,000",valid_range,New,Charles Schwab Brokerage Account 924,,,,71,71,table,False,False,,False,0,False,True,100,True,20,False,https://disclosures-clerk.house.gov/public_disc/ptr-pdfs/2025/20030891.pdf,,,SP,Timken Company (TKR) [ST],Timken Company (TKR) [ST],P,06/11/2025,08/13/2025,"$1,001 - $15,000",Filing Status: New Subholding Of: Charles Schwab Brokerage Account 924,"SP Timken Company (TKR) [ST] P 06/11/2025 08/13/2025 $1,001 - $15,000 Filing Status: New Subholding Of: Charles Schwab Brokerage Account 924",,,False,100,TKR,accepted,house_ptr_structure+v8_1,False,False,False,06/11/2025,False
20030891,Hon. Lisa McClain,Member,MI09,20030891.pdf,2025,639,SP,"TJX Companies, Inc.","TJX Companies, Inc.",TJX,TJX,ST,P,2024-12-11,2025-08-11,1001.0,15000.0,,"$1,001 - $15,000",valid_range,New,Charles Schwab Brokerage Account 548,,,,71,71,table,False,False,,False,0,False,False,100,True,20,False,https://disclosures-clerk.house.gov/public_disc/ptr-pdfs/2025/20030891.pdf,,,SP,"TJX Companies, Inc. (TJX) [ST] Filing Status: New Subholding Of: Charles Schwab Brokera","TJX Companies, Inc. (TJX) [ST]",P age Account 548,12/11/2024,08/11/2025,"$1,001 - $15,000",,"SP TJX Companies, Inc. (TJX) [ST] P 12/11/2024 08/11/2025 $1,001 - $15,000 Filing Status: New Subholding Of: Charles Schwab Brokerage Account 548",,,False,100,TJX,accepted,house_ptr_structure+v8_1,False,False,False,12/11/2024,False
20030891,Hon. Lisa McClain,Member,MI09,20030891.pdf,2025,640,SP,"TJX Companies, Inc.","TJX Companies, Inc.",TJX,TJX,ST,S,2025-06-11,2025-08-13,1001.0,15000.0,,"$1,001 - $15,000",valid_range,New,Charles Schwab Brokerage Account 924,,,,72,72,table,False,False,,False,0,False,True,100,True,20,False,https://disclosures-clerk.house.gov/public_disc/ptr-pdfs/2025/20030891.pdf,,,SP,"TJX Companies, Inc. (TJX) [ST]","TJX Companies, Inc. (TJX) [ST]",S,06/11/2025,08/13/2025,"$1,001 - $15,000",Filing Status: New Subholding Of: Charles Schwab Brokerage Account 924,"SP TJX Companies, Inc. (TJX) [ST] S 06/11/2025 08/13/2025 $1,001 - $15,000 Filing Status: New Subholding Of: Charles Schwab Brokerage Account 924",,,False,100,TJX,accepted,house_ptr_structure+v8_1,False,False,False,06/11/2025,False
20030891,Hon. Lisa McClain,Member,MI09,20030891.pdf,2025,641,SP,"T-Mobile US, Inc.","T-Mobile US, Inc.",TMUS,TMUS,ST,P,2025-06-17,2025-08-13,1001.0,15000.0,,"$1,001 - $15,000",valid_range,New,Charles Schwab Brokerage Account 924,,,,72,72,table,False,False,,False,0,False,False,100,True,20,False,https://disclosures-clerk.house.gov/public_disc/ptr-pdfs/2025/20030891.pdf,,,SP,"T-Mobile US, Inc. (TMUS) [ST] Filing Status: New Subholding Of: Charles Schwab Brokera","T-Mobile US, Inc. (TMUS) [ST]",P age Account 924,06/17/2025,08/13/2025,"$1,001 - $15,000",,"SP T-Mobile US, Inc. (TMUS) [ST] P 06/17/2025 08/13/2025 $1,001 - $15,000 Filing Status: New Subholding Of: Charles Schwab Brokerage Account 924",,,False,100,TMUS,accepted,house_ptr_structure+v8_1,False,False,False,06/17/2025,False
20030891,Hon. Lisa McClain,Member,MI09,20030891.pdf,2025,642,SP,Toro Company,Toro Company,TTC,TTC,ST,P,2025-06-09,2025-08-13,1001.0,15000.0,,"$1,001 - $15,000",valid_range,New,Charles Schwab Brokerage Account 924,,,,72,72,table,False,False,,False,0,False,True,100,True,20,False,https://disclosures-clerk.house.gov/public_disc/ptr-pdfs/2025/20030891.pdf,,,SP,Toro Company (TTC) [ST],Toro Company (TTC) [ST],P,06/09/2025,08/13/2025,"$1,001 - $15,000",Filing Status: New Subholding Of: Charles Schwab Brokerage Account 924,"SP Toro Company (TTC) [ST] P 06/09/2025 08/13/2025 $1,001 - $15,000 Filing Status: New Subholding Of: Charles Schwab Brokerage Account 924",,,False,100,TTC,accepted,house_ptr_structure+v8_1,False,False,False,06/09/2025,False
20030891,Hon. Lisa McClain,Member,MI09,20030891.pdf,2025,643,SP,Toro Company,Toro Company,TTC,TTC,ST,S,2025-06-11,2025-08-13,1001.0,15000.0,,"$1,001 - $15,000",valid_range,New,Charles Schwab Brokerage Account 924,,,,72,72,table,False,False,,False,0,False,False,100,True,20,False,https://disclosures-clerk.house.gov/public_disc/ptr-pdfs/2025/20030891.pdf,,,SP,Toro Company (TTC) [ST] Filing Status: New Subholding Of: Charles Schwab Brokera,Toro Company (TTC) [ST],S age Account 924,06/11/2025,08/13/2025,"$1,001 - $15,000",,"SP Toro Company (TTC) [ST] S 06/11/2025 08/13/2025 $1,001 - $15,000 Filing Status: New Subholding Of: Charles Schwab Brokerage Account 924",,,False,100,TTC,accepted,house_ptr_structure+v8_1,False,False,False,06/11/2025,False
20030891,Hon. Lisa McClain,Member,MI09,20030891.pdf,2025,644,SP,TotalEnergies SE,TotalEnergies SE,TTE,TTE,ST,S,2025-06-24,2025-08-13,1001.0,15000.0,,"$1,001 - $15,000",valid_range,New,Charles Schwab Brokerage Account 924,,,,72,72,table,False,False,,False,0,False,True,100,True,20,False,https://disclosures-clerk.house.gov/public_disc/ptr-pdfs/2025/20030891.pdf,,,SP,TotalEnergies SE (TTE) [ST],TotalEnergies SE (TTE) [ST],S,06/24/2025,08/13/2025,"$1,001 - $15,000",Filing Status: New Subholding Of: Charles Schwab Brokerage Account 924,"SP TotalEnergies SE (TTE) [ST] S 06/24/2025 08/13/2025 $1,001 - $15,000 Filing Status: New Subholding Of: Charles Schwab Brokerage Account 924",,,False,100,TTE,accepted,house_ptr_structure+v8_1,False,False,False,06/24/2025,False
20030891,Hon. Lisa McClain,Member,MI09,20030891.pdf,2025,645,SP,TotalEnergies SE,TotalEnergies SE,TTE,TTE,ST,P,2025-06-17,2025-08-13,1001.0,15000.0,,"$1,001 - $15,000",valid_range,New,Charles Schwab Brokerage Account 924,,,,72,72,table,False,False,,False,0,False,False,100,True,20,False,https://disclosures-clerk.house.gov/public_disc/ptr-pdfs/2025/20030891.pdf,,,SP,TotalEnergies SE (TTE) [ST] Filing Status: New Subholding Of: Charles Schwab Brokera,TotalEnergies SE (TTE) [ST],P age Account 924,06/17/2025,08/13/2025,"$1,001 - $15,000",,"SP TotalEnergies SE (TTE) [ST] P 06/17/2025 08/13/2025 $1,001 - $15,000 Filing Status: New Subholding Of: Charles Schwab Brokerage Account 924",,,False,100,TTE,accepted,house_ptr_structure+v8_1,False,False,False,06/17/2025,False
20030891,Hon. Lisa McClain,Member,MI09,20030891.pdf,2025,646,SP,Toyota Motor Corporation Common Stock,Toyota Motor Corporation Common Stock,TM,TM,ST,P,2025-06-17,2025-08-13,1001.0,15000.0,,"$1,001 - $15,000",valid_range,New,Charles Schwab Brokerage Account 924,,,,72,72,table,False,False,,False,0,False,True,100,True,20,False,https://disclosures-clerk.house.gov/public_disc/ptr-pdfs/2025/20030891.pdf,,,SP,Toyota Motor Corporation Common Stock (TM) [ST],Toyota Motor Corporation Common Stock (TM) [ST],P,06/17/2025,08/13/2025,"$1,001 - $15,000",Filing Status: New Subholding Of: Charles Schwab Brokerage Account 924,"SP Toyota Motor Corporation Common Stock (TM) [ST] P 06/17/2025 08/13/2025 $1,001 - $15,000 Filing Status: New Subholding Of: Charles Schwab Brokerage Account 924",,,False,100,TM,accepted,house_ptr_structure+v8_1,False,False,False,06/17/2025,False
20030891,Hon. Lisa McClain,Member,MI09,20030891.pdf,2025,647,SP,Toyota Motor Corporation Common Stock,Toyota Motor Corporation Common Stock,TM,TM,ST,S,2025-06-24,2025-08-13,1001.0,15000.0,,"$1,001 - $15,000",valid_range,New,Charles Schwab Brokerage Account 924,,,,72,72,table,False,False,,False,0,False,False,100,True,20,False,https://disclosures-clerk.house.gov/public_disc/ptr-pdfs/2025/20030891.pdf,,,SP,Toyota Motor Corporation Common Stock (TM) [ST] Filing Status: New Subholding Of: Charles Schwab Brokera,Toyota Motor Corporation Common Stock (TM) [ST],S age Account 924,06/24/2025,08/13/2025,"$1,001 - $15,000",,"SP Toyota Motor Corporation Common Stock (TM) [ST] S 06/24/2025 08/13/2025 $1,001 - $15,000 Filing Status: New Subholding Of: Charles Schwab Brokerage Account 924",,,False,100,TM,accepted,house_ptr_structure+v8_1,False,False,False,06/24/2025,False
20030891,Hon. Lisa McClain,Member,MI09,20030891.pdf,2025,648,SP,Travel Leisure Co. Common Stock,Travel Leisure Co. Common Stock,TNL,TNL,ST,S,2025-06-17,2025-08-13,1001.0,15000.0,,"$1,001 - $15,000",valid_range,New,Charles Schwab Brokerage Account 924,,,,72,72,table,False,False,,False,0,False,True,100,True,20,False,https://disclosures-clerk.house.gov/public_disc/ptr-pdfs/2025/20030891.pdf,,,SP,Travel Leisure Co. Common Stock (TNL) [ST],Travel Leisure Co. Common Stock (TNL) [ST],S,06/17/2025,08/13/2025,"$1,001 - $15,000",Filing Status: New Subholding Of: Charles Schwab Brokerage Account 924,"SP Travel Leisure Co. Common Stock (TNL) [ST] S 06/17/2025 08/13/2025 $1,001 - $15,000 Filing Status: New Subholding Of: Charles Schwab Brokerage Account 924",,,False,100,TNL,accepted,house_ptr_structure+v8_1,False,False,False,06/17/2025,False
20030891,Hon. Lisa McClain,Member,MI09,20030891.pdf,2025,649,SP,Travel Leisure Co. Common Stock,Travel Leisure Co. Common Stock,TNL,TNL,ST,P,2025-06-11,2025-08-13,1001.0,15000.0,,"$1,001 - $15,000",valid_range,New,Charles Schwab Brokerage Account 924,,,,72,73,table,False,False,,True,0,False,False,98,True,20,False,https://disclosures-clerk.house.gov/public_disc/ptr-pdfs/2025/20030891.pdf,,,SP,Travel Leisure Co. Common Stock (TNL) [ST] Filing Status: New,Travel Leisure Co. Common Stock (TNL) [ST] Subholding Of: Charles Schwab Brokerage Account 924,P,06/11/2025,08/13/2025,"$1,001 - $15,000",Subholding Of: Charles Schwab Brokerage Account 924,"SP Travel Leisure Co. Common Stock (TNL) [ST] P 06/11/2025 08/13/2025 $1,001 - $15,000 Filing Status: New Subholding Of: Charles Schwab Brokerage Account 924",,,False,98,TNL,accepted,house_ptr_structure+v8_1,False,False,False,06/11/2025,False
20030891,Hon. Lisa McClain,Member,MI09,20030891.pdf,2025,650,SP,"Trinity Industries, Inc. Common Stock","Trinity Industries, Inc. Common Stock",TRN,TRN,ST,P,2025-06-11,2025-08-13,1001.0,15000.0,,"$1,001 - $15,000",valid_range,New,Charles Schwab Brokerage Account 924,,,,73,73,table,False,False,,False,0,False,True,100,True,20,False,https://disclosures-clerk.house.gov/public_disc/ptr-pdfs/2025/20030891.pdf,,,SP,"Trinity Industries, Inc. Common Stock (TRN) [ST]","Trinity Industries, Inc. Common Stock (TRN) [ST]",P,06/11/2025,08/13/2025,"$1,001 - $15,000",Filing Status: New Subholding Of: Charles Schwab Brokerage Account 924,"SP Trinity Industries, Inc. Common Stock (TRN) [ST] P 06/11/2025 08/13/2025 $1,001 - $15,000 Filing Status: New Subholding Of: Charles Schwab Brokerage Account 924",,,False,100,TRN,accepted,house_ptr_structure+v8_1,False,False,False,06/11/2025,False
20030891,Hon. Lisa McClain,Member,MI09,20030891.pdf,2025,651,SP,"Trinity Industries, Inc. Common Stock","Trinity Industries, Inc. Common Stock",TRN,TRN,ST,S,2025-06-17,2025-08-13,1001.0,15000.0,,"$1,001 - $15,000",valid_range,New,Charles Schwab Brokerage Account 924,,,,73,73,table,False,False,,False,0,False,False,100,True,20,False,https://disclosures-clerk.house.gov/public_disc/ptr-pdfs/2025/20030891.pdf,,,SP,"Trinity Industries, Inc. Common Stock (TRN) [ST] Filing Status: New Subholding Of: Charles Schwab Brokera","Trinity Industries, Inc. Common Stock (TRN) [ST]",S age Account 924,06/17/2025,08/13/2025,"$1,001 - $15,000",,"SP Trinity Industries, Inc. Common Stock (TRN) [ST] S 06/17/2025 08/13/2025 $1,001 - $15,000 Filing Status: New Subholding Of: Charles Schwab Brokerage Account 924",,,False,100,TRN,accepted,house_ptr_structure+v8_1,False,False,False,06/17/2025,False
20030891,Hon. Lisa McClain,Member,MI09,20030891.pdf,2025,652,SP,Trip.com Group Limited - American Depositary Shares,Trip.com Group Limited - American Depositary Shares,TCOM,TCOM,ST,P,2025-06-24,2025-08-13,1001.0,15000.0,,"$1,001 - $15,000",valid_range,New,Charles Schwab Brokerage Account 924,,,,73,73,table,False,False,,False,0,False,True,100,True,20,False,https://disclosures-clerk.house.gov/public_disc/ptr-pdfs/2025/20030891.pdf,,,SP,Trip.com Group Limited - American Depositary Shares (TCOM) [ST],Trip.com Group Limited - American Depositary Shares (TCOM) [ST],P,06/24/2025,08/13/2025,"$1,001 - $15,000",Filing Status: New Subholding Of: Charles Schwab Brokerage Account 924,"SP Trip.com Group Limited - American Depositary Shares (TCOM) [ST] P 06/24/2025 08/13/2025 $1,001 - $15,000 Filing Status: New Subholding Of: Charles Schwab Brokerage Account 924",,,False,100,TCOM,accepted,house_ptr_structure+v8_1,False,False,False,06/24/2025,False
20030891,Hon. Lisa McClain,Member,MI09,20030891.pdf,2025,653,SP,Troy Mich City SCH 5%36 Go UTX Due 05/01/36,Troy Mich City SCH 5%36 Go UTX Due 05/01/36,,,GS,P,2025-01-30,2025-08-13,15001.0,50000.0,,"$15,001 - $50,000",valid_range,New,Charles Schwab Brokerage Account 919,,,,73,73,table,False,False,,False,0,False,False,100,True,20,False,https://disclosures-clerk.house.gov/public_disc/ptr-pdfs/2025/20030891.pdf,,,SP,Troy Mich City SCH 5%36 Go UTX Due 05/01/36 [GS] Filing Status: New Subholding Of: Charles Schwab Brokera,Troy Mich City SCH 5%36 Go UTX Due 05/01/36 [GS],P age Account 919,01/30/2025,08/13/2025,"$15,001 - $50,000",,"SP Troy Mich City SCH 5%36 Go UTX Due 05/01/36 [GS] P 01/30/2025 08/13/2025 $15,001 - $50,000 Filing Status: New Subholding Of: Charles Schwab Brokerage Account 919",,,False,100,,not_applicable,,False,False,False,01/30/2025,False
20030891,Hon. Lisa McClain,Member,MI09,20030891.pdf,2025,654,SP,TROY MICH CITY SCH D GO 5% 05/01/2036 CALLABLE,TROY MICH CITY SCH D GO 5% 05/01/2036 CALLABLE,,,GS,S,2025-06-06,2025-08-13,15001.0,50000.0,,"$15,001 - $50,000",valid_range,New,Charles Schwab Brokerage Account 924,,,,73,73,table,False,False,,False,0,False,True,100,True,20,False,https://disclosures-clerk.house.gov/public_disc/ptr-pdfs/2025/20030891.pdf,,,SP,TROY MICH CITY SCH D GO 5% 05/01/2036 CALLABLE [GS],TROY MICH CITY SCH D GO 5% 05/01/2036 CALLABLE [GS],S,06/06/2025,08/13/2025,"$15,001 - $50,000",Filing Status: New Subholding Of: Charles Schwab Brokerage Account 924,"SP TROY MICH CITY SCH D GO 5% 05/01/2036 CALLABLE [GS] S 06/06/2025 08/13/2025 $15,001 - $50,000 Filing Status: New Subholding Of: Charles Schwab Brokerage Account 924",,,False,100,,not_applicable,,False,False,False,06/06/2025,False
20030891,Hon. Lisa McClain,Member,MI09,20030891.pdf,2025,655,SP,"Uber Technologies, Inc. Common Stock","Uber Technologies, Inc. Common Stock",UBER,UBER,ST,P,2025-02-21,2025-08-13,1001.0,15000.0,,"$1,001 - $15,000",valid_range,New,Charles Schwab Brokerage Account 548,,,,73,73,table,False,False,,False,0,False,False,100,True,20,False,https://disclosures-clerk.house.gov/public_disc/ptr-pdfs/2025/20030891.pdf,,,SP,"Uber Technologies, Inc. Common Stock (UBER) [ST] Filing Status: New Subholding Of: Charles Schwab Brokera","Uber Technologies, Inc. Common Stock (UBER) [ST]",P age Account 548,02/21/2025,08/13/2025,"$1,001 - $15,000",,"SP Uber Technologies, Inc. Common Stock (UBER) [ST] P 02/21/2025 08/13/2025 $1,001 - $15,000 Filing Status: New Subholding Of: Charles Schwab Brokerage Account 548",,,False,100,UBER,accepted,house_ptr_structure+v8_1,False,False,False,02/21/2025,False
20030891,Hon. Lisa McClain,Member,MI09,20030891.pdf,2025,656,SP,Unilever PLC Common Stock,Unilever PLC Common Stock,UL,UL,ST,P,2025-06-09,2025-08-13,1001.0,15000.0,,"$1,001 - $15,000",valid_range,New,Charles Schwab Brokerage Account 924,,,,73,73,table,False,False,,False,0,False,True,100,True,20,False,https://disclosures-clerk.house.gov/public_disc/ptr-pdfs/2025/20030891.pdf,,,SP,Unilever PLC Common Stock (UL) [ST],Unilever PLC Common Stock (UL) [ST],P,06/09/2025,08/13/2025,"$1,001 - $15,000",Filing Status: New Subholding Of: Charles Schwab Brokerage Account 924,"SP Unilever PLC Common Stock (UL) [ST] P 06/09/2025 08/13/2025 $1,001 - $15,000 Filing Status: New Subholding Of: Charles Schwab Brokerage Account 924",,,False,100,UL,accepted,house_ptr_structure+v8_1,False,False,False,06/09/2025,False
20030891,Hon. Lisa McClain,Member,MI09,20030891.pdf,2025,657,SP,Unilever PLC Common Stock,Unilever PLC Common Stock,UL,UL,ST,S (partial),2025-06-17,2025-08-13,1001.0,15000.0,,"$1,001 - $15,000",valid_range,New,Charles Schwab Brokerage Account 924,,,,73,73,table,False,False,,False,0,False,False,100,True,20,False,https://disclosures-clerk.house.gov/public_disc/ptr-pdfs/2025/20030891.pdf,,,SP,Unilever PLC Common Stock (UL) [ST] Filing Status: New Subholding Of: Charles Schwab Brokera,Unilever PLC Common Stock (UL) [ST],S (partial) age Account 924,06/17/2025,08/13/2025,"$1,001 - $15,000",,"SP Unilever PLC Common Stock (UL) [ST] S (partial) 06/17/2025 08/13/2025 $1,001 - $15,000 Filing Status: New Subholding Of: Charles Schwab Brokerage Account 924",,,False,100,UL,accepted,house_ptr_structure+v8_1,False,False,False,06/17/2025,False
20030891,Hon. Lisa McClain,Member,MI09,20030891.pdf,2025,658,SP,Unilever PLC Common Stock,Unilever PLC Common Stock,UL,UL,ST,P,2025-07-22,2025-08-13,1001.0,15000.0,,"$1,001 - $15,000",valid_range,New $200?,Charles Schwab Brokerage Account 924,,,,73,74,table,False,False,,True,0,False,True,98,True,20,False,https://disclosures-clerk.house.gov/public_disc/ptr-pdfs/2025/20030891.pdf,,,SP,Unilever PLC Common Stock (UL) [ST],Unilever PLC Common Stock (UL) [ST],P,07/22/2025,08/13/2025,"$1,001 - $15,000",Filing Status: New $200? Subholding Of: Charles Schwab Brokerage Account 924,"SP Unilever PLC Common Stock (UL) [ST] P 07/22/2025 08/13/2025 $1,001 - $15,000 Filing Status: New $200? Subholding Of: Charles Schwab Brokerage Account 924",,,False,98,UL,accepted,house_ptr_structure+v8_1,False,False,False,07/22/2025,False
20030891,Hon. Lisa McClain,Member,MI09,20030891.pdf,2025,659,SP,Union Pacific Corporation Common Stock,Union Pacific Corporation Common Stock,UNP,UNP,ST,P,2025-07-22,2025-08-13,1001.0,15000.0,,"$1,001 - $15,000",valid_range,New,Charles Schwab Brokerage Account 924,,,,74,74,table,False,False,,False,0,False,False,100,True,20,False,https://disclosures-clerk.house.gov/public_disc/ptr-pdfs/2025/20030891.pdf,,,SP,Union Pacific Corporation Common Stock (UNP) [ST] Filing Status: New Subholding Of: Charles Schwab Brokera,Union Pacific Corporation Common Stock (UNP) [ST],P age Account 924,07/22/2025,08/13/2025,"$1,001 - $15,000",,"SP Union Pacific Corporation Common Stock (UNP) [ST] P 07/22/2025 08/13/2025 $1,001 - $15,000 Filing Status: New Subholding Of: Charles Schwab Brokerage Account 924",,,False,100,UNP,accepted,house_ptr_structure+v8_1,False,False,False,07/22/2025,False
20030891,Hon. Lisa McClain,Member,MI09,20030891.pdf,2025,660,SP,"United Bankshares, Inc. - Common Stock","United Bankshares, Inc. - Common Stock",UBSI,UBSI,ST,S,2025-06-11,2025-08-13,1001.0,15000.0,,"$1,001 - $15,000",valid_range,New,Charles Schwab Brokerage Account 924,,,,74,74,table,False,False,,False,0,False,True,100,True,20,False,https://disclosures-clerk.house.gov/public_disc/ptr-pdfs/2025/20030891.pdf,,,SP,"United Bankshares, Inc. - Common Stock (UBSI) [ST]","United Bankshares, Inc. - Common Stock (UBSI) [ST]",S,06/11/2025,08/13/2025,"$1,001 - $15,000",Filing Status: New Subholding Of: Charles Schwab Brokerage Account 924,"SP United Bankshares, Inc. - Common Stock (UBSI) [ST] S 06/11/2025 08/13/2025 $1,001 - $15,000 Filing Status: New Subholding Of: Charles Schwab Brokerage Account 924",,,False,100,UBSI,accepted,house_ptr_structure+v8_1,False,False,False,06/11/2025,False
20030891,Hon. Lisa McClain,Member,MI09,20030891.pdf,2025,661,SP,"United Bankshares, Inc. - Common Stock","United Bankshares, Inc. - Common Stock",UBSI,UBSI,ST,P,2025-06-09,2025-08-13,1001.0,15000.0,,"$1,001 - $15,000",valid_range,New,Charles Schwab Brokerage Account 924,,,,74,74,table,False,False,,False,0,True,False,95,True,20,True,https://disclosures-clerk.house.gov/public_disc/ptr-pdfs/2025/20030891.pdf,low,adjacent transaction has same core signature,SP,"United Bankshares, Inc. - Common Stock (UBSI) [ST] Filing Status: New Subholding Of: Charles Schwab Brokera","United Bankshares, Inc. - Common Stock (UBSI) [ST]",P age Account 924,06/09/2025,08/13/2025,"$1,001 - $15,000",,"SP United Bankshares, Inc. - Common Stock (UBSI) [ST] P 06/09/2025 08/13/2025 $1,001 - $15,000 Filing Status: New Subholding Of: Charles Schwab Brokerage Account 924",adjacent transaction has same core signature,low,True,95,UBSI,accepted,house_ptr_structure+v8_1,False,False,False,06/09/2025,False
20030891,Hon. Lisa McClain,Member,MI09,20030891.pdf,2025,662,SP,"United Bankshares, Inc. - Common Stock","United Bankshares, Inc. - Common Stock",UBSI,UBSI,ST,P,2025-06-09,2025-08-13,1001.0,15000.0,,"$1,001 - $15,000",valid_range,New,Charles Schwab Brokerage Account 924,,,,74,74,table,False,False,,False,0,False,True,100,True,20,False,https://disclosures-clerk.house.gov/public_disc/ptr-pdfs/2025/20030891.pdf,,,SP,"United Bankshares, Inc. - Common Stock (UBSI) [ST]","United Bankshares, Inc. - Common Stock (UBSI) [ST]",P,06/09/2025,08/13/2025,"$1,001 - $15,000",Filing Status: New Subholding Of: Charles Schwab Brokerage Account 924,"SP United Bankshares, Inc. - Common Stock (UBSI) [ST] P 06/09/2025 08/13/2025 $1,001 - $15,000 Filing Status: New Subholding Of: Charles Schwab Brokerage Account 924",,,False,100,UBSI,accepted,house_ptr_structure+v8_1,False,False,False,06/09/2025,False
20030891,Hon. Lisa McClain,Member,MI09,20030891.pdf,2025,663,SP,"United Parcel Service, Inc. Common Stock","United Parcel Service, Inc. Common Stock",UPS,UPS,ST,P,2025-06-17,2025-08-13,1001.0,15000.0,,"$1,001 - $15,000",valid_range,New,Charles Schwab Brokerage Account 924,,,,74,74,table,False,False,,False,0,False,False,100,True,20,False,https://disclosures-clerk.house.gov/public_disc/ptr-pdfs/2025/20030891.pdf,,,SP,"United Parcel Service, Inc. Common Stock (UPS) [ST] Filing Status: New Subholding Of: Charles Schwab Brokera","United Parcel Service, Inc. Common Stock (UPS) [ST]",P age Account 924,06/17/2025,08/13/2025,"$1,001 - $15,000",,"SP United Parcel Service, Inc. Common Stock (UPS) [ST] P 06/17/2025 08/13/2025 $1,001 - $15,000 Filing Status: New Subholding Of: Charles Schwab Brokerage Account 924",,,False,100,UPS,accepted,house_ptr_structure+v8_1,False,False,False,06/17/2025,False
20030891,Hon. Lisa McClain,Member,MI09,20030891.pdf,2025,664,SP,"United Parcel Service, Inc. Common Stock","United Parcel Service, Inc. Common Stock",UPS,UPS,ST,S,2025-07-16,2025-08-13,1001.0,15000.0,,"$1,001 - $15,000",valid_range,New,Charles Schwab Brokerage Account 924,,,,74,74,table,False,False,,False,0,False,True,100,True,20,False,https://disclosures-clerk.house.gov/public_disc/ptr-pdfs/2025/20030891.pdf,,,SP,"United Parcel Service, Inc. Common Stock (UPS) [ST]","United Parcel Service, Inc. Common Stock (UPS) [ST]",S,07/16/2025,08/13/2025,"$1,001 - $15,000",Filing Status: New Subholding Of: Charles Schwab Brokerage Account 924,"SP United Parcel Service, Inc. Common Stock (UPS) [ST] S 07/16/2025 08/13/2025 $1,001 - $15,000 Filing Status: New Subholding Of: Charles Schwab Brokerage Account 924",,,False,100,UPS,accepted,house_ptr_structure+v8_1,False,False,False,07/16/2025,False
20030891,Hon. Lisa McClain,Member,MI09,20030891.pdf,2025,665,SP,United States Steel Corporation Common Stock,United States Steel Corporation Common Stock,X,X,ST,S,2025-06-20,2025-08-13,1001.0,15000.0,,"$1,001 - $15,000",valid_range,New,Charles Schwab Brokerage Account 924,,,,74,74,table,False,False,,False,0,False,False,100,True,20,False,https://disclosures-clerk.house.gov/public_disc/ptr-pdfs/2025/20030891.pdf,,,SP,United States Steel Corporation Common Stock (X) [ST] Filing Status: New Subholding Of: Charles Schwab Brokera,United States Steel Corporation Common Stock (X) [ST],S age Account 924,06/20/2025,08/13/2025,"$1,001 - $15,000",,"SP United States Steel Corporation Common Stock (X) [ST] S 06/20/2025 08/13/2025 $1,001 - $15,000 Filing Status: New Subholding Of: Charles Schwab Brokerage Account 924",,,False,100,X,accepted,house_ptr_structure+v8_1,False,False,False,06/20/2025,False
20030891,Hon. Lisa McClain,Member,MI09,20030891.pdf,2025,666,SP,United States Steel Corporation Common Stock,United States Steel Corporation Common Stock,X,X,ST,P,2025-06-11,2025-08-13,1001.0,15000.0,,"$1,001 - $15,000",valid_range,New,Charles Schwab Brokerage Account 924,,,,74,74,table,False,False,,False,0,False,True,100,True,20,False,https://disclosures-clerk.house.gov/public_disc/ptr-pdfs/2025/20030891.pdf,,,SP,United States Steel Corporation Common Stock (X) [ST],United States Steel Corporation Common Stock (X) [ST],P,06/11/2025,08/13/2025,"$1,001 - $15,000",Filing Status: New Subholding Of: Charles Schwab Brokerage Account 924,"SP United States Steel Corporation Common Stock (X) [ST] P 06/11/2025 08/13/2025 $1,001 - $15,000 Filing Status: New Subholding Of: Charles Schwab Brokerage Account 924",,,False,100,X,accepted,house_ptr_structure+v8_1,False,False,False,06/11/2025,False
20030891,Hon. Lisa McClain,Member,MI09,20030891.pdf,2025,667,SP,United Therapeutics Corporation - Common Stock,United Therapeutics Corporation - Common Stock,UTHR,UTHR,ST,P,2025-06-11,2025-08-13,1001.0,15000.0,,"$1,001 - $15,000",valid_range,New,Charles Schwab Brokerage Account 924,,,,74,75,table,False,False,,True,0,False,False,98,True,20,False,https://disclosures-clerk.house.gov/public_disc/ptr-pdfs/2025/20030891.pdf,,,SP,United Therapeutics Corporation - Common Stock (UTHR) [ST] Filing Status: New,United Therapeutics Corporation - Common Stock (UTHR) [ST] Subholding Of: Charles Schwab Brokerage Account 924,P,06/11/2025,08/13/2025,"$1,001 - $15,000",Subholding Of: Charles Schwab Brokerage Account 924,"SP United Therapeutics Corporation - Common Stock (UTHR) [ST] P 06/11/2025 08/13/2025 $1,001 - $15,000 Filing Status: New Subholding Of: Charles Schwab Brokerage Account 924",,,False,98,UTHR,accepted,house_ptr_structure+v8_1,False,False,False,06/11/2025,False
20030891,Hon. Lisa McClain,Member,MI09,20030891.pdf,2025,668,SP,UnitedHealth Group Incorporated Common Stock,UnitedHealth Group Incorporated Common Stock,UNH,UNH,ST,P,2025-06-17,2025-08-13,1001.0,15000.0,,"$1,001 - $15,000",valid_range,New,Charles Schwab Brokerage Account 924,,,,75,75,table,False,False,,False,0,False,True,100,True,20,False,https://disclosures-clerk.house.gov/public_disc/ptr-pdfs/2025/20030891.pdf,,,SP,UnitedHealth Group Incorporated Common Stock (UNH) [ST],UnitedHealth Group Incorporated Common Stock (UNH) [ST],P,06/17/2025,08/13/2025,"$1,001 - $15,000",Filing Status: New Subholding Of: Charles Schwab Brokerage Account 924,"SP UnitedHealth Group Incorporated Common Stock (UNH) [ST] P 06/17/2025 08/13/2025 $1,001 - $15,000 Filing Status: New Subholding Of: Charles Schwab Brokerage Account 924",,,False,100,UNH,accepted,house_ptr_structure+v8_1,False,False,False,06/17/2025,False
20030891,Hon. Lisa McClain,Member,MI09,20030891.pdf,2025,669,SP,UnitedHealth Group Incorporated Common Stock,UnitedHealth Group Incorporated Common Stock,UNH,UNH,ST,S,2025-06-24,2025-08-13,1001.0,15000.0,,"$1,001 - $15,000",valid_range,New,Charles Schwab Brokerage Account 924,,,,75,75,table,False,False,,False,0,False,False,100,True,20,False,https://disclosures-clerk.house.gov/public_disc/ptr-pdfs/2025/20030891.pdf,,,SP,UnitedHealth Group Incorporated Common Stock (UNH) [ST] Filing Status: New Subholding Of: Charles Schwab Brokera,UnitedHealth Group Incorporated Common Stock (UNH) [ST],S age Account 924,06/24/2025,08/13/2025,"$1,001 - $15,000",,"SP UnitedHealth Group Incorporated Common Stock (UNH) [ST] S 06/24/2025 08/13/2025 $1,001 - $15,000 Filing Status: New Subholding Of: Charles Schwab Brokerage Account 924",,,False,100,UNH,accepted,house_ptr_structure+v8_1,False,False,False,06/24/2025,False
20030891,Hon. Lisa McClain,Member,MI09,20030891.pdf,2025,670,SP,Unum Group Common Stock,Unum Group Common Stock,UNM,UNM,ST,S,2025-06-17,2025-08-13,1001.0,15000.0,,"$1,001 - $15,000",valid_range,New,Charles Schwab Brokerage Account 924,,,,75,75,table,False,False,,False,0,False,True,100,True,20,False,https://disclosures-clerk.house.gov/public_disc/ptr-pdfs/2025/20030891.pdf,,,SP,Unum Group Common Stock (UNM) [ST],Unum Group Common Stock (UNM) [ST],S,06/17/2025,08/13/2025,"$1,001 - $15,000",Filing Status: New Subholding Of: Charles Schwab Brokerage Account 924,"SP Unum Group Common Stock (UNM) [ST] S 06/17/2025 08/13/2025 $1,001 - $15,000 Filing Status: New Subholding Of: Charles Schwab Brokerage Account 924",,,False,100,UNM,accepted,house_ptr_structure+v8_1,False,False,False,06/17/2025,False
20030891,Hon. Lisa McClain,Member,MI09,20030891.pdf,2025,671,SP,Unum Group Common Stock,Unum Group Common Stock,UNM,UNM,ST,P,2025-06-11,2025-08-13,1001.0,15000.0,,"$1,001 - $15,000",valid_range,New,Charles Schwab Brokerage Account 924,,,,75,75,table,False,False,,False,0,False,False,100,True,20,False,https://disclosures-clerk.house.gov/public_disc/ptr-pdfs/2025/20030891.pdf,,,SP,Unum Group Common Stock (UNM) [ST] Filing Status: New Subholding Of: Charles Schwab Brokera,Unum Group Common Stock (UNM) [ST],P age Account 924,06/11/2025,08/13/2025,"$1,001 - $15,000",,"SP Unum Group Common Stock (UNM) [ST] P 06/11/2025 08/13/2025 $1,001 - $15,000 Filing Status: New Subholding Of: Charles Schwab Brokerage Account 924",,,False,100,UNM,accepted,house_ptr_structure+v8_1,False,False,False,06/11/2025,False
20030891,Hon. Lisa McClain,Member,MI09,20030891.pdf,2025,672,SP,Urban Edge Properties Common Shares of Beneficial Interest,Urban Edge Properties Common Shares of Beneficial Interest,UE,UE,ST,P,2025-06-17,2025-08-13,1001.0,15000.0,,"$1,001 - $15,000",valid_range,New,Charles Schwab Brokerage Account 924,,,,75,75,table,False,False,,False,0,False,True,100,True,20,False,https://disclosures-clerk.house.gov/public_disc/ptr-pdfs/2025/20030891.pdf,,,SP,Urban Edge Properties Common Shares of Beneficial Interest (UE) [ST],Urban Edge Properties Common Shares of Beneficial Interest (UE) [ST],P,06/17/2025,08/13/2025,"$1,001 - $15,000",Filing Status: New Subholding Of: Charles Schwab Brokerage Account 924,"SP Urban Edge Properties Common Shares of Beneficial Interest (UE) [ST] P 06/17/2025 08/13/2025 $1,001 - $15,000 Filing Status: New Subholding Of: Charles Schwab Brokerage Account 924",,,False,100,UE,accepted,house_ptr_structure+v8_1,False,False,False,06/17/2025,False
20030891,Hon. Lisa McClain,Member,MI09,20030891.pdf,2025,673,SP,US Foods Holding Corp. Common Stock,US Foods Holding Corp. Common Stock,USFD,USFD,ST,P,2025-07-10,2025-08-13,1001.0,15000.0,,"$1,001 - $15,000",valid_range,New,Charles Schwab Brokerage Account 924,,,,75,75,table,False,False,,False,0,False,False,100,True,20,False,https://disclosures-clerk.house.gov/public_disc/ptr-pdfs/2025/20030891.pdf,,,SP,US Foods Holding Corp. Common Stock (USFD) [ST] Filing Status: New Subholding Of: Charles Schwab Brokera,US Foods Holding Corp. Common Stock (USFD) [ST],P age Account 924,07/10/2025,08/13/2025,"$1,001 - $15,000",,"SP US Foods Holding Corp. Common Stock (USFD) [ST] P 07/10/2025 08/13/2025 $1,001 - $15,000 Filing Status: New Subholding Of: Charles Schwab Brokerage Account 924",,,False,100,USFD,accepted,house_ptr_structure+v8_1,False,False,False,07/10/2025,False
20030891,Hon. Lisa McClain,Member,MI09,20030891.pdf,2025,674,SP,VALE S.A. American Depositary Shares Each Representing one common share,VALE S.A. American Depositary Shares Each Representing one common share,VALE,VALE,ST,P,2025-06-24,2025-08-13,1001.0,15000.0,,"$1,001 - $15,000",valid_range,New,Charles Schwab Brokerage Account 924,,,,75,75,table,False,False,,False,0,False,True,100,True,20,False,https://disclosures-clerk.house.gov/public_disc/ptr-pdfs/2025/20030891.pdf,,,SP,VALE S.A. American Depositary Shares Each Representing one common share (VALE) [ST],VALE S.A. American Depositary Shares Each Representing one common share (VALE) [ST],P,06/24/2025,08/13/2025,"$1,001 - $15,000",Filing Status: New Subholding Of: Charles Schwab Brokerage Account 924,"SP VALE S.A. American Depositary Shares Each Representing one common share (VALE) [ST] P 06/24/2025 08/13/2025 $1,001 - $15,000 Filing Status: New Subholding Of: Charles Schwab Brokerage Account 924",,,False,100,VALE,accepted,house_ptr_structure+v8_1,False,False,False,06/24/2025,False
20030891,Hon. Lisa McClain,Member,MI09,20030891.pdf,2025,675,SP,"Veris Residential, Inc. Common Stock","Veris Residential, Inc. Common Stock",VRE,VRE,ST,S,2025-06-17,2025-08-13,1001.0,15000.0,,"$1,001 - $15,000",valid_range,New,Charles Schwab Brokerage Account 924,,,,75,75,table,False,False,,False,0,False,False,100,True,20,False,https://disclosures-clerk.house.gov/public_disc/ptr-pdfs/2025/20030891.pdf,,,SP,"Veris Residential, Inc. Common Stock (VRE) [ST] Filing Status: New Subholding Of: Charles Schwab Brokera","Veris Residential, Inc. Common Stock (VRE) [ST]",S age Account 924,06/17/2025,08/13/2025,"$1,001 - $15,000",,"SP Veris Residential, Inc. Common Stock (VRE) [ST] S 06/17/2025 08/13/2025 $1,001 - $15,000 Filing Status: New Subholding Of: Charles Schwab Brokerage Account 924",,,False,100,VRE,accepted,house_ptr_structure+v8_1,False,False,False,06/17/2025,False
20030891,Hon. Lisa McClain,Member,MI09,20030891.pdf,2025,676,SP,"Veris Residential, Inc. Common Stock","Veris Residential, Inc. Common Stock",VRE,VRE,ST,P,2025-06-11,2025-08-13,15001.0,50000.0,,"$15,001 - $50,000",valid_range,New,Charles Schwab Brokerage Account 924,,,,75,76,table,False,False,,True,0,False,True,98,True,20,False,https://disclosures-clerk.house.gov/public_disc/ptr-pdfs/2025/20030891.pdf,,,SP,"Veris Residential, Inc. Common Stock (VRE) [ST]","Veris Residential, Inc. Common Stock (VRE) [ST]",P,06/11/2025,08/13/2025,"$15,001 - $50,000",Filing Status: New Subholding Of: Charles Schwab Brokerage Account 924,"SP Veris Residential, Inc. Common Stock (VRE) [ST] P 06/11/2025 08/13/2025 $15,001 - $50,000 Filing Status: New Subholding Of: Charles Schwab Brokerage Account 924",,,False,98,VRE,accepted,house_ptr_structure+v8_1,False,False,False,06/11/2025,False
20030891,Hon. Lisa McClain,Member,MI09,20030891.pdf,2025,677,SP,"VeriSign, Inc. - Common Stock","VeriSign, Inc. - Common Stock",VRSN,VRSN,ST,P,2025-06-17,2025-08-13,1001.0,15000.0,,"$1,001 - $15,000",valid_range,New,Charles Schwab Brokerage Account 924,,,,76,76,table,False,False,,False,0,False,False,100,True,20,False,https://disclosures-clerk.house.gov/public_disc/ptr-pdfs/2025/20030891.pdf,,,SP,"VeriSign, Inc. - Common Stock (VRSN) [ST] Filing Status: New Subholding Of: Charles Schwab Brokera","VeriSign, Inc. - Common Stock (VRSN) [ST]",P age Account 924,06/17/2025,08/13/2025,"$1,001 - $15,000",,"SP VeriSign, Inc. - Common Stock (VRSN) [ST] P 06/17/2025 08/13/2025 $1,001 - $15,000 Filing Status: New Subholding Of: Charles Schwab Brokerage Account 924",,,False,100,VRSN,accepted,house_ptr_structure+v8_1,False,False,False,06/17/2025,False
20030891,Hon. Lisa McClain,Member,MI09,20030891.pdf,2025,678,SP,"VeriSign, Inc. - Common Stock","VeriSign, Inc. - Common Stock",VRSN,VRSN,ST,S,2025-06-24,2025-08-13,1001.0,15000.0,,"$1,001 - $15,000",valid_range,New,Charles Schwab Brokerage Account 924,,,,76,76,table,False,False,,False,0,False,True,100,True,20,False,https://disclosures-clerk.house.gov/public_disc/ptr-pdfs/2025/20030891.pdf,,,SP,"VeriSign, Inc. - Common Stock (VRSN) [ST]","VeriSign, Inc. - Common Stock (VRSN) [ST]",S,06/24/2025,08/13/2025,"$1,001 - $15,000",Filing Status: New Subholding Of: Charles Schwab Brokerage Account 924,"SP VeriSign, Inc. - Common Stock (VRSN) [ST] S 06/24/2025 08/13/2025 $1,001 - $15,000 Filing Status: New Subholding Of: Charles Schwab Brokerage Account 924",,,False,100,VRSN,accepted,house_ptr_structure+v8_1,False,False,False,06/24/2025,False
20030891,Hon. Lisa McClain,Member,MI09,20030891.pdf,2025,679,SP,Verizon Communications Inc. Common Stock,Verizon Communications Inc. Common Stock,VZ,VZ,ST,S,2025-07-10,2025-08-13,1001.0,15000.0,,"$1,001 - $15,000",valid_range,New,Charles Schwab Brokerage Account 924,,,,76,76,table,False,False,,False,0,False,False,100,True,20,False,https://disclosures-clerk.house.gov/public_disc/ptr-pdfs/2025/20030891.pdf,,,SP,Verizon Communications Inc. Common Stock (VZ) [ST] Filing Status: New Subholding Of: Charles Schwab Brokera,Verizon Communications Inc. Common Stock (VZ) [ST],S age Account 924,07/10/2025,08/13/2025,"$1,001 - $15,000",,"SP Verizon Communications Inc. Common Stock (VZ) [ST] S 07/10/2025 08/13/2025 $1,001 - $15,000 Filing Status: New Subholding Of: Charles Schwab Brokerage Account 924",,,False,100,VZ,accepted,house_ptr_structure+v8_1,False,False,False,07/10/2025,False
20030891,Hon. Lisa McClain,Member,MI09,20030891.pdf,2025,680,SP,Verizon Communications Inc. Common Stock,Verizon Communications Inc. Common Stock,VZ,VZ,ST,P,2025-06-24,2025-08-13,1001.0,15000.0,,"$1,001 - $15,000",valid_range,New,Charles Schwab Brokerage Account 924,,,,76,76,table,False,False,,False,0,False,True,100,True,20,False,https://disclosures-clerk.house.gov/public_disc/ptr-pdfs/2025/20030891.pdf,,,SP,Verizon Communications Inc. Common Stock (VZ) [ST],Verizon Communications Inc. Common Stock (VZ) [ST],P,06/24/2025,08/13/2025,"$1,001 - $15,000",Filing Status: New Subholding Of: Charles Schwab Brokerage Account 924,"SP Verizon Communications Inc. Common Stock (VZ) [ST] P 06/24/2025 08/13/2025 $1,001 - $15,000 Filing Status: New Subholding Of: Charles Schwab Brokerage Account 924",,,False,100,VZ,accepted,house_ptr_structure+v8_1,False,False,False,06/24/2025,False
20030891,Hon. Lisa McClain,Member,MI09,20030891.pdf,2025,681,SP,Vertex Pharmaceuticals Incorporated - Common Stock,Vertex Pharmaceuticals Incorporated - Common Stock,VRTX,VRTX,ST,P,2024-12-11,2025-08-11,1001.0,15000.0,,"$1,001 - $15,000",valid_range,New,Charles Schwab Brokerage Account 548,,,,76,76,table,False,False,,False,0,False,False,100,True,20,False,https://disclosures-clerk.house.gov/public_disc/ptr-pdfs/2025/20030891.pdf,,,SP,Vertex Pharmaceuticals Incorporated - Common Stock (VRTX) [ST] Filing Status: New Subholding Of: Charles Schwab Brokera,Vertex Pharmaceuticals Incorporated - Common Stock (VRTX) [ST],P age Account 548,12/11/2024,08/11/2025,"$1,001 - $15,000",,"SP Vertex Pharmaceuticals Incorporated - Common Stock (VRTX) [ST] P 12/11/2024 08/11/2025 $1,001 - $15,000 Filing Status: New Subholding Of: Charles Schwab Brokerage Account 548",,,False,100,VRTX,accepted,house_ptr_structure+v8_1,False,False,False,12/11/2024,False
20030891,Hon. Lisa McClain,Member,MI09,20030891.pdf,2025,682,SP,Vertex Pharmaceuticals Incorporated - Common Stock,Vertex Pharmaceuticals Incorporated - Common Stock,VRTX,VRTX,ST,S,2025-06-11,2025-08-13,1001.0,15000.0,,"$1,001 - $15,000",valid_range,New,Charles Schwab Brokerage Account 924,,,,76,76,table,False,False,,False,0,False,True,100,True,20,False,https://disclosures-clerk.house.gov/public_disc/ptr-pdfs/2025/20030891.pdf,,,SP,Vertex Pharmaceuticals Incorporated - Common Stock (VRTX) [ST],Vertex Pharmaceuticals Incorporated - Common Stock (VRTX) [ST],S,06/11/2025,08/13/2025,"$1,001 - $15,000",Filing Status: New Subholding Of: Charles Schwab Brokerage Account 924,"SP Vertex Pharmaceuticals Incorporated - Common Stock (VRTX) [ST] S 06/11/2025 08/13/2025 $1,001 - $15,000 Filing Status: New Subholding Of: Charles Schwab Brokerage Account 924",,,False,100,VRTX,accepted,house_ptr_structure+v8_1,False,False,False,06/11/2025,False
20030891,Hon. Lisa McClain,Member,MI09,20030891.pdf,2025,683,SP,Vertex Pharmaceuticals Incorporated - Common Stock,Vertex Pharmaceuticals Incorporated - Common Stock,VRTX,VRTX,ST,S (partial),2025-06-10,2025-08-13,1001.0,15000.0,,"$1,001 - $15,000",valid_range,New,Charles Schwab Brokerage Account 924,,,,76,76,table,False,False,,False,0,False,False,100,True,20,False,https://disclosures-clerk.house.gov/public_disc/ptr-pdfs/2025/20030891.pdf,,,SP,Vertex Pharmaceuticals Incorporated - Common Stock (VRTX) [ST] Filing Status: New Subholding Of: Charles Schwab Brokera,Vertex Pharmaceuticals Incorporated - Common Stock (VRTX) [ST],S (partial) age Account 924,06/10/2025,08/13/2025,"$1,001 - $15,000",,"SP Vertex Pharmaceuticals Incorporated - Common Stock (VRTX) [ST] S (partial) 06/10/2025 08/13/2025 $1,001 - $15,000 Filing Status: New Subholding Of: Charles Schwab Brokerage Account 924",,,False,100,VRTX,accepted,house_ptr_structure+v8_1,False,False,False,06/10/2025,False
20030891,Hon. Lisa McClain,Member,MI09,20030891.pdf,2025,684,SP,"Vertiv Holdings, LLC Class A Common Stock","Vertiv Holdings, LLC Class A Common Stock",VRT,VRT,ST,S (partial),2025-06-10,2025-08-13,1001.0,15000.0,,"$1,001 - $15,000",valid_range,New,Charles Schwab Brokerage Account 924,,,,76,76,table,False,False,,False,0,False,True,100,True,20,False,https://disclosures-clerk.house.gov/public_disc/ptr-pdfs/2025/20030891.pdf,,,SP,"Vertiv Holdings, LLC Class A Common Stock (VRT) [ST]","Vertiv Holdings, LLC Class A Common Stock (VRT) [ST]",S (partial),06/10/2025,08/13/2025,"$1,001 - $15,000",Filing Status: New Subholding Of: Charles Schwab Brokerage Account 924,"SP Vertiv Holdings, LLC Class A Common Stock (VRT) [ST] S (partial) 06/10/2025 08/13/2025 $1,001 - $15,000 Filing Status: New Subholding Of: Charles Schwab Brokerage Account 924",,,False,100,VRT,accepted,house_ptr_structure+v8_1,False,False,False,06/10/2025,False
20030891,Hon. Lisa McClain,Member,MI09,20030891.pdf,2025,685,SP,"Vertiv Holdings, LLC Class A Common Stock","Vertiv Holdings, LLC Class A Common Stock",VRT,VRT,ST,P,2025-03-20,2025-08-13,1001.0,15000.0,,"$1,001 - $15,000",valid_range,New,Charles Schwab Brokerage Account 548,,,,76,77,table,False,False,,True,0,False,False,98,True,20,False,https://disclosures-clerk.house.gov/public_disc/ptr-pdfs/2025/20030891.pdf,,,SP,"Vertiv Holdings, LLC Class A Common Stock (VRT) [ST]","Vertiv Holdings, LLC Class A Common Stock (VRT) [ST]",P,03/20/2025,08/13/2025,"$1,001 - $15,000",Filing Status: New Subholding Of: Charles Schwab Brokerage Account 548,"SP Vertiv Holdings, LLC Class A Common Stock (VRT) [ST] P 03/20/2025 08/13/2025 $1,001 - $15,000 Filing Status: New Subholding Of: Charles Schwab Brokerage Account 548",,,False,98,VRT,accepted,house_ptr_structure+v8_1,False,False,False,03/20/2025,False
20030891,Hon. Lisa McClain,Member,MI09,20030891.pdf,2025,686,SP,"Viper Energy, Inc. - Class A Common Stock","Viper Energy, Inc. - Class A Common Stock",VNOM,VNOM,ST,P,2025-06-24,2025-08-13,1001.0,15000.0,,"$1,001 - $15,000",valid_range,New,Charles Schwab Brokerage Account 924,,,,77,77,table,False,False,,False,0,False,True,100,True,20,False,https://disclosures-clerk.house.gov/public_disc/ptr-pdfs/2025/20030891.pdf,,,SP,"Viper Energy, Inc. - Class A Common Stock (VNOM) [ST]","Viper Energy, Inc. - Class A Common Stock (VNOM) [ST]",P,06/24/2025,08/13/2025,"$1,001 - $15,000",Filing Status: New Subholding Of: Charles Schwab Brokerage Account 924,"SP Viper Energy, Inc. - Class A Common Stock (VNOM) [ST] P 06/24/2025 08/13/2025 $1,001 - $15,000 Filing Status: New Subholding Of: Charles Schwab Brokerage Account 924",,,False,100,VNOM,accepted,house_ptr_structure+v8_1,False,False,False,06/24/2025,False
20030891,Hon. Lisa McClain,Member,MI09,20030891.pdf,2025,687,SP,"Viper Energy, Inc. - Class A Common Stock","Viper Energy, Inc. - Class A Common Stock",VNOM,VNOM,ST,S,2025-07-10,2025-08-13,1001.0,15000.0,,"$1,001 - $15,000",valid_range,New,Charles Schwab Brokerage Account 924,,,,77,77,table,False,False,,False,0,False,False,100,True,20,False,https://disclosures-clerk.house.gov/public_disc/ptr-pdfs/2025/20030891.pdf,,,SP,"Viper Energy, Inc. - Class A Common Stock (VNOM) [ST] Filing Status: New Subholding Of: Charles Schwab Brokera","Viper Energy, Inc. - Class A Common Stock (VNOM) [ST]",S age Account 924,07/10/2025,08/13/2025,"$1,001 - $15,000",,"SP Viper Energy, Inc. - Class A Common Stock (VNOM) [ST] S 07/10/2025 08/13/2025 $1,001 - $15,000 Filing Status: New Subholding Of: Charles Schwab Brokerage Account 924",,,False,100,VNOM,accepted,house_ptr_structure+v8_1,False,False,False,07/10/2025,False
20030891,Hon. Lisa McClain,Member,MI09,20030891.pdf,2025,688,SP,Visa Inc.,Visa Inc.,V,V,ST,P,2024-12-11,2025-08-11,1001.0,15000.0,,"$1,001 - $15,000",valid_range,New,Charles Schwab Brokerage Account 548,,,,77,77,table,False,False,,False,0,False,True,100,True,20,False,https://disclosures-clerk.house.gov/public_disc/ptr-pdfs/2025/20030891.pdf,,,SP,Visa Inc. (V) [ST],Visa Inc. (V) [ST],P,12/11/2024,08/11/2025,"$1,001 - $15,000",Filing Status: New Subholding Of: Charles Schwab Brokerage Account 548,"SP Visa Inc. (V) [ST] P 12/11/2024 08/11/2025 $1,001 - $15,000 Filing Status: New Subholding Of: Charles Schwab Brokerage Account 548",,,False,100,V,accepted,house_ptr_structure+v8_1,False,False,False,12/11/2024,False
20030891,Hon. Lisa McClain,Member,MI09,20030891.pdf,2025,689,SP,Vistra Corp. Common Stock,Vistra Corp. Common Stock,VST,VST,ST,P,2025-06-17,2025-08-13,1001.0,15000.0,,"$1,001 - $15,000",valid_range,New,Charles Schwab Brokerage Account 924,,,,77,77,table,False,False,,False,0,False,False,100,True,20,False,https://disclosures-clerk.house.gov/public_disc/ptr-pdfs/2025/20030891.pdf,,,SP,Vistra Corp. Common Stock (VST) [ST] Filing Status: New Subholding Of: Charles Schwab Brokera,Vistra Corp. Common Stock (VST) [ST],P age Account 924,06/17/2025,08/13/2025,"$1,001 - $15,000",,"SP Vistra Corp. Common Stock (VST) [ST] P 06/17/2025 08/13/2025 $1,001 - $15,000 Filing Status: New Subholding Of: Charles Schwab Brokerage Account 924",,,False,100,VST,accepted,house_ptr_structure+v8_1,False,False,False,06/17/2025,False
20030891,Hon. Lisa McClain,Member,MI09,20030891.pdf,2025,690,SP,Vontier Corporation Common Stock,Vontier Corporation Common Stock,VNT,VNT,ST,P,2025-06-09,2025-08-13,1001.0,15000.0,,"$1,001 - $15,000",valid_range,New,Charles Schwab Brokerage Account 924,,,,77,77,table,False,False,,False,0,False,True,100,True,20,False,https://disclosures-clerk.house.gov/public_disc/ptr-pdfs/2025/20030891.pdf,,,SP,Vontier Corporation Common Stock (VNT) [ST],Vontier Corporation Common Stock (VNT) [ST],P,06/09/2025,08/13/2025,"$1,001 - $15,000",Filing Status: New Subholding Of: Charles Schwab Brokerage Account 924,"SP Vontier Corporation Common Stock (VNT) [ST] P 06/09/2025 08/13/2025 $1,001 - $15,000 Filing Status: New Subholding Of: Charles Schwab Brokerage Account 924",,,False,100,VNT,accepted,house_ptr_structure+v8_1,False,False,False,06/09/2025,False
20030891,Hon. Lisa McClain,Member,MI09,20030891.pdf,2025,691,SP,Vontier Corporation Common Stock,Vontier Corporation Common Stock,VNT,VNT,ST,S,2025-06-10,2025-08-13,1001.0,15000.0,,"$1,001 - $15,000",valid_range,New,Charles Schwab Brokerage Account 924,,,,77,77,table,False,False,,False,0,False,False,100,True,20,False,https://disclosures-clerk.house.gov/public_disc/ptr-pdfs/2025/20030891.pdf,,,SP,Vontier Corporation Common Stock (VNT) [ST] Filing Status: New Subholding Of: Charles Schwab Brokera,Vontier Corporation Common Stock (VNT) [ST],S age Account 924,06/10/2025,08/13/2025,"$1,001 - $15,000",,"SP Vontier Corporation Common Stock (VNT) [ST] S 06/10/2025 08/13/2025 $1,001 - $15,000 Filing Status: New Subholding Of: Charles Schwab Brokerage Account 924",,,False,100,VNT,accepted,house_ptr_structure+v8_1,False,False,False,06/10/2025,False
20030891,Hon. Lisa McClain,Member,MI09,20030891.pdf,2025,692,SP,"Voya Financial, Inc. Common Stock","Voya Financial, Inc. Common Stock",VOYA,VOYA,ST,S,2025-06-17,2025-08-13,1001.0,15000.0,,"$1,001 - $15,000",valid_range,New,Charles Schwab Brokerage Account 924,,,,77,77,table,False,False,,False,0,False,True,100,True,20,False,https://disclosures-clerk.house.gov/public_disc/ptr-pdfs/2025/20030891.pdf,,,SP,"Voya Financial, Inc. Common Stock (VOYA) [ST]","Voya Financial, Inc. Common Stock (VOYA) [ST]",S,06/17/2025,08/13/2025,"$1,001 - $15,000",Filing Status: New Subholding Of: Charles Schwab Brokerage Account 924,"SP Voya Financial, Inc. Common Stock (VOYA) [ST] S 06/17/2025 08/13/2025 $1,001 - $15,000 Filing Status: New Subholding Of: Charles Schwab Brokerage Account 924",,,False,100,VOYA,accepted,house_ptr_structure+v8_1,False,False,False,06/17/2025,False
20030891,Hon. Lisa McClain,Member,MI09,20030891.pdf,2025,693,SP,"Voya Financial, Inc. Common Stock","Voya Financial, Inc. Common Stock",VOYA,VOYA,ST,P,2025-06-11,2025-08-13,1001.0,15000.0,,"$1,001 - $15,000",valid_range,New,Charles Schwab Brokerage Account 924,,,,77,77,table,False,False,,False,0,False,False,100,True,20,False,https://disclosures-clerk.house.gov/public_disc/ptr-pdfs/2025/20030891.pdf,,,SP,"Voya Financial, Inc. Common Stock (VOYA) [ST] Filing Status: New Subholding Of: Charles Schwab Brokera","Voya Financial, Inc. Common Stock (VOYA) [ST]",P age Account 924,06/11/2025,08/13/2025,"$1,001 - $15,000",,"SP Voya Financial, Inc. Common Stock (VOYA) [ST] P 06/11/2025 08/13/2025 $1,001 - $15,000 Filing Status: New Subholding Of: Charles Schwab Brokerage Account 924",,,False,100,VOYA,accepted,house_ptr_structure+v8_1,False,False,False,06/11/2025,False
20030891,Hon. Lisa McClain,Member,MI09,20030891.pdf,2025,694,SP,W. P. Carey Inc. REIT,W. P. Carey Inc. REIT,WPC,WPC,ST,S,2025-07-16,2025-08-13,1001.0,15000.0,,"$1,001 - $15,000",valid_range,New $200?,Charles Schwab Brokerage Account 924,,,,77,78,table,False,False,,True,0,False,True,98,True,20,False,https://disclosures-clerk.house.gov/public_disc/ptr-pdfs/2025/20030891.pdf,,,SP,W. P. Carey Inc. REIT (WPC) [ST],W. P. Carey Inc. REIT (WPC) [ST],S,07/16/2025,08/13/2025,"$1,001 - $15,000",Filing Status: New $200? Subholding Of: Charles Schwab Brokerage Account 924,"SP W. P. Carey Inc. REIT (WPC) [ST] S 07/16/2025 08/13/2025 $1,001 - $15,000 Filing Status: New $200? Subholding Of: Charles Schwab Brokerage Account 924",,,False,98,WPC,accepted,house_ptr_structure+v8_1,False,False,False,07/16/2025,False
20030891,Hon. Lisa McClain,Member,MI09,20030891.pdf,2025,695,SP,W. P. Carey Inc. REIT,W. P. Carey Inc. REIT,WPC,WPC,ST,P,2025-07-10,2025-08-13,1001.0,15000.0,,"$1,001 - $15,000",valid_range,New,Charles Schwab Brokerage Account 924,,,,78,78,table,False,False,,False,0,False,False,100,True,20,False,https://disclosures-clerk.house.gov/public_disc/ptr-pdfs/2025/20030891.pdf,,,SP,W. P. Carey Inc. REIT (WPC) [ST] Filing Status: New Subholding Of: Charles Schwab Brokera,W. P. Carey Inc. REIT (WPC) [ST],P age Account 924,07/10/2025,08/13/2025,"$1,001 - $15,000",,"SP W. P. Carey Inc. REIT (WPC) [ST] P 07/10/2025 08/13/2025 $1,001 - $15,000 Filing Status: New Subholding Of: Charles Schwab Brokerage Account 924",,,False,100,WPC,accepted,house_ptr_structure+v8_1,False,False,False,07/10/2025,False
20030891,Hon. Lisa McClain,Member,MI09,20030891.pdf,2025,696,SP,W.R. Berkley Corporation Common Stock,W.R. Berkley Corporation Common Stock,WRB,WRB,ST,P,2025-07-16,2025-08-13,1001.0,15000.0,,"$1,001 - $15,000",valid_range,New,Charles Schwab Brokerage Account 924,,,,78,78,table,False,False,,False,0,False,True,100,True,20,False,https://disclosures-clerk.house.gov/public_disc/ptr-pdfs/2025/20030891.pdf,,,SP,W.R. Berkley Corporation Common Stock (WRB) [ST],W.R. Berkley Corporation Common Stock (WRB) [ST],P,07/16/2025,08/13/2025,"$1,001 - $15,000",Filing Status: New Subholding Of: Charles Schwab Brokerage Account 924,"SP W.R. Berkley Corporation Common Stock (WRB) [ST] P 07/16/2025 08/13/2025 $1,001 - $15,000 Filing Status: New Subholding Of: Charles Schwab Brokerage Account 924",,,False,100,WRB,accepted,house_ptr_structure+v8_1,False,False,False,07/16/2025,False
20030891,Hon. Lisa McClain,Member,MI09,20030891.pdf,2025,697,SP,Walmart Inc. Common Stock,Walmart Inc. Common Stock,WMT,WMT,ST,P,2025-06-17,2025-08-13,1001.0,15000.0,,"$1,001 - $15,000",valid_range,New,Charles Schwab Brokerage Account 924,,,,78,78,table,False,False,,False,0,False,False,100,True,20,False,https://disclosures-clerk.house.gov/public_disc/ptr-pdfs/2025/20030891.pdf,,,SP,Walmart Inc. Common Stock (WMT) [ST] Filing Status: New Subholding Of: Charles Schwab Brokera,Walmart Inc. Common Stock (WMT) [ST],P age Account 924,06/17/2025,08/13/2025,"$1,001 - $15,000",,"SP Walmart Inc. Common Stock (WMT) [ST] P 06/17/2025 08/13/2025 $1,001 - $15,000 Filing Status: New Subholding Of: Charles Schwab Brokerage Account 924",,,False,100,WMT,accepted,house_ptr_structure+v8_1,False,False,False,06/17/2025,False
20030891,Hon. Lisa McClain,Member,MI09,20030891.pdf,2025,698,SP,"Waste Management, Inc. Common Stock","Waste Management, Inc. Common Stock",WM,WM,ST,P,2025-06-17,2025-08-13,1001.0,15000.0,,"$1,001 - $15,000",valid_range,New,Charles Schwab Brokerage Account 924,,,,78,78,table,False,False,,False,0,False,True,100,True,20,False,https://disclosures-clerk.house.gov/public_disc/ptr-pdfs/2025/20030891.pdf,,,SP,"Waste Management, Inc. Common Stock (WM) [ST]","Waste Management, Inc. Common Stock (WM) [ST]",P,06/17/2025,08/13/2025,"$1,001 - $15,000",Filing Status: New Subholding Of: Charles Schwab Brokerage Account 924,"SP Waste Management, Inc. Common Stock (WM) [ST] P 06/17/2025 08/13/2025 $1,001 - $15,000 Filing Status: New Subholding Of: Charles Schwab Brokerage Account 924",,,False,100,WM,accepted,house_ptr_structure+v8_1,False,False,False,06/17/2025,False
20030891,Hon. Lisa McClain,Member,MI09,20030891.pdf,2025,699,SP,"Waste Management, Inc. Common Stock","Waste Management, Inc. Common Stock",WM,WM,ST,S,2025-06-24,2025-08-13,1001.0,15000.0,,"$1,001 - $15,000",valid_range,New,Charles Schwab Brokerage Account 924,,,,78,78,table,False,False,,False,0,False,False,100,True,20,False,https://disclosures-clerk.house.gov/public_disc/ptr-pdfs/2025/20030891.pdf,,,SP,"Waste Management, Inc. Common Stock (WM) [ST] Filing Status: New Subholding Of: Charles Schwab Brokera","Waste Management, Inc. Common Stock (WM) [ST]",S age Account 924,06/24/2025,08/13/2025,"$1,001 - $15,000",,"SP Waste Management, Inc. Common Stock (WM) [ST] S 06/24/2025 08/13/2025 $1,001 - $15,000 Filing Status: New Subholding Of: Charles Schwab Brokerage Account 924",,,False,100,WM,accepted,house_ptr_structure+v8_1,False,False,False,06/24/2025,False
20030891,Hon. Lisa McClain,Member,MI09,20030891.pdf,2025,700,SP,Waters Corporation Common Stock,Waters Corporation Common Stock,WAT,WAT,ST,S,2025-07-22,2025-08-13,1001.0,15000.0,,"$1,001 - $15,000",valid_range,New,Charles Schwab Brokerage Account 924,,,,78,78,table,False,False,,False,0,False,True,100,True,20,False,https://disclosures-clerk.house.gov/public_disc/ptr-pdfs/2025/20030891.pdf,,,SP,Waters Corporation Common Stock (WAT) [ST],Waters Corporation Common Stock (WAT) [ST],S,07/22/2025,08/13/2025,"$1,001 - $15,000",Filing Status: New Subholding Of: Charles Schwab Brokerage Account 924,"SP Waters Corporation Common Stock (WAT) [ST] S 07/22/2025 08/13/2025 $1,001 - $15,000 Filing Status: New Subholding Of: Charles Schwab Brokerage Account 924",,,False,100,WAT,accepted,house_ptr_structure+v8_1,False,False,False,07/22/2025,False
20030891,Hon. Lisa McClain,Member,MI09,20030891.pdf,2025,701,SP,Waters Corporation Common Stock,Waters Corporation Common Stock,WAT,WAT,ST,P,2025-07-16,2025-08-13,1001.0,15000.0,,"$1,001 - $15,000",valid_range,New,Charles Schwab Brokerage Account 924,,,,78,78,table,False,False,,False,0,False,False,100,True,20,False,https://disclosures-clerk.house.gov/public_disc/ptr-pdfs/2025/20030891.pdf,,,SP,Waters Corporation Common Stock (WAT) [ST] Filing Status: New Subholding Of: Charles Schwab Brokera,Waters Corporation Common Stock (WAT) [ST],P age Account 924,07/16/2025,08/13/2025,"$1,001 - $15,000",,"SP Waters Corporation Common Stock (WAT) [ST] P 07/16/2025 08/13/2025 $1,001 - $15,000 Filing Status: New Subholding Of: Charles Schwab Brokerage Account 924",,,False,100,WAT,accepted,house_ptr_structure+v8_1,False,False,False,07/16/2025,False
20030891,Hon. Lisa McClain,Member,MI09,20030891.pdf,2025,702,SP,"Watsco, Inc. Common Stock","Watsco, Inc. Common Stock",WSO,WSO,ST,P,2025-06-17,2025-08-13,1001.0,15000.0,,"$1,001 - $15,000",valid_range,New,Charles Schwab Brokerage Account 924,,,,78,78,table,False,False,,False,0,False,True,100,True,20,False,https://disclosures-clerk.house.gov/public_disc/ptr-pdfs/2025/20030891.pdf,,,SP,"Watsco, Inc. Common Stock (WSO) [ST]","Watsco, Inc. Common Stock (WSO) [ST]",P,06/17/2025,08/13/2025,"$1,001 - $15,000",Filing Status: New Subholding Of: Charles Schwab Brokerage Account 924,"SP Watsco, Inc. Common Stock (WSO) [ST] P 06/17/2025 08/13/2025 $1,001 - $15,000 Filing Status: New Subholding Of: Charles Schwab Brokerage Account 924",,,False,100,WSO,accepted,house_ptr_structure+v8_1,False,False,False,06/17/2025,False
20030891,Hon. Lisa McClain,Member,MI09,20030891.pdf,2025,703,SP,WD-40 Company - Common Stock,WD-40 Company - Common Stock,WDFC,WDFC,ST,S,2025-07-22,2025-08-13,1001.0,15000.0,,"$1,001 - $15,000",valid_range,New,Charles Schwab Brokerage Account 924,,,,78,78,table,False,False,,False,0,False,False,100,True,20,False,https://disclosures-clerk.house.gov/public_disc/ptr-pdfs/2025/20030891.pdf,,,SP,WD-40 Company - Common Stock (WDFC) [ST] Filing Status: New Subholding Of: Charles Schwab Brokera,WD-40 Company - Common Stock (WDFC) [ST],S age Account 924,07/22/2025,08/13/2025,"$1,001 - $15,000",,"SP WD-40 Company - Common Stock (WDFC) [ST] S 07/22/2025 08/13/2025 $1,001 - $15,000 Filing Status: New Subholding Of: Charles Schwab Brokerage Account 924",,,False,100,WDFC,accepted,house_ptr_structure+v8_1,False,False,False,07/22/2025,False
20030891,Hon. Lisa McClain,Member,MI09,20030891.pdf,2025,704,SP,WD-40 Company - Common Stock,WD-40 Company - Common Stock,WDFC,WDFC,ST,P,2025-07-16,2025-08-13,1001.0,15000.0,,"$1,001 - $15,000",valid_range,New,Charles Schwab Brokerage Account 924,,,,79,79,table,False,False,,False,0,False,True,100,True,20,False,https://disclosures-clerk.house.gov/public_disc/ptr-pdfs/2025/20030891.pdf,,,SP,WD-40 Company - Common Stock (WDFC) [ST],WD-40 Company - Common Stock (WDFC) [ST],P,07/16/2025,08/13/2025,"$1,001 - $15,000",Filing Status: New Subholding Of: Charles Schwab Brokerage Account 924,"SP WD-40 Company - Common Stock (WDFC) [ST] P 07/16/2025 08/13/2025 $1,001 - $15,000 Filing Status: New Subholding Of: Charles Schwab Brokerage Account 924",,,False,100,WDFC,accepted,house_ptr_structure+v8_1,False,False,False,07/16/2025,False
20030891,Hon. Lisa McClain,Member,MI09,20030891.pdf,2025,705,SP,"West Pharmaceutical Services, Inc. Common Stock","West Pharmaceutical Services, Inc. Common Stock",WST,WST,ST,S,2025-07-22,2025-08-13,1001.0,15000.0,,"$1,001 - $15,000",valid_range,New,Charles Schwab Brokerage Account 924,,,,79,79,table,False,False,,False,0,False,False,100,True,20,False,https://disclosures-clerk.house.gov/public_disc/ptr-pdfs/2025/20030891.pdf,,,SP,"West Pharmaceutical Services, Inc. Common Stock (WST) [ST] Filing Status: New Subholding Of: Charles Schwab Brokera","West Pharmaceutical Services, Inc. Common Stock (WST) [ST]",S age Account 924,07/22/2025,08/13/2025,"$1,001 - $15,000",,"SP West Pharmaceutical Services, Inc. Common Stock (WST) [ST] S 07/22/2025 08/13/2025 $1,001 - $15,000 Filing Status: New Subholding Of: Charles Schwab Brokerage Account 924",,,False,100,WST,accepted,house_ptr_structure+v8_1,False,False,False,07/22/2025,False
20030891,Hon. Lisa McClain,Member,MI09,20030891.pdf,2025,706,SP,"West Pharmaceutical Services, Inc. Common Stock","West Pharmaceutical Services, Inc. Common Stock",WST,WST,ST,P,2025-06-17,2025-08-13,1001.0,15000.0,,"$1,001 - $15,000",valid_range,New,Charles Schwab Brokerage Account 924,,,,79,79,table,False,False,,False,0,False,True,100,True,20,False,https://disclosures-clerk.house.gov/public_disc/ptr-pdfs/2025/20030891.pdf,,,SP,"West Pharmaceutical Services, Inc. Common Stock (WST) [ST]","West Pharmaceutical Services, Inc. Common Stock (WST) [ST]",P,06/17/2025,08/13/2025,"$1,001 - $15,000",Filing Status: New Subholding Of: Charles Schwab Brokerage Account 924,"SP West Pharmaceutical Services, Inc. Common Stock (WST) [ST] P 06/17/2025 08/13/2025 $1,001 - $15,000 Filing Status: New Subholding Of: Charles Schwab Brokerage Account 924",,,False,100,WST,accepted,house_ptr_structure+v8_1,False,False,False,06/17/2025,False
20030891,Hon. Lisa McClain,Member,MI09,20030891.pdf,2025,707,SP,Western Alliance Bancorporation Common Stock,Western Alliance Bancorporation Common Stock,WAL,WAL,ST,P,2025-07-16,2025-08-13,1001.0,15000.0,,"$1,001 - $15,000",valid_range,New,Charles Schwab Brokerage Account 924,,,,79,79,table,False,False,,False,0,False,False,100,True,20,False,https://disclosures-clerk.house.gov/public_disc/ptr-pdfs/2025/20030891.pdf,,,SP,Western Alliance Bancorporation Common Stock (WAL) [ST] Filing Status: New Subholding Of: Charles Schwab Brokera,Western Alliance Bancorporation Common Stock (WAL) [ST],P age Account 924,07/16/2025,08/13/2025,"$1,001 - $15,000",,"SP Western Alliance Bancorporation Common Stock (WAL) [ST] P 07/16/2025 08/13/2025 $1,001 - $15,000 Filing Status: New Subholding Of: Charles Schwab Brokerage Account 924",,,False,100,WAL,accepted,house_ptr_structure+v8_1,False,False,False,07/16/2025,False
20030891,Hon. Lisa McClain,Member,MI09,20030891.pdf,2025,708,SP,Western Alliance Bancorporation Common Stock,Western Alliance Bancorporation Common Stock,WAL,WAL,ST,S,2025-07-22,2025-08-13,1001.0,15000.0,,"$1,001 - $15,000",valid_range,New,Charles Schwab Brokerage Account 924,,,,79,79,table,False,False,,False,0,False,True,100,True,20,False,https://disclosures-clerk.house.gov/public_disc/ptr-pdfs/2025/20030891.pdf,,,SP,Western Alliance Bancorporation Common Stock (WAL) [ST],Western Alliance Bancorporation Common Stock (WAL) [ST],S,07/22/2025,08/13/2025,"$1,001 - $15,000",Filing Status: New Subholding Of: Charles Schwab Brokerage Account 924,"SP Western Alliance Bancorporation Common Stock (WAL) [ST] S 07/22/2025 08/13/2025 $1,001 - $15,000 Filing Status: New Subholding Of: Charles Schwab Brokerage Account 924",,,False,100,WAL,accepted,house_ptr_structure+v8_1,False,False,False,07/22/2025,False
20030891,Hon. Lisa McClain,Member,MI09,20030891.pdf,2025,709,SP,Whirlpool Corporation Common Stock,Whirlpool Corporation Common Stock,WHR,WHR,ST,P,2025-07-22,2025-08-13,1001.0,15000.0,,"$1,001 - $15,000",valid_range,New,Charles Schwab Brokerage Account 924,,,,79,79,table,False,False,,False,0,False,False,100,True,20,False,https://disclosures-clerk.house.gov/public_disc/ptr-pdfs/2025/20030891.pdf,,,SP,Whirlpool Corporation Common Stock (WHR) [ST] Filing Status: New Subholding Of: Charles Schwab Brokera,Whirlpool Corporation Common Stock (WHR) [ST],P age Account 924,07/22/2025,08/13/2025,"$1,001 - $15,000",,"SP Whirlpool Corporation Common Stock (WHR) [ST] P 07/22/2025 08/13/2025 $1,001 - $15,000 Filing Status: New Subholding Of: Charles Schwab Brokerage Account 924",,,False,100,WHR,accepted,house_ptr_structure+v8_1,False,False,False,07/22/2025,False
20030891,Hon. Lisa McClain,Member,MI09,20030891.pdf,2025,710,SP,"Williams Companies, Inc.","Williams Companies, Inc.",WMB,WMB,ST,S,2025-07-10,2025-08-13,1001.0,15000.0,,"$1,001 - $15,000",valid_range,New,Charles Schwab Brokerage Account 924,,,,79,79,table,False,False,,False,0,False,True,100,True,20,False,https://disclosures-clerk.house.gov/public_disc/ptr-pdfs/2025/20030891.pdf,,,SP,"Williams Companies, Inc. (WMB) [ST]","Williams Companies, Inc. (WMB) [ST]",S,07/10/2025,08/13/2025,"$1,001 - $15,000",Filing Status: New Subholding Of: Charles Schwab Brokerage Account 924,"SP Williams Companies, Inc. (WMB) [ST] S 07/10/2025 08/13/2025 $1,001 - $15,000 Filing Status: New Subholding Of: Charles Schwab Brokerage Account 924",,,False,100,WMB,accepted,house_ptr_structure+v8_1,False,False,False,07/10/2025,False
20030891,Hon. Lisa McClain,Member,MI09,20030891.pdf,2025,711,SP,"Williams Companies, Inc.","Williams Companies, Inc.",WMB,WMB,ST,P,2025-02-24,2025-08-13,1001.0,15000.0,,"$1,001 - $15,000",valid_range,New,Charles Schwab Brokerage Account 548,,,,79,79,table,False,False,,False,0,False,False,100,True,20,False,https://disclosures-clerk.house.gov/public_disc/ptr-pdfs/2025/20030891.pdf,,,SP,"Williams Companies, Inc. (WMB) [ST] Filing Status: New Subholding Of: Charles Schwab Brokera","Williams Companies, Inc. (WMB) [ST]",P age Account 548,02/24/2025,08/13/2025,"$1,001 - $15,000",,"SP Williams Companies, Inc. (WMB) [ST] P 02/24/2025 08/13/2025 $1,001 - $15,000 Filing Status: New Subholding Of: Charles Schwab Brokerage Account 548",,,False,100,WMB,accepted,house_ptr_structure+v8_1,False,False,False,02/24/2025,False
20030891,Hon. Lisa McClain,Member,MI09,20030891.pdf,2025,712,SP,"Workday, Inc. - Class A Common Stock","Workday, Inc. - Class A Common Stock",WDAY,WDAY,ST,P,2025-03-21,2025-08-13,1001.0,15000.0,,"$1,001 - $15,000",valid_range,New,Charles Schwab Brokerage Account 548 Type Date p Gains > $200?,,,,79,80,table,False,False,,True,0,False,True,98,True,20,False,https://disclosures-clerk.house.gov/public_disc/ptr-pdfs/2025/20030891.pdf,,,SP,"Workday, Inc. - Class A Common Stock (WDAY) [ST]","Workday, Inc. - Class A Common Stock (WDAY) [ST]",P,03/21/2025,08/13/2025,"$1,001 - $15,000",Filing Status: New Subholding Of: Charles Schwab Brokerage Account 548 Type Date p Gains > $200?,"SP Workday, Inc. - Class A Common Stock (WDAY) [ST] P 03/21/2025 08/13/2025 $1,001 - $15,000 Filing Status: New Subholding Of: Charles Schwab Brokerage Account 548 Type Date p Gains > $200?",,,False,98,WDAY,accepted,house_ptr_structure+v8_1,False,False,False,03/21/2025,False
20030891,Hon. Lisa McClain,Member,MI09,20030891.pdf,2025,713,SP,"Workday, Inc. - Class A Common Stock","Workday, Inc. - Class A Common Stock",WDAY,WDAY,ST,S (partial),2025-06-17,2025-08-13,1001.0,15000.0,,"$1,001 - $15,000",valid_range,New,Charles Schwab Brokerage Account 924,,,,80,80,table,False,False,,False,0,False,False,100,True,20,False,https://disclosures-clerk.house.gov/public_disc/ptr-pdfs/2025/20030891.pdf,,,SP,"Workday, Inc. - Class A Common Stock (WDAY) [ST] Filing Status: New Subholding Of: Charles Schwab Brokera","Workday, Inc. - Class A Common Stock (WDAY) [ST]",S (partial) age Account 924,06/17/2025,08/13/2025,"$1,001 - $15,000",,"SP Workday, Inc. - Class A Common Stock (WDAY) [ST] S (partial) 06/17/2025 08/13/2025 $1,001 - $15,000 Filing Status: New Subholding Of: Charles Schwab Brokerage Account 924",,,False,100,WDAY,accepted,house_ptr_structure+v8_1,False,False,False,06/17/2025,False
20030891,Hon. Lisa McClain,Member,MI09,20030891.pdf,2025,714,SP,WSFS Financial Corporation - Common Stock,WSFS Financial Corporation - Common Stock,WSFS,WSFS,ST,P,2025-06-17,2025-08-13,1001.0,15000.0,,"$1,001 - $15,000",valid_range,New,Charles Schwab Brokerage Account 924,,,,80,80,table,False,False,,False,0,False,True,100,True,20,False,https://disclosures-clerk.house.gov/public_disc/ptr-pdfs/2025/20030891.pdf,,,SP,WSFS Financial Corporation - Common Stock (WSFS) [ST],WSFS Financial Corporation - Common Stock (WSFS) [ST],P,06/17/2025,08/13/2025,"$1,001 - $15,000",Filing Status: New Subholding Of: Charles Schwab Brokerage Account 924,"SP WSFS Financial Corporation - Common Stock (WSFS) [ST] P 06/17/2025 08/13/2025 $1,001 - $15,000 Filing Status: New Subholding Of: Charles Schwab Brokerage Account 924",,,False,100,WSFS,accepted,house_ptr_structure+v8_1,False,False,False,06/17/2025,False
20030891,Hon. Lisa McClain,Member,MI09,20030891.pdf,2025,715,SP,"Wynn Resorts, Limited - Common Stock","Wynn Resorts, Limited - Common Stock",WYNN,WYNN,ST,P,2025-06-09,2025-08-13,1001.0,15000.0,,"$1,001 - $15,000",valid_range,New,Charles Schwab Brokerage Account 924,,,,80,80,table,False,False,,False,0,False,False,100,True,20,False,https://disclosures-clerk.house.gov/public_disc/ptr-pdfs/2025/20030891.pdf,,,SP,"Wynn Resorts, Limited - Common Stock (WYNN) [ST] Filing Status: New Subholding Of: Charles Schwab Brokera","Wynn Resorts, Limited - Common Stock (WYNN) [ST]",P age Account 924,06/09/2025,08/13/2025,"$1,001 - $15,000",,"SP Wynn Resorts, Limited - Common Stock (WYNN) [ST] P 06/09/2025 08/13/2025 $1,001 - $15,000 Filing Status: New Subholding Of: Charles Schwab Brokerage Account 924",,,False,100,WYNN,accepted,house_ptr_structure+v8_1,False,False,False,06/09/2025,False
20030891,Hon. Lisa McClain,Member,MI09,20030891.pdf,2025,716,SP,Wyoming Mich Pub SC 4%35 GO UTX Due 05/31/35,Wyoming Mich Pub SC 4%35 GO UTX Due 05/31/35,,,GS,P,2025-02-12,2025-08-13,15001.0,50000.0,,"$15,001 - $50,000",valid_range,New,Charles Schwab Brokerage Account 919,,,,80,80,table,False,False,,False,0,False,True,100,True,20,False,https://disclosures-clerk.house.gov/public_disc/ptr-pdfs/2025/20030891.pdf,,,SP,Wyoming Mich Pub SC 4%35 GO UTX Due 05/31/35 [GS],Wyoming Mich Pub SC 4%35 GO UTX Due 05/31/35 [GS],P,02/12/2025,08/13/2025,"$15,001 - $50,000",Filing Status: New Subholding Of: Charles Schwab Brokerage Account 919,"SP Wyoming Mich Pub SC 4%35 GO UTX Due 05/31/35 [GS] P 02/12/2025 08/13/2025 $15,001 - $50,000 Filing Status: New Subholding Of: Charles Schwab Brokerage Account 919",,,False,100,,not_applicable,,False,False,False,02/12/2025,False
20030891,Hon. Lisa McClain,Member,MI09,20030891.pdf,2025,717,SP,WYOMING MICH PUB SCH GO 4% 05/01/2035 CALLABLE,WYOMING MICH PUB SCH GO 4% 05/01/2035 CALLABLE,,,GS,S,2024-06-06,2025-08-13,1001.0,15000.0,,"$1,001 - $15,000",valid_range,New,Charles Schwab Brokerage Account 924,,,,80,80,table,False,False,,False,0,False,False,100,True,20,False,https://disclosures-clerk.house.gov/public_disc/ptr-pdfs/2025/20030891.pdf,,,SP,WYOMING MICH PUB SCH GO 4% 05/01/2035 CALLABLE [GS] Filing Status: New Subholding Of: Charles Schwab Brokera,WYOMING MICH PUB SCH GO 4% 05/01/2035 CALLABLE [GS],S age Account 924,06/06/2024,08/13/2025,"$1,001 - $15,000",,"SP WYOMING MICH PUB SCH GO 4% 05/01/2035 CALLABLE [GS] S 06/06/2024 08/13/2025 $1,001 - $15,000 Filing Status: New Subholding Of: Charles Schwab Brokerage Account 924",,,False,100,,not_applicable,,False,False,False,06/06/2024,False
20030891,Hon. Lisa McClain,Member,MI09,20030891.pdf,2025,718,SP,"XPO, Inc. Common Stock","XPO, Inc. Common Stock",XPO,XPO,ST,P,2025-07-22,2025-08-13,1001.0,15000.0,,"$1,001 - $15,000",valid_range,New,Charles Schwab Brokerage Account 924,,,,80,80,table,False,False,,False,0,False,True,100,True,20,False,https://disclosures-clerk.house.gov/public_disc/ptr-pdfs/2025/20030891.pdf,,,SP,"XPO, Inc. Common Stock (XPO) [ST]","XPO, Inc. Common Stock (XPO) [ST]",P,07/22/2025,08/13/2025,"$1,001 - $15,000",Filing Status: New Subholding Of: Charles Schwab Brokerage Account 924,"SP XPO, Inc. Common Stock (XPO) [ST] P 07/22/2025 08/13/2025 $1,001 - $15,000 Filing Status: New Subholding Of: Charles Schwab Brokerage Account 924",,,False,100,XPO,accepted,house_ptr_structure+v8_1,False,False,False,07/22/2025,False
20030891,Hon. Lisa McClain,Member,MI09,20030891.pdf,2025,719,SP,"Yum! Brands, Inc.","Yum! Brands, Inc.",YUM,YUM,ST,P,2025-06-24,2025-08-13,1001.0,15000.0,,"$1,001 - $15,000",valid_range,New,Charles Schwab Brokerage Account 924,,,,80,80,table,False,False,,False,0,False,False,100,True,20,False,https://disclosures-clerk.house.gov/public_disc/ptr-pdfs/2025/20030891.pdf,,,SP,"Yum! Brands, Inc. (YUM) [ST] Filing Status: New Subholding Of: Charles Schwab Brokera","Yum! Brands, Inc. (YUM) [ST]",P age Account 924,06/24/2025,08/13/2025,"$1,001 - $15,000",,"SP Yum! Brands, Inc. (YUM) [ST] P 06/24/2025 08/13/2025 $1,001 - $15,000 Filing Status: New Subholding Of: Charles Schwab Brokerage Account 924",,,False,100,YUM,accepted,house_ptr_structure+v8_1,False,False,False,06/24/2025,False
20030891,Hon. Lisa McClain,Member,MI09,20030891.pdf,2025,720,SP,Zoetis Inc. Class A Common Stock,Zoetis Inc. Class A Common Stock,ZTS,ZTS,ST,S,2025-01-15,2025-08-13,1001.0,15000.0,,"$1,001 - $15,000",valid_range,New,Charles Schwab Brokerage Account 548,,,,80,80,table,False,False,,False,0,False,True,100,True,20,False,https://disclosures-clerk.house.gov/public_disc/ptr-pdfs/2025/20030891.pdf,,,SP,Zoetis Inc. Class A Common Stock (ZTS) [ST],Zoetis Inc. Class A Common Stock (ZTS) [ST],S,01/15/2025,08/13/2025,"$1,001 - $15,000",Filing Status: New Subholding Of: Charles Schwab Brokerage Account 548,"SP Zoetis Inc. Class A Common Stock (ZTS) [ST] S 01/15/2025 08/13/2025 $1,001 - $15,000 Filing Status: New Subholding Of: Charles Schwab Brokerage Account 548",,,False,100,ZTS,accepted,house_ptr_structure+v8_1,False,False,False,01/15/2025,False
20030891,Hon. Lisa McClain,Member,MI09,20030891.pdf,2025,721,SP,Zoetis Inc. Class A Common Stock,Zoetis Inc. Class A Common Stock,ZTS,ZTS,ST,P,2024-12-11,2025-08-11,1001.0,15000.0,,"$1,001 - $15,000",valid_range,New,Charles Schwab Brokerage Account 548,,,,80,80,table,False,False,,False,0,False,False,100,True,20,False,https://disclosures-clerk.house.gov/public_disc/ptr-pdfs/2025/20030891.pdf,,,SP,Zoetis Inc. Class A Common Stock (ZTS) [ST] Filing Status: New Subholding Of: Charles Schwab Brokera,Zoetis Inc. Class A Common Stock (ZTS) [ST],P age Account 548,12/11/2024,08/11/2025,"$1,001 - $15,000",,"SP Zoetis Inc. Class A Common Stock (ZTS) [ST] P 12/11/2024 08/11/2025 $1,001 - $15,000 Filing Status: New Subholding Of: Charles Schwab Brokerage Account 548",,,False,100,ZTS,accepted,house_ptr_structure+v8_1,False,False,False,12/11/2024,False
20030891,Hon. Lisa McClain,Member,MI09,20030891.pdf,2025,722,SP,Zoetis Inc. Class A Common Stock,Zoetis Inc. Class A Common Stock,ZTS,ZTS,ST,P,2025-07-22,2025-08-13,1001.0,15000.0,,"$1,001 - $15,000",valid_range,New,Charles Schwab Brokerage Account 924,,,,81,81,table,False,False,,False,0,False,True,100,True,20,False,https://disclosures-clerk.house.gov/public_disc/ptr-pdfs/2025/20030891.pdf,,,SP,Zoetis Inc. Class A Common Stock (ZTS) [ST],Zoetis Inc. Class A Common Stock (ZTS) [ST],P,07/22/2025,08/13/2025,"$1,001 - $15,000",Filing Status: New Subholding Of: Charles Schwab Brokerage Account 924,"SP Zoetis Inc. Class A Common Stock (ZTS) [ST] P 07/22/2025 08/13/2025 $1,001 - $15,000 Filing Status: New Subholding Of: Charles Schwab Brokerage Account 924",,,False,100,ZTS,accepted,house_ptr_structure+v8_1,False,False,False,07/22/2025,False
