filing_id,politician,member_status,state_district,source_pdf,source_year,transaction_number_in_filing,owner,asset_v8_2_cleaned,asset_v8_1,ticker_v8_2_cleaned,ticker_v8_1,asset_type,transaction_type,transaction_date,notification_date,amount_min,amount_max,amount_exact,amount_category,amount_status,filing_status,subholding,location,description,comments,page,last_page,page_parse_method,page_recovery_used,filing_page_completeness_issue,suspected_missed_pages,page_continuation_used,duplicate_geometry_rows_merged,possible_adjacent_same_signature,row_shaded,geometry_quality_score,unicode_repair_applied,unicode_repair_count,needs_review,original_pdf_url,review_level,review_reason,owner_raw,asset_raw,asset_lookup_context,transaction_type_raw,transaction_date_raw,notification_date_raw,amount_raw,continuation_raw,detail_raw,review_reason_v8_1,review_level_v8_1,needs_review_v8_1,geometry_quality_score_v8_1,ticker_candidate_raw,ticker_parse_status,ticker_validation_source,ticker_changed,asset_changed_by_ticker_resolver,raw_date_has_extra_text,raw_date_prefix,date_prefix_disagrees,amount_exact_before_p2,amount_status_before_p2
20030338,Hon. Josh Gottheimer,Member,NJ05,20030338.pdf,2025,1,JT,3M Company Common Stock,3M Company Common Stock,MMM,MMM,ST,P,2025-04-05,2025-05-12,1001.0,15000.0,,"$1,001 - $15,000",valid_range,New,Morgan Stanley - Select UMA Account # 1,,,,1,1,table,False,False,,False,0,False,False,100,True,20,False,https://disclosures-clerk.house.gov/public_disc/ptr-pdfs/2025/20030338.pdf,,,JT,3M Company Common Stock (MMM) [ST] Filing Status: New Subholding Of: Morgan Stanley - Select,3M Company Common Stock (MMM) [ST],P UMA Account # 1,04/05/2025 1,05/12/2025,"$1,001 - $15,000",,"JT 3M Company Common Stock (MMM) [ST] P 04/05/2025 05/12/2025 $1,001 - $15,000 Filing Status: New Subholding Of: Morgan Stanley - Select UMA Account # 1",,,False,100,MMM,accepted,house_ptr_structure+v8_1,False,False,True,04/05/2025,False,,valid_range
20030338,Hon. Josh Gottheimer,Member,NJ05,20030338.pdf,2025,2,JT,AbbVie Inc. Common Stock,AbbVie Inc. Common Stock,ABBV,ABBV,ST,P,2025-04-03,2025-05-12,1001.0,15000.0,,"$1,001 - $15,000",valid_range,New,Morgan Stanley - Select UMA Account # 1,,,,1,1,table,False,False,,False,0,False,True,100,True,20,False,https://disclosures-clerk.house.gov/public_disc/ptr-pdfs/2025/20030338.pdf,,,JT,AbbVie Inc. Common Stock (ABBV) [ST],AbbVie Inc. Common Stock (ABBV) [ST],P,04/03/2025,05/12/2025,"$1,001 - $15,000",Filing Status: New Subholding Of: Morgan Stanley - Select UMA Account # 1,"JT AbbVie Inc. Common Stock (ABBV) [ST] P 04/03/2025 05/12/2025 $1,001 - $15,000 Filing Status: New Subholding Of: Morgan Stanley - Select UMA Account # 1",,,False,100,ABBV,accepted,house_ptr_structure+v8_1,False,False,False,04/03/2025,False,,valid_range
20030338,Hon. Josh Gottheimer,Member,NJ05,20030338.pdf,2025,3,JT,AbbVie Inc. Common Stock,AbbVie Inc. Common Stock,ABBV,ABBV,ST,P,2025-04-01,2025-05-12,1001.0,15000.0,,"$1,001 - $15,000",valid_range,New,Morgan Stanley - Select UMA Account # 1,,,,1,1,table,False,False,,False,0,False,False,100,True,20,False,https://disclosures-clerk.house.gov/public_disc/ptr-pdfs/2025/20030338.pdf,,,JT,AbbVie Inc. Common Stock (ABBV) [ST] Filing Status: New Subholding Of: Morgan Stanley - Select,AbbVie Inc. Common Stock (ABBV) [ST],P UMA Account # 1,04/01/2025 1,05/12/2025,"$1,001 - $15,000",,"JT AbbVie Inc. Common Stock (ABBV) [ST] P 04/01/2025 05/12/2025 $1,001 - $15,000 Filing Status: New Subholding Of: Morgan Stanley - Select UMA Account # 1",,,False,100,ABBV,accepted,house_ptr_structure+v8_1,False,False,True,04/01/2025,False,,valid_range
20030338,Hon. Josh Gottheimer,Member,NJ05,20030338.pdf,2025,4,JT,AbbVie Inc. Common Stock,AbbVie Inc. Common Stock,ABBV,ABBV,ST,S,2025-04-17,2025-05-13,1001.0,15000.0,,"$1,001 - $15,000",valid_range,New,Morgan Stanley - Select UMA Account # 1,,,,1,1,table,False,False,,False,0,False,True,100,True,20,False,https://disclosures-clerk.house.gov/public_disc/ptr-pdfs/2025/20030338.pdf,,,JT,AbbVie Inc. Common Stock (ABBV) [ST],AbbVie Inc. Common Stock (ABBV) [ST],S,04/17/2025,05/13/2025,"$1,001 - $15,000",Filing Status: New Subholding Of: Morgan Stanley - Select UMA Account # 1,"JT AbbVie Inc. Common Stock (ABBV) [ST] S 04/17/2025 05/13/2025 $1,001 - $15,000 Filing Status: New Subholding Of: Morgan Stanley - Select UMA Account # 1",,,False,100,ABBV,accepted,house_ptr_structure+v8_1,False,False,False,04/17/2025,False,,valid_range
20030338,Hon. Josh Gottheimer,Member,NJ05,20030338.pdf,2025,5,JT,"Advanced Energy Industries, Inc. - Common Stock","Advanced Energy Industries, Inc. - Common Stock",AEIS,AEIS,ST,S,2025-04-17,2025-05-13,1001.0,15000.0,,"$1,001 - $15,000",valid_range,New,Morgan Stanley - Select UMA Account # 1,,,,1,1,table,False,False,,False,0,False,False,100,True,20,False,https://disclosures-clerk.house.gov/public_disc/ptr-pdfs/2025/20030338.pdf,,,JT,"Advanced Energy Industries, Inc. - Common Stock (AEIS) [ST] Filing Status: New Subholding Of: Morgan Stanley - Select","Advanced Energy Industries, Inc. - Common Stock (AEIS) [ST]",S UMA Account # 1,04/17/2025 1,05/13/2025,"$1,001 - $15,000",,"JT Advanced Energy Industries, Inc. - Common Stock (AEIS) [ST] S 04/17/2025 05/13/2025 $1,001 - $15,000 Filing Status: New Subholding Of: Morgan Stanley - Select UMA Account # 1",,,False,100,AEIS,accepted,house_ptr_structure+v8_1,False,False,True,04/17/2025,False,,valid_range
20030338,Hon. Josh Gottheimer,Member,NJ05,20030338.pdf,2025,6,JT,Agree Realty Corporation Common Stock,Agree Realty Corporation Common Stock,ADC,ADC,ST,S (partial),2025-04-09,2025-05-14,1001.0,15000.0,,"$1,001 - $15,000",valid_range,New,Morgan Stanley - Select UMA Account # 1,,,,1,1,table,False,False,,False,0,False,True,100,True,20,False,https://disclosures-clerk.house.gov/public_disc/ptr-pdfs/2025/20030338.pdf,,,JT,Agree Realty Corporation Common Stock (ADC) [ST],Agree Realty Corporation Common Stock (ADC) [ST],S (partial),04/09/2025,05/14/2025,"$1,001 - $15,000",Filing Status: New Subholding Of: Morgan Stanley - Select UMA Account # 1,"JT Agree Realty Corporation Common Stock (ADC) [ST] S (partial) 04/09/2025 05/14/2025 $1,001 - $15,000 Filing Status: New Subholding Of: Morgan Stanley - Select UMA Account # 1",,,False,100,ADC,accepted,house_ptr_structure+v8_1,False,False,False,04/09/2025,False,,valid_range
20030338,Hon. Josh Gottheimer,Member,NJ05,20030338.pdf,2025,7,JT,"Air Products and Chemicals, Inc. Common Stock","Air Products and Chemicals, Inc. Common Stock",APD,APD,ST,S (partial),2025-04-09,2025-05-13,1001.0,15000.0,,"$1,001 - $15,000",valid_range,New,Morgan Stanley - Select UMA Account # 1,,,,2,2,table,False,False,,False,0,False,False,100,True,20,False,https://disclosures-clerk.house.gov/public_disc/ptr-pdfs/2025/20030338.pdf,,,JT,"Air Products and Chemicals, Inc. Common Stock (APD) [ST] Filing Status: New Subholding Of: Morgan Stanley - Select","Air Products and Chemicals, Inc. Common Stock (APD) [ST]",S (partial) UMA Account # 1,04/09/2025 1,05/13/2025,"$1,001 - $15,000",,"JT Air Products and Chemicals, Inc. Common Stock (APD) [ST] S (partial) 04/09/2025 05/13/2025 $1,001 - $15,000 Filing Status: New Subholding Of: Morgan Stanley - Select UMA Account # 1",,,False,100,APD,accepted,house_ptr_structure+v8_1,False,False,True,04/09/2025,False,,valid_range
20030338,Hon. Josh Gottheimer,Member,NJ05,20030338.pdf,2025,8,JT,Alibaba Group Holding Limited American Depositary Shares each representing eight Ordinary share,Alibaba Group Holding Limited American Depositary Shares each representing eight Ordinary share,BABA,BABA,ST,P,2025-04-04,2025-05-12,1001.0,15000.0,,"$1,001 - $15,000",valid_range,New,Morgan Stanley - Select UMA Account # 1,,,,2,2,table,False,False,,False,0,False,True,100,True,20,False,https://disclosures-clerk.house.gov/public_disc/ptr-pdfs/2025/20030338.pdf,,,JT,Alibaba Group Holding Limited American Depositary Shares each representing eight Ordinary share (BABA) [ST],Alibaba Group Holding Limited American Depositary Shares each representing eight Ordinary share (BABA) [ST],P,04/04/2025,05/12/2025,"$1,001 - $15,000",Filing Status: New Subholding Of: Morgan Stanley - Select UMA Account # 1,"JT Alibaba Group Holding Limited American Depositary Shares each representing eight Ordinary share (BABA) [ST] P 04/04/2025 05/12/2025 $1,001 - $15,000 Filing Status: New Subholding Of: Morgan Stanley - Select UMA Account # 1",,,False,100,BABA,accepted,house_ptr_structure+v8_1,False,False,False,04/04/2025,False,,valid_range
20030338,Hon. Josh Gottheimer,Member,NJ05,20030338.pdf,2025,9,JT,ALLIANZ SE UNSP/ADR,ALLIANZ SE UNSP/ADR,ALIZY,ALIZY,ST,S (partial),2025-04-09,2025-05-13,1001.0,15000.0,,"$1,001 - $15,000",valid_range,New,Morgan Stanley - Select UMA Account # 1,,,,2,2,table,False,False,,False,0,False,False,100,True,20,False,https://disclosures-clerk.house.gov/public_disc/ptr-pdfs/2025/20030338.pdf,,,JT,ALLIANZ SE UNSP/ADR (ALIZY) [ST] Filing Status: New Subholding Of: Morgan Stanley - Select,ALLIANZ SE UNSP/ADR (ALIZY) [ST],S (partial) UMA Account # 1,04/09/2025 1,05/13/2025,"$1,001 - $15,000",,"JT ALLIANZ SE UNSP/ADR (ALIZY) [ST] S (partial) 04/09/2025 05/13/2025 $1,001 - $15,000 Filing Status: New Subholding Of: Morgan Stanley - Select UMA Account # 1",,,False,100,ALIZY,accepted,house_ptr_structure+v8_1,False,False,True,04/09/2025,False,,valid_range
20030338,Hon. Josh Gottheimer,Member,NJ05,20030338.pdf,2025,10,JT,Alphabet Inc. - Class C Capital Stock,Alphabet Inc. - Class C Capital Stock,GOOG,GOOG,ST,S (partial),2025-04-09,2025-05-13,1001.0,15000.0,,"$1,001 - $15,000",valid_range,New,Morgan Stanley - Select UMA Account # 1,,,,2,2,table,False,False,,False,0,False,True,100,True,20,False,https://disclosures-clerk.house.gov/public_disc/ptr-pdfs/2025/20030338.pdf,,,JT,Alphabet Inc. - Class C Capital Stock (GOOG) [ST],Alphabet Inc. - Class C Capital Stock (GOOG) [ST],S (partial),04/09/2025,05/13/2025,"$1,001 - $15,000",Filing Status: New Subholding Of: Morgan Stanley - Select UMA Account # 1,"JT Alphabet Inc. - Class C Capital Stock (GOOG) [ST] S (partial) 04/09/2025 05/13/2025 $1,001 - $15,000 Filing Status: New Subholding Of: Morgan Stanley - Select UMA Account # 1",,,False,100,GOOG,accepted,house_ptr_structure+v8_1,False,False,False,04/09/2025,False,,valid_range
20030338,Hon. Josh Gottheimer,Member,NJ05,20030338.pdf,2025,11,JT,Ameris Bancorp - Common Stock,Ameris Bancorp - Common Stock,ABCB,ABCB,ST,S (partial),2025-04-09,2025-05-13,1001.0,15000.0,,"$1,001 - $15,000",valid_range,New,Morgan Stanley - Select UMA Account # 1,,,,2,2,table,False,False,,False,0,False,False,100,True,20,False,https://disclosures-clerk.house.gov/public_disc/ptr-pdfs/2025/20030338.pdf,,,JT,Ameris Bancorp - Common Stock (ABCB) [ST] Filing Status: New Subholding Of: Morgan Stanley - Select,Ameris Bancorp - Common Stock (ABCB) [ST],S (partial) UMA Account # 1,04/09/2025 1,05/13/2025,"$1,001 - $15,000",,"JT Ameris Bancorp - Common Stock (ABCB) [ST] S (partial) 04/09/2025 05/13/2025 $1,001 - $15,000 Filing Status: New Subholding Of: Morgan Stanley - Select UMA Account # 1",,,False,100,ABCB,accepted,house_ptr_structure+v8_1,False,False,True,04/09/2025,False,,valid_range
20030338,Hon. Josh Gottheimer,Member,NJ05,20030338.pdf,2025,12,JT,"AppFolio, Inc. - Class A Common Stock","AppFolio, Inc. - Class A Common Stock",APPF,APPF,ST,S (partial),2025-04-09,2025-05-13,1001.0,15000.0,,"$1,001 - $15,000",valid_range,New,Morgan Stanley - Select UMA Account # 1,,,,2,2,table,False,False,,False,0,False,True,100,True,20,False,https://disclosures-clerk.house.gov/public_disc/ptr-pdfs/2025/20030338.pdf,,,JT,"AppFolio, Inc. - Class A Common Stock (APPF) [ST]","AppFolio, Inc. - Class A Common Stock (APPF) [ST]",S (partial),04/09/2025,05/13/2025,"$1,001 - $15,000",Filing Status: New Subholding Of: Morgan Stanley - Select UMA Account # 1,"JT AppFolio, Inc. - Class A Common Stock (APPF) [ST] S (partial) 04/09/2025 05/13/2025 $1,001 - $15,000 Filing Status: New Subholding Of: Morgan Stanley - Select UMA Account # 1",,,False,100,APPF,accepted,house_ptr_structure+v8_1,False,False,False,04/09/2025,False,,valid_range
20030338,Hon. Josh Gottheimer,Member,NJ05,20030338.pdf,2025,13,JT,Apple Inc. - Common Stock,Apple Inc. - Common Stock,AAPL,AAPL,ST,S (partial),2025-04-09,2025-05-13,1001.0,15000.0,,"$1,001 - $15,000",valid_range,New,Morgan Stanley - Select UMA Account # 1,,,,2,2,table,False,False,,False,0,False,False,100,True,20,False,https://disclosures-clerk.house.gov/public_disc/ptr-pdfs/2025/20030338.pdf,,,JT,Apple Inc. - Common Stock (AAPL) [ST] Filing Status: New Subholding Of: Morgan Stanley - Select,Apple Inc. - Common Stock (AAPL) [ST],S (partial) UMA Account # 1,04/09/2025 1,05/13/2025,"$1,001 - $15,000",,"JT Apple Inc. - Common Stock (AAPL) [ST] S (partial) 04/09/2025 05/13/2025 $1,001 - $15,000 Filing Status: New Subholding Of: Morgan Stanley - Select UMA Account # 1",,,False,100,AAPL,accepted,house_ptr_structure+v8_1,False,False,True,04/09/2025,False,,valid_range
20030338,Hon. Josh Gottheimer,Member,NJ05,20030338.pdf,2025,14,JT,Applovin Corporation - Class A Common Stock,Applovin Corporation - Class A Common Stock,APP,APP,ST,S,2025-04-16,2025-05-13,1001.0,15000.0,,"$1,001 - $15,000",valid_range,New,Morgan Stanley - Select UMA Account # 1,,,,2,2,table,False,False,,False,0,False,True,100,True,20,False,https://disclosures-clerk.house.gov/public_disc/ptr-pdfs/2025/20030338.pdf,,,JT,Applovin Corporation - Class A Common Stock (APP) [ST],Applovin Corporation - Class A Common Stock (APP) [ST],S,04/16/2025,05/13/2025,"$1,001 - $15,000",Filing Status: New Subholding Of: Morgan Stanley - Select UMA Account # 1,"JT Applovin Corporation - Class A Common Stock (APP) [ST] S 04/16/2025 05/13/2025 $1,001 - $15,000 Filing Status: New Subholding Of: Morgan Stanley - Select UMA Account # 1",,,False,100,APP,accepted,house_ptr_structure+v8_1,False,False,False,04/16/2025,False,,valid_range
20030338,Hon. Josh Gottheimer,Member,NJ05,20030338.pdf,2025,15,JT,Applovin Corporation - Class A Common Stock,Applovin Corporation - Class A Common Stock,APP,APP,ST,S,2025-04-14,2025-05-13,1001.0,15000.0,,"$1,001 - $15,000",valid_range,New,Morgan Stanley - Select UMA Account # 1,,,,2,3,table,False,False,,True,0,False,False,98,True,20,False,https://disclosures-clerk.house.gov/public_disc/ptr-pdfs/2025/20030338.pdf,,,JT,Applovin Corporation - Class A Common Stock (APP) [ST] Filing Status: New,Applovin Corporation - Class A Common Stock (APP) [ST] Subholding Of: Morgan Stanley - Select UMA Account # 1,S,04/14/2025,05/13/2025,"$1,001 - $15,000",Subholding Of: Morgan Stanley - Select UMA Account # 1,"JT Applovin Corporation - Class A Common Stock (APP) [ST] S 04/14/2025 05/13/2025 $1,001 - $15,000 Filing Status: New Subholding Of: Morgan Stanley - Select UMA Account # 1",,,False,98,APP,accepted,house_ptr_structure+v8_1,False,False,False,04/14/2025,False,,valid_range
20030338,Hon. Josh Gottheimer,Member,NJ05,20030338.pdf,2025,16,JT,Asbury Automotive Group Inc Common Stock,Asbury Automotive Group Inc Common Stock,ABG,ABG,ST,S (partial),2025-04-09,2025-05-13,1001.0,15000.0,,"$1,001 - $15,000",valid_range,New,Morgan Stanley - Select UMA Account # 1,,,,3,3,table,False,False,,False,0,False,True,100,True,20,False,https://disclosures-clerk.house.gov/public_disc/ptr-pdfs/2025/20030338.pdf,,,JT,Asbury Automotive Group Inc Common Stock (ABG) [ST],Asbury Automotive Group Inc Common Stock (ABG) [ST],S (partial),04/09/2025,05/13/2025,"$1,001 - $15,000",Filing Status: New Subholding Of: Morgan Stanley - Select UMA Account # 1,"JT Asbury Automotive Group Inc Common Stock (ABG) [ST] S (partial) 04/09/2025 05/13/2025 $1,001 - $15,000 Filing Status: New Subholding Of: Morgan Stanley - Select UMA Account # 1",,,False,100,ABG,accepted,house_ptr_structure+v8_1,False,False,False,04/09/2025,False,,valid_range
20030338,Hon. Josh Gottheimer,Member,NJ05,20030338.pdf,2025,17,JT,ASML Holding N.V. - New York Registry Shares,ASML Holding N.V. - New York Registry Shares,ASML,ASML,ST,S,2025-04-17,2025-05-13,1001.0,15000.0,,"$1,001 - $15,000",valid_range,New,Morgan Stanley - Select UMA Account # 1,,,,3,3,table,False,False,,False,0,False,False,100,True,20,False,https://disclosures-clerk.house.gov/public_disc/ptr-pdfs/2025/20030338.pdf,,,JT,ASML Holding N.V. - New York Registry Shares (ASML) [ST] Filing Status: New Subholding Of: Morgan Stanley - Select,ASML Holding N.V. - New York Registry Shares (ASML) [ST],S UMA Account # 1,04/17/2025 1,05/13/2025,"$1,001 - $15,000",,"JT ASML Holding N.V. - New York Registry Shares (ASML) [ST] S 04/17/2025 05/13/2025 $1,001 - $15,000 Filing Status: New Subholding Of: Morgan Stanley - Select UMA Account # 1",,,False,100,ASML,accepted,house_ptr_structure+v8_1,False,False,True,04/17/2025,False,,valid_range
20030338,Hon. Josh Gottheimer,Member,NJ05,20030338.pdf,2025,18,JT,ATLAS COPCO AB A S/ADR,ATLAS COPCO AB A S/ADR,ATLKY,ATLKY,ST,S (partial),2025-04-09,2025-05-14,1001.0,15000.0,,"$1,001 - $15,000",valid_range,New,Morgan Stanley - Select UMA Account # 1,,,,3,3,table,False,False,,False,0,False,True,100,True,20,False,https://disclosures-clerk.house.gov/public_disc/ptr-pdfs/2025/20030338.pdf,,,JT,ATLAS COPCO AB A S/ADR (ATLKY) [ST],ATLAS COPCO AB A S/ADR (ATLKY) [ST],S (partial),04/09/2025,05/14/2025,"$1,001 - $15,000",Filing Status: New Subholding Of: Morgan Stanley - Select UMA Account # 1,"JT ATLAS COPCO AB A S/ADR (ATLKY) [ST] S (partial) 04/09/2025 05/14/2025 $1,001 - $15,000 Filing Status: New Subholding Of: Morgan Stanley - Select UMA Account # 1",,,False,100,ATLKY,accepted,house_ptr_structure+v8_1,False,False,False,04/09/2025,False,,valid_range
20030338,Hon. Josh Gottheimer,Member,NJ05,20030338.pdf,2025,19,JT,Balchem Corporation - Common Stock,Balchem Corporation - Common Stock,BCPC,BCPC,ST,S (partial),2025-04-09,2025-05-13,1001.0,15000.0,,"$1,001 - $15,000",valid_range,New,Morgan Stanley - Select UMA Account # 1,,,,3,3,table,False,False,,False,0,False,False,100,True,20,False,https://disclosures-clerk.house.gov/public_disc/ptr-pdfs/2025/20030338.pdf,,,JT,Balchem Corporation - Common Stock (BCPC) [ST] Filing Status: New Subholding Of: Morgan Stanley - Select,Balchem Corporation - Common Stock (BCPC) [ST],S (partial) UMA Account # 1,04/09/2025 1,05/13/2025,"$1,001 - $15,000",,"JT Balchem Corporation - Common Stock (BCPC) [ST] S (partial) 04/09/2025 05/13/2025 $1,001 - $15,000 Filing Status: New Subholding Of: Morgan Stanley - Select UMA Account # 1",,,False,100,BCPC,accepted,house_ptr_structure+v8_1,False,False,True,04/09/2025,False,,valid_range
20030338,Hon. Josh Gottheimer,Member,NJ05,20030338.pdf,2025,20,JT,Berkshire Hathaway Inc. New Common Stock,Berkshire Hathaway Inc. New Common Stock,BRK.B,BRK.B,ST,S (partial),2025-04-09,2025-05-13,1001.0,15000.0,,"$1,001 - $15,000",valid_range,New,Morgan Stanley - Select UMA Account # 1,,,,3,3,table,False,False,,False,0,False,True,100,True,20,False,https://disclosures-clerk.house.gov/public_disc/ptr-pdfs/2025/20030338.pdf,,,JT,Berkshire Hathaway Inc. New Common Stock (BRK.B) [ST],Berkshire Hathaway Inc. New Common Stock (BRK.B) [ST],S (partial),04/09/2025,05/13/2025,"$1,001 - $15,000",Filing Status: New Subholding Of: Morgan Stanley - Select UMA Account # 1,"JT Berkshire Hathaway Inc. New Common Stock (BRK.B) [ST] S (partial) 04/09/2025 05/13/2025 $1,001 - $15,000 Filing Status: New Subholding Of: Morgan Stanley - Select UMA Account # 1",,,False,100,BRK.B,accepted,house_ptr_structure+v8_1,False,False,False,04/09/2025,False,,valid_range
20030338,Hon. Josh Gottheimer,Member,NJ05,20030338.pdf,2025,21,JT,Berkshire Hathaway Inc. New Common Stock,Berkshire Hathaway Inc. New Common Stock,BRK.B,BRK.B,ST,S (partial),2025-04-01,2025-05-14,1001.0,15000.0,,"$1,001 - $15,000",valid_range,New,Morgan Stanley - Select UMA Account # 1,,,,3,3,table,False,False,,False,0,False,False,100,True,20,False,https://disclosures-clerk.house.gov/public_disc/ptr-pdfs/2025/20030338.pdf,,,JT,Berkshire Hathaway Inc. New Common Stock (BRK.B) [ST] Filing Status: New Subholding Of: Morgan Stanley - Select,Berkshire Hathaway Inc. New Common Stock (BRK.B) [ST],S (partial) UMA Account # 1,04/01/2025 1,05/14/2025,"$1,001 - $15,000",,"JT Berkshire Hathaway Inc. New Common Stock (BRK.B) [ST] S (partial) 04/01/2025 05/14/2025 $1,001 - $15,000 Filing Status: New Subholding Of: Morgan Stanley - Select UMA Account # 1",,,False,100,BRK.B,accepted,house_ptr_structure+v8_1,False,False,True,04/01/2025,False,,valid_range
20030338,Hon. Josh Gottheimer,Member,NJ05,20030338.pdf,2025,22,JT,BHP Group Limited American Depositary Shares,BHP Group Limited American Depositary Shares,BHP,BHP,ST,S (partial),2025-04-09,2025-05-14,1001.0,15000.0,,"$1,001 - $15,000",valid_range,New,Morgan Stanley - Select UMA Account # 1,,,,3,3,table,False,False,,False,0,False,True,100,True,20,False,https://disclosures-clerk.house.gov/public_disc/ptr-pdfs/2025/20030338.pdf,,,JT,BHP Group Limited American Depositary Shares (BHP) [ST],BHP Group Limited American Depositary Shares (BHP) [ST],S (partial),04/09/2025,05/14/2025,"$1,001 - $15,000",Filing Status: New Subholding Of: Morgan Stanley - Select UMA Account # 1,"JT BHP Group Limited American Depositary Shares (BHP) [ST] S (partial) 04/09/2025 05/14/2025 $1,001 - $15,000 Filing Status: New Subholding Of: Morgan Stanley - Select UMA Account # 1",,,False,100,BHP,accepted,house_ptr_structure+v8_1,False,False,False,04/09/2025,False,,valid_range
20030338,Hon. Josh Gottheimer,Member,NJ05,20030338.pdf,2025,23,JT,"BlackRock, Inc. Common Stock","BlackRock, Inc. Common Stock",BLK,BLK,ST,S (partial),2025-04-01,2025-05-14,1001.0,15000.0,,"$1,001 - $15,000",valid_range,New,Morgan Stanley - Select UMA Account # 1,,,,3,3,table,False,False,,False,0,False,False,100,True,20,False,https://disclosures-clerk.house.gov/public_disc/ptr-pdfs/2025/20030338.pdf,,,JT,"BlackRock, Inc. Common Stock (BLK) [ST] Filing Status: New Subholding Of: Morgan Stanley - Select","BlackRock, Inc. Common Stock (BLK) [ST]",S (partial) UMA Account # 1,04/01/2025 1,05/14/2025,"$1,001 - $15,000",,"JT BlackRock, Inc. Common Stock (BLK) [ST] S (partial) 04/01/2025 05/14/2025 $1,001 - $15,000 Filing Status: New Subholding Of: Morgan Stanley - Select UMA Account # 1",,,False,100,BLK,accepted,house_ptr_structure+v8_1,False,False,True,04/01/2025,False,,valid_range
20030338,Hon. Josh Gottheimer,Member,NJ05,20030338.pdf,2025,24,JT,"BlackRock, Inc. Common Stock","BlackRock, Inc. Common Stock",BLK,BLK,ST,S (partial),2025-04-09,2025-05-13,1001.0,15000.0,,"$1,001 - $15,000",valid_range,New $200?,Morgan Stanley - Select UMA Account # 1,,,,3,4,table,False,False,,True,0,False,True,98,True,20,False,https://disclosures-clerk.house.gov/public_disc/ptr-pdfs/2025/20030338.pdf,,,JT,"BlackRock, Inc. Common Stock (BLK) [ST]","BlackRock, Inc. Common Stock (BLK) [ST]",S (partial),04/09/2025,05/13/2025,"$1,001 - $15,000",Filing Status: New $200? Subholding Of: Morgan Stanley - Select UMA Account # 1,"JT BlackRock, Inc. Common Stock (BLK) [ST] S (partial) 04/09/2025 05/13/2025 $1,001 - $15,000 Filing Status: New $200? Subholding Of: Morgan Stanley - Select UMA Account # 1",,,False,98,BLK,accepted,house_ptr_structure+v8_1,False,False,False,04/09/2025,False,,valid_range
20030338,Hon. Josh Gottheimer,Member,NJ05,20030338.pdf,2025,25,JT,Blackstone Inc. Common Stock,Blackstone Inc. Common Stock,BX,BX,ST,S (partial),2025-04-14,2025-05-13,1001.0,15000.0,,"$1,001 - $15,000",valid_range,New,Morgan Stanley - Select UMA Account # 1,,,,4,4,table,False,False,,False,0,False,False,100,True,20,False,https://disclosures-clerk.house.gov/public_disc/ptr-pdfs/2025/20030338.pdf,,,JT,Blackstone Inc. Common Stock (BX) [ST] Filing Status: New Subholding Of: Morgan Stanley - Select,Blackstone Inc. Common Stock (BX) [ST],S (partial) UMA Account # 1,04/14/2025 1,05/13/2025,"$1,001 - $15,000",,"JT Blackstone Inc. Common Stock (BX) [ST] S (partial) 04/14/2025 05/13/2025 $1,001 - $15,000 Filing Status: New Subholding Of: Morgan Stanley - Select UMA Account # 1",,,False,100,BX,accepted,house_ptr_structure+v8_1,False,False,True,04/14/2025,False,,valid_range
20030338,Hon. Josh Gottheimer,Member,NJ05,20030338.pdf,2025,26,JT,"Cadre Holdings, Inc. Common Stock","Cadre Holdings, Inc. Common Stock",CDRE,CDRE,ST,S,2025-04-17,2025-05-13,1001.0,15000.0,,"$1,001 - $15,000",valid_range,New,Morgan Stanley - Select UMA Account # 1,,,,4,4,table,False,False,,False,0,False,True,100,True,20,False,https://disclosures-clerk.house.gov/public_disc/ptr-pdfs/2025/20030338.pdf,,,JT,"Cadre Holdings, Inc. Common Stock (CDRE) [ST]","Cadre Holdings, Inc. Common Stock (CDRE) [ST]",S,04/17/2025,05/13/2025,"$1,001 - $15,000",Filing Status: New Subholding Of: Morgan Stanley - Select UMA Account # 1,"JT Cadre Holdings, Inc. Common Stock (CDRE) [ST] S 04/17/2025 05/13/2025 $1,001 - $15,000 Filing Status: New Subholding Of: Morgan Stanley - Select UMA Account # 1",,,False,100,CDRE,accepted,house_ptr_structure+v8_1,False,False,False,04/17/2025,False,,valid_range
20030338,Hon. Josh Gottheimer,Member,NJ05,20030338.pdf,2025,27,JT,Cathay General Bancorp - Common Stock,Cathay General Bancorp - Common Stock,CATY,CATY,ST,S (partial),2025-04-09,2025-05-14,1001.0,15000.0,,"$1,001 - $15,000",valid_range,New,Morgan Stanley - Select UMA Account # 1,,,,4,4,table,False,False,,False,0,False,False,100,True,20,False,https://disclosures-clerk.house.gov/public_disc/ptr-pdfs/2025/20030338.pdf,,,JT,Cathay General Bancorp - Common Stock (CATY) [ST] Filing Status: New Subholding Of: Morgan Stanley - Select,Cathay General Bancorp - Common Stock (CATY) [ST],S (partial) UMA Account # 1,04/09/2025 1,05/14/2025,"$1,001 - $15,000",,"JT Cathay General Bancorp - Common Stock (CATY) [ST] S (partial) 04/09/2025 05/14/2025 $1,001 - $15,000 Filing Status: New Subholding Of: Morgan Stanley - Select UMA Account # 1",,,False,100,CATY,accepted,house_ptr_structure+v8_1,False,False,True,04/09/2025,False,,valid_range
20030338,Hon. Josh Gottheimer,Member,NJ05,20030338.pdf,2025,28,JT,"CBIZ, Inc. Common Stock","CBIZ, Inc. Common Stock",CBZ,CBZ,ST,S (partial),2025-04-09,2025-05-14,1001.0,15000.0,,"$1,001 - $15,000",valid_range,New,Morgan Stanley - Select UMA Account # 1,,,,4,4,table,False,False,,False,0,False,True,100,True,20,False,https://disclosures-clerk.house.gov/public_disc/ptr-pdfs/2025/20030338.pdf,,,JT,"CBIZ, Inc. Common Stock (CBZ) [ST]","CBIZ, Inc. Common Stock (CBZ) [ST]",S (partial),04/09/2025,05/14/2025,"$1,001 - $15,000",Filing Status: New Subholding Of: Morgan Stanley - Select UMA Account # 1,"JT CBIZ, Inc. Common Stock (CBZ) [ST] S (partial) 04/09/2025 05/14/2025 $1,001 - $15,000 Filing Status: New Subholding Of: Morgan Stanley - Select UMA Account # 1",,,False,100,CBZ,accepted,house_ptr_structure+v8_1,False,False,False,04/09/2025,False,,valid_range
20030338,Hon. Josh Gottheimer,Member,NJ05,20030338.pdf,2025,29,JT,Central Garden & Pet Company - Class A Common Stock Nonvoting,Central Garden & Pet Company - Class A Common Stock Nonvoting,CENTA,CENTA,ST,S (partial),2025-04-09,2025-05-13,1001.0,15000.0,,"$1,001 - $15,000",valid_range,New,Morgan Stanley - Select UMA Account # 1,,,,4,4,table,False,False,,False,0,False,False,100,True,20,False,https://disclosures-clerk.house.gov/public_disc/ptr-pdfs/2025/20030338.pdf,,,JT,Central Garden & Pet Company - Class A Common Stock Nonvoting (CENTA) [ST] Filing Status: New Subholding Of: Morgan Stanley - Select,Central Garden & Pet Company - Class A Common Stock Nonvoting (CENTA) [ST],S (partial) UMA Account # 1,04/09/2025 1,05/13/2025,"$1,001 - $15,000",,"JT Central Garden & Pet Company - Class A Common Stock Nonvoting (CENTA) [ST] S (partial) 04/09/2025 05/13/2025 $1,001 - $15,000 Filing Status: New Subholding Of: Morgan Stanley - Select UMA Account # 1",,,False,100,CENTA,accepted,house_ptr_structure+v8_1,False,False,True,04/09/2025,False,,valid_range
20030338,Hon. Josh Gottheimer,Member,NJ05,20030338.pdf,2025,30,JT,"Champion Homes, Inc. Common Stock","Champion Homes, Inc. Common Stock",SKY,SKY,ST,S (partial),2025-04-09,2025-05-13,1001.0,15000.0,,"$1,001 - $15,000",valid_range,New,Morgan Stanley - Select UMA Account # 1,,,,4,4,table,False,False,,False,0,False,True,100,True,20,False,https://disclosures-clerk.house.gov/public_disc/ptr-pdfs/2025/20030338.pdf,,,JT,"Champion Homes, Inc. Common Stock (SKY) [ST]","Champion Homes, Inc. Common Stock (SKY) [ST]",S (partial),04/09/2025,05/13/2025,"$1,001 - $15,000",Filing Status: New Subholding Of: Morgan Stanley - Select UMA Account # 1,"JT Champion Homes, Inc. Common Stock (SKY) [ST] S (partial) 04/09/2025 05/13/2025 $1,001 - $15,000 Filing Status: New Subholding Of: Morgan Stanley - Select UMA Account # 1",,,False,100,SKY,accepted,house_ptr_structure+v8_1,False,False,False,04/09/2025,False,,valid_range
20030338,Hon. Josh Gottheimer,Member,NJ05,20030338.pdf,2025,31,JT,ChampionX Corporation,ChampionX Corporation,CHX,CHX,ST,S,2025-04-07,2025-05-14,1001.0,15000.0,,"$1,001 - $15,000",valid_range,New,Morgan Stanley - Select UMA Account # 1,,,,4,4,table,False,False,,False,0,False,False,100,True,20,False,https://disclosures-clerk.house.gov/public_disc/ptr-pdfs/2025/20030338.pdf,,,JT,ChampionX Corporation (CHX) [ST] Filing Status: New Subholding Of: Morgan Stanley - Select,ChampionX Corporation (CHX) [ST],S UMA Account # 1,04/07/2025 1,05/14/2025,"$1,001 - $15,000",,"JT ChampionX Corporation (CHX) [ST] S 04/07/2025 05/14/2025 $1,001 - $15,000 Filing Status: New Subholding Of: Morgan Stanley - Select UMA Account # 1",,,False,100,CHX,accepted,house_ptr_structure+v8_1,False,False,True,04/07/2025,False,,valid_range
20030338,Hon. Josh Gottheimer,Member,NJ05,20030338.pdf,2025,32,JT,Charles Schwab Corporation,Charles Schwab Corporation,SCHW,SCHW,ST,P,2025-04-07,2025-05-12,1001.0,15000.0,,"$1,001 - $15,000",valid_range,New,Morgan Stanley - Select UMA Account # 1,,,,4,4,table,False,False,,False,0,False,True,100,True,20,False,https://disclosures-clerk.house.gov/public_disc/ptr-pdfs/2025/20030338.pdf,,,JT,Charles Schwab Corporation (SCHW) [ST],Charles Schwab Corporation (SCHW) [ST],P,04/07/2025,05/12/2025,"$1,001 - $15,000",Filing Status: New Subholding Of: Morgan Stanley - Select UMA Account # 1,"JT Charles Schwab Corporation (SCHW) [ST] P 04/07/2025 05/12/2025 $1,001 - $15,000 Filing Status: New Subholding Of: Morgan Stanley - Select UMA Account # 1",,,False,100,SCHW,accepted,house_ptr_structure+v8_1,False,False,False,04/07/2025,False,,valid_range
20030338,Hon. Josh Gottheimer,Member,NJ05,20030338.pdf,2025,33,JT,"Cheniere Energy, Inc. Common Stock","Cheniere Energy, Inc. Common Stock",LNG,LNG,ST,P,2025-04-22,2025-05-12,1001.0,15000.0,,"$1,001 - $15,000",valid_range,New,Morgan Stanley - Select UMA Account # 1,,,,4,5,table,False,False,,True,0,False,False,98,True,20,False,https://disclosures-clerk.house.gov/public_disc/ptr-pdfs/2025/20030338.pdf,,,JT,"Cheniere Energy, Inc. Common Stock (LNG) [ST] Filing Status: New","Cheniere Energy, Inc. Common Stock (LNG) [ST] Subholding Of: Morgan Stanley - Select UMA Account # 1",P,04/22/2025,05/12/2025,"$1,001 - $15,000",Subholding Of: Morgan Stanley - Select UMA Account # 1,"JT Cheniere Energy, Inc. Common Stock (LNG) [ST] P 04/22/2025 05/12/2025 $1,001 - $15,000 Filing Status: New Subholding Of: Morgan Stanley - Select UMA Account # 1",,,False,98,LNG,accepted,house_ptr_structure+v8_1,False,False,False,04/22/2025,False,,valid_range
20030338,Hon. Josh Gottheimer,Member,NJ05,20030338.pdf,2025,34,JT,Chevron Corporation Common Stock,Chevron Corporation Common Stock,CVX,CVX,ST,S (partial),2025-04-09,2025-05-13,1001.0,15000.0,,"$1,001 - $15,000",valid_range,New,Morgan Stanley - Select UMA Account # 1,,,,5,5,table,False,False,,False,0,False,True,100,True,20,False,https://disclosures-clerk.house.gov/public_disc/ptr-pdfs/2025/20030338.pdf,,,JT,Chevron Corporation Common Stock (CVX) [ST],Chevron Corporation Common Stock (CVX) [ST],S (partial),04/09/2025,05/13/2025,"$1,001 - $15,000",Filing Status: New Subholding Of: Morgan Stanley - Select UMA Account # 1,"JT Chevron Corporation Common Stock (CVX) [ST] S (partial) 04/09/2025 05/13/2025 $1,001 - $15,000 Filing Status: New Subholding Of: Morgan Stanley - Select UMA Account # 1",,,False,100,CVX,accepted,house_ptr_structure+v8_1,False,False,False,04/09/2025,False,,valid_range
20030338,Hon. Josh Gottheimer,Member,NJ05,20030338.pdf,2025,35,JT,CHUGAI PHARM UNSP/ADR,CHUGAI PHARM UNSP/ADR,CHGCY,CHGCY,ST,S (partial),2025-04-09,2025-05-13,1001.0,15000.0,,"$1,001 - $15,000",valid_range,New,Morgan Stanley - Select UMA Account # 1,,,,5,5,table,False,False,,False,0,False,False,100,True,20,False,https://disclosures-clerk.house.gov/public_disc/ptr-pdfs/2025/20030338.pdf,,,JT,CHUGAI PHARM UNSP/ADR (CHGCY) [ST] Filing Status: New Subholding Of: Morgan Stanley - Select,CHUGAI PHARM UNSP/ADR (CHGCY) [ST],S (partial) UMA Account # 1,04/09/2025 1,05/13/2025,"$1,001 - $15,000",,"JT CHUGAI PHARM UNSP/ADR (CHGCY) [ST] S (partial) 04/09/2025 05/13/2025 $1,001 - $15,000 Filing Status: New Subholding Of: Morgan Stanley - Select UMA Account # 1",,,False,100,CHGCY,accepted,house_ptr_structure+v8_1,False,False,True,04/09/2025,False,,valid_range
20030338,Hon. Josh Gottheimer,Member,NJ05,20030338.pdf,2025,36,JT,Cincinnati Financial Corporation - Common Stock,Cincinnati Financial Corporation - Common Stock,CINF,CINF,ST,S (partial),2025-04-09,2025-05-13,1001.0,15000.0,,"$1,001 - $15,000",valid_range,New,Morgan Stanley - Select UMA Account # 1,,,,5,5,table,False,False,,False,0,False,True,100,True,20,False,https://disclosures-clerk.house.gov/public_disc/ptr-pdfs/2025/20030338.pdf,,,JT,Cincinnati Financial Corporation - Common Stock (CINF) [ST],Cincinnati Financial Corporation - Common Stock (CINF) [ST],S (partial),04/09/2025,05/13/2025,"$1,001 - $15,000",Filing Status: New Subholding Of: Morgan Stanley - Select UMA Account # 1,"JT Cincinnati Financial Corporation - Common Stock (CINF) [ST] S (partial) 04/09/2025 05/13/2025 $1,001 - $15,000 Filing Status: New Subholding Of: Morgan Stanley - Select UMA Account # 1",,,False,100,CINF,accepted,house_ptr_structure+v8_1,False,False,False,04/09/2025,False,,valid_range
20030338,Hon. Josh Gottheimer,Member,NJ05,20030338.pdf,2025,37,JT,"Cisco Systems, Inc. - Common Stock","Cisco Systems, Inc. - Common Stock",CSCO,CSCO,ST,S (partial),2025-04-09,2025-05-13,1001.0,15000.0,,"$1,001 - $15,000",valid_range,New,Morgan Stanley - Select UMA Account # 1,,,,5,5,table,False,False,,False,0,False,False,100,True,20,False,https://disclosures-clerk.house.gov/public_disc/ptr-pdfs/2025/20030338.pdf,,,JT,"Cisco Systems, Inc. - Common Stock (CSCO) [ST] Filing Status: New Subholding Of: Morgan Stanley - Select","Cisco Systems, Inc. - Common Stock (CSCO) [ST]",S (partial) UMA Account # 1,04/09/2025 1,05/13/2025,"$1,001 - $15,000",,"JT Cisco Systems, Inc. - Common Stock (CSCO) [ST] S (partial) 04/09/2025 05/13/2025 $1,001 - $15,000 Filing Status: New Subholding Of: Morgan Stanley - Select UMA Account # 1",,,False,100,CSCO,accepted,house_ptr_structure+v8_1,False,False,True,04/09/2025,False,,valid_range
20030338,Hon. Josh Gottheimer,Member,NJ05,20030338.pdf,2025,38,JT,Coca-Cola Company,Coca-Cola Company,KO,KO,ST,S (partial),2025-04-09,2025-05-13,1001.0,15000.0,,"$1,001 - $15,000",valid_range,New,Morgan Stanley - Select UMA Account # 1,,,,5,5,table,False,False,,False,0,False,True,100,True,20,False,https://disclosures-clerk.house.gov/public_disc/ptr-pdfs/2025/20030338.pdf,,,JT,Coca-Cola Company (KO) [ST],Coca-Cola Company (KO) [ST],S (partial),04/09/2025,05/13/2025,"$1,001 - $15,000",Filing Status: New Subholding Of: Morgan Stanley - Select UMA Account # 1,"JT Coca-Cola Company (KO) [ST] S (partial) 04/09/2025 05/13/2025 $1,001 - $15,000 Filing Status: New Subholding Of: Morgan Stanley - Select UMA Account # 1",,,False,100,KO,accepted,house_ptr_structure+v8_1,False,False,False,04/09/2025,False,,valid_range
20030338,Hon. Josh Gottheimer,Member,NJ05,20030338.pdf,2025,39,JT,Corning Incorporated Common Stock,Corning Incorporated Common Stock,GLW,GLW,ST,S,2025-04-09,2025-05-13,1001.0,15000.0,,"$1,001 - $15,000",valid_range,New,Morgan Stanley - Select UMA Account # 1,,,,5,5,table,False,False,,False,0,False,False,100,True,20,False,https://disclosures-clerk.house.gov/public_disc/ptr-pdfs/2025/20030338.pdf,,,JT,Corning Incorporated Common Stock (GLW) [ST] Filing Status: New Subholding Of: Morgan Stanley - Select,Corning Incorporated Common Stock (GLW) [ST],S UMA Account # 1,04/09/2025 1,05/13/2025,"$1,001 - $15,000",,"JT Corning Incorporated Common Stock (GLW) [ST] S 04/09/2025 05/13/2025 $1,001 - $15,000 Filing Status: New Subholding Of: Morgan Stanley - Select UMA Account # 1",,,False,100,GLW,accepted,house_ptr_structure+v8_1,False,False,True,04/09/2025,False,,valid_range
20030338,Hon. Josh Gottheimer,Member,NJ05,20030338.pdf,2025,40,JT,Corning Incorporated Common Stock,Corning Incorporated Common Stock,GLW,GLW,ST,S,2025-04-17,2025-05-13,15001.0,50000.0,,"$15,001 - $50,000",valid_range,New,Morgan Stanley - Select UMA Account # 1,,,,5,5,table,False,False,,False,0,False,True,100,True,20,False,https://disclosures-clerk.house.gov/public_disc/ptr-pdfs/2025/20030338.pdf,,,JT,Corning Incorporated Common Stock (GLW) [ST],Corning Incorporated Common Stock (GLW) [ST],S,04/17/2025,05/13/2025,"$15,001 - $50,000",Filing Status: New Subholding Of: Morgan Stanley - Select UMA Account # 1,"JT Corning Incorporated Common Stock (GLW) [ST] S 04/17/2025 05/13/2025 $15,001 - $50,000 Filing Status: New Subholding Of: Morgan Stanley - Select UMA Account # 1",,,False,100,GLW,accepted,house_ptr_structure+v8_1,False,False,False,04/17/2025,False,,valid_range
20030338,Hon. Josh Gottheimer,Member,NJ05,20030338.pdf,2025,41,JT,Crown Castle Inc. Common Stock,Crown Castle Inc. Common Stock,CCI,CCI,ST,S (partial),2025-04-09,2025-05-13,1001.0,15000.0,,"$1,001 - $15,000",valid_range,New,Morgan Stanley - Select UMA Account # 1,,,,5,5,table,False,False,,False,0,False,False,100,True,20,False,https://disclosures-clerk.house.gov/public_disc/ptr-pdfs/2025/20030338.pdf,,,JT,Crown Castle Inc. Common Stock (CCI) [ST] Filing Status: New Subholding Of: Morgan Stanley - Select,Crown Castle Inc. Common Stock (CCI) [ST],S (partial) UMA Account # 1,04/09/2025 1,05/13/2025,"$1,001 - $15,000",,"JT Crown Castle Inc. Common Stock (CCI) [ST] S (partial) 04/09/2025 05/13/2025 $1,001 - $15,000 Filing Status: New Subholding Of: Morgan Stanley - Select UMA Account # 1",,,False,100,CCI,accepted,house_ptr_structure+v8_1,False,False,True,04/09/2025,False,,valid_range
20030338,Hon. Josh Gottheimer,Member,NJ05,20030338.pdf,2025,42,JT,"D.R. Horton, Inc. Common Stock","D.R. Horton, Inc. Common Stock",DHI,DHI,ST,P,2025-04-21,2025-05-12,1001.0,15000.0,,"$1,001 - $15,000",valid_range,New,Morgan Stanley - Select UMA Account # 1 Type Date Gains > $200?,,,,5,6,table,False,False,,True,0,False,True,98,True,20,False,https://disclosures-clerk.house.gov/public_disc/ptr-pdfs/2025/20030338.pdf,,,JT,"D.R. Horton, Inc. Common Stock (DHI) [ST]","D.R. Horton, Inc. Common Stock (DHI) [ST]",P,04/21/2025,05/12/2025,"$1,001 - $15,000",Filing Status: New Subholding Of: Morgan Stanley - Select UMA Account # 1 Type Date Gains > $200?,"JT D.R. Horton, Inc. Common Stock (DHI) [ST] P 04/21/2025 05/12/2025 $1,001 - $15,000 Filing Status: New Subholding Of: Morgan Stanley - Select UMA Account # 1 Type Date Gains > $200?",,,False,98,DHI,accepted,house_ptr_structure+v8_1,False,False,False,04/21/2025,False,,valid_range
20030338,Hon. Josh Gottheimer,Member,NJ05,20030338.pdf,2025,43,JT,DASSAULT SYSTEMES SA ADR,DASSAULT SYSTEMES SA ADR,DASTY,DASTY,ST,S (partial),2025-04-09,2025-05-14,1001.0,15000.0,,"$1,001 - $15,000",valid_range,New,Morgan Stanley - Select UMA Account # 1,,,,6,6,table,False,False,,False,0,False,False,100,True,20,False,https://disclosures-clerk.house.gov/public_disc/ptr-pdfs/2025/20030338.pdf,,,JT,DASSAULT SYSTEMES SA ADR (DASTY) [ST] Filing Status: New Subholding Of: Morgan Stanley - Select,DASSAULT SYSTEMES SA ADR (DASTY) [ST],S (partial) UMA Account # 1,04/09/2025 1,05/14/2025,"$1,001 - $15,000",,"JT DASSAULT SYSTEMES SA ADR (DASTY) [ST] S (partial) 04/09/2025 05/14/2025 $1,001 - $15,000 Filing Status: New Subholding Of: Morgan Stanley - Select UMA Account # 1",,,False,100,DASTY,accepted,house_ptr_structure+v8_1,False,False,True,04/09/2025,False,,valid_range
20030338,Hon. Josh Gottheimer,Member,NJ05,20030338.pdf,2025,44,JT,DBS GROUP HLDGS LTD S/ADR,DBS GROUP HLDGS LTD S/ADR,DBSDY,DBSDY,ST,S (partial),2025-04-09,2025-05-14,1001.0,15000.0,,"$1,001 - $15,000",valid_range,New,Morgan Stanley - Select UMA Account # 1,,,,6,6,table,False,False,,False,0,False,True,100,True,20,False,https://disclosures-clerk.house.gov/public_disc/ptr-pdfs/2025/20030338.pdf,,,JT,DBS GROUP HLDGS LTD S/ADR (DBSDY) [ST],DBS GROUP HLDGS LTD S/ADR (DBSDY) [ST],S (partial),04/09/2025,05/14/2025,"$1,001 - $15,000",Filing Status: New Subholding Of: Morgan Stanley - Select UMA Account # 1,"JT DBS GROUP HLDGS LTD S/ADR (DBSDY) [ST] S (partial) 04/09/2025 05/14/2025 $1,001 - $15,000 Filing Status: New Subholding Of: Morgan Stanley - Select UMA Account # 1",,,False,100,DBSDY,accepted,house_ptr_structure+v8_1,False,False,False,04/09/2025,False,,valid_range
20030338,Hon. Josh Gottheimer,Member,NJ05,20030338.pdf,2025,45,JT,"Dominion Energy, Inc. Common Stock","Dominion Energy, Inc. Common Stock",D,D,ST,S (partial),2025-04-09,2025-05-14,1001.0,15000.0,,"$1,001 - $15,000",valid_range,New,Morgan Stanley - Select UMA Account # 1,,,,6,6,table,False,False,,False,0,False,False,100,True,20,False,https://disclosures-clerk.house.gov/public_disc/ptr-pdfs/2025/20030338.pdf,,,JT,"Dominion Energy, Inc. Common Stock (D) [ST] Filing Status: New Subholding Of: Morgan Stanley - Select","Dominion Energy, Inc. Common Stock (D) [ST]",S (partial) UMA Account # 1,04/09/2025 1,05/14/2025,"$1,001 - $15,000",,"JT Dominion Energy, Inc. Common Stock (D) [ST] S (partial) 04/09/2025 05/14/2025 $1,001 - $15,000 Filing Status: New Subholding Of: Morgan Stanley - Select UMA Account # 1",,,False,100,D,accepted,house_ptr_structure+v8_1,False,False,True,04/09/2025,False,,valid_range
20030338,Hon. Josh Gottheimer,Member,NJ05,20030338.pdf,2025,46,JT,"DoorDash, Inc. - Common Stock","DoorDash, Inc. - Common Stock",DASH,DASH,ST,S (partial),2025-04-09,2025-05-13,1001.0,15000.0,,"$1,001 - $15,000",valid_range,New,Morgan Stanley - Select UMA Account # 1,,,,6,6,table,False,False,,False,0,False,True,100,True,20,False,https://disclosures-clerk.house.gov/public_disc/ptr-pdfs/2025/20030338.pdf,,,JT,"DoorDash, Inc. - Common Stock (DASH) [ST]","DoorDash, Inc. - Common Stock (DASH) [ST]",S (partial),04/09/2025,05/13/2025,"$1,001 - $15,000",Filing Status: New Subholding Of: Morgan Stanley - Select UMA Account # 1,"JT DoorDash, Inc. - Common Stock (DASH) [ST] S (partial) 04/09/2025 05/13/2025 $1,001 - $15,000 Filing Status: New Subholding Of: Morgan Stanley - Select UMA Account # 1",,,False,100,DASH,accepted,house_ptr_structure+v8_1,False,False,False,04/09/2025,False,,valid_range
20030338,Hon. Josh Gottheimer,Member,NJ05,20030338.pdf,2025,47,JT,Eli Lilly and Company Common Stock,Eli Lilly and Company Common Stock,LLY,LLY,ST,S (partial),2025-04-09,2025-05-13,1001.0,15000.0,,"$1,001 - $15,000",valid_range,New,Morgan Stanley - Select UMA Account # 1,,,,6,6,table,False,False,,False,0,False,False,100,True,20,False,https://disclosures-clerk.house.gov/public_disc/ptr-pdfs/2025/20030338.pdf,,,JT,Eli Lilly and Company Common Stock (LLY) [ST] Filing Status: New Subholding Of: Morgan Stanley - Select,Eli Lilly and Company Common Stock (LLY) [ST],S (partial) UMA Account # 1,04/09/2025 1,05/13/2025,"$1,001 - $15,000",,"JT Eli Lilly and Company Common Stock (LLY) [ST] S (partial) 04/09/2025 05/13/2025 $1,001 - $15,000 Filing Status: New Subholding Of: Morgan Stanley - Select UMA Account # 1",,,False,100,LLY,accepted,house_ptr_structure+v8_1,False,False,True,04/09/2025,False,,valid_range
20030338,Hon. Josh Gottheimer,Member,NJ05,20030338.pdf,2025,48,JT,Enerpac Tool Group Corp. Common Stock,Enerpac Tool Group Corp. Common Stock,EPAC,EPAC,ST,S,2025-04-17,2025-05-13,1001.0,15000.0,,"$1,001 - $15,000",valid_range,New,Morgan Stanley - Select UMA Account # 1,,,,6,6,table,False,False,,False,0,False,True,100,True,20,False,https://disclosures-clerk.house.gov/public_disc/ptr-pdfs/2025/20030338.pdf,,,JT,Enerpac Tool Group Corp. Common Stock (EPAC) [ST],Enerpac Tool Group Corp. Common Stock (EPAC) [ST],S,04/17/2025,05/13/2025,"$1,001 - $15,000",Filing Status: New Subholding Of: Morgan Stanley - Select UMA Account # 1,"JT Enerpac Tool Group Corp. Common Stock (EPAC) [ST] S 04/17/2025 05/13/2025 $1,001 - $15,000 Filing Status: New Subholding Of: Morgan Stanley - Select UMA Account # 1",,,False,100,EPAC,accepted,house_ptr_structure+v8_1,False,False,False,04/17/2025,False,,valid_range
20030338,Hon. Josh Gottheimer,Member,NJ05,20030338.pdf,2025,49,JT,Fastenal Company - Common Stock,Fastenal Company - Common Stock,FAST,FAST,ST,S (partial),2025-04-09,2025-05-13,1001.0,15000.0,,"$1,001 - $15,000",valid_range,New,Morgan Stanley - Select UMA Account # 1,,,,6,6,table,False,False,,False,0,False,False,100,True,20,False,https://disclosures-clerk.house.gov/public_disc/ptr-pdfs/2025/20030338.pdf,,,JT,Fastenal Company - Common Stock (FAST) [ST] Filing Status: New Subholding Of: Morgan Stanley - Select,Fastenal Company - Common Stock (FAST) [ST],S (partial) UMA Account # 1,04/09/2025 1,05/13/2025,"$1,001 - $15,000",,"JT Fastenal Company - Common Stock (FAST) [ST] S (partial) 04/09/2025 05/13/2025 $1,001 - $15,000 Filing Status: New Subholding Of: Morgan Stanley - Select UMA Account # 1",,,False,100,FAST,accepted,house_ptr_structure+v8_1,False,False,True,04/09/2025,False,,valid_range
20030338,Hon. Josh Gottheimer,Member,NJ05,20030338.pdf,2025,50,JT,"Fidelity National Information Services, Inc. Common Stock","Fidelity National Information Services, Inc. Common Stock",FIS,FIS,ST,S (partial),2025-04-09,2025-05-13,1001.0,15000.0,,"$1,001 - $15,000",valid_range,New,Morgan Stanley - Select UMA Account # 1,,,,6,6,table,False,False,,False,0,False,True,100,True,20,False,https://disclosures-clerk.house.gov/public_disc/ptr-pdfs/2025/20030338.pdf,,,JT,"Fidelity National Information Services, Inc. Common Stock (FIS) [ST]","Fidelity National Information Services, Inc. Common Stock (FIS) [ST]",S (partial),04/09/2025,05/13/2025,"$1,001 - $15,000",Filing Status: New Subholding Of: Morgan Stanley - Select UMA Account # 1,"JT Fidelity National Information Services, Inc. Common Stock (FIS) [ST] S (partial) 04/09/2025 05/13/2025 $1,001 - $15,000 Filing Status: New Subholding Of: Morgan Stanley - Select UMA Account # 1",,,False,100,FIS,accepted,house_ptr_structure+v8_1,False,False,False,04/09/2025,False,,valid_range
20030338,Hon. Josh Gottheimer,Member,NJ05,20030338.pdf,2025,51,JT,"Fiserv, Inc. Common Stock","Fiserv, Inc. Common Stock",FI,FI,ST,P,2025-04-04,2025-05-12,1001.0,15000.0,,"$1,001 - $15,000",valid_range,New,Morgan Stanley - Select UMA Account # 1,,,,6,6,table,False,False,,False,0,False,False,100,True,20,False,https://disclosures-clerk.house.gov/public_disc/ptr-pdfs/2025/20030338.pdf,,,JT,"Fiserv, Inc. Common Stock (FI) [ST] Filing Status: New Subholding Of: Morgan Stanley - Select","Fiserv, Inc. Common Stock (FI) [ST]",P UMA Account # 1,04/04/2025 1,05/12/2025,"$1,001 - $15,000",,"JT Fiserv, Inc. Common Stock (FI) [ST] P 04/04/2025 05/12/2025 $1,001 - $15,000 Filing Status: New Subholding Of: Morgan Stanley - Select UMA Account # 1",,,False,100,FI,accepted,house_ptr_structure+v8_1,False,False,True,04/04/2025,False,,valid_range
20030338,Hon. Josh Gottheimer,Member,NJ05,20030338.pdf,2025,52,JT,Fomento Economico Mexicano S.A.B. de C.V. Common Stock,Fomento Economico Mexicano S.A.B. de C.V. Common Stock,FMX,FMX,ST,S (partial),2025-04-09,2025-05-14,1001.0,15000.0,,"$1,001 - $15,000",valid_range,New,Morgan Stanley - Select UMA Account # 1,,,,7,7,table,False,False,,False,0,False,True,100,True,20,False,https://disclosures-clerk.house.gov/public_disc/ptr-pdfs/2025/20030338.pdf,,,JT,Fomento Economico Mexicano S.A.B. de C.V. Common Stock (FMX) [ST],Fomento Economico Mexicano S.A.B. de C.V. Common Stock (FMX) [ST],S (partial),04/09/2025,05/14/2025,"$1,001 - $15,000",Filing Status: New Subholding Of: Morgan Stanley - Select UMA Account # 1,"JT Fomento Economico Mexicano S.A.B. de C.V. Common Stock (FMX) [ST] S (partial) 04/09/2025 05/14/2025 $1,001 - $15,000 Filing Status: New Subholding Of: Morgan Stanley - Select UMA Account # 1",,,False,100,FMX,accepted,house_ptr_structure+v8_1,False,False,False,04/09/2025,False,,valid_range
20030338,Hon. Josh Gottheimer,Member,NJ05,20030338.pdf,2025,53,JT,"Globus Medical, Inc. Class A Common Stock","Globus Medical, Inc. Class A Common Stock",GMED,GMED,ST,S (partial),2025-04-09,2025-05-13,1001.0,15000.0,,"$1,001 - $15,000",valid_range,New,Morgan Stanley - Select UMA Account # 1,,,,7,7,table,False,False,,False,0,False,False,100,True,20,False,https://disclosures-clerk.house.gov/public_disc/ptr-pdfs/2025/20030338.pdf,,,JT,"Globus Medical, Inc. Class A Common Stock (GMED) [ST] Filing Status: New Subholding Of: Morgan Stanley - Select","Globus Medical, Inc. Class A Common Stock (GMED) [ST]",S (partial) UMA Account # 1,04/09/2025 1,05/13/2025,"$1,001 - $15,000",,"JT Globus Medical, Inc. Class A Common Stock (GMED) [ST] S (partial) 04/09/2025 05/13/2025 $1,001 - $15,000 Filing Status: New Subholding Of: Morgan Stanley - Select UMA Account # 1",,,False,100,GMED,accepted,house_ptr_structure+v8_1,False,False,True,04/09/2025,False,,valid_range
20030338,Hon. Josh Gottheimer,Member,NJ05,20030338.pdf,2025,54,JT,Haleon plc American Depositary Shares,Haleon plc American Depositary Shares,HLN,HLN,ST,S (partial),2025-04-09,2025-05-13,1001.0,15000.0,,"$1,001 - $15,000",valid_range,New,Morgan Stanley - Select UMA Account # 1,,,,7,7,table,False,False,,False,0,False,True,100,True,20,False,https://disclosures-clerk.house.gov/public_disc/ptr-pdfs/2025/20030338.pdf,,,JT,Haleon plc American Depositary Shares (HLN) [ST],Haleon plc American Depositary Shares (HLN) [ST],S (partial),04/09/2025,05/13/2025,"$1,001 - $15,000",Filing Status: New Subholding Of: Morgan Stanley - Select UMA Account # 1,"JT Haleon plc American Depositary Shares (HLN) [ST] S (partial) 04/09/2025 05/13/2025 $1,001 - $15,000 Filing Status: New Subholding Of: Morgan Stanley - Select UMA Account # 1",,,False,100,HLN,accepted,house_ptr_structure+v8_1,False,False,False,04/09/2025,False,,valid_range
20030338,Hon. Josh Gottheimer,Member,NJ05,20030338.pdf,2025,55,JT,HDFC Bank Limited Common Stock,HDFC Bank Limited Common Stock,HDB,HDB,ST,S (partial),2025-04-09,2025-05-13,1001.0,15000.0,,"$1,001 - $15,000",valid_range,New,Morgan Stanley - Select UMA Account # 1,,,,7,7,table,False,False,,False,0,False,False,100,True,20,False,https://disclosures-clerk.house.gov/public_disc/ptr-pdfs/2025/20030338.pdf,,,JT,HDFC Bank Limited Common Stock (HDB) [ST] Filing Status: New Subholding Of: Morgan Stanley - Select,HDFC Bank Limited Common Stock (HDB) [ST],S (partial) UMA Account # 1,04/09/2025 1,05/13/2025,"$1,001 - $15,000",,"JT HDFC Bank Limited Common Stock (HDB) [ST] S (partial) 04/09/2025 05/13/2025 $1,001 - $15,000 Filing Status: New Subholding Of: Morgan Stanley - Select UMA Account # 1",,,False,100,HDB,accepted,house_ptr_structure+v8_1,False,False,True,04/09/2025,False,,valid_range
20030338,Hon. Josh Gottheimer,Member,NJ05,20030338.pdf,2025,56,JT,Hillman Solutions Corp. - Common Stock,Hillman Solutions Corp. - Common Stock,HLMN,HLMN,ST,S,2025-04-17,2025-05-13,1001.0,15000.0,,"$1,001 - $15,000",valid_range,New,Morgan Stanley - Select UMA Account # 1,,,,7,7,table,False,False,,False,0,False,True,100,True,20,False,https://disclosures-clerk.house.gov/public_disc/ptr-pdfs/2025/20030338.pdf,,,JT,Hillman Solutions Corp. - Common Stock (HLMN) [ST],Hillman Solutions Corp. - Common Stock (HLMN) [ST],S,04/17/2025,05/13/2025,"$1,001 - $15,000",Filing Status: New Subholding Of: Morgan Stanley - Select UMA Account # 1,"JT Hillman Solutions Corp. - Common Stock (HLMN) [ST] S 04/17/2025 05/13/2025 $1,001 - $15,000 Filing Status: New Subholding Of: Morgan Stanley - Select UMA Account # 1",,,False,100,HLMN,accepted,house_ptr_structure+v8_1,False,False,False,04/17/2025,False,,valid_range
20030338,Hon. Josh Gottheimer,Member,NJ05,20030338.pdf,2025,57,JT,"Home Depot, Inc.","Home Depot, Inc.",HD,HD,ST,P,2025-04-21,2025-05-12,1001.0,15000.0,,"$1,001 - $15,000",valid_range,New,Morgan Stanley - Select UMA Account # 1,,,,7,7,table,False,False,,False,0,False,False,100,True,20,False,https://disclosures-clerk.house.gov/public_disc/ptr-pdfs/2025/20030338.pdf,,,JT,"Home Depot, Inc. (HD) [ST] Filing Status: New Subholding Of: Morgan Stanley - Select","Home Depot, Inc. (HD) [ST]",P UMA Account # 1,04/21/2025 1,05/12/2025,"$1,001 - $15,000",,"JT Home Depot, Inc. (HD) [ST] P 04/21/2025 05/12/2025 $1,001 - $15,000 Filing Status: New Subholding Of: Morgan Stanley - Select UMA Account # 1",,,False,100,HD,accepted,house_ptr_structure+v8_1,False,False,True,04/21/2025,False,,valid_range
20030338,Hon. Josh Gottheimer,Member,NJ05,20030338.pdf,2025,58,JT,Horace Mann Educators Corporation Common Stock,Horace Mann Educators Corporation Common Stock,HMN,HMN,ST,S (partial),2025-04-09,2025-05-14,1001.0,15000.0,,"$1,001 - $15,000",valid_range,New,Morgan Stanley - Select UMA Account # 1,,,,7,7,table,False,False,,False,0,False,True,100,True,20,False,https://disclosures-clerk.house.gov/public_disc/ptr-pdfs/2025/20030338.pdf,,,JT,Horace Mann Educators Corporation Common Stock (HMN) [ST],Horace Mann Educators Corporation Common Stock (HMN) [ST],S (partial),04/09/2025,05/14/2025,"$1,001 - $15,000",Filing Status: New Subholding Of: Morgan Stanley - Select UMA Account # 1,"JT Horace Mann Educators Corporation Common Stock (HMN) [ST] S (partial) 04/09/2025 05/14/2025 $1,001 - $15,000 Filing Status: New Subholding Of: Morgan Stanley - Select UMA Account # 1",,,False,100,HMN,accepted,house_ptr_structure+v8_1,False,False,False,04/09/2025,False,,valid_range
20030338,Hon. Josh Gottheimer,Member,NJ05,20030338.pdf,2025,59,JT,"Houlihan Lokey, Inc. Class A Common Stock","Houlihan Lokey, Inc. Class A Common Stock",HLI,HLI,ST,S (partial),2025-04-09,2025-05-13,1001.0,15000.0,,"$1,001 - $15,000",valid_range,New,Morgan Stanley - Select UMA Account # 1,,,,7,7,table,False,False,,False,0,False,False,100,True,20,False,https://disclosures-clerk.house.gov/public_disc/ptr-pdfs/2025/20030338.pdf,,,JT,"Houlihan Lokey, Inc. Class A Common Stock (HLI) [ST] Filing Status: New Subholding Of: Morgan Stanley - Select","Houlihan Lokey, Inc. Class A Common Stock (HLI) [ST]",S (partial) UMA Account # 1,04/09/2025 1,05/13/2025,"$1,001 - $15,000",,"JT Houlihan Lokey, Inc. Class A Common Stock (HLI) [ST] S (partial) 04/09/2025 05/13/2025 $1,001 - $15,000 Filing Status: New Subholding Of: Morgan Stanley - Select UMA Account # 1",,,False,100,HLI,accepted,house_ptr_structure+v8_1,False,False,True,04/09/2025,False,,valid_range
20030338,Hon. Josh Gottheimer,Member,NJ05,20030338.pdf,2025,60,JT,"IDACORP, Inc. Common Stock","IDACORP, Inc. Common Stock",IDA,IDA,ST,S (partial),2025-04-09,2025-05-14,1001.0,15000.0,,"$1,001 - $15,000",valid_range,New,Morgan Stanley - Select UMA Account # 1,,,,7,7,table,False,False,,False,0,False,True,100,True,20,False,https://disclosures-clerk.house.gov/public_disc/ptr-pdfs/2025/20030338.pdf,,,JT,"IDACORP, Inc. Common Stock (IDA) [ST]","IDACORP, Inc. Common Stock (IDA) [ST]",S (partial),04/09/2025,05/14/2025,"$1,001 - $15,000",Filing Status: New Subholding Of: Morgan Stanley - Select UMA Account # 1,"JT IDACORP, Inc. Common Stock (IDA) [ST] S (partial) 04/09/2025 05/14/2025 $1,001 - $15,000 Filing Status: New Subholding Of: Morgan Stanley - Select UMA Account # 1",,,False,100,IDA,accepted,house_ptr_structure+v8_1,False,False,False,04/09/2025,False,,valid_range
20030338,Hon. Josh Gottheimer,Member,NJ05,20030338.pdf,2025,61,JT,Insmed Incorporated - Common Stock,Insmed Incorporated - Common Stock,INSM,INSM,ST,S (partial),2025-04-09,2025-05-14,1001.0,15000.0,,"$1,001 - $15,000",valid_range,New,Morgan Stanley - Select UMA Account # 1,,,,8,8,table,False,False,,False,0,False,False,100,True,20,False,https://disclosures-clerk.house.gov/public_disc/ptr-pdfs/2025/20030338.pdf,,,JT,Insmed Incorporated - Common Stock (INSM) [ST] Filing Status: New Subholding Of: Morgan Stanley - Select,Insmed Incorporated - Common Stock (INSM) [ST],S (partial) UMA Account # 1,04/09/2025 1,05/14/2025,"$1,001 - $15,000",,"JT Insmed Incorporated - Common Stock (INSM) [ST] S (partial) 04/09/2025 05/14/2025 $1,001 - $15,000 Filing Status: New Subholding Of: Morgan Stanley - Select UMA Account # 1",,,False,100,INSM,accepted,house_ptr_structure+v8_1,False,False,True,04/09/2025,False,,valid_range
20030338,Hon. Josh Gottheimer,Member,NJ05,20030338.pdf,2025,62,JT,"Intapp, Inc. - Common Stock","Intapp, Inc. - Common Stock",INTA,INTA,ST,S (partial),2025-04-09,2025-05-13,1001.0,15000.0,,"$1,001 - $15,000",valid_range,New,Morgan Stanley - Select UMA Account # 1,,,,8,8,table,False,False,,False,0,False,True,100,True,20,False,https://disclosures-clerk.house.gov/public_disc/ptr-pdfs/2025/20030338.pdf,,,JT,"Intapp, Inc. - Common Stock (INTA) [ST]","Intapp, Inc. - Common Stock (INTA) [ST]",S (partial),04/09/2025,05/13/2025,"$1,001 - $15,000",Filing Status: New Subholding Of: Morgan Stanley - Select UMA Account # 1,"JT Intapp, Inc. - Common Stock (INTA) [ST] S (partial) 04/09/2025 05/13/2025 $1,001 - $15,000 Filing Status: New Subholding Of: Morgan Stanley - Select UMA Account # 1",,,False,100,INTA,accepted,house_ptr_structure+v8_1,False,False,False,04/09/2025,False,,valid_range
20030338,Hon. Josh Gottheimer,Member,NJ05,20030338.pdf,2025,63,JT,Intra-Cellular Therapies Inc.,Intra-Cellular Therapies Inc.,ITCI,ITCI,ST,S,2025-04-03,2025-05-14,1001.0,15000.0,,"$1,001 - $15,000",valid_range,New,Morgan Stanley - Select UMA Account # 1,,,,8,8,table,False,False,,False,0,False,False,100,True,20,False,https://disclosures-clerk.house.gov/public_disc/ptr-pdfs/2025/20030338.pdf,,,JT,Intra-Cellular Therapies Inc. (ITCI) [ST] Filing Status: New Subholding Of: Morgan Stanley - Select,Intra-Cellular Therapies Inc. (ITCI) [ST],S UMA Account # 1,04/03/2025 1,05/14/2025,"$1,001 - $15,000",,"JT Intra-Cellular Therapies Inc. (ITCI) [ST] S 04/03/2025 05/14/2025 $1,001 - $15,000 Filing Status: New Subholding Of: Morgan Stanley - Select UMA Account # 1",,,False,100,ITCI,accepted,house_ptr_structure+v8_1,False,False,True,04/03/2025,False,,valid_range
20030338,Hon. Josh Gottheimer,Member,NJ05,20030338.pdf,2025,64,JT,"Intuitive Surgical, Inc. - Common Stock","Intuitive Surgical, Inc. - Common Stock",ISRG,ISRG,ST,S (partial),2025-04-09,2025-05-13,1001.0,15000.0,,"$1,001 - $15,000",valid_range,New,Morgan Stanley - Select UMA Account # 1,,,,8,8,table,False,False,,False,0,False,True,100,True,20,False,https://disclosures-clerk.house.gov/public_disc/ptr-pdfs/2025/20030338.pdf,,,JT,"Intuitive Surgical, Inc. - Common Stock (ISRG) [ST]","Intuitive Surgical, Inc. - Common Stock (ISRG) [ST]",S (partial),04/09/2025,05/13/2025,"$1,001 - $15,000",Filing Status: New Subholding Of: Morgan Stanley - Select UMA Account # 1,"JT Intuitive Surgical, Inc. - Common Stock (ISRG) [ST] S (partial) 04/09/2025 05/13/2025 $1,001 - $15,000 Filing Status: New Subholding Of: Morgan Stanley - Select UMA Account # 1",,,False,100,ISRG,accepted,house_ptr_structure+v8_1,False,False,False,04/09/2025,False,,valid_range
20030338,Hon. Josh Gottheimer,Member,NJ05,20030338.pdf,2025,65,JT,Johnson & Johnson Common Stock,Johnson & Johnson Common Stock,JNJ,JNJ,ST,S (partial),2025-04-09,2025-05-13,1001.0,15000.0,,"$1,001 - $15,000",valid_range,New,Morgan Stanley - Select UMA Account # 1,,,,8,8,table,False,False,,False,0,False,False,100,True,20,False,https://disclosures-clerk.house.gov/public_disc/ptr-pdfs/2025/20030338.pdf,,,JT,Johnson & Johnson Common Stock (JNJ) [ST] Filing Status: New Subholding Of: Morgan Stanley - Select,Johnson & Johnson Common Stock (JNJ) [ST],S (partial) UMA Account # 1,04/09/2025 1,05/13/2025,"$1,001 - $15,000",,"JT Johnson & Johnson Common Stock (JNJ) [ST] S (partial) 04/09/2025 05/13/2025 $1,001 - $15,000 Filing Status: New Subholding Of: Morgan Stanley - Select UMA Account # 1",,,False,100,JNJ,accepted,house_ptr_structure+v8_1,False,False,True,04/09/2025,False,,valid_range
20030338,Hon. Josh Gottheimer,Member,NJ05,20030338.pdf,2025,66,JT,KKR & Co. Inc. Common Stock,KKR & Co. Inc. Common Stock,KKR,KKR,ST,S (partial),2025-04-21,2025-05-12,1001.0,15000.0,,"$1,001 - $15,000",valid_range,New,Morgan Stanley - Select UMA Account # 1,,,,8,8,table,False,False,,False,0,False,True,100,True,20,False,https://disclosures-clerk.house.gov/public_disc/ptr-pdfs/2025/20030338.pdf,,,JT,KKR & Co. Inc. Common Stock (KKR) [ST],KKR & Co. Inc. Common Stock (KKR) [ST],S (partial),04/21/2025,05/12/2025,"$1,001 - $15,000",Filing Status: New Subholding Of: Morgan Stanley - Select UMA Account # 1,"JT KKR & Co. Inc. Common Stock (KKR) [ST] S (partial) 04/21/2025 05/12/2025 $1,001 - $15,000 Filing Status: New Subholding Of: Morgan Stanley - Select UMA Account # 1",,,False,100,KKR,accepted,house_ptr_structure+v8_1,False,False,False,04/21/2025,False,,valid_range
20030338,Hon. Josh Gottheimer,Member,NJ05,20030338.pdf,2025,67,JT,KKR & Co. Inc. Common Stock,KKR & Co. Inc. Common Stock,KKR,KKR,ST,S (partial),2025-04-14,2025-05-13,1001.0,15000.0,,"$1,001 - $15,000",valid_range,New,Morgan Stanley - Select UMA Account # 1,,,,8,8,table,False,False,,False,0,False,False,100,True,20,False,https://disclosures-clerk.house.gov/public_disc/ptr-pdfs/2025/20030338.pdf,,,JT,KKR & Co. Inc. Common Stock (KKR) [ST] Filing Status: New Subholding Of: Morgan Stanley - Select,KKR & Co. Inc. Common Stock (KKR) [ST],S (partial) UMA Account # 1,04/14/2025 1,05/13/2025,"$1,001 - $15,000",,"JT KKR & Co. Inc. Common Stock (KKR) [ST] S (partial) 04/14/2025 05/13/2025 $1,001 - $15,000 Filing Status: New Subholding Of: Morgan Stanley - Select UMA Account # 1",,,False,100,KKR,accepted,house_ptr_structure+v8_1,False,False,True,04/14/2025,False,,valid_range
20030338,Hon. Josh Gottheimer,Member,NJ05,20030338.pdf,2025,68,JT,L'Oreal Co. American Depositary Shares,L'Oreal Co. American Depositary Shares,LRLCY,LRLCY,ST,S (partial),2025-04-09,2025-05-13,1001.0,15000.0,,"$1,001 - $15,000",valid_range,New,Morgan Stanley - Select UMA Account # 1,,,,8,8,table,False,False,,False,0,False,True,100,True,20,False,https://disclosures-clerk.house.gov/public_disc/ptr-pdfs/2025/20030338.pdf,,,JT,L'Oreal Co. American Depositary Shares (LRLCY) [ST],L'Oreal Co. American Depositary Shares (LRLCY) [ST],S (partial),04/09/2025,05/13/2025,"$1,001 - $15,000",Filing Status: New Subholding Of: Morgan Stanley - Select UMA Account # 1,"JT L'Oreal Co. American Depositary Shares (LRLCY) [ST] S (partial) 04/09/2025 05/13/2025 $1,001 - $15,000 Filing Status: New Subholding Of: Morgan Stanley - Select UMA Account # 1",,,False,100,LRLCY,accepted,house_ptr_structure+v8_1,False,False,False,04/09/2025,False,,valid_range
20030338,Hon. Josh Gottheimer,Member,NJ05,20030338.pdf,2025,69,JT,"Lowe's Companies, Inc. Common Stock","Lowe's Companies, Inc. Common Stock",LOW,LOW,ST,S (partial),2025-04-09,2025-05-13,1001.0,15000.0,,"$1,001 - $15,000",valid_range,New,Morgan Stanley - Select UMA Account # 1,,,,8,8,table,False,False,,False,0,False,False,100,True,20,False,https://disclosures-clerk.house.gov/public_disc/ptr-pdfs/2025/20030338.pdf,,,JT,"Lowe's Companies, Inc. Common Stock (LOW) [ST] Filing Status: New Subholding Of: Morgan Stanley - Select","Lowe's Companies, Inc. Common Stock (LOW) [ST]",S (partial) UMA Account # 1,04/09/2025 1,05/13/2025,"$1,001 - $15,000",,"JT Lowe's Companies, Inc. Common Stock (LOW) [ST] S (partial) 04/09/2025 05/13/2025 $1,001 - $15,000 Filing Status: New Subholding Of: Morgan Stanley - Select UMA Account # 1",,,False,100,LOW,accepted,house_ptr_structure+v8_1,False,False,True,04/09/2025,False,,valid_range
20030338,Hon. Josh Gottheimer,Member,NJ05,20030338.pdf,2025,70,JT,"MACOM Technology Solutions Holdings, Inc. - Common Stock","MACOM Technology Solutions Holdings, Inc. - Common Stock",MTSI,MTSI,ST,S (partial),2025-04-09,2025-05-13,1001.0,15000.0,,"$1,001 - $15,000",valid_range,New,Morgan Stanley - Select UMA Account # 1,,,,9,9,table,False,False,,False,0,False,True,100,True,20,False,https://disclosures-clerk.house.gov/public_disc/ptr-pdfs/2025/20030338.pdf,,,JT,"MACOM Technology Solutions Holdings, Inc. - Common Stock (MTSI) [ST]","MACOM Technology Solutions Holdings, Inc. - Common Stock (MTSI) [ST]",S (partial),04/09/2025,05/13/2025,"$1,001 - $15,000",Filing Status: New Subholding Of: Morgan Stanley - Select UMA Account # 1,"JT MACOM Technology Solutions Holdings, Inc. - Common Stock (MTSI) [ST] S (partial) 04/09/2025 05/13/2025 $1,001 - $15,000 Filing Status: New Subholding Of: Morgan Stanley - Select UMA Account # 1",,,False,100,MTSI,accepted,house_ptr_structure+v8_1,False,False,False,04/09/2025,False,,valid_range
20030338,Hon. Josh Gottheimer,Member,NJ05,20030338.pdf,2025,71,JT,Magnolia Oil & Gas Corporation Class A Common Stock,Magnolia Oil & Gas Corporation Class A Common Stock,MGY,MGY,ST,S (partial),2025-04-09,2025-05-13,1001.0,15000.0,,"$1,001 - $15,000",valid_range,New,Morgan Stanley - Select UMA Account # 1,,,,9,9,table,False,False,,False,0,False,False,100,True,20,False,https://disclosures-clerk.house.gov/public_disc/ptr-pdfs/2025/20030338.pdf,,,JT,Magnolia Oil & Gas Corporation Class A Common Stock (MGY) [ST] Filing Status: New Subholding Of: Morgan Stanley - Select,Magnolia Oil & Gas Corporation Class A Common Stock (MGY) [ST],S (partial) UMA Account # 1,04/09/2025 1,05/13/2025,"$1,001 - $15,000",,"JT Magnolia Oil & Gas Corporation Class A Common Stock (MGY) [ST] S (partial) 04/09/2025 05/13/2025 $1,001 - $15,000 Filing Status: New Subholding Of: Morgan Stanley - Select UMA Account # 1",,,False,100,MGY,accepted,house_ptr_structure+v8_1,False,False,True,04/09/2025,False,,valid_range
20030338,Hon. Josh Gottheimer,Member,NJ05,20030338.pdf,2025,72,JT,Manulife Financial Corporation Common Stock,Manulife Financial Corporation Common Stock,MFC,MFC,ST,S (partial),2025-04-09,2025-05-14,1001.0,15000.0,,"$1,001 - $15,000",valid_range,New,Morgan Stanley - Select UMA Account # 1,,,,9,9,table,False,False,,False,0,False,True,100,True,20,False,https://disclosures-clerk.house.gov/public_disc/ptr-pdfs/2025/20030338.pdf,,,JT,Manulife Financial Corporation Common Stock (MFC) [ST],Manulife Financial Corporation Common Stock (MFC) [ST],S (partial),04/09/2025,05/14/2025,"$1,001 - $15,000",Filing Status: New Subholding Of: Morgan Stanley - Select UMA Account # 1,"JT Manulife Financial Corporation Common Stock (MFC) [ST] S (partial) 04/09/2025 05/14/2025 $1,001 - $15,000 Filing Status: New Subholding Of: Morgan Stanley - Select UMA Account # 1",,,False,100,MFC,accepted,house_ptr_structure+v8_1,False,False,False,04/09/2025,False,,valid_range
20030338,Hon. Josh Gottheimer,Member,NJ05,20030338.pdf,2025,73,JT,Mastercard Incorporated Common Stock,Mastercard Incorporated Common Stock,MA,MA,ST,S (partial),2025-04-09,2025-05-13,1001.0,15000.0,,"$1,001 - $15,000",valid_range,New,Morgan Stanley - Select UMA Account # 1,,,,9,9,table,False,False,,False,0,False,False,100,True,20,False,https://disclosures-clerk.house.gov/public_disc/ptr-pdfs/2025/20030338.pdf,,,JT,Mastercard Incorporated Common Stock (MA) [ST] Filing Status: New Subholding Of: Morgan Stanley - Select,Mastercard Incorporated Common Stock (MA) [ST],S (partial) UMA Account # 1,04/09/2025 1,05/13/2025,"$1,001 - $15,000",,"JT Mastercard Incorporated Common Stock (MA) [ST] S (partial) 04/09/2025 05/13/2025 $1,001 - $15,000 Filing Status: New Subholding Of: Morgan Stanley - Select UMA Account # 1",,,False,100,MA,accepted,house_ptr_structure+v8_1,False,False,True,04/09/2025,False,,valid_range
20030338,Hon. Josh Gottheimer,Member,NJ05,20030338.pdf,2025,74,JT,McKesson Corporation Common Stock,McKesson Corporation Common Stock,MCK,MCK,ST,S (partial),2025-04-09,2025-05-14,1001.0,15000.0,,"$1,001 - $15,000",valid_range,New,Morgan Stanley - Select UMA Account # 1,,,,9,9,table,False,False,,False,0,False,True,100,True,20,False,https://disclosures-clerk.house.gov/public_disc/ptr-pdfs/2025/20030338.pdf,,,JT,McKesson Corporation Common Stock (MCK) [ST],McKesson Corporation Common Stock (MCK) [ST],S (partial),04/09/2025,05/14/2025,"$1,001 - $15,000",Filing Status: New Subholding Of: Morgan Stanley - Select UMA Account # 1,"JT McKesson Corporation Common Stock (MCK) [ST] S (partial) 04/09/2025 05/14/2025 $1,001 - $15,000 Filing Status: New Subholding Of: Morgan Stanley - Select UMA Account # 1",,,False,100,MCK,accepted,house_ptr_structure+v8_1,False,False,False,04/09/2025,False,,valid_range
20030338,Hon. Josh Gottheimer,Member,NJ05,20030338.pdf,2025,75,JT,"Meta Platforms, Inc. - Class A Common Stock","Meta Platforms, Inc. - Class A Common Stock",META,META,ST,S (partial),2025-04-09,2025-05-13,1001.0,15000.0,,"$1,001 - $15,000",valid_range,New,Morgan Stanley - Select UMA Account # 1,,,,9,9,table,False,False,,False,0,False,False,100,True,20,False,https://disclosures-clerk.house.gov/public_disc/ptr-pdfs/2025/20030338.pdf,,,JT,"Meta Platforms, Inc. - Class A Common Stock (META) [ST] Filing Status: New Subholding Of: Morgan Stanley - Select","Meta Platforms, Inc. - Class A Common Stock (META) [ST]",S (partial) UMA Account # 1,04/09/2025 1,05/13/2025,"$1,001 - $15,000",,"JT Meta Platforms, Inc. - Class A Common Stock (META) [ST] S (partial) 04/09/2025 05/13/2025 $1,001 - $15,000 Filing Status: New Subholding Of: Morgan Stanley - Select UMA Account # 1",,,False,100,META,accepted,house_ptr_structure+v8_1,False,False,True,04/09/2025,False,,valid_range
20030338,Hon. Josh Gottheimer,Member,NJ05,20030338.pdf,2025,76,JT,Microsoft Corporation - Common Stock,Microsoft Corporation - Common Stock,MSFT,MSFT,OP,P,2025-04-04,2025-05-14,50001.0,100000.0,,"$50,001 - $100,000",valid_range,New,Morgan Stanley - Portfolio Management Active Assets Account,,Call options; Strike price $320; Expires 6/18/2026,,9,9,table,False,False,,False,0,False,True,100,True,30,False,https://disclosures-clerk.house.gov/public_disc/ptr-pdfs/2025/20030338.pdf,,,JT,Microsoft Corporation - Common Stock (MSFT) [OP],Microsoft Corporation - Common Stock (MSFT) [OP],P,04/04/2025,05/14/2025,"$50,001 - $100,000",Filing Status: New Subholding Of: Morgan Stanley - Portfolio Management Active Assets Account Description: Call options; Strike price $320; Expires 6/18/2026,"JT Microsoft Corporation - Common Stock (MSFT) [OP] P 04/04/2025 05/14/2025 $50,001 - $100,000 Filing Status: New Subholding Of: Morgan Stanley - Portfolio Management Active Assets Account Description: Call options; Strike price $320; Expires 6/18/2026",,,False,100,,not_applicable,,False,False,False,04/04/2025,False,,valid_range
20030338,Hon. Josh Gottheimer,Member,NJ05,20030338.pdf,2025,77,JT,NESTLE S.A S/ADR,NESTLE S.A S/ADR,NSRGY,NSRGY,ST,S (partial),2025-04-09,2025-05-13,1001.0,15000.0,,"$1,001 - $15,000",valid_range,New,Morgan Stanley - Select UMA Account # 1,,,,9,9,table,False,False,,False,0,False,False,100,True,20,False,https://disclosures-clerk.house.gov/public_disc/ptr-pdfs/2025/20030338.pdf,,,JT,NESTLE S.A S/ADR (NSRGY) [ST] Filing Status: New Subholding Of: Morgan Stanley - Select,NESTLE S.A S/ADR (NSRGY) [ST],S (partial) UMA Account # 1,04/09/2025 1,05/13/2025,"$1,001 - $15,000",,"JT NESTLE S.A S/ADR (NSRGY) [ST] S (partial) 04/09/2025 05/13/2025 $1,001 - $15,000 Filing Status: New Subholding Of: Morgan Stanley - Select UMA Account # 1",,,False,100,NSRGY,accepted,house_ptr_structure+v8_1,False,False,True,04/09/2025,False,,valid_range
20030338,Hon. Josh Gottheimer,Member,NJ05,20030338.pdf,2025,78,JT,"Netflix, Inc. - Common Stock","Netflix, Inc. - Common Stock",NFLX,NFLX,ST,S (partial),2025-04-09,2025-05-13,1001.0,15000.0,,"$1,001 - $15,000",valid_range,New,Morgan Stanley - Select UMA Account # 1 Type Date Gains > $200?,,,,9,10,table,False,False,,True,0,False,True,98,True,20,False,https://disclosures-clerk.house.gov/public_disc/ptr-pdfs/2025/20030338.pdf,,,JT,"Netflix, Inc. - Common Stock (NFLX) [ST]","Netflix, Inc. - Common Stock (NFLX) [ST]",S (partial),04/09/2025,05/13/2025,"$1,001 - $15,000",Filing Status: New Subholding Of: Morgan Stanley - Select UMA Account # 1 Type Date Gains > $200?,"JT Netflix, Inc. - Common Stock (NFLX) [ST] S (partial) 04/09/2025 05/13/2025 $1,001 - $15,000 Filing Status: New Subholding Of: Morgan Stanley - Select UMA Account # 1 Type Date Gains > $200?",,,False,98,NFLX,accepted,house_ptr_structure+v8_1,False,False,False,04/09/2025,False,,valid_range
20030338,Hon. Josh Gottheimer,Member,NJ05,20030338.pdf,2025,79,JT,Nintendo Co Ltd ADR,Nintendo Co Ltd ADR,NTDOY,NTDOY,ST,S (partial),2025-04-09,2025-05-14,1001.0,15000.0,,"$1,001 - $15,000",valid_range,New,Morgan Stanley - Select UMA Account # 1,,,,10,10,table,False,False,,False,0,False,False,100,True,20,False,https://disclosures-clerk.house.gov/public_disc/ptr-pdfs/2025/20030338.pdf,,,JT,Nintendo Co Ltd ADR (NTDOY) [ST] Filing Status: New Subholding Of: Morgan Stanley - Select,Nintendo Co Ltd ADR (NTDOY) [ST],S (partial) UMA Account # 1,04/09/2025 1,05/14/2025,"$1,001 - $15,000",,"JT Nintendo Co Ltd ADR (NTDOY) [ST] S (partial) 04/09/2025 05/14/2025 $1,001 - $15,000 Filing Status: New Subholding Of: Morgan Stanley - Select UMA Account # 1",,,False,100,NTDOY,accepted,house_ptr_structure+v8_1,False,False,True,04/09/2025,False,,valid_range
20030338,Hon. Josh Gottheimer,Member,NJ05,20030338.pdf,2025,80,JT,Norfolk Southern Corporation Common Stock,Norfolk Southern Corporation Common Stock,NSC,NSC,ST,S (partial),2025-04-09,2025-05-13,1001.0,15000.0,,"$1,001 - $15,000",valid_range,New,Morgan Stanley - Select UMA Account # 1,,,,10,10,table,False,False,,False,0,False,True,100,True,20,False,https://disclosures-clerk.house.gov/public_disc/ptr-pdfs/2025/20030338.pdf,,,JT,Norfolk Southern Corporation Common Stock (NSC) [ST],Norfolk Southern Corporation Common Stock (NSC) [ST],S (partial),04/09/2025,05/13/2025,"$1,001 - $15,000",Filing Status: New Subholding Of: Morgan Stanley - Select UMA Account # 1,"JT Norfolk Southern Corporation Common Stock (NSC) [ST] S (partial) 04/09/2025 05/13/2025 $1,001 - $15,000 Filing Status: New Subholding Of: Morgan Stanley - Select UMA Account # 1",,,False,100,NSC,accepted,house_ptr_structure+v8_1,False,False,False,04/09/2025,False,,valid_range
20030338,Hon. Josh Gottheimer,Member,NJ05,20030338.pdf,2025,81,JT,Northrop Grumman Corporation Common Stock,Northrop Grumman Corporation Common Stock,NOC,NOC,ST,S (partial),2025-04-09,2025-05-13,1001.0,15000.0,,"$1,001 - $15,000",valid_range,New,Morgan Stanley - Select UMA Account # 1,,,,10,10,table,False,False,,False,0,False,False,100,True,20,False,https://disclosures-clerk.house.gov/public_disc/ptr-pdfs/2025/20030338.pdf,,,JT,Northrop Grumman Corporation Common Stock (NOC) [ST] Filing Status: New Subholding Of: Morgan Stanley - Select,Northrop Grumman Corporation Common Stock (NOC) [ST],S (partial) UMA Account # 1,04/09/2025 1,05/13/2025,"$1,001 - $15,000",,"JT Northrop Grumman Corporation Common Stock (NOC) [ST] S (partial) 04/09/2025 05/13/2025 $1,001 - $15,000 Filing Status: New Subholding Of: Morgan Stanley - Select UMA Account # 1",,,False,100,NOC,accepted,house_ptr_structure+v8_1,False,False,True,04/09/2025,False,,valid_range
20030338,Hon. Josh Gottheimer,Member,NJ05,20030338.pdf,2025,82,JT,NVIDIA Corporation - Common Stock,NVIDIA Corporation - Common Stock,NVDA,NVDA,ST,S (partial),2025-04-09,2025-05-14,1001.0,15000.0,,"$1,001 - $15,000",valid_range,New,Morgan Stanley - Select UMA Account # 1,,,,10,10,table,False,False,,False,0,False,True,100,True,20,False,https://disclosures-clerk.house.gov/public_disc/ptr-pdfs/2025/20030338.pdf,,,JT,NVIDIA Corporation - Common Stock (NVDA) [ST],NVIDIA Corporation - Common Stock (NVDA) [ST],S (partial),04/09/2025,05/14/2025,"$1,001 - $15,000",Filing Status: New Subholding Of: Morgan Stanley - Select UMA Account # 1,"JT NVIDIA Corporation - Common Stock (NVDA) [ST] S (partial) 04/09/2025 05/14/2025 $1,001 - $15,000 Filing Status: New Subholding Of: Morgan Stanley - Select UMA Account # 1",,,False,100,NVDA,accepted,house_ptr_structure+v8_1,False,False,False,04/09/2025,False,,valid_range
20030338,Hon. Josh Gottheimer,Member,NJ05,20030338.pdf,2025,83,JT,PAR Technology Corporation Common Stock,PAR Technology Corporation Common Stock,PAR,PAR,ST,S,2025-04-17,2025-05-13,1001.0,15000.0,,"$1,001 - $15,000",valid_range,New,Morgan Stanley - Select UMA Account # 1,,,,10,10,table,False,False,,False,0,False,False,100,True,20,False,https://disclosures-clerk.house.gov/public_disc/ptr-pdfs/2025/20030338.pdf,,,JT,PAR Technology Corporation Common Stock (PAR) [ST] Filing Status: New Subholding Of: Morgan Stanley - Select,PAR Technology Corporation Common Stock (PAR) [ST],S UMA Account # 1,04/17/2025 1,05/13/2025,"$1,001 - $15,000",,"JT PAR Technology Corporation Common Stock (PAR) [ST] S 04/17/2025 05/13/2025 $1,001 - $15,000 Filing Status: New Subholding Of: Morgan Stanley - Select UMA Account # 1",,,False,100,PAR,accepted,house_ptr_structure+v8_1,False,False,True,04/17/2025,False,,valid_range
20030338,Hon. Josh Gottheimer,Member,NJ05,20030338.pdf,2025,84,JT,"Patrick Industries, Inc. - Common Stock","Patrick Industries, Inc. - Common Stock",PATK,PATK,ST,S (partial),2025-04-09,2025-05-13,1001.0,15000.0,,"$1,001 - $15,000",valid_range,New,Morgan Stanley - Select UMA Account # 1,,,,10,10,table,False,False,,False,0,False,True,100,True,20,False,https://disclosures-clerk.house.gov/public_disc/ptr-pdfs/2025/20030338.pdf,,,JT,"Patrick Industries, Inc. - Common Stock (PATK) [ST]","Patrick Industries, Inc. - Common Stock (PATK) [ST]",S (partial),04/09/2025,05/13/2025,"$1,001 - $15,000",Filing Status: New Subholding Of: Morgan Stanley - Select UMA Account # 1,"JT Patrick Industries, Inc. - Common Stock (PATK) [ST] S (partial) 04/09/2025 05/13/2025 $1,001 - $15,000 Filing Status: New Subholding Of: Morgan Stanley - Select UMA Account # 1",,,False,100,PATK,accepted,house_ptr_structure+v8_1,False,False,False,04/09/2025,False,,valid_range
20030338,Hon. Josh Gottheimer,Member,NJ05,20030338.pdf,2025,85,JT,"Paychex, Inc. - Common Stock","Paychex, Inc. - Common Stock",PAYX,PAYX,ST,S (partial),2025-04-09,2025-05-12,1001.0,15000.0,,"$1,001 - $15,000",valid_range,New,Morgan Stanley - Select UMA Account # 1,,,,10,10,table,False,False,,False,0,False,False,100,True,20,False,https://disclosures-clerk.house.gov/public_disc/ptr-pdfs/2025/20030338.pdf,,,JT,"Paychex, Inc. - Common Stock (PAYX) [ST] Filing Status: New Subholding Of: Morgan Stanley - Select","Paychex, Inc. - Common Stock (PAYX) [ST]",S (partial) UMA Account # 1,04/09/2025 1,05/12/2025,"$1,001 - $15,000",,"JT Paychex, Inc. - Common Stock (PAYX) [ST] S (partial) 04/09/2025 05/12/2025 $1,001 - $15,000 Filing Status: New Subholding Of: Morgan Stanley - Select UMA Account # 1",,,False,100,PAYX,accepted,house_ptr_structure+v8_1,False,False,True,04/09/2025,False,,valid_range
20030338,Hon. Josh Gottheimer,Member,NJ05,20030338.pdf,2025,86,JT,Progressive Corporation,Progressive Corporation,PGR,PGR,ST,S (partial),2025-04-09,2025-05-13,1001.0,15000.0,,"$1,001 - $15,000",valid_range,New,Morgan Stanley - Select UMA Account # 1,,,,10,10,table,False,False,,False,0,False,True,100,True,20,False,https://disclosures-clerk.house.gov/public_disc/ptr-pdfs/2025/20030338.pdf,,,JT,Progressive Corporation (PGR) [ST],Progressive Corporation (PGR) [ST],S (partial),04/09/2025,05/13/2025,"$1,001 - $15,000",Filing Status: New Subholding Of: Morgan Stanley - Select UMA Account # 1,"JT Progressive Corporation (PGR) [ST] S (partial) 04/09/2025 05/13/2025 $1,001 - $15,000 Filing Status: New Subholding Of: Morgan Stanley - Select UMA Account # 1",,,False,100,PGR,accepted,house_ptr_structure+v8_1,False,False,False,04/09/2025,False,,valid_range
20030338,Hon. Josh Gottheimer,Member,NJ05,20030338.pdf,2025,87,JT,"PT Telekomunikasi Indonesia, Tbk","PT Telekomunikasi Indonesia, Tbk",TLK,TLK,ST,P,2025-04-21,2025-05-12,1001.0,15000.0,,"$1,001 - $15,000",valid_range,New,Morgan Stanley - Select UMA Account # 1,,,,10,10,table,False,False,,False,0,False,False,100,True,20,False,https://disclosures-clerk.house.gov/public_disc/ptr-pdfs/2025/20030338.pdf,,,JT,"PT Telekomunikasi Indonesia, Tbk (TLK) [ST] Filing Status: New Subholding Of: Morgan Stanley - Select","PT Telekomunikasi Indonesia, Tbk (TLK) [ST]",P UMA Account # 1,04/21/2025 1,05/12/2025,"$1,001 - $15,000",,"JT PT Telekomunikasi Indonesia, Tbk (TLK) [ST] P 04/21/2025 05/12/2025 $1,001 - $15,000 Filing Status: New Subholding Of: Morgan Stanley - Select UMA Account # 1",,,False,100,TLK,accepted,house_ptr_structure+v8_1,False,False,True,04/21/2025,False,,valid_range
20030338,Hon. Josh Gottheimer,Member,NJ05,20030338.pdf,2025,88,JT,RBC Bearings Incorporated Common Stock,RBC Bearings Incorporated Common Stock,RBC,RBC,ST,S (partial),2025-04-09,2025-05-13,1001.0,15000.0,,"$1,001 - $15,000",valid_range,New,Morgan Stanley - Select UMA Account # 1,,,,11,11,table,False,False,,False,0,False,True,100,True,20,False,https://disclosures-clerk.house.gov/public_disc/ptr-pdfs/2025/20030338.pdf,,,JT,RBC Bearings Incorporated Common Stock (RBC) [ST],RBC Bearings Incorporated Common Stock (RBC) [ST],S (partial),04/09/2025,05/13/2025,"$1,001 - $15,000",Filing Status: New Subholding Of: Morgan Stanley - Select UMA Account # 1,"JT RBC Bearings Incorporated Common Stock (RBC) [ST] S (partial) 04/09/2025 05/13/2025 $1,001 - $15,000 Filing Status: New Subholding Of: Morgan Stanley - Select UMA Account # 1",,,False,100,RBC,accepted,house_ptr_structure+v8_1,False,False,False,04/09/2025,False,,valid_range
20030338,Hon. Josh Gottheimer,Member,NJ05,20030338.pdf,2025,89,JT,Rio Tinto Plc Common Stock,Rio Tinto Plc Common Stock,RIO,RIO,ST,S (partial),2025-04-09,2025-05-14,1001.0,15000.0,,"$1,001 - $15,000",valid_range,New,Morgan Stanley - Select UMA Account # 1,,,,11,11,table,False,False,,False,0,False,False,100,True,20,False,https://disclosures-clerk.house.gov/public_disc/ptr-pdfs/2025/20030338.pdf,,,JT,Rio Tinto Plc Common Stock (RIO) [ST] Filing Status: New Subholding Of: Morgan Stanley - Select,Rio Tinto Plc Common Stock (RIO) [ST],S (partial) UMA Account # 1,04/09/2025 1,05/14/2025,"$1,001 - $15,000",,"JT Rio Tinto Plc Common Stock (RIO) [ST] S (partial) 04/09/2025 05/14/2025 $1,001 - $15,000 Filing Status: New Subholding Of: Morgan Stanley - Select UMA Account # 1",,,False,100,RIO,accepted,house_ptr_structure+v8_1,False,False,True,04/09/2025,False,,valid_range
20030338,Hon. Josh Gottheimer,Member,NJ05,20030338.pdf,2025,90,JT,ROCHE HOLDING LTD S/ADR,ROCHE HOLDING LTD S/ADR,RHHBY,RHHBY,ST,S (partial),2025-04-09,2025-05-14,1001.0,15000.0,,"$1,001 - $15,000",valid_range,New,Morgan Stanley - Select UMA Account # 1,,,,11,11,table,False,False,,False,0,False,True,100,True,20,False,https://disclosures-clerk.house.gov/public_disc/ptr-pdfs/2025/20030338.pdf,,,JT,ROCHE HOLDING LTD S/ADR (RHHBY) [ST],ROCHE HOLDING LTD S/ADR (RHHBY) [ST],S (partial),04/09/2025,05/14/2025,"$1,001 - $15,000",Filing Status: New Subholding Of: Morgan Stanley - Select UMA Account # 1,"JT ROCHE HOLDING LTD S/ADR (RHHBY) [ST] S (partial) 04/09/2025 05/14/2025 $1,001 - $15,000 Filing Status: New Subholding Of: Morgan Stanley - Select UMA Account # 1",,,False,100,RHHBY,accepted,house_ptr_structure+v8_1,False,False,False,04/09/2025,False,,valid_range
20030338,Hon. Josh Gottheimer,Member,NJ05,20030338.pdf,2025,91,JT,RTX Corporation Common Stock,RTX Corporation Common Stock,RTX,RTX,ST,P,2025-04-23,2025-05-12,1001.0,15000.0,,"$1,001 - $15,000",valid_range,New,Morgan Stanley - Select UMA Account # 1,,,,11,11,table,False,False,,False,0,False,False,100,True,20,False,https://disclosures-clerk.house.gov/public_disc/ptr-pdfs/2025/20030338.pdf,,,JT,RTX Corporation Common Stock (RTX) [ST] Filing Status: New Subholding Of: Morgan Stanley - Select,RTX Corporation Common Stock (RTX) [ST],P UMA Account # 1,04/23/2025 1,05/12/2025,"$1,001 - $15,000",,"JT RTX Corporation Common Stock (RTX) [ST] P 04/23/2025 05/12/2025 $1,001 - $15,000 Filing Status: New Subholding Of: Morgan Stanley - Select UMA Account # 1",,,False,100,RTX,accepted,house_ptr_structure+v8_1,False,False,True,04/23/2025,False,,valid_range
20030338,Hon. Josh Gottheimer,Member,NJ05,20030338.pdf,2025,92,JT,"Salesforce, Inc. Common Stock","Salesforce, Inc. Common Stock",CRM,CRM,ST,S,2025-04-17,2025-05-13,1001.0,15000.0,,"$1,001 - $15,000",valid_range,New,Morgan Stanley - Select UMA Account # 1,,,,11,11,table,False,False,,False,0,False,True,100,True,20,False,https://disclosures-clerk.house.gov/public_disc/ptr-pdfs/2025/20030338.pdf,,,JT,"Salesforce, Inc. Common Stock (CRM) [ST]","Salesforce, Inc. Common Stock (CRM) [ST]",S,04/17/2025,05/13/2025,"$1,001 - $15,000",Filing Status: New Subholding Of: Morgan Stanley - Select UMA Account # 1,"JT Salesforce, Inc. Common Stock (CRM) [ST] S 04/17/2025 05/13/2025 $1,001 - $15,000 Filing Status: New Subholding Of: Morgan Stanley - Select UMA Account # 1",,,False,100,CRM,accepted,house_ptr_structure+v8_1,False,False,False,04/17/2025,False,,valid_range
20030338,Hon. Josh Gottheimer,Member,NJ05,20030338.pdf,2025,93,JT,SAP SE ADS,SAP SE ADS,SAP,SAP,ST,S (partial),2025-04-09,2025-05-14,1001.0,15000.0,,"$1,001 - $15,000",valid_range,New,Morgan Stanley - Select UMA Account # 1,,,,11,11,table,False,False,,False,0,False,False,100,True,20,False,https://disclosures-clerk.house.gov/public_disc/ptr-pdfs/2025/20030338.pdf,,,JT,SAP SE ADS (SAP) [ST] Filing Status: New Subholding Of: Morgan Stanley - Select,SAP SE ADS (SAP) [ST],S (partial) UMA Account # 1,04/09/2025 1,05/14/2025,"$1,001 - $15,000",,"JT SAP SE ADS (SAP) [ST] S (partial) 04/09/2025 05/14/2025 $1,001 - $15,000 Filing Status: New Subholding Of: Morgan Stanley - Select UMA Account # 1",,,False,100,SAP,accepted,house_ptr_structure+v8_1,False,False,True,04/09/2025,False,,valid_range
20030338,Hon. Josh Gottheimer,Member,NJ05,20030338.pdf,2025,94,JT,Shell PLC American Depositary Shares,Shell PLC American Depositary Shares,SHEL,SHEL,ST,S (partial),2025-04-09,2025-05-13,1001.0,15000.0,,"$1,001 - $15,000",valid_range,New,Morgan Stanley - Select UMA Account # 1,,,,11,11,table,False,False,,False,0,False,True,100,True,20,False,https://disclosures-clerk.house.gov/public_disc/ptr-pdfs/2025/20030338.pdf,,,JT,Shell PLC American Depositary Shares (SHEL) [ST],Shell PLC American Depositary Shares (SHEL) [ST],S (partial),04/09/2025,05/13/2025,"$1,001 - $15,000",Filing Status: New Subholding Of: Morgan Stanley - Select UMA Account # 1,"JT Shell PLC American Depositary Shares (SHEL) [ST] S (partial) 04/09/2025 05/13/2025 $1,001 - $15,000 Filing Status: New Subholding Of: Morgan Stanley - Select UMA Account # 1",,,False,100,SHEL,accepted,house_ptr_structure+v8_1,False,False,False,04/09/2025,False,,valid_range
20030338,Hon. Josh Gottheimer,Member,NJ05,20030338.pdf,2025,95,JT,SHIMANO INC UNSP/ADR,SHIMANO INC UNSP/ADR,SMNNY,SMNNY,ST,S,2025-04-11,2025-05-13,1001.0,15000.0,,"$1,001 - $15,000",valid_range,New,Morgan Stanley - Select UMA Account # 1,,,,11,11,table,False,False,,False,0,False,False,100,True,20,False,https://disclosures-clerk.house.gov/public_disc/ptr-pdfs/2025/20030338.pdf,,,JT,SHIMANO INC UNSP/ADR (SMNNY) [ST] Filing Status: New Subholding Of: Morgan Stanley - Select,SHIMANO INC UNSP/ADR (SMNNY) [ST],S UMA Account # 1,04/11/2025 1,05/13/2025,"$1,001 - $15,000",,"JT SHIMANO INC UNSP/ADR (SMNNY) [ST] S 04/11/2025 05/13/2025 $1,001 - $15,000 Filing Status: New Subholding Of: Morgan Stanley - Select UMA Account # 1",,,False,100,SMNNY,accepted,house_ptr_structure+v8_1,False,False,True,04/11/2025,False,,valid_range
20030338,Hon. Josh Gottheimer,Member,NJ05,20030338.pdf,2025,96,JT,Silgan Holdings Inc.,Silgan Holdings Inc.,SLGN,SLGN,ST,S (partial),2025-04-09,2025-05-14,1001.0,15000.0,,"$1,001 - $15,000",valid_range,New,Morgan Stanley - Select UMA Account # 1,,,,11,11,table,False,False,,False,0,False,True,100,True,20,False,https://disclosures-clerk.house.gov/public_disc/ptr-pdfs/2025/20030338.pdf,,,JT,Silgan Holdings Inc. (SLGN) [ST],Silgan Holdings Inc. (SLGN) [ST],S (partial),04/09/2025,05/14/2025,"$1,001 - $15,000",Filing Status: New Subholding Of: Morgan Stanley - Select UMA Account # 1,"JT Silgan Holdings Inc. (SLGN) [ST] S (partial) 04/09/2025 05/14/2025 $1,001 - $15,000 Filing Status: New Subholding Of: Morgan Stanley - Select UMA Account # 1",,,False,100,SLGN,accepted,house_ptr_structure+v8_1,False,False,False,04/09/2025,False,,valid_range
20030338,Hon. Josh Gottheimer,Member,NJ05,20030338.pdf,2025,97,JT,Sony Group Corporation American,Sony Group Corporation American,SONY,SONY,ST,S (partial),2025-04-09,2025-05-13,1001.0,15000.0,,"$1,001 - $15,000",valid_range,New,Morgan Stanley - Select UMA Account # 1,,,,11,12,table,False,False,,True,0,False,False,98,True,20,False,https://disclosures-clerk.house.gov/public_disc/ptr-pdfs/2025/20030338.pdf,,,JT,Sony Group Corporation American,Sony Group Corporation American Depositary Shares (SONY) [ST],S (partial),04/09/2025,05/13/2025,"$1,001 - $15,000",Depositary Shares (SONY) [ST] Filing Status: New Subholding Of: Morgan Stanley - Select UMA Account # 1,"JT Sony Group Corporation American S (partial) 04/09/2025 05/13/2025 $1,001 - $15,000 Depositary Shares (SONY) [ST] Filing Status: New Subholding Of: Morgan Stanley - Select UMA Account # 1",,,False,98,SONY,accepted,house_ptr_structure+v8_1,False,False,False,04/09/2025,False,,valid_range
20030338,Hon. Josh Gottheimer,Member,NJ05,20030338.pdf,2025,98,JT,"SPX Technologies, Inc. Common Stock","SPX Technologies, Inc. Common Stock",SPXC,SPXC,ST,S (partial),2025-04-09,2025-05-13,1001.0,15000.0,,"$1,001 - $15,000",valid_range,New,Morgan Stanley - Select UMA Account # 1,,,,12,12,table,False,False,,False,0,False,True,100,True,20,False,https://disclosures-clerk.house.gov/public_disc/ptr-pdfs/2025/20030338.pdf,,,JT,"SPX Technologies, Inc. Common Stock (SPXC) [ST]","SPX Technologies, Inc. Common Stock (SPXC) [ST]",S (partial),04/09/2025,05/13/2025,"$1,001 - $15,000",Filing Status: New Subholding Of: Morgan Stanley - Select UMA Account # 1,"JT SPX Technologies, Inc. Common Stock (SPXC) [ST] S (partial) 04/09/2025 05/13/2025 $1,001 - $15,000 Filing Status: New Subholding Of: Morgan Stanley - Select UMA Account # 1",,,False,100,SPXC,accepted,house_ptr_structure+v8_1,False,False,False,04/09/2025,False,,valid_range
20030338,Hon. Josh Gottheimer,Member,NJ05,20030338.pdf,2025,99,JT,"Stag Industrial, Inc. Common Stock","Stag Industrial, Inc. Common Stock",STAG,STAG,ST,S (partial),2025-04-09,2025-05-13,1001.0,15000.0,,"$1,001 - $15,000",valid_range,New,Morgan Stanley - Select UMA Account # 1,,,,12,12,table,False,False,,False,0,False,False,100,True,20,False,https://disclosures-clerk.house.gov/public_disc/ptr-pdfs/2025/20030338.pdf,,,JT,"Stag Industrial, Inc. Common Stock (STAG) [ST] Filing Status: New Subholding Of: Morgan Stanley - Select","Stag Industrial, Inc. Common Stock (STAG) [ST]",S (partial) UMA Account # 1,04/09/2025 1,05/13/2025,"$1,001 - $15,000",,"JT Stag Industrial, Inc. Common Stock (STAG) [ST] S (partial) 04/09/2025 05/13/2025 $1,001 - $15,000 Filing Status: New Subholding Of: Morgan Stanley - Select UMA Account # 1",,,False,100,STAG,accepted,house_ptr_structure+v8_1,False,False,True,04/09/2025,False,,valid_range
20030338,Hon. Josh Gottheimer,Member,NJ05,20030338.pdf,2025,100,JT,Starbucks Corporation - Common Stock,Starbucks Corporation - Common Stock,SBUX,SBUX,ST,S (partial),2025-04-09,2025-05-14,1001.0,15000.0,,"$1,001 - $15,000",valid_range,New,Morgan Stanley - Select UMA Account # 1,,,,12,12,table,False,False,,False,0,False,True,100,True,20,False,https://disclosures-clerk.house.gov/public_disc/ptr-pdfs/2025/20030338.pdf,,,JT,Starbucks Corporation - Common Stock (SBUX) [ST],Starbucks Corporation - Common Stock (SBUX) [ST],S (partial),04/09/2025,05/14/2025,"$1,001 - $15,000",Filing Status: New Subholding Of: Morgan Stanley - Select UMA Account # 1,"JT Starbucks Corporation - Common Stock (SBUX) [ST] S (partial) 04/09/2025 05/14/2025 $1,001 - $15,000 Filing Status: New Subholding Of: Morgan Stanley - Select UMA Account # 1",,,False,100,SBUX,accepted,house_ptr_structure+v8_1,False,False,False,04/09/2025,False,,valid_range
20030338,Hon. Josh Gottheimer,Member,NJ05,20030338.pdf,2025,101,JT,Starbucks Corporation - Common Stock,Starbucks Corporation - Common Stock,SBUX,SBUX,ST,S (partial),2025-04-17,2025-05-13,1001.0,15000.0,,"$1,001 - $15,000",valid_range,New,Morgan Stanley - Select UMA Account # 1,,,,12,12,table,False,False,,False,0,False,False,100,True,20,False,https://disclosures-clerk.house.gov/public_disc/ptr-pdfs/2025/20030338.pdf,,,JT,Starbucks Corporation - Common Stock (SBUX) [ST] Filing Status: New Subholding Of: Morgan Stanley - Select,Starbucks Corporation - Common Stock (SBUX) [ST],S (partial) UMA Account # 1,04/17/2025 1,05/13/2025,"$1,001 - $15,000",,"JT Starbucks Corporation - Common Stock (SBUX) [ST] S (partial) 04/17/2025 05/13/2025 $1,001 - $15,000 Filing Status: New Subholding Of: Morgan Stanley - Select UMA Account # 1",,,False,100,SBUX,accepted,house_ptr_structure+v8_1,False,False,True,04/17/2025,False,,valid_range
20030338,Hon. Josh Gottheimer,Member,NJ05,20030338.pdf,2025,102,JT,"Sterling Infrastructure, Inc. - Common Stock","Sterling Infrastructure, Inc. - Common Stock",STRL,STRL,ST,S (partial),2025-04-09,2025-05-14,1001.0,15000.0,,"$1,001 - $15,000",valid_range,New,Morgan Stanley - Select UMA Account # 1,,,,12,12,table,False,False,,False,0,False,True,100,True,20,False,https://disclosures-clerk.house.gov/public_disc/ptr-pdfs/2025/20030338.pdf,,,JT,"Sterling Infrastructure, Inc. - Common Stock (STRL) [ST]","Sterling Infrastructure, Inc. - Common Stock (STRL) [ST]",S (partial),04/09/2025,05/14/2025,"$1,001 - $15,000",Filing Status: New Subholding Of: Morgan Stanley - Select UMA Account # 1,"JT Sterling Infrastructure, Inc. - Common Stock (STRL) [ST] S (partial) 04/09/2025 05/14/2025 $1,001 - $15,000 Filing Status: New Subholding Of: Morgan Stanley - Select UMA Account # 1",,,False,100,STRL,accepted,house_ptr_structure+v8_1,False,False,False,04/09/2025,False,,valid_range
20030338,Hon. Josh Gottheimer,Member,NJ05,20030338.pdf,2025,103,JT,Stifel Financial Corporation Common Stock,Stifel Financial Corporation Common Stock,SF,SF,ST,S (partial),2025-04-09,2025-05-13,1001.0,15000.0,,"$1,001 - $15,000",valid_range,New,Morgan Stanley - Select UMA Account # 1,,,,12,12,table,False,False,,False,0,False,False,100,True,20,False,https://disclosures-clerk.house.gov/public_disc/ptr-pdfs/2025/20030338.pdf,,,JT,Stifel Financial Corporation Common Stock (SF) [ST] Filing Status: New Subholding Of: Morgan Stanley - Select,Stifel Financial Corporation Common Stock (SF) [ST],S (partial) UMA Account # 1,04/09/2025 1,05/13/2025,"$1,001 - $15,000",,"JT Stifel Financial Corporation Common Stock (SF) [ST] S (partial) 04/09/2025 05/13/2025 $1,001 - $15,000 Filing Status: New Subholding Of: Morgan Stanley - Select UMA Account # 1",,,False,100,SF,accepted,house_ptr_structure+v8_1,False,False,True,04/09/2025,False,,valid_range
20030338,Hon. Josh Gottheimer,Member,NJ05,20030338.pdf,2025,104,JT,SYSMEX CORP UNSP/ASDR,SYSMEX CORP UNSP/ASDR,SSMXY,SSMXY,ST,S (partial),2025-04-09,2025-05-13,1001.0,15000.0,,"$1,001 - $15,000",valid_range,New,Morgan Stanley - Select UMA Account # 1,,,,12,12,table,False,False,,False,0,False,True,100,True,20,False,https://disclosures-clerk.house.gov/public_disc/ptr-pdfs/2025/20030338.pdf,,,JT,SYSMEX CORP UNSP/ASDR (SSMXY) [ST],SYSMEX CORP UNSP/ASDR (SSMXY) [ST],S (partial),04/09/2025,05/13/2025,"$1,001 - $15,000",Filing Status: New Subholding Of: Morgan Stanley - Select UMA Account # 1,"JT SYSMEX CORP UNSP/ASDR (SSMXY) [ST] S (partial) 04/09/2025 05/13/2025 $1,001 - $15,000 Filing Status: New Subholding Of: Morgan Stanley - Select UMA Account # 1",,,False,100,SSMXY,accepted,house_ptr_structure+v8_1,False,False,False,04/09/2025,False,,valid_range
20030338,Hon. Josh Gottheimer,Member,NJ05,20030338.pdf,2025,105,JT,Taiwan Semiconductor Manufacturing Company Ltd.,Taiwan Semiconductor Manufacturing Company Ltd.,TSM,TSM,ST,S (partial),2025-04-09,2025-05-14,1001.0,15000.0,,"$1,001 - $15,000",valid_range,New,Morgan Stanley - Select UMA Account # 1,,,,12,12,table,False,False,,False,0,False,False,100,True,20,False,https://disclosures-clerk.house.gov/public_disc/ptr-pdfs/2025/20030338.pdf,,,JT,Taiwan Semiconductor Manufacturing Company Ltd. (TSM) [ST] Filing Status: New Subholding Of: Morgan Stanley - Select,Taiwan Semiconductor Manufacturing Company Ltd. (TSM) [ST],S (partial) UMA Account # 1,04/09/2025 1,05/14/2025,"$1,001 - $15,000",,"JT Taiwan Semiconductor Manufacturing Company Ltd. (TSM) [ST] S (partial) 04/09/2025 05/14/2025 $1,001 - $15,000 Filing Status: New Subholding Of: Morgan Stanley - Select UMA Account # 1",,,False,100,TSM,accepted,house_ptr_structure+v8_1,False,False,True,04/09/2025,False,,valid_range
20030338,Hon. Josh Gottheimer,Member,NJ05,20030338.pdf,2025,106,JT,TE Connectivity plc Ordinary Shares,TE Connectivity plc Ordinary Shares,TEL,TEL,ST,S,2025-04-09,2025-05-13,1001.0,15000.0,,"$1,001 - $15,000",valid_range,New,Morgan Stanley - Select UMA Account # 1,,,,13,13,table,False,False,,False,0,False,True,100,True,20,False,https://disclosures-clerk.house.gov/public_disc/ptr-pdfs/2025/20030338.pdf,,,JT,TE Connectivity plc Ordinary Shares (TEL) [ST],TE Connectivity plc Ordinary Shares (TEL) [ST],S,04/09/2025,05/13/2025,"$1,001 - $15,000",Filing Status: New Subholding Of: Morgan Stanley - Select UMA Account # 1,"JT TE Connectivity plc Ordinary Shares (TEL) [ST] S 04/09/2025 05/13/2025 $1,001 - $15,000 Filing Status: New Subholding Of: Morgan Stanley - Select UMA Account # 1",,,False,100,TEL,accepted,house_ptr_structure+v8_1,False,False,False,04/09/2025,False,,valid_range
20030338,Hon. Josh Gottheimer,Member,NJ05,20030338.pdf,2025,107,JT,TE Connectivity plc Ordinary Shares,TE Connectivity plc Ordinary Shares,TEL,TEL,ST,S,2025-04-17,2025-05-13,15001.0,50000.0,,"$15,001 - $50,000",valid_range,New,Morgan Stanley - Select UMA Account # 1,,,,13,13,table,False,False,,False,0,False,False,100,True,20,False,https://disclosures-clerk.house.gov/public_disc/ptr-pdfs/2025/20030338.pdf,,,JT,TE Connectivity plc Ordinary Shares (TEL) [ST] Filing Status: New Subholding Of: Morgan Stanley - Select,TE Connectivity plc Ordinary Shares (TEL) [ST],S UMA Account # 1,04/17/2025 1,05/13/2025,"$15,001 - $50,000",,"JT TE Connectivity plc Ordinary Shares (TEL) [ST] S 04/17/2025 05/13/2025 $15,001 - $50,000 Filing Status: New Subholding Of: Morgan Stanley - Select UMA Account # 1",,,False,100,TEL,accepted,house_ptr_structure+v8_1,False,False,True,04/17/2025,False,,valid_range
20030338,Hon. Josh Gottheimer,Member,NJ05,20030338.pdf,2025,108,JT,TECHTRONIC INDUS LTD ADR,TECHTRONIC INDUS LTD ADR,TTNDY,TTNDY,ST,P,2025-04-21,2025-05-12,1001.0,15000.0,,"$1,001 - $15,000",valid_range,New,Morgan Stanley - Select UMA Account # 1,,,,13,13,table,False,False,,False,0,False,True,100,True,20,False,https://disclosures-clerk.house.gov/public_disc/ptr-pdfs/2025/20030338.pdf,,,JT,TECHTRONIC INDUS LTD ADR (TTNDY) [ST],TECHTRONIC INDUS LTD ADR (TTNDY) [ST],P,04/21/2025,05/12/2025,"$1,001 - $15,000",Filing Status: New Subholding Of: Morgan Stanley - Select UMA Account # 1,"JT TECHTRONIC INDUS LTD ADR (TTNDY) [ST] P 04/21/2025 05/12/2025 $1,001 - $15,000 Filing Status: New Subholding Of: Morgan Stanley - Select UMA Account # 1",,,False,100,TTNDY,accepted,house_ptr_structure+v8_1,False,False,False,04/21/2025,False,,valid_range
20030338,Hon. Josh Gottheimer,Member,NJ05,20030338.pdf,2025,109,JT,TENCENT HLDGS UNSP/ADR,TENCENT HLDGS UNSP/ADR,TCEHY,TCEHY,ST,S (partial),2025-04-09,2025-05-13,1001.0,15000.0,,"$1,001 - $15,000",valid_range,New,Morgan Stanley - Select UMA Account # 1,,,,13,13,table,False,False,,False,0,False,False,100,True,20,False,https://disclosures-clerk.house.gov/public_disc/ptr-pdfs/2025/20030338.pdf,,,JT,TENCENT HLDGS UNSP/ADR (TCEHY) [ST] Filing Status: New Subholding Of: Morgan Stanley - Select,TENCENT HLDGS UNSP/ADR (TCEHY) [ST],S (partial) UMA Account # 1,04/09/2025 1,05/13/2025,"$1,001 - $15,000",,"JT TENCENT HLDGS UNSP/ADR (TCEHY) [ST] S (partial) 04/09/2025 05/13/2025 $1,001 - $15,000 Filing Status: New Subholding Of: Morgan Stanley - Select UMA Account # 1",,,False,100,TCEHY,accepted,house_ptr_structure+v8_1,False,False,True,04/09/2025,False,,valid_range
20030338,Hon. Josh Gottheimer,Member,NJ05,20030338.pdf,2025,110,JT,Texas Instruments Incorporated - Common Stock,Texas Instruments Incorporated - Common Stock,TXN,TXN,ST,S (partial),2025-04-09,2025-05-13,1001.0,15000.0,,"$1,001 - $15,000",valid_range,New,Morgan Stanley - Select UMA Account # 1,,,,13,13,table,False,False,,False,0,False,True,100,True,20,False,https://disclosures-clerk.house.gov/public_disc/ptr-pdfs/2025/20030338.pdf,,,JT,Texas Instruments Incorporated - Common Stock (TXN) [ST],Texas Instruments Incorporated - Common Stock (TXN) [ST],S (partial),04/09/2025,05/13/2025,"$1,001 - $15,000",Filing Status: New Subholding Of: Morgan Stanley - Select UMA Account # 1,"JT Texas Instruments Incorporated - Common Stock (TXN) [ST] S (partial) 04/09/2025 05/13/2025 $1,001 - $15,000 Filing Status: New Subholding Of: Morgan Stanley - Select UMA Account # 1",,,False,100,TXN,accepted,house_ptr_structure+v8_1,False,False,False,04/09/2025,False,,valid_range
20030338,Hon. Josh Gottheimer,Member,NJ05,20030338.pdf,2025,111,JT,The Descartes Systems Group Inc. - Common Stock,The Descartes Systems Group Inc. - Common Stock,DSGX,DSGX,ST,S (partial),2025-04-09,2025-05-14,1001.0,15000.0,,"$1,001 - $15,000",valid_range,New,Morgan Stanley - Select UMA Account # 1,,,,13,13,table,False,False,,False,0,False,False,100,True,20,False,https://disclosures-clerk.house.gov/public_disc/ptr-pdfs/2025/20030338.pdf,,,JT,The Descartes Systems Group Inc. - Common Stock (DSGX) [ST] Filing Status: New Subholding Of: Morgan Stanley - Select,The Descartes Systems Group Inc. - Common Stock (DSGX) [ST],S (partial) UMA Account # 1,04/09/2025 1,05/14/2025,"$1,001 - $15,000",,"JT The Descartes Systems Group Inc. - Common Stock (DSGX) [ST] S (partial) 04/09/2025 05/14/2025 $1,001 - $15,000 Filing Status: New Subholding Of: Morgan Stanley - Select UMA Account # 1",,,False,100,DSGX,accepted,house_ptr_structure+v8_1,False,False,True,04/09/2025,False,,valid_range
20030338,Hon. Josh Gottheimer,Member,NJ05,20030338.pdf,2025,112,JT,"Thermon Group Holdings, Inc. Common Stock","Thermon Group Holdings, Inc. Common Stock",THR,THR,ST,S,2025-04-17,2025-05-13,1001.0,15000.0,,"$1,001 - $15,000",valid_range,New,Morgan Stanley - Select UMA Account # 1,,,,13,13,table,False,False,,False,0,False,True,100,True,20,False,https://disclosures-clerk.house.gov/public_disc/ptr-pdfs/2025/20030338.pdf,,,JT,"Thermon Group Holdings, Inc. Common Stock (THR) [ST]","Thermon Group Holdings, Inc. Common Stock (THR) [ST]",S,04/17/2025,05/13/2025,"$1,001 - $15,000",Filing Status: New Subholding Of: Morgan Stanley - Select UMA Account # 1,"JT Thermon Group Holdings, Inc. Common Stock (THR) [ST] S 04/17/2025 05/13/2025 $1,001 - $15,000 Filing Status: New Subholding Of: Morgan Stanley - Select UMA Account # 1",,,False,100,THR,accepted,house_ptr_structure+v8_1,False,False,False,04/17/2025,False,,valid_range
20030338,Hon. Josh Gottheimer,Member,NJ05,20030338.pdf,2025,113,JT,"Tri Pointe Homes, Inc. Common Stock","Tri Pointe Homes, Inc. Common Stock",TPH,TPH,ST,P,2025-04-21,2025-05-12,1001.0,15000.0,,"$1,001 - $15,000",valid_range,New,Morgan Stanley - Select UMA Account # 1,,,,13,13,table,False,False,,False,0,False,False,100,True,20,False,https://disclosures-clerk.house.gov/public_disc/ptr-pdfs/2025/20030338.pdf,,,JT,"Tri Pointe Homes, Inc. Common Stock (TPH) [ST] Filing Status: New Subholding Of: Morgan Stanley - Select","Tri Pointe Homes, Inc. Common Stock (TPH) [ST]",P UMA Account # 1,04/21/2025 1,05/12/2025,"$1,001 - $15,000",,"JT Tri Pointe Homes, Inc. Common Stock (TPH) [ST] P 04/21/2025 05/12/2025 $1,001 - $15,000 Filing Status: New Subholding Of: Morgan Stanley - Select UMA Account # 1",,,False,100,TPH,accepted,house_ptr_structure+v8_1,False,False,True,04/21/2025,False,,valid_range
20030338,Hon. Josh Gottheimer,Member,NJ05,20030338.pdf,2025,114,JT,Twilio Inc. Class A Common Stock,Twilio Inc. Class A Common Stock,TWLO,TWLO,ST,S,2025-04-17,2025-05-13,1001.0,15000.0,,"$1,001 - $15,000",valid_range,New,Morgan Stanley - Select UMA Account # 1,,,,13,13,table,False,False,,False,0,False,True,100,True,20,False,https://disclosures-clerk.house.gov/public_disc/ptr-pdfs/2025/20030338.pdf,,,JT,Twilio Inc. Class A Common Stock (TWLO) [ST],Twilio Inc. Class A Common Stock (TWLO) [ST],S,04/17/2025,05/13/2025,"$1,001 - $15,000",Filing Status: New Subholding Of: Morgan Stanley - Select UMA Account # 1,"JT Twilio Inc. Class A Common Stock (TWLO) [ST] S 04/17/2025 05/13/2025 $1,001 - $15,000 Filing Status: New Subholding Of: Morgan Stanley - Select UMA Account # 1",,,False,100,TWLO,accepted,house_ptr_structure+v8_1,False,False,False,04/17/2025,False,,valid_range
20030338,Hon. Josh Gottheimer,Member,NJ05,20030338.pdf,2025,115,JT,"U.S. Physical Therapy, Inc. Common Stock","U.S. Physical Therapy, Inc. Common Stock",USPH,USPH,ST,S,2025-04-17,2025-05-13,1001.0,15000.0,,"$1,001 - $15,000",valid_range,New,Morgan Stanley - Select UMA Account # 1,,,,14,14,table,False,False,,False,0,False,False,100,True,20,False,https://disclosures-clerk.house.gov/public_disc/ptr-pdfs/2025/20030338.pdf,,,JT,"U.S. Physical Therapy, Inc. Common Stock (USPH) [ST] Filing Status: New Subholding Of: Morgan Stanley - Select","U.S. Physical Therapy, Inc. Common Stock (USPH) [ST]",S UMA Account # 1,04/17/2025 1,05/13/2025,"$1,001 - $15,000",,"JT U.S. Physical Therapy, Inc. Common Stock (USPH) [ST] S 04/17/2025 05/13/2025 $1,001 - $15,000 Filing Status: New Subholding Of: Morgan Stanley - Select UMA Account # 1",,,False,100,USPH,accepted,house_ptr_structure+v8_1,False,False,True,04/17/2025,False,,valid_range
20030338,Hon. Josh Gottheimer,Member,NJ05,20030338.pdf,2025,116,JT,"UFP Industries, Inc. - Common Stock","UFP Industries, Inc. - Common Stock",UFPI,UFPI,ST,S (partial),2025-04-09,2025-05-13,1001.0,15000.0,,"$1,001 - $15,000",valid_range,New,Morgan Stanley - Select UMA Account # 1,,,,14,14,table,False,False,,False,0,False,True,100,True,20,False,https://disclosures-clerk.house.gov/public_disc/ptr-pdfs/2025/20030338.pdf,,,JT,"UFP Industries, Inc. - Common Stock (UFPI) [ST]","UFP Industries, Inc. - Common Stock (UFPI) [ST]",S (partial),04/09/2025,05/13/2025,"$1,001 - $15,000",Filing Status: New Subholding Of: Morgan Stanley - Select UMA Account # 1,"JT UFP Industries, Inc. - Common Stock (UFPI) [ST] S (partial) 04/09/2025 05/13/2025 $1,001 - $15,000 Filing Status: New Subholding Of: Morgan Stanley - Select UMA Account # 1",,,False,100,UFPI,accepted,house_ptr_structure+v8_1,False,False,False,04/09/2025,False,,valid_range
20030338,Hon. Josh Gottheimer,Member,NJ05,20030338.pdf,2025,117,JT,UMB Financial Corporation - Common Stock,UMB Financial Corporation - Common Stock,UMBF,UMBF,ST,S (partial),2025-04-09,2025-05-14,1001.0,15000.0,,"$1,001 - $15,000",valid_range,New,Morgan Stanley - Select UMA Account # 1,,,,14,14,table,False,False,,False,0,False,False,100,True,20,False,https://disclosures-clerk.house.gov/public_disc/ptr-pdfs/2025/20030338.pdf,,,JT,UMB Financial Corporation - Common Stock (UMBF) [ST] Filing Status: New Subholding Of: Morgan Stanley - Select,UMB Financial Corporation - Common Stock (UMBF) [ST],S (partial) UMA Account # 1,04/09/2025 1,05/14/2025,"$1,001 - $15,000",,"JT UMB Financial Corporation - Common Stock (UMBF) [ST] S (partial) 04/09/2025 05/14/2025 $1,001 - $15,000 Filing Status: New Subholding Of: Morgan Stanley - Select UMA Account # 1",,,False,100,UMBF,accepted,house_ptr_structure+v8_1,False,False,True,04/09/2025,False,,valid_range
20030338,Hon. Josh Gottheimer,Member,NJ05,20030338.pdf,2025,118,JT,Union Pacific Corporation Common Stock,Union Pacific Corporation Common Stock,UNP,UNP,ST,S (partial),2025-04-17,2025-05-12,1001.0,15000.0,,"$1,001 - $15,000",valid_range,New,Morgan Stanley - Select UMA Account # 1,,,,14,14,table,False,False,,False,0,False,True,100,True,20,False,https://disclosures-clerk.house.gov/public_disc/ptr-pdfs/2025/20030338.pdf,,,JT,Union Pacific Corporation Common Stock (UNP) [ST],Union Pacific Corporation Common Stock (UNP) [ST],S (partial),04/17/2025,05/12/2025,"$1,001 - $15,000",Filing Status: New Subholding Of: Morgan Stanley - Select UMA Account # 1,"JT Union Pacific Corporation Common Stock (UNP) [ST] S (partial) 04/17/2025 05/12/2025 $1,001 - $15,000 Filing Status: New Subholding Of: Morgan Stanley - Select UMA Account # 1",,,False,100,UNP,accepted,house_ptr_structure+v8_1,False,False,False,04/17/2025,False,,valid_range
