filing_id,politician,member_status,state_district,source_pdf,source_year,transaction_number_in_filing,owner,asset_v8_2_cleaned,asset_v8_1,ticker_v8_2_cleaned,ticker_v8_1,asset_type,transaction_type,transaction_date,notification_date,amount_min,amount_max,amount_exact,amount_category,amount_status,filing_status,subholding,location,description,comments,page,last_page,page_parse_method,page_recovery_used,filing_page_completeness_issue,suspected_missed_pages,page_continuation_used,duplicate_geometry_rows_merged,possible_adjacent_same_signature,row_shaded,geometry_quality_score,unicode_repair_applied,unicode_repair_count,needs_review,original_pdf_url,review_level,review_reason,owner_raw,asset_raw,asset_lookup_context,transaction_type_raw,transaction_date_raw,notification_date_raw,amount_raw,continuation_raw,detail_raw,review_reason_v8_1,review_level_v8_1,needs_review_v8_1,geometry_quality_score_v8_1,ticker_candidate_raw,ticker_parse_status,ticker_validation_source,ticker_changed,asset_changed_by_ticker_resolver,raw_date_has_extra_text,raw_date_prefix,date_prefix_disagrees,amount_exact_before_p2,amount_status_before_p2
20033446,Hon. Lisa McClain,Member,MI09,20033446.pdf,2025,1,SP,AbbVie Inc. Common Stock,AbbVie Inc. Common Stock,ABBV,ABBV,ST,S,2025-10-30,2025-11-01,1001.0,15000.0,,"$1,001 - $15,000",valid_range,New,Charles Schwab Brokerage Account 924,,,,1,1,table,False,False,,False,0,False,False,100,True,20,False,https://disclosures-clerk.house.gov/public_disc/ptr-pdfs/2025/20033446.pdf,,,SP,AbbVie Inc. Common Stock (ABBV) [ST] Filing Status: New Subholding Of: Charles Schwab Brokera,AbbVie Inc. Common Stock (ABBV) [ST],S age Account 924,10/30/2025,11/01/2025,"$1,001 - $15,000",,"SP AbbVie Inc. Common Stock (ABBV) [ST] S 10/30/2025 11/01/2025 $1,001 - $15,000 Filing Status: New Subholding Of: Charles Schwab Brokerage Account 924",,,False,100,ABBV,accepted,house_ptr_structure+v8_1,False,False,False,10/30/2025,False,,valid_range
20033446,Hon. Lisa McClain,Member,MI09,20033446.pdf,2025,2,SP,AbbVie Inc. Common Stock,AbbVie Inc. Common Stock,ABBV,ABBV,ST,P,2025-10-30,2025-11-01,1001.0,15000.0,,"$1,001 - $15,000",valid_range,New,Charles Schwab 401K > Schwab 893,,,,1,1,table,False,False,,False,0,False,True,100,True,20,False,https://disclosures-clerk.house.gov/public_disc/ptr-pdfs/2025/20033446.pdf,,,SP,AbbVie Inc. Common Stock (ABBV) [ST],AbbVie Inc. Common Stock (ABBV) [ST],P,10/30/2025,11/01/2025,"$1,001 - $15,000",Filing Status: New Subholding Of: Charles Schwab 401K > Schwab 893,"SP AbbVie Inc. Common Stock (ABBV) [ST] P 10/30/2025 11/01/2025 $1,001 - $15,000 Filing Status: New Subholding Of: Charles Schwab 401K > Schwab 893",,,False,100,ABBV,accepted,house_ptr_structure+v8_1,False,False,False,10/30/2025,False,,valid_range
20033446,Hon. Lisa McClain,Member,MI09,20033446.pdf,2025,3,SP,AbbVie Inc. Common Stock,AbbVie Inc. Common Stock,ABBV,ABBV,ST,S,2025-10-31,2025-11-01,1001.0,15000.0,,"$1,001 - $15,000",valid_range,New,Charles Schwab 401K > Schwab 893,,,,1,1,table,False,False,,False,0,False,False,100,True,20,False,https://disclosures-clerk.house.gov/public_disc/ptr-pdfs/2025/20033446.pdf,,,SP,AbbVie Inc. Common Stock (ABBV) [ST] Filing Status: New Subholding Of: Charles Schwab 401K >,AbbVie Inc. Common Stock (ABBV) [ST],S Schwab 893,10/31/2025,11/01/2025,"$1,001 - $15,000",,"SP AbbVie Inc. Common Stock (ABBV) [ST] S 10/31/2025 11/01/2025 $1,001 - $15,000 Filing Status: New Subholding Of: Charles Schwab 401K > Schwab 893",,,False,100,ABBV,accepted,house_ptr_structure+v8_1,False,False,False,10/31/2025,False,,valid_range
20033446,Hon. Lisa McClain,Member,MI09,20033446.pdf,2025,4,SP,"ACI Worldwide, Inc. - Common Stock","ACI Worldwide, Inc. - Common Stock",ACIW,ACIW,ST,S,2025-10-31,2025-11-01,1001.0,15000.0,,"$1,001 - $15,000",valid_range,New,Charles Schwab 401K > Schwab 893,,,,1,1,table,False,False,,False,0,False,True,100,True,20,False,https://disclosures-clerk.house.gov/public_disc/ptr-pdfs/2025/20033446.pdf,,,SP,"ACI Worldwide, Inc. - Common Stock (ACIW) [ST]","ACI Worldwide, Inc. - Common Stock (ACIW) [ST]",S,10/31/2025,11/01/2025,"$1,001 - $15,000",Filing Status: New Subholding Of: Charles Schwab 401K > Schwab 893,"SP ACI Worldwide, Inc. - Common Stock (ACIW) [ST] S 10/31/2025 11/01/2025 $1,001 - $15,000 Filing Status: New Subholding Of: Charles Schwab 401K > Schwab 893",,,False,100,ACIW,accepted,house_ptr_structure+v8_1,False,False,False,10/31/2025,False,,valid_range
20033446,Hon. Lisa McClain,Member,MI09,20033446.pdf,2025,5,SP,"ACI Worldwide, Inc. - Common Stock","ACI Worldwide, Inc. - Common Stock",ACIW,ACIW,ST,P,2025-10-30,2025-11-01,1001.0,15000.0,,"$1,001 - $15,000",valid_range,New,Charles Schwab 401K > Schwab 893,,,,1,1,table,False,False,,False,0,False,False,100,True,20,False,https://disclosures-clerk.house.gov/public_disc/ptr-pdfs/2025/20033446.pdf,,,SP,"ACI Worldwide, Inc. - Common Stock (ACIW) [ST] Filing Status: New Subholding Of: Charles Schwab 401K >","ACI Worldwide, Inc. - Common Stock (ACIW) [ST]",P Schwab 893,10/30/2025,11/01/2025,"$1,001 - $15,000",,"SP ACI Worldwide, Inc. - Common Stock (ACIW) [ST] P 10/30/2025 11/01/2025 $1,001 - $15,000 Filing Status: New Subholding Of: Charles Schwab 401K > Schwab 893",,,False,100,ACIW,accepted,house_ptr_structure+v8_1,False,False,False,10/30/2025,False,,valid_range
20033446,Hon. Lisa McClain,Member,MI09,20033446.pdf,2025,6,SP,"ACI Worldwide, Inc. - Common Stock","ACI Worldwide, Inc. - Common Stock",ACIW,ACIW,ST,S,2025-10-30,2025-11-01,1001.0,15000.0,,"$1,001 - $15,000",valid_range,New,Charles Schwab Brokerage Account 924,,,,1,1,table,False,False,,False,0,False,True,100,True,20,False,https://disclosures-clerk.house.gov/public_disc/ptr-pdfs/2025/20033446.pdf,,,SP,"ACI Worldwide, Inc. - Common Stock (ACIW) [ST]","ACI Worldwide, Inc. - Common Stock (ACIW) [ST]",S,10/30/2025,11/01/2025,"$1,001 - $15,000",Filing Status: New Subholding Of: Charles Schwab Brokerage Account 924,"SP ACI Worldwide, Inc. - Common Stock (ACIW) [ST] S 10/30/2025 11/01/2025 $1,001 - $15,000 Filing Status: New Subholding Of: Charles Schwab Brokerage Account 924",,,False,100,ACIW,accepted,house_ptr_structure+v8_1,False,False,False,10/30/2025,False,,valid_range
20033446,Hon. Lisa McClain,Member,MI09,20033446.pdf,2025,7,SP,"Advanced Micro Devices, Inc.","Advanced Micro Devices, Inc.",AMD,AMD,ST,S,2025-10-30,2025-11-01,1001.0,15000.0,,"$1,001 - $15,000",valid_range,New,Charles Schwab Brokerage Account 924,,,,2,2,table,False,False,,False,0,False,False,100,True,20,False,https://disclosures-clerk.house.gov/public_disc/ptr-pdfs/2025/20033446.pdf,,,SP,"Advanced Micro Devices, Inc. (AMD) [ST] Filing Status: New Subholding Of: Charles Schwab Brokera","Advanced Micro Devices, Inc. (AMD) [ST]",S age Account 924,10/30/2025,11/01/2025,"$1,001 - $15,000",,"SP Advanced Micro Devices, Inc. (AMD) [ST] S 10/30/2025 11/01/2025 $1,001 - $15,000 Filing Status: New Subholding Of: Charles Schwab Brokerage Account 924",,,False,100,AMD,accepted,house_ptr_structure+v8_1,False,False,False,10/30/2025,False,,valid_range
20033446,Hon. Lisa McClain,Member,MI09,20033446.pdf,2025,8,SP,"Advanced Micro Devices, Inc.","Advanced Micro Devices, Inc.",AMD,AMD,ST,P,2025-10-30,2025-11-01,1001.0,15000.0,,"$1,001 - $15,000",valid_range,New,Charles Schwab 401K > Schwab 893,,,,2,2,table,False,False,,False,0,False,True,100,True,20,False,https://disclosures-clerk.house.gov/public_disc/ptr-pdfs/2025/20033446.pdf,,,SP,"Advanced Micro Devices, Inc. (AMD) [ST]","Advanced Micro Devices, Inc. (AMD) [ST]",P,10/30/2025,11/01/2025,"$1,001 - $15,000",Filing Status: New Subholding Of: Charles Schwab 401K > Schwab 893,"SP Advanced Micro Devices, Inc. (AMD) [ST] P 10/30/2025 11/01/2025 $1,001 - $15,000 Filing Status: New Subholding Of: Charles Schwab 401K > Schwab 893",,,False,100,AMD,accepted,house_ptr_structure+v8_1,False,False,False,10/30/2025,False,,valid_range
20033446,Hon. Lisa McClain,Member,MI09,20033446.pdf,2025,9,SP,"Advanced Micro Devices, Inc.","Advanced Micro Devices, Inc.",AMD,AMD,ST,S,2025-10-31,2025-11-01,1001.0,15000.0,,"$1,001 - $15,000",valid_range,New,Charles Schwab 401K > Schwab 893,,,,2,2,table,False,False,,False,0,False,False,100,True,20,False,https://disclosures-clerk.house.gov/public_disc/ptr-pdfs/2025/20033446.pdf,,,SP,"Advanced Micro Devices, Inc. (AMD) [ST] Filing Status: New Subholding Of: Charles Schwab 401K >","Advanced Micro Devices, Inc. (AMD) [ST]",S Schwab 893,10/31/2025,11/01/2025,"$1,001 - $15,000",,"SP Advanced Micro Devices, Inc. (AMD) [ST] S 10/31/2025 11/01/2025 $1,001 - $15,000 Filing Status: New Subholding Of: Charles Schwab 401K > Schwab 893",,,False,100,AMD,accepted,house_ptr_structure+v8_1,False,False,False,10/31/2025,False,,valid_range
20033446,Hon. Lisa McClain,Member,MI09,20033446.pdf,2025,10,SP,"Akamai Technologies, Inc. - Common Stock","Akamai Technologies, Inc. - Common Stock",AKAM,AKAM,ST,S,2025-10-31,2025-11-01,1001.0,15000.0,,"$1,001 - $15,000",valid_range,New,Charles Schwab 401K > Schwab 893,,,,2,2,table,False,False,,False,0,False,True,100,True,20,False,https://disclosures-clerk.house.gov/public_disc/ptr-pdfs/2025/20033446.pdf,,,SP,"Akamai Technologies, Inc. - Common Stock (AKAM) [ST]","Akamai Technologies, Inc. - Common Stock (AKAM) [ST]",S,10/31/2025,11/01/2025,"$1,001 - $15,000",Filing Status: New Subholding Of: Charles Schwab 401K > Schwab 893,"SP Akamai Technologies, Inc. - Common Stock (AKAM) [ST] S 10/31/2025 11/01/2025 $1,001 - $15,000 Filing Status: New Subholding Of: Charles Schwab 401K > Schwab 893",,,False,100,AKAM,accepted,house_ptr_structure+v8_1,False,False,False,10/31/2025,False,,valid_range
20033446,Hon. Lisa McClain,Member,MI09,20033446.pdf,2025,11,SP,"Akamai Technologies, Inc. - Common Stock","Akamai Technologies, Inc. - Common Stock",AKAM,AKAM,ST,P,2025-10-30,2025-11-01,1001.0,15000.0,,"$1,001 - $15,000",valid_range,New,Charles Schwab 401K > Schwab 893,,,,2,2,table,False,False,,False,0,False,False,100,True,20,False,https://disclosures-clerk.house.gov/public_disc/ptr-pdfs/2025/20033446.pdf,,,SP,"Akamai Technologies, Inc. - Common Stock (AKAM) [ST] Filing Status: New Subholding Of: Charles Schwab 401K >","Akamai Technologies, Inc. - Common Stock (AKAM) [ST]",P Schwab 893,10/30/2025,11/01/2025,"$1,001 - $15,000",,"SP Akamai Technologies, Inc. - Common Stock (AKAM) [ST] P 10/30/2025 11/01/2025 $1,001 - $15,000 Filing Status: New Subholding Of: Charles Schwab 401K > Schwab 893",,,False,100,AKAM,accepted,house_ptr_structure+v8_1,False,False,False,10/30/2025,False,,valid_range
20033446,Hon. Lisa McClain,Member,MI09,20033446.pdf,2025,12,SP,"Akamai Technologies, Inc. - Common Stock","Akamai Technologies, Inc. - Common Stock",AKAM,AKAM,ST,S,2025-10-30,2025-11-01,1001.0,15000.0,,"$1,001 - $15,000",valid_range,New,Charles Schwab Brokerage Account 924,,,,2,2,table,False,False,,False,0,False,True,100,True,20,False,https://disclosures-clerk.house.gov/public_disc/ptr-pdfs/2025/20033446.pdf,,,SP,"Akamai Technologies, Inc. - Common Stock (AKAM) [ST]","Akamai Technologies, Inc. - Common Stock (AKAM) [ST]",S,10/30/2025,11/01/2025,"$1,001 - $15,000",Filing Status: New Subholding Of: Charles Schwab Brokerage Account 924,"SP Akamai Technologies, Inc. - Common Stock (AKAM) [ST] S 10/30/2025 11/01/2025 $1,001 - $15,000 Filing Status: New Subholding Of: Charles Schwab Brokerage Account 924",,,False,100,AKAM,accepted,house_ptr_structure+v8_1,False,False,False,10/30/2025,False,,valid_range
20033446,Hon. Lisa McClain,Member,MI09,20033446.pdf,2025,13,SP,"Alexander & Baldwin, Inc. Common Stock REIT Holding Company","Alexander & Baldwin, Inc. Common Stock REIT Holding Company",ALEX,ALEX,ST,S,2025-10-30,2025-11-01,1001.0,15000.0,,"$1,001 - $15,000",valid_range,New,Charles Schwab Brokerage Account 924,,,,2,2,table,False,False,,False,0,False,False,100,True,20,False,https://disclosures-clerk.house.gov/public_disc/ptr-pdfs/2025/20033446.pdf,,,SP,"Alexander & Baldwin, Inc. Common Stock REIT Holding Company (ALEX) [ST] Filing Status: New Subholding Of: Charles Schwab Brokera","Alexander & Baldwin, Inc. Common Stock REIT Holding Company (ALEX) [ST]",S age Account 924,10/30/2025,11/01/2025,"$1,001 - $15,000",,"SP Alexander & Baldwin, Inc. Common Stock REIT Holding Company (ALEX) [ST] S 10/30/2025 11/01/2025 $1,001 - $15,000 Filing Status: New Subholding Of: Charles Schwab Brokerage Account 924",,,False,100,ALEX,accepted,house_ptr_structure+v8_1,False,False,False,10/30/2025,False,,valid_range
20033446,Hon. Lisa McClain,Member,MI09,20033446.pdf,2025,14,SP,"Alexander & Baldwin, Inc. Common Stock REIT Holding Company","Alexander & Baldwin, Inc. Common Stock REIT Holding Company",ALEX,ALEX,ST,P,2025-10-30,2025-11-01,1001.0,15000.0,,"$1,001 - $15,000",valid_range,New,Charles Schwab 401K > Schwab 893,,,,2,2,table,False,False,,False,0,False,True,100,True,20,False,https://disclosures-clerk.house.gov/public_disc/ptr-pdfs/2025/20033446.pdf,,,SP,"Alexander & Baldwin, Inc. Common Stock REIT Holding Company (ALEX) [ST]","Alexander & Baldwin, Inc. Common Stock REIT Holding Company (ALEX) [ST]",P,10/30/2025,11/01/2025,"$1,001 - $15,000",Filing Status: New Subholding Of: Charles Schwab 401K > Schwab 893,"SP Alexander & Baldwin, Inc. Common Stock REIT Holding Company (ALEX) [ST] P 10/30/2025 11/01/2025 $1,001 - $15,000 Filing Status: New Subholding Of: Charles Schwab 401K > Schwab 893",,,False,100,ALEX,accepted,house_ptr_structure+v8_1,False,False,False,10/30/2025,False,,valid_range
20033446,Hon. Lisa McClain,Member,MI09,20033446.pdf,2025,15,SP,"Alexander & Baldwin, Inc. Common Stock REIT Holding Company","Alexander & Baldwin, Inc. Common Stock REIT Holding Company",ALEX,ALEX,ST,S,2025-10-31,2025-11-01,1001.0,15000.0,,"$1,001 - $15,000",valid_range,New,Charles Schwab 401K > Schwab 893,,,,2,3,table,False,False,,True,0,False,False,98,True,20,False,https://disclosures-clerk.house.gov/public_disc/ptr-pdfs/2025/20033446.pdf,,,SP,"Alexander & Baldwin, Inc. Common Stock REIT Holding Company (ALEX) [ST]","Alexander & Baldwin, Inc. Common Stock REIT Holding Company (ALEX) [ST]",S,10/31/2025,11/01/2025,"$1,001 - $15,000",Filing Status: New Subholding Of: Charles Schwab 401K > Schwab 893,"SP Alexander & Baldwin, Inc. Common Stock REIT Holding Company (ALEX) [ST] S 10/31/2025 11/01/2025 $1,001 - $15,000 Filing Status: New Subholding Of: Charles Schwab 401K > Schwab 893",,,False,98,ALEX,accepted,house_ptr_structure+v8_1,False,False,False,10/31/2025,False,,valid_range
20033446,Hon. Lisa McClain,Member,MI09,20033446.pdf,2025,16,SP,Alibaba Group Holding Limited American Depositary Shares each representing eight Ordinary share,Alibaba Group Holding Limited American Depositary Shares each representing eight Ordinary share,BABA,BABA,ST,S,2025-10-31,2025-11-01,1001.0,15000.0,,"$1,001 - $15,000",valid_range,New,Charles Schwab 401K > Schwab 893,,,,3,3,table,False,False,,False,0,False,True,100,True,20,False,https://disclosures-clerk.house.gov/public_disc/ptr-pdfs/2025/20033446.pdf,,,SP,Alibaba Group Holding Limited American Depositary Shares each representing eight Ordinary share (BABA) [ST],Alibaba Group Holding Limited American Depositary Shares each representing eight Ordinary share (BABA) [ST],S,10/31/2025,11/01/2025,"$1,001 - $15,000",Filing Status: New Subholding Of: Charles Schwab 401K > Schwab 893,"SP Alibaba Group Holding Limited American Depositary Shares each representing eight Ordinary share (BABA) [ST] S 10/31/2025 11/01/2025 $1,001 - $15,000 Filing Status: New Subholding Of: Charles Schwab 401K > Schwab 893",,,False,100,BABA,accepted,house_ptr_structure+v8_1,False,False,False,10/31/2025,False,,valid_range
20033446,Hon. Lisa McClain,Member,MI09,20033446.pdf,2025,17,SP,Alibaba Group Holding Limited American Depositary Shares each representing eight Ordinary share,Alibaba Group Holding Limited American Depositary Shares each representing eight Ordinary share,BABA,BABA,ST,P,2025-10-30,2025-11-01,1001.0,15000.0,,"$1,001 - $15,000",valid_range,New,Charles Schwab 401K > Schwab 893,,,,3,3,table,False,False,,False,0,False,False,100,True,20,False,https://disclosures-clerk.house.gov/public_disc/ptr-pdfs/2025/20033446.pdf,,,SP,Alibaba Group Holding Limited American Depositary Shares each representing eight Ordinary share (BABA) [ST] Filing Status: New Subholding Of: Charles Schwab 401K >,Alibaba Group Holding Limited American Depositary Shares each representing eight Ordinary share (BABA) [ST],P Schwab 893,10/30/2025,11/01/2025,"$1,001 - $15,000",,"SP Alibaba Group Holding Limited American Depositary Shares each representing eight Ordinary share (BABA) [ST] P 10/30/2025 11/01/2025 $1,001 - $15,000 Filing Status: New Subholding Of: Charles Schwab 401K > Schwab 893",,,False,100,BABA,accepted,house_ptr_structure+v8_1,False,False,False,10/30/2025,False,,valid_range
20033446,Hon. Lisa McClain,Member,MI09,20033446.pdf,2025,18,SP,Alibaba Group Holding Limited American Depositary Shares each representing eight Ordinary share,Alibaba Group Holding Limited American Depositary Shares each representing eight Ordinary share,BABA,BABA,ST,S,2025-10-30,2025-11-01,1001.0,15000.0,,"$1,001 - $15,000",valid_range,New,Charles Schwab Brokerage Account 924,,,,3,3,table,False,False,,False,0,False,True,100,True,20,False,https://disclosures-clerk.house.gov/public_disc/ptr-pdfs/2025/20033446.pdf,,,SP,Alibaba Group Holding Limited American Depositary Shares each representing eight Ordinary share (BABA) [ST],Alibaba Group Holding Limited American Depositary Shares each representing eight Ordinary share (BABA) [ST],S,10/30/2025,11/01/2025,"$1,001 - $15,000",Filing Status: New Subholding Of: Charles Schwab Brokerage Account 924,"SP Alibaba Group Holding Limited American Depositary Shares each representing eight Ordinary share (BABA) [ST] S 10/30/2025 11/01/2025 $1,001 - $15,000 Filing Status: New Subholding Of: Charles Schwab Brokerage Account 924",,,False,100,BABA,accepted,house_ptr_structure+v8_1,False,False,False,10/30/2025,False,,valid_range
20033446,Hon. Lisa McClain,Member,MI09,20033446.pdf,2025,19,SP,Allegion plc Ordinary Shares,Allegion plc Ordinary Shares,ALLE,ALLE,ST,S,2025-10-30,2025-11-01,1001.0,15000.0,,"$1,001 - $15,000",valid_range,New,Charles Schwab Brokerage Account 924,,,,3,3,table,False,False,,False,0,False,False,100,True,20,False,https://disclosures-clerk.house.gov/public_disc/ptr-pdfs/2025/20033446.pdf,,,SP,Allegion plc Ordinary Shares (ALLE) [ST] Filing Status: New Subholding Of: Charles Schwab Brokera,Allegion plc Ordinary Shares (ALLE) [ST],S age Account 924,10/30/2025,11/01/2025,"$1,001 - $15,000",,"SP Allegion plc Ordinary Shares (ALLE) [ST] S 10/30/2025 11/01/2025 $1,001 - $15,000 Filing Status: New Subholding Of: Charles Schwab Brokerage Account 924",,,False,100,ALLE,accepted,house_ptr_structure+v8_1,False,False,False,10/30/2025,False,,valid_range
20033446,Hon. Lisa McClain,Member,MI09,20033446.pdf,2025,20,SP,Allegion plc Ordinary Shares,Allegion plc Ordinary Shares,ALLE,ALLE,ST,P,2025-10-30,2025-11-01,1001.0,15000.0,,"$1,001 - $15,000",valid_range,New,Charles Schwab 401K > Schwab 893,,,,3,3,table,False,False,,False,0,False,True,100,True,20,False,https://disclosures-clerk.house.gov/public_disc/ptr-pdfs/2025/20033446.pdf,,,SP,Allegion plc Ordinary Shares (ALLE) [ST],Allegion plc Ordinary Shares (ALLE) [ST],P,10/30/2025,11/01/2025,"$1,001 - $15,000",Filing Status: New Subholding Of: Charles Schwab 401K > Schwab 893,"SP Allegion plc Ordinary Shares (ALLE) [ST] P 10/30/2025 11/01/2025 $1,001 - $15,000 Filing Status: New Subholding Of: Charles Schwab 401K > Schwab 893",,,False,100,ALLE,accepted,house_ptr_structure+v8_1,False,False,False,10/30/2025,False,,valid_range
20033446,Hon. Lisa McClain,Member,MI09,20033446.pdf,2025,21,SP,Allegion plc Ordinary Shares,Allegion plc Ordinary Shares,ALLE,ALLE,ST,S,2025-10-31,2025-11-01,1001.0,15000.0,,"$1,001 - $15,000",valid_range,New,Charles Schwab 401K > Schwab 893,,,,3,3,table,False,False,,False,0,False,False,100,True,20,False,https://disclosures-clerk.house.gov/public_disc/ptr-pdfs/2025/20033446.pdf,,,SP,Allegion plc Ordinary Shares (ALLE) [ST] Filing Status: New Subholding Of: Charles Schwab 401K >,Allegion plc Ordinary Shares (ALLE) [ST],S Schwab 893,10/31/2025,11/01/2025,"$1,001 - $15,000",,"SP Allegion plc Ordinary Shares (ALLE) [ST] S 10/31/2025 11/01/2025 $1,001 - $15,000 Filing Status: New Subholding Of: Charles Schwab 401K > Schwab 893",,,False,100,ALLE,accepted,house_ptr_structure+v8_1,False,False,False,10/31/2025,False,,valid_range
20033446,Hon. Lisa McClain,Member,MI09,20033446.pdf,2025,22,SP,Alphabet Inc. - Class A Common Stock,Alphabet Inc. - Class A Common Stock,GOOGL,GOOGL,ST,S,2025-10-31,2025-11-01,1001.0,15000.0,,"$1,001 - $15,000",valid_range,New,Charles Schwab 401K > Schwab 893,,,,3,3,table,False,False,,False,0,False,True,100,True,20,False,https://disclosures-clerk.house.gov/public_disc/ptr-pdfs/2025/20033446.pdf,,,SP,Alphabet Inc. - Class A Common Stock (GOOGL) [ST],Alphabet Inc. - Class A Common Stock (GOOGL) [ST],S,10/31/2025,11/01/2025,"$1,001 - $15,000",Filing Status: New Subholding Of: Charles Schwab 401K > Schwab 893,"SP Alphabet Inc. - Class A Common Stock (GOOGL) [ST] S 10/31/2025 11/01/2025 $1,001 - $15,000 Filing Status: New Subholding Of: Charles Schwab 401K > Schwab 893",,,False,100,GOOGL,accepted,house_ptr_structure+v8_1,False,False,False,10/31/2025,False,,valid_range
20033446,Hon. Lisa McClain,Member,MI09,20033446.pdf,2025,23,SP,Alphabet Inc. - Class A Common Stock,Alphabet Inc. - Class A Common Stock,GOOGL,GOOGL,ST,P,2025-10-30,2025-11-01,1001.0,15000.0,,"$1,001 - $15,000",valid_range,New,Charles Schwab 401K > Schwab 893,,,,3,4,table,False,False,,True,0,False,False,98,True,20,False,https://disclosures-clerk.house.gov/public_disc/ptr-pdfs/2025/20033446.pdf,,,SP,Alphabet Inc. - Class A Common Stock (GOOGL) [ST],Alphabet Inc. - Class A Common Stock (GOOGL) [ST],P,10/30/2025,11/01/2025,"$1,001 - $15,000",Filing Status: New Subholding Of: Charles Schwab 401K > Schwab 893,"SP Alphabet Inc. - Class A Common Stock (GOOGL) [ST] P 10/30/2025 11/01/2025 $1,001 - $15,000 Filing Status: New Subholding Of: Charles Schwab 401K > Schwab 893",,,False,98,GOOGL,accepted,house_ptr_structure+v8_1,False,False,False,10/30/2025,False,,valid_range
20033446,Hon. Lisa McClain,Member,MI09,20033446.pdf,2025,24,SP,Alphabet Inc. - Class A Common Stock,Alphabet Inc. - Class A Common Stock,GOOGL,GOOGL,ST,S,2025-10-30,2025-11-01,1001.0,15000.0,,"$1,001 - $15,000",valid_range,New,Charles Schwab Brokerage Account 924,,,,4,4,table,False,False,,False,0,False,True,100,True,20,False,https://disclosures-clerk.house.gov/public_disc/ptr-pdfs/2025/20033446.pdf,,,SP,Alphabet Inc. - Class A Common Stock (GOOGL) [ST],Alphabet Inc. - Class A Common Stock (GOOGL) [ST],S,10/30/2025,11/01/2025,"$1,001 - $15,000",Filing Status: New Subholding Of: Charles Schwab Brokerage Account 924,"SP Alphabet Inc. - Class A Common Stock (GOOGL) [ST] S 10/30/2025 11/01/2025 $1,001 - $15,000 Filing Status: New Subholding Of: Charles Schwab Brokerage Account 924",,,False,100,GOOGL,accepted,house_ptr_structure+v8_1,False,False,False,10/30/2025,False,,valid_range
20033446,Hon. Lisa McClain,Member,MI09,20033446.pdf,2025,25,SP,Alphabet Inc. - Class C Capital Stock,Alphabet Inc. - Class C Capital Stock,GOOG,GOOG,ST,S,2025-10-30,2025-11-01,1001.0,15000.0,,"$1,001 - $15,000",valid_range,New,Charles Schwab Brokerage Account 924,,,,4,4,table,False,False,,False,0,False,False,100,True,20,False,https://disclosures-clerk.house.gov/public_disc/ptr-pdfs/2025/20033446.pdf,,,SP,Alphabet Inc. - Class C Capital Stock (GOOG) [ST] Filing Status: New Subholding Of: Charles Schwab Brokera,Alphabet Inc. - Class C Capital Stock (GOOG) [ST],S age Account 924,10/30/2025,11/01/2025,"$1,001 - $15,000",,"SP Alphabet Inc. - Class C Capital Stock (GOOG) [ST] S 10/30/2025 11/01/2025 $1,001 - $15,000 Filing Status: New Subholding Of: Charles Schwab Brokerage Account 924",,,False,100,GOOG,accepted,house_ptr_structure+v8_1,False,False,False,10/30/2025,False,,valid_range
20033446,Hon. Lisa McClain,Member,MI09,20033446.pdf,2025,26,SP,Alphabet Inc. - Class C Capital Stock,Alphabet Inc. - Class C Capital Stock,GOOG,GOOG,ST,P,2025-10-30,2025-11-01,1001.0,15000.0,,"$1,001 - $15,000",valid_range,New,Charles Schwab 401K > Schwab 893,,,,4,4,table,False,False,,False,0,False,True,100,True,20,False,https://disclosures-clerk.house.gov/public_disc/ptr-pdfs/2025/20033446.pdf,,,SP,Alphabet Inc. - Class C Capital Stock (GOOG) [ST],Alphabet Inc. - Class C Capital Stock (GOOG) [ST],P,10/30/2025,11/01/2025,"$1,001 - $15,000",Filing Status: New Subholding Of: Charles Schwab 401K > Schwab 893,"SP Alphabet Inc. - Class C Capital Stock (GOOG) [ST] P 10/30/2025 11/01/2025 $1,001 - $15,000 Filing Status: New Subholding Of: Charles Schwab 401K > Schwab 893",,,False,100,GOOG,accepted,house_ptr_structure+v8_1,False,False,False,10/30/2025,False,,valid_range
20033446,Hon. Lisa McClain,Member,MI09,20033446.pdf,2025,27,SP,Alphabet Inc. - Class C Capital Stock,Alphabet Inc. - Class C Capital Stock,GOOG,GOOG,ST,S,2025-10-31,2025-11-01,1001.0,15000.0,,"$1,001 - $15,000",valid_range,New,Charles Schwab 401K > Schwab 893,,,,4,4,table,False,False,,False,0,False,False,100,True,20,False,https://disclosures-clerk.house.gov/public_disc/ptr-pdfs/2025/20033446.pdf,,,SP,Alphabet Inc. - Class C Capital Stock (GOOG) [ST] Filing Status: New Subholding Of: Charles Schwab 401K >,Alphabet Inc. - Class C Capital Stock (GOOG) [ST],S Schwab 893,10/31/2025,11/01/2025,"$1,001 - $15,000",,"SP Alphabet Inc. - Class C Capital Stock (GOOG) [ST] S 10/31/2025 11/01/2025 $1,001 - $15,000 Filing Status: New Subholding Of: Charles Schwab 401K > Schwab 893",,,False,100,GOOG,accepted,house_ptr_structure+v8_1,False,False,False,10/31/2025,False,,valid_range
20033446,Hon. Lisa McClain,Member,MI09,20033446.pdf,2025,28,SP,"Amazon.com, Inc. - Common Stock","Amazon.com, Inc. - Common Stock",AMZN,AMZN,ST,S,2025-10-14,2025-11-01,1001.0,15000.0,,"$1,001 - $15,000",valid_range,New,Charles Schwab Brokerage Account 924,,,,4,4,table,False,False,,False,0,False,True,100,True,20,False,https://disclosures-clerk.house.gov/public_disc/ptr-pdfs/2025/20033446.pdf,,,SP,"Amazon.com, Inc. - Common Stock (AMZN) [ST]","Amazon.com, Inc. - Common Stock (AMZN) [ST]",S,10/14/2025,11/01/2025,"$1,001 - $15,000",Filing Status: New Subholding Of: Charles Schwab Brokerage Account 924,"SP Amazon.com, Inc. - Common Stock (AMZN) [ST] S 10/14/2025 11/01/2025 $1,001 - $15,000 Filing Status: New Subholding Of: Charles Schwab Brokerage Account 924",,,False,100,AMZN,accepted,house_ptr_structure+v8_1,False,False,False,10/14/2025,False,,valid_range
20033446,Hon. Lisa McClain,Member,MI09,20033446.pdf,2025,29,SP,American Express Company Common Stock,American Express Company Common Stock,AXP,AXP,ST,S,2025-10-30,2025-11-01,1001.0,15000.0,,"$1,001 - $15,000",valid_range,New,Charles Schwab Brokerage Account 924,,,,4,4,table,False,False,,False,0,False,False,100,True,20,False,https://disclosures-clerk.house.gov/public_disc/ptr-pdfs/2025/20033446.pdf,,,SP,American Express Company Common Stock (AXP) [ST] Filing Status: New Subholding Of: Charles Schwab Brokera,American Express Company Common Stock (AXP) [ST],S age Account 924,10/30/2025,11/01/2025,"$1,001 - $15,000",,"SP American Express Company Common Stock (AXP) [ST] S 10/30/2025 11/01/2025 $1,001 - $15,000 Filing Status: New Subholding Of: Charles Schwab Brokerage Account 924",,,False,100,AXP,accepted,house_ptr_structure+v8_1,False,False,False,10/30/2025,False,,valid_range
20033446,Hon. Lisa McClain,Member,MI09,20033446.pdf,2025,30,SP,American Express Company Common Stock,American Express Company Common Stock,AXP,AXP,ST,P,2025-10-30,2025-11-01,1001.0,15000.0,,"$1,001 - $15,000",valid_range,New,Charles Schwab 401K > Schwab 893,,,,4,4,table,False,False,,False,0,False,True,100,True,20,False,https://disclosures-clerk.house.gov/public_disc/ptr-pdfs/2025/20033446.pdf,,,SP,American Express Company Common Stock (AXP) [ST],American Express Company Common Stock (AXP) [ST],P,10/30/2025,11/01/2025,"$1,001 - $15,000",Filing Status: New Subholding Of: Charles Schwab 401K > Schwab 893,"SP American Express Company Common Stock (AXP) [ST] P 10/30/2025 11/01/2025 $1,001 - $15,000 Filing Status: New Subholding Of: Charles Schwab 401K > Schwab 893",,,False,100,AXP,accepted,house_ptr_structure+v8_1,False,False,False,10/30/2025,False,,valid_range
20033446,Hon. Lisa McClain,Member,MI09,20033446.pdf,2025,31,SP,American Express Company Common Stock,American Express Company Common Stock,AXP,AXP,ST,S,2025-10-31,2025-11-01,1001.0,15000.0,,"$1,001 - $15,000",valid_range,New,Charles Schwab 401K > Schwab 893,,,,4,4,table,False,False,,False,0,False,False,100,True,20,False,https://disclosures-clerk.house.gov/public_disc/ptr-pdfs/2025/20033446.pdf,,,SP,American Express Company Common Stock (AXP) [ST] Filing Status: New Subholding Of: Charles Schwab 401K >,American Express Company Common Stock (AXP) [ST],S Schwab 893,10/31/2025,11/01/2025,"$1,001 - $15,000",,"SP American Express Company Common Stock (AXP) [ST] S 10/31/2025 11/01/2025 $1,001 - $15,000 Filing Status: New Subholding Of: Charles Schwab 401K > Schwab 893",,,False,100,AXP,accepted,house_ptr_structure+v8_1,False,False,False,10/31/2025,False,,valid_range
20033446,Hon. Lisa McClain,Member,MI09,20033446.pdf,2025,32,SP,American Homes 4 Rent Common Shares of Beneficial Interest,American Homes 4 Rent Common Shares of Beneficial Interest,AMH,AMH,ST,S,2025-10-31,2025-11-01,1001.0,15000.0,,"$1,001 - $15,000",valid_range,New,Charles Schwab 401K > Schwab 893,,,,4,5,table,True,False,,True,0,False,True,98,True,20,False,https://disclosures-clerk.house.gov/public_disc/ptr-pdfs/2025/20033446.pdf,,,SP,American Homes 4 Rent Common Shares of Beneficial Interest (AMH) [ST],American Homes 4 Rent Common Shares of Beneficial Interest (AMH) [ST] ID Owner Asset Transaction Type Date Notification Date Amount Cap. Gains > $200?,S,10/31/2025,11/01/2025,"$1,001 - $15,000",ID Owner Asset Transaction Type Date Notification Date Amount Cap. Gains > $200? Filing Status: New Subholding Of: Charles Schwab 401K > Schwab 893,"SP American Homes 4 Rent Common Shares of Beneficial Interest (AMH) [ST] S 10/31/2025 11/01/2025 $1,001 - $15,000 ID Owner Asset Transaction Type Date Notification Date Amount Cap. Gains > $200? Filing Status: New Subholding Of: Charles Schwab 401K > Schwab 893",,,False,98,AMH,accepted,house_ptr_structure+v8_1,False,False,False,10/31/2025,False,,valid_range
20033446,Hon. Lisa McClain,Member,MI09,20033446.pdf,2025,33,SP,American Homes 4 Rent Common Shares of Beneficial Interest,American Homes 4 Rent Common Shares of Beneficial Interest,AMH,AMH,ST,P,2025-10-30,2025-11-01,1001.0,15000.0,,"$1,001 - $15,000",valid_range,New,Charles Schwab 401K > Schwab 893,,,,5,5,relaxed_table,True,False,,False,0,False,False,100,True,20,False,https://disclosures-clerk.house.gov/public_disc/ptr-pdfs/2025/20033446.pdf,,,SP,American Homes 4 Rent Common Shares of Beneficial Interest (AMH) [ST] Filing Status: New Subholding Of: Charles Schwab 401K >,American Homes 4 Rent Common Shares of Beneficial Interest (AMH) [ST],P Schwab 893,10/30/2025,11/01/2025,"$1,001 - $15,000",,"SP American Homes 4 Rent Common Shares of Beneficial Interest (AMH) [ST] P 10/30/2025 11/01/2025 $1,001 - $15,000 Filing Status: New Subholding Of: Charles Schwab 401K > Schwab 893",,,False,100,AMH,accepted,house_ptr_structure+v8_1,False,False,False,10/30/2025,False,,valid_range
20033446,Hon. Lisa McClain,Member,MI09,20033446.pdf,2025,34,SP,American Homes 4 Rent Common Shares of Beneficial Interest,American Homes 4 Rent Common Shares of Beneficial Interest,AMH,AMH,ST,S,2025-10-30,2025-11-01,1001.0,15000.0,,"$1,001 - $15,000",valid_range,New,Charles Schwab Brokerage Account 924,,,,5,5,relaxed_table,True,False,,False,0,False,True,100,True,20,False,https://disclosures-clerk.house.gov/public_disc/ptr-pdfs/2025/20033446.pdf,,,SP,American Homes 4 Rent Common Shares of Beneficial Interest (AMH) [ST],American Homes 4 Rent Common Shares of Beneficial Interest (AMH) [ST],S,10/30/2025,11/01/2025,"$1,001 - $15,000",Filing Status: New Subholding Of: Charles Schwab Brokerage Account 924,"SP American Homes 4 Rent Common Shares of Beneficial Interest (AMH) [ST] S 10/30/2025 11/01/2025 $1,001 - $15,000 Filing Status: New Subholding Of: Charles Schwab Brokerage Account 924",,,False,100,AMH,accepted,house_ptr_structure+v8_1,False,False,False,10/30/2025,False,,valid_range
20033446,Hon. Lisa McClain,Member,MI09,20033446.pdf,2025,35,SP,"AppFolio, Inc. - Class A Common Stock","AppFolio, Inc. - Class A Common Stock",APPF,APPF,ST,S,2025-10-30,2025-11-01,1001.0,15000.0,,"$1,001 - $15,000",valid_range,New,Charles Schwab Brokerage Account 924,,,,5,5,relaxed_table,True,False,,False,0,False,False,100,True,20,False,https://disclosures-clerk.house.gov/public_disc/ptr-pdfs/2025/20033446.pdf,,,SP,"AppFolio, Inc. - Class A Common Stock (APPF) [ST] Filing Status: New Subholding Of: Charles Schwab Brokera","AppFolio, Inc. - Class A Common Stock (APPF) [ST]",S age Account 924,10/30/2025,11/01/2025,"$1,001 - $15,000",,"SP AppFolio, Inc. - Class A Common Stock (APPF) [ST] S 10/30/2025 11/01/2025 $1,001 - $15,000 Filing Status: New Subholding Of: Charles Schwab Brokerage Account 924",,,False,100,APPF,accepted,house_ptr_structure+v8_1,False,False,False,10/30/2025,False,,valid_range
20033446,Hon. Lisa McClain,Member,MI09,20033446.pdf,2025,36,SP,"AppFolio, Inc. - Class A Common Stock","AppFolio, Inc. - Class A Common Stock",APPF,APPF,ST,P,2025-10-30,2025-11-01,1001.0,15000.0,,"$1,001 - $15,000",valid_range,New,Charles Schwab 401K > Schwab 893,,,,5,5,relaxed_table,True,False,,False,0,False,True,100,True,20,False,https://disclosures-clerk.house.gov/public_disc/ptr-pdfs/2025/20033446.pdf,,,SP,"AppFolio, Inc. - Class A Common Stock (APPF) [ST]","AppFolio, Inc. - Class A Common Stock (APPF) [ST]",P,10/30/2025,11/01/2025,"$1,001 - $15,000",Filing Status: New Subholding Of: Charles Schwab 401K > Schwab 893,"SP AppFolio, Inc. - Class A Common Stock (APPF) [ST] P 10/30/2025 11/01/2025 $1,001 - $15,000 Filing Status: New Subholding Of: Charles Schwab 401K > Schwab 893",,,False,100,APPF,accepted,house_ptr_structure+v8_1,False,False,False,10/30/2025,False,,valid_range
20033446,Hon. Lisa McClain,Member,MI09,20033446.pdf,2025,37,SP,"AppFolio, Inc. - Class A Common Stock","AppFolio, Inc. - Class A Common Stock",APPF,APPF,ST,S,2025-10-31,2025-11-01,1001.0,15000.0,,"$1,001 - $15,000",valid_range,New,Charles Schwab 401K > Schwab 893,,,,5,5,relaxed_table,True,False,,False,0,False,False,100,True,20,False,https://disclosures-clerk.house.gov/public_disc/ptr-pdfs/2025/20033446.pdf,,,SP,"AppFolio, Inc. - Class A Common Stock (APPF) [ST] Filing Status: New Subholding Of: Charles Schwab 401K >","AppFolio, Inc. - Class A Common Stock (APPF) [ST]",S Schwab 893,10/31/2025,11/01/2025,"$1,001 - $15,000",,"SP AppFolio, Inc. - Class A Common Stock (APPF) [ST] S 10/31/2025 11/01/2025 $1,001 - $15,000 Filing Status: New Subholding Of: Charles Schwab 401K > Schwab 893",,,False,100,APPF,accepted,house_ptr_structure+v8_1,False,False,False,10/31/2025,False,,valid_range
20033446,Hon. Lisa McClain,Member,MI09,20033446.pdf,2025,38,SP,Apple Inc. - Common Stock,Apple Inc. - Common Stock,AAPL,AAPL,ST,S,2025-10-31,2025-11-01,15001.0,50000.0,,"$15,001 - $50,000",valid_range,New,Charles Schwab 401K > Schwab 893,,,,5,5,relaxed_table,True,False,,False,0,False,True,100,True,20,False,https://disclosures-clerk.house.gov/public_disc/ptr-pdfs/2025/20033446.pdf,,,SP,Apple Inc. - Common Stock (AAPL) [ST],Apple Inc. - Common Stock (AAPL) [ST],S,10/31/2025,11/01/2025,"$15,001 - $50,000",Filing Status: New Subholding Of: Charles Schwab 401K > Schwab 893,"SP Apple Inc. - Common Stock (AAPL) [ST] S 10/31/2025 11/01/2025 $15,001 - $50,000 Filing Status: New Subholding Of: Charles Schwab 401K > Schwab 893",,,False,100,AAPL,accepted,house_ptr_structure+v8_1,False,False,False,10/31/2025,False,,valid_range
20033446,Hon. Lisa McClain,Member,MI09,20033446.pdf,2025,39,SP,Apple Inc. - Common Stock,Apple Inc. - Common Stock,AAPL,AAPL,ST,P,2025-10-30,2025-11-01,15001.0,50000.0,,"$15,001 - $50,000",valid_range,New,Charles Schwab 401K > Schwab 893,,,,5,5,relaxed_table,True,False,,False,0,False,False,100,True,20,False,https://disclosures-clerk.house.gov/public_disc/ptr-pdfs/2025/20033446.pdf,,,SP,Apple Inc. - Common Stock (AAPL) [ST] Filing Status: New Subholding Of: Charles Schwab 401K >,Apple Inc. - Common Stock (AAPL) [ST],P Schwab 893,10/30/2025,11/01/2025,"$15,001 - $50,000",,"SP Apple Inc. - Common Stock (AAPL) [ST] P 10/30/2025 11/01/2025 $15,001 - $50,000 Filing Status: New Subholding Of: Charles Schwab 401K > Schwab 893",,,False,100,AAPL,accepted,house_ptr_structure+v8_1,False,False,False,10/30/2025,False,,valid_range
20033446,Hon. Lisa McClain,Member,MI09,20033446.pdf,2025,40,SP,Apple Inc. - Common Stock,Apple Inc. - Common Stock,AAPL,AAPL,ST,S,2025-10-30,2025-11-01,15001.0,50000.0,,"$15,001 - $50,000",valid_range,New,Charles Schwab Brokerage Account 924,,,,5,5,relaxed_table,True,False,,False,0,False,True,100,True,20,False,https://disclosures-clerk.house.gov/public_disc/ptr-pdfs/2025/20033446.pdf,,,SP,Apple Inc. - Common Stock (AAPL) [ST],Apple Inc. - Common Stock (AAPL) [ST],S,10/30/2025,11/01/2025,"$15,001 - $50,000",Filing Status: New Subholding Of: Charles Schwab Brokerage Account 924,"SP Apple Inc. - Common Stock (AAPL) [ST] S 10/30/2025 11/01/2025 $15,001 - $50,000 Filing Status: New Subholding Of: Charles Schwab Brokerage Account 924",,,False,100,AAPL,accepted,house_ptr_structure+v8_1,False,False,False,10/30/2025,False,,valid_range
20033446,Hon. Lisa McClain,Member,MI09,20033446.pdf,2025,41,SP,Apple Inc. - Common Stock,Apple Inc. - Common Stock,AAPL,AAPL,ST,S (partial),2025-10-14,2025-11-01,1001.0,15000.0,,"$1,001 - $15,000",valid_range,New,Charles Schwab Brokerage Account 924,,,,6,6,table,False,False,,False,0,False,False,100,True,20,False,https://disclosures-clerk.house.gov/public_disc/ptr-pdfs/2025/20033446.pdf,,,SP,Apple Inc. - Common Stock (AAPL) [ST] Filing Status: New Subholding Of: Charles Schwab Brokera,Apple Inc. - Common Stock (AAPL) [ST],S (partial) age Account 924,10/14/2025,11/01/2025,"$1,001 - $15,000",,"SP Apple Inc. - Common Stock (AAPL) [ST] S (partial) 10/14/2025 11/01/2025 $1,001 - $15,000 Filing Status: New Subholding Of: Charles Schwab Brokerage Account 924",,,False,100,AAPL,accepted,house_ptr_structure+v8_1,False,False,False,10/14/2025,False,,valid_range
20033446,Hon. Lisa McClain,Member,MI09,20033446.pdf,2025,42,SP,"Arista Networks, Inc. Common Stock","Arista Networks, Inc. Common Stock",ANET,ANET,ST,S,2025-10-14,2025-11-01,1001.0,15000.0,,"$1,001 - $15,000",valid_range,New,Charles Schwab Brokerage Account 924,,,,6,6,table,False,False,,False,0,False,True,100,True,20,False,https://disclosures-clerk.house.gov/public_disc/ptr-pdfs/2025/20033446.pdf,,,SP,"Arista Networks, Inc. Common Stock (ANET) [ST]","Arista Networks, Inc. Common Stock (ANET) [ST]",S,10/14/2025,11/01/2025,"$1,001 - $15,000",Filing Status: New Subholding Of: Charles Schwab Brokerage Account 924,"SP Arista Networks, Inc. Common Stock (ANET) [ST] S 10/14/2025 11/01/2025 $1,001 - $15,000 Filing Status: New Subholding Of: Charles Schwab Brokerage Account 924",,,False,100,ANET,accepted,house_ptr_structure+v8_1,False,False,False,10/14/2025,False,,valid_range
20033446,Hon. Lisa McClain,Member,MI09,20033446.pdf,2025,43,SP,ASML Holding N.V. - New York Registry Shares,ASML Holding N.V. - New York Registry Shares,ASML,ASML,ST,S (partial),2025-10-14,2025-11-01,1001.0,15000.0,,"$1,001 - $15,000",valid_range,New,Charles Schwab Brokerage Account 924,,,,6,6,table,False,False,,False,0,False,False,100,True,20,False,https://disclosures-clerk.house.gov/public_disc/ptr-pdfs/2025/20033446.pdf,,,SP,ASML Holding N.V. - New York Registry Shares (ASML) [ST] Filing Status: New Subholding Of: Charles Schwab Brokera,ASML Holding N.V. - New York Registry Shares (ASML) [ST],S (partial) age Account 924,10/14/2025,11/01/2025,"$1,001 - $15,000",,"SP ASML Holding N.V. - New York Registry Shares (ASML) [ST] S (partial) 10/14/2025 11/01/2025 $1,001 - $15,000 Filing Status: New Subholding Of: Charles Schwab Brokerage Account 924",,,False,100,ASML,accepted,house_ptr_structure+v8_1,False,False,False,10/14/2025,False,,valid_range
20033446,Hon. Lisa McClain,Member,MI09,20033446.pdf,2025,44,SP,ASML Holding N.V. - New York Registry Shares,ASML Holding N.V. - New York Registry Shares,ASML,ASML,ST,S,2025-10-30,2025-11-01,1001.0,15000.0,,"$1,001 - $15,000",valid_range,New,Charles Schwab Brokerage Account 924,,,,6,6,table,False,False,,False,0,False,True,100,True,20,False,https://disclosures-clerk.house.gov/public_disc/ptr-pdfs/2025/20033446.pdf,,,SP,ASML Holding N.V. - New York Registry Shares (ASML) [ST],ASML Holding N.V. - New York Registry Shares (ASML) [ST],S,10/30/2025,11/01/2025,"$1,001 - $15,000",Filing Status: New Subholding Of: Charles Schwab Brokerage Account 924,"SP ASML Holding N.V. - New York Registry Shares (ASML) [ST] S 10/30/2025 11/01/2025 $1,001 - $15,000 Filing Status: New Subholding Of: Charles Schwab Brokerage Account 924",,,False,100,ASML,accepted,house_ptr_structure+v8_1,False,False,False,10/30/2025,False,,valid_range
20033446,Hon. Lisa McClain,Member,MI09,20033446.pdf,2025,45,SP,ASML Holding N.V. - New York Registry Shares,ASML Holding N.V. - New York Registry Shares,ASML,ASML,ST,P,2025-10-30,2025-11-01,1001.0,15000.0,,"$1,001 - $15,000",valid_range,New,Charles Schwab 401K > Schwab 893,,,,6,6,table,False,False,,False,0,False,False,100,True,20,False,https://disclosures-clerk.house.gov/public_disc/ptr-pdfs/2025/20033446.pdf,,,SP,ASML Holding N.V. - New York Registry Shares (ASML) [ST] Filing Status: New Subholding Of: Charles Schwab 401K >,ASML Holding N.V. - New York Registry Shares (ASML) [ST],P Schwab 893,10/30/2025,11/01/2025,"$1,001 - $15,000",,"SP ASML Holding N.V. - New York Registry Shares (ASML) [ST] P 10/30/2025 11/01/2025 $1,001 - $15,000 Filing Status: New Subholding Of: Charles Schwab 401K > Schwab 893",,,False,100,ASML,accepted,house_ptr_structure+v8_1,False,False,False,10/30/2025,False,,valid_range
20033446,Hon. Lisa McClain,Member,MI09,20033446.pdf,2025,46,SP,ASML Holding N.V. - New York Registry Shares,ASML Holding N.V. - New York Registry Shares,ASML,ASML,ST,S,2025-10-31,2025-11-01,1001.0,15000.0,,"$1,001 - $15,000",valid_range,New,Charles Schwab 401K > Schwab 893,,,,6,6,table,False,False,,False,0,False,True,100,True,20,False,https://disclosures-clerk.house.gov/public_disc/ptr-pdfs/2025/20033446.pdf,,,SP,ASML Holding N.V. - New York Registry Shares (ASML) [ST],ASML Holding N.V. - New York Registry Shares (ASML) [ST],S,10/31/2025,11/01/2025,"$1,001 - $15,000",Filing Status: New Subholding Of: Charles Schwab 401K > Schwab 893,"SP ASML Holding N.V. - New York Registry Shares (ASML) [ST] S 10/31/2025 11/01/2025 $1,001 - $15,000 Filing Status: New Subholding Of: Charles Schwab 401K > Schwab 893",,,False,100,ASML,accepted,house_ptr_structure+v8_1,False,False,False,10/31/2025,False,,valid_range
20033446,Hon. Lisa McClain,Member,MI09,20033446.pdf,2025,47,SP,AstraZeneca PLC - American Depositary Shares,AstraZeneca PLC - American Depositary Shares,AZN,AZN,ST,S,2025-10-31,2025-11-01,1001.0,15000.0,,"$1,001 - $15,000",valid_range,New,Charles Schwab 401K > Schwab 893,,,,6,6,table,False,False,,False,0,False,False,100,True,20,False,https://disclosures-clerk.house.gov/public_disc/ptr-pdfs/2025/20033446.pdf,,,SP,AstraZeneca PLC - American Depositary Shares (AZN) [ST] Filing Status: New Subholding Of: Charles Schwab 401K >,AstraZeneca PLC - American Depositary Shares (AZN) [ST],S Schwab 893,10/31/2025,11/01/2025,"$1,001 - $15,000",,"SP AstraZeneca PLC - American Depositary Shares (AZN) [ST] S 10/31/2025 11/01/2025 $1,001 - $15,000 Filing Status: New Subholding Of: Charles Schwab 401K > Schwab 893",,,False,100,AZN,accepted,house_ptr_structure+v8_1,False,False,False,10/31/2025,False,,valid_range
20033446,Hon. Lisa McClain,Member,MI09,20033446.pdf,2025,48,SP,AstraZeneca PLC - American Depositary Shares,AstraZeneca PLC - American Depositary Shares,AZN,AZN,ST,P,2025-10-30,2025-11-01,1001.0,15000.0,,"$1,001 - $15,000",valid_range,New,Charles Schwab 401K > Schwab 893,,,,6,6,table,False,False,,False,0,False,True,100,True,20,False,https://disclosures-clerk.house.gov/public_disc/ptr-pdfs/2025/20033446.pdf,,,SP,AstraZeneca PLC - American Depositary Shares (AZN) [ST],AstraZeneca PLC - American Depositary Shares (AZN) [ST],P,10/30/2025,11/01/2025,"$1,001 - $15,000",Filing Status: New Subholding Of: Charles Schwab 401K > Schwab 893,"SP AstraZeneca PLC - American Depositary Shares (AZN) [ST] P 10/30/2025 11/01/2025 $1,001 - $15,000 Filing Status: New Subholding Of: Charles Schwab 401K > Schwab 893",,,False,100,AZN,accepted,house_ptr_structure+v8_1,False,False,False,10/30/2025,False,,valid_range
20033446,Hon. Lisa McClain,Member,MI09,20033446.pdf,2025,49,SP,AstraZeneca PLC - American Depositary Shares,AstraZeneca PLC - American Depositary Shares,AZN,AZN,ST,S,2025-10-30,2025-11-01,1001.0,15000.0,,"$1,001 - $15,000",valid_range,New,Charles Schwab Brokerage Account 924,,,,6,6,table,False,False,,False,0,False,False,100,True,20,False,https://disclosures-clerk.house.gov/public_disc/ptr-pdfs/2025/20033446.pdf,,,SP,AstraZeneca PLC - American Depositary Shares (AZN) [ST] Filing Status: New Subholding Of: Charles Schwab Brokera,AstraZeneca PLC - American Depositary Shares (AZN) [ST],S age Account 924,10/30/2025,11/01/2025,"$1,001 - $15,000",,"SP AstraZeneca PLC - American Depositary Shares (AZN) [ST] S 10/30/2025 11/01/2025 $1,001 - $15,000 Filing Status: New Subholding Of: Charles Schwab Brokerage Account 924",,,False,100,AZN,accepted,house_ptr_structure+v8_1,False,False,False,10/30/2025,False,,valid_range
20033446,Hon. Lisa McClain,Member,MI09,20033446.pdf,2025,50,SP,"AvalonBay Communities, Inc. Common Stock","AvalonBay Communities, Inc. Common Stock",AVB,AVB,ST,S,2025-10-30,2025-11-01,1001.0,15000.0,,"$1,001 - $15,000",valid_range,New,Charles Schwab Brokerage Account 924,,,,7,7,table,False,False,,False,0,False,True,100,True,20,False,https://disclosures-clerk.house.gov/public_disc/ptr-pdfs/2025/20033446.pdf,,,SP,"AvalonBay Communities, Inc. Common Stock (AVB) [ST]","AvalonBay Communities, Inc. Common Stock (AVB) [ST]",S,10/30/2025,11/01/2025,"$1,001 - $15,000",Filing Status: New Subholding Of: Charles Schwab Brokerage Account 924,"SP AvalonBay Communities, Inc. Common Stock (AVB) [ST] S 10/30/2025 11/01/2025 $1,001 - $15,000 Filing Status: New Subholding Of: Charles Schwab Brokerage Account 924",,,False,100,AVB,accepted,house_ptr_structure+v8_1,False,False,False,10/30/2025,False,,valid_range
20033446,Hon. Lisa McClain,Member,MI09,20033446.pdf,2025,51,SP,"AvalonBay Communities, Inc. Common Stock","AvalonBay Communities, Inc. Common Stock",AVB,AVB,ST,P,2025-10-30,2025-11-01,1001.0,15000.0,,"$1,001 - $15,000",valid_range,New,Charles Schwab 401K > Schwab 893,,,,7,7,table,False,False,,False,0,False,False,100,True,20,False,https://disclosures-clerk.house.gov/public_disc/ptr-pdfs/2025/20033446.pdf,,,SP,"AvalonBay Communities, Inc. Common Stock (AVB) [ST] Filing Status: New Subholding Of: Charles Schwab 401K >","AvalonBay Communities, Inc. Common Stock (AVB) [ST]",P Schwab 893,10/30/2025,11/01/2025,"$1,001 - $15,000",,"SP AvalonBay Communities, Inc. Common Stock (AVB) [ST] P 10/30/2025 11/01/2025 $1,001 - $15,000 Filing Status: New Subholding Of: Charles Schwab 401K > Schwab 893",,,False,100,AVB,accepted,house_ptr_structure+v8_1,False,False,False,10/30/2025,False,,valid_range
20033446,Hon. Lisa McClain,Member,MI09,20033446.pdf,2025,52,SP,"AvalonBay Communities, Inc. Common Stock","AvalonBay Communities, Inc. Common Stock",AVB,AVB,ST,S,2025-10-31,2025-11-01,1001.0,15000.0,,"$1,001 - $15,000",valid_range,New,Charles Schwab 401K > Schwab 893,,,,7,7,table,False,False,,False,0,False,True,100,True,20,False,https://disclosures-clerk.house.gov/public_disc/ptr-pdfs/2025/20033446.pdf,,,SP,"AvalonBay Communities, Inc. Common Stock (AVB) [ST]","AvalonBay Communities, Inc. Common Stock (AVB) [ST]",S,10/31/2025,11/01/2025,"$1,001 - $15,000",Filing Status: New Subholding Of: Charles Schwab 401K > Schwab 893,"SP AvalonBay Communities, Inc. Common Stock (AVB) [ST] S 10/31/2025 11/01/2025 $1,001 - $15,000 Filing Status: New Subholding Of: Charles Schwab 401K > Schwab 893",,,False,100,AVB,accepted,house_ptr_structure+v8_1,False,False,False,10/31/2025,False,,valid_range
20033446,Hon. Lisa McClain,Member,MI09,20033446.pdf,2025,53,SP,Bank of America Corporation Common Stock,Bank of America Corporation Common Stock,BAC,BAC,ST,P,2025-10-30,2025-11-01,1001.0,15000.0,,"$1,001 - $15,000",valid_range,New,Charles Schwab 401K > Schwab 893,,,,7,7,table,False,False,,False,0,False,False,100,True,20,False,https://disclosures-clerk.house.gov/public_disc/ptr-pdfs/2025/20033446.pdf,,,SP,Bank of America Corporation Common Stock (BAC) [ST] Filing Status: New Subholding Of: Charles Schwab 401K >,Bank of America Corporation Common Stock (BAC) [ST],P Schwab 893,10/30/2025,11/01/2025,"$1,001 - $15,000",,"SP Bank of America Corporation Common Stock (BAC) [ST] P 10/30/2025 11/01/2025 $1,001 - $15,000 Filing Status: New Subholding Of: Charles Schwab 401K > Schwab 893",,,False,100,BAC,accepted,house_ptr_structure+v8_1,False,False,False,10/30/2025,False,,valid_range
20033446,Hon. Lisa McClain,Member,MI09,20033446.pdf,2025,54,SP,Bank of America Corporation Common Stock,Bank of America Corporation Common Stock,BAC,BAC,ST,S,2025-10-30,2025-11-01,1001.0,15000.0,,"$1,001 - $15,000",valid_range,New,Charles Schwab Brokerage Account 924,,,,7,7,table,False,False,,False,0,False,True,100,True,20,False,https://disclosures-clerk.house.gov/public_disc/ptr-pdfs/2025/20033446.pdf,,,SP,Bank of America Corporation Common Stock (BAC) [ST],Bank of America Corporation Common Stock (BAC) [ST],S,10/30/2025,11/01/2025,"$1,001 - $15,000",Filing Status: New Subholding Of: Charles Schwab Brokerage Account 924,"SP Bank of America Corporation Common Stock (BAC) [ST] S 10/30/2025 11/01/2025 $1,001 - $15,000 Filing Status: New Subholding Of: Charles Schwab Brokerage Account 924",,,False,100,BAC,accepted,house_ptr_structure+v8_1,False,False,False,10/30/2025,False,,valid_range
20033446,Hon. Lisa McClain,Member,MI09,20033446.pdf,2025,55,SP,Bank of America Corporation Common Stock,Bank of America Corporation Common Stock,BAC,BAC,ST,S,2025-10-31,2025-11-01,1001.0,15000.0,,"$1,001 - $15,000",valid_range,New,Charles Schwab 401K > Schwab 893,,,,7,7,table,False,False,,False,0,False,False,100,True,20,False,https://disclosures-clerk.house.gov/public_disc/ptr-pdfs/2025/20033446.pdf,,,SP,Bank of America Corporation Common Stock (BAC) [ST] Filing Status: New Subholding Of: Charles Schwab 401K >,Bank of America Corporation Common Stock (BAC) [ST],S Schwab 893,10/31/2025,11/01/2025,"$1,001 - $15,000",,"SP Bank of America Corporation Common Stock (BAC) [ST] S 10/31/2025 11/01/2025 $1,001 - $15,000 Filing Status: New Subholding Of: Charles Schwab 401K > Schwab 893",,,False,100,BAC,accepted,house_ptr_structure+v8_1,False,False,False,10/31/2025,False,,valid_range
20033446,Hon. Lisa McClain,Member,MI09,20033446.pdf,2025,56,SP,Barclays PLC Common Stock,Barclays PLC Common Stock,BCS,BCS,ST,S,2025-10-31,2025-11-01,1001.0,15000.0,,"$1,001 - $15,000",valid_range,New,Charles Schwab 401K > Schwab 893,,,,7,7,table,False,False,,False,0,False,True,100,True,20,False,https://disclosures-clerk.house.gov/public_disc/ptr-pdfs/2025/20033446.pdf,,,SP,Barclays PLC Common Stock (BCS) [ST],Barclays PLC Common Stock (BCS) [ST],S,10/31/2025,11/01/2025,"$1,001 - $15,000",Filing Status: New Subholding Of: Charles Schwab 401K > Schwab 893,"SP Barclays PLC Common Stock (BCS) [ST] S 10/31/2025 11/01/2025 $1,001 - $15,000 Filing Status: New Subholding Of: Charles Schwab 401K > Schwab 893",,,False,100,BCS,accepted,house_ptr_structure+v8_1,False,False,False,10/31/2025,False,,valid_range
20033446,Hon. Lisa McClain,Member,MI09,20033446.pdf,2025,57,SP,Barclays PLC Common Stock,Barclays PLC Common Stock,BCS,BCS,ST,S,2025-10-30,2025-11-01,1001.0,15000.0,,"$1,001 - $15,000",valid_range,New,Charles Schwab Brokerage Account 924,,,,7,7,table,False,False,,False,0,False,False,100,True,20,False,https://disclosures-clerk.house.gov/public_disc/ptr-pdfs/2025/20033446.pdf,,,SP,Barclays PLC Common Stock (BCS) [ST] Filing Status: New Subholding Of: Charles Schwab Brokera,Barclays PLC Common Stock (BCS) [ST],S age Account 924,10/30/2025,11/01/2025,"$1,001 - $15,000",,"SP Barclays PLC Common Stock (BCS) [ST] S 10/30/2025 11/01/2025 $1,001 - $15,000 Filing Status: New Subholding Of: Charles Schwab Brokerage Account 924",,,False,100,BCS,accepted,house_ptr_structure+v8_1,False,False,False,10/30/2025,False,,valid_range
20033446,Hon. Lisa McClain,Member,MI09,20033446.pdf,2025,58,SP,Barclays PLC Common Stock,Barclays PLC Common Stock,BCS,BCS,ST,P,2025-10-30,2025-11-01,1001.0,15000.0,,"$1,001 - $15,000",valid_range,New,Charles Schwab 401K > Schwab 893,,,,7,7,table,False,False,,False,0,False,True,100,True,20,False,https://disclosures-clerk.house.gov/public_disc/ptr-pdfs/2025/20033446.pdf,,,SP,Barclays PLC Common Stock (BCS) [ST],Barclays PLC Common Stock (BCS) [ST],P,10/30/2025,11/01/2025,"$1,001 - $15,000",Filing Status: New Subholding Of: Charles Schwab 401K > Schwab 893,"SP Barclays PLC Common Stock (BCS) [ST] P 10/30/2025 11/01/2025 $1,001 - $15,000 Filing Status: New Subholding Of: Charles Schwab 401K > Schwab 893",,,False,100,BCS,accepted,house_ptr_structure+v8_1,False,False,False,10/30/2025,False,,valid_range
20033446,Hon. Lisa McClain,Member,MI09,20033446.pdf,2025,59,SP,Baxter International Inc. Common Stock,Baxter International Inc. Common Stock,BAX,BAX,ST,P,2025-10-30,2025-11-01,1001.0,15000.0,,"$1,001 - $15,000",valid_range,New,Charles Schwab 401K > Schwab 893,,,,8,8,table,False,False,,False,0,False,False,100,True,20,False,https://disclosures-clerk.house.gov/public_disc/ptr-pdfs/2025/20033446.pdf,,,SP,Baxter International Inc. Common Stock (BAX) [ST] Filing Status: New Subholding Of: Charles Schwab 401K >,Baxter International Inc. Common Stock (BAX) [ST],P Schwab 893,10/30/2025,11/01/2025,"$1,001 - $15,000",,"SP Baxter International Inc. Common Stock (BAX) [ST] P 10/30/2025 11/01/2025 $1,001 - $15,000 Filing Status: New Subholding Of: Charles Schwab 401K > Schwab 893",,,False,100,BAX,accepted,house_ptr_structure+v8_1,False,False,False,10/30/2025,False,,valid_range
20033446,Hon. Lisa McClain,Member,MI09,20033446.pdf,2025,60,SP,Baxter International Inc. Common Stock,Baxter International Inc. Common Stock,BAX,BAX,ST,S,2025-10-30,2025-11-01,1001.0,15000.0,,"$1,001 - $15,000",valid_range,New,Charles Schwab Brokerage Account 924,,,,8,8,table,False,False,,False,0,False,True,100,True,20,False,https://disclosures-clerk.house.gov/public_disc/ptr-pdfs/2025/20033446.pdf,,,SP,Baxter International Inc. Common Stock (BAX) [ST],Baxter International Inc. Common Stock (BAX) [ST],S,10/30/2025,11/01/2025,"$1,001 - $15,000",Filing Status: New Subholding Of: Charles Schwab Brokerage Account 924,"SP Baxter International Inc. Common Stock (BAX) [ST] S 10/30/2025 11/01/2025 $1,001 - $15,000 Filing Status: New Subholding Of: Charles Schwab Brokerage Account 924",,,False,100,BAX,accepted,house_ptr_structure+v8_1,False,False,False,10/30/2025,False,,valid_range
20033446,Hon. Lisa McClain,Member,MI09,20033446.pdf,2025,61,SP,Baxter International Inc. Common Stock,Baxter International Inc. Common Stock,BAX,BAX,ST,S,2025-10-31,2025-11-01,1001.0,15000.0,,"$1,001 - $15,000",valid_range,New,Charles Schwab 401K > Schwab 893,,,,8,8,table,False,False,,False,0,False,False,100,True,20,False,https://disclosures-clerk.house.gov/public_disc/ptr-pdfs/2025/20033446.pdf,,,SP,Baxter International Inc. Common Stock (BAX) [ST] Filing Status: New Subholding Of: Charles Schwab 401K >,Baxter International Inc. Common Stock (BAX) [ST],S Schwab 893,10/31/2025,11/01/2025,"$1,001 - $15,000",,"SP Baxter International Inc. Common Stock (BAX) [ST] S 10/31/2025 11/01/2025 $1,001 - $15,000 Filing Status: New Subholding Of: Charles Schwab 401K > Schwab 893",,,False,100,BAX,accepted,house_ptr_structure+v8_1,False,False,False,10/31/2025,False,,valid_range
20033446,Hon. Lisa McClain,Member,MI09,20033446.pdf,2025,62,SP,Berkshire Hathaway Inc. New Common Stock,Berkshire Hathaway Inc. New Common Stock,BRK.B,BRK.B,ST,S,2025-10-31,2025-11-01,1001.0,15000.0,,"$1,001 - $15,000",valid_range,New,Charles Schwab 401K > Schwab 893,,,,8,8,table,False,False,,False,0,False,True,100,True,20,False,https://disclosures-clerk.house.gov/public_disc/ptr-pdfs/2025/20033446.pdf,,,SP,Berkshire Hathaway Inc. New Common Stock (BRK.B) [ST],Berkshire Hathaway Inc. New Common Stock (BRK.B) [ST],S,10/31/2025,11/01/2025,"$1,001 - $15,000",Filing Status: New Subholding Of: Charles Schwab 401K > Schwab 893,"SP Berkshire Hathaway Inc. New Common Stock (BRK.B) [ST] S 10/31/2025 11/01/2025 $1,001 - $15,000 Filing Status: New Subholding Of: Charles Schwab 401K > Schwab 893",,,False,100,BRK.B,accepted,house_ptr_structure+v8_1,False,False,False,10/31/2025,False,,valid_range
20033446,Hon. Lisa McClain,Member,MI09,20033446.pdf,2025,63,SP,Berkshire Hathaway Inc. New Common Stock,Berkshire Hathaway Inc. New Common Stock,BRK.B,BRK.B,ST,S,2025-10-30,2025-11-01,1001.0,15000.0,,"$1,001 - $15,000",valid_range,New,Charles Schwab Brokerage Account 924,,,,8,8,table,False,False,,False,0,False,False,100,True,20,False,https://disclosures-clerk.house.gov/public_disc/ptr-pdfs/2025/20033446.pdf,,,SP,Berkshire Hathaway Inc. New Common Stock (BRK.B) [ST] Filing Status: New Subholding Of: Charles Schwab Brokera,Berkshire Hathaway Inc. New Common Stock (BRK.B) [ST],S age Account 924,10/30/2025,11/01/2025,"$1,001 - $15,000",,"SP Berkshire Hathaway Inc. New Common Stock (BRK.B) [ST] S 10/30/2025 11/01/2025 $1,001 - $15,000 Filing Status: New Subholding Of: Charles Schwab Brokerage Account 924",,,False,100,BRK.B,accepted,house_ptr_structure+v8_1,False,False,False,10/30/2025,False,,valid_range
20033446,Hon. Lisa McClain,Member,MI09,20033446.pdf,2025,64,SP,Berkshire Hathaway Inc. New Common Stock,Berkshire Hathaway Inc. New Common Stock,BRK.B,BRK.B,ST,P,2025-10-30,2025-11-01,1001.0,15000.0,,"$1,001 - $15,000",valid_range,New,Charles Schwab 401K > Schwab 893,,,,8,8,table,False,False,,False,0,False,True,100,True,20,False,https://disclosures-clerk.house.gov/public_disc/ptr-pdfs/2025/20033446.pdf,,,SP,Berkshire Hathaway Inc. New Common Stock (BRK.B) [ST],Berkshire Hathaway Inc. New Common Stock (BRK.B) [ST],P,10/30/2025,11/01/2025,"$1,001 - $15,000",Filing Status: New Subholding Of: Charles Schwab 401K > Schwab 893,"SP Berkshire Hathaway Inc. New Common Stock (BRK.B) [ST] P 10/30/2025 11/01/2025 $1,001 - $15,000 Filing Status: New Subholding Of: Charles Schwab 401K > Schwab 893",,,False,100,BRK.B,accepted,house_ptr_structure+v8_1,False,False,False,10/30/2025,False,,valid_range
20033446,Hon. Lisa McClain,Member,MI09,20033446.pdf,2025,65,SP,BHP Group Limited American Depositary Shares,BHP Group Limited American Depositary Shares,BHP,BHP,ST,P,2025-10-30,2025-11-01,1001.0,15000.0,,"$1,001 - $15,000",valid_range,New,Charles Schwab 401K > Schwab 893,,,,8,8,table,False,False,,False,0,False,False,100,True,20,False,https://disclosures-clerk.house.gov/public_disc/ptr-pdfs/2025/20033446.pdf,,,SP,BHP Group Limited American Depositary Shares (BHP) [ST] Filing Status: New Subholding Of: Charles Schwab 401K >,BHP Group Limited American Depositary Shares (BHP) [ST],P Schwab 893,10/30/2025,11/01/2025,"$1,001 - $15,000",,"SP BHP Group Limited American Depositary Shares (BHP) [ST] P 10/30/2025 11/01/2025 $1,001 - $15,000 Filing Status: New Subholding Of: Charles Schwab 401K > Schwab 893",,,False,100,BHP,accepted,house_ptr_structure+v8_1,False,False,False,10/30/2025,False,,valid_range
20033446,Hon. Lisa McClain,Member,MI09,20033446.pdf,2025,66,SP,BHP Group Limited American Depositary Shares,BHP Group Limited American Depositary Shares,BHP,BHP,ST,S,2025-10-30,2025-11-01,1001.0,15000.0,,"$1,001 - $15,000",valid_range,New,Charles Schwab Brokerage Account 924,,,,8,8,table,False,False,,False,0,False,True,100,True,20,False,https://disclosures-clerk.house.gov/public_disc/ptr-pdfs/2025/20033446.pdf,,,SP,BHP Group Limited American Depositary Shares (BHP) [ST],BHP Group Limited American Depositary Shares (BHP) [ST],S,10/30/2025,11/01/2025,"$1,001 - $15,000",Filing Status: New Subholding Of: Charles Schwab Brokerage Account 924,"SP BHP Group Limited American Depositary Shares (BHP) [ST] S 10/30/2025 11/01/2025 $1,001 - $15,000 Filing Status: New Subholding Of: Charles Schwab Brokerage Account 924",,,False,100,BHP,accepted,house_ptr_structure+v8_1,False,False,False,10/30/2025,False,,valid_range
20033446,Hon. Lisa McClain,Member,MI09,20033446.pdf,2025,67,SP,BHP Group Limited American Depositary Shares,BHP Group Limited American Depositary Shares,BHP,BHP,ST,S,2025-10-31,2025-11-01,1001.0,15000.0,,"$1,001 - $15,000",valid_range,New,Charles Schwab 401K > Schwab 893,,,,8,8,table,False,False,,False,0,False,False,100,True,20,False,https://disclosures-clerk.house.gov/public_disc/ptr-pdfs/2025/20033446.pdf,,,SP,BHP Group Limited American Depositary Shares (BHP) [ST] Filing Status: New Subholding Of: Charles Schwab 401K >,BHP Group Limited American Depositary Shares (BHP) [ST],S Schwab 893,10/31/2025,11/01/2025,"$1,001 - $15,000",,"SP BHP Group Limited American Depositary Shares (BHP) [ST] S 10/31/2025 11/01/2025 $1,001 - $15,000 Filing Status: New Subholding Of: Charles Schwab 401K > Schwab 893",,,False,100,BHP,accepted,house_ptr_structure+v8_1,False,False,False,10/31/2025,False,,valid_range
20033446,Hon. Lisa McClain,Member,MI09,20033446.pdf,2025,68,SP,"BlackLine, Inc. - Common Stock","BlackLine, Inc. - Common Stock",BL,BL,ST,S,2025-10-31,2025-11-01,1001.0,15000.0,,"$1,001 - $15,000",valid_range,New,Charles Schwab 401K > Schwab 893,,,,9,9,table,False,False,,False,0,False,True,100,True,20,False,https://disclosures-clerk.house.gov/public_disc/ptr-pdfs/2025/20033446.pdf,,,SP,"BlackLine, Inc. - Common Stock (BL) [ST]","BlackLine, Inc. - Common Stock (BL) [ST]",S,10/31/2025,11/01/2025,"$1,001 - $15,000",Filing Status: New Subholding Of: Charles Schwab 401K > Schwab 893,"SP BlackLine, Inc. - Common Stock (BL) [ST] S 10/31/2025 11/01/2025 $1,001 - $15,000 Filing Status: New Subholding Of: Charles Schwab 401K > Schwab 893",,,False,100,BL,accepted,house_ptr_structure+v8_1,False,False,False,10/31/2025,False,,valid_range
20033446,Hon. Lisa McClain,Member,MI09,20033446.pdf,2025,69,SP,"BlackLine, Inc. - Common Stock","BlackLine, Inc. - Common Stock",BL,BL,ST,S,2025-10-30,2025-11-01,1001.0,15000.0,,"$1,001 - $15,000",valid_range,New,Charles Schwab Brokerage Account 924,,,,9,9,table,False,False,,False,0,False,False,100,True,20,False,https://disclosures-clerk.house.gov/public_disc/ptr-pdfs/2025/20033446.pdf,,,SP,"BlackLine, Inc. - Common Stock (BL) [ST] Filing Status: New Subholding Of: Charles Schwab Brokera","BlackLine, Inc. - Common Stock (BL) [ST]",S age Account 924,10/30/2025,11/01/2025,"$1,001 - $15,000",,"SP BlackLine, Inc. - Common Stock (BL) [ST] S 10/30/2025 11/01/2025 $1,001 - $15,000 Filing Status: New Subholding Of: Charles Schwab Brokerage Account 924",,,False,100,BL,accepted,house_ptr_structure+v8_1,False,False,False,10/30/2025,False,,valid_range
20033446,Hon. Lisa McClain,Member,MI09,20033446.pdf,2025,70,SP,"BlackLine, Inc. - Common Stock","BlackLine, Inc. - Common Stock",BL,BL,ST,P,2025-10-30,2025-11-01,1001.0,15000.0,,"$1,001 - $15,000",valid_range,New,Charles Schwab 401K > Schwab 893,,,,9,9,table,False,False,,False,0,False,True,100,True,20,False,https://disclosures-clerk.house.gov/public_disc/ptr-pdfs/2025/20033446.pdf,,,SP,"BlackLine, Inc. - Common Stock (BL) [ST]","BlackLine, Inc. - Common Stock (BL) [ST]",P,10/30/2025,11/01/2025,"$1,001 - $15,000",Filing Status: New Subholding Of: Charles Schwab 401K > Schwab 893,"SP BlackLine, Inc. - Common Stock (BL) [ST] P 10/30/2025 11/01/2025 $1,001 - $15,000 Filing Status: New Subholding Of: Charles Schwab 401K > Schwab 893",,,False,100,BL,accepted,house_ptr_structure+v8_1,False,False,False,10/30/2025,False,,valid_range
20033446,Hon. Lisa McClain,Member,MI09,20033446.pdf,2025,71,SP,"BlackRock, Inc. Common Stock","BlackRock, Inc. Common Stock",BLK,BLK,ST,S,2025-10-14,2025-11-01,1001.0,15000.0,,"$1,001 - $15,000",valid_range,New,Charles Schwab Brokerage Account 924,,,,9,9,table,False,False,,False,0,False,False,100,True,20,False,https://disclosures-clerk.house.gov/public_disc/ptr-pdfs/2025/20033446.pdf,,,SP,"BlackRock, Inc. Common Stock (BLK) [ST] Filing Status: New Subholding Of: Charles Schwab Brokera","BlackRock, Inc. Common Stock (BLK) [ST]",S age Account 924,10/14/2025,11/01/2025,"$1,001 - $15,000",,"SP BlackRock, Inc. Common Stock (BLK) [ST] S 10/14/2025 11/01/2025 $1,001 - $15,000 Filing Status: New Subholding Of: Charles Schwab Brokerage Account 924",,,False,100,BLK,accepted,house_ptr_structure+v8_1,False,False,False,10/14/2025,False,,valid_range
20033446,Hon. Lisa McClain,Member,MI09,20033446.pdf,2025,72,SP,Boston Scientific Corporation Common Stock,Boston Scientific Corporation Common Stock,BSX,BSX,ST,S,2025-10-30,2025-11-01,1001.0,15000.0,,"$1,001 - $15,000",valid_range,New,Charles Schwab Brokerage Account 924,,,,9,9,table,False,False,,False,0,False,True,100,True,20,False,https://disclosures-clerk.house.gov/public_disc/ptr-pdfs/2025/20033446.pdf,,,SP,Boston Scientific Corporation Common Stock (BSX) [ST],Boston Scientific Corporation Common Stock (BSX) [ST],S,10/30/2025,11/01/2025,"$1,001 - $15,000",Filing Status: New Subholding Of: Charles Schwab Brokerage Account 924,"SP Boston Scientific Corporation Common Stock (BSX) [ST] S 10/30/2025 11/01/2025 $1,001 - $15,000 Filing Status: New Subholding Of: Charles Schwab Brokerage Account 924",,,False,100,BSX,accepted,house_ptr_structure+v8_1,False,False,False,10/30/2025,False,,valid_range
20033446,Hon. Lisa McClain,Member,MI09,20033446.pdf,2025,73,SP,Boston Scientific Corporation Common Stock,Boston Scientific Corporation Common Stock,BSX,BSX,ST,P,2025-10-30,2025-11-01,1001.0,15000.0,,"$1,001 - $15,000",valid_range,New,Charles Schwab 401K > Schwab 893,,,,9,9,table,False,False,,False,0,False,False,100,True,20,False,https://disclosures-clerk.house.gov/public_disc/ptr-pdfs/2025/20033446.pdf,,,SP,Boston Scientific Corporation Common Stock (BSX) [ST] Filing Status: New Subholding Of: Charles Schwab 401K >,Boston Scientific Corporation Common Stock (BSX) [ST],P Schwab 893,10/30/2025,11/01/2025,"$1,001 - $15,000",,"SP Boston Scientific Corporation Common Stock (BSX) [ST] P 10/30/2025 11/01/2025 $1,001 - $15,000 Filing Status: New Subholding Of: Charles Schwab 401K > Schwab 893",,,False,100,BSX,accepted,house_ptr_structure+v8_1,False,False,False,10/30/2025,False,,valid_range
20033446,Hon. Lisa McClain,Member,MI09,20033446.pdf,2025,74,SP,Boston Scientific Corporation Common Stock,Boston Scientific Corporation Common Stock,BSX,BSX,ST,S,2025-10-31,2025-11-01,1001.0,15000.0,,"$1,001 - $15,000",valid_range,New,Charles Schwab 401K > Schwab 893,,,,9,9,table,False,False,,False,0,False,True,100,True,20,False,https://disclosures-clerk.house.gov/public_disc/ptr-pdfs/2025/20033446.pdf,,,SP,Boston Scientific Corporation Common Stock (BSX) [ST],Boston Scientific Corporation Common Stock (BSX) [ST],S,10/31/2025,11/01/2025,"$1,001 - $15,000",Filing Status: New Subholding Of: Charles Schwab 401K > Schwab 893,"SP Boston Scientific Corporation Common Stock (BSX) [ST] S 10/31/2025 11/01/2025 $1,001 - $15,000 Filing Status: New Subholding Of: Charles Schwab 401K > Schwab 893",,,False,100,BSX,accepted,house_ptr_structure+v8_1,False,False,False,10/31/2025,False,,valid_range
20033446,Hon. Lisa McClain,Member,MI09,20033446.pdf,2025,75,SP,BP p.l.c. Common Stock,BP p.l.c. Common Stock,BP,BP,ST,S,2025-10-31,2025-11-01,1001.0,15000.0,,"$1,001 - $15,000",valid_range,New,Charles Schwab 401K > Schwab 893,,,,9,9,table,False,False,,False,0,False,False,100,True,20,False,https://disclosures-clerk.house.gov/public_disc/ptr-pdfs/2025/20033446.pdf,,,SP,BP p.l.c. Common Stock (BP) [ST] Filing Status: New Subholding Of: Charles Schwab 401K >,BP p.l.c. Common Stock (BP) [ST],S Schwab 893,10/31/2025,11/01/2025,"$1,001 - $15,000",,"SP BP p.l.c. Common Stock (BP) [ST] S 10/31/2025 11/01/2025 $1,001 - $15,000 Filing Status: New Subholding Of: Charles Schwab 401K > Schwab 893",,,False,100,BP,accepted,house_ptr_structure+v8_1,False,False,False,10/31/2025,False,,valid_range
20033446,Hon. Lisa McClain,Member,MI09,20033446.pdf,2025,76,SP,BP p.l.c. Common Stock,BP p.l.c. Common Stock,BP,BP,ST,P,2025-10-30,2025-11-01,1001.0,15000.0,,"$1,001 - $15,000",valid_range,New,Charles Schwab 401K > Schwab 893,,,,9,9,table,False,False,,False,0,False,True,100,True,20,False,https://disclosures-clerk.house.gov/public_disc/ptr-pdfs/2025/20033446.pdf,,,SP,BP p.l.c. Common Stock (BP) [ST],BP p.l.c. Common Stock (BP) [ST],P,10/30/2025,11/01/2025,"$1,001 - $15,000",Filing Status: New Subholding Of: Charles Schwab 401K > Schwab 893,"SP BP p.l.c. Common Stock (BP) [ST] P 10/30/2025 11/01/2025 $1,001 - $15,000 Filing Status: New Subholding Of: Charles Schwab 401K > Schwab 893",,,False,100,BP,accepted,house_ptr_structure+v8_1,False,False,False,10/30/2025,False,,valid_range
20033446,Hon. Lisa McClain,Member,MI09,20033446.pdf,2025,77,SP,BP p.l.c. Common Stock,BP p.l.c. Common Stock,BP,BP,ST,S,2025-10-30,2025-11-01,1001.0,15000.0,,"$1,001 - $15,000",valid_range,New,Charles Schwab Brokerage Account 924,,,,9,10,table,False,False,,True,0,False,False,98,True,20,False,https://disclosures-clerk.house.gov/public_disc/ptr-pdfs/2025/20033446.pdf,,,SP,BP p.l.c. Common Stock (BP) [ST],BP p.l.c. Common Stock (BP) [ST],S,10/30/2025,11/01/2025,"$1,001 - $15,000",Filing Status: New Subholding Of: Charles Schwab Brokerage Account 924,"SP BP p.l.c. Common Stock (BP) [ST] S 10/30/2025 11/01/2025 $1,001 - $15,000 Filing Status: New Subholding Of: Charles Schwab Brokerage Account 924",,,False,98,BP,accepted,house_ptr_structure+v8_1,False,False,False,10/30/2025,False,,valid_range
20033446,Hon. Lisa McClain,Member,MI09,20033446.pdf,2025,78,SP,Brinks Company,Brinks Company,BCO,BCO,ST,S,2025-10-30,2025-11-01,1001.0,15000.0,,"$1,001 - $15,000",valid_range,New,Charles Schwab Brokerage Account 924,,,,10,10,table,False,False,,False,0,False,True,100,True,20,False,https://disclosures-clerk.house.gov/public_disc/ptr-pdfs/2025/20033446.pdf,,,SP,Brinks Company (BCO) [ST],Brinks Company (BCO) [ST],S,10/30/2025,11/01/2025,"$1,001 - $15,000",Filing Status: New Subholding Of: Charles Schwab Brokerage Account 924,"SP Brinks Company (BCO) [ST] S 10/30/2025 11/01/2025 $1,001 - $15,000 Filing Status: New Subholding Of: Charles Schwab Brokerage Account 924",,,False,100,BCO,accepted,house_ptr_structure+v8_1,False,False,False,10/30/2025,False,,valid_range
20033446,Hon. Lisa McClain,Member,MI09,20033446.pdf,2025,79,SP,Brinks Company,Brinks Company,BCO,BCO,ST,P,2025-10-30,2025-11-01,1001.0,15000.0,,"$1,001 - $15,000",valid_range,New,Charles Schwab 401K > Schwab 893,,,,10,10,table,False,False,,False,0,False,False,100,True,20,False,https://disclosures-clerk.house.gov/public_disc/ptr-pdfs/2025/20033446.pdf,,,SP,Brinks Company (BCO) [ST] Filing Status: New Subholding Of: Charles Schwab 401K >,Brinks Company (BCO) [ST],P Schwab 893,10/30/2025,11/01/2025,"$1,001 - $15,000",,"SP Brinks Company (BCO) [ST] P 10/30/2025 11/01/2025 $1,001 - $15,000 Filing Status: New Subholding Of: Charles Schwab 401K > Schwab 893",,,False,100,BCO,accepted,house_ptr_structure+v8_1,False,False,False,10/30/2025,False,,valid_range
20033446,Hon. Lisa McClain,Member,MI09,20033446.pdf,2025,80,SP,Brinks Company,Brinks Company,BCO,BCO,ST,S,2025-10-31,2025-11-01,1001.0,15000.0,,"$1,001 - $15,000",valid_range,New,Charles Schwab 401K > Schwab 893,,,,10,10,table,False,False,,False,0,False,True,100,True,20,False,https://disclosures-clerk.house.gov/public_disc/ptr-pdfs/2025/20033446.pdf,,,SP,Brinks Company (BCO) [ST],Brinks Company (BCO) [ST],S,10/31/2025,11/01/2025,"$1,001 - $15,000",Filing Status: New Subholding Of: Charles Schwab 401K > Schwab 893,"SP Brinks Company (BCO) [ST] S 10/31/2025 11/01/2025 $1,001 - $15,000 Filing Status: New Subholding Of: Charles Schwab 401K > Schwab 893",,,False,100,BCO,accepted,house_ptr_structure+v8_1,False,False,False,10/31/2025,False,,valid_range
20033446,Hon. Lisa McClain,Member,MI09,20033446.pdf,2025,81,SP,Broadcom Inc. - Common Stock,Broadcom Inc. - Common Stock,AVGO,AVGO,ST,S,2025-10-31,2025-11-01,1001.0,15000.0,,"$1,001 - $15,000",valid_range,New,Charles Schwab 401K > Schwab 893,,,,10,10,table,False,False,,False,0,False,False,100,True,20,False,https://disclosures-clerk.house.gov/public_disc/ptr-pdfs/2025/20033446.pdf,,,SP,Broadcom Inc. - Common Stock (AVGO) [ST] Filing Status: New Subholding Of: Charles Schwab 401K >,Broadcom Inc. - Common Stock (AVGO) [ST],S Schwab 893,10/31/2025,11/01/2025,"$1,001 - $15,000",,"SP Broadcom Inc. - Common Stock (AVGO) [ST] S 10/31/2025 11/01/2025 $1,001 - $15,000 Filing Status: New Subholding Of: Charles Schwab 401K > Schwab 893",,,False,100,AVGO,accepted,house_ptr_structure+v8_1,False,False,False,10/31/2025,False,,valid_range
20033446,Hon. Lisa McClain,Member,MI09,20033446.pdf,2025,82,SP,Broadcom Inc. - Common Stock,Broadcom Inc. - Common Stock,AVGO,AVGO,ST,P,2025-10-30,2025-11-01,1001.0,15000.0,,"$1,001 - $15,000",valid_range,New,Charles Schwab 401K > Schwab 893,,,,10,10,table,False,False,,False,0,False,True,100,True,20,False,https://disclosures-clerk.house.gov/public_disc/ptr-pdfs/2025/20033446.pdf,,,SP,Broadcom Inc. - Common Stock (AVGO) [ST],Broadcom Inc. - Common Stock (AVGO) [ST],P,10/30/2025,11/01/2025,"$1,001 - $15,000",Filing Status: New Subholding Of: Charles Schwab 401K > Schwab 893,"SP Broadcom Inc. - Common Stock (AVGO) [ST] P 10/30/2025 11/01/2025 $1,001 - $15,000 Filing Status: New Subholding Of: Charles Schwab 401K > Schwab 893",,,False,100,AVGO,accepted,house_ptr_structure+v8_1,False,False,False,10/30/2025,False,,valid_range
20033446,Hon. Lisa McClain,Member,MI09,20033446.pdf,2025,83,SP,Broadcom Inc. - Common Stock,Broadcom Inc. - Common Stock,AVGO,AVGO,ST,S,2025-10-30,2025-11-01,1001.0,15000.0,,"$1,001 - $15,000",valid_range,New,Charles Schwab Brokerage Account 924,,,,10,10,table,False,False,,False,0,False,False,100,True,20,False,https://disclosures-clerk.house.gov/public_disc/ptr-pdfs/2025/20033446.pdf,,,SP,Broadcom Inc. - Common Stock (AVGO) [ST] Filing Status: New Subholding Of: Charles Schwab Brokera,Broadcom Inc. - Common Stock (AVGO) [ST],S age Account 924,10/30/2025,11/01/2025,"$1,001 - $15,000",,"SP Broadcom Inc. - Common Stock (AVGO) [ST] S 10/30/2025 11/01/2025 $1,001 - $15,000 Filing Status: New Subholding Of: Charles Schwab Brokerage Account 924",,,False,100,AVGO,accepted,house_ptr_structure+v8_1,False,False,False,10/30/2025,False,,valid_range
20033446,Hon. Lisa McClain,Member,MI09,20033446.pdf,2025,84,SP,"Brown & Brown, Inc. Common Stock","Brown & Brown, Inc. Common Stock",BRO,BRO,ST,S,2025-10-30,2025-11-01,1001.0,15000.0,,"$1,001 - $15,000",valid_range,New,Charles Schwab Brokerage Account 924,,,,10,10,table,False,False,,False,0,False,True,100,True,20,False,https://disclosures-clerk.house.gov/public_disc/ptr-pdfs/2025/20033446.pdf,,,SP,"Brown & Brown, Inc. Common Stock (BRO) [ST]","Brown & Brown, Inc. Common Stock (BRO) [ST]",S,10/30/2025,11/01/2025,"$1,001 - $15,000",Filing Status: New Subholding Of: Charles Schwab Brokerage Account 924,"SP Brown & Brown, Inc. Common Stock (BRO) [ST] S 10/30/2025 11/01/2025 $1,001 - $15,000 Filing Status: New Subholding Of: Charles Schwab Brokerage Account 924",,,False,100,BRO,accepted,house_ptr_structure+v8_1,False,False,False,10/30/2025,False,,valid_range
20033446,Hon. Lisa McClain,Member,MI09,20033446.pdf,2025,85,SP,"Brown & Brown, Inc. Common Stock","Brown & Brown, Inc. Common Stock",BRO,BRO,ST,P,2025-10-30,2025-11-01,1001.0,15000.0,,"$1,001 - $15,000",valid_range,New,Charles Schwab 401K > Schwab 893,,,,10,10,table,False,False,,False,0,False,False,100,True,20,False,https://disclosures-clerk.house.gov/public_disc/ptr-pdfs/2025/20033446.pdf,,,SP,"Brown & Brown, Inc. Common Stock (BRO) [ST] Filing Status: New Subholding Of: Charles Schwab 401K >","Brown & Brown, Inc. Common Stock (BRO) [ST]",P Schwab 893,10/30/2025,11/01/2025,"$1,001 - $15,000",,"SP Brown & Brown, Inc. Common Stock (BRO) [ST] P 10/30/2025 11/01/2025 $1,001 - $15,000 Filing Status: New Subholding Of: Charles Schwab 401K > Schwab 893",,,False,100,BRO,accepted,house_ptr_structure+v8_1,False,False,False,10/30/2025,False,,valid_range
20033446,Hon. Lisa McClain,Member,MI09,20033446.pdf,2025,86,SP,"Brown & Brown, Inc. Common Stock","Brown & Brown, Inc. Common Stock",BRO,BRO,ST,S,2025-10-31,2025-11-01,1001.0,15000.0,,"$1,001 - $15,000",valid_range,New $200?,Charles Schwab 401K > Schwab 893,,,,10,11,table,False,False,,True,0,False,True,98,True,20,False,https://disclosures-clerk.house.gov/public_disc/ptr-pdfs/2025/20033446.pdf,,,SP,"Brown & Brown, Inc. Common Stock (BRO) [ST]","Brown & Brown, Inc. Common Stock (BRO) [ST]",S,10/31/2025,11/01/2025,"$1,001 - $15,000",Filing Status: New $200? Subholding Of: Charles Schwab 401K > Schwab 893,"SP Brown & Brown, Inc. Common Stock (BRO) [ST] S 10/31/2025 11/01/2025 $1,001 - $15,000 Filing Status: New $200? Subholding Of: Charles Schwab 401K > Schwab 893",,,False,98,BRO,accepted,house_ptr_structure+v8_1,False,False,False,10/31/2025,False,,valid_range
20033446,Hon. Lisa McClain,Member,MI09,20033446.pdf,2025,87,SP,"BWX Technologies, Inc. Common Stock","BWX Technologies, Inc. Common Stock",BWXT,BWXT,ST,S,2025-10-31,2025-11-01,1001.0,15000.0,,"$1,001 - $15,000",valid_range,New,Charles Schwab 401K > Schwab 893,,,,11,11,table,False,False,,False,0,False,False,100,True,20,False,https://disclosures-clerk.house.gov/public_disc/ptr-pdfs/2025/20033446.pdf,,,SP,"BWX Technologies, Inc. Common Stock (BWXT) [ST] Filing Status: New Subholding Of: Charles Schwab 401K >","BWX Technologies, Inc. Common Stock (BWXT) [ST]",S Schwab 893,10/31/2025,11/01/2025,"$1,001 - $15,000",,"SP BWX Technologies, Inc. Common Stock (BWXT) [ST] S 10/31/2025 11/01/2025 $1,001 - $15,000 Filing Status: New Subholding Of: Charles Schwab 401K > Schwab 893",,,False,100,BWXT,accepted,house_ptr_structure+v8_1,False,False,False,10/31/2025,False,,valid_range
20033446,Hon. Lisa McClain,Member,MI09,20033446.pdf,2025,88,SP,"BWX Technologies, Inc. Common Stock","BWX Technologies, Inc. Common Stock",BWXT,BWXT,ST,P,2025-10-30,2025-11-01,1001.0,15000.0,,"$1,001 - $15,000",valid_range,New,Charles Schwab 401K > Schwab 893,,,,11,11,table,False,False,,False,0,False,True,100,True,20,False,https://disclosures-clerk.house.gov/public_disc/ptr-pdfs/2025/20033446.pdf,,,SP,"BWX Technologies, Inc. Common Stock (BWXT) [ST]","BWX Technologies, Inc. Common Stock (BWXT) [ST]",P,10/30/2025,11/01/2025,"$1,001 - $15,000",Filing Status: New Subholding Of: Charles Schwab 401K > Schwab 893,"SP BWX Technologies, Inc. Common Stock (BWXT) [ST] P 10/30/2025 11/01/2025 $1,001 - $15,000 Filing Status: New Subholding Of: Charles Schwab 401K > Schwab 893",,,False,100,BWXT,accepted,house_ptr_structure+v8_1,False,False,False,10/30/2025,False,,valid_range
20033446,Hon. Lisa McClain,Member,MI09,20033446.pdf,2025,89,SP,"BWX Technologies, Inc. Common Stock","BWX Technologies, Inc. Common Stock",BWXT,BWXT,ST,S,2025-10-30,2025-11-01,1001.0,15000.0,,"$1,001 - $15,000",valid_range,New,Charles Schwab Brokerage Account 924,,,,11,11,table,False,False,,False,0,False,False,100,True,20,False,https://disclosures-clerk.house.gov/public_disc/ptr-pdfs/2025/20033446.pdf,,,SP,"BWX Technologies, Inc. Common Stock (BWXT) [ST] Filing Status: New Subholding Of: Charles Schwab Brokera","BWX Technologies, Inc. Common Stock (BWXT) [ST]",S age Account 924,10/30/2025,11/01/2025,"$1,001 - $15,000",,"SP BWX Technologies, Inc. Common Stock (BWXT) [ST] S 10/30/2025 11/01/2025 $1,001 - $15,000 Filing Status: New Subholding Of: Charles Schwab Brokerage Account 924",,,False,100,BWXT,accepted,house_ptr_structure+v8_1,False,False,False,10/30/2025,False,,valid_range
20033446,Hon. Lisa McClain,Member,MI09,20033446.pdf,2025,90,SP,"CACI International, Inc. Class A Common Stock","CACI International, Inc. Class A Common Stock",CACI,CACI,ST,S,2025-10-30,2025-11-01,1001.0,15000.0,,"$1,001 - $15,000",valid_range,New,Charles Schwab Brokerage Account 924,,,,11,11,table,False,False,,False,0,False,True,100,True,20,False,https://disclosures-clerk.house.gov/public_disc/ptr-pdfs/2025/20033446.pdf,,,SP,"CACI International, Inc. Class A Common Stock (CACI) [ST]","CACI International, Inc. Class A Common Stock (CACI) [ST]",S,10/30/2025,11/01/2025,"$1,001 - $15,000",Filing Status: New Subholding Of: Charles Schwab Brokerage Account 924,"SP CACI International, Inc. Class A Common Stock (CACI) [ST] S 10/30/2025 11/01/2025 $1,001 - $15,000 Filing Status: New Subholding Of: Charles Schwab Brokerage Account 924",,,False,100,CACI,accepted,house_ptr_structure+v8_1,False,False,False,10/30/2025,False,,valid_range
20033446,Hon. Lisa McClain,Member,MI09,20033446.pdf,2025,91,SP,"CACI International, Inc. Class A Common Stock","CACI International, Inc. Class A Common Stock",CACI,CACI,ST,P,2025-10-30,2025-11-01,1001.0,15000.0,,"$1,001 - $15,000",valid_range,New,Charles Schwab 401K > Schwab 893,,,,11,11,table,False,False,,False,0,False,False,100,True,20,False,https://disclosures-clerk.house.gov/public_disc/ptr-pdfs/2025/20033446.pdf,,,SP,"CACI International, Inc. Class A Common Stock (CACI) [ST] Filing Status: New Subholding Of: Charles Schwab 401K >","CACI International, Inc. Class A Common Stock (CACI) [ST]",P Schwab 893,10/30/2025,11/01/2025,"$1,001 - $15,000",,"SP CACI International, Inc. Class A Common Stock (CACI) [ST] P 10/30/2025 11/01/2025 $1,001 - $15,000 Filing Status: New Subholding Of: Charles Schwab 401K > Schwab 893",,,False,100,CACI,accepted,house_ptr_structure+v8_1,False,False,False,10/30/2025,False,,valid_range
20033446,Hon. Lisa McClain,Member,MI09,20033446.pdf,2025,92,SP,"CACI International, Inc. Class A Common Stock","CACI International, Inc. Class A Common Stock",CACI,CACI,ST,S,2025-10-31,2025-11-01,1001.0,15000.0,,"$1,001 - $15,000",valid_range,New,Charles Schwab 401K > Schwab 893,,,,11,11,table,False,False,,False,0,False,True,100,True,20,False,https://disclosures-clerk.house.gov/public_disc/ptr-pdfs/2025/20033446.pdf,,,SP,"CACI International, Inc. Class A Common Stock (CACI) [ST]","CACI International, Inc. Class A Common Stock (CACI) [ST]",S,10/31/2025,11/01/2025,"$1,001 - $15,000",Filing Status: New Subholding Of: Charles Schwab 401K > Schwab 893,"SP CACI International, Inc. Class A Common Stock (CACI) [ST] S 10/31/2025 11/01/2025 $1,001 - $15,000 Filing Status: New Subholding Of: Charles Schwab 401K > Schwab 893",,,False,100,CACI,accepted,house_ptr_structure+v8_1,False,False,False,10/31/2025,False,,valid_range
20033446,Hon. Lisa McClain,Member,MI09,20033446.pdf,2025,93,SP,"Caseys General Stores, Inc. - Common Stock","Caseys General Stores, Inc. - Common Stock",CASY,CASY,ST,S,2025-10-31,2025-11-01,1001.0,15000.0,,"$1,001 - $15,000",valid_range,New,Charles Schwab 401K > Schwab 893,,,,11,11,table,False,False,,False,0,False,False,100,True,20,False,https://disclosures-clerk.house.gov/public_disc/ptr-pdfs/2025/20033446.pdf,,,SP,"Caseys General Stores, Inc. - Common Stock (CASY) [ST] Filing Status: New Subholding Of: Charles Schwab 401K >","Caseys General Stores, Inc. - Common Stock (CASY) [ST]",S Schwab 893,10/31/2025,11/01/2025,"$1,001 - $15,000",,"SP Caseys General Stores, Inc. - Common Stock (CASY) [ST] S 10/31/2025 11/01/2025 $1,001 - $15,000 Filing Status: New Subholding Of: Charles Schwab 401K > Schwab 893",,,False,100,CASY,accepted,house_ptr_structure+v8_1,False,False,False,10/31/2025,False,,valid_range
20033446,Hon. Lisa McClain,Member,MI09,20033446.pdf,2025,94,SP,"Caseys General Stores, Inc. - Common Stock","Caseys General Stores, Inc. - Common Stock",CASY,CASY,ST,P,2025-10-30,2025-11-01,1001.0,15000.0,,"$1,001 - $15,000",valid_range,New,Charles Schwab 401K > Schwab 893,,,,11,11,table,False,False,,False,0,False,True,100,True,20,False,https://disclosures-clerk.house.gov/public_disc/ptr-pdfs/2025/20033446.pdf,,,SP,"Caseys General Stores, Inc. - Common Stock (CASY) [ST]","Caseys General Stores, Inc. - Common Stock (CASY) [ST]",P,10/30/2025,11/01/2025,"$1,001 - $15,000",Filing Status: New Subholding Of: Charles Schwab 401K > Schwab 893,"SP Caseys General Stores, Inc. - Common Stock (CASY) [ST] P 10/30/2025 11/01/2025 $1,001 - $15,000 Filing Status: New Subholding Of: Charles Schwab 401K > Schwab 893",,,False,100,CASY,accepted,house_ptr_structure+v8_1,False,False,False,10/30/2025,False,,valid_range
20033446,Hon. Lisa McClain,Member,MI09,20033446.pdf,2025,95,SP,"Caseys General Stores, Inc. - Common Stock","Caseys General Stores, Inc. - Common Stock",CASY,CASY,ST,S,2025-10-30,2025-11-01,1001.0,15000.0,,"$1,001 - $15,000",valid_range,New,Charles Schwab Brokerage Account 924,,,,11,12,table,False,False,,True,0,False,False,98,True,20,False,https://disclosures-clerk.house.gov/public_disc/ptr-pdfs/2025/20033446.pdf,,,SP,"Caseys General Stores, Inc. - Common Stock (CASY) [ST] Filing Status: New","Caseys General Stores, Inc. - Common Stock (CASY) [ST] Subholding Of: Charles Schwab Brokerage Account 924",S,10/30/2025,11/01/2025,"$1,001 - $15,000",Subholding Of: Charles Schwab Brokerage Account 924,"SP Caseys General Stores, Inc. - Common Stock (CASY) [ST] S 10/30/2025 11/01/2025 $1,001 - $15,000 Filing Status: New Subholding Of: Charles Schwab Brokerage Account 924",,,False,98,CASY,accepted,house_ptr_structure+v8_1,False,False,False,10/30/2025,False,,valid_range
20033446,Hon. Lisa McClain,Member,MI09,20033446.pdf,2025,96,SP,Chord Energy Corporation - Common Stock,Chord Energy Corporation - Common Stock,CHRD,CHRD,ST,S,2025-10-30,2025-11-01,1001.0,15000.0,,"$1,001 - $15,000",valid_range,New,Charles Schwab Brokerage Account 924,,,,12,12,table,False,False,,False,0,False,True,100,True,20,False,https://disclosures-clerk.house.gov/public_disc/ptr-pdfs/2025/20033446.pdf,,,SP,Chord Energy Corporation - Common Stock (CHRD) [ST],Chord Energy Corporation - Common Stock (CHRD) [ST],S,10/30/2025,11/01/2025,"$1,001 - $15,000",Filing Status: New Subholding Of: Charles Schwab Brokerage Account 924,"SP Chord Energy Corporation - Common Stock (CHRD) [ST] S 10/30/2025 11/01/2025 $1,001 - $15,000 Filing Status: New Subholding Of: Charles Schwab Brokerage Account 924",,,False,100,CHRD,accepted,house_ptr_structure+v8_1,False,False,False,10/30/2025,False,,valid_range
20033446,Hon. Lisa McClain,Member,MI09,20033446.pdf,2025,97,SP,Chord Energy Corporation - Common Stock,Chord Energy Corporation - Common Stock,CHRD,CHRD,ST,P,2025-10-30,2025-11-01,1001.0,15000.0,,"$1,001 - $15,000",valid_range,New,Charles Schwab 401K > Schwab 893,,,,12,12,table,False,False,,False,0,False,False,100,True,20,False,https://disclosures-clerk.house.gov/public_disc/ptr-pdfs/2025/20033446.pdf,,,SP,Chord Energy Corporation - Common Stock (CHRD) [ST] Filing Status: New Subholding Of: Charles Schwab 401K >,Chord Energy Corporation - Common Stock (CHRD) [ST],P Schwab 893,10/30/2025,11/01/2025,"$1,001 - $15,000",,"SP Chord Energy Corporation - Common Stock (CHRD) [ST] P 10/30/2025 11/01/2025 $1,001 - $15,000 Filing Status: New Subholding Of: Charles Schwab 401K > Schwab 893",,,False,100,CHRD,accepted,house_ptr_structure+v8_1,False,False,False,10/30/2025,False,,valid_range
20033446,Hon. Lisa McClain,Member,MI09,20033446.pdf,2025,98,SP,Chord Energy Corporation - Common Stock,Chord Energy Corporation - Common Stock,CHRD,CHRD,ST,S,2025-10-31,2025-11-01,1001.0,15000.0,,"$1,001 - $15,000",valid_range,New,Charles Schwab 401K > Schwab 893,,,,12,12,table,False,False,,False,0,False,True,100,True,20,False,https://disclosures-clerk.house.gov/public_disc/ptr-pdfs/2025/20033446.pdf,,,SP,Chord Energy Corporation - Common Stock (CHRD) [ST],Chord Energy Corporation - Common Stock (CHRD) [ST],S,10/31/2025,11/01/2025,"$1,001 - $15,000",Filing Status: New Subholding Of: Charles Schwab 401K > Schwab 893,"SP Chord Energy Corporation - Common Stock (CHRD) [ST] S 10/31/2025 11/01/2025 $1,001 - $15,000 Filing Status: New Subholding Of: Charles Schwab 401K > Schwab 893",,,False,100,CHRD,accepted,house_ptr_structure+v8_1,False,False,False,10/31/2025,False,,valid_range
20033446,Hon. Lisa McClain,Member,MI09,20033446.pdf,2025,99,SP,Ciena Corporation,Ciena Corporation,CIEN,CIEN,ST,S,2025-10-31,2025-11-01,1001.0,15000.0,,"$1,001 - $15,000",valid_range,New,Charles Schwab 401K > Schwab 893,,,,12,12,table,False,False,,False,0,False,False,100,True,20,False,https://disclosures-clerk.house.gov/public_disc/ptr-pdfs/2025/20033446.pdf,,,SP,Ciena Corporation (CIEN) [ST] Filing Status: New Subholding Of: Charles Schwab 401K >,Ciena Corporation (CIEN) [ST],S Schwab 893,10/31/2025,11/01/2025,"$1,001 - $15,000",,"SP Ciena Corporation (CIEN) [ST] S 10/31/2025 11/01/2025 $1,001 - $15,000 Filing Status: New Subholding Of: Charles Schwab 401K > Schwab 893",,,False,100,CIEN,accepted,house_ptr_structure+v8_1,False,False,False,10/31/2025,False,,valid_range
20033446,Hon. Lisa McClain,Member,MI09,20033446.pdf,2025,100,SP,Ciena Corporation,Ciena Corporation,CIEN,CIEN,ST,S,2025-10-15,2025-11-01,1001.0,15000.0,,"$1,001 - $15,000",valid_range,New,Charles Schwab Brokerage Account 924,,,,12,12,table,False,False,,False,0,False,True,100,True,20,False,https://disclosures-clerk.house.gov/public_disc/ptr-pdfs/2025/20033446.pdf,,,SP,Ciena Corporation (CIEN) [ST],Ciena Corporation (CIEN) [ST],S,10/15/2025,11/01/2025,"$1,001 - $15,000",Filing Status: New Subholding Of: Charles Schwab Brokerage Account 924,"SP Ciena Corporation (CIEN) [ST] S 10/15/2025 11/01/2025 $1,001 - $15,000 Filing Status: New Subholding Of: Charles Schwab Brokerage Account 924",,,False,100,CIEN,accepted,house_ptr_structure+v8_1,False,False,False,10/15/2025,False,,valid_range
20033446,Hon. Lisa McClain,Member,MI09,20033446.pdf,2025,101,SP,Ciena Corporation,Ciena Corporation,CIEN,CIEN,ST,P,2025-10-30,2025-11-01,1001.0,15000.0,,"$1,001 - $15,000",valid_range,New,Charles Schwab 401K > Schwab 893,,,,12,12,table,False,False,,False,0,False,False,100,True,20,False,https://disclosures-clerk.house.gov/public_disc/ptr-pdfs/2025/20033446.pdf,,,SP,Ciena Corporation (CIEN) [ST] Filing Status: New Subholding Of: Charles Schwab 401K >,Ciena Corporation (CIEN) [ST],P Schwab 893,10/30/2025,11/01/2025,"$1,001 - $15,000",,"SP Ciena Corporation (CIEN) [ST] P 10/30/2025 11/01/2025 $1,001 - $15,000 Filing Status: New Subholding Of: Charles Schwab 401K > Schwab 893",,,False,100,CIEN,accepted,house_ptr_structure+v8_1,False,False,False,10/30/2025,False,,valid_range
20033446,Hon. Lisa McClain,Member,MI09,20033446.pdf,2025,102,SP,Ciena Corporation,Ciena Corporation,CIEN,CIEN,ST,S,2025-10-30,2025-11-01,1001.0,15000.0,,"$1,001 - $15,000",valid_range,New,Charles Schwab Brokerage Account 924,,,,12,12,table,False,False,,False,0,False,True,100,True,20,False,https://disclosures-clerk.house.gov/public_disc/ptr-pdfs/2025/20033446.pdf,,,SP,Ciena Corporation (CIEN) [ST],Ciena Corporation (CIEN) [ST],S,10/30/2025,11/01/2025,"$1,001 - $15,000",Filing Status: New Subholding Of: Charles Schwab Brokerage Account 924,"SP Ciena Corporation (CIEN) [ST] S 10/30/2025 11/01/2025 $1,001 - $15,000 Filing Status: New Subholding Of: Charles Schwab Brokerage Account 924",,,False,100,CIEN,accepted,house_ptr_structure+v8_1,False,False,False,10/30/2025,False,,valid_range
20033446,Hon. Lisa McClain,Member,MI09,20033446.pdf,2025,103,SP,Clorox Company,Clorox Company,CLX,CLX,ST,S,2025-10-30,2025-11-01,1001.0,15000.0,,"$1,001 - $15,000",valid_range,New,Charles Schwab Brokerage Account 924,,,,12,12,table,False,False,,False,0,False,False,100,True,20,False,https://disclosures-clerk.house.gov/public_disc/ptr-pdfs/2025/20033446.pdf,,,SP,Clorox Company (CLX) [ST] Filing Status: New Subholding Of: Charles Schwab Brokera,Clorox Company (CLX) [ST],S age Account 924,10/30/2025,11/01/2025,"$1,001 - $15,000",,"SP Clorox Company (CLX) [ST] S 10/30/2025 11/01/2025 $1,001 - $15,000 Filing Status: New Subholding Of: Charles Schwab Brokerage Account 924",,,False,100,CLX,accepted,house_ptr_structure+v8_1,False,False,False,10/30/2025,False,,valid_range
20033446,Hon. Lisa McClain,Member,MI09,20033446.pdf,2025,104,SP,Clorox Company,Clorox Company,CLX,CLX,ST,P,2025-10-30,2025-11-01,1001.0,15000.0,,"$1,001 - $15,000",valid_range,New,Charles Schwab 401K > Schwab 893,,,,12,12,table,False,False,,False,0,False,True,100,True,20,False,https://disclosures-clerk.house.gov/public_disc/ptr-pdfs/2025/20033446.pdf,,,SP,Clorox Company (CLX) [ST],Clorox Company (CLX) [ST],P,10/30/2025,11/01/2025,"$1,001 - $15,000",Filing Status: New Subholding Of: Charles Schwab 401K > Schwab 893,"SP Clorox Company (CLX) [ST] P 10/30/2025 11/01/2025 $1,001 - $15,000 Filing Status: New Subholding Of: Charles Schwab 401K > Schwab 893",,,False,100,CLX,accepted,house_ptr_structure+v8_1,False,False,False,10/30/2025,False,,valid_range
20033446,Hon. Lisa McClain,Member,MI09,20033446.pdf,2025,105,SP,Clorox Company,Clorox Company,CLX,CLX,ST,S,2025-10-31,2025-11-01,1001.0,15000.0,,"$1,001 - $15,000",valid_range,New,Charles Schwab 401K > Schwab 893,,,,12,13,table,False,False,,True,0,False,False,98,True,20,False,https://disclosures-clerk.house.gov/public_disc/ptr-pdfs/2025/20033446.pdf,,,SP,Clorox Company (CLX) [ST],Clorox Company (CLX) [ST],S,10/31/2025,11/01/2025,"$1,001 - $15,000",Filing Status: New Subholding Of: Charles Schwab 401K > Schwab 893,"SP Clorox Company (CLX) [ST] S 10/31/2025 11/01/2025 $1,001 - $15,000 Filing Status: New Subholding Of: Charles Schwab 401K > Schwab 893",,,False,98,CLX,accepted,house_ptr_structure+v8_1,False,False,False,10/31/2025,False,,valid_range
20033446,Hon. Lisa McClain,Member,MI09,20033446.pdf,2025,106,SP,Coca-Cola Company,Coca-Cola Company,KO,KO,ST,S,2025-10-31,2025-11-01,1001.0,15000.0,,"$1,001 - $15,000",valid_range,New,Charles Schwab 401K > Schwab 893,,,,13,13,table,False,False,,False,0,False,True,100,True,20,False,https://disclosures-clerk.house.gov/public_disc/ptr-pdfs/2025/20033446.pdf,,,SP,Coca-Cola Company (KO) [ST],Coca-Cola Company (KO) [ST],S,10/31/2025,11/01/2025,"$1,001 - $15,000",Filing Status: New Subholding Of: Charles Schwab 401K > Schwab 893,"SP Coca-Cola Company (KO) [ST] S 10/31/2025 11/01/2025 $1,001 - $15,000 Filing Status: New Subholding Of: Charles Schwab 401K > Schwab 893",,,False,100,KO,accepted,house_ptr_structure+v8_1,False,False,False,10/31/2025,False,,valid_range
20033446,Hon. Lisa McClain,Member,MI09,20033446.pdf,2025,107,SP,Coca-Cola Company,Coca-Cola Company,KO,KO,ST,S,2025-10-30,2025-11-01,1001.0,15000.0,,"$1,001 - $15,000",valid_range,New,Charles Schwab Brokerage Account 924,,,,13,13,table,False,False,,False,0,False,False,100,True,20,False,https://disclosures-clerk.house.gov/public_disc/ptr-pdfs/2025/20033446.pdf,,,SP,Coca-Cola Company (KO) [ST] Filing Status: New Subholding Of: Charles Schwab Brokera,Coca-Cola Company (KO) [ST],S age Account 924,10/30/2025,11/01/2025,"$1,001 - $15,000",,"SP Coca-Cola Company (KO) [ST] S 10/30/2025 11/01/2025 $1,001 - $15,000 Filing Status: New Subholding Of: Charles Schwab Brokerage Account 924",,,False,100,KO,accepted,house_ptr_structure+v8_1,False,False,False,10/30/2025,False,,valid_range
20033446,Hon. Lisa McClain,Member,MI09,20033446.pdf,2025,108,SP,Coca-Cola Company,Coca-Cola Company,KO,KO,ST,P,2025-10-30,2025-11-01,1001.0,15000.0,,"$1,001 - $15,000",valid_range,New,Charles Schwab 401K > Schwab 893,,,,13,13,table,False,False,,False,0,False,True,100,True,20,False,https://disclosures-clerk.house.gov/public_disc/ptr-pdfs/2025/20033446.pdf,,,SP,Coca-Cola Company (KO) [ST],Coca-Cola Company (KO) [ST],P,10/30/2025,11/01/2025,"$1,001 - $15,000",Filing Status: New Subholding Of: Charles Schwab 401K > Schwab 893,"SP Coca-Cola Company (KO) [ST] P 10/30/2025 11/01/2025 $1,001 - $15,000 Filing Status: New Subholding Of: Charles Schwab 401K > Schwab 893",,,False,100,KO,accepted,house_ptr_structure+v8_1,False,False,False,10/30/2025,False,,valid_range
20033446,Hon. Lisa McClain,Member,MI09,20033446.pdf,2025,109,SP,Coherent Corp.,Coherent Corp.,COHR,COHR,ST,P,2025-10-30,2025-11-01,1001.0,15000.0,,"$1,001 - $15,000",valid_range,New,Charles Schwab 401K > Schwab 893,,,,13,13,table,False,False,,False,0,False,False,100,True,20,False,https://disclosures-clerk.house.gov/public_disc/ptr-pdfs/2025/20033446.pdf,,,SP,Coherent Corp. (COHR) [ST] Filing Status: New Subholding Of: Charles Schwab 401K >,Coherent Corp. (COHR) [ST],P Schwab 893,10/30/2025,11/01/2025,"$1,001 - $15,000",,"SP Coherent Corp. (COHR) [ST] P 10/30/2025 11/01/2025 $1,001 - $15,000 Filing Status: New Subholding Of: Charles Schwab 401K > Schwab 893",,,False,100,COHR,accepted,house_ptr_structure+v8_1,False,False,False,10/30/2025,False,,valid_range
20033446,Hon. Lisa McClain,Member,MI09,20033446.pdf,2025,110,SP,Coherent Corp.,Coherent Corp.,COHR,COHR,ST,S,2025-10-30,2025-11-01,1001.0,15000.0,,"$1,001 - $15,000",valid_range,New,Charles Schwab Brokerage Account 924,,,,13,13,table,False,False,,False,0,False,True,100,True,20,False,https://disclosures-clerk.house.gov/public_disc/ptr-pdfs/2025/20033446.pdf,,,SP,Coherent Corp. (COHR) [ST],Coherent Corp. (COHR) [ST],S,10/30/2025,11/01/2025,"$1,001 - $15,000",Filing Status: New Subholding Of: Charles Schwab Brokerage Account 924,"SP Coherent Corp. (COHR) [ST] S 10/30/2025 11/01/2025 $1,001 - $15,000 Filing Status: New Subholding Of: Charles Schwab Brokerage Account 924",,,False,100,COHR,accepted,house_ptr_structure+v8_1,False,False,False,10/30/2025,False,,valid_range
20033446,Hon. Lisa McClain,Member,MI09,20033446.pdf,2025,111,SP,Coherent Corp.,Coherent Corp.,COHR,COHR,ST,S,2025-10-31,2025-11-01,1001.0,15000.0,,"$1,001 - $15,000",valid_range,New,Charles Schwab 401K > Schwab 893,,,,13,13,table,False,False,,False,0,False,False,100,True,20,False,https://disclosures-clerk.house.gov/public_disc/ptr-pdfs/2025/20033446.pdf,,,SP,Coherent Corp. (COHR) [ST] Filing Status: New Subholding Of: Charles Schwab 401K >,Coherent Corp. (COHR) [ST],S Schwab 893,10/31/2025,11/01/2025,"$1,001 - $15,000",,"SP Coherent Corp. (COHR) [ST] S 10/31/2025 11/01/2025 $1,001 - $15,000 Filing Status: New Subholding Of: Charles Schwab 401K > Schwab 893",,,False,100,COHR,accepted,house_ptr_structure+v8_1,False,False,False,10/31/2025,False,,valid_range
20033446,Hon. Lisa McClain,Member,MI09,20033446.pdf,2025,112,SP,ConocoPhillips Common Stock,ConocoPhillips Common Stock,COP,COP,ST,S,2025-10-31,2025-11-01,1001.0,15000.0,,"$1,001 - $15,000",valid_range,New,Charles Schwab 401K > Schwab 893,,,,13,13,table,False,False,,False,0,False,True,100,True,20,False,https://disclosures-clerk.house.gov/public_disc/ptr-pdfs/2025/20033446.pdf,,,SP,ConocoPhillips Common Stock (COP) [ST],ConocoPhillips Common Stock (COP) [ST],S,10/31/2025,11/01/2025,"$1,001 - $15,000",Filing Status: New Subholding Of: Charles Schwab 401K > Schwab 893,"SP ConocoPhillips Common Stock (COP) [ST] S 10/31/2025 11/01/2025 $1,001 - $15,000 Filing Status: New Subholding Of: Charles Schwab 401K > Schwab 893",,,False,100,COP,accepted,house_ptr_structure+v8_1,False,False,False,10/31/2025,False,,valid_range
20033446,Hon. Lisa McClain,Member,MI09,20033446.pdf,2025,113,SP,ConocoPhillips Common Stock,ConocoPhillips Common Stock,COP,COP,ST,S,2025-10-30,2025-11-01,1001.0,15000.0,,"$1,001 - $15,000",valid_range,New,Charles Schwab Brokerage Account 924,,,,13,13,table,False,False,,False,0,False,False,100,True,20,False,https://disclosures-clerk.house.gov/public_disc/ptr-pdfs/2025/20033446.pdf,,,SP,ConocoPhillips Common Stock (COP) [ST] Filing Status: New Subholding Of: Charles Schwab Brokera,ConocoPhillips Common Stock (COP) [ST],S age Account 924,10/30/2025,11/01/2025,"$1,001 - $15,000",,"SP ConocoPhillips Common Stock (COP) [ST] S 10/30/2025 11/01/2025 $1,001 - $15,000 Filing Status: New Subholding Of: Charles Schwab Brokerage Account 924",,,False,100,COP,accepted,house_ptr_structure+v8_1,False,False,False,10/30/2025,False,,valid_range
20033446,Hon. Lisa McClain,Member,MI09,20033446.pdf,2025,114,SP,ConocoPhillips Common Stock,ConocoPhillips Common Stock,COP,COP,ST,P,2025-10-30,2025-11-01,1001.0,15000.0,,"$1,001 - $15,000",valid_range,New,Charles Schwab 401K > Schwab 893,,,,13,13,table,False,False,,False,0,False,True,100,True,20,False,https://disclosures-clerk.house.gov/public_disc/ptr-pdfs/2025/20033446.pdf,,,SP,ConocoPhillips Common Stock (COP) [ST],ConocoPhillips Common Stock (COP) [ST],P,10/30/2025,11/01/2025,"$1,001 - $15,000",Filing Status: New Subholding Of: Charles Schwab 401K > Schwab 893,"SP ConocoPhillips Common Stock (COP) [ST] P 10/30/2025 11/01/2025 $1,001 - $15,000 Filing Status: New Subholding Of: Charles Schwab 401K > Schwab 893",,,False,100,COP,accepted,house_ptr_structure+v8_1,False,False,False,10/30/2025,False,,valid_range
20033446,Hon. Lisa McClain,Member,MI09,20033446.pdf,2025,115,SP,Constellation Energy Corporation - Common Stock,Constellation Energy Corporation - Common Stock,CEG,CEG,ST,P,2025-10-30,2025-11-01,1001.0,15000.0,,"$1,001 - $15,000",valid_range,New,Charles Schwab 401K > Schwab 893,,,,14,14,table,False,False,,False,0,False,False,100,True,20,False,https://disclosures-clerk.house.gov/public_disc/ptr-pdfs/2025/20033446.pdf,,,SP,Constellation Energy Corporation - Common Stock (CEG) [ST] Filing Status: New Subholding Of: Charles Schwab 401K >,Constellation Energy Corporation - Common Stock (CEG) [ST],P Schwab 893,10/30/2025,11/01/2025,"$1,001 - $15,000",,"SP Constellation Energy Corporation - Common Stock (CEG) [ST] P 10/30/2025 11/01/2025 $1,001 - $15,000 Filing Status: New Subholding Of: Charles Schwab 401K > Schwab 893",,,False,100,CEG,accepted,house_ptr_structure+v8_1,False,False,False,10/30/2025,False,,valid_range
20033446,Hon. Lisa McClain,Member,MI09,20033446.pdf,2025,116,SP,Constellation Energy Corporation - Common Stock,Constellation Energy Corporation - Common Stock,CEG,CEG,ST,S,2025-10-30,2025-11-01,1001.0,15000.0,,"$1,001 - $15,000",valid_range,New,Charles Schwab Brokerage Account 924,,,,14,14,table,False,False,,False,0,False,True,100,True,20,False,https://disclosures-clerk.house.gov/public_disc/ptr-pdfs/2025/20033446.pdf,,,SP,Constellation Energy Corporation - Common Stock (CEG) [ST],Constellation Energy Corporation - Common Stock (CEG) [ST],S,10/30/2025,11/01/2025,"$1,001 - $15,000",Filing Status: New Subholding Of: Charles Schwab Brokerage Account 924,"SP Constellation Energy Corporation - Common Stock (CEG) [ST] S 10/30/2025 11/01/2025 $1,001 - $15,000 Filing Status: New Subholding Of: Charles Schwab Brokerage Account 924",,,False,100,CEG,accepted,house_ptr_structure+v8_1,False,False,False,10/30/2025,False,,valid_range
20033446,Hon. Lisa McClain,Member,MI09,20033446.pdf,2025,117,SP,Constellation Energy Corporation - Common Stock When-Issued,Constellation Energy Corporation - Common Stock When-Issued,CEG,CEG,ST,S,2025-10-31,2025-11-01,1001.0,15000.0,,"$1,001 - $15,000",valid_range,New,Charles Schwab 401K > Schwab 893,,,,14,14,table,False,False,,False,0,False,False,100,True,20,False,https://disclosures-clerk.house.gov/public_disc/ptr-pdfs/2025/20033446.pdf,,,SP,Constellation Energy Corporation - Common Stock When-Issued (CEG) [ST] Filing Status: New Subholding Of: Charles Schwab 401K >,Constellation Energy Corporation - Common Stock When-Issued (CEG) [ST],S Schwab 893,10/31/2025,11/01/2025,"$1,001 - $15,000",,"SP Constellation Energy Corporation - Common Stock When-Issued (CEG) [ST] S 10/31/2025 11/01/2025 $1,001 - $15,000 Filing Status: New Subholding Of: Charles Schwab 401K > Schwab 893",,,False,100,CEG,accepted,house_ptr_structure+v8_1,False,False,False,10/31/2025,False,,valid_range
20033446,Hon. Lisa McClain,Member,MI09,20033446.pdf,2025,118,SP,"Core & Main, Inc. Class A Common Stock","Core & Main, Inc. Class A Common Stock",CNM,CNM,ST,S,2025-10-31,2025-11-01,1001.0,15000.0,,"$1,001 - $15,000",valid_range,New,Charles Schwab 401K > Schwab 893,,,,14,14,table,False,False,,False,0,False,True,100,True,20,False,https://disclosures-clerk.house.gov/public_disc/ptr-pdfs/2025/20033446.pdf,,,SP,"Core & Main, Inc. Class A Common Stock (CNM) [ST]","Core & Main, Inc. Class A Common Stock (CNM) [ST]",S,10/31/2025,11/01/2025,"$1,001 - $15,000",Filing Status: New Subholding Of: Charles Schwab 401K > Schwab 893,"SP Core & Main, Inc. Class A Common Stock (CNM) [ST] S 10/31/2025 11/01/2025 $1,001 - $15,000 Filing Status: New Subholding Of: Charles Schwab 401K > Schwab 893",,,False,100,CNM,accepted,house_ptr_structure+v8_1,False,False,False,10/31/2025,False,,valid_range
20033446,Hon. Lisa McClain,Member,MI09,20033446.pdf,2025,119,SP,"Core & Main, Inc. Class A Common Stock","Core & Main, Inc. Class A Common Stock",CNM,CNM,ST,S,2025-10-30,2025-11-01,1001.0,15000.0,,"$1,001 - $15,000",valid_range,New,Charles Schwab Brokerage Account 924,,,,14,14,table,False,False,,False,0,False,False,100,True,20,False,https://disclosures-clerk.house.gov/public_disc/ptr-pdfs/2025/20033446.pdf,,,SP,"Core & Main, Inc. Class A Common Stock (CNM) [ST] Filing Status: New Subholding Of: Charles Schwab Brokera","Core & Main, Inc. Class A Common Stock (CNM) [ST]",S age Account 924,10/30/2025,11/01/2025,"$1,001 - $15,000",,"SP Core & Main, Inc. Class A Common Stock (CNM) [ST] S 10/30/2025 11/01/2025 $1,001 - $15,000 Filing Status: New Subholding Of: Charles Schwab Brokerage Account 924",,,False,100,CNM,accepted,house_ptr_structure+v8_1,False,False,False,10/30/2025,False,,valid_range
20033446,Hon. Lisa McClain,Member,MI09,20033446.pdf,2025,120,SP,"Core & Main, Inc. Class A Common Stock","Core & Main, Inc. Class A Common Stock",CNM,CNM,ST,P,2025-10-30,2025-11-01,1001.0,15000.0,,"$1,001 - $15,000",valid_range,New,Charles Schwab 401K > Schwab 893,,,,14,14,table,False,False,,False,0,False,True,100,True,20,False,https://disclosures-clerk.house.gov/public_disc/ptr-pdfs/2025/20033446.pdf,,,SP,"Core & Main, Inc. Class A Common Stock (CNM) [ST]","Core & Main, Inc. Class A Common Stock (CNM) [ST]",P,10/30/2025,11/01/2025,"$1,001 - $15,000",Filing Status: New Subholding Of: Charles Schwab 401K > Schwab 893,"SP Core & Main, Inc. Class A Common Stock (CNM) [ST] P 10/30/2025 11/01/2025 $1,001 - $15,000 Filing Status: New Subholding Of: Charles Schwab 401K > Schwab 893",,,False,100,CNM,accepted,house_ptr_structure+v8_1,False,False,False,10/30/2025,False,,valid_range
20033446,Hon. Lisa McClain,Member,MI09,20033446.pdf,2025,121,SP,Cummins Inc. Common Stock,Cummins Inc. Common Stock,CMI,CMI,ST,P,2025-10-30,2025-11-01,1001.0,15000.0,,"$1,001 - $15,000",valid_range,New,Charles Schwab 401K > Schwab 893,,,,14,14,table,False,False,,False,0,False,False,100,True,20,False,https://disclosures-clerk.house.gov/public_disc/ptr-pdfs/2025/20033446.pdf,,,SP,Cummins Inc. Common Stock (CMI) [ST] Filing Status: New Subholding Of: Charles Schwab 401K >,Cummins Inc. Common Stock (CMI) [ST],P Schwab 893,10/30/2025,11/01/2025,"$1,001 - $15,000",,"SP Cummins Inc. Common Stock (CMI) [ST] P 10/30/2025 11/01/2025 $1,001 - $15,000 Filing Status: New Subholding Of: Charles Schwab 401K > Schwab 893",,,False,100,CMI,accepted,house_ptr_structure+v8_1,False,False,False,10/30/2025,False,,valid_range
20033446,Hon. Lisa McClain,Member,MI09,20033446.pdf,2025,122,SP,Cummins Inc. Common Stock,Cummins Inc. Common Stock,CMI,CMI,ST,S,2025-10-30,2025-11-01,1001.0,15000.0,,"$1,001 - $15,000",valid_range,New,Charles Schwab Brokerage Account 924,,,,14,14,table,False,False,,False,0,False,True,100,True,20,False,https://disclosures-clerk.house.gov/public_disc/ptr-pdfs/2025/20033446.pdf,,,SP,Cummins Inc. Common Stock (CMI) [ST],Cummins Inc. Common Stock (CMI) [ST],S,10/30/2025,11/01/2025,"$1,001 - $15,000",Filing Status: New Subholding Of: Charles Schwab Brokerage Account 924,"SP Cummins Inc. Common Stock (CMI) [ST] S 10/30/2025 11/01/2025 $1,001 - $15,000 Filing Status: New Subholding Of: Charles Schwab Brokerage Account 924",,,False,100,CMI,accepted,house_ptr_structure+v8_1,False,False,False,10/30/2025,False,,valid_range
20033446,Hon. Lisa McClain,Member,MI09,20033446.pdf,2025,123,SP,Cummins Inc. Common Stock,Cummins Inc. Common Stock,CMI,CMI,ST,S,2025-10-31,2025-11-01,1001.0,15000.0,,"$1,001 - $15,000",valid_range,New,Charles Schwab 401K > Schwab 893,,,,14,14,table,False,False,,False,0,False,False,100,True,20,False,https://disclosures-clerk.house.gov/public_disc/ptr-pdfs/2025/20033446.pdf,,,SP,Cummins Inc. Common Stock (CMI) [ST] Filing Status: New Subholding Of: Charles Schwab 401K >,Cummins Inc. Common Stock (CMI) [ST],S Schwab 893,10/31/2025,11/01/2025,"$1,001 - $15,000",,"SP Cummins Inc. Common Stock (CMI) [ST] S 10/31/2025 11/01/2025 $1,001 - $15,000 Filing Status: New Subholding Of: Charles Schwab 401K > Schwab 893",,,False,100,CMI,accepted,house_ptr_structure+v8_1,False,False,False,10/31/2025,False,,valid_range
20033446,Hon. Lisa McClain,Member,MI09,20033446.pdf,2025,124,SP,CVS Health Corporation Common Stock,CVS Health Corporation Common Stock,CVS,CVS,ST,S,2025-10-31,2025-11-01,1001.0,15000.0,,"$1,001 - $15,000",valid_range,New,Charles Schwab 401K > Schwab 893,,,,15,15,table,False,False,,False,0,False,True,100,True,20,False,https://disclosures-clerk.house.gov/public_disc/ptr-pdfs/2025/20033446.pdf,,,SP,CVS Health Corporation Common Stock (CVS) [ST],CVS Health Corporation Common Stock (CVS) [ST],S,10/31/2025,11/01/2025,"$1,001 - $15,000",Filing Status: New Subholding Of: Charles Schwab 401K > Schwab 893,"SP CVS Health Corporation Common Stock (CVS) [ST] S 10/31/2025 11/01/2025 $1,001 - $15,000 Filing Status: New Subholding Of: Charles Schwab 401K > Schwab 893",,,False,100,CVS,accepted,house_ptr_structure+v8_1,False,False,False,10/31/2025,False,,valid_range
20033446,Hon. Lisa McClain,Member,MI09,20033446.pdf,2025,125,SP,CVS Health Corporation Common Stock,CVS Health Corporation Common Stock,CVS,CVS,ST,S,2025-10-30,2025-11-01,1001.0,15000.0,,"$1,001 - $15,000",valid_range,New,Charles Schwab Brokerage Account 924,,,,15,15,table,False,False,,False,0,False,False,100,True,20,False,https://disclosures-clerk.house.gov/public_disc/ptr-pdfs/2025/20033446.pdf,,,SP,CVS Health Corporation Common Stock (CVS) [ST] Filing Status: New Subholding Of: Charles Schwab Brokera,CVS Health Corporation Common Stock (CVS) [ST],S age Account 924,10/30/2025,11/01/2025,"$1,001 - $15,000",,"SP CVS Health Corporation Common Stock (CVS) [ST] S 10/30/2025 11/01/2025 $1,001 - $15,000 Filing Status: New Subholding Of: Charles Schwab Brokerage Account 924",,,False,100,CVS,accepted,house_ptr_structure+v8_1,False,False,False,10/30/2025,False,,valid_range
20033446,Hon. Lisa McClain,Member,MI09,20033446.pdf,2025,126,SP,CVS Health Corporation Common Stock,CVS Health Corporation Common Stock,CVS,CVS,ST,P,2025-10-30,2025-11-01,1001.0,15000.0,,"$1,001 - $15,000",valid_range,New,Charles Schwab 401K > Schwab 893,,,,15,15,table,False,False,,False,0,False,True,100,True,20,False,https://disclosures-clerk.house.gov/public_disc/ptr-pdfs/2025/20033446.pdf,,,SP,CVS Health Corporation Common Stock (CVS) [ST],CVS Health Corporation Common Stock (CVS) [ST],P,10/30/2025,11/01/2025,"$1,001 - $15,000",Filing Status: New Subholding Of: Charles Schwab 401K > Schwab 893,"SP CVS Health Corporation Common Stock (CVS) [ST] P 10/30/2025 11/01/2025 $1,001 - $15,000 Filing Status: New Subholding Of: Charles Schwab 401K > Schwab 893",,,False,100,CVS,accepted,house_ptr_structure+v8_1,False,False,False,10/30/2025,False,,valid_range
20033446,Hon. Lisa McClain,Member,MI09,20033446.pdf,2025,127,SP,"D.R. Horton, Inc. Common Stock","D.R. Horton, Inc. Common Stock",DHI,DHI,ST,P,2025-10-30,2025-11-01,1001.0,15000.0,,"$1,001 - $15,000",valid_range,New,Charles Schwab 401K > Schwab 893,,,,15,15,table,False,False,,False,0,False,False,100,True,20,False,https://disclosures-clerk.house.gov/public_disc/ptr-pdfs/2025/20033446.pdf,,,SP,"D.R. Horton, Inc. Common Stock (DHI) [ST] Filing Status: New Subholding Of: Charles Schwab 401K >","D.R. Horton, Inc. Common Stock (DHI) [ST]",P Schwab 893,10/30/2025,11/01/2025,"$1,001 - $15,000",,"SP D.R. Horton, Inc. Common Stock (DHI) [ST] P 10/30/2025 11/01/2025 $1,001 - $15,000 Filing Status: New Subholding Of: Charles Schwab 401K > Schwab 893",,,False,100,DHI,accepted,house_ptr_structure+v8_1,False,False,False,10/30/2025,False,,valid_range
20033446,Hon. Lisa McClain,Member,MI09,20033446.pdf,2025,128,SP,"D.R. Horton, Inc. Common Stock","D.R. Horton, Inc. Common Stock",DHI,DHI,ST,S,2025-10-30,2025-11-01,1001.0,15000.0,,"$1,001 - $15,000",valid_range,New,Charles Schwab Brokerage Account 924,,,,15,15,table,False,False,,False,0,False,True,100,True,20,False,https://disclosures-clerk.house.gov/public_disc/ptr-pdfs/2025/20033446.pdf,,,SP,"D.R. Horton, Inc. Common Stock (DHI) [ST]","D.R. Horton, Inc. Common Stock (DHI) [ST]",S,10/30/2025,11/01/2025,"$1,001 - $15,000",Filing Status: New Subholding Of: Charles Schwab Brokerage Account 924,"SP D.R. Horton, Inc. Common Stock (DHI) [ST] S 10/30/2025 11/01/2025 $1,001 - $15,000 Filing Status: New Subholding Of: Charles Schwab Brokerage Account 924",,,False,100,DHI,accepted,house_ptr_structure+v8_1,False,False,False,10/30/2025,False,,valid_range
20033446,Hon. Lisa McClain,Member,MI09,20033446.pdf,2025,129,SP,"D.R. Horton, Inc. Common Stock","D.R. Horton, Inc. Common Stock",DHI,DHI,ST,S,2025-10-31,2025-11-01,1001.0,15000.0,,"$1,001 - $15,000",valid_range,New,Charles Schwab 401K > Schwab 893,,,,15,15,table,False,False,,False,0,False,False,100,True,20,False,https://disclosures-clerk.house.gov/public_disc/ptr-pdfs/2025/20033446.pdf,,,SP,"D.R. Horton, Inc. Common Stock (DHI) [ST] Filing Status: New Subholding Of: Charles Schwab 401K >","D.R. Horton, Inc. Common Stock (DHI) [ST]",S Schwab 893,10/31/2025,11/01/2025,"$1,001 - $15,000",,"SP D.R. Horton, Inc. Common Stock (DHI) [ST] S 10/31/2025 11/01/2025 $1,001 - $15,000 Filing Status: New Subholding Of: Charles Schwab 401K > Schwab 893",,,False,100,DHI,accepted,house_ptr_structure+v8_1,False,False,False,10/31/2025,False,,valid_range
20033446,Hon. Lisa McClain,Member,MI09,20033446.pdf,2025,130,SP,"Darden Restaurants, Inc. Common Stock","Darden Restaurants, Inc. Common Stock",DRI,DRI,ST,S,2025-10-31,2025-11-01,1001.0,15000.0,,"$1,001 - $15,000",valid_range,New,Charles Schwab 401K > Schwab 893,,,,15,15,table,False,False,,False,0,False,True,100,True,20,False,https://disclosures-clerk.house.gov/public_disc/ptr-pdfs/2025/20033446.pdf,,,SP,"Darden Restaurants, Inc. Common Stock (DRI) [ST]","Darden Restaurants, Inc. Common Stock (DRI) [ST]",S,10/31/2025,11/01/2025,"$1,001 - $15,000",Filing Status: New Subholding Of: Charles Schwab 401K > Schwab 893,"SP Darden Restaurants, Inc. Common Stock (DRI) [ST] S 10/31/2025 11/01/2025 $1,001 - $15,000 Filing Status: New Subholding Of: Charles Schwab 401K > Schwab 893",,,False,100,DRI,accepted,house_ptr_structure+v8_1,False,False,False,10/31/2025,False,,valid_range
20033446,Hon. Lisa McClain,Member,MI09,20033446.pdf,2025,131,SP,"Darden Restaurants, Inc. Common Stock","Darden Restaurants, Inc. Common Stock",DRI,DRI,ST,S,2025-10-30,2025-11-01,1001.0,15000.0,,"$1,001 - $15,000",valid_range,New,Charles Schwab Brokerage Account 924,,,,15,15,table,False,False,,False,0,False,False,100,True,20,False,https://disclosures-clerk.house.gov/public_disc/ptr-pdfs/2025/20033446.pdf,,,SP,"Darden Restaurants, Inc. Common Stock (DRI) [ST] Filing Status: New Subholding Of: Charles Schwab Brokera","Darden Restaurants, Inc. Common Stock (DRI) [ST]",S age Account 924,10/30/2025,11/01/2025,"$1,001 - $15,000",,"SP Darden Restaurants, Inc. Common Stock (DRI) [ST] S 10/30/2025 11/01/2025 $1,001 - $15,000 Filing Status: New Subholding Of: Charles Schwab Brokerage Account 924",,,False,100,DRI,accepted,house_ptr_structure+v8_1,False,False,False,10/30/2025,False,,valid_range
20033446,Hon. Lisa McClain,Member,MI09,20033446.pdf,2025,132,SP,"Darden Restaurants, Inc. Common Stock","Darden Restaurants, Inc. Common Stock",DRI,DRI,ST,P,2025-10-30,2025-11-01,1001.0,15000.0,,"$1,001 - $15,000",valid_range,New,Charles Schwab 401K > Schwab 893,,,,15,15,table,False,False,,False,0,False,True,100,True,20,False,https://disclosures-clerk.house.gov/public_disc/ptr-pdfs/2025/20033446.pdf,,,SP,"Darden Restaurants, Inc. Common Stock (DRI) [ST]","Darden Restaurants, Inc. Common Stock (DRI) [ST]",P,10/30/2025,11/01/2025,"$1,001 - $15,000",Filing Status: New Subholding Of: Charles Schwab 401K > Schwab 893,"SP Darden Restaurants, Inc. Common Stock (DRI) [ST] P 10/30/2025 11/01/2025 $1,001 - $15,000 Filing Status: New Subholding Of: Charles Schwab 401K > Schwab 893",,,False,100,DRI,accepted,house_ptr_structure+v8_1,False,False,False,10/30/2025,False,,valid_range
20033446,Hon. Lisa McClain,Member,MI09,20033446.pdf,2025,133,SP,"Datadog, Inc. - Class A Common Stock","Datadog, Inc. - Class A Common Stock",DDOG,DDOG,ST,P,2025-10-30,2025-11-01,1001.0,15000.0,,"$1,001 - $15,000",valid_range,New,Charles Schwab 401K > Schwab 893,,,,16,16,table,False,False,,False,0,False,False,100,True,20,False,https://disclosures-clerk.house.gov/public_disc/ptr-pdfs/2025/20033446.pdf,,,SP,"Datadog, Inc. - Class A Common Stock (DDOG) [ST] Filing Status: New Subholding Of: Charles Schwab 401K >","Datadog, Inc. - Class A Common Stock (DDOG) [ST]",P Schwab 893,10/30/2025,11/01/2025,"$1,001 - $15,000",,"SP Datadog, Inc. - Class A Common Stock (DDOG) [ST] P 10/30/2025 11/01/2025 $1,001 - $15,000 Filing Status: New Subholding Of: Charles Schwab 401K > Schwab 893",,,False,100,DDOG,accepted,house_ptr_structure+v8_1,False,False,False,10/30/2025,False,,valid_range
20033446,Hon. Lisa McClain,Member,MI09,20033446.pdf,2025,134,SP,"Datadog, Inc. - Class A Common Stock","Datadog, Inc. - Class A Common Stock",DDOG,DDOG,ST,S,2025-10-30,2025-11-01,1001.0,15000.0,,"$1,001 - $15,000",valid_range,New,Charles Schwab Brokerage Account 924,,,,16,16,table,False,False,,False,0,False,True,100,True,20,False,https://disclosures-clerk.house.gov/public_disc/ptr-pdfs/2025/20033446.pdf,,,SP,"Datadog, Inc. - Class A Common Stock (DDOG) [ST]","Datadog, Inc. - Class A Common Stock (DDOG) [ST]",S,10/30/2025,11/01/2025,"$1,001 - $15,000",Filing Status: New Subholding Of: Charles Schwab Brokerage Account 924,"SP Datadog, Inc. - Class A Common Stock (DDOG) [ST] S 10/30/2025 11/01/2025 $1,001 - $15,000 Filing Status: New Subholding Of: Charles Schwab Brokerage Account 924",,,False,100,DDOG,accepted,house_ptr_structure+v8_1,False,False,False,10/30/2025,False,,valid_range
20033446,Hon. Lisa McClain,Member,MI09,20033446.pdf,2025,135,SP,"Datadog, Inc. - Class A Common Stock","Datadog, Inc. - Class A Common Stock",DDOG,DDOG,ST,S,2025-10-31,2025-11-01,1001.0,15000.0,,"$1,001 - $15,000",valid_range,New,Charles Schwab 401K > Schwab 893,,,,16,16,table,False,False,,False,0,False,False,100,True,20,False,https://disclosures-clerk.house.gov/public_disc/ptr-pdfs/2025/20033446.pdf,,,SP,"Datadog, Inc. - Class A Common Stock (DDOG) [ST] Filing Status: New Subholding Of: Charles Schwab 401K >","Datadog, Inc. - Class A Common Stock (DDOG) [ST]",S Schwab 893,10/31/2025,11/01/2025,"$1,001 - $15,000",,"SP Datadog, Inc. - Class A Common Stock (DDOG) [ST] S 10/31/2025 11/01/2025 $1,001 - $15,000 Filing Status: New Subholding Of: Charles Schwab 401K > Schwab 893",,,False,100,DDOG,accepted,house_ptr_structure+v8_1,False,False,False,10/31/2025,False,,valid_range
20033446,Hon. Lisa McClain,Member,MI09,20033446.pdf,2025,136,SP,DBA Sempra Common Stock,DBA Sempra Common Stock,SRE,SRE,ST,S,2025-10-31,2025-11-01,1001.0,15000.0,,"$1,001 - $15,000",valid_range,New,Charles Schwab 401K > Schwab 893,,,,16,16,table,False,False,,False,0,False,True,100,True,20,False,https://disclosures-clerk.house.gov/public_disc/ptr-pdfs/2025/20033446.pdf,,,SP,DBA Sempra Common Stock (SRE) [ST],DBA Sempra Common Stock (SRE) [ST],S,10/31/2025,11/01/2025,"$1,001 - $15,000",Filing Status: New Subholding Of: Charles Schwab 401K > Schwab 893,"SP DBA Sempra Common Stock (SRE) [ST] S 10/31/2025 11/01/2025 $1,001 - $15,000 Filing Status: New Subholding Of: Charles Schwab 401K > Schwab 893",,,False,100,SRE,accepted,house_ptr_structure+v8_1,False,False,False,10/31/2025,False,,valid_range
20033446,Hon. Lisa McClain,Member,MI09,20033446.pdf,2025,137,SP,DBA Sempra Common Stock,DBA Sempra Common Stock,SRE,SRE,ST,S,2025-10-30,2025-11-01,1001.0,15000.0,,"$1,001 - $15,000",valid_range,New,Charles Schwab Brokerage Account 924,,,,16,16,table,False,False,,False,0,False,False,100,True,20,False,https://disclosures-clerk.house.gov/public_disc/ptr-pdfs/2025/20033446.pdf,,,SP,DBA Sempra Common Stock (SRE) [ST] Filing Status: New Subholding Of: Charles Schwab Brokera,DBA Sempra Common Stock (SRE) [ST],S age Account 924,10/30/2025,11/01/2025,"$1,001 - $15,000",,"SP DBA Sempra Common Stock (SRE) [ST] S 10/30/2025 11/01/2025 $1,001 - $15,000 Filing Status: New Subholding Of: Charles Schwab Brokerage Account 924",,,False,100,SRE,accepted,house_ptr_structure+v8_1,False,False,False,10/30/2025,False,,valid_range
20033446,Hon. Lisa McClain,Member,MI09,20033446.pdf,2025,138,SP,DBA Sempra Common Stock,DBA Sempra Common Stock,SRE,SRE,ST,P,2025-10-30,2025-11-01,1001.0,15000.0,,"$1,001 - $15,000",valid_range,New,Charles Schwab 401K > Schwab 893,,,,16,16,table,False,False,,False,0,False,True,100,True,20,False,https://disclosures-clerk.house.gov/public_disc/ptr-pdfs/2025/20033446.pdf,,,SP,DBA Sempra Common Stock (SRE) [ST],DBA Sempra Common Stock (SRE) [ST],P,10/30/2025,11/01/2025,"$1,001 - $15,000",Filing Status: New Subholding Of: Charles Schwab 401K > Schwab 893,"SP DBA Sempra Common Stock (SRE) [ST] P 10/30/2025 11/01/2025 $1,001 - $15,000 Filing Status: New Subholding Of: Charles Schwab 401K > Schwab 893",,,False,100,SRE,accepted,house_ptr_structure+v8_1,False,False,False,10/30/2025,False,,valid_range
20033446,Hon. Lisa McClain,Member,MI09,20033446.pdf,2025,139,SP,Dell Technologies Inc. Class C Common Stock,Dell Technologies Inc. Class C Common Stock,DELL,DELL,ST,P,2025-10-30,2025-11-01,1001.0,15000.0,,"$1,001 - $15,000",valid_range,New,Charles Schwab 401K > Schwab 893,,,,16,16,table,False,False,,False,0,False,False,100,True,20,False,https://disclosures-clerk.house.gov/public_disc/ptr-pdfs/2025/20033446.pdf,,,SP,Dell Technologies Inc. Class C Common Stock (DELL) [ST] Filing Status: New Subholding Of: Charles Schwab 401K >,Dell Technologies Inc. Class C Common Stock (DELL) [ST],P Schwab 893,10/30/2025,11/01/2025,"$1,001 - $15,000",,"SP Dell Technologies Inc. Class C Common Stock (DELL) [ST] P 10/30/2025 11/01/2025 $1,001 - $15,000 Filing Status: New Subholding Of: Charles Schwab 401K > Schwab 893",,,False,100,DELL,accepted,house_ptr_structure+v8_1,False,False,False,10/30/2025,False,,valid_range
20033446,Hon. Lisa McClain,Member,MI09,20033446.pdf,2025,140,SP,Dell Technologies Inc. Class C Common Stock,Dell Technologies Inc. Class C Common Stock,DELL,DELL,ST,S,2025-10-30,2025-11-01,1001.0,15000.0,,"$1,001 - $15,000",valid_range,New,Charles Schwab Brokerage Account 924,,,,16,16,table,False,False,,False,0,False,True,100,True,20,False,https://disclosures-clerk.house.gov/public_disc/ptr-pdfs/2025/20033446.pdf,,,SP,Dell Technologies Inc. Class C Common Stock (DELL) [ST],Dell Technologies Inc. Class C Common Stock (DELL) [ST],S,10/30/2025,11/01/2025,"$1,001 - $15,000",Filing Status: New Subholding Of: Charles Schwab Brokerage Account 924,"SP Dell Technologies Inc. Class C Common Stock (DELL) [ST] S 10/30/2025 11/01/2025 $1,001 - $15,000 Filing Status: New Subholding Of: Charles Schwab Brokerage Account 924",,,False,100,DELL,accepted,house_ptr_structure+v8_1,False,False,False,10/30/2025,False,,valid_range
20033446,Hon. Lisa McClain,Member,MI09,20033446.pdf,2025,141,SP,Dell Technologies Inc. Class C Common Stock,Dell Technologies Inc. Class C Common Stock,DELL,DELL,ST,S,2025-10-31,2025-11-01,1001.0,15000.0,,"$1,001 - $15,000",valid_range,New,Charles Schwab 401K > Schwab 893,,,,16,16,table,False,False,,False,0,False,False,100,True,20,False,https://disclosures-clerk.house.gov/public_disc/ptr-pdfs/2025/20033446.pdf,,,SP,Dell Technologies Inc. Class C Common Stock (DELL) [ST] Filing Status: New Subholding Of: Charles Schwab 401K >,Dell Technologies Inc. Class C Common Stock (DELL) [ST],S Schwab 893,10/31/2025,11/01/2025,"$1,001 - $15,000",,"SP Dell Technologies Inc. Class C Common Stock (DELL) [ST] S 10/31/2025 11/01/2025 $1,001 - $15,000 Filing Status: New Subholding Of: Charles Schwab 401K > Schwab 893",,,False,100,DELL,accepted,house_ptr_structure+v8_1,False,False,False,10/31/2025,False,,valid_range
20033446,Hon. Lisa McClain,Member,MI09,20033446.pdf,2025,142,SP,"Delta Air Lines, Inc. Common Stock","Delta Air Lines, Inc. Common Stock",DAL,DAL,ST,S,2025-10-31,2025-11-01,1001.0,15000.0,,"$1,001 - $15,000",valid_range,New,Charles Schwab 401K > Schwab 893,,,,17,17,table,False,False,,False,0,False,True,100,True,20,False,https://disclosures-clerk.house.gov/public_disc/ptr-pdfs/2025/20033446.pdf,,,SP,"Delta Air Lines, Inc. Common Stock (DAL) [ST]","Delta Air Lines, Inc. Common Stock (DAL) [ST]",S,10/31/2025,11/01/2025,"$1,001 - $15,000",Filing Status: New Subholding Of: Charles Schwab 401K > Schwab 893,"SP Delta Air Lines, Inc. Common Stock (DAL) [ST] S 10/31/2025 11/01/2025 $1,001 - $15,000 Filing Status: New Subholding Of: Charles Schwab 401K > Schwab 893",,,False,100,DAL,accepted,house_ptr_structure+v8_1,False,False,False,10/31/2025,False,,valid_range
20033446,Hon. Lisa McClain,Member,MI09,20033446.pdf,2025,143,SP,"Delta Air Lines, Inc. Common Stock","Delta Air Lines, Inc. Common Stock",DAL,DAL,ST,S,2025-10-30,2025-11-01,1001.0,15000.0,,"$1,001 - $15,000",valid_range,New,Charles Schwab Brokerage Account 924,,,,17,17,table,False,False,,False,0,False,False,100,True,20,False,https://disclosures-clerk.house.gov/public_disc/ptr-pdfs/2025/20033446.pdf,,,SP,"Delta Air Lines, Inc. Common Stock (DAL) [ST] Filing Status: New Subholding Of: Charles Schwab Brokera","Delta Air Lines, Inc. Common Stock (DAL) [ST]",S age Account 924,10/30/2025,11/01/2025,"$1,001 - $15,000",,"SP Delta Air Lines, Inc. Common Stock (DAL) [ST] S 10/30/2025 11/01/2025 $1,001 - $15,000 Filing Status: New Subholding Of: Charles Schwab Brokerage Account 924",,,False,100,DAL,accepted,house_ptr_structure+v8_1,False,False,False,10/30/2025,False,,valid_range
20033446,Hon. Lisa McClain,Member,MI09,20033446.pdf,2025,144,SP,"Delta Air Lines, Inc. Common Stock","Delta Air Lines, Inc. Common Stock",DAL,DAL,ST,P,2025-10-30,2025-11-01,1001.0,15000.0,,"$1,001 - $15,000",valid_range,New,Charles Schwab 401K > Schwab 893,,,,17,17,table,False,False,,False,0,False,True,100,True,20,False,https://disclosures-clerk.house.gov/public_disc/ptr-pdfs/2025/20033446.pdf,,,SP,"Delta Air Lines, Inc. Common Stock (DAL) [ST]","Delta Air Lines, Inc. Common Stock (DAL) [ST]",P,10/30/2025,11/01/2025,"$1,001 - $15,000",Filing Status: New Subholding Of: Charles Schwab 401K > Schwab 893,"SP Delta Air Lines, Inc. Common Stock (DAL) [ST] P 10/30/2025 11/01/2025 $1,001 - $15,000 Filing Status: New Subholding Of: Charles Schwab 401K > Schwab 893",,,False,100,DAL,accepted,house_ptr_structure+v8_1,False,False,False,10/30/2025,False,,valid_range
20033446,Hon. Lisa McClain,Member,MI09,20033446.pdf,2025,145,SP,Dick's Sporting Goods Inc Common Stock,Dick's Sporting Goods Inc Common Stock,DKS,DKS,ST,P,2025-10-30,2025-11-01,1001.0,15000.0,,"$1,001 - $15,000",valid_range,New,Charles Schwab 401K > Schwab 893,,,,17,17,table,False,False,,False,0,False,False,100,True,20,False,https://disclosures-clerk.house.gov/public_disc/ptr-pdfs/2025/20033446.pdf,,,SP,Dick's Sporting Goods Inc Common Stock (DKS) [ST] Filing Status: New Subholding Of: Charles Schwab 401K >,Dick's Sporting Goods Inc Common Stock (DKS) [ST],P Schwab 893,10/30/2025,11/01/2025,"$1,001 - $15,000",,"SP Dick's Sporting Goods Inc Common Stock (DKS) [ST] P 10/30/2025 11/01/2025 $1,001 - $15,000 Filing Status: New Subholding Of: Charles Schwab 401K > Schwab 893",,,False,100,DKS,accepted,house_ptr_structure+v8_1,False,False,False,10/30/2025,False,,valid_range
20033446,Hon. Lisa McClain,Member,MI09,20033446.pdf,2025,146,SP,Dick's Sporting Goods Inc Common Stock,Dick's Sporting Goods Inc Common Stock,DKS,DKS,ST,S,2025-10-30,2025-11-01,1001.0,15000.0,,"$1,001 - $15,000",valid_range,New,Charles Schwab Brokerage Account 924,,,,17,17,table,False,False,,False,0,False,True,100,True,20,False,https://disclosures-clerk.house.gov/public_disc/ptr-pdfs/2025/20033446.pdf,,,SP,Dick's Sporting Goods Inc Common Stock (DKS) [ST],Dick's Sporting Goods Inc Common Stock (DKS) [ST],S,10/30/2025,11/01/2025,"$1,001 - $15,000",Filing Status: New Subholding Of: Charles Schwab Brokerage Account 924,"SP Dick's Sporting Goods Inc Common Stock (DKS) [ST] S 10/30/2025 11/01/2025 $1,001 - $15,000 Filing Status: New Subholding Of: Charles Schwab Brokerage Account 924",,,False,100,DKS,accepted,house_ptr_structure+v8_1,False,False,False,10/30/2025,False,,valid_range
20033446,Hon. Lisa McClain,Member,MI09,20033446.pdf,2025,147,SP,Dick's Sporting Goods Inc Common Stock,Dick's Sporting Goods Inc Common Stock,DKS,DKS,ST,S,2025-10-31,2025-11-01,1001.0,15000.0,,"$1,001 - $15,000",valid_range,New,Charles Schwab 401K > Schwab 893,,,,17,17,table,False,False,,False,0,False,False,100,True,20,False,https://disclosures-clerk.house.gov/public_disc/ptr-pdfs/2025/20033446.pdf,,,SP,Dick's Sporting Goods Inc Common Stock (DKS) [ST] Filing Status: New Subholding Of: Charles Schwab 401K >,Dick's Sporting Goods Inc Common Stock (DKS) [ST],S Schwab 893,10/31/2025,11/01/2025,"$1,001 - $15,000",,"SP Dick's Sporting Goods Inc Common Stock (DKS) [ST] S 10/31/2025 11/01/2025 $1,001 - $15,000 Filing Status: New Subholding Of: Charles Schwab 401K > Schwab 893",,,False,100,DKS,accepted,house_ptr_structure+v8_1,False,False,False,10/31/2025,False,,valid_range
20033446,Hon. Lisa McClain,Member,MI09,20033446.pdf,2025,148,SP,Duke Energy Corporation,Duke Energy Corporation,DUK,DUK,ST,S,2025-10-31,2025-11-01,1001.0,15000.0,,"$1,001 - $15,000",valid_range,New,Charles Schwab 401K > Schwab 893,,,,17,17,table,False,False,,False,0,False,True,100,True,20,False,https://disclosures-clerk.house.gov/public_disc/ptr-pdfs/2025/20033446.pdf,,,SP,Duke Energy Corporation (DUK) [ST],Duke Energy Corporation (DUK) [ST],S,10/31/2025,11/01/2025,"$1,001 - $15,000",Filing Status: New Subholding Of: Charles Schwab 401K > Schwab 893,"SP Duke Energy Corporation (DUK) [ST] S 10/31/2025 11/01/2025 $1,001 - $15,000 Filing Status: New Subholding Of: Charles Schwab 401K > Schwab 893",,,False,100,DUK,accepted,house_ptr_structure+v8_1,False,False,False,10/31/2025,False,,valid_range
20033446,Hon. Lisa McClain,Member,MI09,20033446.pdf,2025,149,SP,Duke Energy Corporation,Duke Energy Corporation,DUK,DUK,ST,S,2025-10-30,2025-11-01,1001.0,15000.0,,"$1,001 - $15,000",valid_range,New,Charles Schwab Brokerage Account 924,,,,17,17,table,False,False,,False,0,False,False,100,True,20,False,https://disclosures-clerk.house.gov/public_disc/ptr-pdfs/2025/20033446.pdf,,,SP,Duke Energy Corporation (DUK) [ST] Filing Status: New Subholding Of: Charles Schwab Brokera,Duke Energy Corporation (DUK) [ST],S age Account 924,10/30/2025,11/01/2025,"$1,001 - $15,000",,"SP Duke Energy Corporation (DUK) [ST] S 10/30/2025 11/01/2025 $1,001 - $15,000 Filing Status: New Subholding Of: Charles Schwab Brokerage Account 924",,,False,100,DUK,accepted,house_ptr_structure+v8_1,False,False,False,10/30/2025,False,,valid_range
20033446,Hon. Lisa McClain,Member,MI09,20033446.pdf,2025,150,SP,Duke Energy Corporation,Duke Energy Corporation,DUK,DUK,ST,P,2025-10-30,2025-11-01,1001.0,15000.0,,"$1,001 - $15,000",valid_range,New,Charles Schwab 401K > Schwab 893,,,,17,17,table,False,False,,False,0,False,True,100,True,20,False,https://disclosures-clerk.house.gov/public_disc/ptr-pdfs/2025/20033446.pdf,,,SP,Duke Energy Corporation (DUK) [ST],Duke Energy Corporation (DUK) [ST],P,10/30/2025,11/01/2025,"$1,001 - $15,000",Filing Status: New Subholding Of: Charles Schwab 401K > Schwab 893,"SP Duke Energy Corporation (DUK) [ST] P 10/30/2025 11/01/2025 $1,001 - $15,000 Filing Status: New Subholding Of: Charles Schwab 401K > Schwab 893",,,False,100,DUK,accepted,house_ptr_structure+v8_1,False,False,False,10/30/2025,False,,valid_range
20033446,Hon. Lisa McClain,Member,MI09,20033446.pdf,2025,151,SP,"Eaton Corporation, PLC Ordinary Shares","Eaton Corporation, PLC Ordinary Shares",ETN,ETN,ST,P,2025-10-30,2025-11-01,1001.0,15000.0,,"$1,001 - $15,000",valid_range,New,Charles Schwab 401K > Schwab 893,,,,17,18,table,False,False,,True,0,False,False,98,True,20,False,https://disclosures-clerk.house.gov/public_disc/ptr-pdfs/2025/20033446.pdf,,,SP,"Eaton Corporation, PLC Ordinary Shares (ETN) [ST]","Eaton Corporation, PLC Ordinary Shares (ETN) [ST]",P,10/30/2025,11/01/2025,"$1,001 - $15,000",Filing Status: New Subholding Of: Charles Schwab 401K > Schwab 893,"SP Eaton Corporation, PLC Ordinary Shares (ETN) [ST] P 10/30/2025 11/01/2025 $1,001 - $15,000 Filing Status: New Subholding Of: Charles Schwab 401K > Schwab 893",,,False,98,ETN,accepted,house_ptr_structure+v8_1,False,False,False,10/30/2025,False,,valid_range
20033446,Hon. Lisa McClain,Member,MI09,20033446.pdf,2025,152,SP,"Eaton Corporation, PLC Ordinary Shares","Eaton Corporation, PLC Ordinary Shares",ETN,ETN,ST,S,2025-10-30,2025-11-01,1001.0,15000.0,,"$1,001 - $15,000",valid_range,New,Charles Schwab Brokerage Account 924,,,,18,18,table,False,False,,False,0,False,True,100,True,20,False,https://disclosures-clerk.house.gov/public_disc/ptr-pdfs/2025/20033446.pdf,,,SP,"Eaton Corporation, PLC Ordinary Shares (ETN) [ST]","Eaton Corporation, PLC Ordinary Shares (ETN) [ST]",S,10/30/2025,11/01/2025,"$1,001 - $15,000",Filing Status: New Subholding Of: Charles Schwab Brokerage Account 924,"SP Eaton Corporation, PLC Ordinary Shares (ETN) [ST] S 10/30/2025 11/01/2025 $1,001 - $15,000 Filing Status: New Subholding Of: Charles Schwab Brokerage Account 924",,,False,100,ETN,accepted,house_ptr_structure+v8_1,False,False,False,10/30/2025,False,,valid_range
20033446,Hon. Lisa McClain,Member,MI09,20033446.pdf,2025,153,SP,"Eaton Corporation, PLC Ordinary Shares","Eaton Corporation, PLC Ordinary Shares",ETN,ETN,ST,S,2025-10-31,2025-11-01,1001.0,15000.0,,"$1,001 - $15,000",valid_range,New,Charles Schwab 401K > Schwab 893,,,,18,18,table,False,False,,False,0,False,False,100,True,20,False,https://disclosures-clerk.house.gov/public_disc/ptr-pdfs/2025/20033446.pdf,,,SP,"Eaton Corporation, PLC Ordinary Shares (ETN) [ST] Filing Status: New Subholding Of: Charles Schwab 401K >","Eaton Corporation, PLC Ordinary Shares (ETN) [ST]",S Schwab 893,10/31/2025,11/01/2025,"$1,001 - $15,000",,"SP Eaton Corporation, PLC Ordinary Shares (ETN) [ST] S 10/31/2025 11/01/2025 $1,001 - $15,000 Filing Status: New Subholding Of: Charles Schwab 401K > Schwab 893",,,False,100,ETN,accepted,house_ptr_structure+v8_1,False,False,False,10/31/2025,False,,valid_range
20033446,Hon. Lisa McClain,Member,MI09,20033446.pdf,2025,154,SP,EchoStar Corporation - Common stock,EchoStar Corporation - Common stock,SATS,SATS,ST,S,2025-10-31,2025-11-01,1001.0,15000.0,,"$1,001 - $15,000",valid_range,New,Charles Schwab 401K > Schwab 893,,,,18,18,table,False,False,,False,0,False,True,100,True,20,False,https://disclosures-clerk.house.gov/public_disc/ptr-pdfs/2025/20033446.pdf,,,SP,EchoStar Corporation - Common stock (SATS) [ST],EchoStar Corporation - Common stock (SATS) [ST],S,10/31/2025,11/01/2025,"$1,001 - $15,000",Filing Status: New Subholding Of: Charles Schwab 401K > Schwab 893,"SP EchoStar Corporation - Common stock (SATS) [ST] S 10/31/2025 11/01/2025 $1,001 - $15,000 Filing Status: New Subholding Of: Charles Schwab 401K > Schwab 893",,,False,100,SATS,accepted,house_ptr_structure+v8_1,False,False,False,10/31/2025,False,,valid_range
20033446,Hon. Lisa McClain,Member,MI09,20033446.pdf,2025,155,SP,EchoStar Corporation - Common stock,EchoStar Corporation - Common stock,SATS,SATS,ST,S,2025-10-30,2025-11-01,1001.0,15000.0,,"$1,001 - $15,000",valid_range,New,Charles Schwab Brokerage Account 924,,,,18,18,table,False,False,,False,0,False,False,100,True,20,False,https://disclosures-clerk.house.gov/public_disc/ptr-pdfs/2025/20033446.pdf,,,SP,EchoStar Corporation - Common stock (SATS) [ST] Filing Status: New Subholding Of: Charles Schwab Brokera,EchoStar Corporation - Common stock (SATS) [ST],S age Account 924,10/30/2025,11/01/2025,"$1,001 - $15,000",,"SP EchoStar Corporation - Common stock (SATS) [ST] S 10/30/2025 11/01/2025 $1,001 - $15,000 Filing Status: New Subholding Of: Charles Schwab Brokerage Account 924",,,False,100,SATS,accepted,house_ptr_structure+v8_1,False,False,False,10/30/2025,False,,valid_range
20033446,Hon. Lisa McClain,Member,MI09,20033446.pdf,2025,156,SP,EchoStar Corporation - Common stock,EchoStar Corporation - Common stock,SATS,SATS,ST,P,2025-10-30,2025-11-01,1001.0,15000.0,,"$1,001 - $15,000",valid_range,New,Charles Schwab 401K > Schwab 893,,,,18,18,table,False,False,,False,0,False,True,100,True,20,False,https://disclosures-clerk.house.gov/public_disc/ptr-pdfs/2025/20033446.pdf,,,SP,EchoStar Corporation - Common stock (SATS) [ST],EchoStar Corporation - Common stock (SATS) [ST],P,10/30/2025,11/01/2025,"$1,001 - $15,000",Filing Status: New Subholding Of: Charles Schwab 401K > Schwab 893,"SP EchoStar Corporation - Common stock (SATS) [ST] P 10/30/2025 11/01/2025 $1,001 - $15,000 Filing Status: New Subholding Of: Charles Schwab 401K > Schwab 893",,,False,100,SATS,accepted,house_ptr_structure+v8_1,False,False,False,10/30/2025,False,,valid_range
20033446,Hon. Lisa McClain,Member,MI09,20033446.pdf,2025,157,SP,Ecolab Inc. Common Stock,Ecolab Inc. Common Stock,ECL,ECL,ST,P,2025-10-30,2025-11-01,1001.0,15000.0,,"$1,001 - $15,000",valid_range,New,Charles Schwab 401K > Schwab 893,,,,18,18,table,False,False,,False,0,False,False,100,True,20,False,https://disclosures-clerk.house.gov/public_disc/ptr-pdfs/2025/20033446.pdf,,,SP,Ecolab Inc. Common Stock (ECL) [ST] Filing Status: New Subholding Of: Charles Schwab 401K >,Ecolab Inc. Common Stock (ECL) [ST],P Schwab 893,10/30/2025,11/01/2025,"$1,001 - $15,000",,"SP Ecolab Inc. Common Stock (ECL) [ST] P 10/30/2025 11/01/2025 $1,001 - $15,000 Filing Status: New Subholding Of: Charles Schwab 401K > Schwab 893",,,False,100,ECL,accepted,house_ptr_structure+v8_1,False,False,False,10/30/2025,False,,valid_range
20033446,Hon. Lisa McClain,Member,MI09,20033446.pdf,2025,158,SP,Ecolab Inc. Common Stock,Ecolab Inc. Common Stock,ECL,ECL,ST,S,2025-10-30,2025-11-01,1001.0,15000.0,,"$1,001 - $15,000",valid_range,New,Charles Schwab Brokerage Account 924,,,,18,18,table,False,False,,False,0,False,True,100,True,20,False,https://disclosures-clerk.house.gov/public_disc/ptr-pdfs/2025/20033446.pdf,,,SP,Ecolab Inc. Common Stock (ECL) [ST],Ecolab Inc. Common Stock (ECL) [ST],S,10/30/2025,11/01/2025,"$1,001 - $15,000",Filing Status: New Subholding Of: Charles Schwab Brokerage Account 924,"SP Ecolab Inc. Common Stock (ECL) [ST] S 10/30/2025 11/01/2025 $1,001 - $15,000 Filing Status: New Subholding Of: Charles Schwab Brokerage Account 924",,,False,100,ECL,accepted,house_ptr_structure+v8_1,False,False,False,10/30/2025,False,,valid_range
20033446,Hon. Lisa McClain,Member,MI09,20033446.pdf,2025,159,SP,Ecolab Inc. Common Stock,Ecolab Inc. Common Stock,ECL,ECL,ST,S,2025-10-31,2025-11-01,1001.0,15000.0,,"$1,001 - $15,000",valid_range,New,Charles Schwab 401K > Schwab 893,,,,18,18,table,False,False,,False,0,False,False,100,True,20,False,https://disclosures-clerk.house.gov/public_disc/ptr-pdfs/2025/20033446.pdf,,,SP,Ecolab Inc. Common Stock (ECL) [ST] Filing Status: New Subholding Of: Charles Schwab 401K >,Ecolab Inc. Common Stock (ECL) [ST],S Schwab 893,10/31/2025,11/01/2025,"$1,001 - $15,000",,"SP Ecolab Inc. Common Stock (ECL) [ST] S 10/31/2025 11/01/2025 $1,001 - $15,000 Filing Status: New Subholding Of: Charles Schwab 401K > Schwab 893",,,False,100,ECL,accepted,house_ptr_structure+v8_1,False,False,False,10/31/2025,False,,valid_range
20033446,Hon. Lisa McClain,Member,MI09,20033446.pdf,2025,160,SP,"EMCOR Group, Inc. Common Stock","EMCOR Group, Inc. Common Stock",EME,EME,ST,S,2025-10-31,2025-11-01,1001.0,15000.0,,"$1,001 - $15,000",valid_range,New,Charles Schwab 401K > Schwab 893,,,,18,19,table,False,False,,True,0,False,True,98,True,20,False,https://disclosures-clerk.house.gov/public_disc/ptr-pdfs/2025/20033446.pdf,,,SP,"EMCOR Group, Inc. Common Stock (EME) [ST]","EMCOR Group, Inc. Common Stock (EME) [ST]",S,10/31/2025,11/01/2025,"$1,001 - $15,000",Filing Status: New Subholding Of: Charles Schwab 401K > Schwab 893,"SP EMCOR Group, Inc. Common Stock (EME) [ST] S 10/31/2025 11/01/2025 $1,001 - $15,000 Filing Status: New Subholding Of: Charles Schwab 401K > Schwab 893",,,False,98,EME,accepted,house_ptr_structure+v8_1,False,False,False,10/31/2025,False,,valid_range
20033446,Hon. Lisa McClain,Member,MI09,20033446.pdf,2025,161,SP,"EMCOR Group, Inc. Common Stock","EMCOR Group, Inc. Common Stock",EME,EME,ST,S,2025-10-30,2025-11-01,1001.0,15000.0,,"$1,001 - $15,000",valid_range,New,Charles Schwab Brokerage Account 924,,,,19,19,table,False,False,,False,0,False,False,100,True,20,False,https://disclosures-clerk.house.gov/public_disc/ptr-pdfs/2025/20033446.pdf,,,SP,"EMCOR Group, Inc. Common Stock (EME) [ST] Filing Status: New Subholding Of: Charles Schwab Brokera","EMCOR Group, Inc. Common Stock (EME) [ST]",S age Account 924,10/30/2025,11/01/2025,"$1,001 - $15,000",,"SP EMCOR Group, Inc. Common Stock (EME) [ST] S 10/30/2025 11/01/2025 $1,001 - $15,000 Filing Status: New Subholding Of: Charles Schwab Brokerage Account 924",,,False,100,EME,accepted,house_ptr_structure+v8_1,False,False,False,10/30/2025,False,,valid_range
20033446,Hon. Lisa McClain,Member,MI09,20033446.pdf,2025,162,SP,"EMCOR Group, Inc. Common Stock","EMCOR Group, Inc. Common Stock",EME,EME,ST,P,2025-10-30,2025-11-01,1001.0,15000.0,,"$1,001 - $15,000",valid_range,New,Charles Schwab 401K > Schwab 893,,,,19,19,table,False,False,,False,0,False,True,100,True,20,False,https://disclosures-clerk.house.gov/public_disc/ptr-pdfs/2025/20033446.pdf,,,SP,"EMCOR Group, Inc. Common Stock (EME) [ST]","EMCOR Group, Inc. Common Stock (EME) [ST]",P,10/30/2025,11/01/2025,"$1,001 - $15,000",Filing Status: New Subholding Of: Charles Schwab 401K > Schwab 893,"SP EMCOR Group, Inc. Common Stock (EME) [ST] P 10/30/2025 11/01/2025 $1,001 - $15,000 Filing Status: New Subholding Of: Charles Schwab 401K > Schwab 893",,,False,100,EME,accepted,house_ptr_structure+v8_1,False,False,False,10/30/2025,False,,valid_range
20033446,Hon. Lisa McClain,Member,MI09,20033446.pdf,2025,163,SP,Encompass Health Corporation Common Stock,Encompass Health Corporation Common Stock,EHC,EHC,ST,P,2025-10-30,2025-11-01,1001.0,15000.0,,"$1,001 - $15,000",valid_range,New,Charles Schwab 401K > Schwab 893,,,,19,19,table,False,False,,False,0,False,False,100,True,20,False,https://disclosures-clerk.house.gov/public_disc/ptr-pdfs/2025/20033446.pdf,,,SP,Encompass Health Corporation Common Stock (EHC) [ST] Filing Status: New Subholding Of: Charles Schwab 401K >,Encompass Health Corporation Common Stock (EHC) [ST],P Schwab 893,10/30/2025,11/01/2025,"$1,001 - $15,000",,"SP Encompass Health Corporation Common Stock (EHC) [ST] P 10/30/2025 11/01/2025 $1,001 - $15,000 Filing Status: New Subholding Of: Charles Schwab 401K > Schwab 893",,,False,100,EHC,accepted,house_ptr_structure+v8_1,False,False,False,10/30/2025,False,,valid_range
20033446,Hon. Lisa McClain,Member,MI09,20033446.pdf,2025,164,SP,Encompass Health Corporation Common Stock,Encompass Health Corporation Common Stock,EHC,EHC,ST,S,2025-10-30,2025-11-01,1001.0,15000.0,,"$1,001 - $15,000",valid_range,New,Charles Schwab Brokerage Account 924,,,,19,19,table,False,False,,False,0,False,True,100,True,20,False,https://disclosures-clerk.house.gov/public_disc/ptr-pdfs/2025/20033446.pdf,,,SP,Encompass Health Corporation Common Stock (EHC) [ST],Encompass Health Corporation Common Stock (EHC) [ST],S,10/30/2025,11/01/2025,"$1,001 - $15,000",Filing Status: New Subholding Of: Charles Schwab Brokerage Account 924,"SP Encompass Health Corporation Common Stock (EHC) [ST] S 10/30/2025 11/01/2025 $1,001 - $15,000 Filing Status: New Subholding Of: Charles Schwab Brokerage Account 924",,,False,100,EHC,accepted,house_ptr_structure+v8_1,False,False,False,10/30/2025,False,,valid_range
20033446,Hon. Lisa McClain,Member,MI09,20033446.pdf,2025,165,SP,Encompass Health Corporation Common Stock,Encompass Health Corporation Common Stock,EHC,EHC,ST,S,2025-10-31,2025-11-01,1001.0,15000.0,,"$1,001 - $15,000",valid_range,New,Charles Schwab 401K > Schwab 893,,,,19,19,table,False,False,,False,0,False,False,100,True,20,False,https://disclosures-clerk.house.gov/public_disc/ptr-pdfs/2025/20033446.pdf,,,SP,Encompass Health Corporation Common Stock (EHC) [ST] Filing Status: New Subholding Of: Charles Schwab 401K >,Encompass Health Corporation Common Stock (EHC) [ST],S Schwab 893,10/31/2025,11/01/2025,"$1,001 - $15,000",,"SP Encompass Health Corporation Common Stock (EHC) [ST] S 10/31/2025 11/01/2025 $1,001 - $15,000 Filing Status: New Subholding Of: Charles Schwab 401K > Schwab 893",,,False,100,EHC,accepted,house_ptr_structure+v8_1,False,False,False,10/31/2025,False,,valid_range
20033446,Hon. Lisa McClain,Member,MI09,20033446.pdf,2025,166,SP,"Entegris, Inc. - Common Stock","Entegris, Inc. - Common Stock",ENTG,ENTG,ST,S,2025-10-31,2025-11-01,1001.0,15000.0,,"$1,001 - $15,000",valid_range,New,Charles Schwab 401K > Schwab 893,,,,19,19,table,False,False,,False,0,False,True,100,True,20,False,https://disclosures-clerk.house.gov/public_disc/ptr-pdfs/2025/20033446.pdf,,,SP,"Entegris, Inc. - Common Stock (ENTG) [ST]","Entegris, Inc. - Common Stock (ENTG) [ST]",S,10/31/2025,11/01/2025,"$1,001 - $15,000",Filing Status: New Subholding Of: Charles Schwab 401K > Schwab 893,"SP Entegris, Inc. - Common Stock (ENTG) [ST] S 10/31/2025 11/01/2025 $1,001 - $15,000 Filing Status: New Subholding Of: Charles Schwab 401K > Schwab 893",,,False,100,ENTG,accepted,house_ptr_structure+v8_1,False,False,False,10/31/2025,False,,valid_range
20033446,Hon. Lisa McClain,Member,MI09,20033446.pdf,2025,167,SP,"Entegris, Inc. - Common Stock","Entegris, Inc. - Common Stock",ENTG,ENTG,ST,S,2025-10-30,2025-11-01,1001.0,15000.0,,"$1,001 - $15,000",valid_range,New,Charles Schwab Brokerage Account 924,,,,19,19,table,False,False,,False,0,False,False,100,True,20,False,https://disclosures-clerk.house.gov/public_disc/ptr-pdfs/2025/20033446.pdf,,,SP,"Entegris, Inc. - Common Stock (ENTG) [ST] Filing Status: New Subholding Of: Charles Schwab Brokera","Entegris, Inc. - Common Stock (ENTG) [ST]",S age Account 924,10/30/2025,11/01/2025,"$1,001 - $15,000",,"SP Entegris, Inc. - Common Stock (ENTG) [ST] S 10/30/2025 11/01/2025 $1,001 - $15,000 Filing Status: New Subholding Of: Charles Schwab Brokerage Account 924",,,False,100,ENTG,accepted,house_ptr_structure+v8_1,False,False,False,10/30/2025,False,,valid_range
20033446,Hon. Lisa McClain,Member,MI09,20033446.pdf,2025,168,SP,"Entegris, Inc. - Common Stock","Entegris, Inc. - Common Stock",ENTG,ENTG,ST,P,2025-10-30,2025-11-01,1001.0,15000.0,,"$1,001 - $15,000",valid_range,New,Charles Schwab 401K > Schwab 893,,,,19,19,table,False,False,,False,0,False,True,100,True,20,False,https://disclosures-clerk.house.gov/public_disc/ptr-pdfs/2025/20033446.pdf,,,SP,"Entegris, Inc. - Common Stock (ENTG) [ST]","Entegris, Inc. - Common Stock (ENTG) [ST]",P,10/30/2025,11/01/2025,"$1,001 - $15,000",Filing Status: New Subholding Of: Charles Schwab 401K > Schwab 893,"SP Entegris, Inc. - Common Stock (ENTG) [ST] P 10/30/2025 11/01/2025 $1,001 - $15,000 Filing Status: New Subholding Of: Charles Schwab 401K > Schwab 893",,,False,100,ENTG,accepted,house_ptr_structure+v8_1,False,False,False,10/30/2025,False,,valid_range
20033446,Hon. Lisa McClain,Member,MI09,20033446.pdf,2025,169,SP,"Essential Utilities, Inc. Common Stock","Essential Utilities, Inc. Common Stock",WTRG,WTRG,ST,P,2025-10-30,2025-11-01,1001.0,15000.0,,"$1,001 - $15,000",valid_range,New,Charles Schwab 401K > Schwab 893,,,,19,20,table,False,False,,True,0,False,False,98,True,20,False,https://disclosures-clerk.house.gov/public_disc/ptr-pdfs/2025/20033446.pdf,,,SP,"Essential Utilities, Inc. Common Stock (WTRG) [ST]","Essential Utilities, Inc. Common Stock (WTRG) [ST]",P,10/30/2025,11/01/2025,"$1,001 - $15,000",Filing Status: New Subholding Of: Charles Schwab 401K > Schwab 893,"SP Essential Utilities, Inc. Common Stock (WTRG) [ST] P 10/30/2025 11/01/2025 $1,001 - $15,000 Filing Status: New Subholding Of: Charles Schwab 401K > Schwab 893",,,False,98,WTRG,accepted,house_ptr_structure+v8_1,False,False,False,10/30/2025,False,,valid_range
20033446,Hon. Lisa McClain,Member,MI09,20033446.pdf,2025,170,SP,"Essential Utilities, Inc. Common Stock","Essential Utilities, Inc. Common Stock",WTRG,WTRG,ST,S,2025-10-30,2025-11-01,1001.0,15000.0,,"$1,001 - $15,000",valid_range,New,Charles Schwab Brokerage Account 924,,,,20,20,table,False,False,,False,0,False,True,100,True,20,False,https://disclosures-clerk.house.gov/public_disc/ptr-pdfs/2025/20033446.pdf,,,SP,"Essential Utilities, Inc. Common Stock (WTRG) [ST]","Essential Utilities, Inc. Common Stock (WTRG) [ST]",S,10/30/2025,11/01/2025,"$1,001 - $15,000",Filing Status: New Subholding Of: Charles Schwab Brokerage Account 924,"SP Essential Utilities, Inc. Common Stock (WTRG) [ST] S 10/30/2025 11/01/2025 $1,001 - $15,000 Filing Status: New Subholding Of: Charles Schwab Brokerage Account 924",,,False,100,WTRG,accepted,house_ptr_structure+v8_1,False,False,False,10/30/2025,False,,valid_range
20033446,Hon. Lisa McClain,Member,MI09,20033446.pdf,2025,171,SP,"Essential Utilities, Inc. Common Stock","Essential Utilities, Inc. Common Stock",WTRG,WTRG,ST,S,2025-10-31,2025-11-01,1001.0,15000.0,,"$1,001 - $15,000",valid_range,New,Charles Schwab 401K > Schwab 893,,,,20,20,table,False,False,,False,0,False,False,100,True,20,False,https://disclosures-clerk.house.gov/public_disc/ptr-pdfs/2025/20033446.pdf,,,SP,"Essential Utilities, Inc. Common Stock (WTRG) [ST] Filing Status: New Subholding Of: Charles Schwab 401K >","Essential Utilities, Inc. Common Stock (WTRG) [ST]",S Schwab 893,10/31/2025,11/01/2025,"$1,001 - $15,000",,"SP Essential Utilities, Inc. Common Stock (WTRG) [ST] S 10/31/2025 11/01/2025 $1,001 - $15,000 Filing Status: New Subholding Of: Charles Schwab 401K > Schwab 893",,,False,100,WTRG,accepted,house_ptr_structure+v8_1,False,False,False,10/31/2025,False,,valid_range
20033446,Hon. Lisa McClain,Member,MI09,20033446.pdf,2025,172,SP,Exelon Corporation,Exelon Corporation,EXC,EXC,ST,S,2025-10-31,2025-11-01,1001.0,15000.0,,"$1,001 - $15,000",valid_range,New,Charles Schwab 401K > Schwab 893,,,,20,20,table,False,False,,False,0,False,True,100,True,20,False,https://disclosures-clerk.house.gov/public_disc/ptr-pdfs/2025/20033446.pdf,,,SP,Exelon Corporation (EXC) [ST],Exelon Corporation (EXC) [ST],S,10/31/2025,11/01/2025,"$1,001 - $15,000",Filing Status: New Subholding Of: Charles Schwab 401K > Schwab 893,"SP Exelon Corporation (EXC) [ST] S 10/31/2025 11/01/2025 $1,001 - $15,000 Filing Status: New Subholding Of: Charles Schwab 401K > Schwab 893",,,False,100,EXC,accepted,house_ptr_structure+v8_1,False,False,False,10/31/2025,False,,valid_range
20033446,Hon. Lisa McClain,Member,MI09,20033446.pdf,2025,173,SP,Exelon Corporation,Exelon Corporation,EXC,EXC,ST,S,2025-10-30,2025-11-01,1001.0,15000.0,,"$1,001 - $15,000",valid_range,New,Charles Schwab Brokerage Account 924,,,,20,20,table,False,False,,False,0,False,False,100,True,20,False,https://disclosures-clerk.house.gov/public_disc/ptr-pdfs/2025/20033446.pdf,,,SP,Exelon Corporation (EXC) [ST] Filing Status: New Subholding Of: Charles Schwab Brokera,Exelon Corporation (EXC) [ST],S age Account 924,10/30/2025,11/01/2025,"$1,001 - $15,000",,"SP Exelon Corporation (EXC) [ST] S 10/30/2025 11/01/2025 $1,001 - $15,000 Filing Status: New Subholding Of: Charles Schwab Brokerage Account 924",,,False,100,EXC,accepted,house_ptr_structure+v8_1,False,False,False,10/30/2025,False,,valid_range
20033446,Hon. Lisa McClain,Member,MI09,20033446.pdf,2025,174,SP,Exelon Corporation,Exelon Corporation,EXC,EXC,ST,P,2025-10-30,2025-11-01,1001.0,15000.0,,"$1,001 - $15,000",valid_range,New,Charles Schwab 401K > Schwab 893,,,,20,20,table,False,False,,False,0,False,True,100,True,20,False,https://disclosures-clerk.house.gov/public_disc/ptr-pdfs/2025/20033446.pdf,,,SP,Exelon Corporation (EXC) [ST],Exelon Corporation (EXC) [ST],P,10/30/2025,11/01/2025,"$1,001 - $15,000",Filing Status: New Subholding Of: Charles Schwab 401K > Schwab 893,"SP Exelon Corporation (EXC) [ST] P 10/30/2025 11/01/2025 $1,001 - $15,000 Filing Status: New Subholding Of: Charles Schwab 401K > Schwab 893",,,False,100,EXC,accepted,house_ptr_structure+v8_1,False,False,False,10/30/2025,False,,valid_range
20033446,Hon. Lisa McClain,Member,MI09,20033446.pdf,2025,175,SP,Exxon Mobil Corporation Common Stock,Exxon Mobil Corporation Common Stock,XOM,XOM,ST,P,2025-10-30,2025-11-01,1001.0,15000.0,,"$1,001 - $15,000",valid_range,New,Charles Schwab 401K > Schwab 893,,,,20,20,table,False,False,,False,0,False,False,100,True,20,False,https://disclosures-clerk.house.gov/public_disc/ptr-pdfs/2025/20033446.pdf,,,SP,Exxon Mobil Corporation Common Stock (XOM) [ST] Filing Status: New Subholding Of: Charles Schwab 401K >,Exxon Mobil Corporation Common Stock (XOM) [ST],P Schwab 893,10/30/2025,11/01/2025,"$1,001 - $15,000",,"SP Exxon Mobil Corporation Common Stock (XOM) [ST] P 10/30/2025 11/01/2025 $1,001 - $15,000 Filing Status: New Subholding Of: Charles Schwab 401K > Schwab 893",,,False,100,XOM,accepted,house_ptr_structure+v8_1,False,False,False,10/30/2025,False,,valid_range
20033446,Hon. Lisa McClain,Member,MI09,20033446.pdf,2025,176,SP,Exxon Mobil Corporation Common Stock,Exxon Mobil Corporation Common Stock,XOM,XOM,ST,S,2025-10-30,2025-11-01,1001.0,15000.0,,"$1,001 - $15,000",valid_range,New,Charles Schwab Brokerage Account 924,,,,20,20,table,False,False,,False,0,False,True,100,True,20,False,https://disclosures-clerk.house.gov/public_disc/ptr-pdfs/2025/20033446.pdf,,,SP,Exxon Mobil Corporation Common Stock (XOM) [ST],Exxon Mobil Corporation Common Stock (XOM) [ST],S,10/30/2025,11/01/2025,"$1,001 - $15,000",Filing Status: New Subholding Of: Charles Schwab Brokerage Account 924,"SP Exxon Mobil Corporation Common Stock (XOM) [ST] S 10/30/2025 11/01/2025 $1,001 - $15,000 Filing Status: New Subholding Of: Charles Schwab Brokerage Account 924",,,False,100,XOM,accepted,house_ptr_structure+v8_1,False,False,False,10/30/2025,False,,valid_range
20033446,Hon. Lisa McClain,Member,MI09,20033446.pdf,2025,177,SP,Exxon Mobil Corporation Common Stock,Exxon Mobil Corporation Common Stock,XOM,XOM,ST,S,2025-10-31,2025-11-01,1001.0,15000.0,,"$1,001 - $15,000",valid_range,New,Charles Schwab 401K > Schwab 893,,,,20,20,table,False,False,,False,0,False,False,100,True,20,False,https://disclosures-clerk.house.gov/public_disc/ptr-pdfs/2025/20033446.pdf,,,SP,Exxon Mobil Corporation Common Stock (XOM) [ST] Filing Status: New Subholding Of: Charles Schwab 401K >,Exxon Mobil Corporation Common Stock (XOM) [ST],S Schwab 893,10/31/2025,11/01/2025,"$1,001 - $15,000",,"SP Exxon Mobil Corporation Common Stock (XOM) [ST] S 10/31/2025 11/01/2025 $1,001 - $15,000 Filing Status: New Subholding Of: Charles Schwab 401K > Schwab 893",,,False,100,XOM,accepted,house_ptr_structure+v8_1,False,False,False,10/31/2025,False,,valid_range
20033446,Hon. Lisa McClain,Member,MI09,20033446.pdf,2025,178,SP,Fabrinet Ordinary Shares,Fabrinet Ordinary Shares,FN,FN,ST,S,2025-10-31,2025-11-01,1001.0,15000.0,,"$1,001 - $15,000",valid_range,New,Charles Schwab 401K > Schwab 893 ID Owner Asset Transaction Type Date Notification Date Amount Cap. Gains > $200?,,,,20,21,table,True,False,,True,0,False,True,98,True,20,False,https://disclosures-clerk.house.gov/public_disc/ptr-pdfs/2025/20033446.pdf,,,SP,Fabrinet Ordinary Shares (FN) [ST],Fabrinet Ordinary Shares (FN) [ST],S,10/31/2025,11/01/2025,"$1,001 - $15,000",Filing Status: New Subholding Of: Charles Schwab 401K > Schwab 893 ID Owner Asset Transaction Type Date Notification Date Amount Cap. Gains > $200?,"SP Fabrinet Ordinary Shares (FN) [ST] S 10/31/2025 11/01/2025 $1,001 - $15,000 Filing Status: New Subholding Of: Charles Schwab 401K > Schwab 893 ID Owner Asset Transaction Type Date Notification Date Amount Cap. Gains > $200?",,,False,98,FN,accepted,house_ptr_structure+v8_1,False,False,False,10/31/2025,False,,valid_range
20033446,Hon. Lisa McClain,Member,MI09,20033446.pdf,2025,179,SP,Fabrinet Ordinary Shares,Fabrinet Ordinary Shares,FN,FN,ST,S,2025-10-30,2025-11-01,1001.0,15000.0,,"$1,001 - $15,000",valid_range,New,Charles Schwab Brokerage Account 924,,,,21,21,relaxed_table,True,False,,False,0,False,False,100,True,20,False,https://disclosures-clerk.house.gov/public_disc/ptr-pdfs/2025/20033446.pdf,,,SP,Fabrinet Ordinary Shares (FN) [ST] Filing Status: New Subholding Of: Charles Schwab Brokera,Fabrinet Ordinary Shares (FN) [ST],S age Account 924,10/30/2025,11/01/2025,"$1,001 - $15,000",,"SP Fabrinet Ordinary Shares (FN) [ST] S 10/30/2025 11/01/2025 $1,001 - $15,000 Filing Status: New Subholding Of: Charles Schwab Brokerage Account 924",,,False,100,FN,accepted,house_ptr_structure+v8_1,False,False,False,10/30/2025,False,,valid_range
20033446,Hon. Lisa McClain,Member,MI09,20033446.pdf,2025,180,SP,Fabrinet Ordinary Shares,Fabrinet Ordinary Shares,FN,FN,ST,P,2025-10-30,2025-11-01,1001.0,15000.0,,"$1,001 - $15,000",valid_range,New,Charles Schwab 401K > Schwab 893,,,,21,21,relaxed_table,True,False,,False,0,False,True,100,True,20,False,https://disclosures-clerk.house.gov/public_disc/ptr-pdfs/2025/20033446.pdf,,,SP,Fabrinet Ordinary Shares (FN) [ST],Fabrinet Ordinary Shares (FN) [ST],P,10/30/2025,11/01/2025,"$1,001 - $15,000",Filing Status: New Subholding Of: Charles Schwab 401K > Schwab 893,"SP Fabrinet Ordinary Shares (FN) [ST] P 10/30/2025 11/01/2025 $1,001 - $15,000 Filing Status: New Subholding Of: Charles Schwab 401K > Schwab 893",,,False,100,FN,accepted,house_ptr_structure+v8_1,False,False,False,10/30/2025,False,,valid_range
20033446,Hon. Lisa McClain,Member,MI09,20033446.pdf,2025,181,SP,"Five Below, Inc. - Common Stock","Five Below, Inc. - Common Stock",FIVE,FIVE,ST,P,2025-10-30,2025-11-01,1001.0,15000.0,,"$1,001 - $15,000",valid_range,New,Charles Schwab 401K > Schwab 893,,,,21,21,relaxed_table,True,False,,False,0,False,False,100,True,20,False,https://disclosures-clerk.house.gov/public_disc/ptr-pdfs/2025/20033446.pdf,,,SP,"Five Below, Inc. - Common Stock (FIVE) [ST] Filing Status: New Subholding Of: Charles Schwab 401K >","Five Below, Inc. - Common Stock (FIVE) [ST]",P Schwab 893,10/30/2025,11/01/2025,"$1,001 - $15,000",,"SP Five Below, Inc. - Common Stock (FIVE) [ST] P 10/30/2025 11/01/2025 $1,001 - $15,000 Filing Status: New Subholding Of: Charles Schwab 401K > Schwab 893",,,False,100,FIVE,accepted,house_ptr_structure+v8_1,False,False,False,10/30/2025,False,,valid_range
20033446,Hon. Lisa McClain,Member,MI09,20033446.pdf,2025,182,SP,"Five Below, Inc. - Common Stock","Five Below, Inc. - Common Stock",FIVE,FIVE,ST,S,2025-10-30,2025-11-01,1001.0,15000.0,,"$1,001 - $15,000",valid_range,New,Charles Schwab Brokerage Account 924,,,,21,21,relaxed_table,True,False,,False,0,False,True,100,True,20,False,https://disclosures-clerk.house.gov/public_disc/ptr-pdfs/2025/20033446.pdf,,,SP,"Five Below, Inc. - Common Stock (FIVE) [ST]","Five Below, Inc. - Common Stock (FIVE) [ST]",S,10/30/2025,11/01/2025,"$1,001 - $15,000",Filing Status: New Subholding Of: Charles Schwab Brokerage Account 924,"SP Five Below, Inc. - Common Stock (FIVE) [ST] S 10/30/2025 11/01/2025 $1,001 - $15,000 Filing Status: New Subholding Of: Charles Schwab Brokerage Account 924",,,False,100,FIVE,accepted,house_ptr_structure+v8_1,False,False,False,10/30/2025,False,,valid_range
20033446,Hon. Lisa McClain,Member,MI09,20033446.pdf,2025,183,SP,"Five Below, Inc. - Common Stock","Five Below, Inc. - Common Stock",FIVE,FIVE,ST,S,2025-10-31,2025-11-01,1001.0,15000.0,,"$1,001 - $15,000",valid_range,New,Charles Schwab 401K > Schwab 893,,,,21,21,relaxed_table,True,False,,False,0,False,False,100,True,20,False,https://disclosures-clerk.house.gov/public_disc/ptr-pdfs/2025/20033446.pdf,,,SP,"Five Below, Inc. - Common Stock (FIVE) [ST] Filing Status: New Subholding Of: Charles Schwab 401K >","Five Below, Inc. - Common Stock (FIVE) [ST]",S Schwab 893,10/31/2025,11/01/2025,"$1,001 - $15,000",,"SP Five Below, Inc. - Common Stock (FIVE) [ST] S 10/31/2025 11/01/2025 $1,001 - $15,000 Filing Status: New Subholding Of: Charles Schwab 401K > Schwab 893",,,False,100,FIVE,accepted,house_ptr_structure+v8_1,False,False,False,10/31/2025,False,,valid_range
20033446,Hon. Lisa McClain,Member,MI09,20033446.pdf,2025,184,SP,Flex Ltd. - Ordinary Shares,Flex Ltd. - Ordinary Shares,FLEX,FLEX,ST,S,2025-10-14,2025-11-01,1001.0,15000.0,,"$1,001 - $15,000",valid_range,New,Charles Schwab Brokerage Account 924,,,,21,21,relaxed_table,True,False,,False,0,False,True,100,True,20,False,https://disclosures-clerk.house.gov/public_disc/ptr-pdfs/2025/20033446.pdf,,,SP,Flex Ltd. - Ordinary Shares (FLEX) [ST],Flex Ltd. - Ordinary Shares (FLEX) [ST],S,10/14/2025,11/01/2025,"$1,001 - $15,000",Filing Status: New Subholding Of: Charles Schwab Brokerage Account 924,"SP Flex Ltd. - Ordinary Shares (FLEX) [ST] S 10/14/2025 11/01/2025 $1,001 - $15,000 Filing Status: New Subholding Of: Charles Schwab Brokerage Account 924",,,False,100,FLEX,accepted,house_ptr_structure+v8_1,False,False,False,10/14/2025,False,,valid_range
20033446,Hon. Lisa McClain,Member,MI09,20033446.pdf,2025,185,SP,FMC Corporation Common Stock,FMC Corporation Common Stock,FMC,FMC,ST,S,2025-10-30,2025-11-01,1001.0,15000.0,,"$1,001 - $15,000",valid_range,New,Charles Schwab Brokerage Account 924,,,,21,21,relaxed_table,True,False,,False,0,False,False,100,True,20,False,https://disclosures-clerk.house.gov/public_disc/ptr-pdfs/2025/20033446.pdf,,,SP,FMC Corporation Common Stock (FMC) [ST] Filing Status: New Subholding Of: Charles Schwab Brokera,FMC Corporation Common Stock (FMC) [ST],S age Account 924,10/30/2025,11/01/2025,"$1,001 - $15,000",,"SP FMC Corporation Common Stock (FMC) [ST] S 10/30/2025 11/01/2025 $1,001 - $15,000 Filing Status: New Subholding Of: Charles Schwab Brokerage Account 924",,,False,100,FMC,accepted,house_ptr_structure+v8_1,False,False,False,10/30/2025,False,,valid_range
20033446,Hon. Lisa McClain,Member,MI09,20033446.pdf,2025,186,SP,FMC Corporation Common Stock,FMC Corporation Common Stock,FMC,FMC,ST,P,2025-10-30,2025-11-01,1001.0,15000.0,,"$1,001 - $15,000",valid_range,New,Charles Schwab 401K > Schwab 893,,,,21,21,relaxed_table,True,False,,False,0,False,True,100,True,20,False,https://disclosures-clerk.house.gov/public_disc/ptr-pdfs/2025/20033446.pdf,,,SP,FMC Corporation Common Stock (FMC) [ST],FMC Corporation Common Stock (FMC) [ST],P,10/30/2025,11/01/2025,"$1,001 - $15,000",Filing Status: New Subholding Of: Charles Schwab 401K > Schwab 893,"SP FMC Corporation Common Stock (FMC) [ST] P 10/30/2025 11/01/2025 $1,001 - $15,000 Filing Status: New Subholding Of: Charles Schwab 401K > Schwab 893",,,False,100,FMC,accepted,house_ptr_structure+v8_1,False,False,False,10/30/2025,False,,valid_range
20033446,Hon. Lisa McClain,Member,MI09,20033446.pdf,2025,187,SP,FMC Corporation Common Stock,FMC Corporation Common Stock,FMC,FMC,ST,S,2025-10-31,2025-11-01,1001.0,15000.0,,"$1,001 - $15,000",valid_range,New,Charles Schwab 401K > Schwab 893,,,,21,21,relaxed_table,True,False,,False,0,False,False,100,True,20,False,https://disclosures-clerk.house.gov/public_disc/ptr-pdfs/2025/20033446.pdf,,,SP,FMC Corporation Common Stock (FMC) [ST] Filing Status: New Subholding Of: Charles Schwab 401K >,FMC Corporation Common Stock (FMC) [ST],S Schwab 893,10/31/2025,11/01/2025,"$1,001 - $15,000",,"SP FMC Corporation Common Stock (FMC) [ST] S 10/31/2025 11/01/2025 $1,001 - $15,000 Filing Status: New Subholding Of: Charles Schwab 401K > Schwab 893",,,False,100,FMC,accepted,house_ptr_structure+v8_1,False,False,False,10/31/2025,False,,valid_range
20033446,Hon. Lisa McClain,Member,MI09,20033446.pdf,2025,188,SP,"Fortinet, Inc. - Common Stock","Fortinet, Inc. - Common Stock",FTNT,FTNT,ST,S,2025-10-31,2025-11-01,1001.0,15000.0,,"$1,001 - $15,000",valid_range,New,Charles Schwab 401K > Schwab 893,,,,22,22,table,False,False,,False,0,False,True,100,True,20,False,https://disclosures-clerk.house.gov/public_disc/ptr-pdfs/2025/20033446.pdf,,,SP,"Fortinet, Inc. - Common Stock (FTNT) [ST]","Fortinet, Inc. - Common Stock (FTNT) [ST]",S,10/31/2025,11/01/2025,"$1,001 - $15,000",Filing Status: New Subholding Of: Charles Schwab 401K > Schwab 893,"SP Fortinet, Inc. - Common Stock (FTNT) [ST] S 10/31/2025 11/01/2025 $1,001 - $15,000 Filing Status: New Subholding Of: Charles Schwab 401K > Schwab 893",,,False,100,FTNT,accepted,house_ptr_structure+v8_1,False,False,False,10/31/2025,False,,valid_range
20033446,Hon. Lisa McClain,Member,MI09,20033446.pdf,2025,189,SP,"Fortinet, Inc. - Common Stock","Fortinet, Inc. - Common Stock",FTNT,FTNT,ST,P,2025-10-30,2025-11-01,1001.0,15000.0,,"$1,001 - $15,000",valid_range,New,Charles Schwab 401K > Schwab 893,,,,22,22,table,False,False,,False,0,False,False,100,True,20,False,https://disclosures-clerk.house.gov/public_disc/ptr-pdfs/2025/20033446.pdf,,,SP,"Fortinet, Inc. - Common Stock (FTNT) [ST] Filing Status: New Subholding Of: Charles Schwab 401K >","Fortinet, Inc. - Common Stock (FTNT) [ST]",P Schwab 893,10/30/2025,11/01/2025,"$1,001 - $15,000",,"SP Fortinet, Inc. - Common Stock (FTNT) [ST] P 10/30/2025 11/01/2025 $1,001 - $15,000 Filing Status: New Subholding Of: Charles Schwab 401K > Schwab 893",,,False,100,FTNT,accepted,house_ptr_structure+v8_1,False,False,False,10/30/2025,False,,valid_range
20033446,Hon. Lisa McClain,Member,MI09,20033446.pdf,2025,190,SP,"Fortinet, Inc. - Common Stock","Fortinet, Inc. - Common Stock",FTNT,FTNT,ST,S,2025-10-30,2025-11-01,1001.0,15000.0,,"$1,001 - $15,000",valid_range,New,Charles Schwab Brokerage Account 924,,,,22,22,table,False,False,,False,0,False,True,100,True,20,False,https://disclosures-clerk.house.gov/public_disc/ptr-pdfs/2025/20033446.pdf,,,SP,"Fortinet, Inc. - Common Stock (FTNT) [ST]","Fortinet, Inc. - Common Stock (FTNT) [ST]",S,10/30/2025,11/01/2025,"$1,001 - $15,000",Filing Status: New Subholding Of: Charles Schwab Brokerage Account 924,"SP Fortinet, Inc. - Common Stock (FTNT) [ST] S 10/30/2025 11/01/2025 $1,001 - $15,000 Filing Status: New Subholding Of: Charles Schwab Brokerage Account 924",,,False,100,FTNT,accepted,house_ptr_structure+v8_1,False,False,False,10/30/2025,False,,valid_range
20033446,Hon. Lisa McClain,Member,MI09,20033446.pdf,2025,191,SP,"Gartner, Inc. Common Stock","Gartner, Inc. Common Stock",IT,IT,ST,S,2025-10-30,2025-11-01,1001.0,15000.0,,"$1,001 - $15,000",valid_range,New,Charles Schwab Brokerage Account 924,,,,22,22,table,False,False,,False,0,False,False,100,True,20,False,https://disclosures-clerk.house.gov/public_disc/ptr-pdfs/2025/20033446.pdf,,,SP,"Gartner, Inc. Common Stock (IT) [ST] Filing Status: New Subholding Of: Charles Schwab Brokera","Gartner, Inc. Common Stock (IT) [ST]",S age Account 924,10/30/2025,11/01/2025,"$1,001 - $15,000",,"SP Gartner, Inc. Common Stock (IT) [ST] S 10/30/2025 11/01/2025 $1,001 - $15,000 Filing Status: New Subholding Of: Charles Schwab Brokerage Account 924",,,False,100,IT,accepted,house_ptr_structure+v8_1,False,False,False,10/30/2025,False,,valid_range
20033446,Hon. Lisa McClain,Member,MI09,20033446.pdf,2025,192,SP,"Gartner, Inc. Common Stock","Gartner, Inc. Common Stock",IT,IT,ST,P,2025-10-30,2025-11-01,1001.0,15000.0,,"$1,001 - $15,000",valid_range,New,Charles Schwab 401K > Schwab 893,,,,22,22,table,False,False,,False,0,False,True,100,True,20,False,https://disclosures-clerk.house.gov/public_disc/ptr-pdfs/2025/20033446.pdf,,,SP,"Gartner, Inc. Common Stock (IT) [ST]","Gartner, Inc. Common Stock (IT) [ST]",P,10/30/2025,11/01/2025,"$1,001 - $15,000",Filing Status: New Subholding Of: Charles Schwab 401K > Schwab 893,"SP Gartner, Inc. Common Stock (IT) [ST] P 10/30/2025 11/01/2025 $1,001 - $15,000 Filing Status: New Subholding Of: Charles Schwab 401K > Schwab 893",,,False,100,IT,accepted,house_ptr_structure+v8_1,False,False,False,10/30/2025,False,,valid_range
20033446,Hon. Lisa McClain,Member,MI09,20033446.pdf,2025,193,SP,"Gartner, Inc. Common Stock","Gartner, Inc. Common Stock",IT,IT,ST,S,2025-10-31,2025-11-01,1001.0,15000.0,,"$1,001 - $15,000",valid_range,New,Charles Schwab 401K > Schwab 893,,,,22,22,table,False,False,,False,0,False,False,100,True,20,False,https://disclosures-clerk.house.gov/public_disc/ptr-pdfs/2025/20033446.pdf,,,SP,"Gartner, Inc. Common Stock (IT) [ST] Filing Status: New Subholding Of: Charles Schwab 401K >","Gartner, Inc. Common Stock (IT) [ST]",S Schwab 893,10/31/2025,11/01/2025,"$1,001 - $15,000",,"SP Gartner, Inc. Common Stock (IT) [ST] S 10/31/2025 11/01/2025 $1,001 - $15,000 Filing Status: New Subholding Of: Charles Schwab 401K > Schwab 893",,,False,100,IT,accepted,house_ptr_structure+v8_1,False,False,False,10/31/2025,False,,valid_range
20033446,Hon. Lisa McClain,Member,MI09,20033446.pdf,2025,194,SP,Getty Realty Corporation Common Stock,Getty Realty Corporation Common Stock,GTY,GTY,ST,S,2025-10-31,2025-11-01,1001.0,15000.0,,"$1,001 - $15,000",valid_range,New,Charles Schwab 401K > Schwab 893,,,,22,22,table,False,False,,False,0,False,True,100,True,20,False,https://disclosures-clerk.house.gov/public_disc/ptr-pdfs/2025/20033446.pdf,,,SP,Getty Realty Corporation Common Stock (GTY) [ST],Getty Realty Corporation Common Stock (GTY) [ST],S,10/31/2025,11/01/2025,"$1,001 - $15,000",Filing Status: New Subholding Of: Charles Schwab 401K > Schwab 893,"SP Getty Realty Corporation Common Stock (GTY) [ST] S 10/31/2025 11/01/2025 $1,001 - $15,000 Filing Status: New Subholding Of: Charles Schwab 401K > Schwab 893",,,False,100,GTY,accepted,house_ptr_structure+v8_1,False,False,False,10/31/2025,False,,valid_range
20033446,Hon. Lisa McClain,Member,MI09,20033446.pdf,2025,195,SP,Getty Realty Corporation Common Stock,Getty Realty Corporation Common Stock,GTY,GTY,ST,P,2025-10-30,2025-11-01,1001.0,15000.0,,"$1,001 - $15,000",valid_range,New,Charles Schwab 401K > Schwab 893,,,,22,22,table,False,False,,False,0,False,False,100,True,20,False,https://disclosures-clerk.house.gov/public_disc/ptr-pdfs/2025/20033446.pdf,,,SP,Getty Realty Corporation Common Stock (GTY) [ST] Filing Status: New Subholding Of: Charles Schwab 401K >,Getty Realty Corporation Common Stock (GTY) [ST],P Schwab 893,10/30/2025,11/01/2025,"$1,001 - $15,000",,"SP Getty Realty Corporation Common Stock (GTY) [ST] P 10/30/2025 11/01/2025 $1,001 - $15,000 Filing Status: New Subholding Of: Charles Schwab 401K > Schwab 893",,,False,100,GTY,accepted,house_ptr_structure+v8_1,False,False,False,10/30/2025,False,,valid_range
20033446,Hon. Lisa McClain,Member,MI09,20033446.pdf,2025,196,SP,Getty Realty Corporation Common Stock,Getty Realty Corporation Common Stock,GTY,GTY,ST,S,2025-10-30,2025-11-01,1001.0,15000.0,,"$1,001 - $15,000",valid_range,New,Charles Schwab Brokerage Account 924,,,,22,22,table,False,False,,False,0,False,True,100,True,20,False,https://disclosures-clerk.house.gov/public_disc/ptr-pdfs/2025/20033446.pdf,,,SP,Getty Realty Corporation Common Stock (GTY) [ST],Getty Realty Corporation Common Stock (GTY) [ST],S,10/30/2025,11/01/2025,"$1,001 - $15,000",Filing Status: New Subholding Of: Charles Schwab Brokerage Account 924,"SP Getty Realty Corporation Common Stock (GTY) [ST] S 10/30/2025 11/01/2025 $1,001 - $15,000 Filing Status: New Subholding Of: Charles Schwab Brokerage Account 924",,,False,100,GTY,accepted,house_ptr_structure+v8_1,False,False,False,10/30/2025,False,,valid_range
20033446,Hon. Lisa McClain,Member,MI09,20033446.pdf,2025,197,SP,"Goldman Sachs Group, Inc.","Goldman Sachs Group, Inc.",GS,GS,ST,S,2025-10-30,2025-11-01,1001.0,15000.0,,"$1,001 - $15,000",valid_range,New,Charles Schwab Brokerage Account 924,,,,22,23,table,False,False,,True,0,False,False,98,True,20,False,https://disclosures-clerk.house.gov/public_disc/ptr-pdfs/2025/20033446.pdf,,,SP,"Goldman Sachs Group, Inc. (GS) [ST]","Goldman Sachs Group, Inc. (GS) [ST]",S,10/30/2025,11/01/2025,"$1,001 - $15,000",Filing Status: New Subholding Of: Charles Schwab Brokerage Account 924,"SP Goldman Sachs Group, Inc. (GS) [ST] S 10/30/2025 11/01/2025 $1,001 - $15,000 Filing Status: New Subholding Of: Charles Schwab Brokerage Account 924",,,False,98,GS,accepted,house_ptr_structure+v8_1,False,False,False,10/30/2025,False,,valid_range
20033446,Hon. Lisa McClain,Member,MI09,20033446.pdf,2025,198,SP,"Goldman Sachs Group, Inc.","Goldman Sachs Group, Inc.",GS,GS,ST,P,2025-10-30,2025-11-01,1001.0,15000.0,,"$1,001 - $15,000",valid_range,New,Charles Schwab 401K > Schwab 893,,,,23,23,table,False,False,,False,0,False,True,100,True,20,False,https://disclosures-clerk.house.gov/public_disc/ptr-pdfs/2025/20033446.pdf,,,SP,"Goldman Sachs Group, Inc. (GS) [ST]","Goldman Sachs Group, Inc. (GS) [ST]",P,10/30/2025,11/01/2025,"$1,001 - $15,000",Filing Status: New Subholding Of: Charles Schwab 401K > Schwab 893,"SP Goldman Sachs Group, Inc. (GS) [ST] P 10/30/2025 11/01/2025 $1,001 - $15,000 Filing Status: New Subholding Of: Charles Schwab 401K > Schwab 893",,,False,100,GS,accepted,house_ptr_structure+v8_1,False,False,False,10/30/2025,False,,valid_range
20033446,Hon. Lisa McClain,Member,MI09,20033446.pdf,2025,199,SP,"Goldman Sachs Group, Inc.","Goldman Sachs Group, Inc.",GS,GS,ST,S,2025-10-31,2025-11-01,1001.0,15000.0,,"$1,001 - $15,000",valid_range,New,Charles Schwab 401K > Schwab 893,,,,23,23,table,False,False,,False,0,False,False,100,True,20,False,https://disclosures-clerk.house.gov/public_disc/ptr-pdfs/2025/20033446.pdf,,,SP,"Goldman Sachs Group, Inc. (GS) [ST] Filing Status: New Subholding Of: Charles Schwab 401K >","Goldman Sachs Group, Inc. (GS) [ST]",S Schwab 893,10/31/2025,11/01/2025,"$1,001 - $15,000",,"SP Goldman Sachs Group, Inc. (GS) [ST] S 10/31/2025 11/01/2025 $1,001 - $15,000 Filing Status: New Subholding Of: Charles Schwab 401K > Schwab 893",,,False,100,GS,accepted,house_ptr_structure+v8_1,False,False,False,10/31/2025,False,,valid_range
20033446,Hon. Lisa McClain,Member,MI09,20033446.pdf,2025,200,SP,GSK plc American Depositary Shares,GSK plc American Depositary Shares,GSK,GSK,ST,S,2025-10-31,2025-11-01,1001.0,15000.0,,"$1,001 - $15,000",valid_range,New,Charles Schwab 401K > Schwab 893,,,,23,23,table,False,False,,False,0,False,True,100,True,20,False,https://disclosures-clerk.house.gov/public_disc/ptr-pdfs/2025/20033446.pdf,,,SP,GSK plc American Depositary Shares (GSK) [ST],GSK plc American Depositary Shares (GSK) [ST],S,10/31/2025,11/01/2025,"$1,001 - $15,000",Filing Status: New Subholding Of: Charles Schwab 401K > Schwab 893,"SP GSK plc American Depositary Shares (GSK) [ST] S 10/31/2025 11/01/2025 $1,001 - $15,000 Filing Status: New Subholding Of: Charles Schwab 401K > Schwab 893",,,False,100,GSK,accepted,house_ptr_structure+v8_1,False,False,False,10/31/2025,False,,valid_range
20033446,Hon. Lisa McClain,Member,MI09,20033446.pdf,2025,201,SP,GSK plc American Depositary Shares,GSK plc American Depositary Shares,GSK,GSK,ST,P,2025-10-30,2025-11-01,1001.0,15000.0,,"$1,001 - $15,000",valid_range,New,Charles Schwab 401K > Schwab 893,,,,23,23,table,False,False,,False,0,False,False,100,True,20,False,https://disclosures-clerk.house.gov/public_disc/ptr-pdfs/2025/20033446.pdf,,,SP,GSK plc American Depositary Shares (GSK) [ST] Filing Status: New Subholding Of: Charles Schwab 401K >,GSK plc American Depositary Shares (GSK) [ST],P Schwab 893,10/30/2025,11/01/2025,"$1,001 - $15,000",,"SP GSK plc American Depositary Shares (GSK) [ST] P 10/30/2025 11/01/2025 $1,001 - $15,000 Filing Status: New Subholding Of: Charles Schwab 401K > Schwab 893",,,False,100,GSK,accepted,house_ptr_structure+v8_1,False,False,False,10/30/2025,False,,valid_range
20033446,Hon. Lisa McClain,Member,MI09,20033446.pdf,2025,202,SP,GSK plc American Depositary Shares,GSK plc American Depositary Shares,GSK,GSK,ST,S,2025-10-30,2025-11-01,1001.0,15000.0,,"$1,001 - $15,000",valid_range,New,Charles Schwab Brokerage Account 924,,,,23,23,table,False,False,,False,0,False,True,100,True,20,False,https://disclosures-clerk.house.gov/public_disc/ptr-pdfs/2025/20033446.pdf,,,SP,GSK plc American Depositary Shares (GSK) [ST],GSK plc American Depositary Shares (GSK) [ST],S,10/30/2025,11/01/2025,"$1,001 - $15,000",Filing Status: New Subholding Of: Charles Schwab Brokerage Account 924,"SP GSK plc American Depositary Shares (GSK) [ST] S 10/30/2025 11/01/2025 $1,001 - $15,000 Filing Status: New Subholding Of: Charles Schwab Brokerage Account 924",,,False,100,GSK,accepted,house_ptr_structure+v8_1,False,False,False,10/30/2025,False,,valid_range
20033446,Hon. Lisa McClain,Member,MI09,20033446.pdf,2025,203,SP,"Hasbro, Inc. - Common Stock","Hasbro, Inc. - Common Stock",HAS,HAS,ST,S,2025-10-30,2025-11-01,1001.0,15000.0,,"$1,001 - $15,000",valid_range,New,Charles Schwab Brokerage Account 924,,,,23,23,table,False,False,,False,0,False,False,100,True,20,False,https://disclosures-clerk.house.gov/public_disc/ptr-pdfs/2025/20033446.pdf,,,SP,"Hasbro, Inc. - Common Stock (HAS) [ST] Filing Status: New Subholding Of: Charles Schwab Brokera","Hasbro, Inc. - Common Stock (HAS) [ST]",S age Account 924,10/30/2025,11/01/2025,"$1,001 - $15,000",,"SP Hasbro, Inc. - Common Stock (HAS) [ST] S 10/30/2025 11/01/2025 $1,001 - $15,000 Filing Status: New Subholding Of: Charles Schwab Brokerage Account 924",,,False,100,HAS,accepted,house_ptr_structure+v8_1,False,False,False,10/30/2025,False,,valid_range
20033446,Hon. Lisa McClain,Member,MI09,20033446.pdf,2025,204,SP,"Hasbro, Inc. - Common Stock","Hasbro, Inc. - Common Stock",HAS,HAS,ST,P,2025-10-30,2025-11-01,1001.0,15000.0,,"$1,001 - $15,000",valid_range,New,Charles Schwab 401K > Schwab 893,,,,23,23,table,False,False,,False,0,False,True,100,True,20,False,https://disclosures-clerk.house.gov/public_disc/ptr-pdfs/2025/20033446.pdf,,,SP,"Hasbro, Inc. - Common Stock (HAS) [ST]","Hasbro, Inc. - Common Stock (HAS) [ST]",P,10/30/2025,11/01/2025,"$1,001 - $15,000",Filing Status: New Subholding Of: Charles Schwab 401K > Schwab 893,"SP Hasbro, Inc. - Common Stock (HAS) [ST] P 10/30/2025 11/01/2025 $1,001 - $15,000 Filing Status: New Subholding Of: Charles Schwab 401K > Schwab 893",,,False,100,HAS,accepted,house_ptr_structure+v8_1,False,False,False,10/30/2025,False,,valid_range
20033446,Hon. Lisa McClain,Member,MI09,20033446.pdf,2025,205,SP,"Hasbro, Inc. - Common Stock","Hasbro, Inc. - Common Stock",HAS,HAS,ST,S,2025-10-31,2025-11-01,1001.0,15000.0,,"$1,001 - $15,000",valid_range,New,Charles Schwab 401K > Schwab 893,,,,23,23,table,False,False,,False,0,False,False,100,True,20,False,https://disclosures-clerk.house.gov/public_disc/ptr-pdfs/2025/20033446.pdf,,,SP,"Hasbro, Inc. - Common Stock (HAS) [ST] Filing Status: New Subholding Of: Charles Schwab 401K >","Hasbro, Inc. - Common Stock (HAS) [ST]",S Schwab 893,10/31/2025,11/01/2025,"$1,001 - $15,000",,"SP Hasbro, Inc. - Common Stock (HAS) [ST] S 10/31/2025 11/01/2025 $1,001 - $15,000 Filing Status: New Subholding Of: Charles Schwab 401K > Schwab 893",,,False,100,HAS,accepted,house_ptr_structure+v8_1,False,False,False,10/31/2025,False,,valid_range
20033446,Hon. Lisa McClain,Member,MI09,20033446.pdf,2025,206,SP,HDFC Bank Limited Common Stock,HDFC Bank Limited Common Stock,HDB,HDB,ST,S,2025-10-31,2025-11-01,1001.0,15000.0,,"$1,001 - $15,000",valid_range,New $200?,Charles Schwab 401K > Schwab 893,,,,23,24,table,False,False,,True,0,False,True,98,True,20,False,https://disclosures-clerk.house.gov/public_disc/ptr-pdfs/2025/20033446.pdf,,,SP,HDFC Bank Limited Common Stock (HDB) [ST],HDFC Bank Limited Common Stock (HDB) [ST],S,10/31/2025,11/01/2025,"$1,001 - $15,000",Filing Status: New $200? Subholding Of: Charles Schwab 401K > Schwab 893,"SP HDFC Bank Limited Common Stock (HDB) [ST] S 10/31/2025 11/01/2025 $1,001 - $15,000 Filing Status: New $200? Subholding Of: Charles Schwab 401K > Schwab 893",,,False,98,HDB,accepted,house_ptr_structure+v8_1,False,False,False,10/31/2025,False,,valid_range
20033446,Hon. Lisa McClain,Member,MI09,20033446.pdf,2025,207,SP,HDFC Bank Limited Common Stock,HDFC Bank Limited Common Stock,HDB,HDB,ST,P,2025-10-30,2025-11-01,1001.0,15000.0,,"$1,001 - $15,000",valid_range,New,Charles Schwab 401K > Schwab 893,,,,24,24,table,False,False,,False,0,False,False,100,True,20,False,https://disclosures-clerk.house.gov/public_disc/ptr-pdfs/2025/20033446.pdf,,,SP,HDFC Bank Limited Common Stock (HDB) [ST] Filing Status: New Subholding Of: Charles Schwab 401K >,HDFC Bank Limited Common Stock (HDB) [ST],P Schwab 893,10/30/2025,11/01/2025,"$1,001 - $15,000",,"SP HDFC Bank Limited Common Stock (HDB) [ST] P 10/30/2025 11/01/2025 $1,001 - $15,000 Filing Status: New Subholding Of: Charles Schwab 401K > Schwab 893",,,False,100,HDB,accepted,house_ptr_structure+v8_1,False,False,False,10/30/2025,False,,valid_range
20033446,Hon. Lisa McClain,Member,MI09,20033446.pdf,2025,208,SP,HDFC Bank Limited Common Stock,HDFC Bank Limited Common Stock,HDB,HDB,ST,S,2025-10-30,2025-11-01,1001.0,15000.0,,"$1,001 - $15,000",valid_range,New,Charles Schwab Brokerage Account 924,,,,24,24,table,False,False,,False,0,False,True,100,True,20,False,https://disclosures-clerk.house.gov/public_disc/ptr-pdfs/2025/20033446.pdf,,,SP,HDFC Bank Limited Common Stock (HDB) [ST],HDFC Bank Limited Common Stock (HDB) [ST],S,10/30/2025,11/01/2025,"$1,001 - $15,000",Filing Status: New Subholding Of: Charles Schwab Brokerage Account 924,"SP HDFC Bank Limited Common Stock (HDB) [ST] S 10/30/2025 11/01/2025 $1,001 - $15,000 Filing Status: New Subholding Of: Charles Schwab Brokerage Account 924",,,False,100,HDB,accepted,house_ptr_structure+v8_1,False,False,False,10/30/2025,False,,valid_range
20033446,Hon. Lisa McClain,Member,MI09,20033446.pdf,2025,209,SP,Hewlett Packard Enterprise Company Common Stock,Hewlett Packard Enterprise Company Common Stock,HPE,HPE,ST,S,2025-10-30,2025-11-01,1001.0,15000.0,,"$1,001 - $15,000",valid_range,New,Charles Schwab Brokerage Account 924,,,,24,24,table,False,False,,False,0,False,False,100,True,20,False,https://disclosures-clerk.house.gov/public_disc/ptr-pdfs/2025/20033446.pdf,,,SP,Hewlett Packard Enterprise Company Common Stock (HPE) [ST] Filing Status: New Subholding Of: Charles Schwab Brokera,Hewlett Packard Enterprise Company Common Stock (HPE) [ST],S age Account 924,10/30/2025,11/01/2025,"$1,001 - $15,000",,"SP Hewlett Packard Enterprise Company Common Stock (HPE) [ST] S 10/30/2025 11/01/2025 $1,001 - $15,000 Filing Status: New Subholding Of: Charles Schwab Brokerage Account 924",,,False,100,HPE,accepted,house_ptr_structure+v8_1,False,False,False,10/30/2025,False,,valid_range
20033446,Hon. Lisa McClain,Member,MI09,20033446.pdf,2025,210,SP,Hewlett Packard Enterprise Company Common Stock,Hewlett Packard Enterprise Company Common Stock,HPE,HPE,ST,P,2025-10-30,2025-11-01,1001.0,15000.0,,"$1,001 - $15,000",valid_range,New,Charles Schwab 401K > Schwab 893,,,,24,24,table,False,False,,False,0,False,True,100,True,20,False,https://disclosures-clerk.house.gov/public_disc/ptr-pdfs/2025/20033446.pdf,,,SP,Hewlett Packard Enterprise Company Common Stock (HPE) [ST],Hewlett Packard Enterprise Company Common Stock (HPE) [ST],P,10/30/2025,11/01/2025,"$1,001 - $15,000",Filing Status: New Subholding Of: Charles Schwab 401K > Schwab 893,"SP Hewlett Packard Enterprise Company Common Stock (HPE) [ST] P 10/30/2025 11/01/2025 $1,001 - $15,000 Filing Status: New Subholding Of: Charles Schwab 401K > Schwab 893",,,False,100,HPE,accepted,house_ptr_structure+v8_1,False,False,False,10/30/2025,False,,valid_range
20033446,Hon. Lisa McClain,Member,MI09,20033446.pdf,2025,211,SP,Hewlett Packard Enterprise Company Common Stock,Hewlett Packard Enterprise Company Common Stock,HPE,HPE,ST,S,2025-10-31,2025-11-01,1001.0,15000.0,,"$1,001 - $15,000",valid_range,New,Charles Schwab 401K > Schwab 893,,,,24,24,table,False,False,,False,0,False,False,100,True,20,False,https://disclosures-clerk.house.gov/public_disc/ptr-pdfs/2025/20033446.pdf,,,SP,Hewlett Packard Enterprise Company Common Stock (HPE) [ST] Filing Status: New Subholding Of: Charles Schwab 401K >,Hewlett Packard Enterprise Company Common Stock (HPE) [ST],S Schwab 893,10/31/2025,11/01/2025,"$1,001 - $15,000",,"SP Hewlett Packard Enterprise Company Common Stock (HPE) [ST] S 10/31/2025 11/01/2025 $1,001 - $15,000 Filing Status: New Subholding Of: Charles Schwab 401K > Schwab 893",,,False,100,HPE,accepted,house_ptr_structure+v8_1,False,False,False,10/31/2025,False,,valid_range
20033446,Hon. Lisa McClain,Member,MI09,20033446.pdf,2025,212,SP,"Home BancShares, Inc. Common Stock","Home BancShares, Inc. Common Stock",HOMB,HOMB,ST,S,2025-10-31,2025-11-01,1001.0,15000.0,,"$1,001 - $15,000",valid_range,New,Charles Schwab 401K > Schwab 893,,,,24,24,table,False,False,,False,0,False,True,100,True,20,False,https://disclosures-clerk.house.gov/public_disc/ptr-pdfs/2025/20033446.pdf,,,SP,"Home BancShares, Inc. Common Stock (HOMB) [ST]","Home BancShares, Inc. Common Stock (HOMB) [ST]",S,10/31/2025,11/01/2025,"$1,001 - $15,000",Filing Status: New Subholding Of: Charles Schwab 401K > Schwab 893,"SP Home BancShares, Inc. Common Stock (HOMB) [ST] S 10/31/2025 11/01/2025 $1,001 - $15,000 Filing Status: New Subholding Of: Charles Schwab 401K > Schwab 893",,,False,100,HOMB,accepted,house_ptr_structure+v8_1,False,False,False,10/31/2025,False,,valid_range
20033446,Hon. Lisa McClain,Member,MI09,20033446.pdf,2025,213,SP,"Home BancShares, Inc. Common Stock","Home BancShares, Inc. Common Stock",HOMB,HOMB,ST,P,2025-10-30,2025-11-01,1001.0,15000.0,,"$1,001 - $15,000",valid_range,New,Charles Schwab 401K > Schwab 893,,,,24,24,table,False,False,,False,0,False,False,100,True,20,False,https://disclosures-clerk.house.gov/public_disc/ptr-pdfs/2025/20033446.pdf,,,SP,"Home BancShares, Inc. Common Stock (HOMB) [ST] Filing Status: New Subholding Of: Charles Schwab 401K >","Home BancShares, Inc. Common Stock (HOMB) [ST]",P Schwab 893,10/30/2025,11/01/2025,"$1,001 - $15,000",,"SP Home BancShares, Inc. Common Stock (HOMB) [ST] P 10/30/2025 11/01/2025 $1,001 - $15,000 Filing Status: New Subholding Of: Charles Schwab 401K > Schwab 893",,,False,100,HOMB,accepted,house_ptr_structure+v8_1,False,False,False,10/30/2025,False,,valid_range
20033446,Hon. Lisa McClain,Member,MI09,20033446.pdf,2025,214,SP,"Home BancShares, Inc. Common Stock","Home BancShares, Inc. Common Stock",HOMB,HOMB,ST,S,2025-10-30,2025-11-01,1001.0,15000.0,,"$1,001 - $15,000",valid_range,New,Charles Schwab Brokerage Account 924,,,,24,24,table,False,False,,False,0,False,True,100,True,20,False,https://disclosures-clerk.house.gov/public_disc/ptr-pdfs/2025/20033446.pdf,,,SP,"Home BancShares, Inc. Common Stock (HOMB) [ST]","Home BancShares, Inc. Common Stock (HOMB) [ST]",S,10/30/2025,11/01/2025,"$1,001 - $15,000",Filing Status: New Subholding Of: Charles Schwab Brokerage Account 924,"SP Home BancShares, Inc. Common Stock (HOMB) [ST] S 10/30/2025 11/01/2025 $1,001 - $15,000 Filing Status: New Subholding Of: Charles Schwab Brokerage Account 924",,,False,100,HOMB,accepted,house_ptr_structure+v8_1,False,False,False,10/30/2025,False,,valid_range
20033446,Hon. Lisa McClain,Member,MI09,20033446.pdf,2025,215,SP,"Honda Motor Company, Ltd. Common Stock","Honda Motor Company, Ltd. Common Stock",HMC,HMC,ST,S,2025-10-30,2025-11-01,1001.0,15000.0,,"$1,001 - $15,000",valid_range,New,Charles Schwab Brokerage Account 924,,,,24,25,table,False,False,,True,0,False,False,98,True,20,False,https://disclosures-clerk.house.gov/public_disc/ptr-pdfs/2025/20033446.pdf,,,SP,"Honda Motor Company, Ltd. Common Stock (HMC) [ST] Filing Status: New","Honda Motor Company, Ltd. Common Stock (HMC) [ST] Subholding Of: Charles Schwab Brokerage Account 924",S,10/30/2025,11/01/2025,"$1,001 - $15,000",Subholding Of: Charles Schwab Brokerage Account 924,"SP Honda Motor Company, Ltd. Common Stock (HMC) [ST] S 10/30/2025 11/01/2025 $1,001 - $15,000 Filing Status: New Subholding Of: Charles Schwab Brokerage Account 924",,,False,98,HMC,accepted,house_ptr_structure+v8_1,False,False,False,10/30/2025,False,,valid_range
20033446,Hon. Lisa McClain,Member,MI09,20033446.pdf,2025,216,SP,"Honda Motor Company, Ltd. Common Stock","Honda Motor Company, Ltd. Common Stock",HMC,HMC,ST,P,2025-10-30,2025-11-01,1001.0,15000.0,,"$1,001 - $15,000",valid_range,New,Charles Schwab 401K > Schwab 893,,,,25,25,table,False,False,,False,0,False,True,100,True,20,False,https://disclosures-clerk.house.gov/public_disc/ptr-pdfs/2025/20033446.pdf,,,SP,"Honda Motor Company, Ltd. Common Stock (HMC) [ST]","Honda Motor Company, Ltd. Common Stock (HMC) [ST]",P,10/30/2025,11/01/2025,"$1,001 - $15,000",Filing Status: New Subholding Of: Charles Schwab 401K > Schwab 893,"SP Honda Motor Company, Ltd. Common Stock (HMC) [ST] P 10/30/2025 11/01/2025 $1,001 - $15,000 Filing Status: New Subholding Of: Charles Schwab 401K > Schwab 893",,,False,100,HMC,accepted,house_ptr_structure+v8_1,False,False,False,10/30/2025,False,,valid_range
20033446,Hon. Lisa McClain,Member,MI09,20033446.pdf,2025,217,SP,"Honda Motor Company, Ltd. Common Stock","Honda Motor Company, Ltd. Common Stock",HMC,HMC,ST,S,2025-10-31,2025-11-01,1001.0,15000.0,,"$1,001 - $15,000",valid_range,New,Charles Schwab 401K > Schwab 893,,,,25,25,table,False,False,,False,0,False,False,100,True,20,False,https://disclosures-clerk.house.gov/public_disc/ptr-pdfs/2025/20033446.pdf,,,SP,"Honda Motor Company, Ltd. Common Stock (HMC) [ST] Filing Status: New Subholding Of: Charles Schwab 401K >","Honda Motor Company, Ltd. Common Stock (HMC) [ST]",S Schwab 893,10/31/2025,11/01/2025,"$1,001 - $15,000",,"SP Honda Motor Company, Ltd. Common Stock (HMC) [ST] S 10/31/2025 11/01/2025 $1,001 - $15,000 Filing Status: New Subholding Of: Charles Schwab 401K > Schwab 893",,,False,100,HMC,accepted,house_ptr_structure+v8_1,False,False,False,10/31/2025,False,,valid_range
20033446,Hon. Lisa McClain,Member,MI09,20033446.pdf,2025,218,SP,Howmet Aerospace Inc. Common Stock,Howmet Aerospace Inc. Common Stock,HWM,HWM,ST,S,2025-10-31,2025-11-01,1001.0,15000.0,,"$1,001 - $15,000",valid_range,New,Charles Schwab 401K > Schwab 893,,,,25,25,table,False,False,,False,0,False,True,100,True,20,False,https://disclosures-clerk.house.gov/public_disc/ptr-pdfs/2025/20033446.pdf,,,SP,Howmet Aerospace Inc. Common Stock (HWM) [ST],Howmet Aerospace Inc. Common Stock (HWM) [ST],S,10/31/2025,11/01/2025,"$1,001 - $15,000",Filing Status: New Subholding Of: Charles Schwab 401K > Schwab 893,"SP Howmet Aerospace Inc. Common Stock (HWM) [ST] S 10/31/2025 11/01/2025 $1,001 - $15,000 Filing Status: New Subholding Of: Charles Schwab 401K > Schwab 893",,,False,100,HWM,accepted,house_ptr_structure+v8_1,False,False,False,10/31/2025,False,,valid_range
20033446,Hon. Lisa McClain,Member,MI09,20033446.pdf,2025,219,SP,Howmet Aerospace Inc. Common Stock,Howmet Aerospace Inc. Common Stock,HWM,HWM,ST,P,2025-10-30,2025-11-01,1001.0,15000.0,,"$1,001 - $15,000",valid_range,New,Charles Schwab 401K > Schwab 893,,,,25,25,table,False,False,,False,0,False,False,100,True,20,False,https://disclosures-clerk.house.gov/public_disc/ptr-pdfs/2025/20033446.pdf,,,SP,Howmet Aerospace Inc. Common Stock (HWM) [ST] Filing Status: New Subholding Of: Charles Schwab 401K >,Howmet Aerospace Inc. Common Stock (HWM) [ST],P Schwab 893,10/30/2025,11/01/2025,"$1,001 - $15,000",,"SP Howmet Aerospace Inc. Common Stock (HWM) [ST] P 10/30/2025 11/01/2025 $1,001 - $15,000 Filing Status: New Subholding Of: Charles Schwab 401K > Schwab 893",,,False,100,HWM,accepted,house_ptr_structure+v8_1,False,False,False,10/30/2025,False,,valid_range
20033446,Hon. Lisa McClain,Member,MI09,20033446.pdf,2025,220,SP,Howmet Aerospace Inc. Common Stock,Howmet Aerospace Inc. Common Stock,HWM,HWM,ST,S,2025-10-30,2025-11-01,1001.0,15000.0,,"$1,001 - $15,000",valid_range,New,Charles Schwab Brokerage Account 924,,,,25,25,table,False,False,,False,0,False,True,100,True,20,False,https://disclosures-clerk.house.gov/public_disc/ptr-pdfs/2025/20033446.pdf,,,SP,Howmet Aerospace Inc. Common Stock (HWM) [ST],Howmet Aerospace Inc. Common Stock (HWM) [ST],S,10/30/2025,11/01/2025,"$1,001 - $15,000",Filing Status: New Subholding Of: Charles Schwab Brokerage Account 924,"SP Howmet Aerospace Inc. Common Stock (HWM) [ST] S 10/30/2025 11/01/2025 $1,001 - $15,000 Filing Status: New Subholding Of: Charles Schwab Brokerage Account 924",,,False,100,HWM,accepted,house_ptr_structure+v8_1,False,False,False,10/30/2025,False,,valid_range
20033446,Hon. Lisa McClain,Member,MI09,20033446.pdf,2025,221,SP,"HSBC Holdings, plc. Common Stock","HSBC Holdings, plc. Common Stock",HSBC,HSBC,ST,S,2025-10-14,2025-11-01,1001.0,15000.0,,"$1,001 - $15,000",valid_range,New,Charles Schwab Brokerage Account 924,,,,25,25,table,False,False,,False,0,False,False,100,True,20,False,https://disclosures-clerk.house.gov/public_disc/ptr-pdfs/2025/20033446.pdf,,,SP,"HSBC Holdings, plc. Common Stock (HSBC) [ST] Filing Status: New Subholding Of: Charles Schwab Brokera","HSBC Holdings, plc. Common Stock (HSBC) [ST]",S age Account 924,10/14/2025,11/01/2025,"$1,001 - $15,000",,"SP HSBC Holdings, plc. Common Stock (HSBC) [ST] S 10/14/2025 11/01/2025 $1,001 - $15,000 Filing Status: New Subholding Of: Charles Schwab Brokerage Account 924",,,False,100,HSBC,accepted,house_ptr_structure+v8_1,False,False,False,10/14/2025,False,,valid_range
20033446,Hon. Lisa McClain,Member,MI09,20033446.pdf,2025,222,SP,Humana Inc. Common Stock,Humana Inc. Common Stock,HUM,HUM,ST,S,2025-10-30,2025-11-01,1001.0,15000.0,,"$1,001 - $15,000",valid_range,New,Charles Schwab Brokerage Account 924,,,,25,25,table,False,False,,False,0,False,True,100,True,20,False,https://disclosures-clerk.house.gov/public_disc/ptr-pdfs/2025/20033446.pdf,,,SP,Humana Inc. Common Stock (HUM) [ST],Humana Inc. Common Stock (HUM) [ST],S,10/30/2025,11/01/2025,"$1,001 - $15,000",Filing Status: New Subholding Of: Charles Schwab Brokerage Account 924,"SP Humana Inc. Common Stock (HUM) [ST] S 10/30/2025 11/01/2025 $1,001 - $15,000 Filing Status: New Subholding Of: Charles Schwab Brokerage Account 924",,,False,100,HUM,accepted,house_ptr_structure+v8_1,False,False,False,10/30/2025,False,,valid_range
20033446,Hon. Lisa McClain,Member,MI09,20033446.pdf,2025,223,SP,Humana Inc. Common Stock,Humana Inc. Common Stock,HUM,HUM,ST,P,2025-10-30,2025-11-01,1001.0,15000.0,,"$1,001 - $15,000",valid_range,New,Charles Schwab 401K > Schwab 893,,,,25,25,table,False,False,,False,0,False,False,100,True,20,False,https://disclosures-clerk.house.gov/public_disc/ptr-pdfs/2025/20033446.pdf,,,SP,Humana Inc. Common Stock (HUM) [ST] Filing Status: New Subholding Of: Charles Schwab 401K >,Humana Inc. Common Stock (HUM) [ST],P Schwab 893,10/30/2025,11/01/2025,"$1,001 - $15,000",,"SP Humana Inc. Common Stock (HUM) [ST] P 10/30/2025 11/01/2025 $1,001 - $15,000 Filing Status: New Subholding Of: Charles Schwab 401K > Schwab 893",,,False,100,HUM,accepted,house_ptr_structure+v8_1,False,False,False,10/30/2025,False,,valid_range
20033446,Hon. Lisa McClain,Member,MI09,20033446.pdf,2025,224,SP,Humana Inc. Common Stock,Humana Inc. Common Stock,HUM,HUM,ST,S,2025-10-31,2025-11-01,1001.0,15000.0,,"$1,001 - $15,000",valid_range,New $200?,Charles Schwab 401K > Schwab 893,,,,25,26,table,False,False,,True,0,False,True,98,True,20,False,https://disclosures-clerk.house.gov/public_disc/ptr-pdfs/2025/20033446.pdf,,,SP,Humana Inc. Common Stock (HUM) [ST],Humana Inc. Common Stock (HUM) [ST],S,10/31/2025,11/01/2025,"$1,001 - $15,000",Filing Status: New $200? Subholding Of: Charles Schwab 401K > Schwab 893,"SP Humana Inc. Common Stock (HUM) [ST] S 10/31/2025 11/01/2025 $1,001 - $15,000 Filing Status: New $200? Subholding Of: Charles Schwab 401K > Schwab 893",,,False,98,HUM,accepted,house_ptr_structure+v8_1,False,False,False,10/31/2025,False,,valid_range
20033446,Hon. Lisa McClain,Member,MI09,20033446.pdf,2025,225,SP,Hyatt Hotels Corporation Class A Common Stock,Hyatt Hotels Corporation Class A Common Stock,H,H,ST,S,2025-10-14,2025-11-01,1001.0,15000.0,,"$1,001 - $15,000",valid_range,New,Charles Schwab Brokerage Account 924,,,,26,26,table,False,False,,False,0,False,False,100,True,20,False,https://disclosures-clerk.house.gov/public_disc/ptr-pdfs/2025/20033446.pdf,,,SP,Hyatt Hotels Corporation Class A Common Stock (H) [ST] Filing Status: New Subholding Of: Charles Schwab Brokera,Hyatt Hotels Corporation Class A Common Stock (H) [ST],S age Account 924,10/14/2025,11/01/2025,"$1,001 - $15,000",,"SP Hyatt Hotels Corporation Class A Common Stock (H) [ST] S 10/14/2025 11/01/2025 $1,001 - $15,000 Filing Status: New Subholding Of: Charles Schwab Brokerage Account 924",,,False,100,H,accepted,house_ptr_structure+v8_1,False,False,False,10/14/2025,False,,valid_range
20033446,Hon. Lisa McClain,Member,MI09,20033446.pdf,2025,226,SP,IDEX Corporation Common Stock,IDEX Corporation Common Stock,IEX,IEX,ST,S,2025-10-30,2025-11-01,1001.0,15000.0,,"$1,001 - $15,000",valid_range,New,Charles Schwab Brokerage Account 924,,,,26,26,table,False,False,,False,0,False,True,100,True,20,False,https://disclosures-clerk.house.gov/public_disc/ptr-pdfs/2025/20033446.pdf,,,SP,IDEX Corporation Common Stock (IEX) [ST],IDEX Corporation Common Stock (IEX) [ST],S,10/30/2025,11/01/2025,"$1,001 - $15,000",Filing Status: New Subholding Of: Charles Schwab Brokerage Account 924,"SP IDEX Corporation Common Stock (IEX) [ST] S 10/30/2025 11/01/2025 $1,001 - $15,000 Filing Status: New Subholding Of: Charles Schwab Brokerage Account 924",,,False,100,IEX,accepted,house_ptr_structure+v8_1,False,False,False,10/30/2025,False,,valid_range
20033446,Hon. Lisa McClain,Member,MI09,20033446.pdf,2025,227,SP,IDEX Corporation Common Stock,IDEX Corporation Common Stock,IEX,IEX,ST,P,2025-10-30,2025-11-01,1001.0,15000.0,,"$1,001 - $15,000",valid_range,New,Charles Schwab 401K > Schwab 893,,,,26,26,table,False,False,,False,0,False,False,100,True,20,False,https://disclosures-clerk.house.gov/public_disc/ptr-pdfs/2025/20033446.pdf,,,SP,IDEX Corporation Common Stock (IEX) [ST] Filing Status: New Subholding Of: Charles Schwab 401K >,IDEX Corporation Common Stock (IEX) [ST],P Schwab 893,10/30/2025,11/01/2025,"$1,001 - $15,000",,"SP IDEX Corporation Common Stock (IEX) [ST] P 10/30/2025 11/01/2025 $1,001 - $15,000 Filing Status: New Subholding Of: Charles Schwab 401K > Schwab 893",,,False,100,IEX,accepted,house_ptr_structure+v8_1,False,False,False,10/30/2025,False,,valid_range
20033446,Hon. Lisa McClain,Member,MI09,20033446.pdf,2025,228,SP,IDEX Corporation Common Stock,IDEX Corporation Common Stock,IEX,IEX,ST,S,2025-10-31,2025-11-01,1001.0,15000.0,,"$1,001 - $15,000",valid_range,New,Charles Schwab 401K > Schwab 893,,,,26,26,table,False,False,,False,0,False,True,100,True,20,False,https://disclosures-clerk.house.gov/public_disc/ptr-pdfs/2025/20033446.pdf,,,SP,IDEX Corporation Common Stock (IEX) [ST],IDEX Corporation Common Stock (IEX) [ST],S,10/31/2025,11/01/2025,"$1,001 - $15,000",Filing Status: New Subholding Of: Charles Schwab 401K > Schwab 893,"SP IDEX Corporation Common Stock (IEX) [ST] S 10/31/2025 11/01/2025 $1,001 - $15,000 Filing Status: New Subholding Of: Charles Schwab 401K > Schwab 893",,,False,100,IEX,accepted,house_ptr_structure+v8_1,False,False,False,10/31/2025,False,,valid_range
20033446,Hon. Lisa McClain,Member,MI09,20033446.pdf,2025,229,SP,Illinois Tool Works Inc. Common Stock,Illinois Tool Works Inc. Common Stock,ITW,ITW,ST,S,2025-10-31,2025-11-01,1001.0,15000.0,,"$1,001 - $15,000",valid_range,New,Charles Schwab 401K > Schwab 893,,,,26,26,table,False,False,,False,0,False,False,100,True,20,False,https://disclosures-clerk.house.gov/public_disc/ptr-pdfs/2025/20033446.pdf,,,SP,Illinois Tool Works Inc. Common Stock (ITW) [ST] Filing Status: New Subholding Of: Charles Schwab 401K >,Illinois Tool Works Inc. Common Stock (ITW) [ST],S Schwab 893,10/31/2025,11/01/2025,"$1,001 - $15,000",,"SP Illinois Tool Works Inc. Common Stock (ITW) [ST] S 10/31/2025 11/01/2025 $1,001 - $15,000 Filing Status: New Subholding Of: Charles Schwab 401K > Schwab 893",,,False,100,ITW,accepted,house_ptr_structure+v8_1,False,False,False,10/31/2025,False,,valid_range
20033446,Hon. Lisa McClain,Member,MI09,20033446.pdf,2025,230,SP,Illinois Tool Works Inc. Common Stock,Illinois Tool Works Inc. Common Stock,ITW,ITW,ST,P,2025-10-30,2025-11-01,1001.0,15000.0,,"$1,001 - $15,000",valid_range,New,Charles Schwab 401K > Schwab 893,,,,26,26,table,False,False,,False,0,False,True,100,True,20,False,https://disclosures-clerk.house.gov/public_disc/ptr-pdfs/2025/20033446.pdf,,,SP,Illinois Tool Works Inc. Common Stock (ITW) [ST],Illinois Tool Works Inc. Common Stock (ITW) [ST],P,10/30/2025,11/01/2025,"$1,001 - $15,000",Filing Status: New Subholding Of: Charles Schwab 401K > Schwab 893,"SP Illinois Tool Works Inc. Common Stock (ITW) [ST] P 10/30/2025 11/01/2025 $1,001 - $15,000 Filing Status: New Subholding Of: Charles Schwab 401K > Schwab 893",,,False,100,ITW,accepted,house_ptr_structure+v8_1,False,False,False,10/30/2025,False,,valid_range
20033446,Hon. Lisa McClain,Member,MI09,20033446.pdf,2025,231,SP,Illinois Tool Works Inc. Common Stock,Illinois Tool Works Inc. Common Stock,ITW,ITW,ST,S,2025-10-30,2025-11-01,1001.0,15000.0,,"$1,001 - $15,000",valid_range,New,Charles Schwab Brokerage Account 924,,,,26,26,table,False,False,,False,0,False,False,100,True,20,False,https://disclosures-clerk.house.gov/public_disc/ptr-pdfs/2025/20033446.pdf,,,SP,Illinois Tool Works Inc. Common Stock (ITW) [ST] Filing Status: New Subholding Of: Charles Schwab Brokera,Illinois Tool Works Inc. Common Stock (ITW) [ST],S age Account 924,10/30/2025,11/01/2025,"$1,001 - $15,000",,"SP Illinois Tool Works Inc. Common Stock (ITW) [ST] S 10/30/2025 11/01/2025 $1,001 - $15,000 Filing Status: New Subholding Of: Charles Schwab Brokerage Account 924",,,False,100,ITW,accepted,house_ptr_structure+v8_1,False,False,False,10/30/2025,False,,valid_range
20033446,Hon. Lisa McClain,Member,MI09,20033446.pdf,2025,232,SP,"Illumina, Inc. - Common Stock","Illumina, Inc. - Common Stock",ILMN,ILMN,ST,S,2025-10-30,2025-11-01,1001.0,15000.0,,"$1,001 - $15,000",valid_range,New,Charles Schwab Brokerage Account 924,,,,26,26,table,False,False,,False,0,False,True,100,True,20,False,https://disclosures-clerk.house.gov/public_disc/ptr-pdfs/2025/20033446.pdf,,,SP,"Illumina, Inc. - Common Stock (ILMN) [ST]","Illumina, Inc. - Common Stock (ILMN) [ST]",S,10/30/2025,11/01/2025,"$1,001 - $15,000",Filing Status: New Subholding Of: Charles Schwab Brokerage Account 924,"SP Illumina, Inc. - Common Stock (ILMN) [ST] S 10/30/2025 11/01/2025 $1,001 - $15,000 Filing Status: New Subholding Of: Charles Schwab Brokerage Account 924",,,False,100,ILMN,accepted,house_ptr_structure+v8_1,False,False,False,10/30/2025,False,,valid_range
20033446,Hon. Lisa McClain,Member,MI09,20033446.pdf,2025,233,SP,"Illumina, Inc. - Common Stock","Illumina, Inc. - Common Stock",ILMN,ILMN,ST,P,2025-10-30,2025-11-01,1001.0,15000.0,,"$1,001 - $15,000",valid_range,New,Charles Schwab 401K > Schwab 893,,,,26,27,table,False,False,,True,0,False,False,98,True,20,False,https://disclosures-clerk.house.gov/public_disc/ptr-pdfs/2025/20033446.pdf,,,SP,"Illumina, Inc. - Common Stock (ILMN) [ST] Filing Status: New","Illumina, Inc. - Common Stock (ILMN) [ST] Subholding Of: Charles Schwab 401K > Schwab 893",P,10/30/2025,11/01/2025,"$1,001 - $15,000",Subholding Of: Charles Schwab 401K > Schwab 893,"SP Illumina, Inc. - Common Stock (ILMN) [ST] P 10/30/2025 11/01/2025 $1,001 - $15,000 Filing Status: New Subholding Of: Charles Schwab 401K > Schwab 893",,,False,98,ILMN,accepted,house_ptr_structure+v8_1,False,False,False,10/30/2025,False,,valid_range
20033446,Hon. Lisa McClain,Member,MI09,20033446.pdf,2025,234,SP,"Illumina, Inc. - Common Stock","Illumina, Inc. - Common Stock",ILMN,ILMN,ST,S,2025-10-31,2025-11-01,1001.0,15000.0,,"$1,001 - $15,000",valid_range,New,Charles Schwab 401K > Schwab 893,,,,27,27,table,False,False,,False,0,False,True,100,True,20,False,https://disclosures-clerk.house.gov/public_disc/ptr-pdfs/2025/20033446.pdf,,,SP,"Illumina, Inc. - Common Stock (ILMN) [ST]","Illumina, Inc. - Common Stock (ILMN) [ST]",S,10/31/2025,11/01/2025,"$1,001 - $15,000",Filing Status: New Subholding Of: Charles Schwab 401K > Schwab 893,"SP Illumina, Inc. - Common Stock (ILMN) [ST] S 10/31/2025 11/01/2025 $1,001 - $15,000 Filing Status: New Subholding Of: Charles Schwab 401K > Schwab 893",,,False,100,ILMN,accepted,house_ptr_structure+v8_1,False,False,False,10/31/2025,False,,valid_range
20033446,Hon. Lisa McClain,Member,MI09,20033446.pdf,2025,235,SP,"ING Group, N.V. Common Stock","ING Group, N.V. Common Stock",ING,ING,ST,S,2025-10-31,2025-11-01,1001.0,15000.0,,"$1,001 - $15,000",valid_range,New,Charles Schwab 401K > Schwab 893,,,,27,27,table,False,False,,False,0,False,False,100,True,20,False,https://disclosures-clerk.house.gov/public_disc/ptr-pdfs/2025/20033446.pdf,,,SP,"ING Group, N.V. Common Stock (ING) [ST] Filing Status: New Subholding Of: Charles Schwab 401K >","ING Group, N.V. Common Stock (ING) [ST]",S Schwab 893,10/31/2025,11/01/2025,"$1,001 - $15,000",,"SP ING Group, N.V. Common Stock (ING) [ST] S 10/31/2025 11/01/2025 $1,001 - $15,000 Filing Status: New Subholding Of: Charles Schwab 401K > Schwab 893",,,False,100,ING,accepted,house_ptr_structure+v8_1,False,False,False,10/31/2025,False,,valid_range
20033446,Hon. Lisa McClain,Member,MI09,20033446.pdf,2025,236,SP,"ING Group, N.V. Common Stock","ING Group, N.V. Common Stock",ING,ING,ST,P,2025-10-30,2025-11-01,1001.0,15000.0,,"$1,001 - $15,000",valid_range,New,Charles Schwab 401K > Schwab 893,,,,27,27,table,False,False,,False,0,False,True,100,True,20,False,https://disclosures-clerk.house.gov/public_disc/ptr-pdfs/2025/20033446.pdf,,,SP,"ING Group, N.V. Common Stock (ING) [ST]","ING Group, N.V. Common Stock (ING) [ST]",P,10/30/2025,11/01/2025,"$1,001 - $15,000",Filing Status: New Subholding Of: Charles Schwab 401K > Schwab 893,"SP ING Group, N.V. Common Stock (ING) [ST] P 10/30/2025 11/01/2025 $1,001 - $15,000 Filing Status: New Subholding Of: Charles Schwab 401K > Schwab 893",,,False,100,ING,accepted,house_ptr_structure+v8_1,False,False,False,10/30/2025,False,,valid_range
20033446,Hon. Lisa McClain,Member,MI09,20033446.pdf,2025,237,SP,"ING Group, N.V. Common Stock","ING Group, N.V. Common Stock",ING,ING,ST,S,2025-10-30,2025-11-01,1001.0,15000.0,,"$1,001 - $15,000",valid_range,New,Charles Schwab Brokerage Account 924,,,,27,27,table,False,False,,False,0,False,False,100,True,20,False,https://disclosures-clerk.house.gov/public_disc/ptr-pdfs/2025/20033446.pdf,,,SP,"ING Group, N.V. Common Stock (ING) [ST] Filing Status: New Subholding Of: Charles Schwab Brokera","ING Group, N.V. Common Stock (ING) [ST]",S age Account 924,10/30/2025,11/01/2025,"$1,001 - $15,000",,"SP ING Group, N.V. Common Stock (ING) [ST] S 10/30/2025 11/01/2025 $1,001 - $15,000 Filing Status: New Subholding Of: Charles Schwab Brokerage Account 924",,,False,100,ING,accepted,house_ptr_structure+v8_1,False,False,False,10/30/2025,False,,valid_range
20033446,Hon. Lisa McClain,Member,MI09,20033446.pdf,2025,238,SP,Ingredion Incorporated Common Stock,Ingredion Incorporated Common Stock,INGR,INGR,ST,S,2025-10-14,2025-11-01,1001.0,15000.0,,"$1,001 - $15,000",valid_range,New,Charles Schwab Brokerage Account 924,,,,27,27,table,False,False,,False,0,False,True,100,True,20,False,https://disclosures-clerk.house.gov/public_disc/ptr-pdfs/2025/20033446.pdf,,,SP,Ingredion Incorporated Common Stock (INGR) [ST],Ingredion Incorporated Common Stock (INGR) [ST],S,10/14/2025,11/01/2025,"$1,001 - $15,000",Filing Status: New Subholding Of: Charles Schwab Brokerage Account 924,"SP Ingredion Incorporated Common Stock (INGR) [ST] S 10/14/2025 11/01/2025 $1,001 - $15,000 Filing Status: New Subholding Of: Charles Schwab Brokerage Account 924",,,False,100,INGR,accepted,house_ptr_structure+v8_1,False,False,False,10/14/2025,False,,valid_range
20033446,Hon. Lisa McClain,Member,MI09,20033446.pdf,2025,239,SP,"Interactive Brokers Group, Inc. - Class A Common Stock","Interactive Brokers Group, Inc. - Class A Common Stock",IBKR,IBKR,ST,S,2025-10-14,2025-11-01,1001.0,15000.0,,"$1,001 - $15,000",valid_range,New,Charles Schwab Brokerage Account 924,,,,27,27,table,False,False,,False,0,False,False,100,True,20,False,https://disclosures-clerk.house.gov/public_disc/ptr-pdfs/2025/20033446.pdf,,,SP,"Interactive Brokers Group, Inc. - Class A Common Stock (IBKR) [ST] Filing Status: New Subholding Of: Charles Schwab Brokera","Interactive Brokers Group, Inc. - Class A Common Stock (IBKR) [ST]",S age Account 924,10/14/2025,11/01/2025,"$1,001 - $15,000",,"SP Interactive Brokers Group, Inc. - Class A Common Stock (IBKR) [ST] S 10/14/2025 11/01/2025 $1,001 - $15,000 Filing Status: New Subholding Of: Charles Schwab Brokerage Account 924",,,False,100,IBKR,accepted,house_ptr_structure+v8_1,False,False,False,10/14/2025,False,,valid_range
20033446,Hon. Lisa McClain,Member,MI09,20033446.pdf,2025,240,SP,ITT Inc. Common Stock,ITT Inc. Common Stock,ITT,ITT,ST,S,2025-10-30,2025-11-01,1001.0,15000.0,,"$1,001 - $15,000",valid_range,New,Charles Schwab Brokerage Account 924,,,,27,27,table,False,False,,False,0,False,True,100,True,20,False,https://disclosures-clerk.house.gov/public_disc/ptr-pdfs/2025/20033446.pdf,,,SP,ITT Inc. Common Stock (ITT) [ST],ITT Inc. Common Stock (ITT) [ST],S,10/30/2025,11/01/2025,"$1,001 - $15,000",Filing Status: New Subholding Of: Charles Schwab Brokerage Account 924,"SP ITT Inc. Common Stock (ITT) [ST] S 10/30/2025 11/01/2025 $1,001 - $15,000 Filing Status: New Subholding Of: Charles Schwab Brokerage Account 924",,,False,100,ITT,accepted,house_ptr_structure+v8_1,False,False,False,10/30/2025,False,,valid_range
20033446,Hon. Lisa McClain,Member,MI09,20033446.pdf,2025,241,SP,ITT Inc. Common Stock,ITT Inc. Common Stock,ITT,ITT,ST,P,2025-10-30,2025-11-01,1001.0,15000.0,,"$1,001 - $15,000",valid_range,New,Charles Schwab 401K > Schwab 893,,,,27,27,table,False,False,,False,0,False,False,100,True,20,False,https://disclosures-clerk.house.gov/public_disc/ptr-pdfs/2025/20033446.pdf,,,SP,ITT Inc. Common Stock (ITT) [ST] Filing Status: New Subholding Of: Charles Schwab 401K >,ITT Inc. Common Stock (ITT) [ST],P Schwab 893,10/30/2025,11/01/2025,"$1,001 - $15,000",,"SP ITT Inc. Common Stock (ITT) [ST] P 10/30/2025 11/01/2025 $1,001 - $15,000 Filing Status: New Subholding Of: Charles Schwab 401K > Schwab 893",,,False,100,ITT,accepted,house_ptr_structure+v8_1,False,False,False,10/30/2025,False,,valid_range
20033446,Hon. Lisa McClain,Member,MI09,20033446.pdf,2025,242,SP,ITT Inc. Common Stock,ITT Inc. Common Stock,ITT,ITT,ST,S,2025-10-31,2025-11-01,1001.0,15000.0,,"$1,001 - $15,000",valid_range,New,Charles Schwab 401K > Schwab 893,,,,27,27,table,False,False,,False,0,False,True,100,True,20,False,https://disclosures-clerk.house.gov/public_disc/ptr-pdfs/2025/20033446.pdf,,,SP,ITT Inc. Common Stock (ITT) [ST],ITT Inc. Common Stock (ITT) [ST],S,10/31/2025,11/01/2025,"$1,001 - $15,000",Filing Status: New Subholding Of: Charles Schwab 401K > Schwab 893,"SP ITT Inc. Common Stock (ITT) [ST] S 10/31/2025 11/01/2025 $1,001 - $15,000 Filing Status: New Subholding Of: Charles Schwab 401K > Schwab 893",,,False,100,ITT,accepted,house_ptr_structure+v8_1,False,False,False,10/31/2025,False,,valid_range
20033446,Hon. Lisa McClain,Member,MI09,20033446.pdf,2025,243,SP,"JD.com, Inc. - American Depositary Shares","JD.com, Inc. - American Depositary Shares",JD,JD,ST,S,2025-10-31,2025-11-01,1001.0,15000.0,,"$1,001 - $15,000",valid_range,New,Charles Schwab 401K > Schwab 893,,,,28,28,table,False,False,,False,0,False,False,100,True,20,False,https://disclosures-clerk.house.gov/public_disc/ptr-pdfs/2025/20033446.pdf,,,SP,"JD.com, Inc. - American Depositary Shares (JD) [ST] Filing Status: New Subholding Of: Charles Schwab 401K >","JD.com, Inc. - American Depositary Shares (JD) [ST]",S Schwab 893,10/31/2025,11/01/2025,"$1,001 - $15,000",,"SP JD.com, Inc. - American Depositary Shares (JD) [ST] S 10/31/2025 11/01/2025 $1,001 - $15,000 Filing Status: New Subholding Of: Charles Schwab 401K > Schwab 893",,,False,100,JD,accepted,house_ptr_structure+v8_1,False,False,False,10/31/2025,False,,valid_range
20033446,Hon. Lisa McClain,Member,MI09,20033446.pdf,2025,244,SP,"JD.com, Inc. - American Depositary Shares","JD.com, Inc. - American Depositary Shares",JD,JD,ST,P,2025-10-30,2025-11-01,1001.0,15000.0,,"$1,001 - $15,000",valid_range,New,Charles Schwab 401K > Schwab 893,,,,28,28,table,False,False,,False,0,False,True,100,True,20,False,https://disclosures-clerk.house.gov/public_disc/ptr-pdfs/2025/20033446.pdf,,,SP,"JD.com, Inc. - American Depositary Shares (JD) [ST]","JD.com, Inc. - American Depositary Shares (JD) [ST]",P,10/30/2025,11/01/2025,"$1,001 - $15,000",Filing Status: New Subholding Of: Charles Schwab 401K > Schwab 893,"SP JD.com, Inc. - American Depositary Shares (JD) [ST] P 10/30/2025 11/01/2025 $1,001 - $15,000 Filing Status: New Subholding Of: Charles Schwab 401K > Schwab 893",,,False,100,JD,accepted,house_ptr_structure+v8_1,False,False,False,10/30/2025,False,,valid_range
20033446,Hon. Lisa McClain,Member,MI09,20033446.pdf,2025,245,SP,"JD.com, Inc. - American Depositary Shares","JD.com, Inc. - American Depositary Shares",JD,JD,ST,S,2025-10-30,2025-11-01,1001.0,15000.0,,"$1,001 - $15,000",valid_range,New,Charles Schwab Brokerage Account 924,,,,28,28,table,False,False,,False,0,False,False,100,True,20,False,https://disclosures-clerk.house.gov/public_disc/ptr-pdfs/2025/20033446.pdf,,,SP,"JD.com, Inc. - American Depositary Shares (JD) [ST] Filing Status: New Subholding Of: Charles Schwab Brokera","JD.com, Inc. - American Depositary Shares (JD) [ST]",S age Account 924,10/30/2025,11/01/2025,"$1,001 - $15,000",,"SP JD.com, Inc. - American Depositary Shares (JD) [ST] S 10/30/2025 11/01/2025 $1,001 - $15,000 Filing Status: New Subholding Of: Charles Schwab Brokerage Account 924",,,False,100,JD,accepted,house_ptr_structure+v8_1,False,False,False,10/30/2025,False,,valid_range
20033446,Hon. Lisa McClain,Member,MI09,20033446.pdf,2025,246,SP,Johnson & Johnson Common Stock,Johnson & Johnson Common Stock,JNJ,JNJ,ST,S,2025-10-30,2025-11-01,1001.0,15000.0,,"$1,001 - $15,000",valid_range,New,Charles Schwab Brokerage Account 924,,,,28,28,table,False,False,,False,0,False,True,100,True,20,False,https://disclosures-clerk.house.gov/public_disc/ptr-pdfs/2025/20033446.pdf,,,SP,Johnson & Johnson Common Stock (JNJ) [ST],Johnson & Johnson Common Stock (JNJ) [ST],S,10/30/2025,11/01/2025,"$1,001 - $15,000",Filing Status: New Subholding Of: Charles Schwab Brokerage Account 924,"SP Johnson & Johnson Common Stock (JNJ) [ST] S 10/30/2025 11/01/2025 $1,001 - $15,000 Filing Status: New Subholding Of: Charles Schwab Brokerage Account 924",,,False,100,JNJ,accepted,house_ptr_structure+v8_1,False,False,False,10/30/2025,False,,valid_range
20033446,Hon. Lisa McClain,Member,MI09,20033446.pdf,2025,247,SP,Johnson & Johnson Common Stock,Johnson & Johnson Common Stock,JNJ,JNJ,ST,P,2025-10-30,2025-11-01,1001.0,15000.0,,"$1,001 - $15,000",valid_range,New,Charles Schwab 401K > Schwab 893,,,,28,28,table,False,False,,False,0,False,False,100,True,20,False,https://disclosures-clerk.house.gov/public_disc/ptr-pdfs/2025/20033446.pdf,,,SP,Johnson & Johnson Common Stock (JNJ) [ST] Filing Status: New Subholding Of: Charles Schwab 401K >,Johnson & Johnson Common Stock (JNJ) [ST],P Schwab 893,10/30/2025,11/01/2025,"$1,001 - $15,000",,"SP Johnson & Johnson Common Stock (JNJ) [ST] P 10/30/2025 11/01/2025 $1,001 - $15,000 Filing Status: New Subholding Of: Charles Schwab 401K > Schwab 893",,,False,100,JNJ,accepted,house_ptr_structure+v8_1,False,False,False,10/30/2025,False,,valid_range
20033446,Hon. Lisa McClain,Member,MI09,20033446.pdf,2025,248,SP,Johnson & Johnson Common Stock,Johnson & Johnson Common Stock,JNJ,JNJ,ST,S,2025-10-31,2025-11-01,1001.0,15000.0,,"$1,001 - $15,000",valid_range,New,Charles Schwab 401K > Schwab 893,,,,28,28,table,False,False,,False,0,False,True,100,True,20,False,https://disclosures-clerk.house.gov/public_disc/ptr-pdfs/2025/20033446.pdf,,,SP,Johnson & Johnson Common Stock (JNJ) [ST],Johnson & Johnson Common Stock (JNJ) [ST],S,10/31/2025,11/01/2025,"$1,001 - $15,000",Filing Status: New Subholding Of: Charles Schwab 401K > Schwab 893,"SP Johnson & Johnson Common Stock (JNJ) [ST] S 10/31/2025 11/01/2025 $1,001 - $15,000 Filing Status: New Subholding Of: Charles Schwab 401K > Schwab 893",,,False,100,JNJ,accepted,house_ptr_structure+v8_1,False,False,False,10/31/2025,False,,valid_range
20033446,Hon. Lisa McClain,Member,MI09,20033446.pdf,2025,249,SP,JP Morgan Chase & Co. Common Stock,JP Morgan Chase & Co. Common Stock,JPM,JPM,ST,S,2025-10-31,2025-11-01,1001.0,15000.0,,"$1,001 - $15,000",valid_range,New,Charles Schwab 401K > Schwab 893,,,,28,28,table,False,False,,False,0,False,False,100,True,20,False,https://disclosures-clerk.house.gov/public_disc/ptr-pdfs/2025/20033446.pdf,,,SP,JP Morgan Chase & Co. Common Stock (JPM) [ST] Filing Status: New Subholding Of: Charles Schwab 401K >,JP Morgan Chase & Co. Common Stock (JPM) [ST],S Schwab 893,10/31/2025,11/01/2025,"$1,001 - $15,000",,"SP JP Morgan Chase & Co. Common Stock (JPM) [ST] S 10/31/2025 11/01/2025 $1,001 - $15,000 Filing Status: New Subholding Of: Charles Schwab 401K > Schwab 893",,,False,100,JPM,accepted,house_ptr_structure+v8_1,False,False,False,10/31/2025,False,,valid_range
20033446,Hon. Lisa McClain,Member,MI09,20033446.pdf,2025,250,SP,JP Morgan Chase & Co. Common Stock,JP Morgan Chase & Co. Common Stock,JPM,JPM,ST,P,2025-10-30,2025-11-01,1001.0,15000.0,,"$1,001 - $15,000",valid_range,New,Charles Schwab 401K > Schwab 893,,,,28,28,table,False,False,,False,0,False,True,100,True,20,False,https://disclosures-clerk.house.gov/public_disc/ptr-pdfs/2025/20033446.pdf,,,SP,JP Morgan Chase & Co. Common Stock (JPM) [ST],JP Morgan Chase & Co. Common Stock (JPM) [ST],P,10/30/2025,11/01/2025,"$1,001 - $15,000",Filing Status: New Subholding Of: Charles Schwab 401K > Schwab 893,"SP JP Morgan Chase & Co. Common Stock (JPM) [ST] P 10/30/2025 11/01/2025 $1,001 - $15,000 Filing Status: New Subholding Of: Charles Schwab 401K > Schwab 893",,,False,100,JPM,accepted,house_ptr_structure+v8_1,False,False,False,10/30/2025,False,,valid_range
20033446,Hon. Lisa McClain,Member,MI09,20033446.pdf,2025,251,SP,JP Morgan Chase & Co. Common Stock,JP Morgan Chase & Co. Common Stock,JPM,JPM,ST,S,2025-10-30,2025-11-01,1001.0,15000.0,,"$1,001 - $15,000",valid_range,New,Charles Schwab Brokerage Account 924,,,,28,28,table,False,False,,False,0,False,False,100,True,20,False,https://disclosures-clerk.house.gov/public_disc/ptr-pdfs/2025/20033446.pdf,,,SP,JP Morgan Chase & Co. Common Stock (JPM) [ST] Filing Status: New Subholding Of: Charles Schwab Brokera,JP Morgan Chase & Co. Common Stock (JPM) [ST],S age Account 924,10/30/2025,11/01/2025,"$1,001 - $15,000",,"SP JP Morgan Chase & Co. Common Stock (JPM) [ST] S 10/30/2025 11/01/2025 $1,001 - $15,000 Filing Status: New Subholding Of: Charles Schwab Brokerage Account 924",,,False,100,JPM,accepted,house_ptr_structure+v8_1,False,False,False,10/30/2025,False,,valid_range
20033446,Hon. Lisa McClain,Member,MI09,20033446.pdf,2025,252,SP,Kenvue Inc. Common Stock,Kenvue Inc. Common Stock,KVUE,KVUE,ST,S,2025-10-30,2025-11-01,1001.0,15000.0,,"$1,001 - $15,000",valid_range,New,Charles Schwab Brokerage Account 924,,,,29,29,table,False,False,,False,0,False,True,100,True,20,False,https://disclosures-clerk.house.gov/public_disc/ptr-pdfs/2025/20033446.pdf,,,SP,Kenvue Inc. Common Stock (KVUE) [ST],Kenvue Inc. Common Stock (KVUE) [ST],S,10/30/2025,11/01/2025,"$1,001 - $15,000",Filing Status: New Subholding Of: Charles Schwab Brokerage Account 924,"SP Kenvue Inc. Common Stock (KVUE) [ST] S 10/30/2025 11/01/2025 $1,001 - $15,000 Filing Status: New Subholding Of: Charles Schwab Brokerage Account 924",,,False,100,KVUE,accepted,house_ptr_structure+v8_1,False,False,False,10/30/2025,False,,valid_range
20033446,Hon. Lisa McClain,Member,MI09,20033446.pdf,2025,253,SP,Kenvue Inc. Common Stock,Kenvue Inc. Common Stock,KVUE,KVUE,ST,P,2025-10-30,2025-11-01,1001.0,15000.0,,"$1,001 - $15,000",valid_range,New,Charles Schwab 401K > Schwab 893,,,,29,29,table,False,False,,False,0,False,False,100,True,20,False,https://disclosures-clerk.house.gov/public_disc/ptr-pdfs/2025/20033446.pdf,,,SP,Kenvue Inc. Common Stock (KVUE) [ST] Filing Status: New Subholding Of: Charles Schwab 401K >,Kenvue Inc. Common Stock (KVUE) [ST],P Schwab 893,10/30/2025,11/01/2025,"$1,001 - $15,000",,"SP Kenvue Inc. Common Stock (KVUE) [ST] P 10/30/2025 11/01/2025 $1,001 - $15,000 Filing Status: New Subholding Of: Charles Schwab 401K > Schwab 893",,,False,100,KVUE,accepted,house_ptr_structure+v8_1,False,False,False,10/30/2025,False,,valid_range
20033446,Hon. Lisa McClain,Member,MI09,20033446.pdf,2025,254,SP,Kenvue Inc. Common Stock,Kenvue Inc. Common Stock,KVUE,KVUE,ST,S,2025-10-31,2025-11-01,1001.0,15000.0,,"$1,001 - $15,000",valid_range,New,Charles Schwab 401K > Schwab 893,,,,29,29,table,False,False,,False,0,False,True,100,True,20,False,https://disclosures-clerk.house.gov/public_disc/ptr-pdfs/2025/20033446.pdf,,,SP,Kenvue Inc. Common Stock (KVUE) [ST],Kenvue Inc. Common Stock (KVUE) [ST],S,10/31/2025,11/01/2025,"$1,001 - $15,000",Filing Status: New Subholding Of: Charles Schwab 401K > Schwab 893,"SP Kenvue Inc. Common Stock (KVUE) [ST] S 10/31/2025 11/01/2025 $1,001 - $15,000 Filing Status: New Subholding Of: Charles Schwab 401K > Schwab 893",,,False,100,KVUE,accepted,house_ptr_structure+v8_1,False,False,False,10/31/2025,False,,valid_range
20033446,Hon. Lisa McClain,Member,MI09,20033446.pdf,2025,255,SP,Kite Realty Group Trust Common Stock,Kite Realty Group Trust Common Stock,KRG,KRG,ST,S,2025-10-31,2025-11-01,1001.0,15000.0,,"$1,001 - $15,000",valid_range,New,Charles Schwab 401K > Schwab 893,,,,29,29,table,False,False,,False,0,False,False,100,True,20,False,https://disclosures-clerk.house.gov/public_disc/ptr-pdfs/2025/20033446.pdf,,,SP,Kite Realty Group Trust Common Stock (KRG) [ST] Filing Status: New Subholding Of: Charles Schwab 401K >,Kite Realty Group Trust Common Stock (KRG) [ST],S Schwab 893,10/31/2025,11/01/2025,"$1,001 - $15,000",,"SP Kite Realty Group Trust Common Stock (KRG) [ST] S 10/31/2025 11/01/2025 $1,001 - $15,000 Filing Status: New Subholding Of: Charles Schwab 401K > Schwab 893",,,False,100,KRG,accepted,house_ptr_structure+v8_1,False,False,False,10/31/2025,False,,valid_range
20033446,Hon. Lisa McClain,Member,MI09,20033446.pdf,2025,256,SP,Kite Realty Group Trust Common Stock,Kite Realty Group Trust Common Stock,KRG,KRG,ST,P,2025-10-30,2025-11-01,1001.0,15000.0,,"$1,001 - $15,000",valid_range,New,Charles Schwab 401K > Schwab 893,,,,29,29,table,False,False,,False,0,False,True,100,True,20,False,https://disclosures-clerk.house.gov/public_disc/ptr-pdfs/2025/20033446.pdf,,,SP,Kite Realty Group Trust Common Stock (KRG) [ST],Kite Realty Group Trust Common Stock (KRG) [ST],P,10/30/2025,11/01/2025,"$1,001 - $15,000",Filing Status: New Subholding Of: Charles Schwab 401K > Schwab 893,"SP Kite Realty Group Trust Common Stock (KRG) [ST] P 10/30/2025 11/01/2025 $1,001 - $15,000 Filing Status: New Subholding Of: Charles Schwab 401K > Schwab 893",,,False,100,KRG,accepted,house_ptr_structure+v8_1,False,False,False,10/30/2025,False,,valid_range
20033446,Hon. Lisa McClain,Member,MI09,20033446.pdf,2025,257,SP,Kite Realty Group Trust Common Stock,Kite Realty Group Trust Common Stock,KRG,KRG,ST,S,2025-10-30,2025-11-01,1001.0,15000.0,,"$1,001 - $15,000",valid_range,New,Charles Schwab Brokerage Account 924,,,,29,29,table,False,False,,False,0,False,False,100,True,20,False,https://disclosures-clerk.house.gov/public_disc/ptr-pdfs/2025/20033446.pdf,,,SP,Kite Realty Group Trust Common Stock (KRG) [ST] Filing Status: New Subholding Of: Charles Schwab Brokera,Kite Realty Group Trust Common Stock (KRG) [ST],S age Account 924,10/30/2025,11/01/2025,"$1,001 - $15,000",,"SP Kite Realty Group Trust Common Stock (KRG) [ST] S 10/30/2025 11/01/2025 $1,001 - $15,000 Filing Status: New Subholding Of: Charles Schwab Brokerage Account 924",,,False,100,KRG,accepted,house_ptr_structure+v8_1,False,False,False,10/30/2025,False,,valid_range
20033446,Hon. Lisa McClain,Member,MI09,20033446.pdf,2025,258,SP,Lloyds Banking Group Plc American Depositary Shares,Lloyds Banking Group Plc American Depositary Shares,LYG,LYG,ST,S,2025-10-14,2025-11-01,1001.0,15000.0,,"$1,001 - $15,000",valid_range,New,Charles Schwab Brokerage Account 924,,,,29,29,table,False,False,,False,0,False,True,100,True,20,False,https://disclosures-clerk.house.gov/public_disc/ptr-pdfs/2025/20033446.pdf,,,SP,Lloyds Banking Group Plc American Depositary Shares (LYG) [ST],Lloyds Banking Group Plc American Depositary Shares (LYG) [ST],S,10/14/2025,11/01/2025,"$1,001 - $15,000",Filing Status: New Subholding Of: Charles Schwab Brokerage Account 924,"SP Lloyds Banking Group Plc American Depositary Shares (LYG) [ST] S 10/14/2025 11/01/2025 $1,001 - $15,000 Filing Status: New Subholding Of: Charles Schwab Brokerage Account 924",,,False,100,LYG,accepted,house_ptr_structure+v8_1,False,False,False,10/14/2025,False,,valid_range
20033446,Hon. Lisa McClain,Member,MI09,20033446.pdf,2025,259,SP,Loews Corporation Common Stock,Loews Corporation Common Stock,L,L,ST,S,2025-10-30,2025-11-01,1001.0,15000.0,,"$1,001 - $15,000",valid_range,New,Charles Schwab Brokerage Account 924,,,,29,29,table,False,False,,False,0,False,False,100,True,20,False,https://disclosures-clerk.house.gov/public_disc/ptr-pdfs/2025/20033446.pdf,,,SP,Loews Corporation Common Stock (L) [ST] Filing Status: New Subholding Of: Charles Schwab Brokera,Loews Corporation Common Stock (L) [ST],S age Account 924,10/30/2025,11/01/2025,"$1,001 - $15,000",,"SP Loews Corporation Common Stock (L) [ST] S 10/30/2025 11/01/2025 $1,001 - $15,000 Filing Status: New Subholding Of: Charles Schwab Brokerage Account 924",,,False,100,L,accepted,house_ptr_structure+v8_1,False,False,False,10/30/2025,False,,valid_range
20033446,Hon. Lisa McClain,Member,MI09,20033446.pdf,2025,260,SP,Loews Corporation Common Stock,Loews Corporation Common Stock,L,L,ST,P,2025-10-30,2025-11-01,1001.0,15000.0,,"$1,001 - $15,000",valid_range,New,Charles Schwab 401K > Schwab 893,,,,29,29,table,False,False,,False,0,False,True,100,True,20,False,https://disclosures-clerk.house.gov/public_disc/ptr-pdfs/2025/20033446.pdf,,,SP,Loews Corporation Common Stock (L) [ST],Loews Corporation Common Stock (L) [ST],P,10/30/2025,11/01/2025,"$1,001 - $15,000",Filing Status: New Subholding Of: Charles Schwab 401K > Schwab 893,"SP Loews Corporation Common Stock (L) [ST] P 10/30/2025 11/01/2025 $1,001 - $15,000 Filing Status: New Subholding Of: Charles Schwab 401K > Schwab 893",,,False,100,L,accepted,house_ptr_structure+v8_1,False,False,False,10/30/2025,False,,valid_range
20033446,Hon. Lisa McClain,Member,MI09,20033446.pdf,2025,261,SP,Loews Corporation Common Stock,Loews Corporation Common Stock,L,L,ST,S,2025-10-31,2025-11-01,1001.0,15000.0,,"$1,001 - $15,000",valid_range,New,Charles Schwab 401K > Schwab 893,,,,30,30,table,False,False,,False,0,False,False,100,True,20,False,https://disclosures-clerk.house.gov/public_disc/ptr-pdfs/2025/20033446.pdf,,,SP,Loews Corporation Common Stock (L) [ST] Filing Status: New Subholding Of: Charles Schwab 401K >,Loews Corporation Common Stock (L) [ST],S Schwab 893,10/31/2025,11/01/2025,"$1,001 - $15,000",,"SP Loews Corporation Common Stock (L) [ST] S 10/31/2025 11/01/2025 $1,001 - $15,000 Filing Status: New Subholding Of: Charles Schwab 401K > Schwab 893",,,False,100,L,accepted,house_ptr_structure+v8_1,False,False,False,10/31/2025,False,,valid_range
20033446,Hon. Lisa McClain,Member,MI09,20033446.pdf,2025,262,SP,Louisiana-Pacific Corporation Common Stock,Louisiana-Pacific Corporation Common Stock,LPX,LPX,ST,S,2025-10-31,2025-11-01,1001.0,15000.0,,"$1,001 - $15,000",valid_range,New,Charles Schwab 401K > Schwab 893,,,,30,30,table,False,False,,False,0,False,True,100,True,20,False,https://disclosures-clerk.house.gov/public_disc/ptr-pdfs/2025/20033446.pdf,,,SP,Louisiana-Pacific Corporation Common Stock (LPX) [ST],Louisiana-Pacific Corporation Common Stock (LPX) [ST],S,10/31/2025,11/01/2025,"$1,001 - $15,000",Filing Status: New Subholding Of: Charles Schwab 401K > Schwab 893,"SP Louisiana-Pacific Corporation Common Stock (LPX) [ST] S 10/31/2025 11/01/2025 $1,001 - $15,000 Filing Status: New Subholding Of: Charles Schwab 401K > Schwab 893",,,False,100,LPX,accepted,house_ptr_structure+v8_1,False,False,False,10/31/2025,False,,valid_range
20033446,Hon. Lisa McClain,Member,MI09,20033446.pdf,2025,263,SP,Louisiana-Pacific Corporation Common Stock,Louisiana-Pacific Corporation Common Stock,LPX,LPX,ST,P,2025-10-30,2025-11-01,1001.0,15000.0,,"$1,001 - $15,000",valid_range,New,Charles Schwab 401K > Schwab 893,,,,30,30,table,False,False,,False,0,False,False,100,True,20,False,https://disclosures-clerk.house.gov/public_disc/ptr-pdfs/2025/20033446.pdf,,,SP,Louisiana-Pacific Corporation Common Stock (LPX) [ST] Filing Status: New Subholding Of: Charles Schwab 401K >,Louisiana-Pacific Corporation Common Stock (LPX) [ST],P Schwab 893,10/30/2025,11/01/2025,"$1,001 - $15,000",,"SP Louisiana-Pacific Corporation Common Stock (LPX) [ST] P 10/30/2025 11/01/2025 $1,001 - $15,000 Filing Status: New Subholding Of: Charles Schwab 401K > Schwab 893",,,False,100,LPX,accepted,house_ptr_structure+v8_1,False,False,False,10/30/2025,False,,valid_range
20033446,Hon. Lisa McClain,Member,MI09,20033446.pdf,2025,264,SP,Louisiana-Pacific Corporation Common Stock,Louisiana-Pacific Corporation Common Stock,LPX,LPX,ST,S,2025-10-30,2025-11-01,1001.0,15000.0,,"$1,001 - $15,000",valid_range,New,Charles Schwab Brokerage Account 924,,,,30,30,table,False,False,,False,0,False,True,100,True,20,False,https://disclosures-clerk.house.gov/public_disc/ptr-pdfs/2025/20033446.pdf,,,SP,Louisiana-Pacific Corporation Common Stock (LPX) [ST],Louisiana-Pacific Corporation Common Stock (LPX) [ST],S,10/30/2025,11/01/2025,"$1,001 - $15,000",Filing Status: New Subholding Of: Charles Schwab Brokerage Account 924,"SP Louisiana-Pacific Corporation Common Stock (LPX) [ST] S 10/30/2025 11/01/2025 $1,001 - $15,000 Filing Status: New Subholding Of: Charles Schwab Brokerage Account 924",,,False,100,LPX,accepted,house_ptr_structure+v8_1,False,False,False,10/30/2025,False,,valid_range
20033446,Hon. Lisa McClain,Member,MI09,20033446.pdf,2025,265,SP,Magnolia Oil & Gas Corporation Class A Common Stock,Magnolia Oil & Gas Corporation Class A Common Stock,MGY,MGY,ST,S,2025-10-30,2025-11-01,1001.0,15000.0,,"$1,001 - $15,000",valid_range,New,Charles Schwab Brokerage Account 924,,,,30,30,table,False,False,,False,0,False,False,100,True,20,False,https://disclosures-clerk.house.gov/public_disc/ptr-pdfs/2025/20033446.pdf,,,SP,Magnolia Oil & Gas Corporation Class A Common Stock (MGY) [ST] Filing Status: New Subholding Of: Charles Schwab Brokera,Magnolia Oil & Gas Corporation Class A Common Stock (MGY) [ST],S age Account 924,10/30/2025,11/01/2025,"$1,001 - $15,000",,"SP Magnolia Oil & Gas Corporation Class A Common Stock (MGY) [ST] S 10/30/2025 11/01/2025 $1,001 - $15,000 Filing Status: New Subholding Of: Charles Schwab Brokerage Account 924",,,False,100,MGY,accepted,house_ptr_structure+v8_1,False,False,False,10/30/2025,False,,valid_range
20033446,Hon. Lisa McClain,Member,MI09,20033446.pdf,2025,266,SP,Magnolia Oil & Gas Corporation Class A Common Stock,Magnolia Oil & Gas Corporation Class A Common Stock,MGY,MGY,ST,P,2025-10-30,2025-11-01,1001.0,15000.0,,"$1,001 - $15,000",valid_range,New,Charles Schwab 401K > Schwab 893,,,,30,30,table,False,False,,False,0,False,True,100,True,20,False,https://disclosures-clerk.house.gov/public_disc/ptr-pdfs/2025/20033446.pdf,,,SP,Magnolia Oil & Gas Corporation Class A Common Stock (MGY) [ST],Magnolia Oil & Gas Corporation Class A Common Stock (MGY) [ST],P,10/30/2025,11/01/2025,"$1,001 - $15,000",Filing Status: New Subholding Of: Charles Schwab 401K > Schwab 893,"SP Magnolia Oil & Gas Corporation Class A Common Stock (MGY) [ST] P 10/30/2025 11/01/2025 $1,001 - $15,000 Filing Status: New Subholding Of: Charles Schwab 401K > Schwab 893",,,False,100,MGY,accepted,house_ptr_structure+v8_1,False,False,False,10/30/2025,False,,valid_range
20033446,Hon. Lisa McClain,Member,MI09,20033446.pdf,2025,267,SP,Magnolia Oil & Gas Corporation Class A Common Stock,Magnolia Oil & Gas Corporation Class A Common Stock,MGY,MGY,ST,S,2025-10-31,2025-11-01,1001.0,15000.0,,"$1,001 - $15,000",valid_range,New,Charles Schwab 401K > Schwab 893,,,,30,30,table,False,False,,False,0,False,False,100,True,20,False,https://disclosures-clerk.house.gov/public_disc/ptr-pdfs/2025/20033446.pdf,,,SP,Magnolia Oil & Gas Corporation Class A Common Stock (MGY) [ST] Filing Status: New Subholding Of: Charles Schwab 401K >,Magnolia Oil & Gas Corporation Class A Common Stock (MGY) [ST],S Schwab 893,10/31/2025,11/01/2025,"$1,001 - $15,000",,"SP Magnolia Oil & Gas Corporation Class A Common Stock (MGY) [ST] S 10/31/2025 11/01/2025 $1,001 - $15,000 Filing Status: New Subholding Of: Charles Schwab 401K > Schwab 893",,,False,100,MGY,accepted,house_ptr_structure+v8_1,False,False,False,10/31/2025,False,,valid_range
20033446,Hon. Lisa McClain,Member,MI09,20033446.pdf,2025,268,SP,"MasTec, Inc. Common Stock","MasTec, Inc. Common Stock",MTZ,MTZ,ST,S,2025-10-31,2025-11-01,1001.0,15000.0,,"$1,001 - $15,000",valid_range,New,Charles Schwab 401K > Schwab 893,,,,30,30,table,False,False,,False,0,False,True,100,True,20,False,https://disclosures-clerk.house.gov/public_disc/ptr-pdfs/2025/20033446.pdf,,,SP,"MasTec, Inc. Common Stock (MTZ) [ST]","MasTec, Inc. Common Stock (MTZ) [ST]",S,10/31/2025,11/01/2025,"$1,001 - $15,000",Filing Status: New Subholding Of: Charles Schwab 401K > Schwab 893,"SP MasTec, Inc. Common Stock (MTZ) [ST] S 10/31/2025 11/01/2025 $1,001 - $15,000 Filing Status: New Subholding Of: Charles Schwab 401K > Schwab 893",,,False,100,MTZ,accepted,house_ptr_structure+v8_1,False,False,False,10/31/2025,False,,valid_range
20033446,Hon. Lisa McClain,Member,MI09,20033446.pdf,2025,269,SP,"MasTec, Inc. Common Stock","MasTec, Inc. Common Stock",MTZ,MTZ,ST,P,2025-10-30,2025-11-01,1001.0,15000.0,,"$1,001 - $15,000",valid_range,New,Charles Schwab 401K > Schwab 893,,,,30,30,table,False,False,,False,0,False,False,100,True,20,False,https://disclosures-clerk.house.gov/public_disc/ptr-pdfs/2025/20033446.pdf,,,SP,"MasTec, Inc. Common Stock (MTZ) [ST] Filing Status: New Subholding Of: Charles Schwab 401K >","MasTec, Inc. Common Stock (MTZ) [ST]",P Schwab 893,10/30/2025,11/01/2025,"$1,001 - $15,000",,"SP MasTec, Inc. Common Stock (MTZ) [ST] P 10/30/2025 11/01/2025 $1,001 - $15,000 Filing Status: New Subholding Of: Charles Schwab 401K > Schwab 893",,,False,100,MTZ,accepted,house_ptr_structure+v8_1,False,False,False,10/30/2025,False,,valid_range
20033446,Hon. Lisa McClain,Member,MI09,20033446.pdf,2025,270,SP,"MasTec, Inc. Common Stock","MasTec, Inc. Common Stock",MTZ,MTZ,ST,S,2025-10-30,2025-11-01,1001.0,15000.0,,"$1,001 - $15,000",valid_range,New,Charles Schwab Brokerage Account 924,,,,31,31,table,False,False,,False,0,False,True,100,True,20,False,https://disclosures-clerk.house.gov/public_disc/ptr-pdfs/2025/20033446.pdf,,,SP,"MasTec, Inc. Common Stock (MTZ) [ST]","MasTec, Inc. Common Stock (MTZ) [ST]",S,10/30/2025,11/01/2025,"$1,001 - $15,000",Filing Status: New Subholding Of: Charles Schwab Brokerage Account 924,"SP MasTec, Inc. Common Stock (MTZ) [ST] S 10/30/2025 11/01/2025 $1,001 - $15,000 Filing Status: New Subholding Of: Charles Schwab Brokerage Account 924",,,False,100,MTZ,accepted,house_ptr_structure+v8_1,False,False,False,10/30/2025,False,,valid_range
20033446,Hon. Lisa McClain,Member,MI09,20033446.pdf,2025,271,SP,McDonald's Corporation Common Stock,McDonald's Corporation Common Stock,MCD,MCD,ST,S,2025-10-30,2025-11-01,1001.0,15000.0,,"$1,001 - $15,000",valid_range,New,Charles Schwab Brokerage Account 924,,,,31,31,table,False,False,,False,0,False,False,100,True,20,False,https://disclosures-clerk.house.gov/public_disc/ptr-pdfs/2025/20033446.pdf,,,SP,McDonald's Corporation Common Stock (MCD) [ST] Filing Status: New Subholding Of: Charles Schwab Brokera,McDonald's Corporation Common Stock (MCD) [ST],S age Account 924,10/30/2025,11/01/2025,"$1,001 - $15,000",,"SP McDonald's Corporation Common Stock (MCD) [ST] S 10/30/2025 11/01/2025 $1,001 - $15,000 Filing Status: New Subholding Of: Charles Schwab Brokerage Account 924",,,False,100,MCD,accepted,house_ptr_structure+v8_1,False,False,False,10/30/2025,False,,valid_range
20033446,Hon. Lisa McClain,Member,MI09,20033446.pdf,2025,272,SP,McDonald's Corporation Common Stock,McDonald's Corporation Common Stock,MCD,MCD,ST,P,2025-10-30,2025-11-01,1001.0,15000.0,,"$1,001 - $15,000",valid_range,New,Charles Schwab 401K > Schwab 893,,,,31,31,table,False,False,,False,0,False,True,100,True,20,False,https://disclosures-clerk.house.gov/public_disc/ptr-pdfs/2025/20033446.pdf,,,SP,McDonald's Corporation Common Stock (MCD) [ST],McDonald's Corporation Common Stock (MCD) [ST],P,10/30/2025,11/01/2025,"$1,001 - $15,000",Filing Status: New Subholding Of: Charles Schwab 401K > Schwab 893,"SP McDonald's Corporation Common Stock (MCD) [ST] P 10/30/2025 11/01/2025 $1,001 - $15,000 Filing Status: New Subholding Of: Charles Schwab 401K > Schwab 893",,,False,100,MCD,accepted,house_ptr_structure+v8_1,False,False,False,10/30/2025,False,,valid_range
20033446,Hon. Lisa McClain,Member,MI09,20033446.pdf,2025,273,SP,McDonald's Corporation Common Stock,McDonald's Corporation Common Stock,MCD,MCD,ST,S,2025-10-31,2025-11-01,1001.0,15000.0,,"$1,001 - $15,000",valid_range,New,Charles Schwab 401K > Schwab 893,,,,31,31,table,False,False,,False,0,False,False,100,True,20,False,https://disclosures-clerk.house.gov/public_disc/ptr-pdfs/2025/20033446.pdf,,,SP,McDonald's Corporation Common Stock (MCD) [ST] Filing Status: New Subholding Of: Charles Schwab 401K >,McDonald's Corporation Common Stock (MCD) [ST],S Schwab 893,10/31/2025,11/01/2025,"$1,001 - $15,000",,"SP McDonald's Corporation Common Stock (MCD) [ST] S 10/31/2025 11/01/2025 $1,001 - $15,000 Filing Status: New Subholding Of: Charles Schwab 401K > Schwab 893",,,False,100,MCD,accepted,house_ptr_structure+v8_1,False,False,False,10/31/2025,False,,valid_range
20033446,Hon. Lisa McClain,Member,MI09,20033446.pdf,2025,274,SP,"Meta Platforms, Inc. - Class A Common Stock","Meta Platforms, Inc. - Class A Common Stock",META,META,ST,S,2025-10-31,2025-11-01,1001.0,15000.0,,"$1,001 - $15,000",valid_range,New,Charles Schwab 401K > Schwab 893,,,,31,31,table,False,False,,False,0,False,True,100,True,20,False,https://disclosures-clerk.house.gov/public_disc/ptr-pdfs/2025/20033446.pdf,,,SP,"Meta Platforms, Inc. - Class A Common Stock (META) [ST]","Meta Platforms, Inc. - Class A Common Stock (META) [ST]",S,10/31/2025,11/01/2025,"$1,001 - $15,000",Filing Status: New Subholding Of: Charles Schwab 401K > Schwab 893,"SP Meta Platforms, Inc. - Class A Common Stock (META) [ST] S 10/31/2025 11/01/2025 $1,001 - $15,000 Filing Status: New Subholding Of: Charles Schwab 401K > Schwab 893",,,False,100,META,accepted,house_ptr_structure+v8_1,False,False,False,10/31/2025,False,,valid_range
20033446,Hon. Lisa McClain,Member,MI09,20033446.pdf,2025,275,SP,"Meta Platforms, Inc. - Class A Common Stock","Meta Platforms, Inc. - Class A Common Stock",META,META,ST,P,2025-10-30,2025-11-01,1001.0,15000.0,,"$1,001 - $15,000",valid_range,New,Charles Schwab 401K > Schwab 893,,,,31,31,table,False,False,,False,0,False,False,100,True,20,False,https://disclosures-clerk.house.gov/public_disc/ptr-pdfs/2025/20033446.pdf,,,SP,"Meta Platforms, Inc. - Class A Common Stock (META) [ST] Filing Status: New Subholding Of: Charles Schwab 401K >","Meta Platforms, Inc. - Class A Common Stock (META) [ST]",P Schwab 893,10/30/2025,11/01/2025,"$1,001 - $15,000",,"SP Meta Platforms, Inc. - Class A Common Stock (META) [ST] P 10/30/2025 11/01/2025 $1,001 - $15,000 Filing Status: New Subholding Of: Charles Schwab 401K > Schwab 893",,,False,100,META,accepted,house_ptr_structure+v8_1,False,False,False,10/30/2025,False,,valid_range
20033446,Hon. Lisa McClain,Member,MI09,20033446.pdf,2025,276,SP,"Meta Platforms, Inc. - Class A Common Stock","Meta Platforms, Inc. - Class A Common Stock",META,META,ST,S,2025-10-30,2025-11-01,1001.0,15000.0,,"$1,001 - $15,000",valid_range,New,Charles Schwab Brokerage Account 924,,,,31,31,table,False,False,,False,0,False,True,100,True,20,False,https://disclosures-clerk.house.gov/public_disc/ptr-pdfs/2025/20033446.pdf,,,SP,"Meta Platforms, Inc. - Class A Common Stock (META) [ST]","Meta Platforms, Inc. - Class A Common Stock (META) [ST]",S,10/30/2025,11/01/2025,"$1,001 - $15,000",Filing Status: New Subholding Of: Charles Schwab Brokerage Account 924,"SP Meta Platforms, Inc. - Class A Common Stock (META) [ST] S 10/30/2025 11/01/2025 $1,001 - $15,000 Filing Status: New Subholding Of: Charles Schwab Brokerage Account 924",,,False,100,META,accepted,house_ptr_structure+v8_1,False,False,False,10/30/2025,False,,valid_range
20033446,Hon. Lisa McClain,Member,MI09,20033446.pdf,2025,277,SP,"Meta Platforms, Inc. - Class A Common Stock","Meta Platforms, Inc. - Class A Common Stock",META,META,ST,S (partial),2025-10-14,2025-11-01,1001.0,15000.0,,"$1,001 - $15,000",valid_range,New,Charles Schwab Brokerage Account 924,,,,31,31,table,False,False,,False,0,False,False,100,True,20,False,https://disclosures-clerk.house.gov/public_disc/ptr-pdfs/2025/20033446.pdf,,,SP,"Meta Platforms, Inc. - Class A Common Stock (META) [ST] Filing Status: New Subholding Of: Charles Schwab Brokera","Meta Platforms, Inc. - Class A Common Stock (META) [ST]",S (partial) age Account 924,10/14/2025,11/01/2025,"$1,001 - $15,000",,"SP Meta Platforms, Inc. - Class A Common Stock (META) [ST] S (partial) 10/14/2025 11/01/2025 $1,001 - $15,000 Filing Status: New Subholding Of: Charles Schwab Brokerage Account 924",,,False,100,META,accepted,house_ptr_structure+v8_1,False,False,False,10/14/2025,False,,valid_range
20033446,Hon. Lisa McClain,Member,MI09,20033446.pdf,2025,278,SP,"MGP Ingredients, Inc. - Common Stock","MGP Ingredients, Inc. - Common Stock",MGPI,MGPI,ST,S,2025-10-30,2025-11-01,1001.0,15000.0,,"$1,001 - $15,000",valid_range,New,Charles Schwab Brokerage Account 924,,,,31,31,table,False,False,,False,0,False,True,100,True,20,False,https://disclosures-clerk.house.gov/public_disc/ptr-pdfs/2025/20033446.pdf,,,SP,"MGP Ingredients, Inc. - Common Stock (MGPI) [ST]","MGP Ingredients, Inc. - Common Stock (MGPI) [ST]",S,10/30/2025,11/01/2025,"$1,001 - $15,000",Filing Status: New Subholding Of: Charles Schwab Brokerage Account 924,"SP MGP Ingredients, Inc. - Common Stock (MGPI) [ST] S 10/30/2025 11/01/2025 $1,001 - $15,000 Filing Status: New Subholding Of: Charles Schwab Brokerage Account 924",,,False,100,MGPI,accepted,house_ptr_structure+v8_1,False,False,False,10/30/2025,False,,valid_range
20033446,Hon. Lisa McClain,Member,MI09,20033446.pdf,2025,279,SP,"MGP Ingredients, Inc. - Common Stock","MGP Ingredients, Inc. - Common Stock",MGPI,MGPI,ST,P,2025-10-30,2025-11-01,1001.0,15000.0,,"$1,001 - $15,000",valid_range,New,Charles Schwab 401K > Schwab 893,,,,32,32,table,False,False,,False,0,False,False,100,True,20,False,https://disclosures-clerk.house.gov/public_disc/ptr-pdfs/2025/20033446.pdf,,,SP,"MGP Ingredients, Inc. - Common Stock (MGPI) [ST] Filing Status: New Subholding Of: Charles Schwab 401K >","MGP Ingredients, Inc. - Common Stock (MGPI) [ST]",P Schwab 893,10/30/2025,11/01/2025,"$1,001 - $15,000",,"SP MGP Ingredients, Inc. - Common Stock (MGPI) [ST] P 10/30/2025 11/01/2025 $1,001 - $15,000 Filing Status: New Subholding Of: Charles Schwab 401K > Schwab 893",,,False,100,MGPI,accepted,house_ptr_structure+v8_1,False,False,False,10/30/2025,False,,valid_range
20033446,Hon. Lisa McClain,Member,MI09,20033446.pdf,2025,280,SP,"MGP Ingredients, Inc. - Common Stock","MGP Ingredients, Inc. - Common Stock",MGPI,MGPI,ST,S,2025-10-31,2025-11-01,1001.0,15000.0,,"$1,001 - $15,000",valid_range,New,Charles Schwab 401K > Schwab 893,,,,32,32,table,False,False,,False,0,False,True,100,True,20,False,https://disclosures-clerk.house.gov/public_disc/ptr-pdfs/2025/20033446.pdf,,,SP,"MGP Ingredients, Inc. - Common Stock (MGPI) [ST]","MGP Ingredients, Inc. - Common Stock (MGPI) [ST]",S,10/31/2025,11/01/2025,"$1,001 - $15,000",Filing Status: New Subholding Of: Charles Schwab 401K > Schwab 893,"SP MGP Ingredients, Inc. - Common Stock (MGPI) [ST] S 10/31/2025 11/01/2025 $1,001 - $15,000 Filing Status: New Subholding Of: Charles Schwab 401K > Schwab 893",,,False,100,MGPI,accepted,house_ptr_structure+v8_1,False,False,False,10/31/2025,False,,valid_range
20033446,Hon. Lisa McClain,Member,MI09,20033446.pdf,2025,281,SP,Microsoft Corporation - Common Stock,Microsoft Corporation - Common Stock,MSFT,MSFT,ST,S,2025-10-31,2025-11-01,15001.0,50000.0,,"$15,001 - $50,000",valid_range,New,Charles Schwab 401K > Schwab 893,,,,32,32,table,False,False,,False,0,False,False,100,True,20,False,https://disclosures-clerk.house.gov/public_disc/ptr-pdfs/2025/20033446.pdf,,,SP,Microsoft Corporation - Common Stock (MSFT) [ST] Filing Status: New Subholding Of: Charles Schwab 401K >,Microsoft Corporation - Common Stock (MSFT) [ST],S Schwab 893,10/31/2025,11/01/2025,"$15,001 - $50,000",,"SP Microsoft Corporation - Common Stock (MSFT) [ST] S 10/31/2025 11/01/2025 $15,001 - $50,000 Filing Status: New Subholding Of: Charles Schwab 401K > Schwab 893",,,False,100,MSFT,accepted,house_ptr_structure+v8_1,False,False,False,10/31/2025,False,,valid_range
20033446,Hon. Lisa McClain,Member,MI09,20033446.pdf,2025,282,SP,Microsoft Corporation - Common Stock,Microsoft Corporation - Common Stock,MSFT,MSFT,ST,P,2025-10-30,2025-11-01,15001.0,50000.0,,"$15,001 - $50,000",valid_range,New,Charles Schwab 401K > Schwab 893,,,,32,32,table,False,False,,False,0,False,True,100,True,20,False,https://disclosures-clerk.house.gov/public_disc/ptr-pdfs/2025/20033446.pdf,,,SP,Microsoft Corporation - Common Stock (MSFT) [ST],Microsoft Corporation - Common Stock (MSFT) [ST],P,10/30/2025,11/01/2025,"$15,001 - $50,000",Filing Status: New Subholding Of: Charles Schwab 401K > Schwab 893,"SP Microsoft Corporation - Common Stock (MSFT) [ST] P 10/30/2025 11/01/2025 $15,001 - $50,000 Filing Status: New Subholding Of: Charles Schwab 401K > Schwab 893",,,False,100,MSFT,accepted,house_ptr_structure+v8_1,False,False,False,10/30/2025,False,,valid_range
20033446,Hon. Lisa McClain,Member,MI09,20033446.pdf,2025,283,SP,Microsoft Corporation - Common Stock,Microsoft Corporation - Common Stock,MSFT,MSFT,ST,S,2025-10-30,2025-11-01,15001.0,50000.0,,"$15,001 - $50,000",valid_range,New,Charles Schwab Brokerage Account 924,,,,32,32,table,False,False,,False,0,False,False,100,True,20,False,https://disclosures-clerk.house.gov/public_disc/ptr-pdfs/2025/20033446.pdf,,,SP,Microsoft Corporation - Common Stock (MSFT) [ST] Filing Status: New Subholding Of: Charles Schwab Brokera,Microsoft Corporation - Common Stock (MSFT) [ST],S age Account 924,10/30/2025,11/01/2025,"$15,001 - $50,000",,"SP Microsoft Corporation - Common Stock (MSFT) [ST] S 10/30/2025 11/01/2025 $15,001 - $50,000 Filing Status: New Subholding Of: Charles Schwab Brokerage Account 924",,,False,100,MSFT,accepted,house_ptr_structure+v8_1,False,False,False,10/30/2025,False,,valid_range
20033446,Hon. Lisa McClain,Member,MI09,20033446.pdf,2025,284,SP,MKS Inc. - Common Stock,MKS Inc. - Common Stock,MKSI,MKSI,ST,S,2025-10-30,2025-11-01,1001.0,15000.0,,"$1,001 - $15,000",valid_range,New,Charles Schwab Brokerage Account 924,,,,32,32,table,False,False,,False,0,False,True,100,True,20,False,https://disclosures-clerk.house.gov/public_disc/ptr-pdfs/2025/20033446.pdf,,,SP,MKS Inc. - Common Stock (MKSI) [ST],MKS Inc. - Common Stock (MKSI) [ST],S,10/30/2025,11/01/2025,"$1,001 - $15,000",Filing Status: New Subholding Of: Charles Schwab Brokerage Account 924,"SP MKS Inc. - Common Stock (MKSI) [ST] S 10/30/2025 11/01/2025 $1,001 - $15,000 Filing Status: New Subholding Of: Charles Schwab Brokerage Account 924",,,False,100,MKSI,accepted,house_ptr_structure+v8_1,False,False,False,10/30/2025,False,,valid_range
20033446,Hon. Lisa McClain,Member,MI09,20033446.pdf,2025,285,SP,MKS Inc. - Common Stock,MKS Inc. - Common Stock,MKSI,MKSI,ST,P,2025-10-30,2025-11-01,1001.0,15000.0,,"$1,001 - $15,000",valid_range,New,Charles Schwab 401K > Schwab 893,,,,32,32,table,False,False,,False,0,False,False,100,True,20,False,https://disclosures-clerk.house.gov/public_disc/ptr-pdfs/2025/20033446.pdf,,,SP,MKS Inc. - Common Stock (MKSI) [ST] Filing Status: New Subholding Of: Charles Schwab 401K >,MKS Inc. - Common Stock (MKSI) [ST],P Schwab 893,10/30/2025,11/01/2025,"$1,001 - $15,000",,"SP MKS Inc. - Common Stock (MKSI) [ST] P 10/30/2025 11/01/2025 $1,001 - $15,000 Filing Status: New Subholding Of: Charles Schwab 401K > Schwab 893",,,False,100,MKSI,accepted,house_ptr_structure+v8_1,False,False,False,10/30/2025,False,,valid_range
20033446,Hon. Lisa McClain,Member,MI09,20033446.pdf,2025,286,SP,MKS Inc. - Common Stock,MKS Inc. - Common Stock,MKSI,MKSI,ST,S,2025-10-31,2025-11-01,1001.0,15000.0,,"$1,001 - $15,000",valid_range,New,Charles Schwab 401K > Schwab 893,,,,32,32,table,False,False,,False,0,False,True,100,True,20,False,https://disclosures-clerk.house.gov/public_disc/ptr-pdfs/2025/20033446.pdf,,,SP,MKS Inc. - Common Stock (MKSI) [ST],MKS Inc. - Common Stock (MKSI) [ST],S,10/31/2025,11/01/2025,"$1,001 - $15,000",Filing Status: New Subholding Of: Charles Schwab 401K > Schwab 893,"SP MKS Inc. - Common Stock (MKSI) [ST] S 10/31/2025 11/01/2025 $1,001 - $15,000 Filing Status: New Subholding Of: Charles Schwab 401K > Schwab 893",,,False,100,MKSI,accepted,house_ptr_structure+v8_1,False,False,False,10/31/2025,False,,valid_range
20033446,Hon. Lisa McClain,Member,MI09,20033446.pdf,2025,287,SP,"NetEase, Inc. - American Depositary Shares, each representing 5 ordinary shares","NetEase, Inc. - American Depositary Shares, each representing 5 ordinary shares",NTES,NTES,ST,S,2025-10-14,2025-11-01,1001.0,15000.0,,"$1,001 - $15,000",valid_range,New,Charles Schwab Brokerage Account 924,,,,32,32,table,False,False,,False,0,False,False,100,True,20,False,https://disclosures-clerk.house.gov/public_disc/ptr-pdfs/2025/20033446.pdf,,,SP,"NetEase, Inc. - American Depositary Shares, each representing 5 ordinary shares (NTES) [ST] Filing Status: New Subholding Of: Charles Schwab Brokera","NetEase, Inc. - American Depositary Shares, each representing 5 ordinary shares (NTES) [ST]",S age Account 924,10/14/2025,11/01/2025,"$1,001 - $15,000",,"SP NetEase, Inc. - American Depositary Shares, each representing 5 ordinary shares (NTES) [ST] S 10/14/2025 11/01/2025 $1,001 - $15,000 Filing Status: New Subholding Of: Charles Schwab Brokerage Account 924",,,False,100,NTES,accepted,house_ptr_structure+v8_1,False,False,False,10/14/2025,False,,valid_range
20033446,Hon. Lisa McClain,Member,MI09,20033446.pdf,2025,288,SP,"Netflix, Inc. - Common Stock","Netflix, Inc. - Common Stock",NFLX,NFLX,ST,S,2025-10-30,2025-11-01,1001.0,15000.0,,"$1,001 - $15,000",valid_range,New,Charles Schwab Brokerage Account 924,,,,33,33,table,False,False,,False,0,False,True,100,True,20,False,https://disclosures-clerk.house.gov/public_disc/ptr-pdfs/2025/20033446.pdf,,,SP,"Netflix, Inc. - Common Stock (NFLX) [ST]","Netflix, Inc. - Common Stock (NFLX) [ST]",S,10/30/2025,11/01/2025,"$1,001 - $15,000",Filing Status: New Subholding Of: Charles Schwab Brokerage Account 924,"SP Netflix, Inc. - Common Stock (NFLX) [ST] S 10/30/2025 11/01/2025 $1,001 - $15,000 Filing Status: New Subholding Of: Charles Schwab Brokerage Account 924",,,False,100,NFLX,accepted,house_ptr_structure+v8_1,False,False,False,10/30/2025,False,,valid_range
20033446,Hon. Lisa McClain,Member,MI09,20033446.pdf,2025,289,SP,"Netflix, Inc. - Common Stock","Netflix, Inc. - Common Stock",NFLX,NFLX,ST,P,2025-10-30,2025-11-01,1001.0,15000.0,,"$1,001 - $15,000",valid_range,New,Charles Schwab 401K > Schwab 893,,,,33,33,table,False,False,,False,0,False,False,100,True,20,False,https://disclosures-clerk.house.gov/public_disc/ptr-pdfs/2025/20033446.pdf,,,SP,"Netflix, Inc. - Common Stock (NFLX) [ST] Filing Status: New Subholding Of: Charles Schwab 401K >","Netflix, Inc. - Common Stock (NFLX) [ST]",P Schwab 893,10/30/2025,11/01/2025,"$1,001 - $15,000",,"SP Netflix, Inc. - Common Stock (NFLX) [ST] P 10/30/2025 11/01/2025 $1,001 - $15,000 Filing Status: New Subholding Of: Charles Schwab 401K > Schwab 893",,,False,100,NFLX,accepted,house_ptr_structure+v8_1,False,False,False,10/30/2025,False,,valid_range
20033446,Hon. Lisa McClain,Member,MI09,20033446.pdf,2025,290,SP,"Netflix, Inc. - Common Stock","Netflix, Inc. - Common Stock",NFLX,NFLX,ST,S,2025-10-31,2025-11-01,1001.0,15000.0,,"$1,001 - $15,000",valid_range,New,Charles Schwab 401K > Schwab 893,,,,33,33,table,False,False,,False,0,False,True,100,True,20,False,https://disclosures-clerk.house.gov/public_disc/ptr-pdfs/2025/20033446.pdf,,,SP,"Netflix, Inc. - Common Stock (NFLX) [ST]","Netflix, Inc. - Common Stock (NFLX) [ST]",S,10/31/2025,11/01/2025,"$1,001 - $15,000",Filing Status: New Subholding Of: Charles Schwab 401K > Schwab 893,"SP Netflix, Inc. - Common Stock (NFLX) [ST] S 10/31/2025 11/01/2025 $1,001 - $15,000 Filing Status: New Subholding Of: Charles Schwab 401K > Schwab 893",,,False,100,NFLX,accepted,house_ptr_structure+v8_1,False,False,False,10/31/2025,False,,valid_range
20033446,Hon. Lisa McClain,Member,MI09,20033446.pdf,2025,291,SP,Northern Trust Corporation - Common Stock,Northern Trust Corporation - Common Stock,NTRS,NTRS,ST,S,2025-10-31,2025-11-01,1001.0,15000.0,,"$1,001 - $15,000",valid_range,New,Charles Schwab 401K > Schwab 893,,,,33,33,table,False,False,,False,0,False,False,100,True,20,False,https://disclosures-clerk.house.gov/public_disc/ptr-pdfs/2025/20033446.pdf,,,SP,Northern Trust Corporation - Common Stock (NTRS) [ST] Filing Status: New Subholding Of: Charles Schwab 401K >,Northern Trust Corporation - Common Stock (NTRS) [ST],S Schwab 893,10/31/2025,11/01/2025,"$1,001 - $15,000",,"SP Northern Trust Corporation - Common Stock (NTRS) [ST] S 10/31/2025 11/01/2025 $1,001 - $15,000 Filing Status: New Subholding Of: Charles Schwab 401K > Schwab 893",,,False,100,NTRS,accepted,house_ptr_structure+v8_1,False,False,False,10/31/2025,False,,valid_range
20033446,Hon. Lisa McClain,Member,MI09,20033446.pdf,2025,292,SP,Northern Trust Corporation - Common Stock,Northern Trust Corporation - Common Stock,NTRS,NTRS,ST,P,2025-10-30,2025-11-01,1001.0,15000.0,,"$1,001 - $15,000",valid_range,New,Charles Schwab 401K > Schwab 893,,,,33,33,table,False,False,,False,0,False,True,100,True,20,False,https://disclosures-clerk.house.gov/public_disc/ptr-pdfs/2025/20033446.pdf,,,SP,Northern Trust Corporation - Common Stock (NTRS) [ST],Northern Trust Corporation - Common Stock (NTRS) [ST],P,10/30/2025,11/01/2025,"$1,001 - $15,000",Filing Status: New Subholding Of: Charles Schwab 401K > Schwab 893,"SP Northern Trust Corporation - Common Stock (NTRS) [ST] P 10/30/2025 11/01/2025 $1,001 - $15,000 Filing Status: New Subholding Of: Charles Schwab 401K > Schwab 893",,,False,100,NTRS,accepted,house_ptr_structure+v8_1,False,False,False,10/30/2025,False,,valid_range
20033446,Hon. Lisa McClain,Member,MI09,20033446.pdf,2025,293,SP,Northern Trust Corporation - Common Stock,Northern Trust Corporation - Common Stock,NTRS,NTRS,ST,S,2025-10-30,2025-11-01,1001.0,15000.0,,"$1,001 - $15,000",valid_range,New,Charles Schwab Brokerage Account 924,,,,33,33,table,False,False,,False,0,False,False,100,True,20,False,https://disclosures-clerk.house.gov/public_disc/ptr-pdfs/2025/20033446.pdf,,,SP,Northern Trust Corporation - Common Stock (NTRS) [ST] Filing Status: New Subholding Of: Charles Schwab Brokera,Northern Trust Corporation - Common Stock (NTRS) [ST],S age Account 924,10/30/2025,11/01/2025,"$1,001 - $15,000",,"SP Northern Trust Corporation - Common Stock (NTRS) [ST] S 10/30/2025 11/01/2025 $1,001 - $15,000 Filing Status: New Subholding Of: Charles Schwab Brokerage Account 924",,,False,100,NTRS,accepted,house_ptr_structure+v8_1,False,False,False,10/30/2025,False,,valid_range
20033446,Hon. Lisa McClain,Member,MI09,20033446.pdf,2025,294,SP,Norwegian Cruise Line Holdings Ltd. Ordinary Shares,Norwegian Cruise Line Holdings Ltd. Ordinary Shares,NCLH,NCLH,ST,S,2025-10-30,2025-11-01,1001.0,15000.0,,"$1,001 - $15,000",valid_range,New,Charles Schwab Brokerage Account 924,,,,33,33,table,False,False,,False,0,False,True,100,True,20,False,https://disclosures-clerk.house.gov/public_disc/ptr-pdfs/2025/20033446.pdf,,,SP,Norwegian Cruise Line Holdings Ltd. Ordinary Shares (NCLH) [ST],Norwegian Cruise Line Holdings Ltd. Ordinary Shares (NCLH) [ST],S,10/30/2025,11/01/2025,"$1,001 - $15,000",Filing Status: New Subholding Of: Charles Schwab Brokerage Account 924,"SP Norwegian Cruise Line Holdings Ltd. Ordinary Shares (NCLH) [ST] S 10/30/2025 11/01/2025 $1,001 - $15,000 Filing Status: New Subholding Of: Charles Schwab Brokerage Account 924",,,False,100,NCLH,accepted,house_ptr_structure+v8_1,False,False,False,10/30/2025,False,,valid_range
20033446,Hon. Lisa McClain,Member,MI09,20033446.pdf,2025,295,SP,Norwegian Cruise Line Holdings Ltd. Ordinary Shares,Norwegian Cruise Line Holdings Ltd. Ordinary Shares,NCLH,NCLH,ST,P,2025-10-30,2025-11-01,1001.0,15000.0,,"$1,001 - $15,000",valid_range,New,Charles Schwab 401K > Schwab 893,,,,33,33,table,False,False,,False,0,False,False,100,True,20,False,https://disclosures-clerk.house.gov/public_disc/ptr-pdfs/2025/20033446.pdf,,,SP,Norwegian Cruise Line Holdings Ltd. Ordinary Shares (NCLH) [ST] Filing Status: New Subholding Of: Charles Schwab 401K >,Norwegian Cruise Line Holdings Ltd. Ordinary Shares (NCLH) [ST],P Schwab 893,10/30/2025,11/01/2025,"$1,001 - $15,000",,"SP Norwegian Cruise Line Holdings Ltd. Ordinary Shares (NCLH) [ST] P 10/30/2025 11/01/2025 $1,001 - $15,000 Filing Status: New Subholding Of: Charles Schwab 401K > Schwab 893",,,False,100,NCLH,accepted,house_ptr_structure+v8_1,False,False,False,10/30/2025,False,,valid_range
20033446,Hon. Lisa McClain,Member,MI09,20033446.pdf,2025,296,SP,Norwegian Cruise Line Holdings Ltd. Ordinary Shares,Norwegian Cruise Line Holdings Ltd. Ordinary Shares,NCLH,NCLH,ST,S,2025-10-31,2025-11-01,1001.0,15000.0,,"$1,001 - $15,000",valid_range,New,Charles Schwab 401K > Schwab 893,,,,33,33,table,False,False,,False,0,False,True,100,True,20,False,https://disclosures-clerk.house.gov/public_disc/ptr-pdfs/2025/20033446.pdf,,,SP,Norwegian Cruise Line Holdings Ltd. Ordinary Shares (NCLH) [ST],Norwegian Cruise Line Holdings Ltd. Ordinary Shares (NCLH) [ST],S,10/31/2025,11/01/2025,"$1,001 - $15,000",Filing Status: New Subholding Of: Charles Schwab 401K > Schwab 893,"SP Norwegian Cruise Line Holdings Ltd. Ordinary Shares (NCLH) [ST] S 10/31/2025 11/01/2025 $1,001 - $15,000 Filing Status: New Subholding Of: Charles Schwab 401K > Schwab 893",,,False,100,NCLH,accepted,house_ptr_structure+v8_1,False,False,False,10/31/2025,False,,valid_range
20033446,Hon. Lisa McClain,Member,MI09,20033446.pdf,2025,297,SP,Novartis AG Common Stock,Novartis AG Common Stock,NVS,NVS,ST,S,2025-10-31,2025-11-01,1001.0,15000.0,,"$1,001 - $15,000",valid_range,New,Charles Schwab 401K > Schwab 893,,,,34,34,table,False,False,,False,0,False,False,100,True,20,False,https://disclosures-clerk.house.gov/public_disc/ptr-pdfs/2025/20033446.pdf,,,SP,Novartis AG Common Stock (NVS) [ST] Filing Status: New Subholding Of: Charles Schwab 401K >,Novartis AG Common Stock (NVS) [ST],S Schwab 893,10/31/2025,11/01/2025,"$1,001 - $15,000",,"SP Novartis AG Common Stock (NVS) [ST] S 10/31/2025 11/01/2025 $1,001 - $15,000 Filing Status: New Subholding Of: Charles Schwab 401K > Schwab 893",,,False,100,NVS,accepted,house_ptr_structure+v8_1,False,False,False,10/31/2025,False,,valid_range
20033446,Hon. Lisa McClain,Member,MI09,20033446.pdf,2025,298,SP,Novartis AG Common Stock,Novartis AG Common Stock,NVS,NVS,ST,P,2025-10-30,2025-11-01,1001.0,15000.0,,"$1,001 - $15,000",valid_range,New,Charles Schwab 401K > Schwab 893,,,,34,34,table,False,False,,False,0,False,True,100,True,20,False,https://disclosures-clerk.house.gov/public_disc/ptr-pdfs/2025/20033446.pdf,,,SP,Novartis AG Common Stock (NVS) [ST],Novartis AG Common Stock (NVS) [ST],P,10/30/2025,11/01/2025,"$1,001 - $15,000",Filing Status: New Subholding Of: Charles Schwab 401K > Schwab 893,"SP Novartis AG Common Stock (NVS) [ST] P 10/30/2025 11/01/2025 $1,001 - $15,000 Filing Status: New Subholding Of: Charles Schwab 401K > Schwab 893",,,False,100,NVS,accepted,house_ptr_structure+v8_1,False,False,False,10/30/2025,False,,valid_range
20033446,Hon. Lisa McClain,Member,MI09,20033446.pdf,2025,299,SP,Novartis AG Common Stock,Novartis AG Common Stock,NVS,NVS,ST,S,2025-10-30,2025-11-01,1001.0,15000.0,,"$1,001 - $15,000",valid_range,New,Charles Schwab Brokerage Account 924,,,,34,34,table,False,False,,False,0,False,False,100,True,20,False,https://disclosures-clerk.house.gov/public_disc/ptr-pdfs/2025/20033446.pdf,,,SP,Novartis AG Common Stock (NVS) [ST] Filing Status: New Subholding Of: Charles Schwab Brokera,Novartis AG Common Stock (NVS) [ST],S age Account 924,10/30/2025,11/01/2025,"$1,001 - $15,000",,"SP Novartis AG Common Stock (NVS) [ST] S 10/30/2025 11/01/2025 $1,001 - $15,000 Filing Status: New Subholding Of: Charles Schwab Brokerage Account 924",,,False,100,NVS,accepted,house_ptr_structure+v8_1,False,False,False,10/30/2025,False,,valid_range
20033446,Hon. Lisa McClain,Member,MI09,20033446.pdf,2025,300,SP,Novo Nordisk A/S Common Stock,Novo Nordisk A/S Common Stock,NVO,NVO,ST,S,2025-10-30,2025-11-01,1001.0,15000.0,,"$1,001 - $15,000",valid_range,New,Charles Schwab Brokerage Account 924,,,,34,34,table,False,False,,False,0,False,True,100,True,20,False,https://disclosures-clerk.house.gov/public_disc/ptr-pdfs/2025/20033446.pdf,,,SP,Novo Nordisk A/S Common Stock (NVO) [ST],Novo Nordisk A/S Common Stock (NVO) [ST],S,10/30/2025,11/01/2025,"$1,001 - $15,000",Filing Status: New Subholding Of: Charles Schwab Brokerage Account 924,"SP Novo Nordisk A/S Common Stock (NVO) [ST] S 10/30/2025 11/01/2025 $1,001 - $15,000 Filing Status: New Subholding Of: Charles Schwab Brokerage Account 924",,,False,100,NVO,accepted,house_ptr_structure+v8_1,False,False,False,10/30/2025,False,,valid_range
20033446,Hon. Lisa McClain,Member,MI09,20033446.pdf,2025,301,SP,Novo Nordisk A/S Common Stock,Novo Nordisk A/S Common Stock,NVO,NVO,ST,P,2025-10-30,2025-11-01,1001.0,15000.0,,"$1,001 - $15,000",valid_range,New,Charles Schwab 401K > Schwab 893,,,,34,34,table,False,False,,False,0,False,False,100,True,20,False,https://disclosures-clerk.house.gov/public_disc/ptr-pdfs/2025/20033446.pdf,,,SP,Novo Nordisk A/S Common Stock (NVO) [ST] Filing Status: New Subholding Of: Charles Schwab 401K >,Novo Nordisk A/S Common Stock (NVO) [ST],P Schwab 893,10/30/2025,11/01/2025,"$1,001 - $15,000",,"SP Novo Nordisk A/S Common Stock (NVO) [ST] P 10/30/2025 11/01/2025 $1,001 - $15,000 Filing Status: New Subholding Of: Charles Schwab 401K > Schwab 893",,,False,100,NVO,accepted,house_ptr_structure+v8_1,False,False,False,10/30/2025,False,,valid_range
20033446,Hon. Lisa McClain,Member,MI09,20033446.pdf,2025,302,SP,Novo Nordisk A/S Common Stock,Novo Nordisk A/S Common Stock,NVO,NVO,ST,S,2025-10-31,2025-11-01,1001.0,15000.0,,"$1,001 - $15,000",valid_range,New,Charles Schwab 401K > Schwab 893,,,,34,34,table,False,False,,False,0,False,True,100,True,20,False,https://disclosures-clerk.house.gov/public_disc/ptr-pdfs/2025/20033446.pdf,,,SP,Novo Nordisk A/S Common Stock (NVO) [ST],Novo Nordisk A/S Common Stock (NVO) [ST],S,10/31/2025,11/01/2025,"$1,001 - $15,000",Filing Status: New Subholding Of: Charles Schwab 401K > Schwab 893,"SP Novo Nordisk A/S Common Stock (NVO) [ST] S 10/31/2025 11/01/2025 $1,001 - $15,000 Filing Status: New Subholding Of: Charles Schwab 401K > Schwab 893",,,False,100,NVO,accepted,house_ptr_structure+v8_1,False,False,False,10/31/2025,False,,valid_range
20033446,Hon. Lisa McClain,Member,MI09,20033446.pdf,2025,303,SP,NVIDIA Corporation - Common Stock,NVIDIA Corporation - Common Stock,NVDA,NVDA,ST,S,2025-10-31,2025-11-01,15001.0,50000.0,,"$15,001 - $50,000",valid_range,New,Charles Schwab 401K > Schwab 893,,,,34,34,table,False,False,,False,0,False,False,100,True,20,False,https://disclosures-clerk.house.gov/public_disc/ptr-pdfs/2025/20033446.pdf,,,SP,NVIDIA Corporation - Common Stock (NVDA) [ST] Filing Status: New Subholding Of: Charles Schwab 401K >,NVIDIA Corporation - Common Stock (NVDA) [ST],S Schwab 893,10/31/2025,11/01/2025,"$15,001 - $50,000",,"SP NVIDIA Corporation - Common Stock (NVDA) [ST] S 10/31/2025 11/01/2025 $15,001 - $50,000 Filing Status: New Subholding Of: Charles Schwab 401K > Schwab 893",,,False,100,NVDA,accepted,house_ptr_structure+v8_1,False,False,False,10/31/2025,False,,valid_range
20033446,Hon. Lisa McClain,Member,MI09,20033446.pdf,2025,304,SP,NVIDIA Corporation - Common Stock,NVIDIA Corporation - Common Stock,NVDA,NVDA,ST,P,2025-10-30,2025-11-01,15001.0,50000.0,,"$15,001 - $50,000",valid_range,New,Charles Schwab 401K > Schwab 893,,,,34,34,table,False,False,,False,0,False,True,100,True,20,False,https://disclosures-clerk.house.gov/public_disc/ptr-pdfs/2025/20033446.pdf,,,SP,NVIDIA Corporation - Common Stock (NVDA) [ST],NVIDIA Corporation - Common Stock (NVDA) [ST],P,10/30/2025,11/01/2025,"$15,001 - $50,000",Filing Status: New Subholding Of: Charles Schwab 401K > Schwab 893,"SP NVIDIA Corporation - Common Stock (NVDA) [ST] P 10/30/2025 11/01/2025 $15,001 - $50,000 Filing Status: New Subholding Of: Charles Schwab 401K > Schwab 893",,,False,100,NVDA,accepted,house_ptr_structure+v8_1,False,False,False,10/30/2025,False,,valid_range
20033446,Hon. Lisa McClain,Member,MI09,20033446.pdf,2025,305,SP,NVIDIA Corporation - Common Stock,NVIDIA Corporation - Common Stock,NVDA,NVDA,ST,S,2025-10-30,2025-11-01,15001.0,50000.0,,"$15,001 - $50,000",valid_range,New,Charles Schwab Brokerage Account 924,,,,34,34,table,False,False,,False,0,False,False,100,True,20,False,https://disclosures-clerk.house.gov/public_disc/ptr-pdfs/2025/20033446.pdf,,,SP,NVIDIA Corporation - Common Stock (NVDA) [ST] Filing Status: New Subholding Of: Charles Schwab Brokera,NVIDIA Corporation - Common Stock (NVDA) [ST],S age Account 924,10/30/2025,11/01/2025,"$15,001 - $50,000",,"SP NVIDIA Corporation - Common Stock (NVDA) [ST] S 10/30/2025 11/01/2025 $15,001 - $50,000 Filing Status: New Subholding Of: Charles Schwab Brokerage Account 924",,,False,100,NVDA,accepted,house_ptr_structure+v8_1,False,False,False,10/30/2025,False,,valid_range
20033446,Hon. Lisa McClain,Member,MI09,20033446.pdf,2025,306,SP,"Option Care Health, Inc. - Common Stock","Option Care Health, Inc. - Common Stock",OPCH,OPCH,ST,S,2025-10-30,2025-11-01,1001.0,15000.0,,"$1,001 - $15,000",valid_range,New,Charles Schwab Brokerage Account 924,,,,35,35,table,False,False,,False,0,False,True,100,True,20,False,https://disclosures-clerk.house.gov/public_disc/ptr-pdfs/2025/20033446.pdf,,,SP,"Option Care Health, Inc. - Common Stock (OPCH) [ST]","Option Care Health, Inc. - Common Stock (OPCH) [ST]",S,10/30/2025,11/01/2025,"$1,001 - $15,000",Filing Status: New Subholding Of: Charles Schwab Brokerage Account 924,"SP Option Care Health, Inc. - Common Stock (OPCH) [ST] S 10/30/2025 11/01/2025 $1,001 - $15,000 Filing Status: New Subholding Of: Charles Schwab Brokerage Account 924",,,False,100,OPCH,accepted,house_ptr_structure+v8_1,False,False,False,10/30/2025,False,,valid_range
20033446,Hon. Lisa McClain,Member,MI09,20033446.pdf,2025,307,SP,"Option Care Health, Inc. - Common Stock","Option Care Health, Inc. - Common Stock",OPCH,OPCH,ST,P,2025-10-30,2025-11-01,1001.0,15000.0,,"$1,001 - $15,000",valid_range,New,Charles Schwab 401K > Schwab 893,,,,35,35,table,False,False,,False,0,False,False,100,True,20,False,https://disclosures-clerk.house.gov/public_disc/ptr-pdfs/2025/20033446.pdf,,,SP,"Option Care Health, Inc. - Common Stock (OPCH) [ST] Filing Status: New Subholding Of: Charles Schwab 401K >","Option Care Health, Inc. - Common Stock (OPCH) [ST]",P Schwab 893,10/30/2025,11/01/2025,"$1,001 - $15,000",,"SP Option Care Health, Inc. - Common Stock (OPCH) [ST] P 10/30/2025 11/01/2025 $1,001 - $15,000 Filing Status: New Subholding Of: Charles Schwab 401K > Schwab 893",,,False,100,OPCH,accepted,house_ptr_structure+v8_1,False,False,False,10/30/2025,False,,valid_range
20033446,Hon. Lisa McClain,Member,MI09,20033446.pdf,2025,308,SP,"Option Care Health, Inc. - Common Stock","Option Care Health, Inc. - Common Stock",OPCH,OPCH,ST,S,2025-10-31,2025-11-01,1001.0,15000.0,,"$1,001 - $15,000",valid_range,New,Charles Schwab 401K > Schwab 893,,,,35,35,table,False,False,,False,0,False,True,100,True,20,False,https://disclosures-clerk.house.gov/public_disc/ptr-pdfs/2025/20033446.pdf,,,SP,"Option Care Health, Inc. - Common Stock (OPCH) [ST]","Option Care Health, Inc. - Common Stock (OPCH) [ST]",S,10/31/2025,11/01/2025,"$1,001 - $15,000",Filing Status: New Subholding Of: Charles Schwab 401K > Schwab 893,"SP Option Care Health, Inc. - Common Stock (OPCH) [ST] S 10/31/2025 11/01/2025 $1,001 - $15,000 Filing Status: New Subholding Of: Charles Schwab 401K > Schwab 893",,,False,100,OPCH,accepted,house_ptr_structure+v8_1,False,False,False,10/31/2025,False,,valid_range
20033446,Hon. Lisa McClain,Member,MI09,20033446.pdf,2025,309,SP,Oracle Corporation Common Stock,Oracle Corporation Common Stock,ORCL,ORCL,ST,S,2025-10-31,2025-11-01,1001.0,15000.0,,"$1,001 - $15,000",valid_range,New,Charles Schwab 401K > Schwab 893,,,,35,35,table,False,False,,False,0,False,False,100,True,20,False,https://disclosures-clerk.house.gov/public_disc/ptr-pdfs/2025/20033446.pdf,,,SP,Oracle Corporation Common Stock (ORCL) [ST] Filing Status: New Subholding Of: Charles Schwab 401K >,Oracle Corporation Common Stock (ORCL) [ST],S Schwab 893,10/31/2025,11/01/2025,"$1,001 - $15,000",,"SP Oracle Corporation Common Stock (ORCL) [ST] S 10/31/2025 11/01/2025 $1,001 - $15,000 Filing Status: New Subholding Of: Charles Schwab 401K > Schwab 893",,,False,100,ORCL,accepted,house_ptr_structure+v8_1,False,False,False,10/31/2025,False,,valid_range
20033446,Hon. Lisa McClain,Member,MI09,20033446.pdf,2025,310,SP,Oracle Corporation Common Stock,Oracle Corporation Common Stock,ORCL,ORCL,ST,P,2025-10-30,2025-11-01,1001.0,15000.0,,"$1,001 - $15,000",valid_range,New,Charles Schwab 401K > Schwab 893,,,,35,35,table,False,False,,False,0,False,True,100,True,20,False,https://disclosures-clerk.house.gov/public_disc/ptr-pdfs/2025/20033446.pdf,,,SP,Oracle Corporation Common Stock (ORCL) [ST],Oracle Corporation Common Stock (ORCL) [ST],P,10/30/2025,11/01/2025,"$1,001 - $15,000",Filing Status: New Subholding Of: Charles Schwab 401K > Schwab 893,"SP Oracle Corporation Common Stock (ORCL) [ST] P 10/30/2025 11/01/2025 $1,001 - $15,000 Filing Status: New Subholding Of: Charles Schwab 401K > Schwab 893",,,False,100,ORCL,accepted,house_ptr_structure+v8_1,False,False,False,10/30/2025,False,,valid_range
20033446,Hon. Lisa McClain,Member,MI09,20033446.pdf,2025,311,SP,Oracle Corporation Common Stock,Oracle Corporation Common Stock,ORCL,ORCL,ST,S,2025-10-30,2025-11-01,1001.0,15000.0,,"$1,001 - $15,000",valid_range,New,Charles Schwab Brokerage Account 924,,,,35,35,table,False,False,,False,0,False,False,100,True,20,False,https://disclosures-clerk.house.gov/public_disc/ptr-pdfs/2025/20033446.pdf,,,SP,Oracle Corporation Common Stock (ORCL) [ST] Filing Status: New Subholding Of: Charles Schwab Brokera,Oracle Corporation Common Stock (ORCL) [ST],S age Account 924,10/30/2025,11/01/2025,"$1,001 - $15,000",,"SP Oracle Corporation Common Stock (ORCL) [ST] S 10/30/2025 11/01/2025 $1,001 - $15,000 Filing Status: New Subholding Of: Charles Schwab Brokerage Account 924",,,False,100,ORCL,accepted,house_ptr_structure+v8_1,False,False,False,10/30/2025,False,,valid_range
20033446,Hon. Lisa McClain,Member,MI09,20033446.pdf,2025,312,SP,"O'Reilly Automotive, Inc. - Common Stock","O'Reilly Automotive, Inc. - Common Stock",ORLY,ORLY,ST,S,2025-10-30,2025-11-01,1001.0,15000.0,,"$1,001 - $15,000",valid_range,New,Charles Schwab Brokerage Account 924,,,,35,35,table,False,False,,False,0,False,True,100,True,20,False,https://disclosures-clerk.house.gov/public_disc/ptr-pdfs/2025/20033446.pdf,,,SP,"O'Reilly Automotive, Inc. - Common Stock (ORLY) [ST]","O'Reilly Automotive, Inc. - Common Stock (ORLY) [ST]",S,10/30/2025,11/01/2025,"$1,001 - $15,000",Filing Status: New Subholding Of: Charles Schwab Brokerage Account 924,"SP O'Reilly Automotive, Inc. - Common Stock (ORLY) [ST] S 10/30/2025 11/01/2025 $1,001 - $15,000 Filing Status: New Subholding Of: Charles Schwab Brokerage Account 924",,,False,100,ORLY,accepted,house_ptr_structure+v8_1,False,False,False,10/30/2025,False,,valid_range
20033446,Hon. Lisa McClain,Member,MI09,20033446.pdf,2025,313,SP,"O'Reilly Automotive, Inc. - Common Stock","O'Reilly Automotive, Inc. - Common Stock",ORLY,ORLY,ST,P,2025-10-30,2025-11-01,1001.0,15000.0,,"$1,001 - $15,000",valid_range,New,Charles Schwab 401K > Schwab 893,,,,35,35,table,False,False,,False,0,False,False,100,True,20,False,https://disclosures-clerk.house.gov/public_disc/ptr-pdfs/2025/20033446.pdf,,,SP,"O'Reilly Automotive, Inc. - Common Stock (ORLY) [ST] Filing Status: New Subholding Of: Charles Schwab 401K >","O'Reilly Automotive, Inc. - Common Stock (ORLY) [ST]",P Schwab 893,10/30/2025,11/01/2025,"$1,001 - $15,000",,"SP O'Reilly Automotive, Inc. - Common Stock (ORLY) [ST] P 10/30/2025 11/01/2025 $1,001 - $15,000 Filing Status: New Subholding Of: Charles Schwab 401K > Schwab 893",,,False,100,ORLY,accepted,house_ptr_structure+v8_1,False,False,False,10/30/2025,False,,valid_range
20033446,Hon. Lisa McClain,Member,MI09,20033446.pdf,2025,314,SP,"O'Reilly Automotive, Inc. - Common Stock","O'Reilly Automotive, Inc. - Common Stock",ORLY,ORLY,ST,S,2025-10-31,2025-11-01,1001.0,15000.0,,"$1,001 - $15,000",valid_range,New,Charles Schwab 401K > Schwab 893,,,,35,35,table,False,False,,False,0,False,True,100,True,20,False,https://disclosures-clerk.house.gov/public_disc/ptr-pdfs/2025/20033446.pdf,,,SP,"O'Reilly Automotive, Inc. - Common Stock (ORLY) [ST]","O'Reilly Automotive, Inc. - Common Stock (ORLY) [ST]",S,10/31/2025,11/01/2025,"$1,001 - $15,000",Filing Status: New Subholding Of: Charles Schwab 401K > Schwab 893,"SP O'Reilly Automotive, Inc. - Common Stock (ORLY) [ST] S 10/31/2025 11/01/2025 $1,001 - $15,000 Filing Status: New Subholding Of: Charles Schwab 401K > Schwab 893",,,False,100,ORLY,accepted,house_ptr_structure+v8_1,False,False,False,10/31/2025,False,,valid_range
20033446,Hon. Lisa McClain,Member,MI09,20033446.pdf,2025,315,SP,Oshkosh Corporation,Oshkosh Corporation,OSK,OSK,ST,S,2025-10-31,2025-11-01,1001.0,15000.0,,"$1,001 - $15,000",valid_range,New,Charles Schwab 401K > Schwab 893,,,,36,36,table,False,False,,False,0,False,False,100,True,20,False,https://disclosures-clerk.house.gov/public_disc/ptr-pdfs/2025/20033446.pdf,,,SP,Oshkosh Corporation (OSK) [ST] Filing Status: New Subholding Of: Charles Schwab 401K >,Oshkosh Corporation (OSK) [ST],S Schwab 893,10/31/2025,11/01/2025,"$1,001 - $15,000",,"SP Oshkosh Corporation (OSK) [ST] S 10/31/2025 11/01/2025 $1,001 - $15,000 Filing Status: New Subholding Of: Charles Schwab 401K > Schwab 893",,,False,100,OSK,accepted,house_ptr_structure+v8_1,False,False,False,10/31/2025,False,,valid_range
20033446,Hon. Lisa McClain,Member,MI09,20033446.pdf,2025,316,SP,Oshkosh Corporation,Oshkosh Corporation,OSK,OSK,ST,P,2025-10-30,2025-11-01,1001.0,15000.0,,"$1,001 - $15,000",valid_range,New,Charles Schwab 401K > Schwab 893,,,,36,36,table,False,False,,False,0,False,True,100,True,20,False,https://disclosures-clerk.house.gov/public_disc/ptr-pdfs/2025/20033446.pdf,,,SP,Oshkosh Corporation (OSK) [ST],Oshkosh Corporation (OSK) [ST],P,10/30/2025,11/01/2025,"$1,001 - $15,000",Filing Status: New Subholding Of: Charles Schwab 401K > Schwab 893,"SP Oshkosh Corporation (OSK) [ST] P 10/30/2025 11/01/2025 $1,001 - $15,000 Filing Status: New Subholding Of: Charles Schwab 401K > Schwab 893",,,False,100,OSK,accepted,house_ptr_structure+v8_1,False,False,False,10/30/2025,False,,valid_range
20033446,Hon. Lisa McClain,Member,MI09,20033446.pdf,2025,317,SP,Oshkosh Corporation,Oshkosh Corporation,OSK,OSK,ST,S,2025-10-30,2025-11-01,1001.0,15000.0,,"$1,001 - $15,000",valid_range,New,Charles Schwab Brokerage Account 924,,,,36,36,table,False,False,,False,0,False,False,100,True,20,False,https://disclosures-clerk.house.gov/public_disc/ptr-pdfs/2025/20033446.pdf,,,SP,Oshkosh Corporation (OSK) [ST] Filing Status: New Subholding Of: Charles Schwab Brokera,Oshkosh Corporation (OSK) [ST],S age Account 924,10/30/2025,11/01/2025,"$1,001 - $15,000",,"SP Oshkosh Corporation (OSK) [ST] S 10/30/2025 11/01/2025 $1,001 - $15,000 Filing Status: New Subholding Of: Charles Schwab Brokerage Account 924",,,False,100,OSK,accepted,house_ptr_structure+v8_1,False,False,False,10/30/2025,False,,valid_range
20033446,Hon. Lisa McClain,Member,MI09,20033446.pdf,2025,318,SP,Otis Worldwide Corporation Common Stock,Otis Worldwide Corporation Common Stock,OTIS,OTIS,ST,S,2025-10-30,2025-11-01,1001.0,15000.0,,"$1,001 - $15,000",valid_range,New,Charles Schwab Brokerage Account 924,,,,36,36,table,False,False,,False,0,False,True,100,True,20,False,https://disclosures-clerk.house.gov/public_disc/ptr-pdfs/2025/20033446.pdf,,,SP,Otis Worldwide Corporation Common Stock (OTIS) [ST],Otis Worldwide Corporation Common Stock (OTIS) [ST],S,10/30/2025,11/01/2025,"$1,001 - $15,000",Filing Status: New Subholding Of: Charles Schwab Brokerage Account 924,"SP Otis Worldwide Corporation Common Stock (OTIS) [ST] S 10/30/2025 11/01/2025 $1,001 - $15,000 Filing Status: New Subholding Of: Charles Schwab Brokerage Account 924",,,False,100,OTIS,accepted,house_ptr_structure+v8_1,False,False,False,10/30/2025,False,,valid_range
20033446,Hon. Lisa McClain,Member,MI09,20033446.pdf,2025,319,SP,Otis Worldwide Corporation Common Stock,Otis Worldwide Corporation Common Stock,OTIS,OTIS,ST,P,2025-10-30,2025-11-01,1001.0,15000.0,,"$1,001 - $15,000",valid_range,New,Charles Schwab 401K > Schwab 893,,,,36,36,table,False,False,,False,0,False,False,100,True,20,False,https://disclosures-clerk.house.gov/public_disc/ptr-pdfs/2025/20033446.pdf,,,SP,Otis Worldwide Corporation Common Stock (OTIS) [ST] Filing Status: New Subholding Of: Charles Schwab 401K >,Otis Worldwide Corporation Common Stock (OTIS) [ST],P Schwab 893,10/30/2025,11/01/2025,"$1,001 - $15,000",,"SP Otis Worldwide Corporation Common Stock (OTIS) [ST] P 10/30/2025 11/01/2025 $1,001 - $15,000 Filing Status: New Subholding Of: Charles Schwab 401K > Schwab 893",,,False,100,OTIS,accepted,house_ptr_structure+v8_1,False,False,False,10/30/2025,False,,valid_range
20033446,Hon. Lisa McClain,Member,MI09,20033446.pdf,2025,320,SP,Otis Worldwide Corporation Common Stock,Otis Worldwide Corporation Common Stock,OTIS,OTIS,ST,S,2025-10-31,2025-11-01,1001.0,15000.0,,"$1,001 - $15,000",valid_range,New,Charles Schwab 401K > Schwab 893,,,,36,36,table,False,False,,False,0,False,True,100,True,20,False,https://disclosures-clerk.house.gov/public_disc/ptr-pdfs/2025/20033446.pdf,,,SP,Otis Worldwide Corporation Common Stock (OTIS) [ST],Otis Worldwide Corporation Common Stock (OTIS) [ST],S,10/31/2025,11/01/2025,"$1,001 - $15,000",Filing Status: New Subholding Of: Charles Schwab 401K > Schwab 893,"SP Otis Worldwide Corporation Common Stock (OTIS) [ST] S 10/31/2025 11/01/2025 $1,001 - $15,000 Filing Status: New Subholding Of: Charles Schwab 401K > Schwab 893",,,False,100,OTIS,accepted,house_ptr_structure+v8_1,False,False,False,10/31/2025,False,,valid_range
20033446,Hon. Lisa McClain,Member,MI09,20033446.pdf,2025,321,SP,Palantir Technologies Inc. - Class A Common Stock,Palantir Technologies Inc. - Class A Common Stock,PLTR,PLTR,ST,S,2025-10-31,2025-11-01,1001.0,15000.0,,"$1,001 - $15,000",valid_range,New,Charles Schwab 401K > Schwab 893,,,,36,36,table,False,False,,False,0,False,False,100,True,20,False,https://disclosures-clerk.house.gov/public_disc/ptr-pdfs/2025/20033446.pdf,,,SP,Palantir Technologies Inc. - Class A Common Stock (PLTR) [ST] Filing Status: New Subholding Of: Charles Schwab 401K >,Palantir Technologies Inc. - Class A Common Stock (PLTR) [ST],S Schwab 893,10/31/2025,11/01/2025,"$1,001 - $15,000",,"SP Palantir Technologies Inc. - Class A Common Stock (PLTR) [ST] S 10/31/2025 11/01/2025 $1,001 - $15,000 Filing Status: New Subholding Of: Charles Schwab 401K > Schwab 893",,,False,100,PLTR,accepted,house_ptr_structure+v8_1,False,False,False,10/31/2025,False,,valid_range
20033446,Hon. Lisa McClain,Member,MI09,20033446.pdf,2025,322,SP,Palantir Technologies Inc. - Class A Common Stock,Palantir Technologies Inc. - Class A Common Stock,PLTR,PLTR,ST,P,2025-10-30,2025-11-01,1001.0,15000.0,,"$1,001 - $15,000",valid_range,New,Charles Schwab 401K > Schwab 893,,,,36,36,table,False,False,,False,0,False,True,100,True,20,False,https://disclosures-clerk.house.gov/public_disc/ptr-pdfs/2025/20033446.pdf,,,SP,Palantir Technologies Inc. - Class A Common Stock (PLTR) [ST],Palantir Technologies Inc. - Class A Common Stock (PLTR) [ST],P,10/30/2025,11/01/2025,"$1,001 - $15,000",Filing Status: New Subholding Of: Charles Schwab 401K > Schwab 893,"SP Palantir Technologies Inc. - Class A Common Stock (PLTR) [ST] P 10/30/2025 11/01/2025 $1,001 - $15,000 Filing Status: New Subholding Of: Charles Schwab 401K > Schwab 893",,,False,100,PLTR,accepted,house_ptr_structure+v8_1,False,False,False,10/30/2025,False,,valid_range
20033446,Hon. Lisa McClain,Member,MI09,20033446.pdf,2025,323,SP,Palantir Technologies Inc. - Class A Common Stock,Palantir Technologies Inc. - Class A Common Stock,PLTR,PLTR,ST,S,2025-10-30,2025-11-01,1001.0,15000.0,,"$1,001 - $15,000",valid_range,New,Charles Schwab Brokerage Account 924,,,,36,36,table,False,False,,False,0,False,False,100,True,20,False,https://disclosures-clerk.house.gov/public_disc/ptr-pdfs/2025/20033446.pdf,,,SP,Palantir Technologies Inc. - Class A Common Stock (PLTR) [ST] Filing Status: New Subholding Of: Charles Schwab Brokera,Palantir Technologies Inc. - Class A Common Stock (PLTR) [ST],S age Account 924,10/30/2025,11/01/2025,"$1,001 - $15,000",,"SP Palantir Technologies Inc. - Class A Common Stock (PLTR) [ST] S 10/30/2025 11/01/2025 $1,001 - $15,000 Filing Status: New Subholding Of: Charles Schwab Brokerage Account 924",,,False,100,PLTR,accepted,house_ptr_structure+v8_1,False,False,False,10/30/2025,False,,valid_range
20033446,Hon. Lisa McClain,Member,MI09,20033446.pdf,2025,324,SP,PDD Holdings Inc. - American Depositary Shares,PDD Holdings Inc. - American Depositary Shares,PDD,PDD,ST,S,2025-10-30,2025-11-01,1001.0,15000.0,,"$1,001 - $15,000",valid_range,New,Charles Schwab Brokerage Account 924,,,,36,37,table,False,False,,True,0,False,True,98,True,20,False,https://disclosures-clerk.house.gov/public_disc/ptr-pdfs/2025/20033446.pdf,,,SP,PDD Holdings Inc. - American Depositary Shares (PDD) [ST],PDD Holdings Inc. - American Depositary Shares (PDD) [ST] ID Owner Asset Transaction Type Date Notification Date Amount Cap. Gains > $200?,S,10/30/2025,11/01/2025,"$1,001 - $15,000",ID Owner Asset Transaction Type Date Notification Date Amount Cap. Gains > $200? Filing Status: New Subholding Of: Charles Schwab Brokerage Account 924,"SP PDD Holdings Inc. - American Depositary Shares (PDD) [ST] S 10/30/2025 11/01/2025 $1,001 - $15,000 ID Owner Asset Transaction Type Date Notification Date Amount Cap. Gains > $200? Filing Status: New Subholding Of: Charles Schwab Brokerage Account 924",,,False,98,PDD,accepted,house_ptr_structure+v8_1,False,False,False,10/30/2025,False,,valid_range
20033446,Hon. Lisa McClain,Member,MI09,20033446.pdf,2025,325,SP,PDD Holdings Inc. - American Depositary Shares,PDD Holdings Inc. - American Depositary Shares,PDD,PDD,ST,P,2025-10-30,2025-11-01,1001.0,15000.0,,"$1,001 - $15,000",valid_range,New,Charles Schwab 401K > Schwab 893,,,,37,37,table,False,False,,False,0,False,False,100,True,20,False,https://disclosures-clerk.house.gov/public_disc/ptr-pdfs/2025/20033446.pdf,,,SP,PDD Holdings Inc. - American Depositary Shares (PDD) [ST] Filing Status: New Subholding Of: Charles Schwab 401K >,PDD Holdings Inc. - American Depositary Shares (PDD) [ST],P Schwab 893,10/30/2025,11/01/2025,"$1,001 - $15,000",,"SP PDD Holdings Inc. - American Depositary Shares (PDD) [ST] P 10/30/2025 11/01/2025 $1,001 - $15,000 Filing Status: New Subholding Of: Charles Schwab 401K > Schwab 893",,,False,100,PDD,accepted,house_ptr_structure+v8_1,False,False,False,10/30/2025,False,,valid_range
20033446,Hon. Lisa McClain,Member,MI09,20033446.pdf,2025,326,SP,PDD Holdings Inc. - American Depositary Shares,PDD Holdings Inc. - American Depositary Shares,PDD,PDD,ST,S,2025-10-31,2025-11-01,1001.0,15000.0,,"$1,001 - $15,000",valid_range,New,Charles Schwab 401K > Schwab 893,,,,37,37,table,False,False,,False,0,False,True,100,True,20,False,https://disclosures-clerk.house.gov/public_disc/ptr-pdfs/2025/20033446.pdf,,,SP,PDD Holdings Inc. - American Depositary Shares (PDD) [ST],PDD Holdings Inc. - American Depositary Shares (PDD) [ST],S,10/31/2025,11/01/2025,"$1,001 - $15,000",Filing Status: New Subholding Of: Charles Schwab 401K > Schwab 893,"SP PDD Holdings Inc. - American Depositary Shares (PDD) [ST] S 10/31/2025 11/01/2025 $1,001 - $15,000 Filing Status: New Subholding Of: Charles Schwab 401K > Schwab 893",,,False,100,PDD,accepted,house_ptr_structure+v8_1,False,False,False,10/31/2025,False,,valid_range
20033446,Hon. Lisa McClain,Member,MI09,20033446.pdf,2025,327,SP,"Pepsico, Inc.","Pepsico, Inc.",PEP,PEP,ST,S,2025-10-31,2025-11-01,1001.0,15000.0,,"$1,001 - $15,000",valid_range,New,Charles Schwab 401K > Schwab 893,,,,37,37,table,False,False,,False,0,False,False,100,True,20,False,https://disclosures-clerk.house.gov/public_disc/ptr-pdfs/2025/20033446.pdf,,,SP,"Pepsico, Inc. (PEP) [ST] Filing Status: New Subholding Of: Charles Schwab 401K >","Pepsico, Inc. (PEP) [ST]",S Schwab 893,10/31/2025,11/01/2025,"$1,001 - $15,000",,"SP Pepsico, Inc. (PEP) [ST] S 10/31/2025 11/01/2025 $1,001 - $15,000 Filing Status: New Subholding Of: Charles Schwab 401K > Schwab 893",,,False,100,PEP,accepted,house_ptr_structure+v8_1,False,False,False,10/31/2025,False,,valid_range
20033446,Hon. Lisa McClain,Member,MI09,20033446.pdf,2025,328,SP,"Pepsico, Inc.","Pepsico, Inc.",PEP,PEP,ST,P,2025-10-30,2025-11-01,1001.0,15000.0,,"$1,001 - $15,000",valid_range,New,Charles Schwab 401K > Schwab 893,,,,37,37,table,False,False,,False,0,False,True,100,True,20,False,https://disclosures-clerk.house.gov/public_disc/ptr-pdfs/2025/20033446.pdf,,,SP,"Pepsico, Inc. (PEP) [ST]","Pepsico, Inc. (PEP) [ST]",P,10/30/2025,11/01/2025,"$1,001 - $15,000",Filing Status: New Subholding Of: Charles Schwab 401K > Schwab 893,"SP Pepsico, Inc. (PEP) [ST] P 10/30/2025 11/01/2025 $1,001 - $15,000 Filing Status: New Subholding Of: Charles Schwab 401K > Schwab 893",,,False,100,PEP,accepted,house_ptr_structure+v8_1,False,False,False,10/30/2025,False,,valid_range
20033446,Hon. Lisa McClain,Member,MI09,20033446.pdf,2025,329,SP,"Pepsico, Inc.","Pepsico, Inc.",PEP,PEP,ST,S,2025-10-30,2025-11-01,1001.0,15000.0,,"$1,001 - $15,000",valid_range,New,Charles Schwab Brokerage Account 924,,,,37,37,table,False,False,,False,0,False,False,100,True,20,False,https://disclosures-clerk.house.gov/public_disc/ptr-pdfs/2025/20033446.pdf,,,SP,"Pepsico, Inc. (PEP) [ST] Filing Status: New Subholding Of: Charles Schwab Brokera","Pepsico, Inc. (PEP) [ST]",S age Account 924,10/30/2025,11/01/2025,"$1,001 - $15,000",,"SP Pepsico, Inc. (PEP) [ST] S 10/30/2025 11/01/2025 $1,001 - $15,000 Filing Status: New Subholding Of: Charles Schwab Brokerage Account 924",,,False,100,PEP,accepted,house_ptr_structure+v8_1,False,False,False,10/30/2025,False,,valid_range
20033446,Hon. Lisa McClain,Member,MI09,20033446.pdf,2025,330,SP,Performance Food Group Company Common Stock,Performance Food Group Company Common Stock,PFGC,PFGC,ST,S,2025-10-30,2025-11-01,1001.0,15000.0,,"$1,001 - $15,000",valid_range,New,Charles Schwab Brokerage Account 924,,,,37,37,table,False,False,,False,0,False,True,100,True,20,False,https://disclosures-clerk.house.gov/public_disc/ptr-pdfs/2025/20033446.pdf,,,SP,Performance Food Group Company Common Stock (PFGC) [ST],Performance Food Group Company Common Stock (PFGC) [ST],S,10/30/2025,11/01/2025,"$1,001 - $15,000",Filing Status: New Subholding Of: Charles Schwab Brokerage Account 924,"SP Performance Food Group Company Common Stock (PFGC) [ST] S 10/30/2025 11/01/2025 $1,001 - $15,000 Filing Status: New Subholding Of: Charles Schwab Brokerage Account 924",,,False,100,PFGC,accepted,house_ptr_structure+v8_1,False,False,False,10/30/2025,False,,valid_range
20033446,Hon. Lisa McClain,Member,MI09,20033446.pdf,2025,331,SP,Performance Food Group Company Common Stock,Performance Food Group Company Common Stock,PFGC,PFGC,ST,P,2025-10-30,2025-11-01,1001.0,15000.0,,"$1,001 - $15,000",valid_range,New,Charles Schwab 401K > Schwab 893,,,,37,37,table,False,False,,False,0,False,False,100,True,20,False,https://disclosures-clerk.house.gov/public_disc/ptr-pdfs/2025/20033446.pdf,,,SP,Performance Food Group Company Common Stock (PFGC) [ST] Filing Status: New Subholding Of: Charles Schwab 401K >,Performance Food Group Company Common Stock (PFGC) [ST],P Schwab 893,10/30/2025,11/01/2025,"$1,001 - $15,000",,"SP Performance Food Group Company Common Stock (PFGC) [ST] P 10/30/2025 11/01/2025 $1,001 - $15,000 Filing Status: New Subholding Of: Charles Schwab 401K > Schwab 893",,,False,100,PFGC,accepted,house_ptr_structure+v8_1,False,False,False,10/30/2025,False,,valid_range
20033446,Hon. Lisa McClain,Member,MI09,20033446.pdf,2025,332,SP,Performance Food Group Company Common Stock,Performance Food Group Company Common Stock,PFGC,PFGC,ST,S,2025-10-31,2025-11-01,1001.0,15000.0,,"$1,001 - $15,000",valid_range,New,Charles Schwab 401K > Schwab 893,,,,37,37,table,False,False,,False,0,False,True,100,True,20,False,https://disclosures-clerk.house.gov/public_disc/ptr-pdfs/2025/20033446.pdf,,,SP,Performance Food Group Company Common Stock (PFGC) [ST],Performance Food Group Company Common Stock (PFGC) [ST],S,10/31/2025,11/01/2025,"$1,001 - $15,000",Filing Status: New Subholding Of: Charles Schwab 401K > Schwab 893,"SP Performance Food Group Company Common Stock (PFGC) [ST] S 10/31/2025 11/01/2025 $1,001 - $15,000 Filing Status: New Subholding Of: Charles Schwab 401K > Schwab 893",,,False,100,PFGC,accepted,house_ptr_structure+v8_1,False,False,False,10/31/2025,False,,valid_range
20033446,Hon. Lisa McClain,Member,MI09,20033446.pdf,2025,333,SP,Polaris Inc. Common Stock,Polaris Inc. Common Stock,PII,PII,ST,S,2025-10-31,2025-11-01,1001.0,15000.0,,"$1,001 - $15,000",valid_range,New,Charles Schwab 401K > Schwab 893,,,,37,37,table,False,False,,False,0,False,False,100,True,20,False,https://disclosures-clerk.house.gov/public_disc/ptr-pdfs/2025/20033446.pdf,,,SP,Polaris Inc. Common Stock (PII) [ST] Filing Status: New Subholding Of: Charles Schwab 401K >,Polaris Inc. Common Stock (PII) [ST],S Schwab 893,10/31/2025,11/01/2025,"$1,001 - $15,000",,"SP Polaris Inc. Common Stock (PII) [ST] S 10/31/2025 11/01/2025 $1,001 - $15,000 Filing Status: New Subholding Of: Charles Schwab 401K > Schwab 893",,,False,100,PII,accepted,house_ptr_structure+v8_1,False,False,False,10/31/2025,False,,valid_range
20033446,Hon. Lisa McClain,Member,MI09,20033446.pdf,2025,334,SP,Polaris Inc. Common Stock,Polaris Inc. Common Stock,PII,PII,ST,P,2025-10-30,2025-11-01,1001.0,15000.0,,"$1,001 - $15,000",valid_range,New,Charles Schwab 401K > Schwab 893,,,,38,38,table,False,False,,False,0,False,True,100,True,20,False,https://disclosures-clerk.house.gov/public_disc/ptr-pdfs/2025/20033446.pdf,,,SP,Polaris Inc. Common Stock (PII) [ST],Polaris Inc. Common Stock (PII) [ST],P,10/30/2025,11/01/2025,"$1,001 - $15,000",Filing Status: New Subholding Of: Charles Schwab 401K > Schwab 893,"SP Polaris Inc. Common Stock (PII) [ST] P 10/30/2025 11/01/2025 $1,001 - $15,000 Filing Status: New Subholding Of: Charles Schwab 401K > Schwab 893",,,False,100,PII,accepted,house_ptr_structure+v8_1,False,False,False,10/30/2025,False,,valid_range
20033446,Hon. Lisa McClain,Member,MI09,20033446.pdf,2025,335,SP,Polaris Inc. Common Stock,Polaris Inc. Common Stock,PII,PII,ST,S,2025-10-30,2025-11-01,1001.0,15000.0,,"$1,001 - $15,000",valid_range,New,Charles Schwab Brokerage Account 924,,,,38,38,table,False,False,,False,0,False,False,100,True,20,False,https://disclosures-clerk.house.gov/public_disc/ptr-pdfs/2025/20033446.pdf,,,SP,Polaris Inc. Common Stock (PII) [ST] Filing Status: New Subholding Of: Charles Schwab Brokera,Polaris Inc. Common Stock (PII) [ST],S age Account 924,10/30/2025,11/01/2025,"$1,001 - $15,000",,"SP Polaris Inc. Common Stock (PII) [ST] S 10/30/2025 11/01/2025 $1,001 - $15,000 Filing Status: New Subholding Of: Charles Schwab Brokerage Account 924",,,False,100,PII,accepted,house_ptr_structure+v8_1,False,False,False,10/30/2025,False,,valid_range
20033446,Hon. Lisa McClain,Member,MI09,20033446.pdf,2025,336,SP,Principal Financial Group Inc,Principal Financial Group Inc,PFG,PFG,ST,S,2025-10-30,2025-11-01,1001.0,15000.0,,"$1,001 - $15,000",valid_range,New,Charles Schwab Brokerage Account 924,,,,38,38,table,False,False,,False,0,False,True,100,True,20,False,https://disclosures-clerk.house.gov/public_disc/ptr-pdfs/2025/20033446.pdf,,,SP,Principal Financial Group Inc (PFG) [ST],Principal Financial Group Inc (PFG) [ST],S,10/30/2025,11/01/2025,"$1,001 - $15,000",Filing Status: New Subholding Of: Charles Schwab Brokerage Account 924,"SP Principal Financial Group Inc (PFG) [ST] S 10/30/2025 11/01/2025 $1,001 - $15,000 Filing Status: New Subholding Of: Charles Schwab Brokerage Account 924",,,False,100,PFG,accepted,house_ptr_structure+v8_1,False,False,False,10/30/2025,False,,valid_range
20033446,Hon. Lisa McClain,Member,MI09,20033446.pdf,2025,337,SP,Principal Financial Group Inc,Principal Financial Group Inc,PFG,PFG,ST,P,2025-10-30,2025-11-01,1001.0,15000.0,,"$1,001 - $15,000",valid_range,New,Charles Schwab 401K > Schwab 893,,,,38,38,table,False,False,,False,0,False,False,100,True,20,False,https://disclosures-clerk.house.gov/public_disc/ptr-pdfs/2025/20033446.pdf,,,SP,Principal Financial Group Inc (PFG) [ST] Filing Status: New Subholding Of: Charles Schwab 401K >,Principal Financial Group Inc (PFG) [ST],P Schwab 893,10/30/2025,11/01/2025,"$1,001 - $15,000",,"SP Principal Financial Group Inc (PFG) [ST] P 10/30/2025 11/01/2025 $1,001 - $15,000 Filing Status: New Subholding Of: Charles Schwab 401K > Schwab 893",,,False,100,PFG,accepted,house_ptr_structure+v8_1,False,False,False,10/30/2025,False,,valid_range
20033446,Hon. Lisa McClain,Member,MI09,20033446.pdf,2025,338,SP,Principal Financial Group Inc,Principal Financial Group Inc,PFG,PFG,ST,S,2025-10-31,2025-11-01,1001.0,15000.0,,"$1,001 - $15,000",valid_range,New,Charles Schwab 401K > Schwab 893,,,,38,38,table,False,False,,False,0,False,True,100,True,20,False,https://disclosures-clerk.house.gov/public_disc/ptr-pdfs/2025/20033446.pdf,,,SP,Principal Financial Group Inc (PFG) [ST],Principal Financial Group Inc (PFG) [ST],S,10/31/2025,11/01/2025,"$1,001 - $15,000",Filing Status: New Subholding Of: Charles Schwab 401K > Schwab 893,"SP Principal Financial Group Inc (PFG) [ST] S 10/31/2025 11/01/2025 $1,001 - $15,000 Filing Status: New Subholding Of: Charles Schwab 401K > Schwab 893",,,False,100,PFG,accepted,house_ptr_structure+v8_1,False,False,False,10/31/2025,False,,valid_range
20033446,Hon. Lisa McClain,Member,MI09,20033446.pdf,2025,339,SP,"Pure Storage, Inc. Class A Common Stock","Pure Storage, Inc. Class A Common Stock",PSTG,PSTG,ST,S,2025-10-31,2025-11-01,1001.0,15000.0,,"$1,001 - $15,000",valid_range,New,Charles Schwab 401K > Schwab 893,,,,38,38,table,False,False,,False,0,False,False,100,True,20,False,https://disclosures-clerk.house.gov/public_disc/ptr-pdfs/2025/20033446.pdf,,,SP,"Pure Storage, Inc. Class A Common Stock (PSTG) [ST] Filing Status: New Subholding Of: Charles Schwab 401K >","Pure Storage, Inc. Class A Common Stock (PSTG) [ST]",S Schwab 893,10/31/2025,11/01/2025,"$1,001 - $15,000",,"SP Pure Storage, Inc. Class A Common Stock (PSTG) [ST] S 10/31/2025 11/01/2025 $1,001 - $15,000 Filing Status: New Subholding Of: Charles Schwab 401K > Schwab 893",,,False,100,PSTG,accepted,house_ptr_structure+v8_1,False,False,False,10/31/2025,False,,valid_range
20033446,Hon. Lisa McClain,Member,MI09,20033446.pdf,2025,340,SP,"Pure Storage, Inc. Class A Common Stock","Pure Storage, Inc. Class A Common Stock",PSTG,PSTG,ST,P,2025-10-30,2025-11-01,1001.0,15000.0,,"$1,001 - $15,000",valid_range,New,Charles Schwab 401K > Schwab 893,,,,38,38,table,False,False,,False,0,False,True,100,True,20,False,https://disclosures-clerk.house.gov/public_disc/ptr-pdfs/2025/20033446.pdf,,,SP,"Pure Storage, Inc. Class A Common Stock (PSTG) [ST]","Pure Storage, Inc. Class A Common Stock (PSTG) [ST]",P,10/30/2025,11/01/2025,"$1,001 - $15,000",Filing Status: New Subholding Of: Charles Schwab 401K > Schwab 893,"SP Pure Storage, Inc. Class A Common Stock (PSTG) [ST] P 10/30/2025 11/01/2025 $1,001 - $15,000 Filing Status: New Subholding Of: Charles Schwab 401K > Schwab 893",,,False,100,PSTG,accepted,house_ptr_structure+v8_1,False,False,False,10/30/2025,False,,valid_range
20033446,Hon. Lisa McClain,Member,MI09,20033446.pdf,2025,341,SP,"Pure Storage, Inc. Class A Common Stock","Pure Storage, Inc. Class A Common Stock",PSTG,PSTG,ST,S,2025-10-30,2025-11-01,1001.0,15000.0,,"$1,001 - $15,000",valid_range,New,Charles Schwab Brokerage Account 924,,,,38,38,table,False,False,,False,0,False,False,100,True,20,False,https://disclosures-clerk.house.gov/public_disc/ptr-pdfs/2025/20033446.pdf,,,SP,"Pure Storage, Inc. Class A Common Stock (PSTG) [ST] Filing Status: New Subholding Of: Charles Schwab Brokera","Pure Storage, Inc. Class A Common Stock (PSTG) [ST]",S age Account 924,10/30/2025,11/01/2025,"$1,001 - $15,000",,"SP Pure Storage, Inc. Class A Common Stock (PSTG) [ST] S 10/30/2025 11/01/2025 $1,001 - $15,000 Filing Status: New Subholding Of: Charles Schwab Brokerage Account 924",,,False,100,PSTG,accepted,house_ptr_structure+v8_1,False,False,False,10/30/2025,False,,valid_range
20033446,Hon. Lisa McClain,Member,MI09,20033446.pdf,2025,342,SP,"Qualys, Inc. - Common Stock","Qualys, Inc. - Common Stock",QLYS,QLYS,ST,S,2025-10-30,2025-11-01,1001.0,15000.0,,"$1,001 - $15,000",valid_range,New,Charles Schwab Brokerage Account 924,,,,38,38,table,False,False,,False,0,False,True,100,True,20,False,https://disclosures-clerk.house.gov/public_disc/ptr-pdfs/2025/20033446.pdf,,,SP,"Qualys, Inc. - Common Stock (QLYS) [ST]","Qualys, Inc. - Common Stock (QLYS) [ST]",S,10/30/2025,11/01/2025,"$1,001 - $15,000",Filing Status: New Subholding Of: Charles Schwab Brokerage Account 924,"SP Qualys, Inc. - Common Stock (QLYS) [ST] S 10/30/2025 11/01/2025 $1,001 - $15,000 Filing Status: New Subholding Of: Charles Schwab Brokerage Account 924",,,False,100,QLYS,accepted,house_ptr_structure+v8_1,False,False,False,10/30/2025,False,,valid_range
20033446,Hon. Lisa McClain,Member,MI09,20033446.pdf,2025,343,SP,"Qualys, Inc. - Common Stock","Qualys, Inc. - Common Stock",QLYS,QLYS,ST,P,2025-10-30,2025-11-01,1001.0,15000.0,,"$1,001 - $15,000",valid_range,New,Charles Schwab 401K > Schwab 893,,,,39,39,table,False,False,,False,0,False,False,100,True,20,False,https://disclosures-clerk.house.gov/public_disc/ptr-pdfs/2025/20033446.pdf,,,SP,"Qualys, Inc. - Common Stock (QLYS) [ST] Filing Status: New Subholding Of: Charles Schwab 401K >","Qualys, Inc. - Common Stock (QLYS) [ST]",P Schwab 893,10/30/2025,11/01/2025,"$1,001 - $15,000",,"SP Qualys, Inc. - Common Stock (QLYS) [ST] P 10/30/2025 11/01/2025 $1,001 - $15,000 Filing Status: New Subholding Of: Charles Schwab 401K > Schwab 893",,,False,100,QLYS,accepted,house_ptr_structure+v8_1,False,False,False,10/30/2025,False,,valid_range
20033446,Hon. Lisa McClain,Member,MI09,20033446.pdf,2025,344,SP,"Qualys, Inc. - Common Stock","Qualys, Inc. - Common Stock",QLYS,QLYS,ST,S,2025-10-31,2025-11-01,1001.0,15000.0,,"$1,001 - $15,000",valid_range,New,Charles Schwab 401K > Schwab 893,,,,39,39,table,False,False,,False,0,False,True,100,True,20,False,https://disclosures-clerk.house.gov/public_disc/ptr-pdfs/2025/20033446.pdf,,,SP,"Qualys, Inc. - Common Stock (QLYS) [ST]","Qualys, Inc. - Common Stock (QLYS) [ST]",S,10/31/2025,11/01/2025,"$1,001 - $15,000",Filing Status: New Subholding Of: Charles Schwab 401K > Schwab 893,"SP Qualys, Inc. - Common Stock (QLYS) [ST] S 10/31/2025 11/01/2025 $1,001 - $15,000 Filing Status: New Subholding Of: Charles Schwab 401K > Schwab 893",,,False,100,QLYS,accepted,house_ptr_structure+v8_1,False,False,False,10/31/2025,False,,valid_range
20033446,Hon. Lisa McClain,Member,MI09,20033446.pdf,2025,345,SP,"Quanta Services, Inc. Common Stock","Quanta Services, Inc. Common Stock",PWR,PWR,ST,S,2025-10-31,2025-11-01,1001.0,15000.0,,"$1,001 - $15,000",valid_range,New,Charles Schwab 401K > Schwab 893,,,,39,39,table,False,False,,False,0,False,False,100,True,20,False,https://disclosures-clerk.house.gov/public_disc/ptr-pdfs/2025/20033446.pdf,,,SP,"Quanta Services, Inc. Common Stock (PWR) [ST] Filing Status: New Subholding Of: Charles Schwab 401K >","Quanta Services, Inc. Common Stock (PWR) [ST]",S Schwab 893,10/31/2025,11/01/2025,"$1,001 - $15,000",,"SP Quanta Services, Inc. Common Stock (PWR) [ST] S 10/31/2025 11/01/2025 $1,001 - $15,000 Filing Status: New Subholding Of: Charles Schwab 401K > Schwab 893",,,False,100,PWR,accepted,house_ptr_structure+v8_1,False,False,False,10/31/2025,False,,valid_range
20033446,Hon. Lisa McClain,Member,MI09,20033446.pdf,2025,346,SP,"Quanta Services, Inc. Common Stock","Quanta Services, Inc. Common Stock",PWR,PWR,ST,P,2025-10-30,2025-11-01,1001.0,15000.0,,"$1,001 - $15,000",valid_range,New,Charles Schwab 401K > Schwab 893,,,,39,39,table,False,False,,False,0,False,True,100,True,20,False,https://disclosures-clerk.house.gov/public_disc/ptr-pdfs/2025/20033446.pdf,,,SP,"Quanta Services, Inc. Common Stock (PWR) [ST]","Quanta Services, Inc. Common Stock (PWR) [ST]",P,10/30/2025,11/01/2025,"$1,001 - $15,000",Filing Status: New Subholding Of: Charles Schwab 401K > Schwab 893,"SP Quanta Services, Inc. Common Stock (PWR) [ST] P 10/30/2025 11/01/2025 $1,001 - $15,000 Filing Status: New Subholding Of: Charles Schwab 401K > Schwab 893",,,False,100,PWR,accepted,house_ptr_structure+v8_1,False,False,False,10/30/2025,False,,valid_range
20033446,Hon. Lisa McClain,Member,MI09,20033446.pdf,2025,347,SP,"Quanta Services, Inc. Common Stock","Quanta Services, Inc. Common Stock",PWR,PWR,ST,S,2025-10-30,2025-11-01,1001.0,15000.0,,"$1,001 - $15,000",valid_range,New,Charles Schwab Brokerage Account 924,,,,39,39,table,False,False,,False,0,False,False,100,True,20,False,https://disclosures-clerk.house.gov/public_disc/ptr-pdfs/2025/20033446.pdf,,,SP,"Quanta Services, Inc. Common Stock (PWR) [ST] Filing Status: New Subholding Of: Charles Schwab Brokera","Quanta Services, Inc. Common Stock (PWR) [ST]",S age Account 924,10/30/2025,11/01/2025,"$1,001 - $15,000",,"SP Quanta Services, Inc. Common Stock (PWR) [ST] S 10/30/2025 11/01/2025 $1,001 - $15,000 Filing Status: New Subholding Of: Charles Schwab Brokerage Account 924",,,False,100,PWR,accepted,house_ptr_structure+v8_1,False,False,False,10/30/2025,False,,valid_range
20033446,Hon. Lisa McClain,Member,MI09,20033446.pdf,2025,348,SP,"RB Global, Inc. Common Stock","RB Global, Inc. Common Stock",RBA,RBA,ST,S,2025-10-30,2025-11-01,1001.0,15000.0,,"$1,001 - $15,000",valid_range,New,Charles Schwab Brokerage Account 924,,,,39,39,table,False,False,,False,0,False,True,100,True,20,False,https://disclosures-clerk.house.gov/public_disc/ptr-pdfs/2025/20033446.pdf,,,SP,"RB Global, Inc. Common Stock (RBA) [ST]","RB Global, Inc. Common Stock (RBA) [ST]",S,10/30/2025,11/01/2025,"$1,001 - $15,000",Filing Status: New Subholding Of: Charles Schwab Brokerage Account 924,"SP RB Global, Inc. Common Stock (RBA) [ST] S 10/30/2025 11/01/2025 $1,001 - $15,000 Filing Status: New Subholding Of: Charles Schwab Brokerage Account 924",,,False,100,RBA,accepted,house_ptr_structure+v8_1,False,False,False,10/30/2025,False,,valid_range
20033446,Hon. Lisa McClain,Member,MI09,20033446.pdf,2025,349,SP,"RB Global, Inc. Common Stock","RB Global, Inc. Common Stock",RBA,RBA,ST,P,2025-10-30,2025-11-01,1001.0,15000.0,,"$1,001 - $15,000",valid_range,New,Charles Schwab 401K > Schwab 893,,,,39,39,table,False,False,,False,0,False,False,100,True,20,False,https://disclosures-clerk.house.gov/public_disc/ptr-pdfs/2025/20033446.pdf,,,SP,"RB Global, Inc. Common Stock (RBA) [ST] Filing Status: New Subholding Of: Charles Schwab 401K >","RB Global, Inc. Common Stock (RBA) [ST]",P Schwab 893,10/30/2025,11/01/2025,"$1,001 - $15,000",,"SP RB Global, Inc. Common Stock (RBA) [ST] P 10/30/2025 11/01/2025 $1,001 - $15,000 Filing Status: New Subholding Of: Charles Schwab 401K > Schwab 893",,,False,100,RBA,accepted,house_ptr_structure+v8_1,False,False,False,10/30/2025,False,,valid_range
20033446,Hon. Lisa McClain,Member,MI09,20033446.pdf,2025,350,SP,"RB Global, Inc. Common Stock","RB Global, Inc. Common Stock",RBA,RBA,ST,S,2025-10-31,2025-11-01,1001.0,15000.0,,"$1,001 - $15,000",valid_range,New,Charles Schwab 401K > Schwab 893,,,,39,39,table,False,False,,False,0,False,True,100,True,20,False,https://disclosures-clerk.house.gov/public_disc/ptr-pdfs/2025/20033446.pdf,,,SP,"RB Global, Inc. Common Stock (RBA) [ST]","RB Global, Inc. Common Stock (RBA) [ST]",S,10/31/2025,11/01/2025,"$1,001 - $15,000",Filing Status: New Subholding Of: Charles Schwab 401K > Schwab 893,"SP RB Global, Inc. Common Stock (RBA) [ST] S 10/31/2025 11/01/2025 $1,001 - $15,000 Filing Status: New Subholding Of: Charles Schwab 401K > Schwab 893",,,False,100,RBA,accepted,house_ptr_structure+v8_1,False,False,False,10/31/2025,False,,valid_range
20033446,Hon. Lisa McClain,Member,MI09,20033446.pdf,2025,351,SP,Regions Financial Corporation Common Stock,Regions Financial Corporation Common Stock,RF,RF,ST,S,2025-10-31,2025-11-01,1001.0,15000.0,,"$1,001 - $15,000",valid_range,New,Charles Schwab 401K > Schwab 893,,,,39,39,table,False,False,,False,0,False,False,100,True,20,False,https://disclosures-clerk.house.gov/public_disc/ptr-pdfs/2025/20033446.pdf,,,SP,Regions Financial Corporation Common Stock (RF) [ST] Filing Status: New Subholding Of: Charles Schwab 401K >,Regions Financial Corporation Common Stock (RF) [ST],S Schwab 893,10/31/2025,11/01/2025,"$1,001 - $15,000",,"SP Regions Financial Corporation Common Stock (RF) [ST] S 10/31/2025 11/01/2025 $1,001 - $15,000 Filing Status: New Subholding Of: Charles Schwab 401K > Schwab 893",,,False,100,RF,accepted,house_ptr_structure+v8_1,False,False,False,10/31/2025,False,,valid_range
20033446,Hon. Lisa McClain,Member,MI09,20033446.pdf,2025,352,SP,Regions Financial Corporation Common Stock,Regions Financial Corporation Common Stock,RF,RF,ST,P,2025-10-30,2025-11-01,1001.0,15000.0,,"$1,001 - $15,000",valid_range,New,Charles Schwab 401K > Schwab 893,,,,40,40,table,False,False,,False,0,False,True,100,True,20,False,https://disclosures-clerk.house.gov/public_disc/ptr-pdfs/2025/20033446.pdf,,,SP,Regions Financial Corporation Common Stock (RF) [ST],Regions Financial Corporation Common Stock (RF) [ST],P,10/30/2025,11/01/2025,"$1,001 - $15,000",Filing Status: New Subholding Of: Charles Schwab 401K > Schwab 893,"SP Regions Financial Corporation Common Stock (RF) [ST] P 10/30/2025 11/01/2025 $1,001 - $15,000 Filing Status: New Subholding Of: Charles Schwab 401K > Schwab 893",,,False,100,RF,accepted,house_ptr_structure+v8_1,False,False,False,10/30/2025,False,,valid_range
20033446,Hon. Lisa McClain,Member,MI09,20033446.pdf,2025,353,SP,Regions Financial Corporation Common Stock,Regions Financial Corporation Common Stock,RF,RF,ST,S,2025-10-30,2025-11-01,1001.0,15000.0,,"$1,001 - $15,000",valid_range,New,Charles Schwab Brokerage Account 924,,,,40,40,table,False,False,,False,0,False,False,100,True,20,False,https://disclosures-clerk.house.gov/public_disc/ptr-pdfs/2025/20033446.pdf,,,SP,Regions Financial Corporation Common Stock (RF) [ST] Filing Status: New Subholding Of: Charles Schwab Brokera,Regions Financial Corporation Common Stock (RF) [ST],S age Account 924,10/30/2025,11/01/2025,"$1,001 - $15,000",,"SP Regions Financial Corporation Common Stock (RF) [ST] S 10/30/2025 11/01/2025 $1,001 - $15,000 Filing Status: New Subholding Of: Charles Schwab Brokerage Account 924",,,False,100,RF,accepted,house_ptr_structure+v8_1,False,False,False,10/30/2025,False,,valid_range
20033446,Hon. Lisa McClain,Member,MI09,20033446.pdf,2025,354,SP,Repligen Corporation - Common Stock,Repligen Corporation - Common Stock,RGEN,RGEN,ST,S,2025-10-30,2025-11-01,1001.0,15000.0,,"$1,001 - $15,000",valid_range,New,Charles Schwab Brokerage Account 924,,,,40,40,table,False,False,,False,0,False,True,100,True,20,False,https://disclosures-clerk.house.gov/public_disc/ptr-pdfs/2025/20033446.pdf,,,SP,Repligen Corporation - Common Stock (RGEN) [ST],Repligen Corporation - Common Stock (RGEN) [ST],S,10/30/2025,11/01/2025,"$1,001 - $15,000",Filing Status: New Subholding Of: Charles Schwab Brokerage Account 924,"SP Repligen Corporation - Common Stock (RGEN) [ST] S 10/30/2025 11/01/2025 $1,001 - $15,000 Filing Status: New Subholding Of: Charles Schwab Brokerage Account 924",,,False,100,RGEN,accepted,house_ptr_structure+v8_1,False,False,False,10/30/2025,False,,valid_range
20033446,Hon. Lisa McClain,Member,MI09,20033446.pdf,2025,355,SP,Repligen Corporation - Common Stock,Repligen Corporation - Common Stock,RGEN,RGEN,ST,P,2025-10-30,2025-11-01,1001.0,15000.0,,"$1,001 - $15,000",valid_range,New,Charles Schwab 401K > Schwab 893,,,,40,40,table,False,False,,False,0,False,False,100,True,20,False,https://disclosures-clerk.house.gov/public_disc/ptr-pdfs/2025/20033446.pdf,,,SP,Repligen Corporation - Common Stock (RGEN) [ST] Filing Status: New Subholding Of: Charles Schwab 401K >,Repligen Corporation - Common Stock (RGEN) [ST],P Schwab 893,10/30/2025,11/01/2025,"$1,001 - $15,000",,"SP Repligen Corporation - Common Stock (RGEN) [ST] P 10/30/2025 11/01/2025 $1,001 - $15,000 Filing Status: New Subholding Of: Charles Schwab 401K > Schwab 893",,,False,100,RGEN,accepted,house_ptr_structure+v8_1,False,False,False,10/30/2025,False,,valid_range
20033446,Hon. Lisa McClain,Member,MI09,20033446.pdf,2025,356,SP,Repligen Corporation - Common Stock,Repligen Corporation - Common Stock,RGEN,RGEN,ST,S,2025-10-31,2025-11-01,1001.0,15000.0,,"$1,001 - $15,000",valid_range,New,Charles Schwab 401K > Schwab 893,,,,40,40,table,False,False,,False,0,False,True,100,True,20,False,https://disclosures-clerk.house.gov/public_disc/ptr-pdfs/2025/20033446.pdf,,,SP,Repligen Corporation - Common Stock (RGEN) [ST],Repligen Corporation - Common Stock (RGEN) [ST],S,10/31/2025,11/01/2025,"$1,001 - $15,000",Filing Status: New Subholding Of: Charles Schwab 401K > Schwab 893,"SP Repligen Corporation - Common Stock (RGEN) [ST] S 10/31/2025 11/01/2025 $1,001 - $15,000 Filing Status: New Subholding Of: Charles Schwab 401K > Schwab 893",,,False,100,RGEN,accepted,house_ptr_structure+v8_1,False,False,False,10/31/2025,False,,valid_range
20033446,Hon. Lisa McClain,Member,MI09,20033446.pdf,2025,357,SP,Rio Tinto Plc Common Stock,Rio Tinto Plc Common Stock,RIO,RIO,ST,S,2025-10-31,2025-11-01,1001.0,15000.0,,"$1,001 - $15,000",valid_range,New,Charles Schwab 401K > Schwab 893,,,,40,40,table,False,False,,False,0,False,False,100,True,20,False,https://disclosures-clerk.house.gov/public_disc/ptr-pdfs/2025/20033446.pdf,,,SP,Rio Tinto Plc Common Stock (RIO) [ST] Filing Status: New Subholding Of: Charles Schwab 401K >,Rio Tinto Plc Common Stock (RIO) [ST],S Schwab 893,10/31/2025,11/01/2025,"$1,001 - $15,000",,"SP Rio Tinto Plc Common Stock (RIO) [ST] S 10/31/2025 11/01/2025 $1,001 - $15,000 Filing Status: New Subholding Of: Charles Schwab 401K > Schwab 893",,,False,100,RIO,accepted,house_ptr_structure+v8_1,False,False,False,10/31/2025,False,,valid_range
20033446,Hon. Lisa McClain,Member,MI09,20033446.pdf,2025,358,SP,Rio Tinto Plc Common Stock,Rio Tinto Plc Common Stock,RIO,RIO,ST,P,2025-10-30,2025-11-01,1001.0,15000.0,,"$1,001 - $15,000",valid_range,New,Charles Schwab 401K > Schwab 893,,,,40,40,table,False,False,,False,0,False,True,100,True,20,False,https://disclosures-clerk.house.gov/public_disc/ptr-pdfs/2025/20033446.pdf,,,SP,Rio Tinto Plc Common Stock (RIO) [ST],Rio Tinto Plc Common Stock (RIO) [ST],P,10/30/2025,11/01/2025,"$1,001 - $15,000",Filing Status: New Subholding Of: Charles Schwab 401K > Schwab 893,"SP Rio Tinto Plc Common Stock (RIO) [ST] P 10/30/2025 11/01/2025 $1,001 - $15,000 Filing Status: New Subholding Of: Charles Schwab 401K > Schwab 893",,,False,100,RIO,accepted,house_ptr_structure+v8_1,False,False,False,10/30/2025,False,,valid_range
20033446,Hon. Lisa McClain,Member,MI09,20033446.pdf,2025,359,SP,Rio Tinto Plc Common Stock,Rio Tinto Plc Common Stock,RIO,RIO,ST,S,2025-10-30,2025-11-01,1001.0,15000.0,,"$1,001 - $15,000",valid_range,New,Charles Schwab Brokerage Account 924,,,,40,40,table,False,False,,False,0,False,False,100,True,20,False,https://disclosures-clerk.house.gov/public_disc/ptr-pdfs/2025/20033446.pdf,,,SP,Rio Tinto Plc Common Stock (RIO) [ST] Filing Status: New Subholding Of: Charles Schwab Brokera,Rio Tinto Plc Common Stock (RIO) [ST],S age Account 924,10/30/2025,11/01/2025,"$1,001 - $15,000",,"SP Rio Tinto Plc Common Stock (RIO) [ST] S 10/30/2025 11/01/2025 $1,001 - $15,000 Filing Status: New Subholding Of: Charles Schwab Brokerage Account 924",,,False,100,RIO,accepted,house_ptr_structure+v8_1,False,False,False,10/30/2025,False,,valid_range
20033446,Hon. Lisa McClain,Member,MI09,20033446.pdf,2025,360,SP,Roivant Sciences Ltd. - Common Shares,Roivant Sciences Ltd. - Common Shares,ROIV,ROIV,ST,S,2025-10-30,2025-11-01,1001.0,15000.0,,"$1,001 - $15,000",valid_range,New,Charles Schwab Brokerage Account 924,,,,40,40,table,False,False,,False,0,False,True,100,True,20,False,https://disclosures-clerk.house.gov/public_disc/ptr-pdfs/2025/20033446.pdf,,,SP,Roivant Sciences Ltd. - Common Shares (ROIV) [ST],Roivant Sciences Ltd. - Common Shares (ROIV) [ST],S,10/30/2025,11/01/2025,"$1,001 - $15,000",Filing Status: New Subholding Of: Charles Schwab Brokerage Account 924,"SP Roivant Sciences Ltd. - Common Shares (ROIV) [ST] S 10/30/2025 11/01/2025 $1,001 - $15,000 Filing Status: New Subholding Of: Charles Schwab Brokerage Account 924",,,False,100,ROIV,accepted,house_ptr_structure+v8_1,False,False,False,10/30/2025,False,,valid_range
20033446,Hon. Lisa McClain,Member,MI09,20033446.pdf,2025,361,SP,Roivant Sciences Ltd. - Common Shares,Roivant Sciences Ltd. - Common Shares,ROIV,ROIV,ST,P,2025-10-30,2025-11-01,1001.0,15000.0,,"$1,001 - $15,000",valid_range,New,Charles Schwab 401K > Schwab 893,,,,41,41,table,False,False,,False,0,False,False,100,True,20,False,https://disclosures-clerk.house.gov/public_disc/ptr-pdfs/2025/20033446.pdf,,,SP,Roivant Sciences Ltd. - Common Shares (ROIV) [ST] Filing Status: New Subholding Of: Charles Schwab 401K >,Roivant Sciences Ltd. - Common Shares (ROIV) [ST],P Schwab 893,10/30/2025,11/01/2025,"$1,001 - $15,000",,"SP Roivant Sciences Ltd. - Common Shares (ROIV) [ST] P 10/30/2025 11/01/2025 $1,001 - $15,000 Filing Status: New Subholding Of: Charles Schwab 401K > Schwab 893",,,False,100,ROIV,accepted,house_ptr_structure+v8_1,False,False,False,10/30/2025,False,,valid_range
20033446,Hon. Lisa McClain,Member,MI09,20033446.pdf,2025,362,SP,Roivant Sciences Ltd. - Common Shares,Roivant Sciences Ltd. - Common Shares,ROIV,ROIV,ST,S,2025-10-31,2025-11-01,1001.0,15000.0,,"$1,001 - $15,000",valid_range,New,Charles Schwab 401K > Schwab 893,,,,41,41,table,False,False,,False,0,False,True,100,True,20,False,https://disclosures-clerk.house.gov/public_disc/ptr-pdfs/2025/20033446.pdf,,,SP,Roivant Sciences Ltd. - Common Shares (ROIV) [ST],Roivant Sciences Ltd. - Common Shares (ROIV) [ST],S,10/31/2025,11/01/2025,"$1,001 - $15,000",Filing Status: New Subholding Of: Charles Schwab 401K > Schwab 893,"SP Roivant Sciences Ltd. - Common Shares (ROIV) [ST] S 10/31/2025 11/01/2025 $1,001 - $15,000 Filing Status: New Subholding Of: Charles Schwab 401K > Schwab 893",,,False,100,ROIV,accepted,house_ptr_structure+v8_1,False,False,False,10/31/2025,False,,valid_range
20033446,Hon. Lisa McClain,Member,MI09,20033446.pdf,2025,363,SP,"Rollins, Inc. Common Stock","Rollins, Inc. Common Stock",ROL,ROL,ST,S,2025-10-14,2025-11-01,1001.0,15000.0,,"$1,001 - $15,000",valid_range,New,Charles Schwab Brokerage Account 924,,,,41,41,table,False,False,,False,0,False,False,100,True,20,False,https://disclosures-clerk.house.gov/public_disc/ptr-pdfs/2025/20033446.pdf,,,SP,"Rollins, Inc. Common Stock (ROL) [ST] Filing Status: New Subholding Of: Charles Schwab Brokera","Rollins, Inc. Common Stock (ROL) [ST]",S age Account 924,10/14/2025,11/01/2025,"$1,001 - $15,000",,"SP Rollins, Inc. Common Stock (ROL) [ST] S 10/14/2025 11/01/2025 $1,001 - $15,000 Filing Status: New Subholding Of: Charles Schwab Brokerage Account 924",,,False,100,ROL,accepted,house_ptr_structure+v8_1,False,False,False,10/14/2025,False,,valid_range
20033446,Hon. Lisa McClain,Member,MI09,20033446.pdf,2025,364,SP,Sandisk Corporation - Common Stock,Sandisk Corporation - Common Stock,SNDK,SNDK,ST,S,2025-10-30,2025-11-01,1001.0,15000.0,,"$1,001 - $15,000",valid_range,New,Charles Schwab Brokerage Account 924,,,,41,41,table,False,False,,False,0,False,True,100,True,20,False,https://disclosures-clerk.house.gov/public_disc/ptr-pdfs/2025/20033446.pdf,,,SP,Sandisk Corporation - Common Stock (SNDK) [ST],Sandisk Corporation - Common Stock (SNDK) [ST],S,10/30/2025,11/01/2025,"$1,001 - $15,000",Filing Status: New Subholding Of: Charles Schwab Brokerage Account 924,"SP Sandisk Corporation - Common Stock (SNDK) [ST] S 10/30/2025 11/01/2025 $1,001 - $15,000 Filing Status: New Subholding Of: Charles Schwab Brokerage Account 924",,,False,100,SNDK,accepted,house_ptr_structure+v8_1,False,False,False,10/30/2025,False,,valid_range
20033446,Hon. Lisa McClain,Member,MI09,20033446.pdf,2025,365,SP,Sandisk Corporation - Common Stock,Sandisk Corporation - Common Stock,SNDK,SNDK,ST,P,2025-10-30,2025-11-01,1001.0,15000.0,,"$1,001 - $15,000",valid_range,New,Charles Schwab 401K > Schwab 893,,,,41,41,table,False,False,,False,0,False,False,100,True,20,False,https://disclosures-clerk.house.gov/public_disc/ptr-pdfs/2025/20033446.pdf,,,SP,Sandisk Corporation - Common Stock (SNDK) [ST] Filing Status: New Subholding Of: Charles Schwab 401K >,Sandisk Corporation - Common Stock (SNDK) [ST],P Schwab 893,10/30/2025,11/01/2025,"$1,001 - $15,000",,"SP Sandisk Corporation - Common Stock (SNDK) [ST] P 10/30/2025 11/01/2025 $1,001 - $15,000 Filing Status: New Subholding Of: Charles Schwab 401K > Schwab 893",,,False,100,SNDK,accepted,house_ptr_structure+v8_1,False,False,False,10/30/2025,False,,valid_range
20033446,Hon. Lisa McClain,Member,MI09,20033446.pdf,2025,366,SP,Sandisk Corporation - Common Stock,Sandisk Corporation - Common Stock,SNDK,SNDK,ST,S,2025-10-31,2025-11-01,1001.0,15000.0,,"$1,001 - $15,000",valid_range,New,Charles Schwab 401K > Schwab 893,,,,41,41,table,False,False,,False,0,False,True,100,True,20,False,https://disclosures-clerk.house.gov/public_disc/ptr-pdfs/2025/20033446.pdf,,,SP,Sandisk Corporation - Common Stock (SNDK) [ST],Sandisk Corporation - Common Stock (SNDK) [ST],S,10/31/2025,11/01/2025,"$1,001 - $15,000",Filing Status: New Subholding Of: Charles Schwab 401K > Schwab 893,"SP Sandisk Corporation - Common Stock (SNDK) [ST] S 10/31/2025 11/01/2025 $1,001 - $15,000 Filing Status: New Subholding Of: Charles Schwab 401K > Schwab 893",,,False,100,SNDK,accepted,house_ptr_structure+v8_1,False,False,False,10/31/2025,False,,valid_range
20033446,Hon. Lisa McClain,Member,MI09,20033446.pdf,2025,367,SP,SAP SE ADS,SAP SE ADS,SAP,SAP,ST,S,2025-10-31,2025-11-01,1001.0,15000.0,,"$1,001 - $15,000",valid_range,New,Charles Schwab 401K > Schwab 893,,,,41,41,table,False,False,,False,0,False,False,100,True,20,False,https://disclosures-clerk.house.gov/public_disc/ptr-pdfs/2025/20033446.pdf,,,SP,SAP SE ADS (SAP) [ST] Filing Status: New Subholding Of: Charles Schwab 401K >,SAP SE ADS (SAP) [ST],S Schwab 893,10/31/2025,11/01/2025,"$1,001 - $15,000",,"SP SAP SE ADS (SAP) [ST] S 10/31/2025 11/01/2025 $1,001 - $15,000 Filing Status: New Subholding Of: Charles Schwab 401K > Schwab 893",,,False,100,SAP,accepted,house_ptr_structure+v8_1,False,False,False,10/31/2025,False,,valid_range
20033446,Hon. Lisa McClain,Member,MI09,20033446.pdf,2025,368,SP,SAP SE ADS,SAP SE ADS,SAP,SAP,ST,P,2025-10-30,2025-11-01,1001.0,15000.0,,"$1,001 - $15,000",valid_range,New,Charles Schwab 401K > Schwab 893,,,,41,41,table,False,False,,False,0,False,True,100,True,20,False,https://disclosures-clerk.house.gov/public_disc/ptr-pdfs/2025/20033446.pdf,,,SP,SAP SE ADS (SAP) [ST],SAP SE ADS (SAP) [ST],P,10/30/2025,11/01/2025,"$1,001 - $15,000",Filing Status: New Subholding Of: Charles Schwab 401K > Schwab 893,"SP SAP SE ADS (SAP) [ST] P 10/30/2025 11/01/2025 $1,001 - $15,000 Filing Status: New Subholding Of: Charles Schwab 401K > Schwab 893",,,False,100,SAP,accepted,house_ptr_structure+v8_1,False,False,False,10/30/2025,False,,valid_range
20033446,Hon. Lisa McClain,Member,MI09,20033446.pdf,2025,369,SP,SAP SE ADS,SAP SE ADS,SAP,SAP,ST,S,2025-10-30,2025-11-01,1001.0,15000.0,,"$1,001 - $15,000",valid_range,New,Charles Schwab Brokerage Account 924,,,,41,41,table,False,False,,False,0,False,False,100,True,20,False,https://disclosures-clerk.house.gov/public_disc/ptr-pdfs/2025/20033446.pdf,,,SP,SAP SE ADS (SAP) [ST] Filing Status: New Subholding Of: Charles Schwab Brokera,SAP SE ADS (SAP) [ST],S age Account 924,10/30/2025,11/01/2025,"$1,001 - $15,000",,"SP SAP SE ADS (SAP) [ST] S 10/30/2025 11/01/2025 $1,001 - $15,000 Filing Status: New Subholding Of: Charles Schwab Brokerage Account 924",,,False,100,SAP,accepted,house_ptr_structure+v8_1,False,False,False,10/30/2025,False,,valid_range
20033446,Hon. Lisa McClain,Member,MI09,20033446.pdf,2025,370,SP,SAP SE ADS,SAP SE ADS,SAP,SAP,ST,S (partial),2025-10-14,2025-11-01,1001.0,15000.0,,"$1,001 - $15,000",valid_range,New,Charles Schwab Brokerage Account 924,,,,41,42,table,False,False,,True,0,False,True,98,True,20,False,https://disclosures-clerk.house.gov/public_disc/ptr-pdfs/2025/20033446.pdf,,,SP,SAP SE ADS (SAP) [ST],SAP SE ADS (SAP) [ST],S (partial),10/14/2025,11/01/2025,"$1,001 - $15,000",Filing Status: New Subholding Of: Charles Schwab Brokerage Account 924,"SP SAP SE ADS (SAP) [ST] S (partial) 10/14/2025 11/01/2025 $1,001 - $15,000 Filing Status: New Subholding Of: Charles Schwab Brokerage Account 924",,,False,98,SAP,accepted,house_ptr_structure+v8_1,False,False,False,10/14/2025,False,,valid_range
20033446,Hon. Lisa McClain,Member,MI09,20033446.pdf,2025,371,SP,"Schneider National, Inc. Common Stock","Schneider National, Inc. Common Stock",SNDR,SNDR,ST,S,2025-10-14,2025-11-01,1001.0,15000.0,,"$1,001 - $15,000",valid_range,New,Charles Schwab Brokerage Account 924,,,,42,42,table,False,False,,False,0,False,False,100,True,20,False,https://disclosures-clerk.house.gov/public_disc/ptr-pdfs/2025/20033446.pdf,,,SP,"Schneider National, Inc. Common Stock (SNDR) [ST] Filing Status: New Subholding Of: Charles Schwab Brokera","Schneider National, Inc. Common Stock (SNDR) [ST]",S age Account 924,10/14/2025,11/01/2025,"$1,001 - $15,000",,"SP Schneider National, Inc. Common Stock (SNDR) [ST] S 10/14/2025 11/01/2025 $1,001 - $15,000 Filing Status: New Subholding Of: Charles Schwab Brokerage Account 924",,,False,100,SNDR,accepted,house_ptr_structure+v8_1,False,False,False,10/14/2025,False,,valid_range
20033446,Hon. Lisa McClain,Member,MI09,20033446.pdf,2025,372,SP,Science Applications International Corporation - Common Stock,Science Applications International Corporation - Common Stock,SAIC,SAIC,ST,S,2025-10-30,2025-11-01,1001.0,15000.0,,"$1,001 - $15,000",valid_range,New,Charles Schwab Brokerage Account 924,,,,42,42,table,False,False,,False,0,False,True,100,True,20,False,https://disclosures-clerk.house.gov/public_disc/ptr-pdfs/2025/20033446.pdf,,,SP,Science Applications International Corporation - Common Stock (SAIC) [ST],Science Applications International Corporation - Common Stock (SAIC) [ST],S,10/30/2025,11/01/2025,"$1,001 - $15,000",Filing Status: New Subholding Of: Charles Schwab Brokerage Account 924,"SP Science Applications International Corporation - Common Stock (SAIC) [ST] S 10/30/2025 11/01/2025 $1,001 - $15,000 Filing Status: New Subholding Of: Charles Schwab Brokerage Account 924",,,False,100,SAIC,accepted,house_ptr_structure+v8_1,False,False,False,10/30/2025,False,,valid_range
20033446,Hon. Lisa McClain,Member,MI09,20033446.pdf,2025,373,SP,Science Applications International Corporation - Common Stock,Science Applications International Corporation - Common Stock,SAIC,SAIC,ST,P,2025-10-30,2025-11-01,1001.0,15000.0,,"$1,001 - $15,000",valid_range,New,Charles Schwab 401K > Schwab 893,,,,42,42,table,False,False,,False,0,False,False,100,True,20,False,https://disclosures-clerk.house.gov/public_disc/ptr-pdfs/2025/20033446.pdf,,,SP,Science Applications International Corporation - Common Stock (SAIC) [ST] Filing Status: New Subholding Of: Charles Schwab 401K >,Science Applications International Corporation - Common Stock (SAIC) [ST],P Schwab 893,10/30/2025,11/01/2025,"$1,001 - $15,000",,"SP Science Applications International Corporation - Common Stock (SAIC) [ST] P 10/30/2025 11/01/2025 $1,001 - $15,000 Filing Status: New Subholding Of: Charles Schwab 401K > Schwab 893",,,False,100,SAIC,accepted,house_ptr_structure+v8_1,False,False,False,10/30/2025,False,,valid_range
20033446,Hon. Lisa McClain,Member,MI09,20033446.pdf,2025,374,SP,Science Applications International Corporation - Common Stock,Science Applications International Corporation - Common Stock,SAIC,SAIC,ST,S,2025-10-31,2025-11-01,1001.0,15000.0,,"$1,001 - $15,000",valid_range,New,Charles Schwab 401K > Schwab 893,,,,42,42,table,False,False,,False,0,False,True,100,True,20,False,https://disclosures-clerk.house.gov/public_disc/ptr-pdfs/2025/20033446.pdf,,,SP,Science Applications International Corporation - Common Stock (SAIC) [ST],Science Applications International Corporation - Common Stock (SAIC) [ST],S,10/31/2025,11/01/2025,"$1,001 - $15,000",Filing Status: New Subholding Of: Charles Schwab 401K > Schwab 893,"SP Science Applications International Corporation - Common Stock (SAIC) [ST] S 10/31/2025 11/01/2025 $1,001 - $15,000 Filing Status: New Subholding Of: Charles Schwab 401K > Schwab 893",,,False,100,SAIC,accepted,house_ptr_structure+v8_1,False,False,False,10/31/2025,False,,valid_range
20033446,Hon. Lisa McClain,Member,MI09,20033446.pdf,2025,375,SP,Seacoast Banking Corporation of Florida - Common Stock,Seacoast Banking Corporation of Florida - Common Stock,SBCF,SBCF,ST,S,2025-10-31,2025-11-01,1001.0,15000.0,,"$1,001 - $15,000",valid_range,New,Charles Schwab 401K > Schwab 893,,,,42,42,table,False,False,,False,0,False,False,100,True,20,False,https://disclosures-clerk.house.gov/public_disc/ptr-pdfs/2025/20033446.pdf,,,SP,Seacoast Banking Corporation of Florida - Common Stock (SBCF) [ST] Filing Status: New Subholding Of: Charles Schwab 401K >,Seacoast Banking Corporation of Florida - Common Stock (SBCF) [ST],S Schwab 893,10/31/2025,11/01/2025,"$1,001 - $15,000",,"SP Seacoast Banking Corporation of Florida - Common Stock (SBCF) [ST] S 10/31/2025 11/01/2025 $1,001 - $15,000 Filing Status: New Subholding Of: Charles Schwab 401K > Schwab 893",,,False,100,SBCF,accepted,house_ptr_structure+v8_1,False,False,False,10/31/2025,False,,valid_range
20033446,Hon. Lisa McClain,Member,MI09,20033446.pdf,2025,376,SP,Seacoast Banking Corporation of Florida - Common Stock,Seacoast Banking Corporation of Florida - Common Stock,SBCF,SBCF,ST,P,2025-10-30,2025-11-01,1001.0,15000.0,,"$1,001 - $15,000",valid_range,New,Charles Schwab 401K > Schwab 893,,,,42,42,table,False,False,,False,0,False,True,100,True,20,False,https://disclosures-clerk.house.gov/public_disc/ptr-pdfs/2025/20033446.pdf,,,SP,Seacoast Banking Corporation of Florida - Common Stock (SBCF) [ST],Seacoast Banking Corporation of Florida - Common Stock (SBCF) [ST],P,10/30/2025,11/01/2025,"$1,001 - $15,000",Filing Status: New Subholding Of: Charles Schwab 401K > Schwab 893,"SP Seacoast Banking Corporation of Florida - Common Stock (SBCF) [ST] P 10/30/2025 11/01/2025 $1,001 - $15,000 Filing Status: New Subholding Of: Charles Schwab 401K > Schwab 893",,,False,100,SBCF,accepted,house_ptr_structure+v8_1,False,False,False,10/30/2025,False,,valid_range
20033446,Hon. Lisa McClain,Member,MI09,20033446.pdf,2025,377,SP,Seacoast Banking Corporation of Florida - Common Stock,Seacoast Banking Corporation of Florida - Common Stock,SBCF,SBCF,ST,S,2025-10-30,2025-11-01,1001.0,15000.0,,"$1,001 - $15,000",valid_range,New,Charles Schwab Brokerage Account 924,,,,42,42,table,False,False,,False,0,False,False,100,True,20,False,https://disclosures-clerk.house.gov/public_disc/ptr-pdfs/2025/20033446.pdf,,,SP,Seacoast Banking Corporation of Florida - Common Stock (SBCF) [ST] Filing Status: New Subholding Of: Charles Schwab Brokera,Seacoast Banking Corporation of Florida - Common Stock (SBCF) [ST],S age Account 924,10/30/2025,11/01/2025,"$1,001 - $15,000",,"SP Seacoast Banking Corporation of Florida - Common Stock (SBCF) [ST] S 10/30/2025 11/01/2025 $1,001 - $15,000 Filing Status: New Subholding Of: Charles Schwab Brokerage Account 924",,,False,100,SBCF,accepted,house_ptr_structure+v8_1,False,False,False,10/30/2025,False,,valid_range
20033446,Hon. Lisa McClain,Member,MI09,20033446.pdf,2025,378,SP,Shell PLC American Depositary Shares,Shell PLC American Depositary Shares,SHEL,SHEL,ST,S,2025-10-14,2025-11-01,1001.0,15000.0,,"$1,001 - $15,000",valid_range,New,Charles Schwab Brokerage Account 924,,,,42,42,table,False,False,,False,0,False,True,100,True,20,False,https://disclosures-clerk.house.gov/public_disc/ptr-pdfs/2025/20033446.pdf,,,SP,Shell PLC American Depositary Shares (SHEL) [ST],Shell PLC American Depositary Shares (SHEL) [ST],S,10/14/2025,11/01/2025,"$1,001 - $15,000",Filing Status: New Subholding Of: Charles Schwab Brokerage Account 924,"SP Shell PLC American Depositary Shares (SHEL) [ST] S 10/14/2025 11/01/2025 $1,001 - $15,000 Filing Status: New Subholding Of: Charles Schwab Brokerage Account 924",,,False,100,SHEL,accepted,house_ptr_structure+v8_1,False,False,False,10/14/2025,False,,valid_range
20033446,Hon. Lisa McClain,Member,MI09,20033446.pdf,2025,379,SP,Sherwin-Williams Company,Sherwin-Williams Company,SHW,SHW,ST,S,2025-10-30,2025-11-01,1001.0,15000.0,,"$1,001 - $15,000",valid_range,New,Charles Schwab Brokerage Account 924,,,,43,43,table,False,False,,False,0,False,False,100,True,20,False,https://disclosures-clerk.house.gov/public_disc/ptr-pdfs/2025/20033446.pdf,,,SP,Sherwin-Williams Company (SHW) [ST] Filing Status: New Subholding Of: Charles Schwab Brokera,Sherwin-Williams Company (SHW) [ST],S age Account 924,10/30/2025,11/01/2025,"$1,001 - $15,000",,"SP Sherwin-Williams Company (SHW) [ST] S 10/30/2025 11/01/2025 $1,001 - $15,000 Filing Status: New Subholding Of: Charles Schwab Brokerage Account 924",,,False,100,SHW,accepted,house_ptr_structure+v8_1,False,False,False,10/30/2025,False,,valid_range
20033446,Hon. Lisa McClain,Member,MI09,20033446.pdf,2025,380,SP,Sherwin-Williams Company,Sherwin-Williams Company,SHW,SHW,ST,P,2025-10-30,2025-11-01,1001.0,15000.0,,"$1,001 - $15,000",valid_range,New,Charles Schwab 401K > Schwab 893,,,,43,43,table,False,False,,False,0,False,True,100,True,20,False,https://disclosures-clerk.house.gov/public_disc/ptr-pdfs/2025/20033446.pdf,,,SP,Sherwin-Williams Company (SHW) [ST],Sherwin-Williams Company (SHW) [ST],P,10/30/2025,11/01/2025,"$1,001 - $15,000",Filing Status: New Subholding Of: Charles Schwab 401K > Schwab 893,"SP Sherwin-Williams Company (SHW) [ST] P 10/30/2025 11/01/2025 $1,001 - $15,000 Filing Status: New Subholding Of: Charles Schwab 401K > Schwab 893",,,False,100,SHW,accepted,house_ptr_structure+v8_1,False,False,False,10/30/2025,False,,valid_range
20033446,Hon. Lisa McClain,Member,MI09,20033446.pdf,2025,381,SP,Sherwin-Williams Company,Sherwin-Williams Company,SHW,SHW,ST,S,2025-10-31,2025-11-01,1001.0,15000.0,,"$1,001 - $15,000",valid_range,New,Charles Schwab 401K > Schwab 893,,,,43,43,table,False,False,,False,0,False,False,100,True,20,False,https://disclosures-clerk.house.gov/public_disc/ptr-pdfs/2025/20033446.pdf,,,SP,Sherwin-Williams Company (SHW) [ST] Filing Status: New Subholding Of: Charles Schwab 401K >,Sherwin-Williams Company (SHW) [ST],S Schwab 893,10/31/2025,11/01/2025,"$1,001 - $15,000",,"SP Sherwin-Williams Company (SHW) [ST] S 10/31/2025 11/01/2025 $1,001 - $15,000 Filing Status: New Subholding Of: Charles Schwab 401K > Schwab 893",,,False,100,SHW,accepted,house_ptr_structure+v8_1,False,False,False,10/31/2025,False,,valid_range
20033446,Hon. Lisa McClain,Member,MI09,20033446.pdf,2025,382,SP,SLB Limited Common Shares,SLB Limited Common Shares,SLB,SLB,ST,S,2025-10-31,2025-11-01,1001.0,15000.0,,"$1,001 - $15,000",valid_range,New,Charles Schwab 401K > Schwab 893,,,,43,43,table,False,False,,False,0,False,True,100,True,20,False,https://disclosures-clerk.house.gov/public_disc/ptr-pdfs/2025/20033446.pdf,,,SP,SLB Limited Common Shares (SLB) [ST],SLB Limited Common Shares (SLB) [ST],S,10/31/2025,11/01/2025,"$1,001 - $15,000",Filing Status: New Subholding Of: Charles Schwab 401K > Schwab 893,"SP SLB Limited Common Shares (SLB) [ST] S 10/31/2025 11/01/2025 $1,001 - $15,000 Filing Status: New Subholding Of: Charles Schwab 401K > Schwab 893",,,False,100,SLB,accepted,house_ptr_structure+v8_1,False,False,False,10/31/2025,False,,valid_range
20033446,Hon. Lisa McClain,Member,MI09,20033446.pdf,2025,383,SP,SLB Limited Common Shares,SLB Limited Common Shares,SLB,SLB,ST,P,2025-10-30,2025-11-01,1001.0,15000.0,,"$1,001 - $15,000",valid_range,New,Charles Schwab 401K > Schwab 893,,,,43,43,table,False,False,,False,0,False,False,100,True,20,False,https://disclosures-clerk.house.gov/public_disc/ptr-pdfs/2025/20033446.pdf,,,SP,SLB Limited Common Shares (SLB) [ST] Filing Status: New Subholding Of: Charles Schwab 401K >,SLB Limited Common Shares (SLB) [ST],P Schwab 893,10/30/2025,11/01/2025,"$1,001 - $15,000",,"SP SLB Limited Common Shares (SLB) [ST] P 10/30/2025 11/01/2025 $1,001 - $15,000 Filing Status: New Subholding Of: Charles Schwab 401K > Schwab 893",,,False,100,SLB,accepted,house_ptr_structure+v8_1,False,False,False,10/30/2025,False,,valid_range
20033446,Hon. Lisa McClain,Member,MI09,20033446.pdf,2025,384,SP,SLB Limited Common Shares,SLB Limited Common Shares,SLB,SLB,ST,S,2025-10-30,2025-11-01,1001.0,15000.0,,"$1,001 - $15,000",valid_range,New,Charles Schwab Brokerage Account 924,,,,43,43,table,False,False,,False,0,False,True,100,True,20,False,https://disclosures-clerk.house.gov/public_disc/ptr-pdfs/2025/20033446.pdf,,,SP,SLB Limited Common Shares (SLB) [ST],SLB Limited Common Shares (SLB) [ST],S,10/30/2025,11/01/2025,"$1,001 - $15,000",Filing Status: New Subholding Of: Charles Schwab Brokerage Account 924,"SP SLB Limited Common Shares (SLB) [ST] S 10/30/2025 11/01/2025 $1,001 - $15,000 Filing Status: New Subholding Of: Charles Schwab Brokerage Account 924",,,False,100,SLB,accepted,house_ptr_structure+v8_1,False,False,False,10/30/2025,False,,valid_range
20033446,Hon. Lisa McClain,Member,MI09,20033446.pdf,2025,385,SP,Somnigroup International Inc. Common Stock,Somnigroup International Inc. Common Stock,SGI,SGI,ST,S,2025-10-30,2025-11-01,1001.0,15000.0,,"$1,001 - $15,000",valid_range,New,Charles Schwab Brokerage Account 924,,,,43,43,table,False,False,,False,0,False,False,100,True,20,False,https://disclosures-clerk.house.gov/public_disc/ptr-pdfs/2025/20033446.pdf,,,SP,Somnigroup International Inc. Common Stock (SGI) [ST] Filing Status: New Subholding Of: Charles Schwab Brokera,Somnigroup International Inc. Common Stock (SGI) [ST],S age Account 924,10/30/2025,11/01/2025,"$1,001 - $15,000",,"SP Somnigroup International Inc. Common Stock (SGI) [ST] S 10/30/2025 11/01/2025 $1,001 - $15,000 Filing Status: New Subholding Of: Charles Schwab Brokerage Account 924",,,False,100,SGI,accepted,house_ptr_structure+v8_1,False,False,False,10/30/2025,False,,valid_range
20033446,Hon. Lisa McClain,Member,MI09,20033446.pdf,2025,386,SP,Somnigroup International Inc. Common Stock,Somnigroup International Inc. Common Stock,SGI,SGI,ST,P,2025-10-30,2025-11-01,1001.0,15000.0,,"$1,001 - $15,000",valid_range,New,Charles Schwab 401K > Schwab 893,,,,43,43,table,False,False,,False,0,False,True,100,True,20,False,https://disclosures-clerk.house.gov/public_disc/ptr-pdfs/2025/20033446.pdf,,,SP,Somnigroup International Inc. Common Stock (SGI) [ST],Somnigroup International Inc. Common Stock (SGI) [ST],P,10/30/2025,11/01/2025,"$1,001 - $15,000",Filing Status: New Subholding Of: Charles Schwab 401K > Schwab 893,"SP Somnigroup International Inc. Common Stock (SGI) [ST] P 10/30/2025 11/01/2025 $1,001 - $15,000 Filing Status: New Subholding Of: Charles Schwab 401K > Schwab 893",,,False,100,SGI,accepted,house_ptr_structure+v8_1,False,False,False,10/30/2025,False,,valid_range
20033446,Hon. Lisa McClain,Member,MI09,20033446.pdf,2025,387,SP,Somnigroup International Inc. Common Stock,Somnigroup International Inc. Common Stock,SGI,SGI,ST,S,2025-10-31,2025-11-01,1001.0,15000.0,,"$1,001 - $15,000",valid_range,New,Charles Schwab 401K > Schwab 893,,,,43,43,table,False,False,,False,0,False,False,100,True,20,False,https://disclosures-clerk.house.gov/public_disc/ptr-pdfs/2025/20033446.pdf,,,SP,Somnigroup International Inc. Common Stock (SGI) [ST] Filing Status: New Subholding Of: Charles Schwab 401K >,Somnigroup International Inc. Common Stock (SGI) [ST],S Schwab 893,10/31/2025,11/01/2025,"$1,001 - $15,000",,"SP Somnigroup International Inc. Common Stock (SGI) [ST] S 10/31/2025 11/01/2025 $1,001 - $15,000 Filing Status: New Subholding Of: Charles Schwab 401K > Schwab 893",,,False,100,SGI,accepted,house_ptr_structure+v8_1,False,False,False,10/31/2025,False,,valid_range
20033446,Hon. Lisa McClain,Member,MI09,20033446.pdf,2025,388,SP,Sony Group Corporation American Depositary Shares,Sony Group Corporation American Depositary Shares,SONY,SONY,ST,S,2025-10-31,2025-11-01,1001.0,15000.0,,"$1,001 - $15,000",valid_range,New,Charles Schwab 401K > Schwab 893,,,,44,44,table,False,False,,False,0,False,True,100,True,20,False,https://disclosures-clerk.house.gov/public_disc/ptr-pdfs/2025/20033446.pdf,,,SP,Sony Group Corporation American Depositary Shares (SONY) [ST],Sony Group Corporation American Depositary Shares (SONY) [ST],S,10/31/2025,11/01/2025,"$1,001 - $15,000",Filing Status: New Subholding Of: Charles Schwab 401K > Schwab 893,"SP Sony Group Corporation American Depositary Shares (SONY) [ST] S 10/31/2025 11/01/2025 $1,001 - $15,000 Filing Status: New Subholding Of: Charles Schwab 401K > Schwab 893",,,False,100,SONY,accepted,house_ptr_structure+v8_1,False,False,False,10/31/2025,False,,valid_range
20033446,Hon. Lisa McClain,Member,MI09,20033446.pdf,2025,389,SP,Sony Group Corporation American Depositary Shares,Sony Group Corporation American Depositary Shares,SONY,SONY,ST,P,2025-10-30,2025-11-01,1001.0,15000.0,,"$1,001 - $15,000",valid_range,New,Charles Schwab 401K > Schwab 893,,,,44,44,table,False,False,,False,0,False,False,100,True,20,False,https://disclosures-clerk.house.gov/public_disc/ptr-pdfs/2025/20033446.pdf,,,SP,Sony Group Corporation American Depositary Shares (SONY) [ST] Filing Status: New Subholding Of: Charles Schwab 401K >,Sony Group Corporation American Depositary Shares (SONY) [ST],P Schwab 893,10/30/2025,11/01/2025,"$1,001 - $15,000",,"SP Sony Group Corporation American Depositary Shares (SONY) [ST] P 10/30/2025 11/01/2025 $1,001 - $15,000 Filing Status: New Subholding Of: Charles Schwab 401K > Schwab 893",,,False,100,SONY,accepted,house_ptr_structure+v8_1,False,False,False,10/30/2025,False,,valid_range
20033446,Hon. Lisa McClain,Member,MI09,20033446.pdf,2025,390,SP,Sony Group Corporation American Depositary Shares,Sony Group Corporation American Depositary Shares,SONY,SONY,ST,S,2025-10-30,2025-11-01,1001.0,15000.0,,"$1,001 - $15,000",valid_range,New,Charles Schwab Brokerage Account 924,,,,44,44,table,False,False,,False,0,False,True,100,True,20,False,https://disclosures-clerk.house.gov/public_disc/ptr-pdfs/2025/20033446.pdf,,,SP,Sony Group Corporation American Depositary Shares (SONY) [ST],Sony Group Corporation American Depositary Shares (SONY) [ST],S,10/30/2025,11/01/2025,"$1,001 - $15,000",Filing Status: New Subholding Of: Charles Schwab Brokerage Account 924,"SP Sony Group Corporation American Depositary Shares (SONY) [ST] S 10/30/2025 11/01/2025 $1,001 - $15,000 Filing Status: New Subholding Of: Charles Schwab Brokerage Account 924",,,False,100,SONY,accepted,house_ptr_structure+v8_1,False,False,False,10/30/2025,False,,valid_range
20033446,Hon. Lisa McClain,Member,MI09,20033446.pdf,2025,391,SP,Spire Inc. Common Stock,Spire Inc. Common Stock,SR,SR,ST,S,2025-10-30,2025-11-01,1001.0,15000.0,,"$1,001 - $15,000",valid_range,New,Charles Schwab Brokerage Account 924,,,,44,44,table,False,False,,False,0,False,False,100,True,20,False,https://disclosures-clerk.house.gov/public_disc/ptr-pdfs/2025/20033446.pdf,,,SP,Spire Inc. Common Stock (SR) [ST] Filing Status: New Subholding Of: Charles Schwab Brokera,Spire Inc. Common Stock (SR) [ST],S age Account 924,10/30/2025,11/01/2025,"$1,001 - $15,000",,"SP Spire Inc. Common Stock (SR) [ST] S 10/30/2025 11/01/2025 $1,001 - $15,000 Filing Status: New Subholding Of: Charles Schwab Brokerage Account 924",,,False,100,SR,accepted,house_ptr_structure+v8_1,False,False,False,10/30/2025,False,,valid_range
20033446,Hon. Lisa McClain,Member,MI09,20033446.pdf,2025,392,SP,Spire Inc. Common Stock,Spire Inc. Common Stock,SR,SR,ST,P,2025-10-30,2025-11-01,1001.0,15000.0,,"$1,001 - $15,000",valid_range,New,Charles Schwab 401K > Schwab 893,,,,44,44,table,False,False,,False,0,False,True,100,True,20,False,https://disclosures-clerk.house.gov/public_disc/ptr-pdfs/2025/20033446.pdf,,,SP,Spire Inc. Common Stock (SR) [ST],Spire Inc. Common Stock (SR) [ST],P,10/30/2025,11/01/2025,"$1,001 - $15,000",Filing Status: New Subholding Of: Charles Schwab 401K > Schwab 893,"SP Spire Inc. Common Stock (SR) [ST] P 10/30/2025 11/01/2025 $1,001 - $15,000 Filing Status: New Subholding Of: Charles Schwab 401K > Schwab 893",,,False,100,SR,accepted,house_ptr_structure+v8_1,False,False,False,10/30/2025,False,,valid_range
20033446,Hon. Lisa McClain,Member,MI09,20033446.pdf,2025,393,SP,Spire Inc. Common Stock,Spire Inc. Common Stock,SR,SR,ST,S,2025-10-31,2025-11-01,1001.0,15000.0,,"$1,001 - $15,000",valid_range,New,Charles Schwab 401K > Schwab 893,,,,44,44,table,False,False,,False,0,False,False,100,True,20,False,https://disclosures-clerk.house.gov/public_disc/ptr-pdfs/2025/20033446.pdf,,,SP,Spire Inc. Common Stock (SR) [ST] Filing Status: New Subholding Of: Charles Schwab 401K >,Spire Inc. Common Stock (SR) [ST],S Schwab 893,10/31/2025,11/01/2025,"$1,001 - $15,000",,"SP Spire Inc. Common Stock (SR) [ST] S 10/31/2025 11/01/2025 $1,001 - $15,000 Filing Status: New Subholding Of: Charles Schwab 401K > Schwab 893",,,False,100,SR,accepted,house_ptr_structure+v8_1,False,False,False,10/31/2025,False,,valid_range
20033446,Hon. Lisa McClain,Member,MI09,20033446.pdf,2025,394,SP,"Sprouts Farmers Market, Inc. - Common Stock","Sprouts Farmers Market, Inc. - Common Stock",SFM,SFM,ST,S,2025-10-31,2025-11-01,1001.0,15000.0,,"$1,001 - $15,000",valid_range,New,Charles Schwab 401K > Schwab 893,,,,44,44,table,False,False,,False,0,False,True,100,True,20,False,https://disclosures-clerk.house.gov/public_disc/ptr-pdfs/2025/20033446.pdf,,,SP,"Sprouts Farmers Market, Inc. - Common Stock (SFM) [ST]","Sprouts Farmers Market, Inc. - Common Stock (SFM) [ST]",S,10/31/2025,11/01/2025,"$1,001 - $15,000",Filing Status: New Subholding Of: Charles Schwab 401K > Schwab 893,"SP Sprouts Farmers Market, Inc. - Common Stock (SFM) [ST] S 10/31/2025 11/01/2025 $1,001 - $15,000 Filing Status: New Subholding Of: Charles Schwab 401K > Schwab 893",,,False,100,SFM,accepted,house_ptr_structure+v8_1,False,False,False,10/31/2025,False,,valid_range
20033446,Hon. Lisa McClain,Member,MI09,20033446.pdf,2025,395,SP,"Sprouts Farmers Market, Inc. - Common Stock","Sprouts Farmers Market, Inc. - Common Stock",SFM,SFM,ST,P,2025-10-30,2025-11-01,1001.0,15000.0,,"$1,001 - $15,000",valid_range,New,Charles Schwab 401K > Schwab 893,,,,44,44,table,False,False,,False,0,False,False,100,True,20,False,https://disclosures-clerk.house.gov/public_disc/ptr-pdfs/2025/20033446.pdf,,,SP,"Sprouts Farmers Market, Inc. - Common Stock (SFM) [ST] Filing Status: New Subholding Of: Charles Schwab 401K >","Sprouts Farmers Market, Inc. - Common Stock (SFM) [ST]",P Schwab 893,10/30/2025,11/01/2025,"$1,001 - $15,000",,"SP Sprouts Farmers Market, Inc. - Common Stock (SFM) [ST] P 10/30/2025 11/01/2025 $1,001 - $15,000 Filing Status: New Subholding Of: Charles Schwab 401K > Schwab 893",,,False,100,SFM,accepted,house_ptr_structure+v8_1,False,False,False,10/30/2025,False,,valid_range
20033446,Hon. Lisa McClain,Member,MI09,20033446.pdf,2025,396,SP,"Sprouts Farmers Market, Inc. - Common Stock","Sprouts Farmers Market, Inc. - Common Stock",SFM,SFM,ST,S,2025-10-30,2025-11-01,1001.0,15000.0,,"$1,001 - $15,000",valid_range,New,Charles Schwab Brokerage Account 924,,,,44,44,table,False,False,,False,0,False,True,100,True,20,False,https://disclosures-clerk.house.gov/public_disc/ptr-pdfs/2025/20033446.pdf,,,SP,"Sprouts Farmers Market, Inc. - Common Stock (SFM) [ST]","Sprouts Farmers Market, Inc. - Common Stock (SFM) [ST]",S,10/30/2025,11/01/2025,"$1,001 - $15,000",Filing Status: New Subholding Of: Charles Schwab Brokerage Account 924,"SP Sprouts Farmers Market, Inc. - Common Stock (SFM) [ST] S 10/30/2025 11/01/2025 $1,001 - $15,000 Filing Status: New Subholding Of: Charles Schwab Brokerage Account 924",,,False,100,SFM,accepted,house_ptr_structure+v8_1,False,False,False,10/30/2025,False,,valid_range
20033446,Hon. Lisa McClain,Member,MI09,20033446.pdf,2025,397,SP,Stifel Financial Corporation Common Stock,Stifel Financial Corporation Common Stock,SF,SF,ST,S,2025-10-30,2025-11-01,1001.0,15000.0,,"$1,001 - $15,000",valid_range,New,Charles Schwab Brokerage Account 924,,,,44,45,table,False,False,,True,0,False,False,98,True,20,False,https://disclosures-clerk.house.gov/public_disc/ptr-pdfs/2025/20033446.pdf,,,SP,Stifel Financial Corporation Common Stock (SF) [ST],Stifel Financial Corporation Common Stock (SF) [ST],S,10/30/2025,11/01/2025,"$1,001 - $15,000",Filing Status: New Subholding Of: Charles Schwab Brokerage Account 924,"SP Stifel Financial Corporation Common Stock (SF) [ST] S 10/30/2025 11/01/2025 $1,001 - $15,000 Filing Status: New Subholding Of: Charles Schwab Brokerage Account 924",,,False,98,SF,accepted,house_ptr_structure+v8_1,False,False,False,10/30/2025,False,,valid_range
20033446,Hon. Lisa McClain,Member,MI09,20033446.pdf,2025,398,SP,Stifel Financial Corporation Common Stock,Stifel Financial Corporation Common Stock,SF,SF,ST,P,2025-10-30,2025-11-01,1001.0,15000.0,,"$1,001 - $15,000",valid_range,New,Charles Schwab 401K > Schwab 893,,,,45,45,table,False,False,,False,0,False,True,100,True,20,False,https://disclosures-clerk.house.gov/public_disc/ptr-pdfs/2025/20033446.pdf,,,SP,Stifel Financial Corporation Common Stock (SF) [ST],Stifel Financial Corporation Common Stock (SF) [ST],P,10/30/2025,11/01/2025,"$1,001 - $15,000",Filing Status: New Subholding Of: Charles Schwab 401K > Schwab 893,"SP Stifel Financial Corporation Common Stock (SF) [ST] P 10/30/2025 11/01/2025 $1,001 - $15,000 Filing Status: New Subholding Of: Charles Schwab 401K > Schwab 893",,,False,100,SF,accepted,house_ptr_structure+v8_1,False,False,False,10/30/2025,False,,valid_range
20033446,Hon. Lisa McClain,Member,MI09,20033446.pdf,2025,399,SP,Stifel Financial Corporation Common Stock,Stifel Financial Corporation Common Stock,SF,SF,ST,S,2025-10-31,2025-11-01,1001.0,15000.0,,"$1,001 - $15,000",valid_range,New,Charles Schwab 401K > Schwab 893,,,,45,45,table,False,False,,False,0,False,False,100,True,20,False,https://disclosures-clerk.house.gov/public_disc/ptr-pdfs/2025/20033446.pdf,,,SP,Stifel Financial Corporation Common Stock (SF) [ST] Filing Status: New Subholding Of: Charles Schwab 401K >,Stifel Financial Corporation Common Stock (SF) [ST],S Schwab 893,10/31/2025,11/01/2025,"$1,001 - $15,000",,"SP Stifel Financial Corporation Common Stock (SF) [ST] S 10/31/2025 11/01/2025 $1,001 - $15,000 Filing Status: New Subholding Of: Charles Schwab 401K > Schwab 893",,,False,100,SF,accepted,house_ptr_structure+v8_1,False,False,False,10/31/2025,False,,valid_range
20033446,Hon. Lisa McClain,Member,MI09,20033446.pdf,2025,400,SP,Sysco Corporation Common Stock,Sysco Corporation Common Stock,SYY,SYY,ST,S,2025-10-31,2025-11-01,1001.0,15000.0,,"$1,001 - $15,000",valid_range,New,Charles Schwab 401K > Schwab 893,,,,45,45,table,False,False,,False,0,False,True,100,True,20,False,https://disclosures-clerk.house.gov/public_disc/ptr-pdfs/2025/20033446.pdf,,,SP,Sysco Corporation Common Stock (SYY) [ST],Sysco Corporation Common Stock (SYY) [ST],S,10/31/2025,11/01/2025,"$1,001 - $15,000",Filing Status: New Subholding Of: Charles Schwab 401K > Schwab 893,"SP Sysco Corporation Common Stock (SYY) [ST] S 10/31/2025 11/01/2025 $1,001 - $15,000 Filing Status: New Subholding Of: Charles Schwab 401K > Schwab 893",,,False,100,SYY,accepted,house_ptr_structure+v8_1,False,False,False,10/31/2025,False,,valid_range
20033446,Hon. Lisa McClain,Member,MI09,20033446.pdf,2025,401,SP,Sysco Corporation Common Stock,Sysco Corporation Common Stock,SYY,SYY,ST,P,2025-10-30,2025-11-01,1001.0,15000.0,,"$1,001 - $15,000",valid_range,New,Charles Schwab 401K > Schwab 893,,,,45,45,table,False,False,,False,0,False,False,100,True,20,False,https://disclosures-clerk.house.gov/public_disc/ptr-pdfs/2025/20033446.pdf,,,SP,Sysco Corporation Common Stock (SYY) [ST] Filing Status: New Subholding Of: Charles Schwab 401K >,Sysco Corporation Common Stock (SYY) [ST],P Schwab 893,10/30/2025,11/01/2025,"$1,001 - $15,000",,"SP Sysco Corporation Common Stock (SYY) [ST] P 10/30/2025 11/01/2025 $1,001 - $15,000 Filing Status: New Subholding Of: Charles Schwab 401K > Schwab 893",,,False,100,SYY,accepted,house_ptr_structure+v8_1,False,False,False,10/30/2025,False,,valid_range
20033446,Hon. Lisa McClain,Member,MI09,20033446.pdf,2025,402,SP,Sysco Corporation Common Stock,Sysco Corporation Common Stock,SYY,SYY,ST,S,2025-10-30,2025-11-01,1001.0,15000.0,,"$1,001 - $15,000",valid_range,New,Charles Schwab Brokerage Account 924,,,,45,45,table,False,False,,False,0,False,True,100,True,20,False,https://disclosures-clerk.house.gov/public_disc/ptr-pdfs/2025/20033446.pdf,,,SP,Sysco Corporation Common Stock (SYY) [ST],Sysco Corporation Common Stock (SYY) [ST],S,10/30/2025,11/01/2025,"$1,001 - $15,000",Filing Status: New Subholding Of: Charles Schwab Brokerage Account 924,"SP Sysco Corporation Common Stock (SYY) [ST] S 10/30/2025 11/01/2025 $1,001 - $15,000 Filing Status: New Subholding Of: Charles Schwab Brokerage Account 924",,,False,100,SYY,accepted,house_ptr_structure+v8_1,False,False,False,10/30/2025,False,,valid_range
20033446,Hon. Lisa McClain,Member,MI09,20033446.pdf,2025,403,SP,Taiwan Semiconductor Manufacturing Company Ltd.,Taiwan Semiconductor Manufacturing Company Ltd.,TSM,TSM,ST,S,2025-10-30,2025-11-01,1001.0,15000.0,,"$1,001 - $15,000",valid_range,New,Charles Schwab Brokerage Account 924,,,,45,45,table,False,False,,False,0,False,False,100,True,20,False,https://disclosures-clerk.house.gov/public_disc/ptr-pdfs/2025/20033446.pdf,,,SP,Taiwan Semiconductor Manufacturing Company Ltd. (TSM) [ST] Filing Status: New Subholding Of: Charles Schwab Brokera,Taiwan Semiconductor Manufacturing Company Ltd. (TSM) [ST],S age Account 924,10/30/2025,11/01/2025,"$1,001 - $15,000",,"SP Taiwan Semiconductor Manufacturing Company Ltd. (TSM) [ST] S 10/30/2025 11/01/2025 $1,001 - $15,000 Filing Status: New Subholding Of: Charles Schwab Brokerage Account 924",,,False,100,TSM,accepted,house_ptr_structure+v8_1,False,False,False,10/30/2025,False,,valid_range
20033446,Hon. Lisa McClain,Member,MI09,20033446.pdf,2025,404,SP,Taiwan Semiconductor Manufacturing Company Ltd.,Taiwan Semiconductor Manufacturing Company Ltd.,TSM,TSM,ST,S (partial),2025-10-14,2025-11-01,1001.0,15000.0,,"$1,001 - $15,000",valid_range,New,Charles Schwab Brokerage Account 924,,,,45,45,table,False,False,,False,0,False,True,100,True,20,False,https://disclosures-clerk.house.gov/public_disc/ptr-pdfs/2025/20033446.pdf,,,SP,Taiwan Semiconductor Manufacturing Company Ltd. (TSM) [ST],Taiwan Semiconductor Manufacturing Company Ltd. (TSM) [ST],S (partial),10/14/2025,11/01/2025,"$1,001 - $15,000",Filing Status: New Subholding Of: Charles Schwab Brokerage Account 924,"SP Taiwan Semiconductor Manufacturing Company Ltd. (TSM) [ST] S (partial) 10/14/2025 11/01/2025 $1,001 - $15,000 Filing Status: New Subholding Of: Charles Schwab Brokerage Account 924",,,False,100,TSM,accepted,house_ptr_structure+v8_1,False,False,False,10/14/2025,False,,valid_range
20033446,Hon. Lisa McClain,Member,MI09,20033446.pdf,2025,405,SP,Taiwan Semiconductor Manufacturing Company Ltd.,Taiwan Semiconductor Manufacturing Company Ltd.,TSM,TSM,ST,P,2025-10-30,2025-11-01,1001.0,15000.0,,"$1,001 - $15,000",valid_range,New,Charles Schwab 401K > Schwab 893,,,,45,45,table,False,False,,False,0,False,False,100,True,20,False,https://disclosures-clerk.house.gov/public_disc/ptr-pdfs/2025/20033446.pdf,,,SP,Taiwan Semiconductor Manufacturing Company Ltd. (TSM) [ST] Filing Status: New Subholding Of: Charles Schwab 401K >,Taiwan Semiconductor Manufacturing Company Ltd. (TSM) [ST],P Schwab 893,10/30/2025,11/01/2025,"$1,001 - $15,000",,"SP Taiwan Semiconductor Manufacturing Company Ltd. (TSM) [ST] P 10/30/2025 11/01/2025 $1,001 - $15,000 Filing Status: New Subholding Of: Charles Schwab 401K > Schwab 893",,,False,100,TSM,accepted,house_ptr_structure+v8_1,False,False,False,10/30/2025,False,,valid_range
20033446,Hon. Lisa McClain,Member,MI09,20033446.pdf,2025,406,SP,Taiwan Semiconductor Manufacturing Company Ltd.,Taiwan Semiconductor Manufacturing Company Ltd.,TSM,TSM,ST,S,2025-10-31,2025-11-01,1001.0,15000.0,,"$1,001 - $15,000",valid_range,New,Charles Schwab 401K > Schwab 893,,,,46,46,table,False,False,,False,0,False,True,100,True,20,False,https://disclosures-clerk.house.gov/public_disc/ptr-pdfs/2025/20033446.pdf,,,SP,Taiwan Semiconductor Manufacturing Company Ltd. (TSM) [ST],Taiwan Semiconductor Manufacturing Company Ltd. (TSM) [ST],S,10/31/2025,11/01/2025,"$1,001 - $15,000",Filing Status: New Subholding Of: Charles Schwab 401K > Schwab 893,"SP Taiwan Semiconductor Manufacturing Company Ltd. (TSM) [ST] S 10/31/2025 11/01/2025 $1,001 - $15,000 Filing Status: New Subholding Of: Charles Schwab 401K > Schwab 893",,,False,100,TSM,accepted,house_ptr_structure+v8_1,False,False,False,10/31/2025,False,,valid_range
20033446,Hon. Lisa McClain,Member,MI09,20033446.pdf,2025,407,SP,Taylor Morrison Home Corporation Common Stock,Taylor Morrison Home Corporation Common Stock,TMHC,TMHC,ST,S,2025-10-31,2025-11-01,1001.0,15000.0,,"$1,001 - $15,000",valid_range,New,Charles Schwab 401K > Schwab 893,,,,46,46,table,False,False,,False,0,False,False,100,True,20,False,https://disclosures-clerk.house.gov/public_disc/ptr-pdfs/2025/20033446.pdf,,,SP,Taylor Morrison Home Corporation Common Stock (TMHC) [ST] Filing Status: New Subholding Of: Charles Schwab 401K >,Taylor Morrison Home Corporation Common Stock (TMHC) [ST],S Schwab 893,10/31/2025,11/01/2025,"$1,001 - $15,000",,"SP Taylor Morrison Home Corporation Common Stock (TMHC) [ST] S 10/31/2025 11/01/2025 $1,001 - $15,000 Filing Status: New Subholding Of: Charles Schwab 401K > Schwab 893",,,False,100,TMHC,accepted,house_ptr_structure+v8_1,False,False,False,10/31/2025,False,,valid_range
20033446,Hon. Lisa McClain,Member,MI09,20033446.pdf,2025,408,SP,Taylor Morrison Home Corporation Common Stock,Taylor Morrison Home Corporation Common Stock,TMHC,TMHC,ST,P,2025-10-30,2025-11-01,1001.0,15000.0,,"$1,001 - $15,000",valid_range,New,Charles Schwab 401K > Schwab 893,,,,46,46,table,False,False,,False,0,False,True,100,True,20,False,https://disclosures-clerk.house.gov/public_disc/ptr-pdfs/2025/20033446.pdf,,,SP,Taylor Morrison Home Corporation Common Stock (TMHC) [ST],Taylor Morrison Home Corporation Common Stock (TMHC) [ST],P,10/30/2025,11/01/2025,"$1,001 - $15,000",Filing Status: New Subholding Of: Charles Schwab 401K > Schwab 893,"SP Taylor Morrison Home Corporation Common Stock (TMHC) [ST] P 10/30/2025 11/01/2025 $1,001 - $15,000 Filing Status: New Subholding Of: Charles Schwab 401K > Schwab 893",,,False,100,TMHC,accepted,house_ptr_structure+v8_1,False,False,False,10/30/2025,False,,valid_range
20033446,Hon. Lisa McClain,Member,MI09,20033446.pdf,2025,409,SP,Taylor Morrison Home Corporation Common Stock,Taylor Morrison Home Corporation Common Stock,TMHC,TMHC,ST,S,2025-10-30,2025-11-01,1001.0,15000.0,,"$1,001 - $15,000",valid_range,New,Charles Schwab Brokerage Account 924,,,,46,46,table,False,False,,False,0,False,False,100,True,20,False,https://disclosures-clerk.house.gov/public_disc/ptr-pdfs/2025/20033446.pdf,,,SP,Taylor Morrison Home Corporation Common Stock (TMHC) [ST] Filing Status: New Subholding Of: Charles Schwab Brokera,Taylor Morrison Home Corporation Common Stock (TMHC) [ST],S age Account 924,10/30/2025,11/01/2025,"$1,001 - $15,000",,"SP Taylor Morrison Home Corporation Common Stock (TMHC) [ST] S 10/30/2025 11/01/2025 $1,001 - $15,000 Filing Status: New Subholding Of: Charles Schwab Brokerage Account 924",,,False,100,TMHC,accepted,house_ptr_structure+v8_1,False,False,False,10/30/2025,False,,valid_range
20033446,Hon. Lisa McClain,Member,MI09,20033446.pdf,2025,410,SP,"Teradyne, Inc.","Teradyne, Inc.",TER,TER,ST,S,2025-10-30,2025-11-01,1001.0,15000.0,,"$1,001 - $15,000",valid_range,New,Charles Schwab Brokerage Account 924,,,,46,46,table,False,False,,False,0,False,True,100,True,20,False,https://disclosures-clerk.house.gov/public_disc/ptr-pdfs/2025/20033446.pdf,,,SP,"Teradyne, Inc. (TER) [ST]","Teradyne, Inc. (TER) [ST]",S,10/30/2025,11/01/2025,"$1,001 - $15,000",Filing Status: New Subholding Of: Charles Schwab Brokerage Account 924,"SP Teradyne, Inc. (TER) [ST] S 10/30/2025 11/01/2025 $1,001 - $15,000 Filing Status: New Subholding Of: Charles Schwab Brokerage Account 924",,,False,100,TER,accepted,house_ptr_structure+v8_1,False,False,False,10/30/2025,False,,valid_range
20033446,Hon. Lisa McClain,Member,MI09,20033446.pdf,2025,411,SP,"Teradyne, Inc.","Teradyne, Inc.",TER,TER,ST,P,2025-10-30,2025-11-01,1001.0,15000.0,,"$1,001 - $15,000",valid_range,New,Charles Schwab 401K > Schwab 893,,,,46,46,table,False,False,,False,0,False,False,100,True,20,False,https://disclosures-clerk.house.gov/public_disc/ptr-pdfs/2025/20033446.pdf,,,SP,"Teradyne, Inc. (TER) [ST] Filing Status: New Subholding Of: Charles Schwab 401K >","Teradyne, Inc. (TER) [ST]",P Schwab 893,10/30/2025,11/01/2025,"$1,001 - $15,000",,"SP Teradyne, Inc. (TER) [ST] P 10/30/2025 11/01/2025 $1,001 - $15,000 Filing Status: New Subholding Of: Charles Schwab 401K > Schwab 893",,,False,100,TER,accepted,house_ptr_structure+v8_1,False,False,False,10/30/2025,False,,valid_range
20033446,Hon. Lisa McClain,Member,MI09,20033446.pdf,2025,412,SP,"Teradyne, Inc.","Teradyne, Inc.",TER,TER,ST,S,2025-10-31,2025-11-01,1001.0,15000.0,,"$1,001 - $15,000",valid_range,New,Charles Schwab 401K > Schwab 893,,,,46,46,table,False,False,,False,0,False,True,100,True,20,False,https://disclosures-clerk.house.gov/public_disc/ptr-pdfs/2025/20033446.pdf,,,SP,"Teradyne, Inc. (TER) [ST]","Teradyne, Inc. (TER) [ST]",S,10/31/2025,11/01/2025,"$1,001 - $15,000",Filing Status: New Subholding Of: Charles Schwab 401K > Schwab 893,"SP Teradyne, Inc. (TER) [ST] S 10/31/2025 11/01/2025 $1,001 - $15,000 Filing Status: New Subholding Of: Charles Schwab 401K > Schwab 893",,,False,100,TER,accepted,house_ptr_structure+v8_1,False,False,False,10/31/2025,False,,valid_range
20033446,Hon. Lisa McClain,Member,MI09,20033446.pdf,2025,413,SP,"Tesla, Inc. - Common Stock","Tesla, Inc. - Common Stock",TSLA,TSLA,ST,S,2025-10-31,2025-11-01,1001.0,15000.0,,"$1,001 - $15,000",valid_range,New,Charles Schwab 401K > Schwab 893,,,,46,46,table,False,False,,False,0,False,False,100,True,20,False,https://disclosures-clerk.house.gov/public_disc/ptr-pdfs/2025/20033446.pdf,,,SP,"Tesla, Inc. - Common Stock (TSLA) [ST] Filing Status: New Subholding Of: Charles Schwab 401K >","Tesla, Inc. - Common Stock (TSLA) [ST]",S Schwab 893,10/31/2025,11/01/2025,"$1,001 - $15,000",,"SP Tesla, Inc. - Common Stock (TSLA) [ST] S 10/31/2025 11/01/2025 $1,001 - $15,000 Filing Status: New Subholding Of: Charles Schwab 401K > Schwab 893",,,False,100,TSLA,accepted,house_ptr_structure+v8_1,False,False,False,10/31/2025,False,,valid_range
20033446,Hon. Lisa McClain,Member,MI09,20033446.pdf,2025,414,SP,"Tesla, Inc. - Common Stock","Tesla, Inc. - Common Stock",TSLA,TSLA,ST,P,2025-10-30,2025-11-01,1001.0,15000.0,,"$1,001 - $15,000",valid_range,New,Charles Schwab 401K > Schwab 893,,,,46,46,table,False,False,,False,0,False,True,100,True,20,False,https://disclosures-clerk.house.gov/public_disc/ptr-pdfs/2025/20033446.pdf,,,SP,"Tesla, Inc. - Common Stock (TSLA) [ST]","Tesla, Inc. - Common Stock (TSLA) [ST]",P,10/30/2025,11/01/2025,"$1,001 - $15,000",Filing Status: New Subholding Of: Charles Schwab 401K > Schwab 893,"SP Tesla, Inc. - Common Stock (TSLA) [ST] P 10/30/2025 11/01/2025 $1,001 - $15,000 Filing Status: New Subholding Of: Charles Schwab 401K > Schwab 893",,,False,100,TSLA,accepted,house_ptr_structure+v8_1,False,False,False,10/30/2025,False,,valid_range
20033446,Hon. Lisa McClain,Member,MI09,20033446.pdf,2025,415,SP,"Tesla, Inc. - Common Stock","Tesla, Inc. - Common Stock",TSLA,TSLA,ST,S,2025-10-30,2025-11-01,1001.0,15000.0,,"$1,001 - $15,000",valid_range,New,Charles Schwab Brokerage Account 924,,,,47,47,table,False,False,,False,0,False,False,100,True,20,False,https://disclosures-clerk.house.gov/public_disc/ptr-pdfs/2025/20033446.pdf,,,SP,"Tesla, Inc. - Common Stock (TSLA) [ST] Filing Status: New Subholding Of: Charles Schwab Brokera","Tesla, Inc. - Common Stock (TSLA) [ST]",S age Account 924,10/30/2025,11/01/2025,"$1,001 - $15,000",,"SP Tesla, Inc. - Common Stock (TSLA) [ST] S 10/30/2025 11/01/2025 $1,001 - $15,000 Filing Status: New Subholding Of: Charles Schwab Brokerage Account 924",,,False,100,TSLA,accepted,house_ptr_structure+v8_1,False,False,False,10/30/2025,False,,valid_range
20033446,Hon. Lisa McClain,Member,MI09,20033446.pdf,2025,416,SP,Textron Inc. Common Stock,Textron Inc. Common Stock,TXT,TXT,ST,S,2025-10-30,2025-11-01,1001.0,15000.0,,"$1,001 - $15,000",valid_range,New,Charles Schwab Brokerage Account 924,,,,47,47,table,False,False,,False,0,False,True,100,True,20,False,https://disclosures-clerk.house.gov/public_disc/ptr-pdfs/2025/20033446.pdf,,,SP,Textron Inc. Common Stock (TXT) [ST],Textron Inc. Common Stock (TXT) [ST],S,10/30/2025,11/01/2025,"$1,001 - $15,000",Filing Status: New Subholding Of: Charles Schwab Brokerage Account 924,"SP Textron Inc. Common Stock (TXT) [ST] S 10/30/2025 11/01/2025 $1,001 - $15,000 Filing Status: New Subholding Of: Charles Schwab Brokerage Account 924",,,False,100,TXT,accepted,house_ptr_structure+v8_1,False,False,False,10/30/2025,False,,valid_range
20033446,Hon. Lisa McClain,Member,MI09,20033446.pdf,2025,417,SP,Textron Inc. Common Stock,Textron Inc. Common Stock,TXT,TXT,ST,P,2025-10-30,2025-11-01,1001.0,15000.0,,"$1,001 - $15,000",valid_range,New,Charles Schwab 401K > Schwab 893,,,,47,47,table,False,False,,False,0,False,False,100,True,20,False,https://disclosures-clerk.house.gov/public_disc/ptr-pdfs/2025/20033446.pdf,,,SP,Textron Inc. Common Stock (TXT) [ST] Filing Status: New Subholding Of: Charles Schwab 401K >,Textron Inc. Common Stock (TXT) [ST],P Schwab 893,10/30/2025,11/01/2025,"$1,001 - $15,000",,"SP Textron Inc. Common Stock (TXT) [ST] P 10/30/2025 11/01/2025 $1,001 - $15,000 Filing Status: New Subholding Of: Charles Schwab 401K > Schwab 893",,,False,100,TXT,accepted,house_ptr_structure+v8_1,False,False,False,10/30/2025,False,,valid_range
20033446,Hon. Lisa McClain,Member,MI09,20033446.pdf,2025,418,SP,Textron Inc. Common Stock,Textron Inc. Common Stock,TXT,TXT,ST,S,2025-10-31,2025-11-01,1001.0,15000.0,,"$1,001 - $15,000",valid_range,New,Charles Schwab 401K > Schwab 893,,,,47,47,table,False,False,,False,0,False,True,100,True,20,False,https://disclosures-clerk.house.gov/public_disc/ptr-pdfs/2025/20033446.pdf,,,SP,Textron Inc. Common Stock (TXT) [ST],Textron Inc. Common Stock (TXT) [ST],S,10/31/2025,11/01/2025,"$1,001 - $15,000",Filing Status: New Subholding Of: Charles Schwab 401K > Schwab 893,"SP Textron Inc. Common Stock (TXT) [ST] S 10/31/2025 11/01/2025 $1,001 - $15,000 Filing Status: New Subholding Of: Charles Schwab 401K > Schwab 893",,,False,100,TXT,accepted,house_ptr_structure+v8_1,False,False,False,10/31/2025,False,,valid_range
20033446,Hon. Lisa McClain,Member,MI09,20033446.pdf,2025,419,SP,The Bank of New York Mellon Corporation Common Stock,The Bank of New York Mellon Corporation Common Stock,BK,BK,ST,S,2025-10-31,2025-11-01,1001.0,15000.0,,"$1,001 - $15,000",valid_range,New,Charles Schwab 401K > Schwab 893,,,,47,47,table,False,False,,False,0,False,False,100,True,20,False,https://disclosures-clerk.house.gov/public_disc/ptr-pdfs/2025/20033446.pdf,,,SP,The Bank of New York Mellon Corporation Common Stock (BK) [ST] Filing Status: New Subholding Of: Charles Schwab 401K >,The Bank of New York Mellon Corporation Common Stock (BK) [ST],S Schwab 893,10/31/2025,11/01/2025,"$1,001 - $15,000",,"SP The Bank of New York Mellon Corporation Common Stock (BK) [ST] S 10/31/2025 11/01/2025 $1,001 - $15,000 Filing Status: New Subholding Of: Charles Schwab 401K > Schwab 893",,,False,100,BK,accepted,house_ptr_structure+v8_1,False,False,False,10/31/2025,False,,valid_range
20033446,Hon. Lisa McClain,Member,MI09,20033446.pdf,2025,420,SP,The Bank of New York Mellon Corporation Common Stock,The Bank of New York Mellon Corporation Common Stock,BK,BK,ST,P,2025-10-30,2025-11-01,1001.0,15000.0,,"$1,001 - $15,000",valid_range,New,Charles Schwab 401K > Schwab 893,,,,47,47,table,False,False,,False,0,False,True,100,True,20,False,https://disclosures-clerk.house.gov/public_disc/ptr-pdfs/2025/20033446.pdf,,,SP,The Bank of New York Mellon Corporation Common Stock (BK) [ST],The Bank of New York Mellon Corporation Common Stock (BK) [ST],P,10/30/2025,11/01/2025,"$1,001 - $15,000",Filing Status: New Subholding Of: Charles Schwab 401K > Schwab 893,"SP The Bank of New York Mellon Corporation Common Stock (BK) [ST] P 10/30/2025 11/01/2025 $1,001 - $15,000 Filing Status: New Subholding Of: Charles Schwab 401K > Schwab 893",,,False,100,BK,accepted,house_ptr_structure+v8_1,False,False,False,10/30/2025,False,,valid_range
20033446,Hon. Lisa McClain,Member,MI09,20033446.pdf,2025,421,SP,The Bank of New York Mellon Corporation Common Stock,The Bank of New York Mellon Corporation Common Stock,BK,BK,ST,S,2025-10-30,2025-11-01,1001.0,15000.0,,"$1,001 - $15,000",valid_range,New,Charles Schwab Brokerage Account 924,,,,47,47,table,False,False,,False,0,False,False,100,True,20,False,https://disclosures-clerk.house.gov/public_disc/ptr-pdfs/2025/20033446.pdf,,,SP,The Bank of New York Mellon Corporation Common Stock (BK) [ST] Filing Status: New Subholding Of: Charles Schwab Brokera,The Bank of New York Mellon Corporation Common Stock (BK) [ST],S age Account 924,10/30/2025,11/01/2025,"$1,001 - $15,000",,"SP The Bank of New York Mellon Corporation Common Stock (BK) [ST] S 10/30/2025 11/01/2025 $1,001 - $15,000 Filing Status: New Subholding Of: Charles Schwab Brokerage Account 924",,,False,100,BK,accepted,house_ptr_structure+v8_1,False,False,False,10/30/2025,False,,valid_range
20033446,Hon. Lisa McClain,Member,MI09,20033446.pdf,2025,422,SP,The J.M. Smucker Company Common Stock,The J.M. Smucker Company Common Stock,SJM,SJM,ST,S,2025-10-30,2025-11-01,1001.0,15000.0,,"$1,001 - $15,000",valid_range,New,Charles Schwab Brokerage Account 924,,,,47,47,table,False,False,,False,0,False,True,100,True,20,False,https://disclosures-clerk.house.gov/public_disc/ptr-pdfs/2025/20033446.pdf,,,SP,The J.M. Smucker Company Common Stock (SJM) [ST],The J.M. Smucker Company Common Stock (SJM) [ST],S,10/30/2025,11/01/2025,"$1,001 - $15,000",Filing Status: New Subholding Of: Charles Schwab Brokerage Account 924,"SP The J.M. Smucker Company Common Stock (SJM) [ST] S 10/30/2025 11/01/2025 $1,001 - $15,000 Filing Status: New Subholding Of: Charles Schwab Brokerage Account 924",,,False,100,SJM,accepted,house_ptr_structure+v8_1,False,False,False,10/30/2025,False,,valid_range
20033446,Hon. Lisa McClain,Member,MI09,20033446.pdf,2025,423,SP,The J.M. Smucker Company Common Stock,The J.M. Smucker Company Common Stock,SJM,SJM,ST,P,2025-10-30,2025-11-01,1001.0,15000.0,,"$1,001 - $15,000",valid_range,New,Charles Schwab 401K > Schwab 893,,,,47,47,table,False,False,,False,0,False,False,100,True,20,False,https://disclosures-clerk.house.gov/public_disc/ptr-pdfs/2025/20033446.pdf,,,SP,The J.M. Smucker Company Common Stock (SJM) [ST] Filing Status: New Subholding Of: Charles Schwab 401K >,The J.M. Smucker Company Common Stock (SJM) [ST],P Schwab 893,10/30/2025,11/01/2025,"$1,001 - $15,000",,"SP The J.M. Smucker Company Common Stock (SJM) [ST] P 10/30/2025 11/01/2025 $1,001 - $15,000 Filing Status: New Subholding Of: Charles Schwab 401K > Schwab 893",,,False,100,SJM,accepted,house_ptr_structure+v8_1,False,False,False,10/30/2025,False,,valid_range
20033446,Hon. Lisa McClain,Member,MI09,20033446.pdf,2025,424,SP,The J.M. Smucker Company Common Stock,The J.M. Smucker Company Common Stock,SJM,SJM,ST,S,2025-10-31,2025-11-01,1001.0,15000.0,,"$1,001 - $15,000",valid_range,New,Charles Schwab 401K > Schwab 893,,,,48,48,table,False,False,,False,0,False,True,100,True,20,False,https://disclosures-clerk.house.gov/public_disc/ptr-pdfs/2025/20033446.pdf,,,SP,The J.M. Smucker Company Common Stock (SJM) [ST],The J.M. Smucker Company Common Stock (SJM) [ST],S,10/31/2025,11/01/2025,"$1,001 - $15,000",Filing Status: New Subholding Of: Charles Schwab 401K > Schwab 893,"SP The J.M. Smucker Company Common Stock (SJM) [ST] S 10/31/2025 11/01/2025 $1,001 - $15,000 Filing Status: New Subholding Of: Charles Schwab 401K > Schwab 893",,,False,100,SJM,accepted,house_ptr_structure+v8_1,False,False,False,10/31/2025,False,,valid_range
20033446,Hon. Lisa McClain,Member,MI09,20033446.pdf,2025,425,SP,Thermo Fisher Scientific Inc Common Stock,Thermo Fisher Scientific Inc Common Stock,TMO,TMO,ST,S,2025-10-31,2025-11-01,1001.0,15000.0,,"$1,001 - $15,000",valid_range,New,Charles Schwab 401K > Schwab 893,,,,48,48,table,False,False,,False,0,False,False,100,True,20,False,https://disclosures-clerk.house.gov/public_disc/ptr-pdfs/2025/20033446.pdf,,,SP,Thermo Fisher Scientific Inc Common Stock (TMO) [ST] Filing Status: New Subholding Of: Charles Schwab 401K >,Thermo Fisher Scientific Inc Common Stock (TMO) [ST],S Schwab 893,10/31/2025,11/01/2025,"$1,001 - $15,000",,"SP Thermo Fisher Scientific Inc Common Stock (TMO) [ST] S 10/31/2025 11/01/2025 $1,001 - $15,000 Filing Status: New Subholding Of: Charles Schwab 401K > Schwab 893",,,False,100,TMO,accepted,house_ptr_structure+v8_1,False,False,False,10/31/2025,False,,valid_range
20033446,Hon. Lisa McClain,Member,MI09,20033446.pdf,2025,426,SP,Thermo Fisher Scientific Inc Common Stock,Thermo Fisher Scientific Inc Common Stock,TMO,TMO,ST,S,2025-10-30,2025-11-01,1001.0,15000.0,,"$1,001 - $15,000",valid_range,New,Charles Schwab Brokerage Account 924,,,,48,48,table,False,False,,False,0,False,True,100,True,20,False,https://disclosures-clerk.house.gov/public_disc/ptr-pdfs/2025/20033446.pdf,,,SP,Thermo Fisher Scientific Inc Common Stock (TMO) [ST],Thermo Fisher Scientific Inc Common Stock (TMO) [ST],S,10/30/2025,11/01/2025,"$1,001 - $15,000",Filing Status: New Subholding Of: Charles Schwab Brokerage Account 924,"SP Thermo Fisher Scientific Inc Common Stock (TMO) [ST] S 10/30/2025 11/01/2025 $1,001 - $15,000 Filing Status: New Subholding Of: Charles Schwab Brokerage Account 924",,,False,100,TMO,accepted,house_ptr_structure+v8_1,False,False,False,10/30/2025,False,,valid_range
20033446,Hon. Lisa McClain,Member,MI09,20033446.pdf,2025,427,SP,Thermo Fisher Scientific Inc Common Stock,Thermo Fisher Scientific Inc Common Stock,TMO,TMO,ST,P,2025-10-30,2025-11-01,1001.0,15000.0,,"$1,001 - $15,000",valid_range,New,Charles Schwab 401K > Schwab 893,,,,48,48,table,False,False,,False,0,False,False,100,True,20,False,https://disclosures-clerk.house.gov/public_disc/ptr-pdfs/2025/20033446.pdf,,,SP,Thermo Fisher Scientific Inc Common Stock (TMO) [ST] Filing Status: New Subholding Of: Charles Schwab 401K >,Thermo Fisher Scientific Inc Common Stock (TMO) [ST],P Schwab 893,10/30/2025,11/01/2025,"$1,001 - $15,000",,"SP Thermo Fisher Scientific Inc Common Stock (TMO) [ST] P 10/30/2025 11/01/2025 $1,001 - $15,000 Filing Status: New Subholding Of: Charles Schwab 401K > Schwab 893",,,False,100,TMO,accepted,house_ptr_structure+v8_1,False,False,False,10/30/2025,False,,valid_range
20033446,Hon. Lisa McClain,Member,MI09,20033446.pdf,2025,428,SP,"T-Mobile US, Inc.","T-Mobile US, Inc.",TMUS,TMUS,ST,P,2025-10-30,2025-11-01,1001.0,15000.0,,"$1,001 - $15,000",valid_range,New,Charles Schwab 401K > Schwab 893,,,,48,48,table,False,False,,False,0,False,True,100,True,20,False,https://disclosures-clerk.house.gov/public_disc/ptr-pdfs/2025/20033446.pdf,,,SP,"T-Mobile US, Inc. (TMUS) [ST]","T-Mobile US, Inc. (TMUS) [ST]",P,10/30/2025,11/01/2025,"$1,001 - $15,000",Filing Status: New Subholding Of: Charles Schwab 401K > Schwab 893,"SP T-Mobile US, Inc. (TMUS) [ST] P 10/30/2025 11/01/2025 $1,001 - $15,000 Filing Status: New Subholding Of: Charles Schwab 401K > Schwab 893",,,False,100,TMUS,accepted,house_ptr_structure+v8_1,False,False,False,10/30/2025,False,,valid_range
20033446,Hon. Lisa McClain,Member,MI09,20033446.pdf,2025,429,SP,"T-Mobile US, Inc.","T-Mobile US, Inc.",TMUS,TMUS,ST,S,2025-10-30,2025-11-01,1001.0,15000.0,,"$1,001 - $15,000",valid_range,New,Charles Schwab Brokerage Account 924,,,,48,48,table,False,False,,False,0,False,False,100,True,20,False,https://disclosures-clerk.house.gov/public_disc/ptr-pdfs/2025/20033446.pdf,,,SP,"T-Mobile US, Inc. (TMUS) [ST] Filing Status: New Subholding Of: Charles Schwab Brokera","T-Mobile US, Inc. (TMUS) [ST]",S age Account 924,10/30/2025,11/01/2025,"$1,001 - $15,000",,"SP T-Mobile US, Inc. (TMUS) [ST] S 10/30/2025 11/01/2025 $1,001 - $15,000 Filing Status: New Subholding Of: Charles Schwab Brokerage Account 924",,,False,100,TMUS,accepted,house_ptr_structure+v8_1,False,False,False,10/30/2025,False,,valid_range
20033446,Hon. Lisa McClain,Member,MI09,20033446.pdf,2025,430,SP,"T-Mobile US, Inc.","T-Mobile US, Inc.",TMUS,TMUS,ST,S,2025-10-31,2025-11-01,1001.0,15000.0,,"$1,001 - $15,000",valid_range,New,Charles Schwab 401K > Schwab 893,,,,48,48,table,False,False,,False,0,False,True,100,True,20,False,https://disclosures-clerk.house.gov/public_disc/ptr-pdfs/2025/20033446.pdf,,,SP,"T-Mobile US, Inc. (TMUS) [ST]","T-Mobile US, Inc. (TMUS) [ST]",S,10/31/2025,11/01/2025,"$1,001 - $15,000",Filing Status: New Subholding Of: Charles Schwab 401K > Schwab 893,"SP T-Mobile US, Inc. (TMUS) [ST] S 10/31/2025 11/01/2025 $1,001 - $15,000 Filing Status: New Subholding Of: Charles Schwab 401K > Schwab 893",,,False,100,TMUS,accepted,house_ptr_structure+v8_1,False,False,False,10/31/2025,False,,valid_range
20033446,Hon. Lisa McClain,Member,MI09,20033446.pdf,2025,431,SP,Toyota Motor Corporation Common Stock,Toyota Motor Corporation Common Stock,TM,TM,ST,S,2025-10-14,2025-11-01,1001.0,15000.0,,"$1,001 - $15,000",valid_range,New,Charles Schwab Brokerage Account 924,,,,48,48,table,False,False,,False,0,False,False,100,True,20,False,https://disclosures-clerk.house.gov/public_disc/ptr-pdfs/2025/20033446.pdf,,,SP,Toyota Motor Corporation Common Stock (TM) [ST] Filing Status: New Subholding Of: Charles Schwab Brokera,Toyota Motor Corporation Common Stock (TM) [ST],S age Account 924,10/14/2025,11/01/2025,"$1,001 - $15,000",,"SP Toyota Motor Corporation Common Stock (TM) [ST] S 10/14/2025 11/01/2025 $1,001 - $15,000 Filing Status: New Subholding Of: Charles Schwab Brokerage Account 924",,,False,100,TM,accepted,house_ptr_structure+v8_1,False,False,False,10/14/2025,False,,valid_range
20033446,Hon. Lisa McClain,Member,MI09,20033446.pdf,2025,432,SP,Trip.com Group Limited - American Depositary Shares,Trip.com Group Limited - American Depositary Shares,TCOM,TCOM,ST,P,2025-10-30,2025-11-01,1001.0,15000.0,,"$1,001 - $15,000",valid_range,New,Charles Schwab 401K > Schwab 893,,,,48,48,table,False,False,,False,0,False,True,100,True,20,False,https://disclosures-clerk.house.gov/public_disc/ptr-pdfs/2025/20033446.pdf,,,SP,Trip.com Group Limited - American Depositary Shares (TCOM) [ST],Trip.com Group Limited - American Depositary Shares (TCOM) [ST],P,10/30/2025,11/01/2025,"$1,001 - $15,000",Filing Status: New Subholding Of: Charles Schwab 401K > Schwab 893,"SP Trip.com Group Limited - American Depositary Shares (TCOM) [ST] P 10/30/2025 11/01/2025 $1,001 - $15,000 Filing Status: New Subholding Of: Charles Schwab 401K > Schwab 893",,,False,100,TCOM,accepted,house_ptr_structure+v8_1,False,False,False,10/30/2025,False,,valid_range
20033446,Hon. Lisa McClain,Member,MI09,20033446.pdf,2025,433,SP,Trip.com Group Limited - American Depositary Shares,Trip.com Group Limited - American Depositary Shares,TCOM,TCOM,ST,S,2025-10-30,2025-11-01,1001.0,15000.0,,"$1,001 - $15,000",valid_range,New,Charles Schwab Brokerage Account 924,,,,48,49,table,False,False,,True,0,False,False,98,True,20,False,https://disclosures-clerk.house.gov/public_disc/ptr-pdfs/2025/20033446.pdf,,,SP,Trip.com Group Limited - American Depositary Shares (TCOM) [ST],Trip.com Group Limited - American Depositary Shares (TCOM) [ST],S,10/30/2025,11/01/2025,"$1,001 - $15,000",Filing Status: New Subholding Of: Charles Schwab Brokerage Account 924,"SP Trip.com Group Limited - American Depositary Shares (TCOM) [ST] S 10/30/2025 11/01/2025 $1,001 - $15,000 Filing Status: New Subholding Of: Charles Schwab Brokerage Account 924",,,False,98,TCOM,accepted,house_ptr_structure+v8_1,False,False,False,10/30/2025,False,,valid_range
20033446,Hon. Lisa McClain,Member,MI09,20033446.pdf,2025,434,SP,Trip.com Group Limited - American Depositary Shares,Trip.com Group Limited - American Depositary Shares,TCOM,TCOM,ST,S,2025-10-31,2025-11-01,1001.0,15000.0,,"$1,001 - $15,000",valid_range,New,Charles Schwab 401K > Schwab 893,,,,49,49,table,False,False,,False,0,False,True,100,True,20,False,https://disclosures-clerk.house.gov/public_disc/ptr-pdfs/2025/20033446.pdf,,,SP,Trip.com Group Limited - American Depositary Shares (TCOM) [ST],Trip.com Group Limited - American Depositary Shares (TCOM) [ST],S,10/31/2025,11/01/2025,"$1,001 - $15,000",Filing Status: New Subholding Of: Charles Schwab 401K > Schwab 893,"SP Trip.com Group Limited - American Depositary Shares (TCOM) [ST] S 10/31/2025 11/01/2025 $1,001 - $15,000 Filing Status: New Subholding Of: Charles Schwab 401K > Schwab 893",,,False,100,TCOM,accepted,house_ptr_structure+v8_1,False,False,False,10/31/2025,False,,valid_range
20033446,Hon. Lisa McClain,Member,MI09,20033446.pdf,2025,435,SP,"Uber Technologies, Inc. Common Stock","Uber Technologies, Inc. Common Stock",UBER,UBER,ST,S,2025-10-31,2025-11-01,1001.0,15000.0,,"$1,001 - $15,000",valid_range,New,Charles Schwab 401K > Schwab 893,,,,49,49,table,False,False,,False,0,False,False,100,True,20,False,https://disclosures-clerk.house.gov/public_disc/ptr-pdfs/2025/20033446.pdf,,,SP,"Uber Technologies, Inc. Common Stock (UBER) [ST] Filing Status: New Subholding Of: Charles Schwab 401K >","Uber Technologies, Inc. Common Stock (UBER) [ST]",S Schwab 893,10/31/2025,11/01/2025,"$1,001 - $15,000",,"SP Uber Technologies, Inc. Common Stock (UBER) [ST] S 10/31/2025 11/01/2025 $1,001 - $15,000 Filing Status: New Subholding Of: Charles Schwab 401K > Schwab 893",,,False,100,UBER,accepted,house_ptr_structure+v8_1,False,False,False,10/31/2025,False,,valid_range
20033446,Hon. Lisa McClain,Member,MI09,20033446.pdf,2025,436,SP,"Uber Technologies, Inc. Common Stock","Uber Technologies, Inc. Common Stock",UBER,UBER,ST,S,2025-10-30,2025-11-01,1001.0,15000.0,,"$1,001 - $15,000",valid_range,New,Charles Schwab Brokerage Account 924,,,,49,49,table,False,False,,False,0,False,True,100,True,20,False,https://disclosures-clerk.house.gov/public_disc/ptr-pdfs/2025/20033446.pdf,,,SP,"Uber Technologies, Inc. Common Stock (UBER) [ST]","Uber Technologies, Inc. Common Stock (UBER) [ST]",S,10/30/2025,11/01/2025,"$1,001 - $15,000",Filing Status: New Subholding Of: Charles Schwab Brokerage Account 924,"SP Uber Technologies, Inc. Common Stock (UBER) [ST] S 10/30/2025 11/01/2025 $1,001 - $15,000 Filing Status: New Subholding Of: Charles Schwab Brokerage Account 924",,,False,100,UBER,accepted,house_ptr_structure+v8_1,False,False,False,10/30/2025,False,,valid_range
20033446,Hon. Lisa McClain,Member,MI09,20033446.pdf,2025,437,SP,"Uber Technologies, Inc. Common Stock","Uber Technologies, Inc. Common Stock",UBER,UBER,ST,P,2025-10-30,2025-11-01,1001.0,15000.0,,"$1,001 - $15,000",valid_range,New,Charles Schwab 401K > Schwab 893,,,,49,49,table,False,False,,False,0,False,False,100,True,20,False,https://disclosures-clerk.house.gov/public_disc/ptr-pdfs/2025/20033446.pdf,,,SP,"Uber Technologies, Inc. Common Stock (UBER) [ST] Filing Status: New Subholding Of: Charles Schwab 401K >","Uber Technologies, Inc. Common Stock (UBER) [ST]",P Schwab 893,10/30/2025,11/01/2025,"$1,001 - $15,000",,"SP Uber Technologies, Inc. Common Stock (UBER) [ST] P 10/30/2025 11/01/2025 $1,001 - $15,000 Filing Status: New Subholding Of: Charles Schwab 401K > Schwab 893",,,False,100,UBER,accepted,house_ptr_structure+v8_1,False,False,False,10/30/2025,False,,valid_range
20033446,Hon. Lisa McClain,Member,MI09,20033446.pdf,2025,438,SP,United Therapeutics Corporation - Common Stock,United Therapeutics Corporation - Common Stock,UTHR,UTHR,ST,P,2025-10-30,2025-11-01,1001.0,15000.0,,"$1,001 - $15,000",valid_range,New,Charles Schwab 401K > Schwab 893,,,,49,49,table,False,False,,False,0,False,True,100,True,20,False,https://disclosures-clerk.house.gov/public_disc/ptr-pdfs/2025/20033446.pdf,,,SP,United Therapeutics Corporation - Common Stock (UTHR) [ST],United Therapeutics Corporation - Common Stock (UTHR) [ST],P,10/30/2025,11/01/2025,"$1,001 - $15,000",Filing Status: New Subholding Of: Charles Schwab 401K > Schwab 893,"SP United Therapeutics Corporation - Common Stock (UTHR) [ST] P 10/30/2025 11/01/2025 $1,001 - $15,000 Filing Status: New Subholding Of: Charles Schwab 401K > Schwab 893",,,False,100,UTHR,accepted,house_ptr_structure+v8_1,False,False,False,10/30/2025,False,,valid_range
20033446,Hon. Lisa McClain,Member,MI09,20033446.pdf,2025,439,SP,United Therapeutics Corporation - Common Stock,United Therapeutics Corporation - Common Stock,UTHR,UTHR,ST,S,2025-10-30,2025-11-01,1001.0,15000.0,,"$1,001 - $15,000",valid_range,New,Charles Schwab Brokerage Account 924,,,,49,49,table,False,False,,False,0,False,False,100,True,20,False,https://disclosures-clerk.house.gov/public_disc/ptr-pdfs/2025/20033446.pdf,,,SP,United Therapeutics Corporation - Common Stock (UTHR) [ST] Filing Status: New Subholding Of: Charles Schwab Brokera,United Therapeutics Corporation - Common Stock (UTHR) [ST],S age Account 924,10/30/2025,11/01/2025,"$1,001 - $15,000",,"SP United Therapeutics Corporation - Common Stock (UTHR) [ST] S 10/30/2025 11/01/2025 $1,001 - $15,000 Filing Status: New Subholding Of: Charles Schwab Brokerage Account 924",,,False,100,UTHR,accepted,house_ptr_structure+v8_1,False,False,False,10/30/2025,False,,valid_range
20033446,Hon. Lisa McClain,Member,MI09,20033446.pdf,2025,440,SP,United Therapeutics Corporation - Common Stock,United Therapeutics Corporation - Common Stock,UTHR,UTHR,ST,S,2025-10-31,2025-11-01,1001.0,15000.0,,"$1,001 - $15,000",valid_range,New,Charles Schwab 401K > Schwab 893,,,,49,49,table,False,False,,False,0,False,True,100,True,20,False,https://disclosures-clerk.house.gov/public_disc/ptr-pdfs/2025/20033446.pdf,,,SP,United Therapeutics Corporation - Common Stock (UTHR) [ST],United Therapeutics Corporation - Common Stock (UTHR) [ST],S,10/31/2025,11/01/2025,"$1,001 - $15,000",Filing Status: New Subholding Of: Charles Schwab 401K > Schwab 893,"SP United Therapeutics Corporation - Common Stock (UTHR) [ST] S 10/31/2025 11/01/2025 $1,001 - $15,000 Filing Status: New Subholding Of: Charles Schwab 401K > Schwab 893",,,False,100,UTHR,accepted,house_ptr_structure+v8_1,False,False,False,10/31/2025,False,,valid_range
20033446,Hon. Lisa McClain,Member,MI09,20033446.pdf,2025,441,SP,UnitedHealth Group Incorporated Common Stock,UnitedHealth Group Incorporated Common Stock,UNH,UNH,ST,S,2025-10-31,2025-11-01,1001.0,15000.0,,"$1,001 - $15,000",valid_range,New,Charles Schwab 401K > Schwab 893,,,,49,49,table,False,False,,False,0,False,False,100,True,20,False,https://disclosures-clerk.house.gov/public_disc/ptr-pdfs/2025/20033446.pdf,,,SP,UnitedHealth Group Incorporated Common Stock (UNH) [ST] Filing Status: New Subholding Of: Charles Schwab 401K >,UnitedHealth Group Incorporated Common Stock (UNH) [ST],S Schwab 893,10/31/2025,11/01/2025,"$1,001 - $15,000",,"SP UnitedHealth Group Incorporated Common Stock (UNH) [ST] S 10/31/2025 11/01/2025 $1,001 - $15,000 Filing Status: New Subholding Of: Charles Schwab 401K > Schwab 893",,,False,100,UNH,accepted,house_ptr_structure+v8_1,False,False,False,10/31/2025,False,,valid_range
20033446,Hon. Lisa McClain,Member,MI09,20033446.pdf,2025,442,SP,UnitedHealth Group Incorporated Common Stock,UnitedHealth Group Incorporated Common Stock,UNH,UNH,ST,S,2025-10-30,2025-11-01,1001.0,15000.0,,"$1,001 - $15,000",valid_range,New,Charles Schwab Brokerage Account 924,,,,49,50,table,False,False,,True,0,False,True,98,True,20,False,https://disclosures-clerk.house.gov/public_disc/ptr-pdfs/2025/20033446.pdf,,,SP,UnitedHealth Group Incorporated Common Stock (UNH) [ST],UnitedHealth Group Incorporated Common Stock (UNH) [ST],S,10/30/2025,11/01/2025,"$1,001 - $15,000",Filing Status: New Subholding Of: Charles Schwab Brokerage Account 924,"SP UnitedHealth Group Incorporated Common Stock (UNH) [ST] S 10/30/2025 11/01/2025 $1,001 - $15,000 Filing Status: New Subholding Of: Charles Schwab Brokerage Account 924",,,False,98,UNH,accepted,house_ptr_structure+v8_1,False,False,False,10/30/2025,False,,valid_range
20033446,Hon. Lisa McClain,Member,MI09,20033446.pdf,2025,443,SP,UnitedHealth Group Incorporated Common Stock,UnitedHealth Group Incorporated Common Stock,UNH,UNH,ST,P,2025-10-30,2025-11-01,1001.0,15000.0,,"$1,001 - $15,000",valid_range,New,Charles Schwab 401K > Schwab 893,,,,50,50,table,False,False,,False,0,False,False,100,True,20,False,https://disclosures-clerk.house.gov/public_disc/ptr-pdfs/2025/20033446.pdf,,,SP,UnitedHealth Group Incorporated Common Stock (UNH) [ST] Filing Status: New Subholding Of: Charles Schwab 401K >,UnitedHealth Group Incorporated Common Stock (UNH) [ST],P Schwab 893,10/30/2025,11/01/2025,"$1,001 - $15,000",,"SP UnitedHealth Group Incorporated Common Stock (UNH) [ST] P 10/30/2025 11/01/2025 $1,001 - $15,000 Filing Status: New Subholding Of: Charles Schwab 401K > Schwab 893",,,False,100,UNH,accepted,house_ptr_structure+v8_1,False,False,False,10/30/2025,False,,valid_range
20033446,Hon. Lisa McClain,Member,MI09,20033446.pdf,2025,444,SP,Unum Group Common Stock,Unum Group Common Stock,UNM,UNM,ST,P,2025-10-30,2025-11-01,1001.0,15000.0,,"$1,001 - $15,000",valid_range,New,Charles Schwab 401K > Schwab 893,,,,50,50,table,False,False,,False,0,False,True,100,True,20,False,https://disclosures-clerk.house.gov/public_disc/ptr-pdfs/2025/20033446.pdf,,,SP,Unum Group Common Stock (UNM) [ST],Unum Group Common Stock (UNM) [ST],P,10/30/2025,11/01/2025,"$1,001 - $15,000",Filing Status: New Subholding Of: Charles Schwab 401K > Schwab 893,"SP Unum Group Common Stock (UNM) [ST] P 10/30/2025 11/01/2025 $1,001 - $15,000 Filing Status: New Subholding Of: Charles Schwab 401K > Schwab 893",,,False,100,UNM,accepted,house_ptr_structure+v8_1,False,False,False,10/30/2025,False,,valid_range
20033446,Hon. Lisa McClain,Member,MI09,20033446.pdf,2025,445,SP,Unum Group Common Stock,Unum Group Common Stock,UNM,UNM,ST,S,2025-10-30,2025-11-01,1001.0,15000.0,,"$1,001 - $15,000",valid_range,New,Charles Schwab Brokerage Account 924,,,,50,50,table,False,False,,False,0,False,False,100,True,20,False,https://disclosures-clerk.house.gov/public_disc/ptr-pdfs/2025/20033446.pdf,,,SP,Unum Group Common Stock (UNM) [ST] Filing Status: New Subholding Of: Charles Schwab Brokera,Unum Group Common Stock (UNM) [ST],S age Account 924,10/30/2025,11/01/2025,"$1,001 - $15,000",,"SP Unum Group Common Stock (UNM) [ST] S 10/30/2025 11/01/2025 $1,001 - $15,000 Filing Status: New Subholding Of: Charles Schwab Brokerage Account 924",,,False,100,UNM,accepted,house_ptr_structure+v8_1,False,False,False,10/30/2025,False,,valid_range
20033446,Hon. Lisa McClain,Member,MI09,20033446.pdf,2025,446,SP,Unum Group Common Stock,Unum Group Common Stock,UNM,UNM,ST,S,2025-10-31,2025-11-01,1001.0,15000.0,,"$1,001 - $15,000",valid_range,New,Charles Schwab 401K > Schwab 893,,,,50,50,table,False,False,,False,0,False,True,100,True,20,False,https://disclosures-clerk.house.gov/public_disc/ptr-pdfs/2025/20033446.pdf,,,SP,Unum Group Common Stock (UNM) [ST],Unum Group Common Stock (UNM) [ST],S,10/31/2025,11/01/2025,"$1,001 - $15,000",Filing Status: New Subholding Of: Charles Schwab 401K > Schwab 893,"SP Unum Group Common Stock (UNM) [ST] S 10/31/2025 11/01/2025 $1,001 - $15,000 Filing Status: New Subholding Of: Charles Schwab 401K > Schwab 893",,,False,100,UNM,accepted,house_ptr_structure+v8_1,False,False,False,10/31/2025,False,,valid_range
20033446,Hon. Lisa McClain,Member,MI09,20033446.pdf,2025,447,SP,Urban Edge Properties Common Shares of Beneficial Interest,Urban Edge Properties Common Shares of Beneficial Interest,UE,UE,ST,S,2025-10-31,2025-11-01,1001.0,15000.0,,"$1,001 - $15,000",valid_range,New,Charles Schwab 401K > Schwab 893,,,,50,50,table,False,False,,False,0,False,False,100,True,20,False,https://disclosures-clerk.house.gov/public_disc/ptr-pdfs/2025/20033446.pdf,,,SP,Urban Edge Properties Common Shares of Beneficial Interest (UE) [ST] Filing Status: New Subholding Of: Charles Schwab 401K >,Urban Edge Properties Common Shares of Beneficial Interest (UE) [ST],S Schwab 893,10/31/2025,11/01/2025,"$1,001 - $15,000",,"SP Urban Edge Properties Common Shares of Beneficial Interest (UE) [ST] S 10/31/2025 11/01/2025 $1,001 - $15,000 Filing Status: New Subholding Of: Charles Schwab 401K > Schwab 893",,,False,100,UE,accepted,house_ptr_structure+v8_1,False,False,False,10/31/2025,False,,valid_range
20033446,Hon. Lisa McClain,Member,MI09,20033446.pdf,2025,448,SP,Urban Edge Properties Common Shares of Beneficial Interest,Urban Edge Properties Common Shares of Beneficial Interest,UE,UE,ST,S,2025-10-30,2025-11-01,1001.0,15000.0,,"$1,001 - $15,000",valid_range,New,Charles Schwab Brokerage Account 924,,,,50,50,table,False,False,,False,0,False,True,100,True,20,False,https://disclosures-clerk.house.gov/public_disc/ptr-pdfs/2025/20033446.pdf,,,SP,Urban Edge Properties Common Shares of Beneficial Interest (UE) [ST],Urban Edge Properties Common Shares of Beneficial Interest (UE) [ST],S,10/30/2025,11/01/2025,"$1,001 - $15,000",Filing Status: New Subholding Of: Charles Schwab Brokerage Account 924,"SP Urban Edge Properties Common Shares of Beneficial Interest (UE) [ST] S 10/30/2025 11/01/2025 $1,001 - $15,000 Filing Status: New Subholding Of: Charles Schwab Brokerage Account 924",,,False,100,UE,accepted,house_ptr_structure+v8_1,False,False,False,10/30/2025,False,,valid_range
20033446,Hon. Lisa McClain,Member,MI09,20033446.pdf,2025,449,SP,Urban Edge Properties Common Shares of Beneficial Interest,Urban Edge Properties Common Shares of Beneficial Interest,UE,UE,ST,P,2025-10-30,2025-11-01,1001.0,15000.0,,"$1,001 - $15,000",valid_range,New,Charles Schwab 401K > Schwab 893,,,,50,50,table,False,False,,False,0,False,False,100,True,20,False,https://disclosures-clerk.house.gov/public_disc/ptr-pdfs/2025/20033446.pdf,,,SP,Urban Edge Properties Common Shares of Beneficial Interest (UE) [ST] Filing Status: New Subholding Of: Charles Schwab 401K >,Urban Edge Properties Common Shares of Beneficial Interest (UE) [ST],P Schwab 893,10/30/2025,11/01/2025,"$1,001 - $15,000",,"SP Urban Edge Properties Common Shares of Beneficial Interest (UE) [ST] P 10/30/2025 11/01/2025 $1,001 - $15,000 Filing Status: New Subholding Of: Charles Schwab 401K > Schwab 893",,,False,100,UE,accepted,house_ptr_structure+v8_1,False,False,False,10/30/2025,False,,valid_range
20033446,Hon. Lisa McClain,Member,MI09,20033446.pdf,2025,450,SP,VALE S.A. American Depositary Shares Each Representing one common share,VALE S.A. American Depositary Shares Each Representing one common share,VALE,VALE,ST,P,2025-10-30,2025-11-01,1001.0,15000.0,,"$1,001 - $15,000",valid_range,New,Charles Schwab 401K > Schwab 893,,,,50,50,table,False,False,,False,0,False,True,100,True,20,False,https://disclosures-clerk.house.gov/public_disc/ptr-pdfs/2025/20033446.pdf,,,SP,VALE S.A. American Depositary Shares Each Representing one common share (VALE) [ST],VALE S.A. American Depositary Shares Each Representing one common share (VALE) [ST],P,10/30/2025,11/01/2025,"$1,001 - $15,000",Filing Status: New Subholding Of: Charles Schwab 401K > Schwab 893,"SP VALE S.A. American Depositary Shares Each Representing one common share (VALE) [ST] P 10/30/2025 11/01/2025 $1,001 - $15,000 Filing Status: New Subholding Of: Charles Schwab 401K > Schwab 893",,,False,100,VALE,accepted,house_ptr_structure+v8_1,False,False,False,10/30/2025,False,,valid_range
20033446,Hon. Lisa McClain,Member,MI09,20033446.pdf,2025,451,SP,VALE S.A. American Depositary Shares Each Representing one,VALE S.A. American Depositary Shares Each Representing one,VALE,VALE,ST,S,2025-10-30,2025-11-01,1001.0,15000.0,,"$1,001 - $15,000",valid_range,New,Charles Schwab Brokerage Account 924,,,,50,51,table,False,False,,True,0,False,False,98,True,20,False,https://disclosures-clerk.house.gov/public_disc/ptr-pdfs/2025/20033446.pdf,,,SP,VALE S.A. American Depositary Shares Each Representing one,VALE S.A. American Depositary Shares Each Representing one common share (VALE) [ST],S,10/30/2025,11/01/2025,"$1,001 - $15,000",common share (VALE) [ST] Filing Status: New Subholding Of: Charles Schwab Brokerage Account 924,"SP VALE S.A. American Depositary Shares Each Representing one S 10/30/2025 11/01/2025 $1,001 - $15,000 common share (VALE) [ST] Filing Status: New Subholding Of: Charles Schwab Brokerage Account 924",,,False,98,VALE,accepted,house_ptr_structure+v8_1,False,False,False,10/30/2025,False,,valid_range
20033446,Hon. Lisa McClain,Member,MI09,20033446.pdf,2025,452,SP,VALE S.A. American Depositary Shares Each Representing one common share,VALE S.A. American Depositary Shares Each Representing one common share,VALE,VALE,ST,S,2025-10-31,2025-11-01,1001.0,15000.0,,"$1,001 - $15,000",valid_range,New,Charles Schwab 401K > Schwab 893,,,,51,51,table,False,False,,False,0,False,True,100,True,20,False,https://disclosures-clerk.house.gov/public_disc/ptr-pdfs/2025/20033446.pdf,,,SP,VALE S.A. American Depositary Shares Each Representing one common share (VALE) [ST],VALE S.A. American Depositary Shares Each Representing one common share (VALE) [ST],S,10/31/2025,11/01/2025,"$1,001 - $15,000",Filing Status: New Subholding Of: Charles Schwab 401K > Schwab 893,"SP VALE S.A. American Depositary Shares Each Representing one common share (VALE) [ST] S 10/31/2025 11/01/2025 $1,001 - $15,000 Filing Status: New Subholding Of: Charles Schwab 401K > Schwab 893",,,False,100,VALE,accepted,house_ptr_structure+v8_1,False,False,False,10/31/2025,False,,valid_range
20033446,Hon. Lisa McClain,Member,MI09,20033446.pdf,2025,453,SP,"Vertiv Holdings, LLC Class A Common Stock","Vertiv Holdings, LLC Class A Common Stock",VRT,VRT,ST,S,2025-10-31,2025-11-01,1001.0,15000.0,,"$1,001 - $15,000",valid_range,New,Charles Schwab 401K > Schwab 893,,,,51,51,table,False,False,,False,0,False,False,100,True,20,False,https://disclosures-clerk.house.gov/public_disc/ptr-pdfs/2025/20033446.pdf,,,SP,"Vertiv Holdings, LLC Class A Common Stock (VRT) [ST] Filing Status: New Subholding Of: Charles Schwab 401K >","Vertiv Holdings, LLC Class A Common Stock (VRT) [ST]",S Schwab 893,10/31/2025,11/01/2025,"$1,001 - $15,000",,"SP Vertiv Holdings, LLC Class A Common Stock (VRT) [ST] S 10/31/2025 11/01/2025 $1,001 - $15,000 Filing Status: New Subholding Of: Charles Schwab 401K > Schwab 893",,,False,100,VRT,accepted,house_ptr_structure+v8_1,False,False,False,10/31/2025,False,,valid_range
20033446,Hon. Lisa McClain,Member,MI09,20033446.pdf,2025,454,SP,"Vertiv Holdings, LLC Class A Common Stock","Vertiv Holdings, LLC Class A Common Stock",VRT,VRT,ST,S,2025-10-30,2025-11-01,1001.0,15000.0,,"$1,001 - $15,000",valid_range,New,Charles Schwab Brokerage Account 924,,,,51,51,table,False,False,,False,0,False,True,100,True,20,False,https://disclosures-clerk.house.gov/public_disc/ptr-pdfs/2025/20033446.pdf,,,SP,"Vertiv Holdings, LLC Class A Common Stock (VRT) [ST]","Vertiv Holdings, LLC Class A Common Stock (VRT) [ST]",S,10/30/2025,11/01/2025,"$1,001 - $15,000",Filing Status: New Subholding Of: Charles Schwab Brokerage Account 924,"SP Vertiv Holdings, LLC Class A Common Stock (VRT) [ST] S 10/30/2025 11/01/2025 $1,001 - $15,000 Filing Status: New Subholding Of: Charles Schwab Brokerage Account 924",,,False,100,VRT,accepted,house_ptr_structure+v8_1,False,False,False,10/30/2025,False,,valid_range
20033446,Hon. Lisa McClain,Member,MI09,20033446.pdf,2025,455,SP,"Vertiv Holdings, LLC Class A Common Stock","Vertiv Holdings, LLC Class A Common Stock",VRT,VRT,ST,P,2025-10-30,2025-11-01,1001.0,15000.0,,"$1,001 - $15,000",valid_range,New,Charles Schwab 401K > Schwab 893,,,,51,51,table,False,False,,False,0,False,False,100,True,20,False,https://disclosures-clerk.house.gov/public_disc/ptr-pdfs/2025/20033446.pdf,,,SP,"Vertiv Holdings, LLC Class A Common Stock (VRT) [ST] Filing Status: New Subholding Of: Charles Schwab 401K >","Vertiv Holdings, LLC Class A Common Stock (VRT) [ST]",P Schwab 893,10/30/2025,11/01/2025,"$1,001 - $15,000",,"SP Vertiv Holdings, LLC Class A Common Stock (VRT) [ST] P 10/30/2025 11/01/2025 $1,001 - $15,000 Filing Status: New Subholding Of: Charles Schwab 401K > Schwab 893",,,False,100,VRT,accepted,house_ptr_structure+v8_1,False,False,False,10/30/2025,False,,valid_range
20033446,Hon. Lisa McClain,Member,MI09,20033446.pdf,2025,456,SP,Visa Inc.,Visa Inc.,V,V,ST,P,2025-10-30,2025-11-01,1001.0,15000.0,,"$1,001 - $15,000",valid_range,New,Charles Schwab 401K > Schwab 893,,,,51,51,table,False,False,,False,0,False,True,100,True,20,False,https://disclosures-clerk.house.gov/public_disc/ptr-pdfs/2025/20033446.pdf,,,SP,Visa Inc. (V) [ST],Visa Inc. (V) [ST],P,10/30/2025,11/01/2025,"$1,001 - $15,000",Filing Status: New Subholding Of: Charles Schwab 401K > Schwab 893,"SP Visa Inc. (V) [ST] P 10/30/2025 11/01/2025 $1,001 - $15,000 Filing Status: New Subholding Of: Charles Schwab 401K > Schwab 893",,,False,100,V,accepted,house_ptr_structure+v8_1,False,False,False,10/30/2025,False,,valid_range
20033446,Hon. Lisa McClain,Member,MI09,20033446.pdf,2025,457,SP,Visa Inc.,Visa Inc.,V,V,ST,S,2025-10-30,2025-11-01,1001.0,15000.0,,"$1,001 - $15,000",valid_range,New,Charles Schwab Brokerage Account 924,,,,51,51,table,False,False,,False,0,False,False,100,True,20,False,https://disclosures-clerk.house.gov/public_disc/ptr-pdfs/2025/20033446.pdf,,,SP,Visa Inc. (V) [ST] Filing Status: New Subholding Of: Charles Schwab Brokera,Visa Inc. (V) [ST],S age Account 924,10/30/2025,11/01/2025,"$1,001 - $15,000",,"SP Visa Inc. (V) [ST] S 10/30/2025 11/01/2025 $1,001 - $15,000 Filing Status: New Subholding Of: Charles Schwab Brokerage Account 924",,,False,100,V,accepted,house_ptr_structure+v8_1,False,False,False,10/30/2025,False,,valid_range
20033446,Hon. Lisa McClain,Member,MI09,20033446.pdf,2025,458,SP,Visa Inc.,Visa Inc.,V,V,ST,S,2025-10-31,2025-11-01,1001.0,15000.0,,"$1,001 - $15,000",valid_range,New,Charles Schwab 401K > Schwab 893,,,,51,51,table,False,False,,False,0,False,True,100,True,20,False,https://disclosures-clerk.house.gov/public_disc/ptr-pdfs/2025/20033446.pdf,,,SP,Visa Inc. (V) [ST],Visa Inc. (V) [ST],S,10/31/2025,11/01/2025,"$1,001 - $15,000",Filing Status: New Subholding Of: Charles Schwab 401K > Schwab 893,"SP Visa Inc. (V) [ST] S 10/31/2025 11/01/2025 $1,001 - $15,000 Filing Status: New Subholding Of: Charles Schwab 401K > Schwab 893",,,False,100,V,accepted,house_ptr_structure+v8_1,False,False,False,10/31/2025,False,,valid_range
20033446,Hon. Lisa McClain,Member,MI09,20033446.pdf,2025,459,SP,Vistra Corp. Common Stock,Vistra Corp. Common Stock,VST,VST,ST,S,2025-10-31,2025-11-01,1001.0,15000.0,,"$1,001 - $15,000",valid_range,New,Charles Schwab 401K > Schwab 893,,,,51,51,table,False,False,,False,0,False,False,100,True,20,False,https://disclosures-clerk.house.gov/public_disc/ptr-pdfs/2025/20033446.pdf,,,SP,Vistra Corp. Common Stock (VST) [ST] Filing Status: New Subholding Of: Charles Schwab 401K >,Vistra Corp. Common Stock (VST) [ST],S Schwab 893,10/31/2025,11/01/2025,"$1,001 - $15,000",,"SP Vistra Corp. Common Stock (VST) [ST] S 10/31/2025 11/01/2025 $1,001 - $15,000 Filing Status: New Subholding Of: Charles Schwab 401K > Schwab 893",,,False,100,VST,accepted,house_ptr_structure+v8_1,False,False,False,10/31/2025,False,,valid_range
20033446,Hon. Lisa McClain,Member,MI09,20033446.pdf,2025,460,SP,Vistra Corp. Common Stock,Vistra Corp. Common Stock,VST,VST,ST,S,2025-10-30,2025-11-01,1001.0,15000.0,,"$1,001 - $15,000",valid_range,New,Charles Schwab Brokerage Account 924,,,,51,52,table,False,False,,True,0,False,True,98,True,20,False,https://disclosures-clerk.house.gov/public_disc/ptr-pdfs/2025/20033446.pdf,,,SP,Vistra Corp. Common Stock (VST) [ST],Vistra Corp. Common Stock (VST) [ST] ID Owner Asset Transaction Type Date Notification Date Amount Cap. Gains > $200?,S,10/30/2025,11/01/2025,"$1,001 - $15,000",ID Owner Asset Transaction Type Date Notification Date Amount Cap. Gains > $200? Filing Status: New Subholding Of: Charles Schwab Brokerage Account 924,"SP Vistra Corp. Common Stock (VST) [ST] S 10/30/2025 11/01/2025 $1,001 - $15,000 ID Owner Asset Transaction Type Date Notification Date Amount Cap. Gains > $200? Filing Status: New Subholding Of: Charles Schwab Brokerage Account 924",,,False,98,VST,accepted,house_ptr_structure+v8_1,False,False,False,10/30/2025,False,,valid_range
20033446,Hon. Lisa McClain,Member,MI09,20033446.pdf,2025,461,SP,Vistra Corp. Common Stock,Vistra Corp. Common Stock,VST,VST,ST,P,2025-10-30,2025-11-01,1001.0,15000.0,,"$1,001 - $15,000",valid_range,New,Charles Schwab 401K > Schwab 893,,,,52,52,table,False,False,,False,0,False,False,100,True,20,False,https://disclosures-clerk.house.gov/public_disc/ptr-pdfs/2025/20033446.pdf,,,SP,Vistra Corp. Common Stock (VST) [ST] Filing Status: New Subholding Of: Charles Schwab 401K >,Vistra Corp. Common Stock (VST) [ST],P Schwab 893,10/30/2025,11/01/2025,"$1,001 - $15,000",,"SP Vistra Corp. Common Stock (VST) [ST] P 10/30/2025 11/01/2025 $1,001 - $15,000 Filing Status: New Subholding Of: Charles Schwab 401K > Schwab 893",,,False,100,VST,accepted,house_ptr_structure+v8_1,False,False,False,10/30/2025,False,,valid_range
20033446,Hon. Lisa McClain,Member,MI09,20033446.pdf,2025,462,SP,W.R. Berkley Corporation Common Stock,W.R. Berkley Corporation Common Stock,WRB,WRB,ST,P,2025-10-30,2025-11-01,1001.0,15000.0,,"$1,001 - $15,000",valid_range,New,Charles Schwab 401K > Schwab 893,,,,52,52,table,False,False,,False,0,False,True,100,True,20,False,https://disclosures-clerk.house.gov/public_disc/ptr-pdfs/2025/20033446.pdf,,,SP,W.R. Berkley Corporation Common Stock (WRB) [ST],W.R. Berkley Corporation Common Stock (WRB) [ST],P,10/30/2025,11/01/2025,"$1,001 - $15,000",Filing Status: New Subholding Of: Charles Schwab 401K > Schwab 893,"SP W.R. Berkley Corporation Common Stock (WRB) [ST] P 10/30/2025 11/01/2025 $1,001 - $15,000 Filing Status: New Subholding Of: Charles Schwab 401K > Schwab 893",,,False,100,WRB,accepted,house_ptr_structure+v8_1,False,False,False,10/30/2025,False,,valid_range
20033446,Hon. Lisa McClain,Member,MI09,20033446.pdf,2025,463,SP,W.R. Berkley Corporation Common Stock,W.R. Berkley Corporation Common Stock,WRB,WRB,ST,S,2025-10-30,2025-11-01,1001.0,15000.0,,"$1,001 - $15,000",valid_range,New,Charles Schwab Brokerage Account 924,,,,52,52,table,False,False,,False,0,False,False,100,True,20,False,https://disclosures-clerk.house.gov/public_disc/ptr-pdfs/2025/20033446.pdf,,,SP,W.R. Berkley Corporation Common Stock (WRB) [ST] Filing Status: New Subholding Of: Charles Schwab Brokera,W.R. Berkley Corporation Common Stock (WRB) [ST],S age Account 924,10/30/2025,11/01/2025,"$1,001 - $15,000",,"SP W.R. Berkley Corporation Common Stock (WRB) [ST] S 10/30/2025 11/01/2025 $1,001 - $15,000 Filing Status: New Subholding Of: Charles Schwab Brokerage Account 924",,,False,100,WRB,accepted,house_ptr_structure+v8_1,False,False,False,10/30/2025,False,,valid_range
20033446,Hon. Lisa McClain,Member,MI09,20033446.pdf,2025,464,SP,W.R. Berkley Corporation Common Stock,W.R. Berkley Corporation Common Stock,WRB,WRB,ST,S,2025-10-31,2025-11-01,1001.0,15000.0,,"$1,001 - $15,000",valid_range,New,Charles Schwab 401K > Schwab 893,,,,52,52,table,False,False,,False,0,False,True,100,True,20,False,https://disclosures-clerk.house.gov/public_disc/ptr-pdfs/2025/20033446.pdf,,,SP,W.R. Berkley Corporation Common Stock (WRB) [ST],W.R. Berkley Corporation Common Stock (WRB) [ST],S,10/31/2025,11/01/2025,"$1,001 - $15,000",Filing Status: New Subholding Of: Charles Schwab 401K > Schwab 893,"SP W.R. Berkley Corporation Common Stock (WRB) [ST] S 10/31/2025 11/01/2025 $1,001 - $15,000 Filing Status: New Subholding Of: Charles Schwab 401K > Schwab 893",,,False,100,WRB,accepted,house_ptr_structure+v8_1,False,False,False,10/31/2025,False,,valid_range
20033446,Hon. Lisa McClain,Member,MI09,20033446.pdf,2025,465,SP,Walmart Inc. Common Stock,Walmart Inc. Common Stock,WMT,WMT,ST,S,2025-10-31,2025-11-01,1001.0,15000.0,,"$1,001 - $15,000",valid_range,New,Charles Schwab 401K > Schwab 893,,,,52,52,table,False,False,,False,0,False,False,100,True,20,False,https://disclosures-clerk.house.gov/public_disc/ptr-pdfs/2025/20033446.pdf,,,SP,Walmart Inc. Common Stock (WMT) [ST] Filing Status: New Subholding Of: Charles Schwab 401K >,Walmart Inc. Common Stock (WMT) [ST],S Schwab 893,10/31/2025,11/01/2025,"$1,001 - $15,000",,"SP Walmart Inc. Common Stock (WMT) [ST] S 10/31/2025 11/01/2025 $1,001 - $15,000 Filing Status: New Subholding Of: Charles Schwab 401K > Schwab 893",,,False,100,WMT,accepted,house_ptr_structure+v8_1,False,False,False,10/31/2025,False,,valid_range
20033446,Hon. Lisa McClain,Member,MI09,20033446.pdf,2025,466,SP,Walmart Inc. Common Stock,Walmart Inc. Common Stock,WMT,WMT,ST,S,2025-10-30,2025-11-01,1001.0,15000.0,,"$1,001 - $15,000",valid_range,New,Charles Schwab Brokerage Account 924,,,,52,52,table,False,False,,False,0,False,True,100,True,20,False,https://disclosures-clerk.house.gov/public_disc/ptr-pdfs/2025/20033446.pdf,,,SP,Walmart Inc. Common Stock (WMT) [ST],Walmart Inc. Common Stock (WMT) [ST],S,10/30/2025,11/01/2025,"$1,001 - $15,000",Filing Status: New Subholding Of: Charles Schwab Brokerage Account 924,"SP Walmart Inc. Common Stock (WMT) [ST] S 10/30/2025 11/01/2025 $1,001 - $15,000 Filing Status: New Subholding Of: Charles Schwab Brokerage Account 924",,,False,100,WMT,accepted,house_ptr_structure+v8_1,False,False,False,10/30/2025,False,,valid_range
20033446,Hon. Lisa McClain,Member,MI09,20033446.pdf,2025,467,SP,Walmart Inc. Common Stock,Walmart Inc. Common Stock,WMT,WMT,ST,P,2025-10-30,2025-11-01,1001.0,15000.0,,"$1,001 - $15,000",valid_range,New,Charles Schwab 401K > Schwab 893,,,,52,52,table,False,False,,False,0,False,False,100,True,20,False,https://disclosures-clerk.house.gov/public_disc/ptr-pdfs/2025/20033446.pdf,,,SP,Walmart Inc. Common Stock (WMT) [ST] Filing Status: New Subholding Of: Charles Schwab 401K >,Walmart Inc. Common Stock (WMT) [ST],P Schwab 893,10/30/2025,11/01/2025,"$1,001 - $15,000",,"SP Walmart Inc. Common Stock (WMT) [ST] P 10/30/2025 11/01/2025 $1,001 - $15,000 Filing Status: New Subholding Of: Charles Schwab 401K > Schwab 893",,,False,100,WMT,accepted,house_ptr_structure+v8_1,False,False,False,10/30/2025,False,,valid_range
20033446,Hon. Lisa McClain,Member,MI09,20033446.pdf,2025,468,SP,WSFS Financial Corporation - Common Stock,WSFS Financial Corporation - Common Stock,WSFS,WSFS,ST,P,2025-10-30,2025-11-01,1001.0,15000.0,,"$1,001 - $15,000",valid_range,New,Charles Schwab 401K > Schwab 893,,,,52,52,table,False,False,,False,0,False,True,100,True,20,False,https://disclosures-clerk.house.gov/public_disc/ptr-pdfs/2025/20033446.pdf,,,SP,WSFS Financial Corporation - Common Stock (WSFS) [ST],WSFS Financial Corporation - Common Stock (WSFS) [ST],P,10/30/2025,11/01/2025,"$1,001 - $15,000",Filing Status: New Subholding Of: Charles Schwab 401K > Schwab 893,"SP WSFS Financial Corporation - Common Stock (WSFS) [ST] P 10/30/2025 11/01/2025 $1,001 - $15,000 Filing Status: New Subholding Of: Charles Schwab 401K > Schwab 893",,,False,100,WSFS,accepted,house_ptr_structure+v8_1,False,False,False,10/30/2025,False,,valid_range
20033446,Hon. Lisa McClain,Member,MI09,20033446.pdf,2025,469,SP,WSFS Financial Corporation - Common Stock,WSFS Financial Corporation - Common Stock,WSFS,WSFS,ST,S,2025-10-30,2025-11-01,1001.0,15000.0,,"$1,001 - $15,000",valid_range,New,Charles Schwab Brokerage Account 924,,,,52,53,table,False,False,,True,0,False,False,98,True,20,False,https://disclosures-clerk.house.gov/public_disc/ptr-pdfs/2025/20033446.pdf,,,SP,WSFS Financial Corporation - Common Stock (WSFS) [ST],WSFS Financial Corporation - Common Stock (WSFS) [ST],S,10/30/2025,11/01/2025,"$1,001 - $15,000",Filing Status: New Subholding Of: Charles Schwab Brokerage Account 924,"SP WSFS Financial Corporation - Common Stock (WSFS) [ST] S 10/30/2025 11/01/2025 $1,001 - $15,000 Filing Status: New Subholding Of: Charles Schwab Brokerage Account 924",,,False,98,WSFS,accepted,house_ptr_structure+v8_1,False,False,False,10/30/2025,False,,valid_range
20033446,Hon. Lisa McClain,Member,MI09,20033446.pdf,2025,470,SP,WSFS Financial Corporation - Common Stock,WSFS Financial Corporation - Common Stock,WSFS,WSFS,ST,S,2025-10-31,2025-11-01,1001.0,15000.0,,"$1,001 - $15,000",valid_range,New,Charles Schwab 401K > Schwab 893,,,,53,53,table,False,False,,False,0,False,True,100,True,20,False,https://disclosures-clerk.house.gov/public_disc/ptr-pdfs/2025/20033446.pdf,,,SP,WSFS Financial Corporation - Common Stock (WSFS) [ST],WSFS Financial Corporation - Common Stock (WSFS) [ST],S,10/31/2025,11/01/2025,"$1,001 - $15,000",Filing Status: New Subholding Of: Charles Schwab 401K > Schwab 893,"SP WSFS Financial Corporation - Common Stock (WSFS) [ST] S 10/31/2025 11/01/2025 $1,001 - $15,000 Filing Status: New Subholding Of: Charles Schwab 401K > Schwab 893",,,False,100,WSFS,accepted,house_ptr_structure+v8_1,False,False,False,10/31/2025,False,,valid_range
20033446,Hon. Lisa McClain,Member,MI09,20033446.pdf,2025,471,SP,"Wynn Resorts, Limited - Common Stock","Wynn Resorts, Limited - Common Stock",WYNN,WYNN,ST,S,2025-10-31,2025-11-01,1001.0,15000.0,,"$1,001 - $15,000",valid_range,New,Charles Schwab 401K > Schwab 893,,,,53,53,table,False,False,,False,0,False,False,100,True,20,False,https://disclosures-clerk.house.gov/public_disc/ptr-pdfs/2025/20033446.pdf,,,SP,"Wynn Resorts, Limited - Common Stock (WYNN) [ST] Filing Status: New Subholding Of: Charles Schwab 401K >","Wynn Resorts, Limited - Common Stock (WYNN) [ST]",S Schwab 893,10/31/2025,11/01/2025,"$1,001 - $15,000",,"SP Wynn Resorts, Limited - Common Stock (WYNN) [ST] S 10/31/2025 11/01/2025 $1,001 - $15,000 Filing Status: New Subholding Of: Charles Schwab 401K > Schwab 893",,,False,100,WYNN,accepted,house_ptr_structure+v8_1,False,False,False,10/31/2025,False,,valid_range
20033446,Hon. Lisa McClain,Member,MI09,20033446.pdf,2025,472,SP,"Wynn Resorts, Limited - Common Stock","Wynn Resorts, Limited - Common Stock",WYNN,WYNN,ST,S,2025-10-30,2025-11-01,1001.0,15000.0,,"$1,001 - $15,000",valid_range,New,Charles Schwab Brokerage Account 924,,,,53,53,table,False,False,,False,0,False,True,100,True,20,False,https://disclosures-clerk.house.gov/public_disc/ptr-pdfs/2025/20033446.pdf,,,SP,"Wynn Resorts, Limited - Common Stock (WYNN) [ST]","Wynn Resorts, Limited - Common Stock (WYNN) [ST]",S,10/30/2025,11/01/2025,"$1,001 - $15,000",Filing Status: New Subholding Of: Charles Schwab Brokerage Account 924,"SP Wynn Resorts, Limited - Common Stock (WYNN) [ST] S 10/30/2025 11/01/2025 $1,001 - $15,000 Filing Status: New Subholding Of: Charles Schwab Brokerage Account 924",,,False,100,WYNN,accepted,house_ptr_structure+v8_1,False,False,False,10/30/2025,False,,valid_range
20033446,Hon. Lisa McClain,Member,MI09,20033446.pdf,2025,473,SP,"Wynn Resorts, Limited - Common Stock","Wynn Resorts, Limited - Common Stock",WYNN,WYNN,ST,P,2025-10-30,2025-11-01,1001.0,15000.0,,"$1,001 - $15,000",valid_range,New,Charles Schwab 401K > Schwab 893,,,,53,53,table,False,False,,False,0,False,False,100,True,20,False,https://disclosures-clerk.house.gov/public_disc/ptr-pdfs/2025/20033446.pdf,,,SP,"Wynn Resorts, Limited - Common Stock (WYNN) [ST] Filing Status: New Subholding Of: Charles Schwab 401K >","Wynn Resorts, Limited - Common Stock (WYNN) [ST]",P Schwab 893,10/30/2025,11/01/2025,"$1,001 - $15,000",,"SP Wynn Resorts, Limited - Common Stock (WYNN) [ST] P 10/30/2025 11/01/2025 $1,001 - $15,000 Filing Status: New Subholding Of: Charles Schwab 401K > Schwab 893",,,False,100,WYNN,accepted,house_ptr_structure+v8_1,False,False,False,10/30/2025,False,,valid_range
